t,lat,lng,distance_m,altitude_m,velocity_ms,heartrate,cadence,watts,temp_c,moving,grade_pct
0,32.941326,-117.15399,1.3,82.6,0.0,83,0,0,,False,-12.0
1,32.941306,-117.153991,3.4,82.4,0.0,83,0,0,,True,-9.5
2,32.941281,-117.154002,6.3,82.0,2.5,82,0,0,,True,-6.7
3,32.941257,-117.154026,9.7,81.8,2.8,83,0,0,,True,-4.4
4,32.941231,-117.154053,13.3,81.8,3.0,84,0,0,,True,0.0
5,32.94121,-117.154078,17.1,81.8,3.16,85,83,0,,True,2.8
6,32.94119,-117.154108,20.7,82.0,3.45,86,83,313,,True,2.8
7,32.941169,-117.154138,24.2,82.2,3.58,87,83,351,,True,4.1
8,32.941136,-117.154146,27.5,82.2,3.56,88,83,356,,True,2.8
9,32.941096,-117.154157,31.6,82.4,3.66,89,83,329,,True,2.8
10,32.941068,-117.154157,35.1,82.4,3.6,88,84,328,,True,2.8
11,32.941036,-117.154152,38.7,82.6,3.61,89,84,329,,True,1.5
12,32.94101,-117.154149,41.8,82.6,3.53,90,84,331,,True,0.0
13,32.940984,-117.154146,45.0,82.6,3.5,91,83,330,,True,-3.1
14,32.940953,-117.154138,48.3,82.4,3.34,92,83,330,,True,-4.6
15,32.940923,-117.154131,51.5,82.2,3.28,93,82,303,,True,-7.6
16,32.940894,-117.154125,54.9,82.0,3.24,94,82,298,,True,-7.8
17,32.940859,-117.15412,58.2,81.6,3.27,95,82,297,,True,-7.8
18,32.940838,-117.154125,61.2,81.4,3.24,97,81,298,,True,-7.6
19,32.94081,-117.154125,64.3,81.2,3.2,98,81,300,,True,-4.5
20,32.940774,-117.154116,68.0,81.0,3.3,99,81,293,,True,-4.4
21,32.940747,-117.154113,71.4,81.0,3.3,100,81,289,,True,-4.4
22,32.940714,-117.154111,74.8,80.8,3.32,102,81,289,,True,-4.4
23,32.940686,-117.154104,77.9,80.6,3.34,103,81,289,,True,-5.7
24,32.940655,-117.1541,81.6,80.4,3.46,104,81,289,,True,-4.2
25,32.94062,-117.154082,85.4,80.2,3.48,106,81,288,,True,-4.0
26,32.940592,-117.154077,89.0,80.2,3.52,107,81,286,,True,-1.4
27,32.94055,-117.154063,92.9,80.0,3.62,108,81,285,,True,1.4
28,32.940528,-117.154059,96.2,80.2,3.66,110,81,284,,True,1.4
29,32.940494,-117.154052,99.6,80.4,3.6,111,81,285,,True,3.0
30,32.940463,-117.154052,103.1,80.4,3.54,112,86,283,,True,1.5
31,32.940437,-117.154058,106.2,80.4,3.44,113,86,280,,True,0.0
32,32.940402,-117.154068,109.7,80.4,3.36,114,86,279,,True,-1.6
33,32.940378,-117.154079,112.9,80.4,3.34,115,86,282,,True,-3.1
34,32.940356,-117.154093,115.7,80.2,3.22,116,84,281,,True,-3.2
35,32.940322,-117.154102,119.1,80.0,3.2,117,84,281,,True,-4.7
36,32.940298,-117.154108,122.3,80.0,3.22,118,84,275,,True,-4.5
37,32.940267,-117.15411,125.6,79.8,3.18,119,84,275,,True,-4.6
38,32.940235,-117.154111,128.9,79.6,3.2,120,81,276,,True,-6.3
39,32.94021,-117.154119,132.2,79.4,3.3,121,80,274,,True,-6.2
40,32.940184,-117.154118,134.9,79.2,3.16,122,80,276,,True,-6.3
41,32.94015,-117.15411,138.4,79.0,3.22,122,80,273,,True,-6.5
42,32.940124,-117.154111,141.6,78.8,3.2,123,81,265,,True,-6.4
43,32.940097,-117.154107,144.6,78.6,3.14,124,81,265,,True,-7.0
44,32.940072,-117.154106,147.4,78.4,3.04,125,81,264,,True,-7.0
45,32.940052,-117.154112,149.8,78.2,2.98,126,80,260,,True,-8.8
46,32.940018,-117.154116,153.1,78.0,2.94,126,80,254,,True,-10.3
47,32.939993,-117.154114,156.0,77.6,2.88,127,80,246,,True,-12.2
48,32.939967,-117.154116,159.1,77.2,2.9,127,80,240,,True,-13.7
49,32.939928,-117.154112,162.9,76.6,3.1,128,80,235,,True,-12.6
50,32.939905,-117.154114,166.2,76.2,3.28,128,81,231,,True,-12.5
51,32.939882,-117.154115,168.7,76.0,3.12,129,81,230,,True,-10.4
52,32.93985,-117.154111,171.9,75.6,3.18,129,82,228,,True,-9.1
53,32.93983,-117.154111,174.4,75.4,3.06,130,82,222,,True,-8.8
54,32.939802,-117.154114,177.2,75.2,2.86,130,81,220,,True,-7.5
55,32.939775,-117.154113,180.1,75.0,2.78,130,81,220,,True,-7.0
56,32.939775,-117.154113,182.5,74.8,2.76,131,82,219,,True,-4.0
57,32.939753,-117.154111,182.5,74.8,2.12,131,82,219,,False,-3.3
58,32.939718,-117.154099,185.9,74.6,2.3,131,82,219,,True,-1.5
59,32.939675,-117.154059,192.2,74.6,3.0,131,82,218,,True,-1.2
60,32.939651,-117.154027,195.8,74.6,3.14,130,82,222,,True,0.0
61,32.939637,-117.154006,199.0,74.6,3.3,131,82,223,,True,0.0
62,32.939621,-117.153976,202.3,74.6,3.96,131,82,229,,True,-1.9
63,32.939621,-117.153976,202.3,74.6,3.28,131,82,234,,False,-3.0
64,32.939604,-117.153935,206.2,74.4,2.8,131,81,234,,True,-3.2
65,32.93959,-117.153914,212.3,74.2,3.3,131,81,240,,True,-3.9
66,32.939562,-117.15386,214.8,74.2,3.16,131,82,241,,True,-2.7
67,32.939547,-117.153839,217.6,74.0,3.06,132,82,243,,True,0.0
68,32.939526,-117.153804,221.1,74.0,3.76,132,82,244,,True,0.0
69,32.939512,-117.153779,224.3,74.2,3.62,132,82,248,,True,1.6
70,32.939491,-117.153758,227.3,74.2,3.0,133,82,253,,True,0.0
71,32.939471,-117.153729,230.4,74.2,3.12,133,82,256,,True,-1.7
72,32.939454,-117.153712,233.1,74.0,3.1,133,81,257,,True,-3.5
73,32.939437,-117.153694,235.8,74.0,2.94,134,81,260,,True,-3.7
74,32.939415,-117.153678,238.8,73.8,2.9,134,81,261,,True,-1.8
75,32.939397,-117.153664,241.3,73.8,2.8,134,81,261,,True,-1.8
76,32.93937,-117.153657,244.1,73.8,2.73,135,81,264,,True,-1.9
77,32.939343,-117.15365,246.8,73.8,2.74,135,82,264,,True,-3.5
78,32.93932,-117.153649,249.4,73.6,2.72,135,80,264,,True,-5.2
79,32.939287,-117.153659,252.7,73.4,2.78,135,80,265,,True,-6.7
80,32.939268,-117.153683,255.7,73.2,2.88,135,80,264,,True,-6.4
81,32.939249,-117.153706,258.7,73.0,2.93,136,80,261,,True,-6.5
82,32.939231,-117.153731,261.9,72.8,3.01,136,80,262,,True,-4.8
83,32.939213,-117.153757,265.0,72.6,3.12,136,81,262,,True,-3.1
84,32.939193,-117.153782,268.2,72.6,3.1,137,81,261,,True,-1.6
85,32.939172,-117.153809,271.4,72.6,3.14,137,82,261,,True,0.0
86,32.939156,-117.153831,274.2,72.6,3.1,137,82,260,,True,0.0
87,32.939133,-117.153856,277.5,72.6,3.13,137,82,261,,True,0.0
88,32.939111,-117.153881,280.8,72.6,3.16,137,82,262,,True,-1.5
89,32.939097,-117.153905,283.9,72.6,3.14,136,81,262,,True,-1.6
90,32.939078,-117.153935,287.3,72.4,3.18,136,81,262,,True,-3.3
91,32.939068,-117.153965,290.4,72.4,3.24,136,81,262,,True,-3.2
92,32.939061,-117.153991,293.1,72.2,3.12,136,81,263,,True,-1.7
93,32.939044,-117.154025,296.4,72.2,3.12,136,81,263,,True,-1.7
94,32.93903,-117.15405,299.2,72.2,3.06,136,81,263,,True,-1.7
95,32.93902,-117.154075,302.0,72.2,2.94,137,81,263,,True,-1.7
96,32.939015,-117.154107,305.0,72.0,2.91,137,82,263,,True,-1.7
97,32.939011,-117.154138,307.9,72.0,2.96,137,82,261,,True,-1.7
98,32.939007,-117.15417,310.9,72.0,2.9,137,82,262,,True,-1.7
99,32.939006,-117.154207,313.9,72.0,2.94,137,82,263,,True,-1.6
100,32.939007,-117.154234,316.6,71.8,2.92,137,82,261,,True,-1.6
101,32.939005,-117.154271,320.2,71.8,3.05,138,81,262,,True,-3.2
102,32.938997,-117.154302,323.3,71.8,3.07,138,81,263,,True,-1.5
103,32.938988,-117.154333,326.3,71.6,3.08,138,81,263,,True,-1.6
104,32.93898,-117.154368,329.6,71.6,3.14,138,81,263,,True,-1.7
105,32.938975,-117.154401,332.6,71.6,3.2,138,80,264,,True,-1.7
106,32.938973,-117.154426,335.3,71.6,3.02,138,80,264,,True,-1.7
107,32.938972,-117.154464,338.4,71.4,3.03,138,80,264,,True,-3.4
108,32.938971,-117.154493,341.2,71.4,2.98,139,81,262,,True,-5.0
109,32.938962,-117.154524,344.3,71.2,2.93,139,81,261,,True,-3.4
110,32.938953,-117.154555,347.3,71.0,2.94,139,80,259,,True,-3.3
111,32.938945,-117.154584,350.1,71.0,2.96,139,80,259,,True,-1.6
112,32.938939,-117.154613,353.5,71.0,3.02,139,80,260,,True,0.0
113,32.938932,-117.154654,356.9,71.0,3.14,139,80,260,,True,-1.6
114,32.938926,-117.154681,359.7,71.0,3.09,139,81,260,,True,-3.1
115,32.938917,-117.154711,362.9,70.8,3.12,140,81,260,,True,-3.2
116,32.938903,-117.154748,366.3,70.6,3.24,140,81,260,,True,-4.7
117,32.9389,-117.154781,369.4,70.6,3.17,140,81,259,,True,-3.1
118,32.938897,-117.154814,372.4,70.4,3.1,140,81,259,,True,-3.2
119,32.938892,-117.154851,375.8,70.4,3.22,140,81,260,,True,-3.2
120,32.938887,-117.154883,378.8,70.2,3.19,141,80,259,,True,-1.6
121,32.938882,-117.154914,381.9,70.2,3.12,141,81,259,,True,0.0
122,32.938865,-117.154934,384.6,70.2,3.04,142,81,260,,True,1.8
123,32.938848,-117.154953,387.2,70.4,2.96,142,82,261,,True,3.6
124,32.938829,-117.154982,390.2,70.4,2.88,142,82,263,,True,1.8
125,32.938819,-117.155004,393.0,70.6,2.83,142,81,264,,True,-1.7
126,32.93881,-117.155037,396.0,70.4,2.81,142,81,266,,True,-3.5
127,32.9388,-117.155069,398.9,70.2,2.87,142,80,265,,True,-8.2
128,32.9388,-117.155069,401.6,70.0,2.88,142,80,261,,True,-9.7
129,32.938796,-117.155095,405.2,69.6,3.0,141,81,255,,True,-11.6
130,32.938786,-117.155133,408.3,69.2,3.06,141,81,253,,True,-14.1
131,32.938792,-117.155166,411.0,68.8,3.01,141,81,248,,True,-11.2
132,32.938797,-117.155195,412.9,68.4,2.805,141,83,242,,True,-9.5
133,32.938816,-117.155265,417.7,68.2,3.22,141,82,238,,True,-6.1
134,32.938803,-117.155296,420.9,68.0,3.15,141,82,237,,True,-2.7
135,32.93879,-117.155326,424.2,68.0,3.18,141,82,239,,True,-1.5
136,32.938774,-117.155353,427.5,68.0,3.3,141,83,239,,True,0.0
137,32.938753,-117.155388,431.1,68.0,3.635,142,83,241,,True,0.0
138,32.938735,-117.155409,434.3,68.0,3.32,142,83,243,,True,0.0
139,32.938716,-117.155432,437.3,68.0,3.27,142,83,247,,True,0.0
140,32.938693,-117.155461,440.7,68.0,3.3,142,83,249,,True,0.0
141,32.938682,-117.15549,443.9,68.0,3.28,142,82,251,,True,0.0
142,32.938667,-117.155516,447.0,68.0,3.18,143,82,254,,True,0.0
143,32.938647,-117.155549,450.6,68.0,3.26,143,82,256,,True,0.0
144,32.938642,-117.155576,453.4,68.0,3.22,143,82,258,,True,0.0
145,32.938627,-117.155603,456.3,68.0,3.12,143,82,259,,True,-1.8
146,32.938605,-117.155616,459.0,68.0,3.02,143,81,260,,True,-1.4
147,32.938605,-117.155616,459.0,68.0,2.4,143,81,262,,False,-1.7
148,32.938584,-117.155628,461.5,67.8,2.18,144,81,262,,True,-5.3
149,32.938523,-117.155638,467.9,67.8,2.9,144,81,259,,True,-5.3
150,32.938523,-117.155638,467.9,67.4,2.32,144,81,259,,False,-6.4
151,32.938502,-117.155652,474.0,67.2,3.0,144,81,258,,True,-9.9
152,32.938457,-117.155701,477.2,66.8,3.64,144,80,257,,True,-6.4
153,32.938441,-117.155724,480.0,66.6,3.7,144,80,256,,True,-6.3
154,32.938412,-117.15575,483.6,66.4,3.14,144,80,257,,True,-4.9
155,32.938398,-117.155772,486.6,66.4,3.74,144,80,254,,True,-3.1
156,32.938383,-117.155802,489.5,66.2,3.1,144,81,255,,True,-3.2
157,32.938362,-117.155832,493.1,66.2,3.18,144,81,254,,True,-4.8
158,32.938352,-117.155858,496.0,66.0,3.2,144,82,252,,True,-5.1
159,32.938352,-117.155858,499.2,65.8,3.12,144,82,250,,True,-10.9
160,32.93834,-117.155893,499.2,65.8,2.52,144,82,249,,False,-8.6
161,32.938331,-117.155914,501.3,65.6,2.36,144,82,251,,True,-5.6
166,32.938323,-117.155937,502.3,65.2,0.517,145,0,0,,False,-5.4
167,32.938323,-117.155937,502.3,65.2,0.167,144,0,0,,False,-3.1
168,32.938306,-117.155961,504.7,65.2,0.486,145,0,0,,True,0.0
169,32.938287,-117.155978,510.4,65.2,1.137,146,0,0,,True,-1.3
170,32.938232,-117.156011,514.0,65.2,1.411,145,0,0,,True,-1.2
171,32.938201,-117.156025,517.8,65.0,3.1,145,0,0,,True,-2.7
172,32.938171,-117.156039,521.5,65.0,3.84,145,79,280,,True,-3.0
173,32.938171,-117.156039,525.0,64.8,4.06,145,81,293,,True,-1.5
174,32.938143,-117.156052,527.1,64.8,3.346,145,81,291,,True,-1.6
175,32.938093,-117.156078,531.0,64.8,3.4,145,81,289,,True,-1.6
176,32.938068,-117.156097,534.3,64.8,3.3,146,81,268,,True,-3.0
177,32.938041,-117.156107,537.3,64.6,3.17,146,82,263,,True,-4.9
178,32.938013,-117.156116,540.4,64.4,3.08,146,82,267,,True,-5.0
179,32.937989,-117.156118,543.3,64.2,3.244,146,82,264,,True,-3.1
180,32.937965,-117.15612,546.3,64.2,3.06,145,82,250,,True,-1.6
181,32.937925,-117.156119,550.2,64.2,3.18,145,81,248,,True,0.0
182,32.937898,-117.156131,553.3,64.2,3.18,144,81,247,,True,0.0
183,32.93787,-117.156142,556.3,64.2,3.18,144,81,259,,True,0.0
184,32.937843,-117.156161,559.7,64.2,3.27,144,81,269,,True,-1.6
185,32.937826,-117.156182,562.7,64.2,3.28,143,81,270,,True,-1.6
186,32.937819,-117.156217,565.9,64.0,3.14,143,81,269,,True,-1.6
187,32.937812,-117.156252,569.1,64.0,3.17,143,81,263,,True,-1.5
188,32.937804,-117.156285,572.3,64.0,3.2,143,82,266,,True,0.0
189,32.9378,-117.156325,575.7,64.0,3.2,142,82,268,,True,1.5
190,32.937795,-117.156353,578.8,64.0,3.22,142,83,267,,True,1.5
191,32.937784,-117.15639,582.6,64.2,3.34,142,83,271,,True,1.5
192,32.937771,-117.156421,585.8,64.2,3.34,142,82,276,,True,1.5
193,32.937759,-117.156451,589.0,64.2,3.34,143,82,281,,True,-1.6
194,32.937745,-117.156485,592.2,64.2,3.3,143,82,282,,True,-3.2
195,32.937735,-117.156513,595.2,64.0,3.28,143,82,283,,True,-3.2
196,32.937725,-117.156541,598.2,63.8,3.12,143,81,282,,True,-3.1
197,32.937716,-117.156582,601.6,63.8,3.16,144,81,281,,True,-1.5
198,32.937706,-117.156613,605.0,63.8,3.19,144,81,281,,True,0.0
199,32.937696,-117.156643,608.3,63.8,3.22,144,81,281,,True,0.0
200,32.937689,-117.156676,611.4,63.8,3.25,144,81,282,,True,0.0
201,32.937681,-117.156708,614.6,63.8,3.28,144,82,288,,True,-1.6
202,32.937668,-117.156742,618.1,63.8,3.3,144,82,289,,True,-3.3
203,32.937655,-117.15677,621.1,63.6,3.23,143,82,293,,True,-3.3
204,32.937652,-117.156795,623.5,63.4,3.04,142,82,289,,True,-5.1
205,32.937642,-117.156834,626.8,63.4,3.07,141,82,286,,True,-3.4
206,32.937642,-117.156834,626.8,63.2,2.44,140,82,286,,False,-1.2
207,32.937625,-117.156859,629.8,63.2,2.34,139,82,282,,True,-1.6
208,32.937612,-117.156888,633.0,63.2,2.38,139,82,280,,True,0.0
209,32.937565,-117.156934,639.6,63.2,3.22,139,81,280,,True,0.0
210,32.937546,-117.156959,642.7,63.2,3.18,138,81,281,,True,0.0
211,32.937526,-117.156984,645.8,63.2,3.8,138,82,283,,True,0.0
212,32.937514,-117.157007,648.7,63.2,3.78,138,82,283,,True,-1.6
213,32.937503,-117.157044,651.9,63.2,3.78,138,82,283,,True,-1.6
214,32.937489,-117.157073,655.2,63.0,3.12,138,82,281,,True,-3.1
215,32.937479,-117.157101,658.3,63.0,3.12,138,82,281,,True,-3.1
216,32.937467,-117.15714,661.6,62.8,3.16,138,82,279,,True,-1.6
217,32.937453,-117.157165,664.6,62.8,3.18,138,82,277,,True,-1.5
218,32.93744,-117.157194,667.9,62.8,3.2,137,82,277,,True,0.0
219,32.937426,-117.157226,671.3,62.8,3.22,138,82,277,,True,-1.5
220,32.937411,-117.157258,674.7,62.8,3.28,138,82,277,,True,-1.5
221,32.937397,-117.157294,678.2,62.6,3.32,137,82,279,,True,-3.0
222,32.937385,-117.157323,681.4,62.6,3.36,137,82,279,,True,-4.5
223,32.937372,-117.157352,684.6,62.4,3.34,137,82,279,,True,-3.1
224,32.93736,-117.15739,687.9,62.2,3.32,138,82,279,,True,-4.7
225,32.937348,-117.157418,691.0,62.2,3.26,138,82,278,,True,-3.0
226,32.937338,-117.157449,694.3,62.0,3.22,138,83,277,,True,0.0
227,32.937321,-117.157487,698.0,62.0,3.32,137,83,278,,True,0.0
228,32.93731,-117.157512,700.6,62.2,3.2,138,83,277,,True,1.5
229,32.937294,-117.157546,704.2,62.2,3.26,138,83,278,,True,0.0
230,32.937294,-117.157546,707.3,62.2,3.26,137,82,281,,True,-1.6
231,32.937277,-117.157571,709.3,62.0,3.001,138,82,281,,True,-1.6
232,32.937255,-117.157633,713.5,62.0,3.1,138,81,281,,True,-1.7
233,32.937238,-117.157658,716.6,62.0,3.2,138,81,281,,True,0.0
234,32.937229,-117.157683,719.3,62.0,3.02,138,82,283,,True,1.7
235,32.937209,-117.157712,722.4,62.0,3.02,138,82,285,,True,3.4
236,32.9372,-117.157732,725.0,62.2,3.139,138,82,286,,True,3.3
237,32.937181,-117.157761,728.2,62.4,2.94,138,82,287,,True,3.3
238,32.937163,-117.15779,731.4,62.4,2.96,138,82,287,,True,1.6
239,32.937147,-117.157816,734.3,62.4,3.01,138,82,287,,True,0.0
240,32.937132,-117.157841,737.3,62.4,2.98,139,82,288,,True,0.0
241,32.937123,-117.157865,740.0,62.4,3.0,139,82,289,,True,0.0
242,32.937107,-117.157896,743.1,62.4,2.98,139,83,288,,True,0.0
243,32.937091,-117.157921,746.1,62.4,2.94,139,83,290,,True,0.0
244,32.937076,-117.157945,748.9,62.4,2.91,138,83,289,,True,0.0
245,32.937063,-117.157978,752.1,62.4,2.96,139,83,289,,True,0.0
246,32.937056,-117.158,754.5,62.4,2.9,139,83,289,,True,0.0
247,32.937047,-117.158024,757.0,62.4,2.78,138,83,290,,True,1.9
248,32.937035,-117.158058,760.0,62.4,2.78,139,83,289,,True,3.5
249,32.937034,-117.158086,762.7,62.6,2.76,139,83,288,,True,3.2
250,32.937023,-117.15812,766.0,62.8,2.78,139,82,290,,True,2.6
251,32.937023,-117.15812,766.0,62.8,2.3,139,82,292,,False,1.6
252,32.936997,-117.158144,769.5,62.8,2.5,139,82,294,,True,0.0
253,32.936959,-117.158197,775.6,62.8,3.12,139,81,295,,True,0.0
254,32.936938,-117.158191,778.0,62.8,3.06,140,81,295,,True,0.0
255,32.936911,-117.158183,781.0,62.8,3.0,140,81,296,,True,-1.7
256,32.936885,-117.158175,784.0,62.8,3.6,140,82,294,,True,-1.5
257,32.93686,-117.158164,787.4,62.6,3.58,140,82,293,,True,-1.4
258,32.936832,-117.158149,791.0,62.6,3.08,140,82,291,,True,-1.4
259,32.936796,-117.158125,795.0,62.6,3.4,140,81,292,,True,0.0
260,32.936776,-117.158107,798.4,62.6,3.48,141,81,293,,True,0.0
261,32.936748,-117.158092,801.7,62.6,3.54,140,81,295,,True,0.0
262,32.936717,-117.158079,804.8,62.6,3.48,141,81,297,,True,-1.6
263,32.936689,-117.158077,807.8,62.6,3.37,141,81,294,,True,-5.0
264,32.936661,-117.158074,810.9,62.4,3.18,141,80,293,,True,-5.5
265,32.936661,-117.158074,810.9,62.2,2.5,140,80,289,,False,-4.6
266,32.936639,-117.158094,813.8,62.0,2.42,141,81,281,,True,-3.1
267,32.936629,-117.15811,815.7,62.0,2.18,141,82,279,,True,-1.6
268,32.936609,-117.158165,820.8,62.0,2.59,141,82,279,,True,0.0
269,32.936602,-117.15819,823.6,62.0,2.54,141,82,281,,True,0.0
270,32.936592,-117.158226,826.7,62.0,3.16,140,81,281,,True,0.0
271,32.936581,-117.158254,829.5,62.0,3.14,141,81,280,,True,1.7
272,32.93657,-117.158279,832.7,62.0,3.4,141,81,279,,True,1.7
273,32.93656,-117.158312,835.6,62.2,2.96,141,81,279,,True,3.6
274,32.936547,-117.158333,838.2,62.2,2.91,141,81,280,,True,3.5
275,32.936533,-117.158354,840.7,62.4,2.8,141,80,279,,True,1.8
276,32.936521,-117.15839,844.0,62.4,2.9,141,80,278,,True,1.7
277,32.936514,-117.158412,846.5,62.4,2.76,141,80,277,,True,0.0
278,32.936514,-117.158412,849.8,62.4,2.84,141,80,276,,True,0.0
279,32.936498,-117.158443,852.4,62.4,2.85,141,81,275,,True,0.0
280,32.936484,-117.158493,854.8,62.4,2.82,142,81,275,,True,1.9
281,32.936476,-117.158529,857.8,62.4,2.76,142,81,274,,True,1.5
282,32.936476,-117.158529,857.8,62.4,2.26,142,82,274,,False,1.8
283,32.936471,-117.158552,860.4,62.6,2.12,143,82,274,,True,1.9
284,32.936474,-117.158617,866.1,62.6,2.74,143,82,273,,True,1.4
285,32.93647,-117.158643,868.6,62.6,2.76,143,81,272,,True,-1.4
286,32.936465,-117.158675,872.0,62.6,2.84,143,81,271,,True,-1.7
287,32.936454,-117.158708,875.1,62.4,3.46,144,80,270,,True,-3.4
288,32.936442,-117.158733,877.7,62.4,3.46,144,80,271,,True,-1.7
289,32.93643,-117.158757,880.3,62.2,2.84,144,80,272,,True,0.0
290,32.936408,-117.15878,883.7,62.4,3.02,143,81,274,,True,0.0
291,32.936389,-117.158799,886.5,62.4,2.9,144,81,272,,True,0.0
292,32.936386,-117.158833,889.2,62.4,2.82,144,81,272,,True,-1.7
293,32.936386,-117.158833,889.2,62.4,2.3,143,81,271,,False,-1.7
294,32.936383,-117.158869,892.3,62.2,2.4,143,81,270,,True,-3.3
295,32.936379,-117.158896,895.2,62.2,2.3,143,81,268,,True,-3.3
296,32.936374,-117.158935,898.5,62.2,2.4,144,82,268,,True,0.0
297,32.93637,-117.158962,901.3,62.0,2.42,143,82,268,,True,0.0
298,32.936365,-117.158994,904.4,62.2,3.04,143,82,267,,True,0.0
299,32.936348,-117.159057,910.8,62.2,3.7,144,82,267,,True,1.3
300,32.936337,-117.159088,913.9,62.2,3.74,143,82,268,,True,-1.3
301,32.936323,-117.15912,917.0,62.2,3.7,143,81,268,,True,-1.6
302,32.936314,-117.159148,920.1,62.0,3.76,144,81,269,,True,-3.2
303,32.936305,-117.159182,923.4,62.0,3.8,144,81,269,,True,-3.3
304,32.936294,-117.159213,926.4,61.8,3.12,144,81,268,,True,-3.3
305,32.936289,-117.159237,929.3,61.8,3.08,144,81,268,,True,-3.5
306,32.936274,-117.159266,932.1,61.6,3.02,144,82,267,,True,-1.8
307,32.936262,-117.15929,934.7,61.6,2.92,144,82,266,,True,-1.9
308,32.936251,-117.159313,937.3,61.6,2.78,144,81,265,,True,0.0
309,32.936235,-117.15934,940.0,61.6,2.72,144,81,264,,True,0.0
310,32.936226,-117.15936,942.2,61.6,2.58,144,81,262,,True,-2.0
311,32.936218,-117.159389,944.8,61.6,2.54,144,81,262,,True,-4.0
312,32.93622,-117.159417,947.4,61.4,2.54,144,81,263,,True,-5.7
313,32.936221,-117.159445,950.0,61.2,2.54,144,81,261,,True,-5.6
314,32.936226,-117.159475,952.8,61.0,2.55,144,81,258,,True,-3.5
315,32.936231,-117.159505,955.5,61.0,2.66,143,81,256,,True,-1.7
316,32.936238,-117.159539,958.7,61.0,2.78,144,81,256,,True,3.5
317,32.936244,-117.15957,961.7,61.0,2.86,144,81,256,,True,4.1
318,32.936244,-117.15957,961.7,61.2,2.34,143,82,253,,False,5.2
319,32.936247,-117.159595,964.3,61.4,2.31,144,82,254,,True,5.0
320,32.936244,-117.159662,970.3,61.6,2.96,144,82,254,,True,4.0
321,32.936245,-117.159698,973.8,61.6,3.02,143,82,255,,True,2.6
322,32.936245,-117.159734,976.8,61.8,3.02,144,83,256,,True,0.0
323,32.936242,-117.159761,979.8,61.8,3.62,144,83,257,,True,0.0
324,32.936242,-117.159761,983.0,61.6,3.74,143,83,257,,True,-1.7
325,32.936229,-117.159792,984.9,61.6,2.928,143,83,257,,True,-3.4
326,32.936188,-117.15983,988.4,61.6,2.92,144,83,258,,True,-1.8
327,32.936169,-117.159854,991.4,61.4,2.92,144,83,258,,True,-1.6
328,32.936149,-117.159877,994.4,61.4,2.92,144,83,258,,True,-1.6
329,32.936133,-117.159907,997.5,61.4,2.9,143,83,259,,True,0.0
330,32.936117,-117.159936,1000.6,61.4,3.132,143,82,260,,True,-1.6
331,32.936107,-117.15996,1003.6,61.4,3.04,144,82,258,,True,-1.6
332,32.936093,-117.159996,1006.8,61.2,3.08,144,82,257,,True,-3.1
333,32.936083,-117.160025,1010.0,61.2,3.12,144,82,257,,True,-3.1
334,32.936073,-117.160055,1013.3,61.0,3.16,143,82,259,,True,0.0
335,32.936053,-117.160088,1016.5,61.0,3.18,144,82,260,,True,0.0
336,32.936053,-117.160088,1016.5,61.2,2.58,144,82,260,,False,1.6
337,32.936042,-117.160114,1022.9,61.2,3.22,143,83,260,,True,0.0
338,32.936015,-117.160179,1026.2,61.2,3.24,143,82,261,,True,-1.3
339,32.936009,-117.160206,1029.0,61.0,3.14,143,82,262,,True,-1.6
340,32.935998,-117.160242,1032.5,61.0,3.2,144,82,262,,True,-3.2
341,32.93599,-117.160273,1035.6,61.0,3.82,143,82,263,,True,-1.6
342,32.935976,-117.160302,1038.7,60.8,3.16,144,82,262,,True,-1.7
343,32.935962,-117.160331,1041.8,60.8,3.12,144,83,263,,True,-1.7
344,32.935953,-117.160355,1044.3,60.8,3.06,144,83,263,,True,0.0
345,32.935941,-117.160383,1047.3,60.8,2.96,144,82,264,,True,-1.7
346,32.93593,-117.160421,1050.7,60.8,3.02,145,82,263,,True,-1.6
347,32.935923,-117.160449,1053.8,60.6,3.02,145,82,262,,True,-1.3
348,32.935923,-117.160449,1053.8,60.6,2.4,145,82,262,,False,-1.6
349,32.935915,-117.160486,1057.0,60.6,2.54,145,82,263,,True,1.6
350,32.935899,-117.160544,1063.1,60.6,3.16,146,82,264,,True,1.3
351,32.935887,-117.160575,1066.2,60.8,3.1,146,82,265,,True,1.4
352,32.935879,-117.1606,1068.9,60.8,3.01,146,82,265,,True,0.0
353,32.935871,-117.160626,1071.5,60.8,3.54,146,82,264,,True,-1.6
354,32.935865,-117.160648,1073.7,60.6,3.34,146,82,263,,True,-1.6
355,32.935862,-117.160673,1075.9,60.6,2.56,146,82,263,,True,0.0
356,32.935855,-117.160706,1078.7,60.6,2.5,147,82,262,,True,1.9
357,32.935843,-117.160733,1081.4,60.6,2.52,147,82,262,,True,1.7
358,32.935832,-117.160761,1084.2,60.8,2.54,147,82,261,,True,0.0
359,32.935817,-117.160792,1087.4,60.8,2.74,147,82,262,,True,0.0
360,32.935804,-117.160821,1090.5,60.6,2.92,147,82,262,,True,-1.6
361,32.935791,-117.160849,1093.6,60.6,2.98,147,82,262,,True,-1.6
362,32.935785,-117.160881,1096.8,60.6,3.07,147,83,261,,True,0.0
363,32.935776,-117.160911,1100.0,60.6,3.16,147,83,261,,True,0.0
364,32.935763,-117.160944,1103.1,60.6,3.14,147,83,262,,True,-1.6
365,32.935751,-117.160968,1106.0,60.6,3.1,148,83,262,,True,-1.7
366,32.935739,-117.160996,1109.2,60.4,3.12,147,82,262,,True,-1.7
367,32.935744,-117.161028,1111.9,60.4,3.02,147,82,263,,True,-1.8
368,32.935743,-117.161056,1114.7,60.4,2.94,147,82,263,,True,0.0
369,32.935748,-117.161089,1117.3,60.4,2.84,148,82,263,,True,0.0
370,32.935745,-117.161121,1120.3,60.4,2.86,147,82,263,,True,1.4
371,32.935745,-117.161121,1120.3,60.4,2.22,147,82,263,,False,1.7
372,32.935738,-117.16115,1123.0,60.4,2.22,148,82,263,,True,1.8
373,32.935708,-117.1612,1128.9,60.6,2.84,147,82,263,,True,0.0
374,32.935692,-117.161225,1131.7,60.6,2.88,147,83,262,,True,0.0
375,32.935672,-117.161256,1135.2,60.4,2.98,147,83,262,,True,-1.6
376,32.93566,-117.161281,1138.1,60.4,3.56,148,83,262,,True,-3.1
377,32.935638,-117.161312,1141.5,60.4,3.7,147,83,262,,True,-1.6
378,32.935625,-117.161338,1144.7,60.2,3.16,147,82,263,,True,0.0
379,32.935611,-117.161364,1147.7,60.2,3.2,147,82,264,,True,-1.6
380,32.93559,-117.161395,1151.0,60.4,3.16,147,82,266,,True,0.0
381,32.935578,-117.161419,1154.3,60.2,3.24,147,82,267,,True,0.0
382,32.935558,-117.161444,1157.3,60.2,3.16,147,82,268,,True,-3.3
383,32.935538,-117.161469,1160.3,60.2,3.12,147,82,267,,True,-1.7
384,32.935528,-117.161501,1163.3,60.0,3.12,147,82,266,,True,0.0
385,32.935517,-117.161533,1166.3,60.0,3.06,147,82,266,,True,0.0
386,32.935509,-117.161562,1169.3,60.2,3.0,147,82,265,,True,0.0
387,32.9355,-117.1616,1173.1,60.2,3.15,147,82,266,,True,0.0
388,32.935491,-117.161638,1176.8,60.0,3.3,147,82,266,,True,-1.4
389,32.935482,-117.161667,1179.8,60.0,3.3,147,82,265,,True,-1.5
390,32.935475,-117.161708,1183.4,60.0,3.42,147,83,266,,True,-1.5
391,32.935467,-117.16174,1186.8,60.0,3.49,147,83,265,,True,0.0
392,32.935459,-117.161772,1190.1,59.8,3.41,147,84,267,,True,0.0
393,32.93545,-117.161807,1193.4,60.0,3.32,147,84,269,,True,-1.6
394,32.935447,-117.161833,1196.2,60.0,3.28,147,83,271,,True,0.0
395,32.935438,-117.161873,1199.6,59.8,3.24,148,83,272,,True,0.0
396,32.935429,-117.161904,1202.7,59.8,3.19,147,83,271,,True,0.0
397,32.93542,-117.161935,1205.8,60.0,3.14,147,83,272,,True,3.1
398,32.935408,-117.161969,1209.2,60.0,3.16,148,83,273,,True,3.1
399,32.935403,-117.162,1212.4,60.2,3.24,148,84,273,,True,1.5
400,32.935396,-117.16204,1215.8,60.2,3.24,148,84,273,,True,1.6
401,32.93539,-117.162069,1218.9,60.2,3.24,148,84,273,,True,0.0
402,32.935381,-117.162103,1222.0,60.2,3.25,148,84,274,,True,0.0
403,32.935371,-117.162136,1225.2,60.2,3.2,149,83,277,,True,0.0
404,32.935372,-117.162162,1228.1,60.2,3.14,149,83,278,,True,1.7
405,32.935371,-117.162202,1231.3,60.2,3.1,150,83,278,,True,1.7
406,32.935367,-117.162229,1234.1,60.4,3.04,150,84,279,,True,1.7
407,32.935366,-117.162259,1236.9,60.4,2.97,151,83,278,,True,1.7
408,32.935357,-117.162293,1240.0,60.4,2.96,151,83,279,,True,0.0
409,32.935355,-117.16232,1242.9,60.4,2.96,151,83,279,,True,-1.6
410,32.935345,-117.162357,1246.2,60.4,2.98,151,83,280,,True,-1.6
411,32.93533,-117.162387,1249.4,60.2,3.06,151,82,280,,True,-3.2
412,32.935324,-117.162412,1252.3,60.2,3.08,151,82,281,,True,-3.2
413,32.935315,-117.162451,1255.5,60.0,3.1,151,82,280,,True,-1.6
414,32.935316,-117.16248,1258.6,60.0,3.14,151,83,279,,True,-1.6
415,32.935306,-117.162512,1261.7,60.0,3.09,151,83,279,,True,0.0
416,32.935297,-117.162545,1264.7,60.0,3.06,151,83,280,,True,0.0
417,32.935293,-117.16258,1267.9,60.0,3.11,152,83,280,,True,0.0
418,32.935289,-117.162614,1271.0,60.0,3.1,151,83,279,,True,0.0
419,32.935286,-117.162643,1274.0,60.0,3.08,151,83,279,,True,0.0
420,32.935278,-117.162683,1277.7,60.0,3.21,150,83,280,,True,0.0
421,32.935264,-117.162716,1281.1,60.0,3.28,149,83,280,,True,0.0
422,32.935254,-117.162744,1284.4,60.0,3.31,149,83,281,,True,-1.5
423,32.935232,-117.16278,1288.1,60.0,3.42,149,84,281,,True,-3.0
424,32.935222,-117.162805,1291.1,59.8,3.42,148,84,280,,True,-3.0
425,32.935204,-117.162838,1294.4,59.6,3.34,149,84,282,,True,-3.1
426,32.935185,-117.162867,1297.9,59.6,3.36,149,84,281,,True,-2.9
427,32.935168,-117.162894,1301.2,59.6,3.36,149,84,280,,True,-1.5
428,32.935146,-117.162928,1304.7,59.4,3.32,148,84,280,,True,-1.5
429,32.935136,-117.162953,1307.9,59.4,3.36,149,83,281,,True,-2.0
430,32.935111,-117.162979,1311.3,59.4,3.38,149,83,282,,True,0.0
431,32.935111,-117.162979,1311.3,59.4,2.68,149,84,280,,False,0.0
432,32.935085,-117.163004,1314.9,59.4,2.74,150,84,279,,True,-1.5
433,32.935049,-117.163059,1321.4,59.4,3.34,150,84,281,,True,-1.2
434,32.935036,-117.163085,1324.6,59.2,3.34,150,84,281,,True,-2.5
435,32.935026,-117.163117,1327.3,59.2,3.2,149,83,284,,True,-3.3
436,32.935014,-117.163149,1330.7,59.0,3.88,150,83,284,,True,0.0
437,32.935006,-117.163174,1333.5,59.0,3.72,150,83,283,,True,0.0
438,32.934995,-117.16321,1336.6,59.2,3.04,150,84,280,,True,0.0
439,32.934987,-117.163233,1339.2,59.2,2.92,150,84,279,,True,0.0
440,32.934977,-117.163269,1342.4,59.0,3.02,151,84,279,,True,-1.7
441,32.934964,-117.163296,1345.4,59.0,2.93,150,84,279,,True,-3.3
442,32.934951,-117.163322,1348.3,59.0,2.96,150,84,278,,True,-1.3
443,32.934951,-117.163322,1348.3,58.8,2.34,151,84,277,,False,-1.7
444,32.934939,-117.163356,1351.5,58.8,2.46,150,83,279,,True,-1.6
445,32.934916,-117.16341,1357.3,58.8,2.98,150,83,278,,True,0.0
446,32.9349,-117.163441,1360.6,58.8,3.05,151,83,278,,True,0.0
447,32.934889,-117.163472,1363.5,58.8,3.05,150,83,277,,True,0.0
448,32.934877,-117.163502,1366.5,58.8,3.64,150,83,277,,True,0.0
449,32.934866,-117.163528,1369.5,58.8,3.6,150,83,274,,True,0.0
450,32.934858,-117.163564,1372.9,58.8,3.13,149,83,274,,True,0.0
451,32.93485,-117.1636,1376.4,58.8,3.16,149,83,273,,True,0.0
452,32.934846,-117.163624,1378.9,58.8,3.07,149,83,273,,True,0.0
453,32.934836,-117.163662,1382.4,58.8,3.18,149,83,274,,True,1.4
454,32.934835,-117.163689,1385.1,58.8,3.12,149,83,273,,True,1.7
455,32.934835,-117.163689,1385.1,58.8,2.43,149,83,273,,False,1.8
456,32.934834,-117.163715,1390.9,59.0,2.9,149,83,275,,True,3.3
457,32.934827,-117.163779,1393.7,59.0,2.96,149,83,276,,True,4.1
458,32.934818,-117.16381,1397.2,59.2,2.96,149,83,278,,True,3.5
459,32.93481,-117.163837,1399.8,59.4,2.94,150,83,279,,True,3.3
460,32.934801,-117.163863,1402.4,59.4,3.46,150,83,279,,True,1.5
461,32.934792,-117.1639,1405.7,59.4,2.96,151,83,280,,True,0.0
462,32.934792,-117.1639,1405.7,59.4,2.4,151,83,281,,False,0.0
463,32.934788,-117.163922,1410.6,59.4,2.68,151,82,282,,True,0.0
464,32.934797,-117.163993,1414.0,59.4,2.84,151,82,281,,True,0.0
465,32.934795,-117.16402,1417.2,59.4,2.96,151,82,281,,True,1.6
466,32.93479,-117.164053,1420.3,59.4,2.92,151,82,284,,True,1.8
467,32.93479,-117.164053,1423.3,59.6,3.52,151,82,287,,True,3.6
468,32.934786,-117.164086,1425.2,59.6,2.929,151,82,287,,True,1.8
469,32.934771,-117.164137,1428.4,59.8,2.88,151,82,290,,True,0.0
470,32.934761,-117.164162,1431.2,59.6,2.8,151,82,289,,True,-1.7
471,32.934751,-117.164187,1433.9,59.6,2.72,151,82,289,,True,-5.6
472,32.934739,-117.164223,1436.8,59.4,2.7,151,82,287,,True,-5.5
473,32.934734,-117.164242,1439.1,59.2,2.771,151,82,284,,True,-5.4
474,32.93472,-117.164271,1442.1,59.0,2.74,151,81,285,,True,-3.6
475,32.934704,-117.164302,1445.1,59.0,2.78,152,82,284,,True,-1.7
476,32.934699,-117.164329,1448.0,59.0,2.82,151,82,281,,True,0.0
477,32.934689,-117.164359,1450.9,59.0,2.83,151,82,279,,True,0.0
478,32.934679,-117.164389,1453.9,59.0,2.96,151,83,277,,True,0.0
479,32.934674,-117.164416,1456.7,59.0,2.92,151,83,276,,True,0.0
480,32.934671,-117.164453,1459.8,59.0,2.94,152,83,274,,True,0.0
481,32.934661,-117.164476,1462.2,59.0,2.84,151,83,272,,True,1.7
482,32.934649,-117.164504,1465.3,59.0,2.86,151,83,273,,True,0.0
483,32.934637,-117.164533,1468.3,59.2,2.88,151,84,272,,True,0.0
484,32.934629,-117.164557,1470.9,59.0,2.84,152,83,272,,True,-1.7
485,32.934623,-117.164599,1474.5,59.0,2.94,151,83,271,,True,-3.4
486,32.934624,-117.164628,1477.3,58.8,3.02,151,82,272,,True,-3.3
487,32.934624,-117.164657,1480.1,58.8,2.97,151,81,272,,True,-3.5
488,32.934628,-117.164694,1483.2,58.6,2.98,151,81,271,,True,0.0
489,32.934636,-117.164717,1485.9,58.6,3.0,151,81,270,,True,0.0
490,32.934636,-117.164753,1489.0,58.8,2.9,151,81,270,,True,1.6
491,32.934637,-117.164789,1492.1,58.8,2.96,151,83,267,,True,1.6
492,32.934636,-117.164825,1495.4,58.8,3.06,151,83,266,,True,0.0
493,32.934636,-117.16486,1498.7,58.8,3.1,151,83,266,,True,0.0
494,32.934627,-117.164886,1501.5,58.8,3.12,151,83,266,,True,-1.6
495,32.934619,-117.164917,1504.7,58.8,3.14,151,83,266,,True,-1.7
496,32.934608,-117.164953,1507.8,58.6,3.14,151,82,267,,True,-3.3
497,32.934594,-117.164976,1510.7,58.6,3.07,151,82,266,,True,-4.9
498,32.93458,-117.164999,1513.7,58.4,3.0,151,82,267,,True,-3.8
499,32.93458,-117.164999,1513.7,58.4,2.44,151,82,267,,False,-4.6
500,32.934548,-117.165015,1517.0,58.2,2.46,151,82,265,,True,-5.8
501,32.934493,-117.165061,1523.7,58.0,3.18,151,82,265,,True,-5.8
502,32.934467,-117.165084,1527.4,57.6,3.33,151,82,263,,True,-5.7
503,32.934451,-117.165116,1531.0,57.4,3.46,151,82,262,,True,-7.3
504,32.934435,-117.165148,1534.6,57.2,4.18,151,81,264,,True,-4.5
505,32.934426,-117.165173,1537.4,57.0,4.08,150,81,264,,True,-3.2
506,32.934417,-117.165208,1540.6,57.0,3.38,151,83,261,,True,-1.7
507,32.934417,-117.165236,1543.4,57.0,3.19,151,83,261,,True,0.0
508,32.934417,-117.165263,1546.1,57.0,3.02,151,84,259,,True,1.9
509,32.9344,-117.165294,1548.9,57.0,2.86,151,84,256,,True,1.9
510,32.934393,-117.165312,1551.1,57.2,2.74,150,83,254,,True,1.4
511,32.934393,-117.165312,1551.1,57.2,2.1,151,83,252,,False,1.8
512,32.934373,-117.165338,1554.0,57.2,2.13,151,83,251,,True,0.0
513,32.934337,-117.165377,1559.9,57.2,2.76,151,83,251,,True,0.0
514,32.934312,-117.165401,1563.2,57.2,2.85,150,83,252,,True,0.0
515,32.934286,-117.165424,1566.4,57.2,3.06,151,83,252,,True,0.0
516,32.934266,-117.165444,1569.5,57.2,3.68,151,83,254,,True,0.0
517,32.934244,-117.165467,1572.4,57.2,3.68,150,83,256,,True,-1.7
518,32.934233,-117.165491,1575.0,57.2,3.02,150,83,257,,True,-3.4
519,32.934224,-117.165526,1578.1,57.0,2.99,150,83,257,,True,-1.6
520,32.934215,-117.16556,1581.2,56.8,2.96,151,82,257,,True,-1.5
521,32.934205,-117.165592,1584.8,57.0,3.06,150,82,259,,True,-1.5
522,32.9342,-117.165626,1588.0,57.0,3.12,150,84,257,,True,1.5
523,32.934194,-117.165659,1591.2,56.8,3.24,150,84,259,,True,0.0
524,32.934188,-117.165694,1594.4,57.0,3.26,151,84,262,,True,-1.6
525,32.93418,-117.165728,1597.5,57.0,3.26,150,83,263,,True,0.0
526,32.934179,-117.165758,1600.6,56.8,3.16,150,83,266,,True,0.0
527,32.934177,-117.165797,1604.2,56.8,3.24,150,83,265,,True,0.0
528,32.934175,-117.165829,1607.2,57.0,3.2,150,82,266,,True,3.1
529,32.934178,-117.165862,1610.3,57.0,3.18,150,82,272,,True,3.2
530,32.934186,-117.165901,1613.6,57.2,3.22,150,82,274,,True,1.6
531,32.934195,-117.165926,1616.6,57.2,3.2,150,82,274,,True,0.0
532,32.934203,-117.165965,1620.0,57.2,3.16,150,82,276,,True,-1.6
533,32.934214,-117.165992,1622.9,57.0,3.14,150,82,275,,True,-3.3
534,32.934228,-117.166017,1625.9,57.0,3.12,150,82,277,,True,-3.5
535,32.934243,-117.166049,1628.7,56.8,3.02,150,82,277,,True,0.0
536,32.934243,-117.166049,1628.7,56.8,2.42,150,82,277,,False,0.0
537,32.934253,-117.166071,1631.4,56.8,2.28,150,82,277,,True,0.0
538,32.934253,-117.166111,1638.1,57.0,3.04,150,82,277,,True,0.0
539,32.934258,-117.166173,1641.2,56.8,3.06,151,82,277,,True,0.0
540,32.934258,-117.166213,1644.5,56.8,3.16,151,82,277,,True,-3.4
541,32.934259,-117.166239,1647.3,56.8,3.72,151,82,277,,True,-1.7
542,32.934255,-117.166267,1649.9,56.6,3.7,150,82,276,,True,-3.5
543,32.934233,-117.166295,1652.9,56.6,2.96,151,83,276,,True,-3.4
544,32.934222,-117.166322,1655.9,56.4,2.94,151,83,275,,True,-1.6
545,32.934203,-117.166347,1659.0,56.4,2.91,150,83,275,,True,-1.7
546,32.934185,-117.166372,1662.2,56.4,2.98,150,84,274,,True,1.7
547,32.934174,-117.166399,1665.0,56.4,3.02,150,84,274,,True,1.8
548,32.934165,-117.166428,1667.6,56.6,2.94,150,83,276,,True,3.3
549,32.934173,-117.166453,1669.9,56.6,2.793,151,82,275,,True,2.1
550,32.934181,-117.166477,1672.1,56.8,2.617,150,82,277,,True,1.7
551,32.934189,-117.166502,1674.4,56.8,2.44,150,82,276,,True,-1.6
552,32.934189,-117.166502,1674.4,56.6,1.88,150,82,275,,False,-3.1
553,32.934196,-117.166528,1677.1,56.6,1.9,150,82,273,,True,-3.8
554,32.934187,-117.166563,1680.0,56.4,2.027,150,82,270,,True,-1.5
555,32.934175,-117.16658,1685.0,56.4,2.573,150,82,271,,True,-1.6
556,32.934143,-117.166623,1687.6,56.4,2.64,150,83,266,,True,0.0
557,32.934139,-117.166638,1689.4,56.4,3.0,150,83,262,,True,-1.9
558,32.934139,-117.166638,1689.4,56.4,2.46,149,83,261,,False,-3.7
559,32.934143,-117.166656,1693.1,56.4,2.62,149,83,256,,True,-5.0
560,32.934177,-117.166697,1695.8,56.2,2.16,149,82,234,,True,-5.0
561,32.93419,-117.166722,1698.6,56.0,2.19,149,82,232,,True,-5.7
562,32.934202,-117.166748,1701.3,55.8,2.38,148,82,232,,True,-2.0
563,32.934201,-117.166778,1703.7,55.8,2.85,148,81,234,,True,4.1
564,32.934199,-117.166807,1706.0,56.0,2.58,148,83,241,,True,4.8
565,32.934196,-117.166832,1708.4,56.2,2.52,148,84,240,,True,5.2
566,32.934196,-117.166832,1708.4,56.4,1.97,148,84,238,,False,5.6
567,32.934187,-117.166861,1711.1,56.6,1.96,148,84,233,,True,1.8
568,32.934174,-117.166916,1716.7,56.6,2.61,148,82,237,,True,0.0
569,32.93416,-117.166948,1719.4,56.4,2.68,148,81,244,,True,-1.5
570,32.934147,-117.166971,1721.8,56.4,2.68,149,81,246,,True,-1.4
571,32.934129,-117.166994,1724.7,56.4,3.26,149,81,249,,True,0.0
572,32.934129,-117.166994,1724.7,56.4,2.72,149,81,248,,False,1.6
573,32.9341,-117.167015,1731.1,56.4,2.88,149,81,243,,True,1.6
574,32.934081,-117.167028,1731.1,56.4,2.34,149,81,243,,False,1.6
575,32.934057,-117.167041,1734.1,56.6,2.46,149,82,256,,True,0.0
576,32.934028,-117.167047,1737.4,56.6,2.54,149,83,259,,True,0.0
577,32.934008,-117.167056,1740.1,56.6,3.08,149,83,261,,True,-1.6
578,32.93397,-117.167086,1745.1,56.4,2.8,149,83,265,,True,-1.6
579,32.933959,-117.167107,1747.0,56.4,3.18,150,83,255,,True,-1.6
580,32.933947,-117.167134,1749.9,56.4,3.16,149,83,250,,True,0.0
581,32.933935,-117.167159,1752.6,56.4,3.04,149,82,246,,True,0.0
582,32.93392,-117.16718,1754.9,56.4,2.96,150,82,244,,True,0.0
583,32.933904,-117.167202,1757.4,56.4,2.46,149,82,244,,True,0.0
584,32.933891,-117.167222,1759.8,56.4,2.56,149,82,242,,True,0.0
585,32.933891,-117.167222,1759.8,56.4,1.98,149,82,241,,False,0.0
586,32.933878,-117.167248,1764.8,56.4,2.44,149,82,239,,True,0.0
587,32.933847,-117.167284,1767.3,56.4,2.48,148,82,239,,True,1.5
588,32.933818,-117.16728,1770.3,56.4,2.58,148,82,240,,True,1.9
589,32.933793,-117.167279,1773.1,56.6,2.66,148,82,240,,True,3.7
590,32.933771,-117.167276,1775.6,56.6,3.16,149,82,243,,True,3.9
591,32.933745,-117.167274,1778.2,56.8,2.68,148,82,246,,True,1.9
592,32.933725,-117.167271,1780.6,56.8,2.66,148,82,247,,True,1.9
593,32.933697,-117.167269,1783.6,56.8,2.66,147,82,247,,True,0.0
594,32.933676,-117.167269,1786.4,56.8,2.66,147,82,248,,True,0.0
595,32.933656,-117.167268,1788.6,56.8,2.6,146,82,247,,True,0.0
596,32.933629,-117.167261,1791.0,56.8,2.56,146,82,249,,True,0.0
597,32.933608,-117.167265,1793.4,56.8,2.56,146,82,248,,True,0.0
598,32.933582,-117.167271,1796.5,56.8,2.58,146,83,244,,True,0.0
599,32.933559,-117.16728,1799.3,56.8,2.58,146,83,245,,True,1.8
600,32.93354,-117.1673,1801.9,56.8,2.66,145,83,248,,True,0.0
601,32.93352,-117.167327,1804.7,57.0,2.74,145,82,250,,True,0.0
602,32.933509,-117.167343,1807.1,56.8,2.74,145,82,251,,True,0.0
603,32.933499,-117.167371,1809.5,56.8,2.6,145,82,250,,True,-4.0
604,32.933489,-117.167393,1812.0,56.8,2.54,145,82,248,,True,-3.8
605,32.933477,-117.167418,1814.8,56.6,2.58,145,82,246,,True,-3.8
606,32.933457,-117.167443,1817.5,56.4,2.56,144,82,244,,True,-3.6
607,32.93345,-117.167468,1820.1,56.4,2.6,145,82,242,,True,-1.8
608,32.933443,-117.167494,1823.1,56.4,2.72,145,83,241,,True,0.0
609,32.933438,-117.167527,1825.9,56.4,2.78,144,83,240,,True,0.0
610,32.933434,-117.167552,1828.5,56.4,2.74,144,82,240,,True,0.0
611,32.933432,-117.167581,1830.7,56.4,2.64,144,81,241,,True,0.0
612,32.93343,-117.167608,1833.3,56.4,2.64,144,81,242,,True,0.0
613,32.933428,-117.167635,1835.9,56.4,2.56,145,82,241,,True,1.9
614,32.933425,-117.167672,1838.8,56.4,2.58,144,82,241,,True,1.8
615,32.933428,-117.167697,1841.4,56.6,2.58,144,82,241,,True,1.8
616,32.933416,-117.167731,1844.3,56.6,2.72,144,82,241,,True,1.8
617,32.933397,-117.167757,1847.3,56.6,2.8,144,82,241,,True,1.6
618,32.933374,-117.167773,1850.2,56.6,2.86,144,83,241,,True,1.5
619,32.933345,-117.167794,1853.9,56.8,3.02,144,83,241,,True,1.5
620,32.933314,-117.167804,1857.5,56.8,3.22,144,83,242,,True,1.4
621,32.933287,-117.167807,1860.9,56.8,3.32,144,83,243,,True,-1.5
622,32.933252,-117.167805,1864.4,56.8,3.42,144,82,246,,True,-1.5
623,32.933227,-117.16781,1867.5,56.6,3.46,144,82,248,,True,-3.0
624,32.933199,-117.16781,1870.6,56.6,3.34,145,82,260,,True,-3.2
625,32.933167,-117.167805,1874.2,56.4,3.34,144,82,268,,True,-3.3
626,32.933147,-117.167808,1876.8,56.4,3.18,144,82,272,,True,-2.6
627,32.933147,-117.167808,1876.8,56.4,2.48,144,82,271,,False,-1.7
628,32.933116,-117.167814,1879.7,56.2,2.44,144,82,265,,True,-3.3
629,32.933066,-117.16781,1885.8,56.2,3.04,145,82,263,,True,-2.6
630,32.933032,-117.167812,1889.0,56.0,2.96,145,82,260,,True,-2.6
631,32.933009,-117.167816,1891.9,56.0,3.02,145,81,263,,True,-3.2
632,32.932984,-117.167826,1894.9,55.8,3.62,145,81,261,,True,-1.7
633,32.932952,-117.167839,1898.3,55.8,3.72,145,81,260,,True,-3.4
634,32.932936,-117.167852,1901.0,55.8,3.04,145,81,259,,True,-1.7
635,32.932908,-117.16787,1903.8,55.6,2.96,145,82,257,,True,-3.6
636,32.93289,-117.16789,1906.6,55.6,2.94,145,82,257,,True,-5.2
637,32.932873,-117.167911,1909.5,55.4,2.92,145,82,254,,True,-3.4
638,32.93285,-117.16794,1912.6,55.2,2.86,145,82,251,,True,-1.7
639,32.932833,-117.16796,1915.6,55.2,2.92,145,82,251,,True,-1.8
640,32.932819,-117.167977,1918.2,55.4,2.88,145,82,255,,True,0.0
641,32.932796,-117.167995,1920.8,55.2,2.84,145,82,256,,True,0.0
642,32.932778,-117.16802,1923.9,55.2,2.87,144,82,256,,True,-3.4
643,32.93276,-117.168044,1926.9,55.2,2.86,144,83,245,,True,-1.7
644,32.932737,-117.168062,1930.1,55.0,2.9,144,83,243,,True,-1.7
645,32.932718,-117.168077,1932.6,55.0,2.88,145,83,251,,True,-1.6
646,32.932698,-117.168102,1935.9,55.0,3.03,144,83,253,,True,0.0
647,32.932678,-117.168126,1939.3,55.0,3.09,144,83,262,,True,0.0
648,32.932664,-117.168153,1942.1,55.0,3.04,145,83,265,,True,-1.6
649,32.932644,-117.168181,1945.3,55.0,3.04,145,83,260,,True,-1.7
650,32.932627,-117.1682,1948.2,54.8,3.12,145,83,258,,True,-3.5
651,32.932605,-117.168221,1951.2,54.8,3.05,145,83,254,,True,-1.9
652,32.932591,-117.168239,1953.6,54.6,2.87,145,83,253,,True,0.0
653,32.932576,-117.168257,1956.1,54.8,2.8,144,83,253,,True,-1.9
654,32.93256,-117.168281,1958.9,54.8,2.71,145,83,254,,True,-1.8
655,32.932544,-117.168305,1961.6,54.6,2.68,145,82,250,,True,-3.5
656,32.932544,-117.168305,1961.6,54.6,2.08,145,82,249,,False,-2.6
657,32.932522,-117.16833,1964.6,54.4,2.19,144,83,247,,True,-1.6
658,32.932502,-117.168346,1967.5,54.4,2.28,144,83,246,,True,-1.3
659,32.932452,-117.168391,1974.2,54.4,3.07,144,83,245,,True,1.3
660,32.932439,-117.168412,1977.1,54.4,3.1,144,83,246,,True,1.3
661,32.932439,-117.168412,1980.5,54.6,3.78,144,82,252,,True,0.0
662,32.932414,-117.168434,1982.8,54.6,3.638,145,82,253,,True,-1.4
663,32.932368,-117.168487,1987.5,54.4,4.0,144,82,255,,True,-2.9
664,32.932341,-117.168508,1991.0,54.2,3.36,144,82,256,,True,-4.2
665,32.932321,-117.168529,1994.3,54.2,3.44,144,82,258,,True,-3.0
666,32.9323,-117.168551,1997.2,54.0,3.34,144,82,259,,True,-1.6
667,32.932275,-117.168578,2000.8,54.0,3.602,144,83,263,,True,-1.6
668,32.93226,-117.168597,2003.6,54.0,3.22,144,83,264,,True,0.0
669,32.932228,-117.168623,2007.2,54.0,3.24,145,84,265,,True,0.0
670,32.932209,-117.168638,2010.3,54.0,3.2,144,85,266,,True,0.0
671,32.932209,-117.168638,2010.3,54.0,2.62,145,85,263,,False,0.0
672,32.932181,-117.168659,2013.7,54.0,2.58,145,85,265,,True,0.0
673,32.932144,-117.168699,2019.6,54.0,3.2,145,85,267,,True,-1.3
674,32.932118,-117.168722,2022.7,54.0,3.1,145,84,266,,True,-2.7
675,32.932101,-117.168739,2025.5,53.8,3.04,145,84,266,,True,-3.3
676,32.932077,-117.16876,2028.7,53.6,3.68,145,84,265,,True,-5.0
677,32.93205,-117.168779,2031.9,53.6,3.64,146,84,265,,True,-3.2
678,32.932032,-117.168796,2034.8,53.4,3.04,146,83,265,,True,0.0
679,32.932009,-117.168822,2037.9,53.4,3.04,146,83,266,,True,0.0
680,32.931997,-117.168845,2040.8,53.6,3.06,146,83,267,,True,1.7
681,32.931981,-117.16887,2043.7,53.6,3.0,146,83,268,,True,1.7
682,32.931961,-117.1689,2046.6,53.6,2.94,146,83,269,,True,-1.6
683,32.93195,-117.168926,2049.8,53.6,3.0,146,83,269,,True,-1.6
684,32.931935,-117.168964,2053.4,53.4,3.1,147,83,269,,True,-1.6
685,32.931922,-117.168989,2056.4,53.4,3.12,147,83,269,,True,-1.6
686,32.93191,-117.169016,2059.4,53.4,3.14,147,83,271,,True,0.0
687,32.931896,-117.169044,2062.7,53.4,3.21,147,83,270,,True,-1.6
688,32.931882,-117.169071,2065.9,53.4,3.22,147,84,268,,True,-1.7
689,32.931867,-117.169105,2068.8,53.2,3.08,148,84,270,,True,-1.7
690,32.931853,-117.169123,2071.3,53.2,2.98,148,83,271,,True,-1.8
691,32.931839,-117.169148,2074.3,53.2,2.98,148,83,274,,True,0.0
692,32.931823,-117.169178,2077.2,53.2,2.91,148,83,273,,True,0.0
693,32.931814,-117.169199,2079.8,53.2,2.78,149,83,272,,True,0.0
694,32.931795,-117.169232,2083.1,53.2,2.86,149,83,273,,True,0.0
695,32.931779,-117.169257,2086.0,53.2,2.94,149,83,274,,True,1.7
696,32.931767,-117.169281,2088.7,53.2,2.88,148,83,274,,True,0.0
697,32.931753,-117.169304,2091.3,53.4,2.82,149,83,274,,True,0.0
698,32.931743,-117.16933,2094.0,53.2,2.84,148,83,274,,True,-1.8
699,32.931728,-117.169355,2097.1,53.2,2.8,148,82,273,,True,-3.5
700,32.931709,-117.16938,2100.1,53.0,2.82,147,82,275,,True,-1.5
701,32.931709,-117.16938,2100.1,53.0,2.28,146,82,274,,False,-1.9
702,32.931698,-117.169399,2102.7,53.0,2.28,146,83,273,,True,0.0
703,32.931684,-117.169427,2107.6,53.0,2.72,146,83,273,,True,0.0
704,32.931659,-117.169471,2110.3,53.0,2.64,146,83,272,,True,0.0
705,32.931642,-117.169498,2113.3,53.0,2.64,146,83,271,,True,1.9
706,32.93163,-117.169515,2115.7,53.0,3.12,146,83,269,,True,1.9
707,32.931611,-117.169538,2118.3,53.2,3.12,146,83,268,,True,2.0
708,32.931597,-117.16956,2120.8,53.2,2.64,146,83,263,,True,1.9
709,32.931583,-117.169575,2123.4,53.2,2.62,146,83,259,,True,-1.9
710,32.931562,-117.169596,2126.1,53.2,2.56,146,83,254,,True,-3.7
711,32.931543,-117.169616,2128.8,53.0,2.62,146,82,251,,True,-5.4
712,32.931529,-117.169637,2131.5,52.8,2.64,146,82,251,,True,-7.2
713,32.931512,-117.169665,2134.5,52.6,2.74,145,82,249,,True,-7.3
714,32.931498,-117.169685,2137.2,52.4,2.76,145,81,250,,True,-5.4
715,32.931485,-117.169711,2139.8,52.2,2.74,145,81,251,,True,-3.7
716,32.931471,-117.169738,2142.6,52.2,2.76,145,81,250,,True,0.0
717,32.931462,-117.169765,2145.3,52.2,2.77,146,81,250,,True,1.9
718,32.931453,-117.169792,2148.1,52.4,2.72,145,82,247,,True,3.7
719,32.93144,-117.169812,2150.5,52.4,2.66,145,82,248,,True,5.4
720,32.931425,-117.169834,2153.4,52.6,2.72,145,82,248,,True,3.6
721,32.931412,-117.169867,2156.5,52.8,2.78,145,82,248,,True,3.5
722,32.931402,-117.169891,2159.3,52.8,2.79,145,82,246,,True,1.8
723,32.931386,-117.169916,2161.8,52.8,2.74,145,83,252,,True,-1.8
724,32.931365,-117.169934,2164.6,52.8,2.82,145,83,254,,True,-1.7
725,32.931345,-117.169954,2167.9,52.6,2.9,145,83,252,,True,-3.3
726,32.931328,-117.169985,2171.1,52.6,2.92,144,83,252,,True,-5.0
727,32.931316,-117.170006,2173.8,52.4,2.9,145,83,260,,True,-3.4
728,32.931299,-117.170034,2176.7,52.2,2.98,145,83,261,,True,-3.6
729,32.931285,-117.170058,2179.6,52.2,3.0,145,83,262,,True,-1.7
730,32.931272,-117.170081,2182.3,52.2,2.88,145,84,259,,True,0.0
731,32.931249,-117.170111,2185.6,52.2,2.9,145,84,255,,True,0.0
732,32.931235,-117.170137,2188.7,52.2,2.99,145,84,255,,True,0.0
733,32.93122,-117.170163,2191.9,52.2,3.04,145,84,257,,True,-1.7
734,32.931204,-117.170188,2194.8,52.2,3.04,146,83,261,,True,-1.7
735,32.931192,-117.170209,2197.2,52.0,2.98,146,83,260,,True,-1.7
736,32.931166,-117.170235,2200.4,52.0,2.96,146,83,259,,True,-1.7
737,32.931149,-117.170256,2203.5,52.0,2.95,145,83,257,,True,0.0
738,32.931125,-117.170279,2206.9,52.0,3.0,146,83,257,,True,0.0
739,32.931107,-117.170303,2209.9,52.0,3.02,146,83,258,,True,0.0
740,32.931093,-117.170325,2212.7,52.0,3.1,146,83,261,,True,0.0
741,32.93107,-117.170354,2215.9,52.0,3.1,146,83,261,,True,0.0
742,32.931058,-117.170371,2218.5,52.0,3.0,145,83,261,,True,-1.8
743,32.931043,-117.170393,2221.1,52.0,2.84,146,83,261,,True,-1.8
744,32.931027,-117.170419,2224.1,51.8,2.83,146,83,260,,True,-3.5
745,32.931011,-117.170444,2227.0,51.8,2.86,146,83,258,,True,-3.4
746,32.930992,-117.170472,2229.8,51.6,2.78,146,83,258,,True,-1.7
747,32.930976,-117.170495,2233.0,51.6,2.9,146,83,257,,True,-1.7
748,32.930962,-117.170518,2236.1,51.6,3.0,146,82,258,,True,0.0
749,32.930942,-117.170537,2238.9,51.6,2.97,146,82,259,,True,0.0
750,32.930922,-117.170556,2241.7,51.6,2.94,146,82,259,,True,0.0
751,32.930906,-117.170582,2244.6,51.6,2.96,146,82,260,,True,0.0
752,32.930893,-117.170614,2247.6,51.6,2.92,146,82,259,,True,0.0
753,32.930888,-117.170637,2250.0,51.6,2.78,146,82,259,,True,0.0
754,32.930886,-117.170674,2252.9,51.6,2.8,146,82,259,,True,1.8
755,32.930889,-117.170701,2255.8,51.6,2.82,146,82,258,,True,1.4
756,32.930889,-117.170701,2255.8,51.8,2.24,146,82,258,,False,1.8
757,32.930883,-117.17073,2258.7,51.8,2.22,146,82,259,,True,1.8
758,32.930844,-117.170771,2264.3,51.8,2.86,146,82,259,,True,0.0
759,32.930822,-117.170791,2267.2,51.8,2.86,146,82,260,,True,-1.4
760,32.930809,-117.170811,2269.6,51.8,2.76,146,83,259,,True,-1.8
761,32.930793,-117.170836,2272.5,51.6,3.34,146,83,259,,True,-1.8
762,32.930774,-117.170859,2275.5,51.6,3.35,146,83,259,,True,-1.7
763,32.930754,-117.170881,2278.4,51.6,2.82,146,83,259,,True,0.0
764,32.930726,-117.170886,2281.5,51.6,2.87,145,83,259,,True,0.0
765,32.930698,-117.17089,2284.7,51.6,3.02,145,82,260,,True,0.0
766,32.930675,-117.170897,2287.4,51.6,2.98,145,82,262,,True,0.0
767,32.930657,-117.170915,2290.0,51.6,2.91,146,82,262,,True,-2.0
768,32.930639,-117.170933,2292.6,51.6,2.84,145,82,260,,True,-2.0
769,32.930621,-117.170948,2294.8,51.4,2.65,145,82,259,,True,-1.9
770,32.930592,-117.170957,2297.5,51.4,2.56,146,82,257,,True,-2.1
771,32.930592,-117.170957,2297.5,51.4,2.02,146,83,257,,False,-3.4
772,32.93058,-117.170982,2300.7,51.4,2.14,146,83,255,,True,-4.2
773,32.93057,-117.170996,2302.2,51.4,1.92,145,81,254,,True,-3.4
774,32.93057,-117.170996,2302.2,51.2,1.48,145,81,256,,False,-2.6
775,32.930568,-117.171023,2304.3,51.2,1.36,145,81,252,,True,-3.3
776,32.930568,-117.171023,2304.3,51.0,1.36,145,79,252,,False,-1.9
777,32.930569,-117.171047,2306.6,51.0,1.18,145,79,241,,True,-1.7
778,32.930542,-117.17111,2312.9,51.0,2.14,145,79,213,,True,0.0
779,32.930534,-117.171136,2315.9,51.0,2.74,144,79,225,,True,0.0
780,32.930519,-117.17117,2319.5,51.0,3.03,144,79,230,,True,0.0
781,32.930503,-117.171203,2323.0,51.0,3.74,144,83,259,,True,0.0
782,32.930486,-117.171232,2326.1,51.0,3.9,144,83,285,,True,0.0
783,32.930468,-117.171263,2329.4,51.0,3.3,143,83,288,,True,0.0
784,32.930462,-117.171288,2332.4,51.0,3.3,144,83,286,,True,1.6
785,32.930446,-117.171325,2335.6,51.0,3.23,144,83,267,,True,1.6
786,32.930429,-117.171347,2338.6,51.2,3.12,144,83,262,,True,1.6
787,32.930414,-117.171371,2341.6,51.2,3.1,143,83,261,,True,1.6
788,32.930391,-117.171404,2345.1,51.2,3.14,144,84,261,,True,0.0
789,32.930379,-117.171425,2348.0,51.2,3.12,144,83,261,,True,0.0
790,32.930366,-117.171446,2350.6,51.2,3.0,143,83,266,,True,-1.8
791,32.930347,-117.171475,2353.7,51.2,3.02,143,83,268,,True,-1.8
792,32.930335,-117.171502,2356.5,51.0,2.98,142,83,268,,True,-3.5
793,32.930322,-117.171528,2359.3,51.0,2.84,142,82,262,,True,-3.6
794,32.930316,-117.171555,2362.1,50.8,2.81,142,82,261,,True,-3.6
795,32.930309,-117.171581,2364.8,50.8,2.84,142,82,260,,True,-3.7
796,32.930305,-117.171617,2367.7,50.6,2.8,143,82,260,,True,-1.8
797,32.930301,-117.17164,2370.1,50.6,2.72,142,82,258,,True,-1.8
798,32.93029,-117.171671,2373.1,50.6,2.75,142,82,256,,True,-1.9
799,32.93028,-117.171701,2376.0,50.6,2.79,142,82,254,,True,-1.8
800,32.930274,-117.171724,2378.5,50.4,2.74,143,83,253,,True,0.0
801,32.930273,-117.17176,2381.5,50.4,2.76,142,83,252,,True,1.8
802,32.930275,-117.171788,2384.2,50.6,2.82,142,83,251,,True,3.5
803,32.930273,-117.171816,2387.2,50.8,2.83,143,83,251,,True,5.4
804,32.930267,-117.171849,2389.8,50.8,2.76,142,83,252,,True,1.7
805,32.930269,-117.171875,2392.6,51.0,2.82,142,83,251,,True,1.8
806,32.930267,-117.17191,2395.9,50.8,2.88,143,83,252,,True,0.0
807,32.930268,-117.171937,2398.5,51.0,2.86,143,83,252,,True,-3.4
808,32.930268,-117.171964,2401.1,50.8,2.78,143,82,251,,True,-1.9
809,32.930264,-117.172,2404.2,50.6,2.88,143,82,251,,True,-5.7
810,32.930257,-117.172023,2406.6,50.6,2.8,144,82,251,,True,-3.9
811,32.930249,-117.172045,2409.0,50.4,2.62,146,82,251,,True,-1.7
812,32.930239,-117.172074,2411.4,50.4,2.58,146,82,250,,True,0.0
813,32.93023,-117.172094,2413.7,50.4,2.52,147,82,250,,True,1.6
814,32.930219,-117.17212,2416.3,50.4,2.41,147,82,250,,True,2.0
815,32.930207,-117.172145,2418.8,50.6,2.44,147,82,248,,True,1.9
816,32.930196,-117.172169,2421.4,50.6,2.48,147,82,249,,True,1.8
817,32.930178,-117.172201,2424.4,50.6,2.6,147,82,248,,True,0.0
818,32.930173,-117.172227,2427.5,50.6,2.76,147,82,248,,True,1.6
819,32.930162,-117.172264,2430.8,50.6,2.91,147,82,247,,True,1.5
820,32.930149,-117.172293,2434.1,50.8,3.06,147,83,247,,True,1.5
821,32.930135,-117.172321,2437.4,50.8,3.2,147,84,249,,True,1.6
822,32.930119,-117.172347,2440.4,50.8,3.21,147,84,250,,True,1.6
823,32.930102,-117.172372,2443.5,50.8,3.2,147,85,252,,True,1.7
824,32.930088,-117.172403,2446.4,51.0,3.12,148,85,253,,True,1.7
825,32.930081,-117.172427,2449.1,51.0,3.0,147,85,254,,True,1.8
826,32.930069,-117.172457,2452.0,51.0,2.92,148,85,256,,True,1.8
827,32.930057,-117.172483,2454.7,51.0,2.85,148,85,257,,True,1.8
828,32.930048,-117.172506,2457.4,51.2,2.78,147,83,261,,True,1.8
829,32.93003,-117.172537,2460.5,51.2,2.82,147,83,262,,True,1.7
830,32.930024,-117.17256,2463.2,51.2,2.82,148,84,264,,True,1.7
831,32.930014,-117.172593,2466.2,51.2,2.84,148,84,265,,True,3.5
832,32.930006,-117.172621,2468.9,51.4,2.84,148,85,266,,True,3.8
833,32.930006,-117.172621,2471.9,51.6,2.9,148,85,269,,True,5.1
834,32.929995,-117.172646,2473.7,51.6,2.635,147,85,271,,True,3.3
835,32.929965,-117.172703,2477.9,51.8,2.94,148,85,273,,True,1.6
836,32.929949,-117.172729,2481.2,51.8,3.0,148,85,275,,True,1.5
837,32.929931,-117.172754,2484.2,51.8,3.06,148,84,277,,True,-1.6
838,32.929912,-117.17278,2487.3,51.8,3.08,149,83,279,,True,0.0
839,32.929895,-117.17281,2490.7,51.6,3.406,149,83,281,,True,0.0
840,32.929877,-117.172839,2494.1,51.8,3.24,149,82,283,,True,0.0
841,32.929861,-117.172863,2497.2,51.8,3.2,149,83,287,,True,1.6
842,32.929833,-117.172886,2500.6,51.8,3.28,149,83,288,,True,0.0
843,32.929818,-117.172904,2503.4,51.8,3.22,150,83,290,,True,-1.6
844,32.929794,-117.172927,2506.4,51.8,3.14,150,83,290,,True,-1.7
845,32.929774,-117.172951,2509.4,51.6,3.06,150,83,289,,True,-3.2
846,32.929756,-117.172972,2512.5,51.6,3.06,150,82,289,,True,-3.1
847,32.929732,-117.173003,2516.0,51.4,3.08,150,82,287,,True,-3.0
848,32.929718,-117.173028,2519.1,51.4,3.14,150,82,282,,True,-4.4
849,32.929698,-117.173066,2522.8,51.2,3.28,151,83,281,,True,-4.5
850,32.929687,-117.173092,2526.0,51.0,3.32,150,83,279,,True,-4.5
851,32.929675,-117.173123,2529.3,50.8,3.36,151,83,280,,True,-4.7
852,32.929664,-117.173151,2532.4,50.8,3.28,150,83,279,,True,-3.1
853,32.929652,-117.173179,2535.5,50.6,3.28,150,84,277,,True,-1.6
854,32.929637,-117.173214,2538.7,50.6,3.18,150,85,274,,True,-1.6
855,32.929623,-117.17324,2541.6,50.6,3.12,151,85,271,,True,0.0
856,32.929609,-117.173266,2544.6,50.6,3.06,150,85,271,,True,0.0
857,32.929591,-117.173301,2548.0,50.6,3.12,150,84,271,,True,-1.5
858,32.92958,-117.173327,2551.1,50.6,3.12,151,83,270,,True,-1.6
859,32.929562,-117.173364,2554.7,50.4,3.2,150,83,270,,True,-1.6
860,32.929552,-117.173388,2557.5,50.4,3.18,150,83,269,,True,-3.2
861,32.929541,-117.173412,2560.2,50.4,3.12,150,83,270,,True,-1.7
862,32.92952,-117.173443,2563.5,50.2,3.1,150,83,270,,True,-1.6
863,32.929512,-117.173468,2566.6,50.2,3.1,150,83,268,,True,-3.2
864,32.929498,-117.173503,2569.7,50.2,3.0,150,83,267,,True,-3.3
865,32.929482,-117.173527,2572.8,50.0,3.06,150,83,266,,True,-2.7
866,32.929482,-117.173527,2572.8,49.8,2.52,150,83,266,,False,-3.4
867,32.929468,-117.17355,2575.6,49.8,2.42,149,83,265,,True,-1.8
868,32.929435,-117.173597,2581.4,49.8,2.96,149,83,265,,True,0.0
869,32.929417,-117.173616,2584.0,49.8,2.86,149,83,264,,True,0.0
870,32.929396,-117.173637,2586.9,49.8,2.82,149,83,263,,True,0.0
871,32.929381,-117.173658,2589.5,49.8,3.34,148,83,263,,True,-1.8
872,32.929362,-117.173686,2592.4,49.8,3.36,148,83,260,,True,-1.8
873,32.929348,-117.173708,2595.2,49.6,2.76,148,83,258,,True,-1.7
874,32.929332,-117.17373,2598.0,49.6,2.8,147,83,257,,True,-3.5
875,32.929309,-117.173752,2601.0,49.6,2.82,147,83,255,,True,-1.7
876,32.929298,-117.173773,2603.7,49.4,2.84,147,83,253,,True,-1.8
877,32.929281,-117.173804,2606.7,49.4,2.86,147,83,251,,True,-1.8
878,32.929268,-117.173826,2609.4,49.4,2.84,147,82,253,,True,0.0
879,32.929254,-117.173854,2612.2,49.4,2.85,146,82,254,,True,0.0
880,32.929239,-117.173881,2615.1,49.4,2.82,146,82,250,,True,0.0
881,32.929234,-117.173905,2617.4,49.4,2.74,146,83,248,,True,-1.8
882,32.929228,-117.173936,2620.3,49.4,2.72,146,84,247,,True,-1.8
883,32.929222,-117.173966,2623.2,49.2,2.76,146,84,247,,True,0.0
884,32.929214,-117.173992,2626.2,49.2,2.79,146,84,245,,True,0.0
885,32.929205,-117.174032,2629.5,49.4,2.88,146,84,247,,True,1.7
886,32.929206,-117.174055,2632.0,49.4,2.92,146,83,250,,True,1.8
887,32.929204,-117.174088,2635.1,49.4,2.96,146,83,252,,True,0.0
888,32.929203,-117.174113,2637.5,49.4,2.86,146,83,260,,True,0.0
889,32.929202,-117.174141,2640.1,49.4,2.78,146,83,255,,True,0.0
890,32.9292,-117.174182,2643.4,49.4,2.78,146,83,250,,True,0.0
891,32.929194,-117.174211,2646.3,49.4,2.86,146,83,248,,True,-1.6
892,32.929186,-117.174247,2649.9,49.4,2.96,146,83,255,,True,-1.6
893,32.929176,-117.174279,2653.0,49.2,3.1,147,83,260,,True,-1.5
894,32.929178,-117.174307,2655.8,49.2,3.14,146,84,277,,True,-3.3
895,32.929177,-117.174349,2659.3,49.2,3.18,146,84,280,,True,-1.7
896,32.929178,-117.174373,2662.0,49.0,3.14,146,84,276,,True,0.0
897,32.929171,-117.174407,2665.1,49.0,3.03,146,84,276,,True,0.0
898,32.929164,-117.174441,2668.1,49.2,3.02,145,84,269,,True,1.7
899,32.929161,-117.174467,2671.1,49.2,3.06,145,83,269,,True,1.7
900,32.929154,-117.174503,2674.1,49.2,2.96,145,83,270,,True,0.0
901,32.929155,-117.174528,2676.8,49.2,2.96,146,83,271,,True,0.0
902,32.929149,-117.174558,2679.6,49.2,2.91,145,84,271,,True,0.0
903,32.929142,-117.17459,2682.5,49.2,2.88,146,84,269,,True,0.0
904,32.929144,-117.174615,2685.3,49.2,2.84,146,84,268,,True,1.7
905,32.929143,-117.174656,2688.5,49.2,2.88,146,84,268,,True,1.7
906,32.929142,-117.174685,2691.4,49.4,2.92,146,84,268,,True,1.7
907,32.929138,-117.174717,2694.4,49.4,2.96,146,83,268,,True,1.9
908,32.929134,-117.174743,2696.9,49.4,2.88,147,83,270,,True,0.0
909,32.929136,-117.174762,2699.0,49.4,2.74,147,83,270,,True,1.6
910,32.929135,-117.174798,2701.8,49.4,2.66,147,83,269,,True,2.0
911,32.929133,-117.174823,2704.3,49.4,2.58,147,83,267,,True,1.9
912,32.929128,-117.174853,2707.1,49.6,2.53,147,83,269,,True,1.9
913,32.929123,-117.174882,2709.8,49.6,2.58,147,84,267,,True,1.9
914,32.929126,-117.174905,2712.1,49.6,2.62,147,83,267,,True,1.9
915,32.929127,-117.174938,2715.0,49.6,2.64,147,83,269,,True,1.6
916,32.929133,-117.174964,2717.7,49.8,2.68,148,83,271,,True,1.9
917,32.929137,-117.174983,2719.7,49.8,2.53,147,82,273,,True,3.9
918,32.929145,-117.175015,2722.6,49.8,2.56,147,82,273,,True,3.9
919,32.929152,-117.175043,2725.2,50.0,2.62,148,82,272,,True,3.7
920,32.92915,-117.17507,2727.9,50.2,2.58,147,82,273,,True,3.8
921,32.929144,-117.175101,2730.4,50.2,2.54,147,82,274,,True,3.6
922,32.929146,-117.175125,2733.1,50.2,2.68,147,83,273,,True,1.8
923,32.929148,-117.175167,2736.4,50.4,2.76,147,83,273,,True,3.4
924,32.92915,-117.175191,2739.0,50.4,2.76,147,83,275,,True,3.3
925,32.929143,-117.175225,2742.2,50.6,2.86,147,83,277,,True,3.4
926,32.929128,-117.175256,2745.3,50.6,2.98,147,84,279,,True,2.6
927,32.929128,-117.175256,2745.3,50.8,2.44,147,84,279,,False,1.6
928,32.929117,-117.17528,2748.1,50.8,2.34,147,84,280,,True,1.7
929,32.929073,-117.175322,2754.4,50.8,3.08,148,84,282,,True,0.0
930,32.929054,-117.17534,2757.1,50.8,2.98,148,84,284,,True,0.0
931,32.929028,-117.175365,2760.3,50.8,3.0,148,84,286,,True,0.0
932,32.929017,-117.175385,2763.1,50.8,3.56,148,84,284,,True,0.0
933,32.928998,-117.175416,2766.3,50.8,3.64,148,84,286,,True,0.0
934,32.928976,-117.175438,2769.5,50.8,3.02,148,84,290,,True,0.0
935,32.92896,-117.175458,2772.5,50.8,3.08,149,83,296,,True,0.0
936,32.928937,-117.175483,2775.5,50.8,3.04,149,83,298,,True,0.0
937,32.928926,-117.175502,2778.1,50.8,3.0,149,83,297,,True,0.0
938,32.928904,-117.175527,2781.3,50.8,3.0,149,83,296,,True,0.0
939,32.928887,-117.175545,2783.6,50.8,2.82,148,83,296,,True,0.0
940,32.928875,-117.175567,2786.3,50.8,2.76,149,83,294,,True,0.0
941,32.928855,-117.175594,2789.2,50.8,2.74,149,83,291,,True,0.0
942,32.928855,-117.175594,2789.2,50.8,2.22,148,83,288,,False,0.0
943,32.92884,-117.175613,2795.0,50.8,2.74,149,83,286,,True,-1.7
944,32.928798,-117.175653,2797.8,50.8,2.84,149,83,281,,True,-1.4
945,32.928785,-117.175682,2800.8,50.6,2.9,149,83,276,,True,-1.8
946,32.928772,-117.175711,2803.8,50.6,2.92,149,83,274,,True,-1.8
947,32.928762,-117.175732,2806.1,50.6,3.38,149,84,272,,True,1.8
948,32.928748,-117.175759,2809.1,50.6,2.82,149,84,272,,True,1.8
949,32.928734,-117.175787,2812.2,50.8,2.88,149,85,271,,True,1.6
950,32.928724,-117.175814,2814.9,50.8,2.82,149,85,270,,True,1.6
951,32.928709,-117.17585,2818.4,50.8,2.92,149,83,269,,True,-1.6
952,32.928697,-117.175875,2821.3,50.8,3.04,150,83,270,,True,-1.6
953,32.928682,-117.175902,2824.5,50.6,3.08,149,83,272,,True,-1.6
954,32.928666,-117.175932,2827.8,50.6,3.12,149,83,272,,True,-1.5
955,32.928651,-117.175958,2830.7,50.6,3.16,149,83,271,,True,0.0
956,32.928633,-117.175992,2834.3,50.6,3.18,150,82,269,,True,-1.7
957,32.928619,-117.176015,2837.1,50.6,3.15,149,82,266,,True,-3.3
958,32.928606,-117.176037,2839.8,50.4,3.06,149,82,267,,True,-3.5
959,32.928583,-117.176065,2842.9,50.2,3.02,149,82,266,,True,-5.2
960,32.928567,-117.176084,2845.7,50.2,3.0,149,82,264,,True,-3.4
961,32.928551,-117.176102,2848.5,50.0,2.84,149,82,263,,True,-1.8
962,32.928525,-117.176122,2851.6,50.0,2.91,149,83,260,,True,-3.4
963,32.92851,-117.17614,2854.3,50.0,2.9,149,82,258,,True,-3.4
964,32.928491,-117.176167,2857.5,49.8,2.92,149,82,258,,True,-3.5
965,32.92847,-117.176187,2860.3,49.6,2.92,149,82,258,,True,-3.4
966,32.928453,-117.176204,2862.9,49.6,2.88,150,81,257,,True,-1.7
967,32.928429,-117.17623,2866.0,49.6,2.88,149,81,257,,True,0.0
968,32.928408,-117.176249,2869.1,49.6,2.96,149,82,255,,True,0.0
969,32.928393,-117.17627,2871.9,49.6,2.88,149,82,254,,True,0.0
970,32.928373,-117.176302,2875.2,49.6,2.98,150,82,255,,True,0.0
971,32.928366,-117.176326,2878.0,49.6,3.02,149,82,254,,True,0.0
972,32.92835,-117.176355,2881.1,49.6,3.02,149,82,254,,True,0.0
973,32.928335,-117.176384,2884.2,49.6,3.02,149,81,257,,True,0.0
974,32.928324,-117.176408,2887.0,49.6,3.02,150,81,256,,True,0.0
975,32.928308,-117.176439,2890.4,49.6,3.04,149,82,254,,True,-1.8
976,32.928295,-117.176464,2893.2,49.6,3.04,149,82,254,,True,-1.8
977,32.928279,-117.176484,2895.6,49.4,2.9,150,82,255,,True,0.0
978,32.928262,-117.176507,2898.3,49.4,2.82,149,82,255,,True,-1.8
979,32.928248,-117.176524,2900.7,49.6,2.74,150,82,254,,True,-1.7
980,32.928235,-117.176557,2904.1,49.4,2.74,149,82,252,,True,-3.1
981,32.928221,-117.176589,2907.5,49.2,2.86,149,82,249,,True,-7.5
982,32.928216,-117.176631,2911.1,49.0,3.1,149,82,246,,True,-8.0
983,32.928207,-117.176656,2914.0,48.6,3.14,149,82,245,,True,-6.8
984,32.928198,-117.176685,2916.7,48.4,3.19,148,82,245,,True,-5.7
985,32.928189,-117.176713,2919.3,48.4,3.04,148,82,246,,True,0.0
986,32.928184,-117.176736,2921.7,48.4,2.84,148,82,245,,True,1.9
987,32.928176,-117.176764,2924.4,48.6,2.66,148,82,245,,True,3.1
988,32.928168,-117.176792,2927.1,48.6,2.62,148,85,241,,True,3.9
989,32.928164,-117.176813,2929.2,48.8,2.51,148,85,241,,True,5.1
990,32.928158,-117.176842,2932.0,48.8,2.54,148,83,245,,True,8.3
991,32.928145,-117.176856,2934.0,49.0,2.46,147,83,245,,True,8.1
992,32.928136,-117.176874,2936.1,49.2,2.34,147,83,246,,True,8.1
993,32.928116,-117.176902,2939.1,49.6,2.4,146,83,247,,True,7.7
994,32.928104,-117.176921,2941.6,49.8,2.48,145,83,248,,True,7.2
995,32.928089,-117.176943,2944.4,49.8,2.48,145,81,250,,True,3.7
996,32.928073,-117.176965,2947.2,50.0,2.63,145,81,252,,True,1.8
997,32.928056,-117.176987,2949.9,50.0,2.76,144,79,258,,True,3.6
998,32.928039,-117.177008,2952.7,50.0,2.72,144,79,262,,True,1.8
999,32.928021,-117.177028,2955.5,50.2,2.78,144,80,263,,True,1.8
1000,32.928002,-117.177048,2958.3,50.2,2.78,144,81,266,,True,3.6
1001,32.927982,-117.177072,2961.3,50.2,2.83,145,81,269,,True,1.8
1002,32.927966,-117.177091,2963.9,50.4,2.79,145,81,272,,True,1.9
1003,32.927951,-117.17711,2966.4,50.4,2.74,146,81,276,,True,3.8
1004,32.927931,-117.177137,2969.1,50.4,2.72,146,81,278,,True,1.9
1005,32.92792,-117.177158,2971.8,50.6,2.7,146,81,277,,True,1.9
1006,32.927908,-117.177177,2974.3,50.6,2.6,147,81,279,,True,1.9
1007,32.927889,-117.177204,2977.2,50.6,2.67,147,81,280,,True,1.9
1008,32.927879,-117.177222,2979.6,50.6,2.64,147,82,280,,True,2.0
1009,32.927866,-117.177244,2982.1,50.8,2.6,147,81,288,,True,3.3
1010,32.927853,-117.177271,2984.4,50.8,2.52,148,81,292,,True,5.0
1011,32.927846,-117.177294,2987.0,50.8,2.54,148,81,294,,True,3.5
1012,32.927839,-117.177316,2989.4,51.0,2.44,148,81,298,,True,5.4
1013,32.927827,-117.17734,2991.7,51.2,2.42,148,81,304,,True,7.5
1014,32.927826,-117.177355,2993.4,51.2,2.26,148,81,307,,True,12.0
1015,32.927818,-117.177381,2995.6,51.4,2.24,149,81,311,,True,9.9
1016,32.927807,-117.1774,2997.7,51.6,2.14,149,81,314,,True,8.5
1017,32.927807,-117.1774,2997.7,52.0,1.66,149,81,318,,False,10.2
1018,32.927805,-117.177437,3001.5,52.2,1.96,149,81,320,,True,10.3
1019,32.927793,-117.17746,3003.5,52.2,2.02,149,80,322,,True,10.1
1020,32.927788,-117.177476,3005.4,52.4,1.96,149,79,315,,True,8.1
1021,32.92778,-117.177494,3007.3,52.6,1.92,149,79,308,,True,8.5
1022,32.927769,-117.177519,3009.6,52.8,2.38,149,79,301,,True,8.3
1023,32.92777,-117.177535,3011.4,53.0,1.98,149,79,299,,True,7.7
1024,32.927764,-117.177552,3013.3,53.2,1.96,149,79,299,,True,7.5
1025,32.927757,-117.177581,3015.5,53.2,2.02,148,79,297,,True,7.1
1026,32.92775,-117.177605,3017.7,53.4,2.08,148,79,296,,True,5.5
1027,32.927746,-117.177625,3020.2,53.6,2.12,148,79,299,,True,5.4
1028,32.927739,-117.177652,3022.6,53.8,2.24,149,79,300,,True,3.4
1029,32.927738,-117.177672,3024.3,53.8,2.2,149,79,305,,True,3.6
1030,32.927737,-117.177694,3026.7,53.8,2.24,149,79,305,,True,1.8
1031,32.927737,-117.177694,3029.4,53.8,2.34,148,78,296,,True,3.5
1032,32.927731,-117.177726,3031.4,54.0,2.232,149,78,290,,True,3.6
1033,32.927726,-117.177763,3033.6,54.0,2.2,149,79,289,,True,1.9
1034,32.927724,-117.177789,3035.8,54.2,2.3,149,79,285,,True,0.0
1035,32.927722,-117.177813,3037.8,54.2,2.22,148,79,279,,True,-1.7
1036,32.927718,-117.177836,3040.1,54.0,2.14,149,79,274,,True,-3.3
1037,32.927709,-117.177868,3042.8,54.0,2.288,149,79,266,,True,-3.9
1038,32.927708,-117.177892,3045.2,53.8,2.32,148,79,257,,True,-3.6
1039,32.9277,-117.177923,3048.1,53.8,2.46,148,79,257,,True,-3.7
1040,32.92769,-117.177954,3051.1,53.6,2.66,148,81,251,,True,-3.6
1041,32.927686,-117.177975,3053.5,53.6,2.68,149,81,252,,True,-3.5
1042,32.927676,-117.178006,3056.4,53.4,2.72,148,81,249,,True,-1.8
1043,32.927663,-117.178038,3059.6,53.4,2.88,149,81,246,,True,-1.7
1044,32.927661,-117.178061,3062.1,53.4,2.8,149,81,239,,True,-1.8
1045,32.927653,-117.178089,3065.2,53.4,2.82,149,81,232,,True,-2.8
1046,32.927653,-117.178089,3065.2,53.2,2.34,149,81,230,,False,-3.4
1047,32.927639,-117.178118,3067.7,53.2,2.26,149,81,239,,True,-5.2
1048,32.927617,-117.178177,3073.8,53.0,2.84,149,80,230,,True,-4.3
1049,32.9276,-117.178203,3076.8,52.8,2.94,148,79,231,,True,-4.1
1050,32.927594,-117.178226,3079.3,52.6,2.82,148,79,239,,True,-5.2
1051,32.927582,-117.178261,3082.5,52.6,3.46,148,79,234,,True,-5.6
1052,32.927569,-117.178284,3085.3,52.4,3.52,149,80,236,,True,-7.4
1053,32.927561,-117.178305,3087.5,52.2,2.74,148,81,233,,True,-9.7
1054,32.927548,-117.178328,3090.1,51.8,2.66,148,81,229,,True,-12.8
1055,32.92753,-117.178352,3092.8,51.6,2.7,148,81,222,,True,-13.6
1056,32.927518,-117.178368,3095.1,51.2,2.52,148,80,215,,True,-11.4
1057,32.927502,-117.178391,3097.8,50.8,2.5,148,79,209,,True,-12.7
1058,32.927476,-117.178414,3100.6,50.6,2.62,148,78,202,,True,-11.5
1059,32.927465,-117.17844,3103.8,50.2,2.74,147,78,196,,True,-9.8
1060,32.927452,-117.178479,3107.3,49.8,2.9,147,78,191,,True,-9.5
1061,32.927443,-117.178507,3110.1,49.6,3.0,147,79,190,,True,-8.0
1062,32.927431,-117.178537,3113.2,49.4,3.08,147,79,189,,True,-7.2
1063,32.92742,-117.178567,3116.3,49.2,3.14,147,79,193,,True,-5.2
1064,32.92742,-117.178589,3118.4,49.0,2.92,146,82,191,,True,-3.6
1065,32.927407,-117.17862,3121.6,49.0,2.86,146,82,191,,True,0.0
1066,32.927395,-117.178648,3124.4,49.0,2.86,146,83,194,,True,1.8
1067,32.927385,-117.178668,3126.7,49.2,2.7,145,83,194,,True,1.9
1068,32.927363,-117.178682,3129.5,49.2,2.64,144,83,195,,True,4.0
1069,32.927341,-117.178695,3132.3,49.2,2.78,143,82,196,,True,1.9
1070,32.927324,-117.178702,3134.4,49.4,2.56,142,82,200,,True,4.9
1071,32.927302,-117.17871,3137.0,49.4,2.52,142,82,205,,True,4.8
1072,32.92728,-117.178715,3139.3,49.6,2.52,141,80,209,,True,3.9
1073,32.927263,-117.178729,3141.7,49.8,2.44,141,80,214,,True,5.9
1074,32.927238,-117.178743,3144.7,49.8,2.48,140,80,219,,True,3.7
1075,32.927217,-117.178754,3147.2,50.0,2.56,140,80,223,,True,3.6
1076,32.927199,-117.178771,3150.2,50.0,2.64,140,80,227,,True,3.7
1077,32.927176,-117.17878,3152.8,50.2,2.71,140,80,231,,True,5.5
1078,32.927153,-117.178789,3155.5,50.2,2.76,139,80,235,,True,4.4
1079,32.927153,-117.178789,3155.5,50.4,2.16,139,80,241,,False,3.7
1080,32.927129,-117.178783,3158.2,50.6,2.2,139,81,244,,True,5.5
1081,32.927077,-117.17877,3163.8,50.6,2.72,139,82,244,,True,1.5
1082,32.927054,-117.178773,3166.5,50.8,2.73,139,82,247,,True,0.0
1083,32.927037,-117.178791,3168.7,50.6,2.64,139,82,252,,True,1.7
1084,32.92702,-117.178808,3170.9,50.6,3.08,139,82,254,,True,2.0
1085,32.926998,-117.178828,3173.5,50.6,3.06,139,81,257,,True,1.9
1086,32.926979,-117.178839,3175.8,50.8,2.4,139,81,259,,True,0.0
1087,32.926975,-117.178839,3176.3,51.0,1.966,138,81,260,,False,0.0
1088,32.926971,-117.178838,3176.9,51.0,1.633,139,81,261,,False,-1.9
1099,32.926927,-117.178835,3182.7,50.6,0.532,136,0,0,,False,-6.9
1100,32.926923,-117.178835,3183.2,50.6,0.532,135,0,0,,False,-9.0
1101,32.926919,-117.178834,3183.8,50.4,0.532,134,0,0,,False,-10.4
1102,32.926915,-117.178834,3184.3,50.2,0.531,133,0,0,,False,-7.9
1103,32.926884,-117.178843,3187.4,50.0,0.702,133,0,0,,True,-6.6
1104,32.92686,-117.178852,3190.4,49.8,1.537,133,0,0,,True,-3.6
1105,32.926841,-117.178858,3192.9,49.8,1.93,133,83,279,,True,-3.5
1106,32.926841,-117.178858,3195.4,49.8,2.324,134,83,283,,True,-4.1
1107,32.926818,-117.178864,3195.4,49.6,2.22,135,83,272,,False,-5.5
1108,32.926786,-117.178869,3198.9,49.6,2.3,135,83,237,,True,-13.9
1109,32.926777,-117.178869,3200.1,49.4,1.94,135,82,206,,True,-15.8
1110,32.926767,-117.178857,3201.3,49.2,1.68,135,82,174,,True,-9.8
1111,32.926764,-117.17885,3201.9,49.0,1.3,135,82,156,,False,-6.3
1123,32.926772,-117.178842,3203.0,48.4,0.131,119,0,0,,False,-3.0
1124,32.926772,-117.178842,3203.0,48.6,0.085,118,0,0,,False,0.0
1125,32.926805,-117.17885,3205.6,48.8,0.264,118,0,0,,True,5.0
1126,32.926825,-117.178848,3208.5,49.0,0.44,118,0,0,,True,3.8
1127,32.926859,-117.178837,3212.2,49.2,0.644,117,0,0,,True,3.6
1128,32.926911,-117.178809,3219.0,49.2,0.644,117,0,0,,True,3.5
1129,32.926944,-117.178795,3222.5,49.4,3.9,118,83,321,,True,3.6
1130,32.926968,-117.178783,3225.5,49.6,3.98,119,83,322,,True,4.6
1131,32.926996,-117.178769,3228.8,49.8,4.06,120,83,316,,True,4.9
1132,32.927023,-117.178755,3232.0,49.8,3.96,120,82,287,,True,3.2
1133,32.927043,-117.178742,3234.8,50.0,3.16,121,82,286,,True,1.7
1134,32.927075,-117.178735,3237.9,50.0,3.08,121,83,287,,True,1.7
1135,32.9271,-117.17874,3240.9,50.0,3.08,121,83,286,,True,0.0
1136,32.927125,-117.178744,3243.9,50.0,3.02,121,83,275,,True,1.7
1137,32.927153,-117.178742,3247.1,50.0,3.02,121,83,279,,True,1.7
1138,32.927177,-117.178741,3249.8,50.2,3.0,122,83,281,,True,1.7
1139,32.927203,-117.178729,3252.9,50.2,3.0,122,83,282,,True,1.7
1140,32.927226,-117.178715,3255.8,50.2,2.97,123,83,284,,True,-1.6
1141,32.927249,-117.1787,3258.6,50.2,2.94,123,82,276,,True,-3.4
1142,32.927284,-117.17869,3262.1,50.0,3.0,123,81,273,,True,-5.2
1143,32.927301,-117.178684,3264.6,49.8,2.96,124,81,270,,True,-6.8
1144,32.927326,-117.178678,3267.2,49.6,2.86,124,81,270,,True,-7.6
1145,32.927326,-117.178678,3270.4,49.4,2.93,125,83,266,,True,-5.0
1146,32.927352,-117.178654,3272.6,49.2,2.801,125,83,265,,True,-6.5
1147,32.927385,-117.178595,3276.6,49.2,2.9,126,83,260,,True,-6.6
1148,32.927393,-117.178567,3279.6,48.8,3.0,126,83,258,,True,-4.4
1149,32.927401,-117.178539,3282.6,48.6,3.08,127,82,259,,True,-4.8
1150,32.927417,-117.178499,3286.2,48.6,3.16,128,82,258,,True,-1.6
1151,32.927419,-117.178476,3289.1,48.6,3.299,128,83,258,,True,0.0
1152,32.927436,-117.17845,3292.0,48.6,3.08,129,83,258,,True,0.0
1153,32.927452,-117.178423,3294.9,48.6,3.06,130,83,256,,True,0.0
1154,32.927461,-117.178403,3297.2,48.6,2.92,130,83,255,,True,0.0
1155,32.927476,-117.178379,3300.0,48.6,2.76,130,83,254,,True,3.6
1156,32.927488,-117.178361,3302.1,48.6,2.6,131,82,248,,True,7.3
1157,32.927489,-117.178339,3304.1,48.8,2.42,131,82,246,,True,11.8
1158,32.927489,-117.178317,3306.1,49.0,2.24,131,82,246,,True,13.0
1159,32.92749,-117.178295,3308.1,49.4,2.18,131,82,239,,True,18.2
1160,32.927499,-117.178276,3310.2,49.8,2.04,132,82,241,,True,15.8
1161,32.927516,-117.178246,3312.9,50.0,2.16,132,82,239,,True,12.7
1162,32.927516,-117.178246,3312.9,50.4,1.76,132,81,240,,False,11.5
1163,32.927517,-117.178237,3314.2,50.4,1.62,132,81,244,,True,7.6
1164,32.927505,-117.178224,3315.7,50.6,1.52,132,81,229,,True,3.8
1165,32.927478,-117.178186,3320.3,50.8,2.02,133,80,209,,True,3.4
1166,32.927454,-117.17816,3323.4,50.8,2.1,133,81,227,,True,3.2
1167,32.92744,-117.178146,3325.8,50.8,2.59,134,81,239,,True,1.9
1168,32.927425,-117.178131,3328.3,51.0,2.82,134,81,265,,True,3.3
1169,32.927398,-117.178115,3331.0,51.0,3.06,136,81,281,,True,3.1
1170,32.927381,-117.178114,3333.2,51.2,2.58,137,83,272,,True,1.9
1171,32.927356,-117.178104,3335.6,51.2,2.44,138,82,269,,True,1.9
1172,32.92733,-117.178092,3338.8,51.2,2.59,139,82,274,,True,0.0
1173,32.927309,-117.178089,3341.5,51.2,2.64,139,82,279,,True,0.0
1174,32.927277,-117.178071,3344.9,51.2,2.78,139,82,293,,True,-1.8
1175,32.927258,-117.178065,3347.4,51.2,2.84,139,82,304,,True,-1.7
1176,32.927235,-117.178063,3350.1,51.0,2.9,140,82,309,,True,-1.9
1177,32.927205,-117.178053,3353.1,51.0,2.86,140,82,306,,True,-3.5
1178,32.927184,-117.178046,3355.4,51.0,2.78,141,82,293,,True,-1.7
1179,32.927165,-117.178018,3358.7,50.8,2.76,142,82,288,,True,-3.4
1180,32.927145,-117.17799,3362.0,50.8,2.92,143,82,283,,True,-3.1
1181,32.927136,-117.177964,3364.8,50.6,2.94,144,82,283,,True,0.0
1182,32.927136,-117.177964,3364.8,50.6,2.34,144,82,282,,False,0.0
1183,32.927131,-117.177923,3368.2,50.6,2.56,145,82,280,,True,1.7
1184,32.927145,-117.177872,3373.6,50.8,2.98,145,82,279,,True,1.4
1185,32.927166,-117.177843,3376.9,50.8,2.98,145,82,277,,True,2.9
1186,32.927184,-117.177833,3379.3,50.8,2.9,145,82,278,,True,3.6
1187,32.927203,-117.17782,3381.9,51.0,3.42,144,81,277,,True,10.2
1188,32.927227,-117.177798,3384.7,51.2,3.3,144,81,276,,True,11.9
1189,32.927235,-117.17778,3386.7,51.6,2.62,144,81,277,,True,12.7
1190,32.927235,-117.17778,3386.7,51.8,1.96,144,81,283,,False,12.1
1191,32.92724,-117.17776,3388.7,52.2,1.88,145,80,290,,True,11.1
1192,32.92722,-117.17773,3391.9,52.4,2.0,145,80,286,,True,7.5
1193,32.927207,-117.177708,3394.6,52.4,1.98,145,81,285,,True,3.6
1194,32.92719,-117.177689,3397.3,52.6,2.12,146,81,286,,True,2.0
1195,32.927175,-117.177671,3399.8,52.6,2.62,146,80,290,,True,1.9
1196,32.927161,-117.177653,3401.9,52.6,2.64,146,80,295,,True,0.0
1197,32.927141,-117.177631,3404.9,52.6,2.6,146,80,288,,True,-1.8
1198,32.927122,-117.17761,3407.7,52.6,2.62,146,81,281,,True,-3.7
1199,32.927102,-117.177589,3410.8,52.4,2.7,146,81,286,,True,-7.1
1200,32.927094,-117.177568,3412.8,52.2,2.6,146,81,284,,True,-10.3
1201,32.92709,-117.17755,3414.6,52.0,2.54,147,80,280,,True,-11.2
1202,32.927089,-117.17753,3416.2,51.8,2.26,147,80,251,,True,-18.6
1203,32.927092,-117.177518,3417.4,51.6,1.94,147,80,228,,True,-15.9
1204,32.927094,-117.177508,3418.4,51.4,1.52,148,80,210,,True,-16.6
1205,32.927083,-117.177502,3419.4,51.2,1.32,148,81,186,,True,-17.1
1206,32.927083,-117.177502,3419.4,50.8,0.96,149,81,174,,False,-19.1
1207,32.927075,-117.177477,3422.1,50.6,1.18,149,81,159,,True,-18.6
1208,32.927074,-117.17746,3423.6,50.4,1.244,148,81,159,,True,-19.5
1209,32.927072,-117.177444,3425.1,50.2,1.348,148,83,157,,True,-15.5
1210,32.927071,-117.177427,3426.7,49.8,1.452,147,83,143,,True,-18.8
1211,32.927069,-117.177411,3428.2,49.6,1.756,147,83,131,,True,-19.5
1212,32.927068,-117.177394,3429.7,49.2,1.52,146,79,136,,True,-21.0
1213,32.927075,-117.177372,3431.7,49.0,1.616,146,79,156,,True,-19.1
1214,32.927079,-117.177362,3432.7,48.6,1.518,144,79,167,,True,-20.7
1215,32.927071,-117.177354,3433.9,48.4,1.445,143,79,163,,True,-22.2
1216,32.927066,-117.177348,3434.7,48.2,1.299,143,79,140,,False,-23.0
1217,32.927059,-117.177328,3436.7,48.0,1.398,142,79,127,,True,-27.9
1218,32.92706,-117.177316,3437.8,47.6,1.229,141,79,123,,True,-25.8
1219,32.927062,-117.177303,3439.0,47.2,1.252,141,41,118,,True,-20.6
1220,32.927063,-117.177291,3440.1,46.8,1.251,140,41,30,,True,-20.3
1221,32.927064,-117.177279,3441.3,46.4,1.323,139,41,23,,True,-17.7
1222,32.927066,-117.177266,3442.4,46.0,1.151,137,0,0,,True,-13.9
1223,32.927067,-117.177254,3443.6,45.8,1.151,136,0,0,,True,-8.8
1224,32.92708,-117.177222,3446.5,45.8,1.501,136,0,0,,True,0.0
1225,32.92709,-117.177201,3449.1,45.8,1.792,135,0,0,,True,1.9
1226,32.927099,-117.177182,3451.5,45.8,2.041,135,79,0,,True,3.8
1227,32.927107,-117.177153,3454.2,46.0,2.361,134,79,231,,True,5.7
1228,32.927115,-117.177123,3457.0,46.2,2.68,134,82,222,,True,3.5
1229,32.927123,-117.177096,3459.7,46.4,2.64,134,82,208,,True,1.7
1230,32.927143,-117.17707,3462.9,46.2,2.76,134,82,191,,True,0.0
1231,32.927162,-117.177044,3466.1,46.2,2.92,134,82,204,,True,-3.2
1232,32.92718,-117.177016,3469.3,46.2,3.01,134,82,224,,True,-3.3
1233,32.927201,-117.176997,3472.2,46.0,3.04,134,80,239,,True,-3.3
1234,32.927217,-117.176979,3475.0,45.8,3.06,135,80,230,,True,-3.3
1235,32.927248,-117.17696,3478.4,45.8,3.1,135,82,217,,True,-1.7
1236,32.927271,-117.176951,3481.3,45.8,3.04,136,82,208,,True,0.0
1237,32.927294,-117.176943,3484.1,45.8,2.96,136,83,212,,True,1.8
1238,32.927325,-117.176941,3487.1,45.8,2.98,137,83,215,,True,3.5
1239,32.927347,-117.17694,3489.8,46.0,2.96,137,83,216,,True,3.4
1240,32.927375,-117.176941,3492.7,46.2,2.86,138,82,219,,True,5.4
1241,32.927404,-117.17694,3495.8,46.2,2.9,139,82,220,,True,5.5
1242,32.927425,-117.176929,3498.3,46.4,2.83,139,82,224,,True,4.2
1243,32.927446,-117.176918,3500.7,46.6,2.72,140,83,228,,True,1.8
1244,32.927446,-117.176918,3500.7,46.6,2.18,140,83,231,,False,1.9
1245,32.927461,-117.176911,3502.3,46.6,1.92,141,83,233,,True,0.0
1246,32.927454,-117.176916,3502.3,46.6,1.3,141,83,231,,False,-1.3
1247,32.927435,-117.176927,3504.1,46.4,1.17,142,83,232,,True,-1.3
1248,32.927417,-117.176939,3506.4,46.4,1.14,142,81,235,,True,-1.4
1249,32.927389,-117.17695,3509.9,46.4,1.84,142,80,236,,True,0.0
1250,32.927331,-117.176969,3516.6,46.4,2.86,142,80,246,,True,0.0
1251,32.9273,-117.176975,3519.9,46.4,3.52,142,80,252,,True,-1.2
1252,32.927268,-117.176981,3523.2,46.4,3.82,141,80,248,,True,-3.1
1253,32.927245,-117.176996,3526.2,46.2,3.96,141,81,244,,True,-3.1
1254,32.927217,-117.177017,3529.6,46.0,3.94,140,81,242,,True,-4.7
1255,32.927202,-117.177043,3532.8,46.0,3.24,139,81,262,,True,-3.1
1256,32.927188,-117.17707,3535.9,45.8,3.2,139,81,260,,True,-1.6
1257,32.927168,-117.177093,3539.1,45.8,3.18,139,82,259,,True,0.0
1258,32.927152,-117.177112,3541.8,45.8,3.12,139,83,257,,True,1.8
1259,32.927134,-117.177145,3544.9,46.0,3.06,139,83,250,,True,1.9
1260,32.927125,-117.177168,3547.2,46.0,2.88,138,83,249,,True,3.8
1261,32.927125,-117.177191,3549.4,46.0,2.7,139,83,247,,True,1.6
1262,32.927115,-117.177226,3552.4,46.2,2.66,139,83,240,,True,1.9
1263,32.927102,-117.177244,3554.8,46.2,2.6,139,84,238,,True,0.0
1264,32.927088,-117.177273,3557.6,46.2,2.54,139,84,237,,True,-1.9
1265,32.927079,-117.177295,3560.2,46.0,2.6,139,84,237,,True,-4.0
1266,32.927069,-117.177316,3562.8,46.0,2.68,140,84,238,,True,-6.7
1267,32.927056,-117.177334,3564.8,45.8,2.48,141,84,237,,True,-11.0
1268,32.927045,-117.177343,3566.5,45.6,2.34,142,84,235,,True,-12.0
1269,32.927045,-117.177346,3566.5,45.6,1.78,142,79,233,,False,-15.4
1270,32.927043,-117.177349,3566.7,45.4,1.3,142,79,224,,False,-17.6
1271,32.927043,-117.177349,3566.7,45.2,0.78,142,79,222,,False,-24.4
1272,32.927035,-117.177354,3567.4,45.0,0.52,142,79,220,,False,-24.2
1273,32.927019,-117.17737,3569.3,44.8,0.56,142,79,154,,True,-24.1
1274,32.927019,-117.17737,3569.3,44.6,0.56,142,79,92,,False,-27.7
1275,32.927013,-117.177361,3570.4,44.2,0.74,141,79,87,,True,-26.0
1276,32.927013,-117.177361,3570.4,44.0,0.74,141,79,83,,False,-29.9
1277,32.927001,-117.17735,3571.8,43.8,0.88,141,79,88,,True,-32.2
1278,32.927003,-117.177344,3572.2,43.6,0.58,141,79,89,,False,-25.7
1279,32.927005,-117.177337,3572.7,43.6,0.68,142,79,86,,False,-24.3
1280,32.92701,-117.177329,3573.6,43.4,0.64,142,0,80,,True,-22.0
1281,32.927013,-117.17733,3573.8,43.4,0.68,142,0,0,,False,-22.7
1282,32.927013,-117.177324,3574.2,43.2,0.48,141,0,0,,False,-23.5
1283,32.927009,-117.177316,3574.8,43.2,0.52,140,0,0,,False,-18.2
1284,32.927009,-117.177316,3574.8,43.0,0.42,140,0,0,,False,-19.2
1285,32.92701,-117.177309,3575.2,43.0,0.32,139,0,0,,False,-17.2
1286,32.927009,-117.177309,3575.2,43.0,0.28,138,0,0,,False,-16.0
1287,32.927009,-117.177309,3575.2,42.8,0.2,137,0,0,,False,-14.4
1288,32.926998,-117.177293,3577.4,42.8,0.52,136,104,0,,True,-16.2
1289,32.92699,-117.17729,3578.4,42.6,0.72,135,104,0,,True,-17.6
1290,32.926985,-117.177288,3579.0,42.6,0.76,134,104,32,,False,-19.6
1291,32.926983,-117.177284,3579.5,42.4,0.86,133,0,0,,False,-20.4
1292,32.926983,-117.177284,3580.3,42.4,1.02,132,0,0,,False,-21.6
1293,32.926975,-117.177272,3580.8,42.2,0.68,131,0,0,,False,-22.4
1294,32.926974,-117.177271,3581.1,42.2,0.54,130,0,0,,False,-22.4
1295,32.92697,-117.177271,3581.5,42.2,0.5,130,0,0,,False,-20.8
1296,32.926968,-117.177271,3581.8,42.2,0.46,129,0,0,,False,-20.0
1297,32.926966,-117.177273,3581.9,42.2,0.32,129,0,0,,False,-17.9
1298,32.926965,-117.177273,3582.1,42.0,0.26,129,0,0,,False,-16.1
1299,32.926963,-117.177275,3582.1,42.0,0.2,128,0,0,,False,-17.3
1300,32.926961,-117.177277,3582.4,41.8,0.18,128,0,0,,False,-13.2
1301,32.926958,-117.177276,3582.5,41.6,0.14,128,0,0,,False,-11.0
1302,32.926958,-117.177276,3582.9,41.6,0.2,128,0,0,,False,-11.9
1303,32.92695,-117.177273,3583.4,41.4,0.26,127,0,0,,False,-7.6
1304,32.926945,-117.177274,3583.8,41.2,0.34,126,0,0,,False,-7.6
1305,32.926941,-117.177274,3584.0,41.0,0.32,124,0,0,,False,-7.8
1306,32.926941,-117.177274,3584.0,41.0,0.3,123,0,0,,False,-5.7
1307,32.926941,-117.177274,3584.0,41.0,0.22,122,0,0,,False,-5.7
1308,32.926935,-117.177273,3584.8,41.0,0.28,121,0,0,,False,-2.0
1309,32.926923,-117.177269,3586.4,41.0,0.52,121,0,0,,True,0.0
1310,32.926912,-117.177263,3587.8,41.0,0.76,120,43,0,,True,4.2
1311,32.926903,-117.177255,3589.0,41.2,1.0,119,43,0,,True,5.4
1312,32.926893,-117.177245,3590.4,41.2,1.28,118,43,0,,True,7.3
1313,32.926893,-117.177245,3591.3,41.4,1.3,118,43,0,,True,7.8
1314,32.926879,-117.177241,3592.0,41.4,1.12,117,43,0,,True,14.0
1315,32.92687,-117.177241,3592.7,41.4,0.98,117,43,0,,True,17.2
1316,32.926865,-117.177245,3593.4,41.6,0.88,117,43,0,,True,20.0
1317,32.926865,-117.177245,3593.4,41.6,0.6,117,43,0,,False,25.3
1318,32.926852,-117.177242,3595.0,41.8,0.74,117,43,0,,True,26.4
1319,32.926847,-117.177237,3595.7,42.0,0.74,118,43,30,,True,29.7
1320,32.926841,-117.177233,3596.4,42.4,0.74,118,43,35,,True,30.5
1321,32.926836,-117.17723,3597.1,42.6,0.74,118,55,58,,True,38.2
1322,32.926833,-117.177226,3597.8,43.0,0.88,119,56,59,,True,40.8
1323,32.92683,-117.17722,3598.5,43.2,0.7,119,0,60,,True,31.2
1324,32.92683,-117.17722,3598.5,43.6,0.56,119,0,25,,False,33.6
1325,32.926814,-117.177222,3599.6,44.0,0.64,120,0,25,,True,32.4
1326,32.926808,-117.17722,3600.5,44.2,0.68,120,51,27,,True,28.8
1327,32.926797,-117.177218,3601.8,44.6,0.8,120,51,78,,True,28.8
1328,32.926797,-117.177218,3601.8,45.2,0.66,121,51,85,,False,24.0
1329,32.926787,-117.177212,3603.0,45.6,0.9,122,51,95,,True,27.3
1330,32.926758,-117.177176,3607.5,46.0,1.58,122,51,107,,True,21.7
1331,32.926748,-117.177161,3609.6,46.4,1.82,123,51,118,,True,17.4
1332,32.926748,-117.177161,3609.6,46.8,1.56,123,51,128,,False,22.2
1333,32.926742,-117.177141,3611.5,47.2,1.94,125,75,281,,True,17.2
1334,32.92674,-117.177096,3615.6,47.6,2.52,126,78,316,,True,16.4
1335,32.92674,-117.177096,3615.6,47.8,1.62,128,78,340,,False,12.7
1336,32.926744,-117.177089,3616.8,48.0,1.44,130,77,344,,True,12.0
1337,32.926726,-117.177074,3619.1,48.0,1.9,131,77,292,,True,15.4
1338,32.926714,-117.177065,3620.6,48.2,1.82,132,74,268,,True,16.3
1339,32.926709,-117.17706,3621.5,48.4,1.18,133,74,259,,True,17.9
1340,32.926703,-117.177056,3622.1,48.6,1.3,134,74,258,,True,16.0
1341,32.926694,-117.177041,3623.4,48.8,1.32,136,74,255,,True,18.7
1342,32.92669,-117.177032,3624.6,49.0,1.1,140,74,247,,True,17.6
1343,32.926689,-117.177026,3625.4,49.2,0.96,142,0,0,,True,18.0
1344,32.926687,-117.177009,3626.8,49.6,1.06,143,0,0,,True,15.0
1345,32.926682,-117.176989,3628.5,49.8,1.28,144,0,0,,True,17.0
1346,32.926681,-117.176981,3629.8,50.0,1.28,144,0,0,,True,15.7
1347,32.926681,-117.176981,3630.8,50.0,1.24,144,0,0,,True,12.6
1348,32.926674,-117.176962,3631.5,50.2,1.22,143,0,0,,True,10.9
1349,32.926668,-117.176952,3632.8,50.2,1.2,144,0,0,,True,11.5
1350,32.926668,-117.176952,3632.8,50.4,0.86,144,0,0,,False,9.9
1351,32.926662,-117.176929,3634.9,50.6,1.02,144,0,0,,True,12.0
1352,32.926655,-117.17691,3636.5,50.6,1.14,144,47,0,,True,9.7
1353,32.926647,-117.1769,3637.8,50.8,1.26,144,47,123,,True,13.3
1354,32.926638,-117.176896,3638.9,51.0,1.22,145,47,151,,True,11.9
1355,32.926631,-117.176893,3639.9,51.0,1.42,145,47,158,,True,10.4
1356,32.926622,-117.176895,3640.8,51.2,1.18,145,51,164,,True,13.4
1357,32.926613,-117.176894,3641.8,51.2,1.06,144,51,178,,True,13.2
1358,32.926613,-117.176894,3641.8,51.4,0.8,145,51,183,,False,11.5
1359,32.926583,-117.176888,3644.6,51.6,1.14,145,51,186,,True,11.7
1360,32.926571,-117.176891,3646.4,51.8,1.3,145,51,191,,True,13.3
1361,32.926552,-117.176882,3648.4,52.2,1.52,145,51,197,,True,11.7
1362,32.92653,-117.176871,3651.1,52.4,1.86,144,51,202,,True,11.8
1363,32.926508,-117.176859,3653.8,52.8,2.4,144,51,220,,True,7.1
1364,32.926486,-117.176845,3656.6,53.0,2.4,144,77,295,,True,5.5
1365,32.926465,-117.176827,3659.6,53.0,2.64,144,77,332,,True,0.0
1366,32.926448,-117.176812,3662.0,53.0,2.72,143,77,398,,True,-4.1
1367,32.926427,-117.176792,3664.9,52.8,2.76,144,77,411,,True,-5.2
1368,32.926427,-117.176792,3664.9,52.6,2.22,145,79,413,,False,-6.2
1369,32.926412,-117.176755,3671.2,52.4,2.92,146,79,418,,True,-7.2
1370,32.926389,-117.176688,3675.0,52.2,3.08,146,79,407,,True,-6.9
1371,32.926393,-117.176647,3678.7,51.8,3.34,146,80,437,,True,-8.2
1372,32.926397,-117.176613,3682.2,51.4,3.46,147,80,440,,True,-8.9
1373,32.926411,-117.176578,3685.8,51.2,4.18,149,80,434,,True,-6.2
1374,32.926422,-117.176552,3688.5,51.0,3.46,149,80,422,,True,-3.2
1375,32.926434,-117.176524,3691.6,51.0,3.32,149,82,397,,True,-1.7
1376,32.926447,-117.176491,3694.8,51.0,3.22,149,84,362,,True,0.0
1377,32.926449,-117.176464,3697.4,51.0,3.04,149,83,349,,True,0.0
1378,32.926459,-117.176424,3700.6,51.0,2.96,149,83,338,,True,0.0
1379,32.926467,-117.1764,3703.6,51.0,3.02,148,83,324,,True,0.0
1380,32.926477,-117.176373,3706.5,51.0,2.98,149,82,316,,True,1.7
1381,32.92649,-117.176336,3709.7,51.0,2.98,149,82,311,,True,1.8
1382,32.92649,-117.176317,3712.2,51.2,2.96,149,82,305,,True,3.8
1383,32.926499,-117.176293,3714.8,51.2,2.84,149,82,302,,True,7.3
1384,32.926506,-117.176264,3717.0,51.4,2.68,149,83,297,,True,9.4
1385,32.926501,-117.17625,3718.8,51.8,2.46,150,83,294,,True,12.9
1386,32.926507,-117.176231,3720.6,51.8,2.18,150,83,296,,True,12.4
1387,32.926516,-117.176205,3722.8,52.2,2.12,150,82,302,,True,12.3
1388,32.926513,-117.176194,3724.1,52.4,1.86,150,81,306,,True,12.0
1389,32.926515,-117.176172,3726.1,52.6,1.82,150,80,310,,True,13.5
1390,32.926517,-117.176144,3728.4,52.8,1.92,150,80,318,,True,12.0
1391,32.926521,-117.176122,3730.4,53.2,1.967,150,80,309,,True,11.8
1392,32.926524,-117.176099,3732.5,53.4,1.933,151,80,311,,True,9.3
1393,32.926528,-117.176077,3734.5,53.6,2.08,151,79,296,,True,7.0
1394,32.926532,-117.176061,3736.3,53.8,2.04,151,79,295,,True,5.2
1395,32.926539,-117.176035,3739.2,53.8,2.16,151,79,296,,True,5.2
1396,32.926551,-117.176007,3741.9,54.0,2.293,151,80,308,,True,3.4
1397,32.926551,-117.175989,3743.9,54.0,2.287,151,80,324,,True,1.8
1398,32.926558,-117.175968,3746.0,54.2,2.3,152,80,327,,True,0.0
1399,32.926571,-117.17595,3748.1,54.2,2.36,152,80,330,,True,-1.8
1400,32.926584,-117.175932,3750.2,54.0,2.2,152,80,293,,True,-7.1
1401,32.92659,-117.175911,3752.4,54.0,2.1,152,80,287,,True,-8.5
1402,32.926594,-117.175877,3755.1,53.8,2.24,152,80,274,,True,-9.4
1403,32.926595,-117.175857,3757.2,53.4,2.24,152,80,261,,True,-11.4
1404,32.926606,-117.175833,3759.9,53.2,2.36,152,78,254,,True,-13.7
1405,32.926627,-117.175804,3762.9,52.8,2.54,152,78,245,,True,-12.5
1406,32.926638,-117.175787,3765.3,52.4,2.58,152,78,236,,True,-14.3
1407,32.926655,-117.17576,3768.4,52.0,2.66,151,78,233,,True,-15.0
1408,32.926669,-117.175737,3771.1,51.6,2.78,151,80,229,,True,-12.4
1409,32.926679,-117.175716,3773.6,51.2,2.74,151,80,229,,True,-12.8
1410,32.926695,-117.175683,3776.6,51.0,2.74,151,80,226,,True,-12.4
1411,32.926706,-117.175661,3779.3,50.6,2.8,151,81,216,,True,-11.9
1412,32.926719,-117.175635,3782.4,50.2,2.8,151,82,209,,True,-11.7
1413,32.926732,-117.175601,3785.4,49.8,2.86,151,82,201,,True,-9.5
1414,32.926745,-117.175572,3788.6,49.6,3.0,150,82,197,,True,-7.8
1415,32.926762,-117.175544,3791.9,49.4,3.06,150,81,197,,True,-6.3
1416,32.926778,-117.175512,3795.2,49.2,3.18,150,81,196,,True,-4.7
1417,32.926784,-117.175484,3798.1,49.0,3.14,150,81,196,,True,-4.8
1418,32.926794,-117.175446,3801.5,49.0,3.22,150,81,198,,True,-3.3
1419,32.926798,-117.175416,3804.5,48.8,3.18,150,81,198,,True,-1.7
1420,32.9268,-117.175392,3807.2,48.8,3.06,150,82,209,,True,-3.5
1421,32.926809,-117.175353,3810.2,48.8,3.0,149,82,209,,True,-1.8
1422,32.926813,-117.175324,3813.1,48.6,2.99,149,82,206,,True,-1.8
1423,32.926818,-117.175295,3815.9,48.6,2.88,149,82,203,,True,-1.9
1424,32.926815,-117.175271,3818.5,48.6,2.8,149,83,203,,True,0.0
1425,32.926811,-117.175247,3820.7,48.6,2.7,149,83,205,,True,0.0
1426,32.926807,-117.175219,3823.3,48.6,2.61,148,83,208,,True,0.0
1427,32.926802,-117.175191,3825.8,48.6,2.55,148,83,208,,True,0.0
1428,32.926795,-117.175162,3828.6,48.6,2.54,148,83,211,,True,0.0
1429,32.92679,-117.175121,3832.0,48.6,2.7,147,83,213,,True,-1.6
1430,32.926781,-117.175094,3835.2,48.6,2.9,147,83,214,,True,-1.6
1431,32.926768,-117.175058,3838.4,48.4,3.03,146,83,217,,True,-1.7
1432,32.926758,-117.175033,3841.3,48.4,3.1,146,82,223,,True,-1.7
1433,32.926746,-117.175011,3844.1,48.4,3.1,146,82,229,,True,1.8
1434,32.926736,-117.174983,3846.9,48.4,2.98,145,82,233,,True,1.4
1435,32.926725,-117.174955,3849.7,48.6,2.9,146,82,234,,True,1.8
1436,32.926725,-117.174955,3849.7,48.6,2.26,146,82,235,,False,1.7
1437,32.926719,-117.174924,3855.5,48.6,2.84,146,82,238,,True,0.0
1438,32.926709,-117.174865,3858.4,48.6,2.86,145,82,242,,True,1.7
1439,32.926702,-117.174826,3861.7,48.6,2.96,146,82,246,,True,3.8
1440,32.926702,-117.174826,3861.7,48.8,2.4,145,82,250,,False,4.0
1441,32.926688,-117.174788,3865.9,49.0,3.24,145,82,254,,True,5.4
1442,32.926692,-117.174755,3868.5,49.0,2.6,145,82,259,,True,3.6
1443,32.926692,-117.17474,3870.2,49.2,2.36,145,82,260,,True,2.0
1444,32.926701,-117.17471,3872.9,49.2,2.24,145,82,261,,True,1.9
1445,32.926715,-117.174681,3875.9,49.2,2.84,144,83,262,,True,0.0
1446,32.926727,-117.174649,3879.1,49.2,2.64,145,83,261,,True,-1.5
1447,32.926741,-117.174611,3882.9,49.2,2.88,145,83,260,,True,-1.5
1448,32.926749,-117.174583,3886.1,49.0,3.18,145,82,261,,True,-2.9
1449,32.926761,-117.174545,3889.6,49.0,3.34,144,82,263,,True,-4.6
1450,32.926771,-117.174512,3893.1,48.8,3.44,144,82,263,,True,-3.0
1451,32.926776,-117.174485,3896.0,48.6,3.38,144,82,263,,True,-4.6
1452,32.926792,-117.174443,3899.6,48.6,3.34,145,84,264,,True,-3.1
1453,32.926794,-117.174416,3902.7,48.4,3.32,145,84,261,,True,-1.5
1454,32.926806,-117.174385,3906.0,48.4,3.28,144,84,264,,True,-1.6
1455,32.926825,-117.174354,3909.1,48.4,3.2,144,84,264,,True,0.0
1456,32.926833,-117.17433,3911.9,48.4,3.18,144,84,268,,True,0.0
1457,32.926852,-117.174286,3915.7,48.4,3.22,145,83,268,,True,-1.6
1458,32.926862,-117.174262,3918.5,48.4,3.16,144,83,266,,True,-1.6
1459,32.926872,-117.174238,3921.3,48.2,3.06,144,83,273,,True,-3.6
1460,32.926882,-117.174209,3924.3,48.2,3.04,145,82,269,,True,-3.4
1461,32.926891,-117.174184,3926.9,48.0,3.0,144,82,267,,True,-3.4
1462,32.926907,-117.174149,3930.2,48.0,2.9,144,82,264,,True,-3.5
1463,32.926919,-117.174124,3933.0,47.8,2.9,145,83,263,,True,-1.6
1464,32.926928,-117.174099,3935.8,47.8,2.9,144,83,262,,True,0.0
1465,32.926943,-117.174062,3939.1,47.8,2.96,144,83,262,,True,1.7
1466,32.92695,-117.174038,3942.1,48.0,3.04,144,83,261,,True,1.7
1467,32.926961,-117.174009,3944.9,48.0,2.94,145,83,265,,True,1.7
1468,32.926973,-117.173979,3947.8,48.0,2.96,144,83,267,,True,0.0
1469,32.926984,-117.173956,3950.7,48.0,2.98,144,83,264,,True,0.0
1470,32.927006,-117.173933,3953.9,48.0,2.95,144,83,263,,True,0.0
1471,32.927029,-117.17391,3957.0,48.0,2.98,145,83,261,,True,0.0
1472,32.927051,-117.173896,3960.0,48.0,3.02,144,83,266,,True,0.0
1473,32.927077,-117.173876,3963.1,48.0,3.06,144,82,268,,True,1.7
1474,32.927089,-117.173861,3965.2,48.0,2.9,145,82,268,,True,1.7
1475,32.92712,-117.173841,3968.8,48.2,2.99,145,82,269,,True,1.8
1476,32.927142,-117.173827,3971.8,48.2,2.96,145,83,267,,True,1.6
1477,32.927161,-117.173812,3974.5,48.2,2.9,145,82,270,,True,0.0
1478,32.927189,-117.17379,3977.8,48.2,2.94,144,82,270,,True,0.0
1479,32.927207,-117.173782,3980.2,48.2,3.0,145,82,270,,True,0.0
1480,32.927228,-117.173769,3982.9,48.2,2.82,145,82,266,,True,0.0
1481,32.927254,-117.173746,3986.1,48.2,2.86,145,82,263,,True,0.0
1482,32.927272,-117.173728,3988.8,48.2,2.86,145,82,264,,True,0.0
1483,32.92729,-117.17371,3991.5,48.2,2.74,145,82,264,,True,0.0
1484,32.927313,-117.173695,3994.4,48.2,2.84,145,82,264,,True,-1.7
1485,32.927327,-117.173677,3997.0,48.2,2.82,145,80,265,,True,-1.7
1486,32.927352,-117.173641,4000.7,48.0,2.92,145,80,265,,True,0.0
1487,32.927363,-117.173628,4003.0,48.0,2.84,144,80,265,,True,0.0
1488,32.92738,-117.173611,4005.5,48.2,2.8,145,82,264,,True,1.6
1489,32.927398,-117.173583,4008.4,48.2,2.8,144,83,263,,True,1.9
1490,32.927401,-117.173561,4010.6,48.2,2.72,145,83,262,,True,0.0
1491,32.927416,-117.173534,4013.5,48.2,2.56,145,83,261,,True,0.0
1492,32.927429,-117.173514,4015.9,48.2,2.58,145,82,260,,True,0.0
1493,32.92744,-117.173494,4018.3,48.2,2.56,146,82,260,,True,1.6
1494,32.927453,-117.173464,4020.8,48.2,2.48,146,82,259,,True,2.0
1495,32.927459,-117.173444,4023.0,48.2,2.48,146,82,257,,True,1.9
1496,32.927473,-117.17342,4025.9,48.4,2.48,146,82,259,,True,1.9
1497,32.927488,-117.173394,4029.0,48.4,2.62,146,82,259,,True,1.8
1498,32.9275,-117.173374,4031.4,48.4,2.62,147,82,258,,True,0.0
1499,32.927511,-117.173338,4034.3,48.4,2.7,146,82,257,,True,0.0
1500,32.927516,-117.173317,4036.9,48.4,2.78,146,82,257,,True,0.0
1501,32.927522,-117.173293,4039.4,48.4,2.7,146,82,258,,True,0.0
1502,32.927535,-117.173256,4042.4,48.4,2.68,146,82,258,,True,0.0
1503,32.927544,-117.173233,4044.8,48.4,2.69,147,82,258,,True,1.8
1504,32.927553,-117.173209,4047.3,48.4,2.6,147,82,259,,True,1.9
1505,32.927564,-117.173181,4050.3,48.6,2.68,147,83,258,,True,1.8
1506,32.927572,-117.173157,4052.9,48.6,2.7,148,83,257,,True,1.7
1507,32.927589,-117.173121,4056.1,48.6,2.74,149,83,257,,True,0.0
1508,32.927601,-117.173103,4058.8,48.6,2.79,149,82,257,,True,0.0
1509,32.927617,-117.173078,4062.1,48.6,2.96,149,83,259,,True,0.0
1510,32.927638,-117.173045,4065.4,48.6,3.02,149,83,260,,True,1.7
1511,32.927648,-117.173026,4067.6,48.6,2.94,149,83,261,,True,1.8
1512,32.927661,-117.173002,4070.4,48.8,2.85,149,82,262,,True,0.0
1513,32.927674,-117.172978,4073.1,48.8,2.86,148,82,262,,True,0.0
1514,32.927687,-117.172955,4075.8,48.6,2.74,149,82,260,,True,-1.9
1515,32.927705,-117.172925,4078.6,48.6,2.64,149,82,258,,True,-1.7
1516,32.927708,-117.1729,4081.1,48.6,2.7,148,82,257,,True,0.0
1517,32.927727,-117.172869,4085.0,48.6,2.93,149,82,257,,True,1.6
1518,32.92775,-117.172845,4088.2,48.6,3.02,149,82,258,,True,0.0
1519,32.927761,-117.172825,4090.8,48.8,3.0,149,82,257,,True,0.0
1520,32.927784,-117.172792,4094.3,48.6,3.14,149,82,258,,True,0.0
1521,32.927797,-117.172768,4097.2,48.6,3.22,148,83,256,,True,-1.6
1522,32.927809,-117.172744,4100.0,48.6,3.0,149,82,258,,True,0.0
1523,32.927828,-117.172708,4103.4,48.6,3.04,149,82,259,,True,1.7
1524,32.927833,-117.172686,4106.0,48.6,3.04,148,82,258,,True,1.3
1525,32.927851,-117.172657,4109.3,48.8,3.0,149,82,259,,True,1.7
1526,32.927851,-117.172657,4109.3,48.8,2.42,149,82,259,,False,1.6
1527,32.927872,-117.172629,4115.0,48.8,3.0,148,82,262,,True,0.0
1528,32.9279,-117.172576,4118.4,48.8,3.0,148,83,261,,True,0.0
1529,32.927909,-117.172561,4120.5,48.8,2.9,148,83,262,,True,0.0
1530,32.927926,-117.17254,4122.9,48.8,2.72,148,83,263,,True,0.0
1531,32.927944,-117.172519,4125.8,48.8,3.3,149,83,262,,True,0.0
1532,32.927944,-117.172519,4125.8,48.8,2.16,149,83,262,,False,0.0
1533,32.927954,-117.1725,4130.9,48.8,2.5,149,84,260,,True,0.0
1534,32.927984,-117.172456,4133.1,48.8,2.52,149,84,259,,True,0.0
1535,32.928002,-117.172436,4136.0,48.8,2.62,148,84,258,,True,0.0
1536,32.92802,-117.172409,4138.8,48.8,2.6,149,83,257,,True,0.0
1537,32.928028,-117.172388,4141.2,48.8,3.08,149,83,255,,True,0.0
1538,32.928049,-117.172364,4144.3,48.8,2.68,149,83,254,,True,0.0
1539,32.92806,-117.172345,4146.5,48.8,2.68,150,83,255,,True,1.8
1540,32.928072,-117.172318,4149.4,48.8,2.68,150,83,255,,True,1.9
1541,32.928087,-117.172289,4152.2,49.0,2.68,150,84,255,,True,1.8
1542,32.928098,-117.172264,4154.9,49.0,2.74,151,84,253,,True,1.9
1543,32.928109,-117.172238,4157.6,49.0,2.66,151,84,253,,True,0.0
1544,32.928121,-117.17222,4160.1,49.0,2.72,151,84,254,,True,1.9
1545,32.928135,-117.172201,4162.5,49.0,2.62,151,84,255,,True,1.9
1546,32.928155,-117.172171,4165.7,49.2,2.7,151,82,255,,True,1.8
1547,32.928164,-117.172151,4168.1,49.2,2.64,150,82,256,,True,1.7
1548,32.928184,-117.172127,4171.0,49.2,2.68,151,82,256,,True,0.0
1549,32.928201,-117.172105,4174.0,49.2,2.78,151,83,256,,True,0.0
1550,32.928215,-117.172085,4176.5,49.2,2.8,151,83,255,,True,0.0
1551,32.928237,-117.172057,4179.7,49.2,2.8,150,83,255,,True,0.0
1552,32.928246,-117.172042,4181.7,49.2,2.72,151,83,256,,True,0.0
1553,32.928266,-117.172021,4184.6,49.2,2.72,151,83,255,,True,0.0
1554,32.928285,-117.172004,4187.4,49.2,2.68,150,83,255,,True,0.0
1555,32.928303,-117.171986,4190.2,49.2,2.74,150,83,255,,True,1.8
1556,32.928324,-117.171956,4193.4,49.2,2.74,150,83,257,,True,1.7
1557,32.928335,-117.171937,4195.9,49.4,2.84,149,83,258,,True,3.4
1558,32.928349,-117.171914,4199.0,49.4,2.88,148,83,260,,True,3.6
1559,32.928372,-117.171892,4202.1,49.6,2.94,148,83,262,,True,1.9
1560,32.928387,-117.171871,4204.5,49.6,2.86,147,83,261,,True,0.0
1561,32.928401,-117.171852,4206.6,49.6,2.64,147,83,261,,True,-1.8
1562,32.928423,-117.171838,4209.2,49.4,2.66,147,83,262,,True,-1.7
1563,32.928434,-117.171828,4211.1,49.4,2.42,147,83,260,,True,-2.1
1564,32.928453,-117.171804,4213.4,49.4,2.26,147,82,261,,True,0.0
1565,32.928453,-117.171804,4216.1,49.4,2.32,147,82,260,,True,1.7
1566,32.928466,-117.171787,4216.1,49.4,1.9,147,82,261,,False,1.4
1567,32.928476,-117.171767,4218.3,49.6,1.82,147,82,262,,True,3.2
1568,32.928494,-117.171742,4220.9,49.6,1.96,147,82,260,,True,3.2
1569,32.928517,-117.171703,4225.6,49.6,2.44,147,83,258,,True,0.0
1570,32.928534,-117.171676,4228.5,49.8,2.48,147,82,259,,True,0.0
1571,32.928545,-117.171654,4230.9,49.6,2.96,147,82,259,,True,1.9
1572,32.928558,-117.171629,4233.5,49.6,3.05,147,82,259,,True,0.0
1573,32.92857,-117.171605,4236.2,49.8,3.06,147,82,258,,True,1.8
1574,32.928581,-117.171584,4238.9,49.8,2.66,147,82,258,,True,1.8
1575,32.928603,-117.171554,4242.2,49.8,2.74,147,82,258,,True,0.0
1576,32.928615,-117.171537,4244.5,49.8,2.72,147,82,256,,True,0.0
1577,32.928629,-117.171514,4247.5,49.8,2.79,147,82,255,,True,0.0
1578,32.928648,-117.171485,4250.7,49.8,2.9,147,82,254,,True,0.0
1579,32.928657,-117.17147,4252.7,49.8,2.76,147,82,253,,True,0.0
1580,32.928672,-117.171448,4254.9,49.8,2.54,147,82,253,,True,0.0
1581,32.928684,-117.171425,4257.5,49.8,2.6,146,82,253,,True,0.0
1582,32.928698,-117.171404,4260.0,49.8,2.5,146,82,252,,True,0.0
1583,32.928714,-117.17138,4262.9,49.8,2.44,146,82,251,,True,-1.7
1584,32.928729,-117.171355,4265.8,49.8,2.62,145,83,248,,True,-1.7
1585,32.928743,-117.171318,4269.2,49.6,2.86,145,83,247,,True,-1.7
1586,32.928755,-117.171295,4272.0,49.6,2.9,145,83,247,,True,-1.9
1587,32.928755,-117.171295,4274.6,49.6,2.92,144,83,247,,True,1.7
1588,32.928769,-117.171277,4276.3,49.6,2.679,144,83,246,,True,1.7
1589,32.928813,-117.171241,4280.7,49.8,2.98,144,83,246,,True,1.8
1590,32.928836,-117.171229,4283.5,49.8,2.86,144,83,247,,True,1.8
1591,32.928859,-117.171222,4285.9,49.8,2.78,145,83,248,,True,-1.6
1592,32.928871,-117.171208,4287.6,49.8,2.6,145,83,248,,True,-1.6
1593,32.928895,-117.171183,4290.6,49.8,2.861,145,83,247,,True,-3.2
1594,32.928906,-117.17116,4293.1,49.6,2.48,145,83,244,,True,-3.7
1595,32.928917,-117.171137,4295.7,49.6,2.44,145,83,242,,True,-3.9
1596,32.92893,-117.171105,4298.5,49.4,2.52,145,84,240,,True,-2.0
1597,32.92894,-117.171088,4300.8,49.4,2.64,145,84,239,,True,-2.0
1598,32.928954,-117.171061,4303.3,49.4,2.54,146,84,238,,True,1.6
1599,32.928965,-117.171038,4305.7,49.4,2.52,145,83,237,,True,2.0
1600,32.928973,-117.171012,4308.4,49.4,2.53,145,83,238,,True,0.0
1601,32.928982,-117.170986,4311.0,49.6,2.5,145,83,237,,True,0.0
1602,32.928982,-117.170986,4313.4,49.4,2.52,145,83,237,,True,0.0
1603,32.928981,-117.170961,4315.8,49.4,2.5,146,83,237,,True,-3.8
1604,32.92899,-117.170902,4318.7,49.4,2.6,145,83,236,,True,-1.9
1605,32.928996,-117.170879,4321.5,49.2,2.63,145,81,236,,True,-1.9
1606,32.928998,-117.17085,4324.2,49.2,2.64,145,81,236,,True,-2.0
1607,32.928997,-117.170826,4326.5,49.2,2.62,145,81,236,,True,0.0
1608,32.928996,-117.170802,4328.8,49.2,2.6,145,81,236,,True,3.4
1609,32.929009,-117.17077,4331.5,49.2,2.56,145,81,235,,True,5.1
1610,32.929012,-117.170749,4333.7,49.4,2.44,145,82,235,,True,4.9
1611,32.929015,-117.170725,4336.1,49.6,2.38,145,82,237,,True,4.8
1612,32.929011,-117.170693,4338.2,49.8,2.34,145,82,237,,True,3.9
1613,32.929,-117.170666,4341.0,49.8,2.44,145,82,237,,True,1.9
1614,32.928989,-117.170638,4344.0,49.8,2.5,145,82,236,,True,0.0
1615,32.928978,-117.170609,4346.8,49.8,2.62,145,82,237,,True,0.0
1616,32.928964,-117.170583,4349.7,49.8,2.72,145,82,239,,True,0.0
1617,32.92896,-117.170551,4352.5,49.8,2.86,145,82,241,,True,0.0
1618,32.928955,-117.17052,4355.3,49.8,2.86,146,83,241,,True,0.0
1619,32.928955,-117.17052,4355.3,49.8,2.26,145,83,240,,False,0.0
1620,32.928973,-117.170502,4357.6,49.8,2.16,145,83,239,,True,0.0
1621,32.929001,-117.170493,4362.8,49.8,2.62,145,83,238,,True,0.0
1622,32.929021,-117.170499,4365.2,49.8,2.532,145,84,237,,True,-1.4
1623,32.929049,-117.170509,4368.5,49.8,2.64,146,84,236,,True,-1.7
1624,32.929102,-117.170526,4372.0,49.6,3.34,145,83,238,,True,-1.7
1625,32.929102,-117.170526,4372.0,49.6,2.88,145,82,239,,False,-3.8
1626,32.929131,-117.17053,4374.7,49.6,2.38,145,82,238,,True,0.0
1627,32.929148,-117.170514,4376.9,49.6,2.348,146,82,240,,True,0.0
1628,32.929151,-117.170488,4379.0,49.4,2.1,145,82,239,,True,0.0
1629,32.929125,-117.170435,4383.8,49.6,2.36,145,82,237,,True,0.0
1630,32.929125,-117.170435,4386.4,49.6,2.88,145,82,236,,True,1.6
1631,32.929133,-117.170406,4388.9,49.6,2.84,146,82,235,,True,1.8
1632,32.929143,-117.170383,4391.5,49.6,2.925,146,82,237,,True,1.7
1633,32.929162,-117.170356,4395.1,49.8,3.22,146,82,236,,True,1.6
1634,32.929208,-117.170322,4398.3,49.8,2.9,145,83,236,,True,3.0
1635,32.929237,-117.170299,4401.6,49.8,3.04,146,83,236,,True,1.6
1636,32.929253,-117.17028,4404.7,50.0,3.16,146,83,238,,True,0.0
1637,32.929275,-117.170258,4407.6,50.0,3.215,145,83,241,,True,0.0
1638,32.929301,-117.170236,4410.9,49.8,3.16,146,84,242,,True,-1.6
1639,32.929319,-117.170214,4414.1,49.8,3.16,146,84,241,,True,0.0
1640,32.929334,-117.170185,4417.3,49.8,3.13,146,84,241,,True,1.6
1641,32.929349,-117.170155,4420.4,50.0,3.14,146,84,244,,True,1.6
1642,32.929369,-117.170126,4423.6,50.0,3.2,146,84,254,,True,1.6
1643,32.929391,-117.1701,4426.7,50.0,3.16,146,84,255,,True,0.0
1644,32.929391,-117.1701,4426.7,50.0,2.52,146,84,256,,False,-1.7
1645,32.929409,-117.170082,4430.0,50.0,2.55,146,84,264,,True,-1.3
1646,32.92944,-117.170083,4432.9,50.0,2.5,147,84,264,,True,-1.3
1647,32.929464,-117.170091,4435.7,49.8,2.42,147,84,271,,True,0.0
1648,32.929515,-117.170103,4441.6,49.8,2.98,147,83,273,,True,0.0
1649,32.929538,-117.170107,4444.2,50.0,3.5,147,83,265,,True,1.7
1650,32.929569,-117.170111,4447.2,50.0,3.44,147,83,262,,True,1.9
1651,32.929569,-117.170111,4447.2,50.0,2.86,148,83,261,,False,0.0
1652,32.929592,-117.170106,4452.3,50.0,3.32,148,84,257,,True,-2.2
1653,32.929639,-117.170077,4454.8,50.0,2.64,148,84,256,,True,-1.9
1654,32.929648,-117.170062,4456.5,50.0,2.46,148,84,251,,True,-1.9
1655,32.929648,-117.170062,4456.5,49.8,1.86,148,83,251,,False,-1.9
1656,32.929639,-117.170048,4457.7,49.8,2.1,148,82,248,,True,0.0
1657,32.929616,-117.17003,4462.8,49.8,2.1,149,82,228,,True,-1.5
1658,32.929575,-117.170004,4465.5,49.8,2.14,149,82,226,,True,0.0
1659,32.929575,-117.170004,4465.5,50.0,1.8,149,82,226,,False,0.0
1660,32.929566,-117.169984,4469.5,49.8,2.6,149,82,233,,True,-1.4
1661,32.929572,-117.169933,4471.7,49.8,2.8,149,82,230,,True,-3.6
1662,32.929572,-117.169933,4471.7,49.8,1.78,150,81,229,,False,-2.0
1663,32.929586,-117.16991,4476.6,49.6,2.22,150,81,224,,True,-1.8
1664,32.929599,-117.169891,4479.6,49.6,2.82,150,81,222,,True,-1.5
1665,32.929616,-117.169869,4483.1,49.6,2.72,150,81,223,,True,0.0
1666,32.929649,-117.169819,4485.3,49.6,2.72,150,81,228,,True,0.0
1667,32.929657,-117.169795,4487.9,49.6,3.24,151,82,235,,True,0.0
1668,32.929657,-117.169795,4487.9,49.6,2.26,150,82,236,,False,1.6
1669,32.929655,-117.169769,4489.9,49.6,2.061,150,82,235,,True,3.2
1670,32.929644,-117.169708,4494.7,49.6,2.32,150,82,228,,True,3.2
1671,32.929634,-117.169685,4497.6,49.8,2.46,150,83,227,,True,4.5
1672,32.929624,-117.169658,4500.5,50.0,2.52,150,83,228,,True,6.9
1673,32.929628,-117.169619,4503.3,50.2,3.08,150,82,231,,True,6.9
1674,32.929628,-117.169591,4506.3,50.4,3.279,149,81,238,,True,5.2
1675,32.929628,-117.169591,4509.2,50.6,2.9,150,81,243,,True,3.4
1676,32.929641,-117.169564,4511.9,50.6,2.87,150,82,244,,True,1.7
1677,32.929662,-117.169537,4515.2,50.6,2.94,150,82,248,,True,0.0
1678,32.929696,-117.169492,4518.4,50.6,3.02,150,81,252,,True,0.0
1679,32.929718,-117.169471,4521.3,50.6,3.0,150,81,256,,True,0.0
1680,32.929732,-117.169447,4524.5,50.6,3.06,150,81,259,,True,0.0
1681,32.929755,-117.16942,4527.7,50.6,3.15,149,81,260,,True,0.0
1682,32.929773,-117.169401,4530.4,50.6,3.04,150,81,261,,True,0.0
1683,32.929786,-117.169378,4533.3,50.6,2.98,150,81,264,,True,0.0
1684,32.929786,-117.169378,4533.3,50.6,2.4,149,81,265,,False,0.0
1685,32.929809,-117.169353,4538.4,50.6,2.78,150,81,265,,True,0.0
1686,32.929833,-117.169305,4541.5,50.6,2.76,150,81,265,,True,0.0
1687,32.92985,-117.169284,4544.3,50.6,2.78,150,82,265,,True,0.0
1688,32.92986,-117.169266,4546.7,50.6,2.68,150,82,265,,True,2.0
1689,32.929878,-117.169236,4549.8,50.6,3.3,150,82,264,,True,2.1
1690,32.929889,-117.169226,4551.7,50.8,2.66,150,82,266,,True,1.4
1691,32.9299,-117.169207,4553.7,50.8,2.44,150,82,265,,True,3.6
1692,32.9299,-117.169207,4553.7,50.8,1.88,150,82,264,,False,1.6
1693,32.929912,-117.169178,4558.3,50.8,2.32,150,81,262,,True,2.0
1694,32.929928,-117.169128,4561.0,51.0,2.24,150,81,262,,True,1.7
1695,32.929928,-117.169128,4563.9,51.0,2.44,151,81,263,,True,1.8
1696,32.929939,-117.169102,4565.7,51.0,2.397,150,82,264,,True,0.0
1697,32.929962,-117.169046,4569.5,51.0,3.16,150,82,263,,True,0.0
1698,32.929969,-117.169022,4572.2,51.0,2.77,151,83,261,,True,0.0
1699,32.929975,-117.168998,4574.8,51.0,2.76,150,83,262,,True,0.0
1700,32.929988,-117.168969,4577.6,51.0,2.74,151,83,261,,True,0.0
1701,32.929988,-117.168969,4577.6,51.0,2.383,150,83,257,,False,0.0
1702,32.929994,-117.168946,4580.1,51.0,2.12,150,83,256,,True,0.0
1703,32.93002,-117.168899,4585.4,51.0,2.65,150,82,258,,True,0.0
1704,32.930026,-117.168875,4587.9,51.0,2.62,151,82,258,,True,0.0
1705,32.930046,-117.168848,4590.9,51.0,2.66,150,82,257,,True,0.0
1706,32.930046,-117.168848,4590.9,51.0,2.66,150,82,256,,False,1.9
1707,32.930058,-117.168825,4596.3,51.0,3.24,150,82,257,,True,2.0
1708,32.930068,-117.168805,4598.7,51.2,2.66,150,82,255,,True,1.6
1709,32.930086,-117.168781,4600.9,51.2,2.6,150,82,254,,True,1.7
1710,32.9301,-117.168737,4603.4,51.2,2.5,150,82,254,,True,0.0
1711,32.930108,-117.168714,4605.6,51.2,2.94,149,81,253,,True,0.0
1712,32.930117,-117.168688,4608.1,51.2,2.36,149,81,252,,True,0.0
1713,32.930133,-117.168658,4611.2,51.2,2.5,149,81,251,,True,0.0
1714,32.930133,-117.168658,4611.2,51.2,2.06,149,82,250,,False,1.8
1715,32.930142,-117.168636,4616.3,51.2,2.58,149,82,251,,True,1.6
1716,32.930152,-117.168578,4619.0,51.4,2.68,148,82,251,,True,1.6
1717,32.930158,-117.168556,4621.1,51.4,2.6,148,82,250,,True,3.4
1718,32.930164,-117.168533,4623.4,51.4,2.44,148,82,251,,True,1.7
1719,32.93017,-117.168509,4625.7,51.6,2.9,148,83,250,,True,1.6
1720,32.930173,-117.168486,4628.0,51.6,2.34,148,83,249,,True,1.9
1721,32.930186,-117.168453,4630.8,51.6,2.36,148,83,248,,True,0.0
1722,32.930194,-117.168426,4633.9,51.6,2.56,148,83,249,,True,1.7
1723,32.930201,-117.168402,4636.7,51.6,2.66,148,82,250,,True,1.7
1724,32.930207,-117.168373,4639.6,51.8,2.78,148,82,251,,True,1.9
1725,32.930214,-117.168344,4642.5,51.8,2.9,148,82,252,,True,3.7
1726,32.930222,-117.16832,4644.5,51.8,2.74,147,82,254,,True,3.8
1727,32.930239,-117.168297,4647.4,52.0,2.7,147,81,256,,True,3.8
1728,32.930251,-117.168277,4650.0,52.2,2.66,147,81,256,,True,3.6
1729,32.930264,-117.168245,4652.9,52.2,2.66,147,81,256,,True,3.7
1730,32.930275,-117.16822,4655.7,52.2,2.64,147,81,257,,True,1.8
1731,32.930282,-117.168193,4658.3,52.4,2.76,148,81,259,,True,1.9
1732,32.930288,-117.168165,4660.9,52.4,2.7,147,81,263,,True,2.0
1733,32.930297,-117.168145,4663.4,52.4,2.67,147,81,266,,True,2.1
1734,32.930306,-117.168125,4665.8,52.4,2.58,148,81,269,,True,3.1
1735,32.930318,-117.168103,4667.7,52.4,2.4,148,82,272,,True,7.7
1736,32.930318,-117.168103,4667.7,52.6,1.88,148,82,274,,False,5.1
1737,32.930328,-117.168073,4671.1,52.8,2.04,148,82,277,,True,7.0
1738,32.930328,-117.168073,4671.1,53.0,1.55,148,82,279,,False,8.2
1739,32.930352,-117.168036,4675.1,53.0,1.86,149,81,279,,True,6.6
1740,32.930363,-117.168017,4677.2,53.2,1.9,149,80,283,,True,4.8
1741,32.930363,-117.168017,4677.2,53.4,1.9,149,80,288,,False,3.6
1742,32.930377,-117.167987,4679.9,53.4,1.76,149,79,288,,True,3.6
1743,32.930384,-117.167951,4683.6,53.4,2.5,150,80,274,,True,1.8
1744,32.930395,-117.167926,4686.3,53.4,2.24,150,80,262,,True,1.8
1745,32.930404,-117.167906,4688.4,53.6,2.24,150,80,257,,True,5.1
1746,32.930417,-117.167886,4691.0,53.6,2.76,150,80,265,,True,7.2
1747,32.930432,-117.167861,4693.5,53.8,2.72,150,80,279,,True,7.3
1748,32.930432,-117.167847,4695.3,54.0,2.34,150,80,288,,True,7.6
1749,32.930444,-117.167829,4697.4,54.2,2.22,150,80,291,,True,7.9
1750,32.930457,-117.167809,4699.4,54.4,2.2,150,80,278,,True,5.8
1751,32.930469,-117.16779,4701.5,54.4,2.1,150,80,273,,True,3.7
1752,32.93048,-117.16777,4703.6,54.6,2.02,150,80,271,,True,3.5
1753,32.930492,-117.167751,4705.7,54.6,2.08,149,80,266,,True,3.4
1754,32.930496,-117.167733,4708.1,54.6,2.14,150,80,261,,True,1.7
1755,32.930512,-117.167709,4710.7,54.8,2.26,150,80,263,,True,3.4
1756,32.930534,-117.167695,4713.4,54.8,2.38,150,80,265,,True,3.4
1757,32.930543,-117.167679,4715.4,54.8,2.36,150,80,266,,True,1.8
1758,32.930552,-117.167662,4717.4,55.0,2.34,150,80,266,,True,3.7
1759,32.930576,-117.167646,4719.7,55.0,2.32,150,80,265,,True,3.6
1760,32.930589,-117.167631,4722.1,55.0,2.28,150,80,262,,True,1.8
1761,32.930602,-117.167618,4724.3,55.2,2.18,150,80,262,,True,1.7
1762,32.930623,-117.167601,4726.6,55.2,2.24,150,79,263,,True,3.4
1763,32.930636,-117.167584,4728.7,55.2,2.26,150,79,262,,True,0.0
1764,32.930651,-117.167565,4731.2,55.2,2.3,150,79,259,,True,0.0
1765,32.930666,-117.167545,4733.7,55.4,2.32,150,79,255,,True,0.0
1766,32.930676,-117.167527,4736.0,55.2,2.34,150,79,251,,True,0.0
1767,32.930692,-117.167504,4738.6,55.2,2.4,150,81,250,,True,-2.0
1768,32.930708,-117.16748,4741.3,55.2,2.52,150,81,249,,True,0.0
1769,32.930723,-117.16746,4743.8,55.2,2.52,150,81,249,,True,0.0
1770,32.930746,-117.167433,4747.0,55.2,2.66,150,81,250,,True,1.7
1771,32.930762,-117.167417,4749.7,55.2,2.74,150,82,245,,True,1.7
1772,32.930782,-117.167391,4752.8,55.4,2.84,150,82,246,,True,1.7
1773,32.9308,-117.167363,4755.9,55.4,2.92,150,82,245,,True,1.7
1774,32.930811,-117.167343,4758.7,55.4,2.98,150,82,246,,True,0.0
1775,32.930829,-117.167313,4761.8,55.4,2.96,150,82,247,,True,0.0
1776,32.930836,-117.167289,4764.3,55.4,2.92,150,82,245,,True,0.0
1777,32.930837,-117.167266,4766.6,55.4,2.76,150,82,247,,True,0.0
1778,32.930851,-117.167235,4769.5,55.4,2.72,150,82,246,,True,0.0
1779,32.930862,-117.16721,4772.1,55.4,2.69,150,82,241,,True,0.0
1780,32.930872,-117.167184,4774.8,55.4,2.6,150,83,237,,True,0.0
1781,32.930885,-117.167157,4777.8,55.4,2.7,150,83,236,,True,0.0
1782,32.930895,-117.167127,4780.6,55.4,2.81,150,83,235,,True,0.0
1783,32.930904,-117.167098,4783.5,55.4,2.8,151,82,234,,True,0.0
1784,32.930904,-117.167098,4783.5,55.4,2.27,150,82,232,,False,-1.4
1785,32.930916,-117.167076,4786.3,55.4,2.3,150,82,232,,True,-1.8
1786,32.930924,-117.167048,4789.2,55.4,2.28,151,82,231,,True,-2.8
1787,32.930942,-117.166993,4794.8,55.2,2.83,150,83,230,,True,-4.2
1788,32.930958,-117.166961,4797.6,55.0,2.82,150,83,229,,True,-5.5
1789,32.930969,-117.166934,4800.6,54.8,3.42,150,83,228,,True,-5.0
1790,32.930983,-117.166904,4803.7,54.6,3.48,150,82,227,,True,-3.3
1791,32.930998,-117.166874,4806.8,54.6,3.52,151,82,227,,True,-1.6
1792,32.931013,-117.166852,4809.9,54.6,3.02,150,82,228,,True,-1.5
1793,32.931035,-117.16683,4813.5,54.6,3.18,150,82,229,,True,-3.1
1794,32.931062,-117.166804,4817.0,54.4,3.28,151,82,230,,True,-4.4
1795,32.931079,-117.166785,4819.8,54.2,3.22,151,82,233,,True,-6.2
1796,32.931112,-117.166767,4823.4,54.0,3.32,151,82,234,,True,-6.3
1797,32.931135,-117.166753,4826.5,53.8,3.32,150,82,232,,True,-4.4
1798,32.931159,-117.166738,4829.6,53.6,3.22,150,81,264,,True,-3.1
1799,32.931193,-117.166714,4833.4,53.6,3.28,151,81,266,,True,-1.6
1800,32.931209,-117.166701,4836.2,53.6,3.28,151,83,260,,True,0.0
1801,32.931236,-117.166687,4839.4,53.6,3.2,151,83,254,,True,-1.7
1802,32.931265,-117.166673,4842.3,53.6,3.16,151,83,243,,True,-1.6
1803,32.931286,-117.166657,4845.4,53.4,3.16,151,82,239,,True,-3.2
1804,32.931315,-117.166652,4848.6,53.4,3.04,152,82,239,,True,-3.1
1805,32.931344,-117.166646,4851.8,53.2,3.12,151,82,240,,True,-1.5
1806,32.931372,-117.166636,4855.1,53.2,3.14,151,82,241,,True,-3.0
1807,32.931409,-117.166624,4858.9,53.2,3.32,152,82,246,,True,-1.4
1808,32.93143,-117.166612,4861.9,53.0,3.3,152,83,247,,True,-2.9
1809,32.931467,-117.166603,4866.1,53.0,3.5,152,83,253,,True,-3.0
1810,32.931493,-117.166597,4869.1,52.8,3.46,152,83,253,,True,-1.5
1811,32.931517,-117.166586,4872.2,52.8,3.42,152,83,252,,True,0.0
1812,32.931544,-117.166577,4875.2,52.8,3.27,151,83,252,,True,1.6
1813,32.931571,-117.166568,4878.3,53.0,3.28,152,82,251,,True,1.6
1814,32.931603,-117.166564,4882.0,53.0,3.18,152,82,254,,True,1.6
1815,32.931632,-117.16656,4884.9,53.0,3.16,152,82,257,,True,0.0
1816,32.931651,-117.166551,4887.6,53.0,3.08,152,83,259,,True,0.0
1817,32.931689,-117.166543,4891.1,53.0,3.17,152,83,261,,True,0.0
1818,32.931711,-117.166542,4894.0,53.0,3.14,152,83,264,,True,0.0
1819,32.931739,-117.166544,4897.2,53.0,3.04,152,83,266,,True,0.0
1820,32.931769,-117.166543,4900.3,53.0,3.08,152,83,271,,True,0.0
1821,32.93179,-117.166534,4903.0,53.0,3.08,152,83,271,,True,0.0
1822,32.931824,-117.166527,4906.3,53.0,3.04,152,83,272,,True,0.0
1823,32.931844,-117.166524,4908.9,53.0,2.98,153,83,270,,True,0.0
1824,32.93187,-117.166523,4912.0,53.0,2.96,152,84,268,,True,0.0
1825,32.9319,-117.166524,4914.9,53.0,2.92,152,84,267,,True,0.0
1826,32.931918,-117.166515,4917.4,53.0,2.88,153,84,267,,True,0.0
1827,32.931944,-117.166518,4920.2,53.0,2.78,153,84,268,,True,0.0
1828,32.93197,-117.166521,4922.9,53.0,2.8,153,83,267,,True,0.0
1829,32.931994,-117.16652,4925.9,53.0,2.78,152,83,268,,True,1.7
1830,32.932029,-117.166515,4929.3,53.0,2.88,153,83,268,,True,1.7
1831,32.932046,-117.166509,4931.7,53.2,2.86,153,83,268,,True,1.7
1832,32.932077,-117.166514,4934.9,53.2,2.94,152,83,270,,True,1.7
1833,32.932104,-117.166519,4937.8,53.2,2.98,153,83,272,,True,0.0
1834,32.932128,-117.166521,4941.0,53.2,3.02,153,83,274,,True,0.0
1835,32.932157,-117.166527,4943.7,53.2,2.88,152,83,275,,True,0.0
1836,32.932179,-117.166532,4946.2,53.2,2.9,152,83,275,,True,0.0
1837,32.932208,-117.166537,4949.4,53.2,2.9,152,83,274,,True,0.0
1838,32.932232,-117.166536,4952.0,53.2,2.84,153,83,273,,True,0.0
1839,32.932255,-117.166529,4954.8,53.2,2.76,152,83,272,,True,0.0
1840,32.932281,-117.166513,4957.5,53.2,2.76,152,83,271,,True,0.0
1841,32.932281,-117.166513,4959.5,53.2,2.66,153,83,271,,True,0.0
1842,32.93229,-117.166499,4959.5,53.2,2.02,152,83,271,,False,0.0
1843,32.932313,-117.166483,4962.2,53.2,2.04,152,83,271,,True,0.0
1844,32.932346,-117.166439,4967.9,53.2,2.62,152,83,269,,True,0.0
1845,32.93237,-117.166406,4971.6,53.2,2.82,153,83,269,,True,0.0
1846,32.932383,-117.166388,4974.1,53.2,2.92,152,82,269,,True,0.0
1847,32.932401,-117.166367,4977.1,53.2,3.52,152,82,272,,True,1.8
1848,32.932423,-117.166343,4980.1,53.2,3.58,152,82,272,,True,1.7
1849,32.93243,-117.166321,4982.5,53.4,2.92,152,84,271,,True,1.7
1850,32.932454,-117.166287,4986.1,53.4,2.9,152,84,269,,True,1.8
1851,32.93247,-117.166275,4988.7,53.4,2.92,151,84,269,,True,0.0
1852,32.932486,-117.166257,4991.3,53.4,2.84,151,83,271,,True,1.9
1853,32.93251,-117.16623,4994.1,53.4,2.8,151,83,272,,True,1.8
1854,32.932516,-117.16621,4996.5,53.6,2.8,151,83,271,,True,1.8
1855,32.932538,-117.166184,4999.6,53.6,2.7,151,83,272,,True,1.8
1856,32.932557,-117.166167,5002.4,53.6,2.74,151,83,271,,True,0.0
1857,32.932557,-117.166167,5005.4,53.6,2.82,151,83,272,,True,0.0
1858,32.932573,-117.166147,5007.1,53.6,2.595,151,83,273,,True,0.0
1859,32.932608,-117.166104,5010.7,53.6,2.84,151,83,273,,True,0.0
1860,32.932632,-117.166087,5013.9,53.6,2.86,150,82,274,,True,0.0
1861,32.932655,-117.166066,5016.9,53.6,2.9,151,83,274,,True,0.0
1862,32.932666,-117.166048,5019.3,53.6,2.78,151,83,273,,True,0.0
1863,32.932689,-117.166018,5022.5,53.6,3.085,150,83,271,,True,0.0
1864,32.932702,-117.166,5025.0,53.6,2.86,151,82,272,,True,0.0
1865,32.932712,-117.165979,5027.4,53.6,2.7,151,82,272,,True,0.0
1866,32.932728,-117.165942,5030.6,53.6,2.74,150,82,272,,True,0.0
1867,32.93273,-117.165924,5032.8,53.6,2.7,150,82,270,,True,1.8
1868,32.932746,-117.165899,5035.5,53.6,2.6,150,82,269,,True,2.0
1869,32.932764,-117.165875,5038.5,53.8,2.7,150,83,269,,True,1.8
1870,32.932776,-117.16586,5040.8,53.8,2.68,150,82,268,,True,1.9
1871,32.932801,-117.165841,5043.7,53.8,2.62,150,82,269,,True,1.9
1872,32.932819,-117.165828,5046.3,53.8,2.69,149,82,270,,True,1.8
1873,32.932838,-117.165815,5048.8,54.0,2.66,149,82,269,,True,1.9
1874,32.932866,-117.165798,5051.9,54.0,2.68,149,82,268,,True,1.9
1875,32.932882,-117.165792,5054.1,54.0,2.66,149,82,267,,True,0.0
1876,32.932904,-117.165777,5056.9,54.0,2.64,149,82,268,,True,0.0
1877,32.93293,-117.165755,5060.1,54.0,2.77,150,82,268,,True,0.0
1878,32.932942,-117.165739,5062.6,54.0,2.76,151,81,267,,True,0.0
1879,32.932968,-117.165713,5066.1,54.0,2.84,151,81,266,,True,0.0
1880,32.932989,-117.1657,5068.7,54.0,2.92,151,81,267,,True,0.0
1881,32.933007,-117.165686,5071.6,54.0,2.94,152,82,268,,True,0.0
1882,32.933028,-117.165661,5074.2,54.0,2.82,151,83,267,,True,0.0
1883,32.933038,-117.165645,5076.3,54.0,2.74,151,83,266,,True,0.0
1884,32.933061,-117.165618,5079.4,54.0,2.66,151,83,266,,True,1.9
1885,32.933075,-117.1656,5082.0,54.0,2.66,151,84,264,,True,1.7
1886,32.933093,-117.165579,5084.9,54.2,2.66,151,84,264,,True,1.8
1887,32.933109,-117.165549,5088.2,54.2,2.8,150,84,265,,True,1.7
1888,32.933121,-117.165526,5090.7,54.2,2.88,151,84,264,,True,0.0
1889,32.933144,-117.165497,5094.1,54.2,2.94,151,83,265,,True,0.0
1890,32.93316,-117.165474,5097.0,54.2,3.0,151,83,266,,True,0.0
1891,32.933175,-117.165452,5099.9,54.2,3.0,150,83,265,,True,0.0
1892,32.933195,-117.165416,5103.2,54.2,3.0,151,84,263,,True,0.0
1893,32.933201,-117.165396,5105.6,54.2,2.98,151,84,263,,True,1.7
1894,32.933225,-117.165375,5108.9,54.2,2.96,151,84,263,,True,1.7
1895,32.933245,-117.165355,5111.7,54.4,2.94,152,84,265,,True,0.0
1896,32.933268,-117.16534,5115.0,54.4,3.02,152,83,266,,True,1.6
1897,32.933304,-117.165331,5118.6,54.2,3.08,152,83,265,,True,0.0
1898,32.933326,-117.165318,5121.4,54.4,3.16,152,83,266,,True,0.0
1899,32.933349,-117.165307,5124.6,54.4,3.14,152,83,267,,True,0.0
1900,32.933377,-117.165291,5127.6,54.4,3.18,152,83,267,,True,-1.8
1901,32.933393,-117.165279,5129.9,54.2,2.98,153,82,266,,True,-3.7
1902,32.933413,-117.165255,5132.8,54.2,2.84,152,82,265,,True,-5.8
1903,32.933431,-117.165232,5135.5,54.0,2.82,152,83,262,,True,-3.6
1904,32.933444,-117.165213,5138.0,53.8,2.68,152,83,260,,True,-3.8
1905,32.933467,-117.165187,5140.9,53.8,2.66,151,83,259,,True,0.0
1906,32.933476,-117.16517,5143.2,53.8,2.66,151,83,256,,True,2.0
1907,32.933486,-117.165145,5145.6,54.0,2.56,151,83,256,,True,1.5
1908,32.933489,-117.165121,5147.8,54.0,2.46,151,83,255,,True,1.9
1909,32.933489,-117.165121,5147.8,54.0,1.96,150,83,255,,False,0.0
1910,32.933482,-117.165074,5151.7,54.0,2.16,150,83,254,,True,1.9
1911,32.933476,-117.165055,5153.8,54.0,2.12,150,83,252,,True,1.9
1912,32.933469,-117.165034,5155.9,54.0,2.06,150,83,252,,True,1.8
1913,32.93347,-117.165007,5158.2,54.2,2.08,150,83,247,,True,1.8
1914,32.933471,-117.164985,5160.7,54.2,2.58,149,83,240,,True,3.7
1915,32.933479,-117.16496,5162.9,54.2,2.24,149,83,234,,True,1.9
1916,32.933485,-117.164941,5164.8,54.2,2.2,148,82,235,,True,2.0
1917,32.933491,-117.16492,5166.8,54.4,2.18,149,82,233,,True,2.0
1918,32.933497,-117.164898,5169.0,54.4,2.16,149,83,226,,True,1.6
1919,32.933501,-117.164881,5170.7,54.4,2.0,149,83,221,,True,-1.7
1920,32.933513,-117.164859,5172.8,54.4,1.98,149,83,220,,True,-1.6
1921,32.933522,-117.164833,5175.4,54.4,2.12,149,83,217,,True,-1.9
1922,32.933531,-117.164806,5178.3,54.2,2.3,150,82,216,,True,-1.8
1923,32.933535,-117.164776,5181.4,54.2,2.48,150,82,216,,True,-1.8
1924,32.933539,-117.164751,5183.9,54.2,2.64,151,82,230,,True,-1.8
1925,32.933545,-117.164719,5186.6,54.2,2.76,152,83,240,,True,-1.9
1926,32.933548,-117.164691,5189.3,54.0,2.78,152,85,242,,True,0.0
1927,32.933553,-117.16466,5192.2,54.0,2.77,153,85,243,,True,0.0
1928,32.933557,-117.164628,5195.0,54.2,2.72,153,85,241,,True,1.9
1929,32.933555,-117.164602,5197.5,54.2,2.72,153,85,238,,True,3.8
1930,32.933553,-117.164576,5200.0,54.2,2.68,153,84,243,,True,2.0
1931,32.933549,-117.164542,5202.7,54.4,2.68,153,84,239,,True,1.4
1932,32.933549,-117.164542,5202.7,54.4,2.11,153,84,237,,False,1.7
1933,32.933551,-117.164518,5205.1,54.4,2.02,153,84,237,,True,0.0
1934,32.93357,-117.164487,5211.7,54.4,2.84,153,83,237,,True,-1.2
1935,32.933621,-117.164448,5215.3,54.4,3.06,154,82,248,,True,-1.1
1936,32.933657,-117.164427,5219.3,54.2,3.32,153,82,257,,True,-1.4
1937,32.93368,-117.164406,5222.8,54.2,4.02,153,80,273,,True,-1.5
1938,32.933684,-117.164371,5226.0,54.2,4.18,154,80,296,,True,0.0
1939,32.933687,-117.16434,5228.9,54.2,3.44,153,82,294,,True,0.0
1940,32.93368,-117.164307,5231.9,54.2,3.31,154,82,290,,True,-1.7
1941,32.933673,-117.164274,5234.8,54.2,3.1,154,83,256,,True,-1.7
1942,32.933669,-117.164253,5237.5,54.0,2.94,154,84,251,,True,0.0
1943,32.933667,-117.16422,5240.7,54.0,2.94,154,83,248,,True,0.0
1944,32.933686,-117.16419,5243.6,54.2,2.94,154,83,258,,True,1.6
1945,32.933703,-117.164174,5246.4,54.2,2.91,154,83,259,,True,1.8
1946,32.933703,-117.164174,5246.4,54.2,2.32,154,83,258,,False,0.0
1947,32.933731,-117.164154,5249.7,54.2,2.44,154,82,261,,True,0.0
1948,32.933738,-117.164131,5252.1,54.2,2.28,154,82,257,,True,-1.5
1949,32.933729,-117.164073,5257.0,54.2,2.68,154,82,254,,True,-1.6
1950,32.933723,-117.16405,5259.5,54.0,2.62,154,83,247,,True,-1.6
1951,32.933727,-117.164013,5262.6,54.0,3.24,154,83,244,,True,-2.0
1952,32.933733,-117.16399,5264.8,54.0,3.02,154,83,243,,True,0.0
1953,32.93374,-117.163967,5267.2,54.0,3.02,154,84,242,,True,3.9
1954,32.933754,-117.163933,5270.1,54.0,2.62,154,84,242,,True,3.6
1955,32.933754,-117.163933,5270.1,54.2,2.12,154,84,241,,False,3.6
1956,32.933758,-117.163912,5272.8,54.4,2.04,154,83,243,,True,2.9
1957,32.933773,-117.163883,5275.9,54.4,2.22,154,83,243,,True,1.4
1958,32.933798,-117.163872,5278.3,54.4,2.22,153,83,243,,True,0.0
1959,32.933815,-117.163854,5284.0,54.4,2.78,154,83,244,,True,0.0
1960,32.933837,-117.163796,5286.7,54.4,3.32,154,83,245,,True,0.0
1961,32.933845,-117.163769,5289.4,54.4,3.32,154,82,248,,True,0.0
1962,32.933853,-117.163745,5291.9,54.4,3.19,153,82,250,,True,0.0
1963,32.93386,-117.16372,5294.3,54.4,3.2,154,82,250,,True,1.9
1964,32.933873,-117.163694,5297.1,54.4,2.61,154,82,251,,True,1.9
1965,32.933886,-117.163667,5299.8,54.6,2.62,154,82,251,,True,3.6
1966,32.933899,-117.163638,5302.7,54.6,2.65,154,83,251,,True,3.5
1967,32.933913,-117.163608,5305.5,54.8,2.73,154,83,252,,True,1.7
1968,32.933921,-117.163583,5308.4,54.8,2.82,154,83,252,,True,1.7
1969,32.933933,-117.163554,5311.7,54.8,2.93,154,83,254,,True,-1.7
1970,32.933948,-117.163525,5314.7,54.8,2.98,154,82,256,,True,-1.7
1971,32.933958,-117.163506,5317.3,54.6,2.93,154,82,258,,True,0.0
1972,32.933983,-117.163483,5320.3,54.6,2.96,154,82,259,,True,0.0
1973,32.934004,-117.163467,5323.0,54.8,2.92,154,82,260,,True,1.8
1974,32.934023,-117.163452,5325.8,54.8,2.82,154,82,261,,True,3.6
1975,32.93405,-117.16344,5328.6,54.8,2.78,154,82,261,,True,1.7
1976,32.93407,-117.163427,5331.3,55.0,2.8,153,83,260,,True,0.0
1977,32.934102,-117.163423,5334.6,55.0,2.86,154,83,260,,True,0.0
1978,32.934135,-117.163418,5337.9,54.8,2.98,154,82,260,,True,-1.4
1979,32.934155,-117.163406,5340.5,54.8,2.94,154,82,261,,True,-1.9
1980,32.934155,-117.163406,5340.5,54.8,2.38,154,82,261,,False,0.0
1981,32.934167,-117.163379,5345.4,54.8,2.82,154,82,264,,True,1.9
1982,32.934162,-117.163348,5348.1,54.8,2.7,154,82,261,,True,1.5
1983,32.934147,-117.163288,5350.9,55.0,2.6,154,81,261,,True,1.8
1984,32.934145,-117.163253,5353.9,55.0,2.68,154,80,262,,True,1.7
1985,32.934152,-117.163223,5356.8,55.0,3.26,154,80,263,,True,0.0
1986,32.934158,-117.163194,5359.6,55.0,2.84,154,80,263,,True,0.0
1987,32.934167,-117.163165,5362.6,55.0,2.9,154,81,265,,True,1.8
1988,32.934174,-117.16314,5365.3,55.0,2.87,154,81,265,,True,1.9
1989,32.93418,-117.163115,5367.9,55.2,2.8,154,81,266,,True,3.3
1990,32.934187,-117.163092,5370.3,55.2,2.7,154,82,266,,True,3.5
1991,32.934187,-117.163067,5372.5,55.4,2.58,155,82,265,,True,1.7
1992,32.934187,-117.163042,5374.6,55.4,2.4,155,82,267,,True,1.6
1993,32.934187,-117.163018,5376.7,55.4,2.29,155,81,263,,True,0.0
1994,32.934187,-117.162986,5379.6,55.4,2.34,155,81,261,,True,-1.7
1995,32.934183,-117.162944,5383.1,55.4,2.56,155,80,260,,True,-1.6
1996,32.934177,-117.162921,5386.1,55.2,2.72,154,80,259,,True,-1.7
1997,32.934171,-117.16289,5388.9,55.2,2.86,155,82,260,,True,-1.7
1998,32.934166,-117.162859,5391.6,55.2,2.98,155,82,261,,True,0.0
1999,32.934156,-117.16283,5394.6,55.2,2.99,155,82,261,,True,0.0
2000,32.934146,-117.162801,5397.5,55.2,2.88,154,81,262,,True,1.8
2001,32.934135,-117.162777,5400.1,55.2,2.8,154,81,261,,True,1.9
2002,32.934125,-117.162755,5402.6,55.4,2.74,154,80,263,,True,3.8
2003,32.934115,-117.162727,5405.3,55.4,2.74,154,80,264,,True,3.8
2004,32.934104,-117.162704,5408.0,55.6,2.69,154,80,263,,True,1.9
2005,32.934098,-117.162679,5410.6,55.6,2.62,154,81,263,,True,1.9
2006,32.934092,-117.162653,5412.9,55.6,2.56,153,81,263,,True,0.0
2007,32.934079,-117.162628,5415.6,55.6,2.6,154,82,260,,True,0.0
2008,32.934066,-117.162603,5418.1,55.6,2.56,153,82,259,,True,-1.9
2009,32.934054,-117.162579,5420.6,55.6,2.52,153,82,258,,True,-1.9
2010,32.934038,-117.162557,5423.3,55.4,2.55,153,82,258,,True,-1.9
2011,32.934021,-117.162534,5426.1,55.4,2.64,154,82,256,,True,-1.9
2012,32.934,-117.162521,5428.6,55.4,2.6,153,82,255,,True,0.0
2013,32.933982,-117.162511,5430.9,55.4,2.56,153,82,254,,True,0.0
2014,32.933955,-117.162492,5434.0,55.4,2.68,153,82,254,,True,1.8
2015,32.933934,-117.162483,5436.6,55.4,2.65,153,82,253,,True,1.6
2016,32.933909,-117.162466,5439.9,55.6,2.76,152,82,253,,True,1.8
2017,32.933883,-117.162449,5443.2,55.6,2.92,152,82,253,,True,1.7
2018,32.933866,-117.16244,5445.4,55.6,2.9,152,82,254,,True,0.0
2019,32.933846,-117.16242,5448.1,55.6,2.82,152,82,254,,True,0.0
2020,32.933833,-117.162386,5450.9,55.6,2.86,152,82,253,,True,-1.8
2021,32.933824,-117.16236,5453.7,55.6,2.76,152,82,252,,True,-1.9
2022,32.933824,-117.16236,5456.7,55.4,2.7,152,82,250,,True,-1.8
2023,32.933821,-117.162329,5458.6,55.4,2.634,152,80,250,,True,-1.8
2024,32.933834,-117.162274,5462.0,55.4,2.78,152,78,251,,True,0.0
2025,32.93384,-117.162238,5464.9,55.4,2.8,152,78,251,,True,0.0
2026,32.933846,-117.162205,5467.9,55.4,2.84,152,79,247,,True,0.0
2027,32.933846,-117.162205,5471.0,55.4,2.86,152,81,244,,True,0.0
2028,32.933858,-117.162178,5472.9,55.4,2.874,151,81,244,,True,0.0
2029,32.933912,-117.162134,5477.9,55.4,3.18,152,81,252,,True,1.4
2030,32.933939,-117.162109,5481.8,55.4,3.38,152,81,261,,True,2.5
2031,32.933964,-117.162077,5485.5,55.6,3.52,152,81,265,,True,2.8
2032,32.933976,-117.162054,5488.7,55.8,3.54,152,82,274,,True,3.0
2033,32.933992,-117.16202,5492.0,55.8,3.811,152,82,278,,True,1.6
2034,32.933999,-117.161989,5495.0,55.8,3.42,151,82,286,,True,0.0
2035,32.934006,-117.16196,5498.2,55.8,3.28,152,83,287,,True,0.0
2036,32.934013,-117.161925,5501.2,55.8,3.14,152,83,282,,True,0.0
2037,32.934012,-117.161904,5503.6,55.8,2.98,152,83,277,,True,0.0
2038,32.934014,-117.161879,5506.2,55.8,2.84,153,82,276,,True,0.0
2039,32.934018,-117.161844,5508.9,55.8,2.78,153,82,263,,True,0.0
2040,32.934015,-117.161822,5511.4,55.8,2.64,153,82,258,,True,0.0
2041,32.934009,-117.16179,5514.1,55.8,2.58,153,82,258,,True,0.0
2042,32.933998,-117.161768,5516.6,55.8,2.6,153,82,257,,True,0.0
2043,32.933998,-117.161768,5516.6,55.8,2.08,153,82,258,,False,0.0
2044,32.933993,-117.161739,5522.1,55.8,2.64,153,83,256,,True,0.0
2045,32.934013,-117.161683,5524.4,55.8,2.6,153,83,254,,True,0.0
2046,32.93403,-117.161654,5527.4,55.8,2.66,153,83,253,,True,0.0
2047,32.934047,-117.161624,5530.6,55.8,2.8,154,83,254,,True,0.0
2048,32.934058,-117.161595,5533.5,55.8,3.38,153,83,253,,True,0.0
2049,32.934068,-117.161565,5536.4,55.8,2.86,153,83,257,,True,0.0
2050,32.934085,-117.161537,5539.8,55.8,3.08,153,83,262,,True,1.5
2051,32.934103,-117.161509,5543.3,55.8,3.18,153,82,264,,True,1.5
2052,32.934124,-117.161482,5546.7,56.0,3.21,153,82,265,,True,1.5
2053,32.934145,-117.161455,5550.0,56.0,3.3,152,82,271,,True,1.6
2054,32.934172,-117.161446,5553.0,56.0,3.32,152,82,270,,True,0.0
2055,32.934199,-117.161436,5556.0,56.0,3.24,152,82,275,,True,0.0
2056,32.934224,-117.161429,5559.2,56.0,3.18,152,82,274,,True,0.0
2057,32.934259,-117.161428,5562.5,56.0,3.17,152,83,273,,True,0.0
2058,32.934278,-117.161421,5565.2,56.0,3.04,152,84,275,,True,0.0
2059,32.934309,-117.161421,5568.3,56.0,3.06,152,84,275,,True,1.7
2060,32.934336,-117.161432,5571.3,56.0,3.06,152,84,280,,True,1.7
2061,32.93436,-117.161433,5574.2,56.2,3.0,152,84,281,,True,3.5
2062,32.934389,-117.16143,5577.3,56.2,2.96,152,83,282,,True,3.6
2063,32.934407,-117.161427,5579.6,56.4,2.88,152,83,280,,True,3.6
2064,32.934434,-117.161422,5582.5,56.4,2.84,153,83,282,,True,3.9
2065,32.934459,-117.161417,5585.2,56.6,2.78,153,83,281,,True,1.9
2066,32.934479,-117.161403,5587.5,56.6,2.66,153,83,281,,True,2.0
2067,32.934503,-117.161386,5590.2,56.6,2.58,153,82,282,,True,-1.7
2068,32.934515,-117.161364,5592.7,56.6,2.62,153,82,280,,True,-3.5
2069,32.934525,-117.161345,5594.8,56.4,2.46,152,83,277,,True,-3.5
2070,32.934517,-117.161317,5597.0,56.4,2.36,153,83,275,,True,-3.5
2071,32.934505,-117.161299,5599.0,56.2,2.3,153,83,271,,True,-1.7
2072,32.93449,-117.161275,5601.6,56.2,2.28,153,83,269,,True,-1.7
2073,32.934478,-117.161252,5604.1,56.2,2.28,153,83,262,,True,0.0
2074,32.934472,-117.161227,5606.6,56.2,2.36,154,83,259,,True,0.0
2075,32.934472,-117.161198,5608.9,56.2,2.38,156,83,256,,True,0.0
2076,32.934477,-117.161176,5611.0,56.2,2.39,156,83,254,,True,0.0
2077,32.934481,-117.161154,5613.0,56.2,2.28,156,82,250,,True,0.0
2078,32.934496,-117.16112,5615.7,56.2,2.32,155,82,240,,True,0.0
2079,32.934504,-117.1611,5618.1,56.2,2.3,155,82,235,,True,0.0
2080,32.934518,-117.161071,5620.9,56.2,2.4,155,82,238,,True,0.0
2081,32.934532,-117.161043,5624.0,56.2,2.61,156,82,240,,True,0.0
2082,32.934546,-117.161015,5626.9,56.2,2.78,155,83,242,,True,1.7
2083,32.93456,-117.160986,5629.8,56.2,2.82,155,83,254,,True,1.7
2084,32.93457,-117.160963,5632.6,56.4,2.9,155,83,255,,True,0.0
2085,32.934585,-117.160936,5635.8,56.4,2.98,155,83,257,,True,0.0
2086,32.934585,-117.160936,5635.8,56.4,2.36,155,83,257,,False,-1.6
2087,32.934607,-117.16091,5639.0,56.2,2.42,155,83,253,,True,-3.1
2088,32.934649,-117.160864,5645.3,56.2,3.1,155,82,263,,True,-2.4
2089,32.934665,-117.160833,5648.6,56.0,3.2,154,82,265,,True,-1.2
2090,32.934683,-117.160807,5652.3,56.0,3.3,155,82,273,,True,-1.5
2091,32.934708,-117.160778,5655.7,56.0,3.98,155,83,275,,True,0.0
2092,32.934724,-117.160754,5658.7,56.0,3.94,155,83,284,,True,1.6
2093,32.934724,-117.160754,5658.7,56.0,2.68,155,83,286,,False,1.7
2094,32.93474,-117.160729,5664.6,56.2,3.2,155,83,277,,True,3.4
2095,32.934768,-117.160675,5667.5,56.2,3.04,155,83,273,,True,4.1
2096,32.934786,-117.16065,5670.5,56.4,2.96,156,83,271,,True,3.3
2097,32.934804,-117.160625,5673.5,56.6,2.96,157,82,266,,True,3.2
2098,32.934825,-117.160602,5676.6,56.6,3.58,158,82,267,,True,1.6
2099,32.934849,-117.160573,5679.9,56.6,3.06,158,82,268,,True,-1.5
2100,32.934866,-117.160552,5683.3,56.6,3.16,158,84,268,,True,0.0
2101,32.934888,-117.160523,5686.5,56.4,3.2,158,84,272,,True,0.0
2102,32.934904,-117.160497,5689.9,56.6,3.28,158,84,279,,True,0.0
2103,32.934918,-117.16047,5693.0,56.6,3.28,158,83,284,,True,1.7
2104,32.934932,-117.160443,5696.1,56.6,3.24,159,82,286,,True,-1.8
2105,32.934938,-117.160422,5698.6,56.6,3.06,159,82,284,,True,-1.7
2106,32.934953,-117.160394,5701.3,56.4,2.96,159,82,283,,True,-1.8
2107,32.934964,-117.160363,5704.5,56.4,2.92,159,82,279,,True,-2.0
2108,32.934964,-117.160363,5707.1,56.4,2.82,159,83,277,,True,1.7
2109,32.934971,-117.16034,5708.8,56.4,2.533,159,83,277,,True,1.9
2110,32.934985,-117.16028,5713.0,56.6,2.88,159,82,278,,True,1.9
2111,32.934983,-117.160257,5715.3,56.6,2.8,159,82,278,,True,1.7
2112,32.934975,-117.16023,5717.8,56.6,2.66,159,82,277,,True,0.0
2113,32.934967,-117.160203,5720.3,56.6,2.64,159,82,274,,True,0.0
2114,32.934962,-117.160172,5722.9,56.6,2.827,159,82,274,,True,0.0
2115,32.934956,-117.160141,5725.5,56.6,2.5,159,82,272,,True,0.0
2116,32.934963,-117.160114,5728.3,56.6,2.6,159,81,270,,True,0.0
2117,32.934985,-117.160104,5730.6,56.6,2.56,159,81,269,,True,0.0
2118,32.935005,-117.1601,5732.9,56.6,2.52,159,81,267,,True,0.0
2119,32.935028,-117.160095,5735.6,56.6,2.54,159,82,266,,True,2.0
2120,32.93505,-117.160081,5738.0,56.6,2.5,159,82,266,,True,1.6
2121,32.93505,-117.160081,5740.4,56.6,2.42,158,82,265,,True,1.9
2122,32.935064,-117.160062,5740.4,56.8,1.96,158,82,265,,False,1.6
2123,32.935084,-117.160042,5743.4,56.8,2.1,158,82,265,,True,1.9
2124,32.935103,-117.16002,5746.0,56.8,2.08,158,82,265,,True,0.0
2125,32.935112,-117.15997,5750.9,56.8,2.58,157,82,265,,True,0.0
2126,32.935112,-117.159944,5753.0,56.8,2.52,158,82,264,,True,0.0
2127,32.93512,-117.15992,5755.3,56.8,2.98,158,82,263,,True,0.0
2128,32.935131,-117.159886,5758.6,56.8,3.04,157,82,261,,True,0.0
2129,32.935145,-117.15986,5761.8,56.8,3.16,157,82,260,,True,0.0
2130,32.935158,-117.159834,5764.8,56.8,2.78,157,82,260,,True,0.0
2131,32.935184,-117.159814,5767.9,56.8,2.98,157,82,260,,True,0.0
2132,32.935196,-117.159793,5770.5,56.8,3.04,158,82,261,,True,1.7
2133,32.935193,-117.159762,5773.4,56.8,2.96,157,82,261,,True,1.7
2134,32.935191,-117.15973,5776.3,57.0,2.9,157,82,262,,True,1.7
2135,32.935181,-117.159699,5779.4,57.0,2.92,157,82,262,,True,1.9
2136,32.935181,-117.159699,5782.2,57.0,2.86,157,82,263,,True,0.0
2137,32.935173,-117.15967,5783.9,57.0,2.677,157,82,263,,True,0.0
2138,32.935167,-117.159605,5787.5,57.0,2.82,158,82,264,,True,0.0
2139,32.935167,-117.159578,5790.3,57.0,2.8,157,83,262,,True,0.0
2140,32.935177,-117.159549,5793.5,57.0,2.82,157,84,261,,True,0.0
2141,32.935177,-117.159549,5796.4,57.0,2.84,157,84,261,,True,0.0
2142,32.935195,-117.159521,5799.6,57.0,3.134,157,84,261,,True,-1.8
2143,32.935209,-117.159498,5802.1,57.0,2.92,157,84,261,,True,-1.8
2144,32.935242,-117.159451,5804.7,56.8,2.88,157,83,260,,True,-1.8
2145,32.935259,-117.159433,5807.4,56.8,2.78,157,83,260,,True,-1.8
2146,32.935283,-117.159407,5810.5,56.8,2.82,157,83,259,,True,0.0
2147,32.935294,-117.159389,5813.4,56.8,2.768,157,84,258,,True,0.0
2148,32.935306,-117.15936,5815.9,56.8,2.76,157,84,257,,True,0.0
2149,32.935318,-117.159339,5818.6,56.8,2.78,156,84,256,,True,0.0
2150,32.935326,-117.159316,5821.0,56.8,2.72,156,84,257,,True,0.0
2151,32.935344,-117.159286,5823.8,56.8,2.66,156,83,256,,True,0.0
2152,32.935349,-117.159266,5826.3,56.8,2.58,157,82,255,,True,0.0
2153,32.935348,-117.159237,5828.8,56.8,2.58,156,82,256,,True,0.0
2154,32.935358,-117.159205,5831.8,56.8,2.64,156,82,254,,True,0.0
2155,32.935364,-117.159183,5834.5,56.8,2.7,156,82,254,,True,0.0
2156,32.935367,-117.159157,5836.9,56.8,2.62,156,82,252,,True,0.0
2157,32.935371,-117.159132,5839.3,56.8,2.6,156,82,252,,True,0.0
2158,32.935369,-117.159106,5841.4,56.8,2.52,156,82,254,,True,0.0
2159,32.935381,-117.159073,5844.1,56.8,2.46,156,82,252,,True,0.0
2160,32.935387,-117.159046,5846.8,56.8,2.46,156,82,249,,True,0.0
2161,32.935394,-117.159014,5850.1,56.8,2.64,156,82,248,,True,0.0
2162,32.935397,-117.158988,5852.6,56.8,2.66,156,82,247,,True,0.0
2163,32.935401,-117.158964,5855.0,56.8,2.72,156,82,248,,True,0.0
2164,32.935422,-117.158939,5858.1,56.8,2.8,156,82,248,,True,0.0
2165,32.935439,-117.15892,5860.5,56.8,2.74,155,83,245,,True,0.0
2166,32.93546,-117.158902,5863.7,56.8,2.72,155,83,245,,True,0.0
2167,32.935484,-117.158885,5866.3,56.8,2.74,155,83,245,,True,0.0
2168,32.935501,-117.158864,5869.1,56.8,2.82,154,83,245,,True,0.0
2169,32.935518,-117.158842,5871.9,56.8,2.76,154,82,244,,True,0.0
2170,32.935539,-117.158822,5874.8,56.8,2.86,154,82,245,,True,0.0
2171,32.935552,-117.158802,5877.6,56.8,2.78,153,81,246,,True,0.0
2172,32.935573,-117.158774,5880.5,56.8,2.84,153,81,246,,True,0.0
2173,32.935588,-117.158756,5883.1,56.8,2.8,153,81,246,,True,-1.7
2174,32.935604,-117.158733,5886.0,56.8,2.82,153,81,245,,True,-1.7
2175,32.935629,-117.158705,5889.5,56.6,2.94,153,82,245,,True,-1.7
2176,32.935642,-117.158693,5892.2,56.6,2.92,153,82,245,,True,-1.8
2177,32.935666,-117.158685,5894.9,56.6,2.88,153,81,246,,True,2.0
2178,32.935688,-117.158679,5897.1,56.6,2.8,153,81,247,,True,1.9
2179,32.935706,-117.158669,5899.6,56.8,2.72,153,81,247,,True,1.6
2180,32.935738,-117.158657,5902.5,56.8,2.6,154,82,246,,True,2.0
2181,32.935753,-117.158645,5904.7,56.8,2.5,154,82,245,,True,0.0
2182,32.935765,-117.158624,5907.3,56.8,2.48,154,82,245,,True,-1.8
2183,32.935777,-117.158596,5909.6,56.8,2.5,154,82,245,,True,0.0
2184,32.93578,-117.158579,5911.3,56.8,2.34,154,82,243,,True,0.0
2185,32.935783,-117.158559,5913.5,56.6,2.2,153,83,242,,True,0.0
2186,32.935783,-117.158559,5913.5,56.8,1.76,154,83,243,,False,0.0
2187,32.935792,-117.158535,5915.3,56.8,1.6,154,82,242,,True,1.7
2188,32.935811,-117.158486,5920.1,56.8,2.1,154,81,241,,True,0.0
2189,32.935815,-117.158466,5922.3,56.8,2.2,153,81,239,,True,0.0
2190,32.93582,-117.158439,5925.0,56.8,2.3,154,81,239,,True,0.0
2191,32.935831,-117.158405,5927.8,56.8,2.86,153,82,234,,True,1.7
2192,32.935842,-117.158375,5931.1,56.8,3.16,153,83,232,,True,1.7
2193,32.935847,-117.158345,5934.1,57.0,2.8,153,82,235,,True,1.7
2194,32.935859,-117.158314,5937.0,57.0,2.94,154,82,251,,True,1.7
2195,32.935864,-117.158289,5939.7,57.0,2.94,153,82,258,,True,0.0
2196,32.935884,-117.158258,5943.0,57.0,3.04,153,82,257,,True,0.0
2197,32.935899,-117.158234,5945.9,57.0,2.96,153,82,256,,True,0.0
2198,32.93592,-117.158213,5949.3,57.0,3.04,153,82,257,,True,0.0
2199,32.935941,-117.158189,5952.4,57.0,3.08,154,82,262,,True,0.0
2200,32.935953,-117.158167,5955.0,57.0,3.06,153,82,267,,True,0.0
2201,32.935964,-117.15814,5957.6,57.0,2.92,154,83,267,,True,0.0
2202,32.935964,-117.15814,5957.6,57.0,2.34,154,83,264,,False,0.0
2203,32.935979,-117.158121,5962.4,57.0,2.62,154,83,257,,True,0.0
2204,32.93601,-117.158083,5964.9,57.0,2.5,155,83,250,,True,0.0
2205,32.93602,-117.158066,5966.9,57.0,2.38,155,83,244,,True,0.0
2206,32.936034,-117.158043,5969.5,57.0,2.38,155,82,241,,True,0.0
2207,32.936045,-117.15802,5972.0,57.0,2.88,155,82,238,,True,1.5
2208,32.936045,-117.15802,5972.0,57.0,1.92,154,82,236,,False,1.9
2209,32.936052,-117.158002,5973.8,57.0,1.78,154,82,234,,True,1.9
2210,32.936065,-117.157957,5978.1,57.2,2.24,154,83,229,,True,1.9
2211,32.936067,-117.157937,5980.3,57.2,2.16,154,83,228,,True,3.4
2212,32.936074,-117.157904,5982.6,57.2,2.12,154,82,226,,True,2.0
2213,32.93608,-117.157875,5985.4,57.4,2.68,154,82,225,,True,1.8
2214,32.936089,-117.157847,5988.2,57.4,2.88,154,82,226,,True,1.8
2215,32.936107,-117.157818,5991.2,57.4,2.62,153,82,229,,True,0.0
2216,32.936107,-117.157818,5991.2,57.4,2.18,153,82,230,,False,0.0
2217,32.936123,-117.157798,5993.9,57.4,2.26,153,82,235,,True,0.0
2218,32.936174,-117.157784,5999.1,57.4,2.74,153,82,239,,True,0.0
2219,32.936202,-117.15778,6002.2,57.4,2.79,153,82,237,,True,0.0
2220,32.93623,-117.157776,6005.2,57.4,2.8,153,82,239,,True,0.0
2221,32.936253,-117.157774,6008.2,57.4,3.4,153,82,240,,True,0.0
2222,32.936287,-117.157771,6011.9,57.4,3.6,153,82,241,,True,0.0
2223,32.936316,-117.157771,6014.9,57.4,3.16,153,82,243,,True,0.0
2224,32.936337,-117.157775,6017.9,57.4,3.15,152,82,248,,True,-1.7
2225,32.936364,-117.157788,6020.9,57.4,3.14,152,83,249,,True,-1.7
2226,32.936391,-117.157792,6023.5,57.2,3.06,153,83,248,,True,-1.6
2227,32.936419,-117.157787,6026.7,57.2,2.96,153,83,247,,True,-3.3
2228,32.936447,-117.157769,6030.2,57.2,3.06,153,83,243,,True,-1.6
2229,32.936468,-117.157755,6032.9,57.0,3.0,153,82,243,,True,-1.7
2230,32.936483,-117.157729,6035.9,57.0,3.0,153,81,245,,True,-3.6
2231,32.936492,-117.157698,6038.5,57.0,3.0,153,81,246,,True,0.0
2232,32.936496,-117.157676,6041.4,56.8,2.94,153,81,246,,True,0.0
2233,32.936507,-117.157648,6043.7,57.0,2.7,152,82,245,,True,0.0
2234,32.936517,-117.15763,6046.0,57.0,2.62,153,82,242,,True,4.0
2235,32.936529,-117.157608,6048.8,57.0,2.58,153,82,243,,True,1.7
2236,32.936546,-117.157581,6051.4,57.2,2.58,153,82,242,,True,1.7
2237,32.936554,-117.157562,6053.4,57.2,2.4,153,82,241,,True,3.5
2238,32.936562,-117.157537,6055.8,57.2,2.42,153,81,241,,True,1.8
2239,32.93657,-117.15751,6058.1,57.2,2.42,153,81,242,,True,1.7
2240,32.936564,-117.157487,6060.4,57.4,2.31,152,81,243,,True,1.7
2241,32.936557,-117.157464,6062.6,57.4,2.24,153,81,242,,True,3.3
2242,32.936557,-117.157439,6065.0,57.4,2.32,153,81,241,,True,1.6
2243,32.936557,-117.157411,6067.6,57.4,2.36,153,81,241,,True,1.9
2244,32.936572,-117.157382,6070.3,57.6,2.44,152,82,242,,True,1.7
2245,32.936585,-117.157362,6073.2,57.6,2.57,153,83,241,,True,1.7
2246,32.936612,-117.157339,6076.5,57.6,2.78,153,84,240,,True,0.0
2247,32.936631,-117.157318,6079.4,57.6,2.88,152,83,241,,True,0.0
2248,32.936639,-117.157297,6081.9,57.6,2.86,153,83,246,,True,1.8
2249,32.936647,-117.157267,6084.7,57.6,2.88,153,83,248,,True,1.9
2250,32.936655,-117.157237,6087.5,57.8,2.86,153,83,249,,True,2.8
2251,32.936655,-117.157211,6090.1,57.8,2.72,153,83,251,,True,3.4
2252,32.936655,-117.157211,6090.1,58.0,2.14,153,83,252,,False,1.6
2253,32.936666,-117.157171,6096.4,58.0,2.9,153,83,253,,True,0.0
2254,32.936688,-117.157114,6099.8,58.0,3.02,154,83,256,,True,-1.3
2255,32.936705,-117.15709,6102.9,57.8,3.08,154,83,256,,True,-3.2
2256,32.936719,-117.15707,6105.6,57.8,3.1,154,83,257,,True,-3.4
2257,32.936741,-117.157037,6108.8,57.6,3.74,153,82,256,,True,-1.8
2258,32.936748,-117.157009,6111.4,57.6,3.0,154,83,255,,True,0.0
2259,32.93675,-117.156977,6114.1,57.6,2.86,154,83,256,,True,1.9
2260,32.936752,-117.156941,6117.1,57.8,2.84,154,83,258,,True,1.8
2261,32.93675,-117.156916,6119.6,57.8,2.8,154,82,258,,True,1.8
2262,32.93674,-117.156884,6122.5,57.8,2.74,154,82,258,,True,0.0
2263,32.936731,-117.156855,6125.2,57.8,2.76,155,82,258,,True,0.0
2264,32.936717,-117.15683,6128.2,57.8,2.82,155,82,258,,True,0.0
2265,32.936693,-117.156802,6131.6,57.8,2.9,155,83,258,,True,0.0
2266,32.936673,-117.156788,6134.5,57.8,2.98,155,84,259,,True,0.0
2267,32.936647,-117.156766,6138.0,57.8,3.1,155,84,260,,True,0.0
2268,32.936627,-117.156749,6140.9,57.8,3.14,155,84,260,,True,1.7
2269,32.936607,-117.156732,6143.6,57.8,3.08,155,84,263,,True,1.8
2270,32.936588,-117.15671,6146.6,58.0,3.0,155,84,264,,True,1.9
2271,32.936573,-117.156692,6149.1,58.0,2.92,155,84,263,,True,2.0
2272,32.936562,-117.15667,6151.3,58.0,2.66,155,84,262,,True,0.0
2273,32.936557,-117.156645,6153.6,58.0,2.54,155,84,262,,True,0.0
2274,32.936551,-117.156617,6156.1,58.0,2.5,154,83,261,,True,0.0
2275,32.936544,-117.156585,6158.9,58.0,2.46,155,83,262,,True,0.0
2276,32.936535,-117.156559,6161.7,58.0,2.52,155,83,260,,True,0.0
2277,32.936523,-117.156534,6164.4,58.0,2.62,155,83,259,,True,0.0
2278,32.936506,-117.156503,6167.2,58.0,2.72,155,82,260,,True,-1.8
2279,32.936506,-117.156503,6170.0,58.0,2.78,155,82,260,,True,-1.7
2280,32.936495,-117.156479,6172.8,57.8,2.772,155,82,259,,True,-1.6
2281,32.936478,-117.156448,6176.5,57.8,2.96,155,82,258,,True,-3.1
2282,32.936443,-117.156394,6179.9,57.8,3.1,156,83,257,,True,-1.5
2283,32.936429,-117.156363,6183.1,57.6,3.18,155,83,255,,True,0.0
2284,32.936417,-117.156338,6185.9,57.6,3.18,155,83,255,,True,0.0
2285,32.936404,-117.156312,6188.7,57.8,3.188,156,83,256,,True,3.5
2286,32.936401,-117.156281,6191.6,57.8,3.02,155,83,256,,True,3.4
2287,32.936397,-117.15625,6194.5,58.0,2.92,156,83,258,,True,1.7
2288,32.936397,-117.156212,6197.8,58.0,2.94,156,83,258,,True,1.6
2289,32.936396,-117.156186,6200.5,58.0,2.92,156,83,258,,True,0.0
2290,32.936395,-117.156152,6203.9,58.0,3.04,155,83,259,,True,0.0
2291,32.936394,-117.156118,6206.9,58.0,3.06,156,82,257,,True,0.0
2292,32.936399,-117.156087,6209.9,58.0,3.08,156,82,258,,True,0.0
2293,32.936404,-117.156056,6212.9,58.0,3.02,156,82,259,,True,0.0
2294,32.936411,-117.156028,6215.9,58.0,3.08,156,83,259,,True,1.7
2295,32.936417,-117.156,6218.9,58.0,3.0,156,82,260,,True,1.8
2296,32.936427,-117.155974,6221.6,58.2,2.94,156,82,262,,True,1.8
2297,32.936437,-117.155948,6224.3,58.2,2.88,156,82,262,,True,1.8
2298,32.936443,-117.155915,6227.2,58.2,2.86,156,83,261,,True,0.0
2299,32.936448,-117.155881,6230.1,58.2,2.84,157,83,263,,True,0.0
2300,32.936455,-117.155858,6232.8,58.2,2.78,157,83,263,,True,0.0
2301,32.936468,-117.155822,6236.1,58.2,2.9,157,83,263,,True,0.0
2302,32.936475,-117.155795,6238.9,58.2,2.92,157,83,264,,True,0.0
2303,32.936482,-117.15577,6241.4,58.2,2.84,157,83,265,,True,0.0
2304,32.936484,-117.155734,6244.2,58.2,2.82,158,82,266,,True,0.0
2305,32.936485,-117.15571,6247.0,58.2,2.84,157,82,265,,True,0.0
2306,32.936486,-117.155677,6249.7,58.2,2.72,157,83,264,,True,0.0
2307,32.936486,-117.15565,6252.4,58.2,2.7,158,82,265,,True,0.0
2308,32.936485,-117.155622,6255.1,58.2,2.74,157,82,265,,True,0.0
2309,32.936489,-117.155583,6258.6,58.2,2.88,157,82,264,,True,1.9
2310,32.93649,-117.155564,6260.6,58.2,2.72,158,83,262,,True,0.0
2311,32.936494,-117.155537,6263.1,58.4,2.68,157,83,262,,True,0.0
2312,32.936498,-117.155506,6266.0,58.2,2.72,157,83,261,,True,0.0
2313,32.936502,-117.155477,6268.7,58.2,2.72,158,83,260,,True,-1.9
2314,32.936509,-117.155448,6271.5,58.2,2.58,158,83,260,,True,1.5
2315,32.936509,-117.155448,6271.5,58.2,2.18,158,83,260,,False,1.9
2316,32.936513,-117.155422,6273.9,58.2,2.16,158,82,261,,True,1.5
2317,32.93652,-117.155357,6279.5,58.4,2.7,158,82,261,,True,1.5
2318,32.93652,-117.155357,6279.5,58.4,2.16,157,82,261,,False,1.4
2319,32.936518,-117.155334,6285.1,58.4,2.72,158,82,259,,True,0.0
2320,32.9365,-117.155272,6287.9,58.4,3.28,158,82,260,,True,0.0
2321,32.936488,-117.155251,6290.6,58.4,3.34,158,82,263,,True,1.8
2322,32.936475,-117.155224,6293.5,58.4,2.8,158,82,263,,True,1.8
2323,32.936461,-117.155197,6296.4,58.6,3.38,158,81,263,,True,1.8
2324,32.936448,-117.155175,6298.9,58.6,2.76,157,81,264,,True,1.9
2325,32.936435,-117.155146,6301.5,58.6,2.72,158,81,264,,True,0.0
2326,32.936428,-117.155123,6304.2,58.6,2.72,158,82,263,,True,0.0
2327,32.936419,-117.155094,6307.0,58.6,2.7,158,83,262,,True,0.0
2328,32.93641,-117.155065,6309.8,58.6,2.68,158,83,261,,True,0.0
2329,32.93641,-117.155065,6309.8,58.8,2.18,158,83,263,,False,0.0
2330,32.936404,-117.155046,6315.0,58.6,2.7,158,83,262,,True,0.0
2331,32.936401,-117.154985,6317.1,58.6,2.58,158,83,259,,True,-2.9
2332,32.936411,-117.15495,6320.0,58.6,2.6,158,82,258,,True,-3.2
2333,32.936431,-117.154912,6323.7,58.4,2.78,157,82,256,,True,-1.4
2334,32.936446,-117.154884,6327.4,58.2,3.52,158,82,255,,True,0.0
2335,32.936473,-117.154853,6331.3,58.4,3.26,158,82,256,,True,1.4
2336,32.93649,-117.154835,6334.1,58.6,3.4,157,82,259,,True,2.8
2337,32.936516,-117.154811,6338.1,58.6,3.62,158,82,262,,True,1.5
2338,32.936535,-117.154778,6341.5,58.6,3.56,158,82,264,,True,1.5
2339,32.936549,-117.154756,6344.3,58.6,3.38,157,82,263,,True,0.0
2340,32.936565,-117.154733,6347.3,58.8,3.2,158,83,264,,True,0.0
2341,32.936583,-117.15472,6349.9,58.6,3.16,158,83,265,,True,1.8
2342,32.936601,-117.154706,6352.5,58.6,2.88,157,83,265,,True,0.0
2343,32.936626,-117.154684,6355.5,58.8,2.8,158,84,265,,True,1.8
2344,32.936638,-117.154664,6357.8,58.8,2.7,158,84,263,,True,1.8
2345,32.936661,-117.154639,6361.1,58.8,2.76,157,84,260,,True,0.0
2346,32.936679,-117.154622,6363.6,58.8,2.74,157,83,264,,True,0.0
2347,32.936696,-117.154602,6366.4,58.8,2.78,157,82,262,,True,0.0
2348,32.936718,-117.154573,6369.6,58.8,2.82,157,82,262,,True,1.8
2349,32.93673,-117.154553,6372.3,58.8,2.9,158,81,264,,True,1.4
2350,32.93673,-117.154553,6372.3,59.0,2.24,157,81,266,,False,1.9
2351,32.936745,-117.154531,6375.0,59.0,2.28,157,81,272,,True,1.5
2352,32.936757,-117.154502,6380.2,59.0,2.76,158,82,267,,True,0.0
2353,32.936763,-117.154479,6381.8,59.0,2.447,157,82,266,,True,0.0
2354,32.936781,-117.154431,6385.4,59.0,2.62,158,82,263,,True,0.0
2355,32.936792,-117.154407,6387.7,59.0,3.08,157,82,264,,True,0.0
2356,32.936804,-117.154381,6390.1,59.0,3.02,157,82,260,,True,2.0
2357,32.936813,-117.154358,6392.8,59.0,2.52,157,82,256,,True,1.9
2358,32.936824,-117.154331,6395.6,59.2,2.743,158,82,255,,True,0.0
2359,32.936835,-117.154303,6398.3,59.2,2.58,157,82,256,,True,0.0
2360,32.936839,-117.154278,6400.8,59.0,2.62,157,82,259,,True,-1.7
2361,32.936841,-117.154251,6403.1,59.0,2.6,157,82,260,,True,-1.8
2362,32.936842,-117.15423,6405.0,59.0,2.44,158,82,254,,True,0.0
2363,32.936839,-117.154207,6407.0,59.0,2.29,158,82,251,,True,0.0
2364,32.936837,-117.154175,6409.4,59.0,2.22,158,83,242,,True,0.0
2365,32.936826,-117.154154,6411.7,59.0,2.18,158,83,238,,True,0.0
2366,32.936816,-117.154132,6414.0,59.0,2.18,159,83,236,,True,0.0
2367,32.936797,-117.154116,6416.5,59.0,2.3,158,83,236,,True,0.0
2368,32.936779,-117.154099,6419.0,59.0,2.4,158,82,238,,True,1.9
2369,32.936755,-117.15408,6421.8,59.0,2.48,158,82,238,,True,1.8
2370,32.936733,-117.154066,6424.7,59.2,2.6,158,82,239,,True,1.8
2371,32.936716,-117.154049,6427.5,59.2,2.7,158,82,241,,True,1.9
2372,32.936699,-117.154024,6430.1,59.2,2.72,158,83,241,,True,1.8
2373,32.936681,-117.154008,6432.5,59.2,2.7,157,83,242,,True,0.0
2374,32.936658,-117.153988,6435.6,59.4,2.76,157,83,243,,True,1.8
2375,32.936634,-117.153973,6438.6,59.2,2.78,157,82,245,,True,1.7
2376,32.936615,-117.153964,6441.2,59.4,2.74,158,82,245,,True,0.0
2377,32.936583,-117.153953,6444.5,59.4,2.88,157,82,248,,True,1.8
2378,32.936561,-117.15395,6447.1,59.4,2.92,157,82,249,,True,1.6
2379,32.936535,-117.153943,6450.0,59.4,2.88,157,82,252,,True,0.0
2380,32.936502,-117.153926,6453.5,59.6,2.98,157,83,254,,True,0.0
2381,32.936502,-117.153926,6453.5,59.6,2.46,156,83,252,,False,0.0
2382,32.936482,-117.153904,6456.8,59.4,2.46,156,83,253,,True,-1.9
2383,32.936463,-117.153868,6460.4,59.4,2.66,156,83,254,,True,-2.1
2384,32.93647,-117.153821,6464.2,59.4,2.84,156,83,254,,True,-2.1
2385,32.936483,-117.153735,6472.2,59.2,3.74,156,83,270,,True,-2.1
2386,32.936488,-117.153706,6475.9,59.0,4.48,156,83,313,,True,-2.2
2387,32.936497,-117.153668,6479.3,59.0,4.5,156,83,321,,True,0.0
2388,32.936501,-117.153642,6482.0,59.0,4.32,156,84,323,,True,3.5
2389,32.936503,-117.153614,6484.7,59.2,4.1,157,84,307,,True,5.5
2390,32.936503,-117.153585,6487.5,59.4,3.05,157,85,289,,True,5.4
2391,32.936502,-117.153556,6490.2,59.6,2.86,158,85,260,,True,5.5
2392,32.936503,-117.153523,6493.2,59.6,2.78,158,83,257,,True,3.7
2393,32.936506,-117.153495,6495.7,59.8,2.74,158,83,262,,True,1.8
2394,32.936509,-117.15347,6498.2,59.8,2.7,157,83,262,,True,1.9
2395,32.936509,-117.15347,6498.2,59.8,2.15,158,83,261,,False,0.0
2396,32.93652,-117.153436,6501.1,59.8,2.18,158,83,259,,True,0.0
2397,32.936524,-117.153416,6503.6,59.8,2.08,158,83,261,,True,0.0
2398,32.936529,-117.153386,6508.8,59.8,2.62,157,83,261,,True,1.5
2399,32.936532,-117.153328,6511.4,59.8,2.64,158,83,262,,True,1.4
2400,32.936532,-117.153328,6514.7,60.0,3.3,158,83,261,,True,1.7
2401,32.936519,-117.153293,6517.9,60.0,3.36,158,83,260,,True,1.6
2402,32.936499,-117.153239,6520.8,60.0,3.44,158,83,264,,True,0.0
2403,32.93649,-117.153205,6523.9,60.0,3.02,157,83,268,,True,0.0
2404,32.936483,-117.153182,6526.5,60.0,3.02,158,84,271,,True,-1.4
2405,32.936475,-117.153146,6529.4,60.0,2.94,158,84,270,,True,-1.7
2406,32.936475,-117.153146,6529.4,60.0,2.3,158,84,267,,False,-1.7
2407,32.936475,-117.153116,6535.6,59.8,2.96,158,84,264,,True,-1.6
2408,32.936491,-117.15305,6538.6,59.8,2.94,159,83,264,,True,-1.3
2409,32.936506,-117.15302,6541.8,59.8,3.07,159,83,265,,True,0.0
2410,32.936521,-117.152989,6545.1,59.8,3.14,159,83,269,,True,1.4
2411,32.936521,-117.152989,6545.1,59.8,3.14,159,85,266,,False,1.8
2412,32.93652,-117.152961,6548.2,59.8,2.52,159,85,275,,True,3.8
2413,32.936496,-117.152913,6552.9,60.0,2.86,159,85,276,,True,2.9
2414,32.936479,-117.152893,6555.5,60.2,2.73,159,85,273,,True,3.0
2415,32.936465,-117.152857,6558.7,60.2,2.72,159,84,270,,True,1.7
2416,32.936448,-117.152836,6561.7,60.2,3.32,160,84,269,,True,0.0
2417,32.936433,-117.152806,6564.8,60.2,3.32,160,84,270,,True,0.0
2418,32.93643,-117.152771,6567.7,60.2,2.96,160,84,271,,True,-1.7
2419,32.936426,-117.152741,6571.0,60.2,3.1,160,83,272,,True,-1.7
2420,32.936429,-117.152709,6573.8,60.0,3.02,160,83,272,,True,-1.7
2421,32.936433,-117.152681,6576.5,60.0,2.96,160,83,271,,True,-1.8
2422,32.936444,-117.152646,6579.5,60.0,2.94,160,83,269,,True,0.0
2423,32.936451,-117.152619,6582.4,60.0,2.94,160,83,268,,True,0.0
2424,32.936456,-117.152586,6585.5,60.0,2.9,161,83,267,,True,0.0
2425,32.936461,-117.152555,6588.4,60.0,2.92,160,83,266,,True,0.0
2426,32.936464,-117.152529,6591.0,60.0,2.9,160,84,265,,True,0.0
2427,32.936465,-117.152491,6594.3,60.0,2.96,160,84,264,,True,-1.6
2428,32.936466,-117.152453,6597.6,60.0,3.04,160,84,263,,True,-2.9
2429,32.936462,-117.152422,6601.2,59.8,3.14,160,83,262,,True,-4.4
2430,32.936462,-117.152378,6605.0,59.6,3.32,161,83,262,,True,-6.2
2431,32.93646,-117.152355,6607.9,59.4,3.38,160,83,265,,True,-5.3
2432,32.936454,-117.152327,6610.5,59.2,3.24,160,83,267,,True,-4.0
2433,32.936441,-117.152304,6612.6,59.2,3.0,160,83,267,,True,-2.1
2434,32.936432,-117.152286,6615.0,59.2,2.76,161,83,265,,True,0.0
2435,32.936418,-117.152258,6617.3,59.2,2.46,160,83,260,,True,1.3
2436,32.936418,-117.152258,6617.3,59.2,1.88,160,83,260,,False,1.9
2437,32.936403,-117.152238,6619.8,59.4,1.86,161,85,257,,True,2.0
2438,32.936394,-117.152216,6625.5,59.4,2.58,161,85,254,,True,3.1
2439,32.93639,-117.152181,6627.4,59.4,2.48,161,81,257,,True,1.6
2440,32.936392,-117.15213,6630.1,59.6,2.56,161,81,256,,True,1.9
2441,32.936394,-117.152102,6632.7,59.6,3.08,160,84,252,,True,1.7
2442,32.936398,-117.152071,6635.8,59.6,3.2,160,84,251,,True,0.0
2443,32.936402,-117.152039,6638.9,59.6,2.68,160,84,249,,True,0.0
2444,32.936398,-117.152021,6641.1,59.6,2.74,161,84,250,,True,1.7
2445,32.936392,-117.151996,6643.3,59.6,2.64,160,83,252,,True,1.7
2446,32.936382,-117.151973,6645.6,59.6,2.58,160,84,251,,True,1.7
2447,32.936371,-117.151953,6647.9,59.8,2.42,160,84,248,,True,3.4
2448,32.936362,-117.151919,6650.7,59.8,2.36,160,84,247,,True,5.0
2449,32.936353,-117.151905,6652.6,59.8,2.3,161,83,247,,True,3.3
2450,32.936346,-117.151879,6655.0,60.0,2.34,160,83,248,,True,5.0
2451,32.936341,-117.151847,6657.5,60.2,2.38,160,83,248,,True,6.0
2452,32.936333,-117.151826,6660.1,60.2,2.44,160,83,247,,True,4.0
2453,32.936327,-117.151802,6662.6,60.4,2.38,160,82,248,,True,1.7
2454,32.936319,-117.151773,6665.0,60.4,2.48,160,81,249,,True,3.4
2455,32.936317,-117.151749,6667.3,60.4,2.45,160,81,251,,True,1.8
2456,32.936315,-117.151725,6669.5,60.4,2.4,160,80,252,,True,1.7
2457,32.936324,-117.151698,6672.0,60.6,2.38,159,80,254,,True,1.6
2458,32.93633,-117.151677,6673.9,60.6,2.26,159,80,253,,True,2.0
2459,32.936334,-117.151644,6676.9,60.6,2.38,159,80,253,,True,0.0
2460,32.936336,-117.151615,6679.7,60.6,2.49,159,80,254,,True,0.0
2461,32.936339,-117.151586,6682.5,60.6,2.6,159,81,255,,True,0.0
2462,32.93634,-117.151548,6685.8,60.6,2.76,159,81,256,,True,0.0
2463,32.936337,-117.151521,6688.4,60.6,2.9,158,81,257,,True,0.0
2464,32.936336,-117.151491,6691.1,60.6,2.84,158,81,259,,True,1.8
2465,32.93634,-117.151453,6694.0,60.6,2.86,158,82,260,,True,1.7
2466,32.936343,-117.151429,6696.8,60.8,2.86,158,82,260,,True,0.0
2467,32.936356,-117.151398,6700.3,60.8,2.9,158,82,259,,True,1.6
2468,32.936368,-117.151369,6703.6,60.6,3.04,158,82,258,,True,0.0
2469,32.936383,-117.151346,6706.6,60.8,3.1,158,82,263,,True,0.0
2470,32.936405,-117.151319,6709.8,60.8,3.16,158,82,268,,True,1.8
2471,32.936417,-117.1513,6712.3,60.8,3.1,157,83,268,,True,0.0
2472,32.936423,-117.151276,6714.6,60.8,2.86,158,83,270,,True,0.0
2473,32.93642,-117.151247,6716.9,60.8,2.66,158,82,271,,True,0.0
2474,32.936411,-117.151228,6719.1,60.8,2.5,157,82,270,,True,0.0
2475,32.936399,-117.151201,6721.4,60.8,2.32,158,82,267,,True,0.0
2476,32.936383,-117.151182,6723.9,60.8,2.32,158,82,265,,True,0.0
2477,32.93637,-117.15116,6726.4,60.8,2.36,157,82,265,,True,0.0
2478,32.936362,-117.151129,6729.1,60.8,2.44,158,82,263,,True,0.0
2479,32.936361,-117.151105,6731.8,60.8,2.54,158,82,259,,True,0.0
2480,32.936365,-117.151074,6734.6,60.8,2.64,157,82,257,,True,0.0
2481,32.936376,-117.151046,6737.3,60.8,2.68,157,83,256,,True,0.0
2482,32.936386,-117.151021,6739.8,60.8,2.68,157,83,254,,True,1.5
2483,32.936395,-117.150996,6742.3,60.8,2.64,157,83,253,,True,1.9
2484,32.936399,-117.15097,6744.4,61.0,2.52,157,82,253,,True,1.7
2485,32.936406,-117.150939,6747.8,61.0,2.64,157,82,252,,True,1.7
2486,32.936419,-117.150901,6751.5,61.0,2.84,157,82,251,,True,-1.5
2487,32.936429,-117.150874,6754.4,61.0,2.92,156,82,249,,True,-1.6
2488,32.936439,-117.150844,6757.6,60.8,3.06,156,83,250,,True,-1.9
2489,32.936444,-117.150818,6760.5,60.8,3.22,156,82,250,,True,0.0
2490,32.936445,-117.150801,6762.2,60.8,2.88,156,82,253,,True,1.9
2491,32.936438,-117.150776,6764.0,61.0,2.5,156,82,253,,True,1.9
2492,32.93643,-117.150756,6766.3,61.0,2.38,155,83,250,,True,3.4
2493,32.936427,-117.15073,6768.2,61.0,2.12,155,83,248,,True,2.0
2494,32.936426,-117.150695,6771.2,61.0,2.14,155,83,248,,True,1.9
2495,32.936424,-117.150668,6774.0,61.2,2.36,155,83,247,,True,1.7
2496,32.936425,-117.150636,6777.0,61.2,2.6,155,82,246,,True,1.9
2497,32.93642,-117.150608,6779.8,61.2,2.7,155,82,247,,True,0.0
2498,32.936415,-117.150583,6782.0,61.2,2.76,154,82,249,,True,0.0
2499,32.936408,-117.150548,6785.3,61.2,2.82,154,82,250,,True,0.0
2500,32.936401,-117.150514,6788.5,61.2,2.9,154,82,249,,True,0.0
2501,32.936405,-117.150484,6791.4,61.2,2.88,154,82,249,,True,0.0
2502,32.936405,-117.150484,6791.4,61.2,2.32,154,82,248,,False,0.0
2503,32.936414,-117.150455,6796.7,61.2,2.94,153,82,249,,True,2.0
2504,32.936452,-117.15042,6799.5,61.2,2.84,154,83,249,,True,1.5
2505,32.936471,-117.150411,6801.6,61.4,2.62,154,83,250,,True,1.8
2506,32.936492,-117.150395,6804.6,61.4,2.64,154,82,250,,True,1.8
2507,32.936522,-117.150375,6807.9,61.4,3.3,154,82,249,,True,0.0
2508,32.93654,-117.150362,6810.6,61.4,2.78,154,81,249,,True,-1.6
2509,32.936565,-117.150347,6813.8,61.4,2.86,155,81,250,,True,-1.8
2510,32.936588,-117.150325,6816.8,61.2,3.04,155,82,251,,True,-1.6
2511,32.9366,-117.150308,6819.3,61.2,2.94,155,82,250,,True,0.0
2512,32.936622,-117.150275,6822.8,61.2,2.98,156,82,250,,True,1.8
2513,32.936639,-117.150255,6825.7,61.4,3.02,156,82,250,,True,1.7
2514,32.936653,-117.150238,6828.1,61.4,2.86,156,82,252,,True,1.8
2515,32.936677,-117.150217,6831.0,61.4,2.84,156,82,252,,True,-1.4
2516,32.936677,-117.150217,6831.0,61.4,2.34,156,82,252,,False,-1.7
2517,32.936697,-117.150201,6833.7,61.4,2.18,155,82,252,,True,-3.5
2518,32.936741,-117.150161,6839.6,61.2,2.78,155,82,249,,True,-2.7
2519,32.936755,-117.15014,6842.3,61.0,2.84,155,81,247,,True,-4.1
2520,32.936769,-117.15011,6845.7,61.0,2.94,155,81,248,,True,-1.8
2521,32.936781,-117.150087,6848.4,60.8,3.48,155,81,247,,True,0.0
2522,32.936791,-117.150066,6850.5,61.0,3.36,155,81,248,,True,0.0
2523,32.936803,-117.15004,6853.1,61.0,2.7,155,83,247,,True,0.0
2524,32.936823,-117.150019,6856.2,61.0,2.78,155,83,244,,True,-3.6
2525,32.936849,-117.150014,6859.2,60.8,2.7,155,83,243,,True,-3.7
2526,32.936873,-117.150013,6861.6,60.6,2.64,155,84,241,,True,-4.0
2527,32.936891,-117.15001,6863.9,60.6,2.68,155,81,241,,True,1.5
2528,32.936914,-117.15001,6866.3,60.6,2.64,155,81,243,,True,3.6
2529,32.936937,-117.15001,6868.6,60.6,2.48,155,81,241,,True,5.4
2530,32.936971,-117.150016,6872.6,61.0,2.68,155,86,241,,True,5.3
2531,32.936994,-117.150018,6875.0,61.2,2.68,155,86,237,,True,6.8
2532,32.937019,-117.150014,6877.7,61.2,2.75,155,86,237,,True,3.8
2533,32.937043,-117.15001,6880.3,61.4,2.8,155,84,240,,True,1.8
2534,32.937064,-117.150001,6883.0,61.4,2.88,155,84,240,,True,1.7
2535,32.937097,-117.149994,6886.4,61.4,2.76,155,84,242,,True,1.7
2536,32.93712,-117.149986,6889.1,61.4,2.82,155,84,244,,True,1.6
2537,32.937144,-117.149978,6892.4,61.6,2.95,155,84,255,,True,1.7
2538,32.937174,-117.149964,6895.3,61.6,3.0,155,84,258,,True,1.7
2539,32.937191,-117.149946,6898.0,61.6,3.0,155,84,263,,True,0.0
2540,32.937211,-117.149922,6901.2,61.6,2.96,155,84,264,,True,0.0
2541,32.937219,-117.149903,6903.2,61.6,2.82,156,84,262,,True,0.0
2542,32.937229,-117.149872,6906.0,61.6,2.72,156,84,262,,True,-1.5
2543,32.93724,-117.14984,6908.8,61.6,2.7,156,83,260,,True,-1.8
2544,32.93724,-117.14984,6908.8,61.4,2.16,156,83,260,,False,-1.8
2545,32.937252,-117.149819,6914.4,61.4,2.64,156,83,259,,True,-2.0
2546,32.937268,-117.149796,6917.0,61.4,2.76,156,83,258,,True,0.0
2547,32.93729,-117.149779,6918.9,61.4,2.58,156,84,258,,True,0.0
2548,32.937335,-117.149744,6922.8,61.4,2.8,157,84,258,,True,0.0
2549,32.937353,-117.149722,6925.5,61.4,3.34,157,84,257,,True,0.0
2550,32.937372,-117.149703,6928.4,61.4,2.8,157,84,257,,True,0.0
2551,32.937402,-117.149697,6931.1,61.4,2.82,157,83,258,,True,0.0
2552,32.937425,-117.149693,6933.5,61.4,2.92,157,83,258,,True,0.0
2553,32.937451,-117.149715,6936.3,61.4,2.7,157,82,259,,True,0.0
2554,32.937463,-117.149747,6939.5,61.4,2.8,157,82,258,,True,-1.6
2555,32.937475,-117.149777,6942.5,61.4,2.82,157,81,257,,True,-1.5
2556,32.937482,-117.149817,6946.1,61.2,3.0,157,81,258,,True,-2.9
2557,32.937491,-117.149843,6949.3,61.2,3.16,157,81,256,,True,-3.0
2558,32.937506,-117.14988,6953.1,61.0,3.36,157,82,257,,True,-1.6
2559,32.937519,-117.149905,6955.9,61.0,3.28,157,83,257,,True,-1.7
2560,32.937527,-117.149924,6958.3,61.0,3.16,157,83,260,,True,0.0
2561,32.93754,-117.149957,6961.1,61.0,3.0,157,83,261,,True,0.0
2562,32.937548,-117.149981,6963.7,61.0,2.88,157,83,259,,True,1.8
2563,32.937556,-117.150005,6966.3,61.0,2.64,157,83,256,,True,3.5
2564,32.937566,-117.15004,6969.3,61.2,2.68,157,83,255,,True,3.4
2565,32.937575,-117.150065,6972.4,61.4,2.82,157,83,255,,True,3.3
2566,32.937585,-117.150101,6975.5,61.4,2.88,158,83,255,,True,1.7
2567,32.937598,-117.150124,6978.3,61.4,2.92,158,83,256,,True,0.0
2568,32.93761,-117.150146,6980.8,61.4,2.9,158,82,258,,True,0.0
2569,32.937634,-117.150172,6983.8,61.4,2.9,158,82,257,,True,0.0
2570,32.937648,-117.15019,6986.6,61.4,2.84,157,82,257,,True,0.0
2571,32.937666,-117.150214,6989.6,61.4,2.82,158,83,256,,True,0.0
2572,32.937678,-117.150239,6992.1,61.4,2.76,158,83,256,,True,0.0
2573,32.937681,-117.150269,6995.2,61.4,2.88,158,84,256,,True,-1.8
2574,32.937696,-117.150296,6998.1,61.4,2.85,158,84,257,,True,-3.3
2575,32.937711,-117.150323,7000.9,61.2,2.86,158,84,256,,True,-5.0
2576,32.937737,-117.150345,7004.1,61.0,2.9,158,84,255,,True,-4.7
2577,32.937762,-117.150366,7007.3,60.8,3.04,159,83,255,,True,-3.1
2578,32.937786,-117.150388,7010.7,60.8,3.1,159,83,256,,True,-1.6
2579,32.937809,-117.150411,7013.9,60.8,3.17,159,83,257,,True,1.6
2580,32.937819,-117.150434,7016.5,60.8,3.12,159,83,258,,True,1.7
2581,32.937819,-117.150474,7019.8,61.0,3.14,158,83,258,,True,1.7
2582,32.937818,-117.150501,7022.5,61.0,3.04,158,84,258,,True,1.7
2583,32.937813,-117.150534,7025.7,61.0,3.0,159,84,257,,True,0.0
2584,32.937811,-117.150568,7028.6,61.0,2.94,159,84,258,,True,1.7
2585,32.937807,-117.150593,7031.4,61.0,2.98,159,84,260,,True,1.8
2586,32.937798,-117.150624,7034.4,61.2,2.92,159,84,261,,True,3.7
2587,32.937785,-117.15065,7037.0,61.2,2.9,159,83,263,,True,5.4
2588,32.937772,-117.15067,7039.5,61.4,2.76,159,83,264,,True,3.7
2589,32.937753,-117.1507,7042.6,61.6,2.8,159,83,263,,True,3.4
2590,32.937738,-117.150718,7045.2,61.6,2.76,159,82,266,,True,1.6
2591,32.937716,-117.150746,7048.9,61.6,2.9,160,81,269,,True,1.7
2592,32.937707,-117.150772,7051.7,61.6,2.93,160,81,271,,True,1.6
2593,32.937697,-117.150798,7054.4,61.8,2.98,160,81,273,,True,1.8
2594,32.937679,-117.15083,7057.5,61.8,2.98,159,82,273,,True,1.8
2595,32.937669,-117.150849,7059.9,61.8,2.94,160,82,274,,True,0.0
2596,32.937654,-117.150873,7062.5,61.8,2.72,160,82,276,,True,0.0
2597,32.937634,-117.150901,7065.5,61.8,2.77,160,82,276,,True,-1.7
2598,32.937621,-117.150926,7068.5,61.8,2.82,160,83,276,,True,-1.6
2599,32.937606,-117.150959,7071.9,61.6,2.88,160,84,273,,True,-1.6
2600,32.937596,-117.150988,7074.9,61.6,3.0,160,84,272,,True,-1.6
2601,32.937585,-117.151017,7078.2,61.6,3.14,160,84,273,,True,-1.7
2602,32.937576,-117.15105,7081.4,61.6,3.18,160,84,272,,True,-1.7
2603,32.937569,-117.151074,7084.0,61.4,3.1,160,84,272,,True,-1.7
2604,32.937559,-117.151106,7086.8,61.4,2.98,160,84,271,,True,-1.8
2605,32.937553,-117.151137,7089.8,61.4,2.98,160,84,270,,True,0.0
2606,32.937552,-117.151163,7092.5,61.4,2.86,160,83,272,,True,0.0
2607,32.937551,-117.151197,7095.3,61.4,2.78,159,83,271,,True,-1.8
2608,32.937549,-117.151221,7097.8,61.4,2.76,159,83,269,,True,-1.8
2609,32.937543,-117.151254,7100.8,61.2,2.8,159,83,267,,True,-3.6
2610,32.937538,-117.151286,7103.6,61.2,2.76,159,83,265,,True,-1.7
2611,32.937533,-117.151312,7106.3,61.0,2.76,159,83,264,,True,0.0
2612,32.937526,-117.151345,7109.3,61.2,2.8,159,83,263,,True,0.0
2613,32.937525,-117.151371,7111.8,61.2,2.8,159,83,262,,True,1.7
2614,32.937521,-117.151405,7115.1,61.2,2.86,159,83,262,,True,0.0
2615,32.937514,-117.151437,7118.1,61.2,2.9,159,84,261,,True,-1.6
2616,32.93751,-117.151461,7120.8,61.2,2.9,159,84,259,,True,-1.7
2617,32.937504,-117.151498,7124.0,61.0,2.94,159,84,260,,True,0.0
2618,32.937492,-117.151525,7126.7,61.0,2.98,159,84,260,,True,0.0
2619,32.937482,-117.151555,7130.0,61.2,2.98,158,83,261,,True,1.7
2620,32.937471,-117.151589,7132.9,61.2,2.96,158,82,261,,True,1.7
2621,32.937469,-117.151612,7135.5,61.2,2.94,158,82,262,,True,-1.8
2622,32.937473,-117.151651,7138.7,61.2,2.94,158,82,263,,True,-1.7
2623,32.937479,-117.151682,7141.4,61.0,2.94,158,82,261,,True,-1.7
2624,32.937487,-117.151707,7144.4,61.0,2.88,158,82,261,,True,-1.8
2625,32.937497,-117.151741,7147.4,61.0,2.9,158,82,260,,True,-1.8
2626,32.937508,-117.15176,7149.9,61.0,2.88,158,82,260,,True,-1.8
2627,32.93751,-117.151791,7152.6,60.8,2.78,158,82,260,,True,0.0
2628,32.937513,-117.151823,7155.3,60.8,2.78,158,82,259,,True,0.0
2629,32.937525,-117.151843,7157.7,61.0,2.66,158,82,259,,True,1.9
2630,32.937548,-117.151864,7160.5,61.0,2.62,157,83,257,,True,3.9
2631,32.937565,-117.151878,7162.9,61.0,2.6,157,83,257,,True,1.9
2632,32.937585,-117.151889,7165.6,61.2,2.6,157,83,257,,True,3.1
2633,32.937607,-117.151906,7168.0,61.2,2.54,157,83,256,,True,3.9
2634,32.937624,-117.151917,7170.4,61.4,2.54,157,83,255,,True,0.0
2635,32.937638,-117.151945,7173.2,61.4,2.54,157,83,255,,True,0.0
2636,32.937655,-117.15197,7176.1,61.2,2.64,157,82,254,,True,-1.7
2637,32.937673,-117.151991,7178.8,61.2,2.64,156,82,255,,True,-1.8
2638,32.937694,-117.152016,7182.0,61.2,2.8,156,82,256,,True,1.8
2639,32.937707,-117.152029,7184.4,61.2,2.8,156,82,256,,True,1.7
2640,32.937723,-117.152053,7187.3,61.4,2.82,156,82,256,,True,1.9
2641,32.937736,-117.152084,7190.3,61.4,2.84,156,82,256,,True,1.7
2642,32.937745,-117.152105,7192.8,61.4,2.8,156,83,256,,True,0.0
2643,32.937748,-117.152146,7196.2,61.4,2.84,157,83,257,,True,0.0
2644,32.937741,-117.152175,7199.0,61.4,2.92,156,83,259,,True,0.0
2645,32.937739,-117.152205,7202.2,61.4,2.98,156,83,260,,True,0.0
2646,32.937743,-117.152245,7205.4,61.4,3.02,156,82,261,,True,0.0
2647,32.937753,-117.152268,7207.8,61.4,3.0,156,82,260,,True,-1.8
2648,32.937765,-117.152295,7210.7,61.4,2.9,156,82,260,,True,-2.0
2649,32.937792,-117.152309,7213.6,61.2,2.92,156,82,259,,True,-2.0
2650,32.937807,-117.152312,7215.5,61.2,2.66,156,82,258,,True,0.0
2651,32.937832,-117.152323,7217.9,61.2,2.5,156,82,259,,True,1.6
2652,32.937845,-117.152339,7220.1,61.2,2.46,156,82,259,,True,1.9
2653,32.937862,-117.152361,7223.0,61.4,2.46,156,82,259,,True,0.0
2654,32.937879,-117.15239,7226.0,61.4,2.48,156,82,257,,True,0.0
2655,32.93789,-117.152411,7228.5,61.2,2.6,156,83,254,,True,-3.5
2656,32.937902,-117.152446,7231.9,61.2,2.8,156,83,253,,True,-3.4
2657,32.937915,-117.152471,7234.5,61.0,2.88,156,83,253,,True,-1.6
2658,32.937932,-117.152494,7237.6,61.0,2.92,156,83,252,,True,-1.7
2659,32.937954,-117.152526,7241.0,61.0,3.0,156,83,252,,True,0.0
2660,32.93797,-117.152542,7243.7,61.0,3.04,156,82,252,,True,-1.6
2661,32.937984,-117.152572,7246.9,61.0,3.0,156,82,254,,True,-1.7
2662,32.937997,-117.152603,7250.0,60.8,3.1,156,82,253,,True,-1.6
2663,32.938008,-117.152627,7252.9,60.8,3.06,155,83,252,,True,-1.7
2664,32.938022,-117.152661,7256.0,60.8,3.0,156,83,253,,True,0.0
2665,32.938035,-117.152688,7259.0,60.8,3.06,156,83,253,,True,0.0
2666,32.938047,-117.152719,7262.2,60.8,3.06,155,83,254,,True,0.0
2667,32.938065,-117.152742,7265.2,60.8,3.04,156,84,253,,True,0.0
2668,32.938078,-117.152759,7267.5,60.8,2.92,156,84,253,,True,0.0
2669,32.938109,-117.152776,7270.5,60.8,2.9,156,84,253,,True,0.0
2670,32.93813,-117.152784,7273.2,60.8,2.84,156,83,254,,True,0.0
2671,32.938153,-117.152796,7276.2,60.8,2.8,156,83,253,,True,0.0
2672,32.938177,-117.152812,7279.1,60.8,2.78,155,83,254,,True,1.7
2673,32.9382,-117.152821,7281.9,60.8,2.88,156,83,254,,True,1.8
2674,32.938227,-117.152841,7285.0,61.0,2.9,156,83,254,,True,1.8
2675,32.938244,-117.152856,7287.6,61.0,2.88,156,83,255,,True,1.7
2676,32.938266,-117.152869,7290.5,61.0,2.86,156,83,256,,True,0.0
2677,32.938294,-117.152879,7293.4,61.0,2.86,157,83,256,,True,1.9
2678,32.938311,-117.152875,7295.7,61.0,2.76,156,83,256,,True,2.0
2679,32.938338,-117.152878,7298.4,61.2,2.68,156,83,256,,True,1.6
2680,32.93836,-117.152877,7300.5,61.2,2.58,157,83,255,,True,1.9
2681,32.938382,-117.152869,7303.3,61.2,2.56,156,82,255,,True,0.0
2682,32.938407,-117.152865,7306.1,61.2,2.53,156,82,256,,True,1.8
2683,32.938432,-117.152862,7308.8,61.2,2.62,157,82,254,,True,1.7
2684,32.938457,-117.152867,7311.9,61.4,2.7,156,82,256,,True,1.7
2685,32.938486,-117.152879,7314.9,61.4,2.88,156,82,258,,True,0.0
2686,32.938507,-117.152887,7317.6,61.4,2.86,157,82,258,,True,-1.7
2687,32.938538,-117.152907,7321.0,61.2,2.99,156,82,258,,True,-1.7
2688,32.938558,-117.15292,7323.9,61.2,3.02,157,82,257,,True,-1.6
2689,32.938577,-117.152938,7326.8,61.2,2.98,157,82,260,,True,0.0
2690,32.938607,-117.152958,7330.0,61.2,3.02,157,82,262,,True,1.8
2691,32.938624,-117.152961,7332.5,61.2,2.98,156,82,262,,True,3.6
2692,32.938647,-117.152976,7335.2,61.4,2.84,157,83,265,,True,3.8
2693,32.938671,-117.152989,7338.0,61.6,2.82,157,83,265,,True,6.0
2694,32.938688,-117.152992,7340.4,61.6,2.72,156,84,264,,True,5.1
2695,32.938711,-117.153,7342.5,61.8,2.5,157,84,265,,True,5.2
2696,32.938728,-117.15301,7344.5,62.0,2.41,157,82,267,,True,7.2
2697,32.93875,-117.153005,7347.0,62.0,2.365,157,82,270,,True,5.1
2698,32.938773,-117.153,7349.5,62.2,2.3,156,82,269,,True,3.4
2699,32.938786,-117.15299,7351.5,62.4,2.22,156,82,269,,True,3.6
2700,32.938811,-117.152976,7354.2,62.4,2.34,156,82,270,,True,3.6
2701,32.938828,-117.152968,7356.3,62.4,2.35,156,82,270,,True,1.9
2702,32.938839,-117.15296,7358.1,62.4,2.215,155,82,267,,True,3.7
2703,32.938867,-117.152953,7360.7,62.6,2.24,155,82,250,,True,3.6
2704,32.938881,-117.152956,7362.3,62.6,2.16,156,82,247,,True,5.4
2705,32.938903,-117.152954,7364.9,62.8,2.14,156,82,245,,True,5.8
2706,32.938928,-117.152954,7367.3,62.8,2.2,156,82,259,,True,5.5
2707,32.938945,-117.152945,7369.3,63.0,2.24,156,82,271,,True,3.7
2708,32.938956,-117.152935,7371.1,63.2,2.08,156,81,276,,True,4.8
2709,32.938972,-117.152917,7373.3,63.2,2.2,156,81,277,,True,3.7
2710,32.938992,-117.152906,7375.7,63.2,2.16,156,81,263,,True,1.4
2711,32.938992,-117.152906,7375.7,63.2,1.68,157,82,258,,False,0.0
2712,32.939008,-117.152891,7378.0,63.2,1.74,156,82,257,,True,0.0
2713,32.939049,-117.152845,7384.1,63.2,2.6,156,82,261,,True,1.3
2714,32.939073,-117.152815,7387.7,63.2,2.88,157,82,276,,True,2.6
2715,32.939095,-117.152798,7390.8,63.4,3.02,156,81,285,,True,4.7
2716,32.939116,-117.152783,7393.5,63.6,3.56,157,83,291,,True,6.8
2717,32.939142,-117.152759,7396.9,63.8,3.78,157,84,295,,True,6.8
2718,32.939155,-117.152742,7399.5,64.0,3.08,157,84,291,,True,5.1
2719,32.939182,-117.152721,7402.5,64.2,2.96,157,85,297,,True,5.1
2720,32.939203,-117.152707,7405.2,64.2,2.88,157,85,301,,True,3.3
2721,32.939229,-117.152694,7408.6,64.4,3.02,157,85,304,,True,1.7
2722,32.939253,-117.152676,7411.5,64.4,2.92,157,85,304,,True,3.2
2723,32.939271,-117.152661,7414.4,64.4,2.98,158,85,301,,True,1.9
2724,32.939304,-117.152645,7417.6,64.6,3.02,158,84,301,,True,3.1
2725,32.939314,-117.152641,7419.4,64.6,2.84,158,84,304,,True,5.1
2726,32.939331,-117.152635,7421.4,64.8,2.56,159,84,306,,True,5.5
2727,32.939359,-117.152624,7424.2,64.8,2.54,159,84,293,,True,6.9
2728,32.939372,-117.152619,7426.1,65.0,2.34,160,84,290,,True,8.9
2729,32.939394,-117.152613,7428.6,65.2,2.2,160,84,287,,True,11.3
2730,32.939418,-117.152612,7431.0,65.4,2.32,160,84,291,,True,11.0
2731,32.939426,-117.152602,7432.6,65.8,2.24,161,83,294,,True,11.8
2732,32.939447,-117.152591,7434.8,66.0,2.12,161,82,298,,True,11.8
2733,32.939465,-117.152587,7437.0,66.2,2.18,161,82,294,,True,11.5
2734,32.939478,-117.152581,7438.8,66.4,2.04,161,81,293,,True,11.9
2735,32.939504,-117.152573,7441.2,66.6,2.04,161,81,297,,True,11.4
2736,32.939519,-117.15257,7443.0,67.0,2.08,162,81,301,,True,11.8
2737,32.939532,-117.152561,7444.9,67.2,2.02,162,81,299,,True,12.5
2738,32.939556,-117.15255,7447.5,67.4,2.1,162,81,301,,True,14.0
2739,32.939569,-117.152549,7449.0,67.6,2.04,162,81,306,,True,10.9
2740,32.939581,-117.152539,7450.8,67.8,1.92,162,80,307,,True,11.0
2741,32.939597,-117.152533,7452.6,68.2,1.92,163,80,305,,True,11.7
2742,32.939597,-117.152533,7452.6,68.2,1.54,163,80,304,,False,11.4
2743,32.939625,-117.152519,7455.8,68.4,1.66,163,79,303,,True,11.2
2744,32.939636,-117.152511,7457.4,68.6,1.68,163,79,305,,True,11.7
2745,32.939655,-117.152499,7459.5,68.8,1.74,163,79,298,,True,13.6
2746,32.939674,-117.152492,7461.5,69.0,1.78,163,78,298,,True,11.1
2747,32.939682,-117.152485,7462.9,69.4,2.06,163,77,304,,True,11.3
2748,32.939694,-117.152477,7464.6,69.6,1.76,164,77,308,,True,9.5
2749,32.939703,-117.152464,7466.6,69.6,1.84,163,77,291,,True,8.5
2750,32.939712,-117.152449,7468.0,69.8,1.7,163,78,278,,True,9.6
2751,32.939718,-117.152436,7469.0,69.8,1.5,163,78,271,,True,7.8
2752,32.93972,-117.152421,7470.0,69.8,1.42,163,78,263,,True,6.3
2753,32.939725,-117.15241,7470.9,69.8,1.26,162,78,250,,True,6.7
2754,32.939729,-117.152402,7471.9,70.0,1.06,161,62,210,,True,6.6
2755,32.939731,-117.152397,7472.4,70.0,0.88,161,58,187,,False,7.1
2756,32.939734,-117.152389,7473.2,70.2,0.84,161,59,181,,True,7.8
2757,32.939739,-117.152376,7474.2,70.2,0.84,161,59,161,,True,6.8
2758,32.939762,-117.152368,7476.6,70.4,1.14,162,59,156,,True,5.7
2759,32.939792,-117.152354,7480.2,70.6,1.66,162,115,184,,True,4.6
2760,32.939817,-117.152343,7483.7,70.8,2.26,161,115,246,,True,4.6
2761,32.939847,-117.152331,7487.2,70.8,2.8,161,115,347,,True,3.3
2762,32.939869,-117.152324,7489.7,71.0,3.1,160,79,393,,True,3.5
2763,32.939891,-117.152314,7492.4,71.0,3.16,159,79,398,,True,5.9
2764,32.939917,-117.152301,7495.1,71.2,2.98,158,81,350,,True,5.8
2765,32.939935,-117.152302,7497.4,71.4,2.74,158,81,309,,True,7.5
2766,32.939957,-117.152298,7500.1,71.6,2.58,158,81,310,,True,7.6
2767,32.939988,-117.152291,7503.1,71.8,2.68,158,81,313,,True,5.8
2768,32.940002,-117.15228,7505.6,72.0,2.64,158,82,315,,True,3.8
2769,32.94002,-117.152277,7507.7,72.0,2.52,159,82,316,,True,1.7
2770,32.94005,-117.152276,7510.6,72.0,2.64,159,82,307,,True,0.0
2771,32.940067,-117.152272,7512.5,72.0,2.48,159,82,301,,True,0.0
2772,32.940091,-117.152266,7515.2,72.0,2.42,160,80,287,,True,1.7
2773,32.940113,-117.152261,7517.7,72.0,2.42,160,81,287,,True,3.2
2774,32.940128,-117.152251,7519.9,72.2,2.44,160,81,287,,True,3.3
2775,32.940152,-117.152247,7522.4,72.2,2.36,160,81,285,,True,4.9
2776,32.940177,-117.152247,7525.1,72.4,2.52,159,81,280,,True,4.0
2777,32.940197,-117.152242,7527.4,72.4,2.44,160,80,273,,True,4.0
2778,32.940219,-117.152237,7530.0,72.6,2.45,160,80,271,,True,5.0
2779,32.940241,-117.152232,7532.5,72.6,2.52,160,80,272,,True,5.0
2780,32.940258,-117.152226,7534.5,72.8,2.42,160,81,274,,True,5.2
2781,32.940286,-117.152222,7537.0,73.0,2.38,159,81,274,,True,6.9
2782,32.940304,-117.152219,7539.4,73.0,2.4,160,81,271,,True,6.6
2783,32.940322,-117.152218,7541.6,73.2,2.33,160,81,271,,True,6.6
2784,32.940342,-117.152237,7544.1,73.4,2.32,160,81,270,,True,6.4
2785,32.940362,-117.152256,7546.6,73.6,2.42,160,81,272,,True,5.9
2786,32.940362,-117.152256,7549.2,73.8,2.44,160,81,278,,True,3.5
2787,32.940375,-117.152279,7551.9,73.8,2.49,160,81,279,,True,1.6
2788,32.940388,-117.152315,7555.6,73.8,2.8,160,81,277,,True,0.0
2789,32.940405,-117.152379,7558.9,73.8,2.96,160,81,288,,True,0.0
2790,32.940403,-117.152419,7562.7,73.8,3.22,160,81,291,,True,1.4
2791,32.940407,-117.152448,7565.9,73.8,3.34,160,81,294,,True,3.0
2792,32.940411,-117.152491,7569.4,74.0,3.51,160,81,296,,True,4.8
2793,32.940409,-117.152515,7572.2,74.2,3.32,160,81,295,,True,6.4
2794,32.940407,-117.152548,7575.3,74.4,3.28,160,81,305,,True,5.2
2795,32.940409,-117.152585,7578.4,74.6,3.14,161,82,309,,True,3.3
2796,32.940417,-117.152606,7580.9,74.6,3.0,161,82,309,,True,1.7
2797,32.940424,-117.152643,7584.2,74.6,2.96,161,83,306,,True,0.0
2798,32.940421,-117.152675,7587.1,74.6,2.98,161,83,302,,True,0.0
2799,32.940426,-117.1527,7589.8,74.6,2.9,161,82,298,,True,0.0
2800,32.94043,-117.152743,7593.4,74.6,3.0,162,82,296,,True,0.0
2801,32.940427,-117.152772,7596.3,74.6,3.08,162,82,295,,True,1.6
2802,32.940427,-117.152806,7599.4,74.6,3.03,162,82,295,,True,1.8
2803,32.940426,-117.152839,7602.4,74.8,3.06,162,82,308,,True,3.5
2804,32.940427,-117.15286,7604.6,74.8,2.96,162,82,305,,True,5.4
2805,32.94043,-117.152895,7607.7,75.0,2.86,162,82,306,,True,3.6
2806,32.940432,-117.152926,7610.5,75.2,2.84,162,82,297,,True,3.4
2807,32.940435,-117.15295,7613.4,75.2,2.81,162,82,292,,True,1.8
2808,32.940438,-117.152988,7616.5,75.2,2.82,162,81,292,,True,1.8
2809,32.940434,-117.153017,7619.1,75.2,2.9,162,81,292,,True,1.7
2810,32.940433,-117.153045,7621.8,75.4,2.82,162,81,294,,True,3.7
2811,32.940449,-117.153079,7625.0,75.4,2.9,163,82,293,,True,3.7
2812,32.940464,-117.153098,7627.4,75.6,2.8,162,82,290,,True,1.9
2813,32.940481,-117.153113,7630.0,75.6,2.7,162,82,288,,True,1.9
2814,32.940509,-117.153124,7632.6,75.6,2.7,162,81,286,,True,0.0
2815,32.940532,-117.153131,7635.6,75.6,2.76,162,81,281,,True,0.0
2816,32.940564,-117.153153,7639.2,75.6,2.84,162,81,277,,True,0.0
2817,32.940564,-117.153153,7639.2,75.6,2.36,162,81,276,,False,1.4
2818,32.940587,-117.153166,7646.4,75.6,3.28,162,81,302,,True,2.6
2819,32.940637,-117.153232,7650.4,75.8,3.56,161,83,306,,True,2.1
2820,32.940651,-117.153275,7654.6,76.0,3.8,162,84,333,,True,2.8
2821,32.940663,-117.153311,7658.3,76.0,3.82,162,86,344,,True,3.0
2822,32.940668,-117.153334,7660.7,76.0,4.3,162,86,344,,True,1.7
2823,32.940675,-117.153371,7663.8,76.2,3.48,163,87,343,,True,1.7
2824,32.940678,-117.1534,7666.6,76.2,3.24,163,87,299,,True,1.6
2825,32.940676,-117.153438,7670.3,76.2,3.14,163,85,285,,True,0.0
2826,32.94068,-117.153474,7673.5,76.2,3.04,163,83,294,,True,0.0
2827,32.940687,-117.153508,7676.8,76.2,3.22,164,83,302,,True,1.6
2828,32.940694,-117.153539,7679.9,76.2,3.22,164,83,306,,True,3.3
2829,32.940696,-117.153565,7682.5,76.4,3.18,164,85,311,,True,3.4
2830,32.940698,-117.153598,7685.5,76.6,3.04,164,85,302,,True,5.2
2831,32.940692,-117.153635,7688.7,76.6,3.04,163,85,296,,True,3.2
2832,32.940692,-117.153659,7691.4,76.8,2.92,164,84,296,,True,1.6
2833,32.940691,-117.153702,7695.0,76.8,3.02,163,84,296,,True,3.3
2834,32.940696,-117.153731,7698.0,76.8,3.1,164,84,301,,True,1.6
2835,32.940695,-117.15376,7701.0,77.0,3.1,164,84,310,,True,1.8
2836,32.940692,-117.153795,7703.7,77.0,3.0,164,84,311,,True,3.5
2837,32.940695,-117.153818,7706.2,77.0,2.96,163,84,309,,True,1.8
2838,32.940695,-117.153853,7709.3,77.2,2.86,164,83,302,,True,1.8
2839,32.940692,-117.153885,7712.3,77.2,2.86,164,83,300,,True,1.8
2840,32.940694,-117.15391,7715.0,77.2,2.8,164,83,299,,True,0.0
2841,32.940703,-117.15394,7717.6,77.2,2.78,164,83,297,,True,1.8
2842,32.940713,-117.15396,7719.8,77.2,2.72,164,83,294,,True,3.9
2843,32.940724,-117.153978,7721.7,77.2,2.48,164,83,292,,True,4.1
2844,32.94074,-117.15399,7723.5,77.4,2.24,164,83,292,,True,5.0
2845,32.940751,-117.153998,7725.2,77.6,2.04,164,84,289,,True,4.9
2846,32.940764,-117.154025,7727.3,77.6,1.94,164,83,287,,True,3.7
2847,32.940776,-117.154046,7729.6,77.8,1.97,164,83,285,,True,1.7
2848,32.940787,-117.154067,7732.0,77.8,2.06,164,82,260,,True,3.2
2849,32.94081,-117.154083,7734.4,77.8,2.18,164,82,256,,True,2.0
2850,32.940829,-117.154084,7736.9,77.8,2.34,164,82,263,,True,4.0
2851,32.940859,-117.154086,7739.7,78.0,2.48,164,82,270,,True,3.9
2852,32.940879,-117.154087,7742.1,78.2,2.49,164,82,279,,True,5.9
2853,32.940898,-117.154084,7744.6,78.2,2.52,163,82,281,,True,6.7
2854,32.940925,-117.154091,7747.1,78.4,2.54,164,82,276,,True,6.6
2855,32.940941,-117.154091,7749.0,78.6,2.42,163,82,275,,True,8.3
2856,32.940961,-117.154093,7751.6,78.8,2.38,163,82,279,,True,8.3
2857,32.94099,-117.154103,7754.3,79.0,2.44,163,81,280,,True,7.9
2858,32.941008,-117.154105,7756.6,79.2,2.4,163,81,282,,True,10.3
2859,32.941029,-117.154107,7759.1,79.4,2.4,163,81,290,,True,10.8
2860,32.941051,-117.154117,7761.5,79.8,2.5,163,81,297,,True,11.5
2861,32.941066,-117.154115,7763.2,80.0,2.32,163,82,300,,True,11.6
2862,32.941066,-117.154115,7765.4,80.2,2.22,163,82,304,,True,11.6
2863,32.941099,-117.154113,7767.0,80.4,2.08,164,81,304,,True,9.7
2864,32.941106,-117.154109,7767.7,80.4,1.72,164,81,305,,True,8.9
