t,lat,lng,distance_m,altitude_m,velocity_ms,heartrate,cadence,watts,temp_c,moving,grade_pct
0,32.941334,-117.153989,0.0,83.4,0.0,77,47,0,,False,-3.9
1,32.941312,-117.15399,0.0,83.2,0.0,77,0,0,,False,-5.6
2,32.941295,-117.153993,2.0,83.2,1.0,76,0,0,,True,-4.0
3,32.941266,-117.154003,5.1,83.2,1.7,76,0,0,,True,-2.0
4,32.941256,-117.154021,7.2,83.0,1.8,76,0,0,,True,-1.8
5,32.941236,-117.154047,10.0,83.0,2.0,77,0,0,,True,-1.8
6,32.941213,-117.154069,13.0,83.0,2.6,77,0,0,,True,1.7
7,32.941192,-117.154088,16.1,83.0,2.82,78,0,0,,True,1.6
8,32.941167,-117.154111,19.3,83.2,2.84,79,83,285,,True,3.1
9,32.941142,-117.15413,22.5,83.2,3.06,80,83,293,,True,1.5
10,32.941116,-117.154146,25.8,83.4,3.16,81,83,294,,True,0.0
11,32.941074,-117.154134,29.8,83.2,3.36,83,83,295,,True,0.0
12,32.941056,-117.154134,32.2,83.2,3.22,84,83,287,,True,-3.1
13,32.941025,-117.15413,35.7,83.2,3.28,85,83,283,,True,-3.5
14,32.940995,-117.154132,38.7,83.0,3.24,87,83,292,,True,-4.9
15,32.940977,-117.154132,41.2,82.8,3.08,88,81,282,,True,-6.7
16,32.940945,-117.154128,44.5,82.6,2.94,89,81,282,,True,-5.1
17,32.940917,-117.15412,47.6,82.4,3.08,91,80,270,,True,-4.8
18,32.940894,-117.154121,50.4,82.4,2.94,92,80,270,,True,-4.8
19,32.940863,-117.154117,53.8,82.2,3.02,93,79,270,,True,-4.8
20,32.940834,-117.154116,56.9,82.0,3.14,95,80,268,,True,-7.7
21,32.940812,-117.154117,60.0,81.8,3.1,96,80,268,,True,-8.1
22,32.940774,-117.154117,63.4,81.4,3.16,97,80,267,,True,-9.6
23,32.940752,-117.154117,66.1,81.2,3.14,98,80,265,,True,-9.4
24,32.940724,-117.15411,69.4,80.8,3.12,100,80,264,,True,-6.5
25,32.940691,-117.154097,72.8,80.6,3.18,101,81,256,,True,-4.4
26,32.940667,-117.154098,75.7,80.6,3.14,102,81,251,,True,-1.5
27,32.940632,-117.154085,79.6,80.6,3.24,103,81,249,,True,0.0
28,32.940605,-117.154074,82.7,80.6,3.32,104,81,248,,True,1.5
29,32.940582,-117.154066,85.6,80.6,3.24,105,82,260,,True,1.6
30,32.940553,-117.154046,89.2,80.8,3.28,106,82,260,,True,1.6
31,32.940532,-117.154023,92.1,80.8,3.28,107,82,259,,True,1.5
32,32.94051,-117.154001,95.5,80.8,3.18,108,81,249,,True,-1.6
33,32.940491,-117.153968,99.0,80.8,3.26,109,81,253,,True,-1.5
34,32.940477,-117.153944,101.8,80.6,3.24,109,81,254,,True,-3.0
35,32.940464,-117.153913,105.2,80.6,3.2,110,81,254,,True,-4.6
36,32.940461,-117.15387,108.7,80.4,3.32,111,81,258,,True,-4.3
37,32.94046,-117.153836,112.1,80.2,3.32,112,80,255,,True,-4.3
38,32.940459,-117.1538,115.7,80.0,3.34,112,80,258,,True,-2.9
39,32.94046,-117.153756,119.3,80.0,3.5,113,80,260,,True,-1.4
40,32.94046,-117.153727,122.7,80.0,3.5,114,81,263,,True,0.0
41,32.940461,-117.15369,125.9,80.0,3.44,115,81,266,,True,-1.6
42,32.940465,-117.153652,129.4,80.0,3.46,117,81,266,,True,-1.6
43,32.940465,-117.153627,132.2,79.8,3.3,118,81,269,,True,-1.5
44,32.940467,-117.153586,135.4,79.8,3.22,118,81,271,,True,-3.1
45,32.940467,-117.153548,139.1,79.8,3.28,119,81,266,,True,-2.9
46,32.940465,-117.153516,142.5,79.6,3.32,120,81,267,,True,-2.8
47,32.940464,-117.153472,146.0,79.4,3.32,120,81,269,,True,-4.3
48,32.940463,-117.153438,149.7,79.4,3.5,121,81,270,,True,-2.9
49,32.940461,-117.153406,152.9,79.2,3.5,121,81,273,,True,-1.5
50,32.940465,-117.153361,156.5,79.2,3.48,122,81,273,,True,-1.5
51,32.940461,-117.153335,159.5,79.2,3.4,123,81,275,,True,0.0
52,32.94046,-117.153298,163.0,79.2,3.4,123,82,276,,True,0.0
53,32.940461,-117.15326,166.3,79.2,3.32,124,82,277,,True,0.0
54,32.940455,-117.153232,169.3,79.2,3.28,125,82,278,,True,-1.6
55,32.940456,-117.153195,172.3,79.2,3.16,125,82,280,,True,-3.2
56,32.940451,-117.153162,175.4,79.0,3.18,126,82,279,,True,-4.7
57,32.940446,-117.153131,178.9,78.8,3.18,126,82,277,,True,-4.8
58,32.940446,-117.15309,182.1,78.6,3.16,127,81,276,,True,-3.2
59,32.940442,-117.153065,184.8,78.6,3.1,127,81,277,,True,-3.3
60,32.940438,-117.15303,188.0,78.6,3.14,128,81,279,,True,-1.6
61,32.940437,-117.152993,191.2,78.4,3.16,128,82,277,,True,-1.5
62,32.940435,-117.152963,194.4,78.4,3.1,128,82,276,,True,-1.5
63,32.940435,-117.152921,198.1,78.4,3.2,129,82,275,,True,0.0
64,32.940433,-117.152888,201.1,78.4,3.26,129,82,274,,True,0.0
65,32.940429,-117.152855,204.6,78.4,3.32,130,81,275,,True,-1.5
66,32.94043,-117.152811,208.4,78.4,3.44,130,81,275,,True,-1.5
67,32.940423,-117.152785,211.1,78.2,3.34,131,81,278,,True,-1.6
68,32.940413,-117.152755,214.1,78.2,3.2,131,81,278,,True,-1.8
69,32.940409,-117.152718,217.3,78.2,3.24,132,81,276,,True,0.0
70,32.940399,-117.152699,219.6,78.2,3.0,132,81,277,,True,-1.7
71,32.940396,-117.152664,223.0,78.2,2.92,132,81,280,,True,-1.8
72,32.940397,-117.152628,226.0,78.0,2.98,133,81,278,,True,-1.6
73,32.940389,-117.152604,228.7,78.0,2.92,133,81,279,,True,-1.7
74,32.940386,-117.152569,232.2,78.0,2.98,133,81,277,,True,-1.7
75,32.94039,-117.152535,235.1,78.0,3.1,134,81,275,,True,-1.6
76,32.940387,-117.152506,237.9,77.8,2.98,134,82,273,,True,-3.3
77,32.940389,-117.152467,241.2,77.8,3.04,135,81,273,,True,-3.3
78,32.940391,-117.152436,244.3,77.6,3.12,135,81,272,,True,-1.6
79,32.940389,-117.152409,247.1,77.6,2.98,135,81,273,,True,-1.7
80,32.940389,-117.152369,250.4,77.6,3.06,135,81,275,,True,-1.8
81,32.940388,-117.152337,253.1,77.6,3.04,136,81,274,,True,-1.7
82,32.940379,-117.152312,255.7,77.4,2.9,136,81,274,,True,-3.7
83,32.940356,-117.152283,258.7,77.4,2.88,136,81,275,,True,-5.5
84,32.940338,-117.152263,261.2,77.2,2.82,136,81,272,,True,-5.1
85,32.940316,-117.15225,264.0,77.0,2.72,137,80,268,,True,-8.6
86,32.94028,-117.152246,267.5,76.8,2.88,137,80,263,,True,-8.3
87,32.940259,-117.152256,270.3,76.4,2.92,137,80,260,,True,-6.3
88,32.940231,-117.152265,273.3,76.2,2.92,137,80,257,,True,-6.8
89,32.940201,-117.152276,276.7,76.2,3.1,137,81,256,,True,-3.3
90,32.940182,-117.152284,279.3,76.0,3.06,137,81,256,,True,-3.3
91,32.94015,-117.152293,282.6,76.0,3.02,137,81,256,,True,-3.5
92,32.940128,-117.152297,285.3,75.8,3.0,138,81,254,,True,-3.3
93,32.940107,-117.152306,288.1,75.8,2.96,137,82,252,,True,-3.5
94,32.940073,-117.152315,291.4,75.6,2.94,138,81,251,,True,-3.4
95,32.940051,-117.15232,294.1,75.6,2.96,138,81,250,,True,-5.0
96,32.940029,-117.152326,297.0,75.4,2.88,138,81,250,,True,-5.4
97,32.939996,-117.152337,300.1,75.2,2.96,137,81,248,,True,-6.9
98,32.939979,-117.152345,302.5,75.0,2.88,138,81,246,,True,-6.6
99,32.93995,-117.152354,305.7,74.8,2.86,138,81,246,,True,-4.8
100,32.939915,-117.152362,309.1,74.6,3.0,138,81,244,,True,-3.0
101,32.93989,-117.152367,312.5,74.6,3.1,138,81,244,,True,-2.9
102,32.939859,-117.152372,315.9,74.6,3.16,138,81,243,,True,-1.5
103,32.939825,-117.152377,319.4,74.4,3.38,137,81,242,,True,-3.1
104,32.9398,-117.152384,322.6,74.4,3.38,138,81,244,,True,-3.3
105,32.939772,-117.152396,325.5,74.2,3.28,138,82,246,,True,-3.6
106,32.939752,-117.152413,328.2,74.2,3.14,138,82,247,,True,-5.6
107,32.939742,-117.152427,330.5,74.0,2.92,138,82,248,,True,-5.7
108,32.939728,-117.152462,333.3,73.8,2.78,138,82,248,,True,-9.7
109,32.939723,-117.152489,336.0,73.6,2.68,138,82,247,,True,-9.0
110,32.939707,-117.152509,338.5,73.2,2.6,137,81,245,,True,-8.8
111,32.939679,-117.152534,341.6,73.0,2.68,138,81,243,,True,-10.4
112,32.939662,-117.152554,344.6,72.8,2.82,138,81,241,,True,-8.3
113,32.939641,-117.152567,347.5,72.4,2.84,138,81,236,,True,-10.1
114,32.939608,-117.152585,350.6,72.2,2.92,137,81,234,,True,-10.1
115,32.939593,-117.1526,353.5,71.8,3.0,138,81,230,,True,-10.0
116,32.939568,-117.152616,356.5,71.6,2.98,138,80,228,,True,-12.2
117,32.939543,-117.152633,359.5,71.2,2.98,137,80,224,,True,-10.3
118,32.939526,-117.152647,362.1,70.8,2.92,137,80,221,,True,-11.9
119,32.939498,-117.152655,365.1,70.6,2.9,137,80,218,,True,-10.3
120,32.939469,-117.15266,368.3,70.2,2.96,137,80,214,,True,-7.9
121,32.939447,-117.152667,371.2,70.0,2.94,137,80,212,,True,-9.4
122,32.939411,-117.15268,374.8,69.8,3.06,138,80,210,,True,-9.6
123,32.939387,-117.152681,377.8,69.4,3.14,137,80,207,,True,-10.8
124,32.939362,-117.152687,380.8,69.0,3.14,137,80,204,,True,-11.1
125,32.939328,-117.152696,384.2,68.6,3.18,136,83,199,,True,-10.9
126,32.939305,-117.152709,387.4,68.4,3.24,136,83,198,,True,-9.7
127,32.939274,-117.152725,390.7,68.0,3.18,136,83,200,,True,-6.6
128,32.939257,-117.152736,393.2,67.8,3.08,136,83,202,,True,-6.6
129,32.939231,-117.152753,396.4,67.8,3.12,136,83,202,,True,-5.2
130,32.939202,-117.152771,399.5,67.6,3.06,136,84,201,,True,-3.3
131,32.939186,-117.152786,402.2,67.4,2.96,136,84,203,,True,-3.3
132,32.939166,-117.152807,405.3,67.4,2.92,137,84,206,,True,-3.3
133,32.939139,-117.15283,408.5,67.4,3.06,136,83,209,,True,-1.6
134,32.939122,-117.15285,411.5,67.2,3.02,136,81,214,,True,-4.8
135,32.939098,-117.152874,414.8,67.2,3.06,136,81,217,,True,-6.5
136,32.939076,-117.152892,417.9,66.8,3.14,136,81,217,,True,-4.7
137,32.939059,-117.152913,420.8,66.6,3.1,135,80,223,,True,-6.3
138,32.939029,-117.152941,424.4,66.6,3.18,135,80,226,,True,-3.1
139,32.939009,-117.152957,427.4,66.4,3.18,135,81,228,,True,-1.6
140,32.938986,-117.152974,430.6,66.4,3.16,135,81,231,,True,-3.4
141,32.93896,-117.152986,433.3,66.4,3.08,135,82,232,,True,-3.3
142,32.938935,-117.152994,436.1,66.2,3.06,134,81,231,,True,-3.1
143,32.938904,-117.152998,439.5,66.0,3.02,134,81,232,,True,-5.8
144,32.938864,-117.153005,443.7,66.0,3.26,134,81,233,,True,-4.1
145,32.938842,-117.153019,447.0,65.6,3.28,135,81,235,,True,-4.1
146,32.938808,-117.153039,450.7,65.6,3.48,135,81,238,,True,-5.8
147,32.93878,-117.153048,454.2,65.4,3.62,135,82,240,,True,-2.6
148,32.93875,-117.153058,457.5,65.2,3.6,135,82,246,,True,-4.0
149,32.938707,-117.153052,462.1,65.2,3.68,136,83,247,,True,-2.7
150,32.938681,-117.153053,465.6,65.0,3.72,136,84,248,,True,-2.6
151,32.938647,-117.153041,469.2,65.0,3.7,136,83,248,,True,-4.4
152,32.938621,-117.153021,472.6,64.8,3.68,137,83,258,,True,-2.8
153,32.938597,-117.153007,475.8,64.6,3.66,137,83,266,,True,-2.9
154,32.938563,-117.152984,479.8,64.6,3.54,137,82,267,,True,-2.9
155,32.938544,-117.152961,482.9,64.6,3.46,138,82,269,,True,-1.4
156,32.93852,-117.152944,486.2,64.4,3.4,138,82,265,,True,-3.1
157,32.938486,-117.152922,490.0,64.4,3.48,138,82,264,,True,-3.1
158,32.938466,-117.152913,492.6,64.2,3.36,139,82,264,,True,-1.6
159,32.938437,-117.152904,495.9,64.2,3.22,139,81,265,,True,-1.7
160,32.938405,-117.152904,499.0,64.2,3.22,140,81,263,,True,0.0
161,32.938382,-117.152911,501.7,64.2,3.1,140,81,264,,True,1.7
162,32.938349,-117.152921,505.2,64.2,3.04,141,82,267,,True,1.7
163,32.938328,-117.152914,508.0,64.4,3.08,141,82,269,,True,0.0
164,32.9383,-117.152912,510.8,64.4,2.98,141,82,262,,True,0.0
165,32.938262,-117.152902,514.7,64.2,3.14,142,82,262,,True,-3.0
166,32.93824,-117.152896,517.8,64.2,3.22,142,83,262,,True,-2.9
167,32.938213,-117.152871,521.3,64.0,3.22,142,83,273,,True,-1.6
168,32.938188,-117.152849,524.6,64.0,3.32,142,83,284,,True,-1.5
169,32.938168,-117.152841,527.3,64.0,3.3,142,82,284,,True,0.0
170,32.938139,-117.152821,530.9,64.0,3.24,142,82,287,,True,0.0
171,32.938115,-117.152807,533.8,64.0,3.2,142,82,279,,True,0.0
172,32.938094,-117.152798,536.4,64.0,3.02,143,82,272,,True,1.6
173,32.938063,-117.152772,540.1,64.0,3.1,143,81,277,,True,1.6
174,32.938048,-117.152748,543.4,64.2,3.22,143,81,281,,True,1.6
175,32.938035,-117.152727,546.3,64.2,3.08,143,80,287,,True,1.7
176,32.938017,-117.152692,549.3,64.2,3.1,143,80,290,,True,0.0
177,32.938007,-117.152671,551.9,64.2,3.1,143,81,283,,True,-1.7
178,32.937991,-117.152643,555.3,64.2,3.04,143,81,284,,True,-1.8
179,32.93798,-117.152613,558.2,64.0,2.96,143,81,281,,True,0.0
180,32.937968,-117.152593,560.5,64.0,2.84,143,81,282,,True,0.0
181,32.937952,-117.152569,563.2,64.2,2.78,144,81,283,,True,1.8
182,32.937936,-117.152537,566.4,64.2,2.9,144,81,279,,True,3.3
183,32.937922,-117.152518,569.2,64.2,2.78,144,81,279,,True,1.6
184,32.937905,-117.152485,572.5,64.4,2.86,144,81,280,,True,1.7
185,32.937896,-117.152453,575.6,64.4,3.02,144,80,281,,True,1.6
186,32.937883,-117.152432,578.4,64.4,3.04,144,80,281,,True,0.0
187,32.937863,-117.152397,581.6,64.4,3.04,144,80,281,,True,1.7
188,32.937858,-117.152373,584.4,64.4,3.04,145,80,281,,True,1.7
189,32.937847,-117.152349,587.1,64.6,2.92,145,81,279,,True,1.9
190,32.937819,-117.152328,590.1,64.6,2.9,145,81,281,,True,1.9
191,32.937803,-117.152318,592.3,64.6,2.78,145,81,280,,True,0.0
192,32.937781,-117.152309,595.1,64.6,2.7,146,81,281,,True,-2.0
193,32.937753,-117.152297,597.8,64.6,2.68,146,82,279,,True,-3.7
194,32.937737,-117.152285,600.1,64.4,2.6,147,80,279,,True,-3.5
195,32.937725,-117.152249,603.2,64.2,2.62,147,80,277,,True,-3.4
196,32.937729,-117.15221,606.6,64.2,2.86,147,80,275,,True,0.0
197,32.937732,-117.152183,609.5,64.2,2.88,148,80,276,,True,3.0
198,32.937736,-117.152139,613.2,64.4,3.08,148,81,276,,True,3.1
199,32.937738,-117.152103,616.7,64.6,3.32,148,82,275,,True,3.1
200,32.937731,-117.15208,619.3,64.6,3.22,147,82,278,,True,1.8
201,32.937712,-117.15205,622.2,64.6,3.12,148,82,279,,True,0.0
202,32.937697,-117.152036,624.5,64.6,3.0,148,82,279,,True,0.0
203,32.937679,-117.152023,626.9,64.6,2.74,147,81,279,,True,-1.9
204,32.937652,-117.151996,630.2,64.6,2.7,148,81,275,,True,-1.9
205,32.937641,-117.151982,632.6,64.4,2.66,148,81,273,,True,-1.8
206,32.937626,-117.151958,635.0,64.4,2.56,148,81,273,,True,-2.0
207,32.937607,-117.151928,638.2,64.4,2.74,147,81,272,,True,0.0
208,32.937593,-117.151917,640.4,64.4,2.7,148,81,272,,True,1.8
209,32.937568,-117.151897,643.5,64.4,2.66,148,81,272,,True,1.9
210,32.937545,-117.151875,646.4,64.6,2.76,148,81,271,,True,1.7
211,32.937528,-117.15186,649.0,64.6,2.8,147,81,267,,True,0.0
212,32.937506,-117.151835,652.4,64.6,2.84,148,81,267,,True,-1.8
213,32.937503,-117.151805,655.1,64.4,2.94,148,81,266,,True,-1.6
214,32.937498,-117.151781,657.8,64.4,2.86,147,81,259,,True,-3.2
215,32.937487,-117.151739,661.3,64.4,2.98,147,81,259,,True,-1.6
216,32.937483,-117.151702,664.8,64.2,3.16,147,81,259,,True,-1.6
217,32.937469,-117.151676,667.5,64.2,3.02,148,81,272,,True,-1.8
218,32.93745,-117.151653,670.3,64.2,3.04,148,81,274,,True,0.0
219,32.93743,-117.151647,672.7,64.2,2.98,148,81,272,,True,0.0
220,32.937403,-117.151647,675.4,64.2,2.82,148,81,268,,True,0.0
221,32.937377,-117.151667,678.4,64.2,2.72,147,81,259,,True,0.0
222,32.937358,-117.151681,681.1,64.2,2.72,147,82,259,,True,-1.5
223,32.937331,-117.151701,684.3,64.2,2.8,147,81,259,,True,-3.0
224,32.9373,-117.151723,688.5,64.0,3.16,148,81,259,,True,-2.8
225,32.937281,-117.151739,691.6,63.8,3.24,147,81,260,,True,-4.4
226,32.937252,-117.151759,695.2,63.8,3.36,147,81,260,,True,-3.3
227,32.937231,-117.151776,698.0,63.6,3.38,147,82,260,,True,-3.2
228,32.937211,-117.151791,700.8,63.6,3.3,147,82,262,,True,-3.5
229,32.937181,-117.151809,704.0,63.4,3.1,147,82,261,,True,-1.8
230,32.937165,-117.151821,706.5,63.4,2.98,147,82,260,,True,-3.5
231,32.937143,-117.151838,709.3,63.4,2.82,147,82,259,,True,-1.8
232,32.937118,-117.151861,712.3,63.2,2.86,146,81,257,,True,-1.8
233,32.9371,-117.151876,715.0,63.2,2.84,146,81,255,,True,0.0
234,32.937078,-117.151896,717.9,63.2,2.78,146,81,255,,True,1.8
235,32.937057,-117.151916,720.8,63.4,2.86,146,81,256,,True,1.7
236,32.937043,-117.151932,723.6,63.4,2.86,146,81,255,,True,1.8
237,32.93702,-117.151957,726.6,63.4,2.86,146,81,255,,True,0.0
238,32.937005,-117.15198,729.3,63.4,2.86,145,81,254,,True,0.0
239,32.936995,-117.152005,732.0,63.4,2.82,145,81,254,,True,0.0
240,32.936984,-117.152044,735.4,63.4,2.92,145,81,255,,True,0.0
241,32.936981,-117.152072,738.3,63.4,2.94,145,81,254,,True,0.0
242,32.936981,-117.152098,740.9,63.4,2.86,145,82,254,,True,0.0
243,32.936979,-117.152138,744.1,63.4,2.96,146,81,254,,True,0.0
244,32.936983,-117.152165,747.0,63.4,3.0,145,80,255,,True,0.0
245,32.936983,-117.152199,750.3,63.4,2.98,145,80,257,,True,1.6
246,32.936979,-117.152238,753.7,63.4,3.08,145,80,259,,True,1.6
247,32.936984,-117.152262,756.3,63.6,3.08,146,81,260,,True,1.6
248,32.936989,-117.152297,759.5,63.6,3.08,145,81,263,,True,1.7
249,32.936992,-117.15233,762.5,63.6,3.1,145,81,265,,True,-1.7
250,32.936998,-117.152357,765.5,63.6,3.04,145,82,265,,True,-1.8
251,32.937005,-117.152394,768.3,63.4,2.92,145,82,265,,True,-1.8
252,32.937008,-117.152415,770.7,63.4,2.88,146,82,265,,True,-1.7
253,32.937011,-117.152449,773.9,63.4,2.88,145,82,265,,True,0.0
254,32.937018,-117.152486,777.1,63.4,2.92,145,82,264,,True,0.0
255,32.937028,-117.15251,779.8,63.4,2.86,146,81,265,,True,0.0
256,32.93704,-117.152544,783.2,63.4,2.98,145,81,265,,True,-1.7
257,32.937052,-117.152574,786.1,63.4,3.08,145,81,265,,True,-3.2
258,32.937066,-117.152598,789.1,63.2,3.04,146,82,265,,True,-4.9
259,32.937085,-117.152632,792.3,63.0,3.04,145,82,265,,True,-4.8
260,32.937103,-117.152656,795.5,62.8,3.14,145,82,264,,True,-3.2
261,32.93712,-117.152681,798.5,62.8,3.06,146,82,264,,True,-1.6
262,32.937121,-117.152721,801.7,62.8,3.12,145,83,263,,True,0.0
263,32.937123,-117.152747,804.7,62.8,3.12,145,82,263,,True,0.0
264,32.937121,-117.152781,807.8,62.8,3.1,146,82,266,,True,0.0
265,32.937125,-117.152815,810.9,62.8,3.08,146,82,265,,True,0.0
266,32.93713,-117.152837,813.6,62.8,3.02,146,82,264,,True,0.0
267,32.937139,-117.152873,816.6,62.8,2.98,146,83,265,,True,0.0
268,32.937142,-117.152901,819.3,62.8,2.92,145,82,265,,True,0.0
269,32.937148,-117.152921,821.6,62.8,2.76,146,82,265,,True,-1.8
270,32.937148,-117.152964,824.9,62.8,2.8,145,82,265,,True,-1.7
271,32.937148,-117.152992,827.8,62.6,2.84,145,82,264,,True,-1.6
272,32.937153,-117.153022,830.9,62.6,2.86,145,80,265,,True,-1.7
273,32.937168,-117.15306,834.3,62.6,3.0,146,80,264,,True,-1.5
274,32.937181,-117.15308,837.0,62.6,3.08,145,80,264,,True,-1.5
275,32.937202,-117.153115,840.9,62.4,3.2,145,81,264,,True,0.0
276,32.937212,-117.153147,844.1,62.4,3.26,146,81,264,,True,0.0
277,32.937227,-117.153166,846.7,62.6,3.16,146,81,266,,True,1.7
278,32.937245,-117.153197,849.8,62.6,3.1,145,81,267,,True,1.8
279,32.937264,-117.153221,852.5,62.6,3.1,145,81,267,,True,0.0
280,32.937283,-117.153236,855.5,62.6,2.92,145,81,266,,True,0.0
281,32.937304,-117.153267,858.8,62.6,2.94,146,81,264,,True,1.7
282,32.937321,-117.153279,861.5,62.6,2.96,145,81,266,,True,1.7
283,32.937341,-117.153303,864.3,62.8,2.9,145,81,268,,True,1.8
284,32.937355,-117.153332,867.5,62.8,3.0,146,82,268,,True,1.7
285,32.937369,-117.153351,870.0,62.8,2.9,145,82,269,,True,0.0
286,32.937386,-117.153385,873.3,62.8,2.9,145,82,268,,True,0.0
287,32.937394,-117.153411,876.3,62.8,2.96,146,82,269,,True,0.0
288,32.937406,-117.153437,879.2,62.8,2.98,145,81,269,,True,-1.7
289,32.937426,-117.153471,882.6,62.8,3.02,145,81,270,,True,-1.6
290,32.937434,-117.153497,885.3,62.6,3.06,146,81,270,,True,-3.2
291,32.937444,-117.153527,888.5,62.6,3.04,145,81,270,,True,-3.4
292,32.937457,-117.153564,891.7,62.4,3.08,145,82,271,,True,-1.6
293,32.937472,-117.153582,894.4,62.4,3.04,146,81,271,,True,-1.7
294,32.937487,-117.153614,897.7,62.4,3.02,145,81,271,,True,0.0
295,32.937501,-117.153642,900.5,62.4,3.04,146,81,270,,True,0.0
296,32.937514,-117.153657,903.0,62.4,2.9,146,81,270,,True,0.0
297,32.937522,-117.15368,905.4,62.4,2.74,146,81,270,,True,-1.6
298,32.937527,-117.153713,908.0,62.4,2.72,145,81,270,,True,-2.0
299,32.937528,-117.153734,910.1,62.2,2.48,145,81,269,,True,-2.0
300,32.937529,-117.153764,913.2,62.2,2.54,145,79,268,,True,0.0
301,32.937532,-117.153794,915.5,62.2,2.5,145,79,269,,True,-6.5
302,32.937535,-117.153813,917.6,62.4,2.44,146,79,269,,True,-3.8
303,32.93754,-117.153832,919.4,62.4,2.28,145,79,268,,True,-3.5
325,32.937531,-117.153853,919.4,61.6,0.078,116,0,0,,False,-1.6
326,32.937525,-117.15384,920.5,61.8,0.048,116,0,0,,True,-3.2
327,32.937517,-117.153801,924.6,61.8,0.217,116,0,0,,True,3.2
328,32.937513,-117.153757,928.3,62.0,0.356,115,0,0,,True,1.3
329,32.937504,-117.153726,931.8,62.0,0.477,115,0,0,,True,1.3
330,32.937488,-117.153681,936.0,62.0,0.477,115,0,0,,True,0.0
331,32.937472,-117.15365,939.5,62.0,3.8,116,81,353,,True,1.4
332,32.937454,-117.153619,943.3,62.0,3.74,116,83,344,,True,1.5
333,32.93744,-117.153587,946.3,62.2,3.6,117,84,318,,True,1.5
334,32.937427,-117.153566,949.3,62.2,3.5,117,84,316,,True,1.6
335,32.93741,-117.153526,953.2,62.2,3.44,118,84,295,,True,1.5
336,32.937401,-117.153493,956.2,62.2,3.34,119,84,296,,True,1.4
337,32.93739,-117.153461,959.7,62.4,3.28,119,83,294,,True,1.5
338,32.937376,-117.153421,963.3,62.4,3.4,120,83,302,,True,1.4
339,32.937361,-117.153394,966.8,62.4,3.5,120,83,306,,True,1.4
340,32.937341,-117.153357,970.6,62.4,3.48,121,83,322,,True,1.4
341,32.937325,-117.153334,973.7,62.6,3.5,121,84,324,,True,1.5
342,32.937306,-117.153304,977.2,62.6,3.5,122,84,320,,True,1.6
343,32.937289,-117.153279,980.0,62.6,3.34,123,84,318,,True,-1.6
344,32.937271,-117.153261,983.1,62.6,3.26,124,84,312,,True,-1.7
345,32.937247,-117.153232,986.4,62.4,3.16,124,85,302,,True,-3.2
346,32.937229,-117.153215,989.1,62.4,3.08,125,85,296,,True,-3.1
347,32.937208,-117.153182,992.6,62.2,3.08,125,85,295,,True,-3.2
348,32.937196,-117.153153,995.8,62.2,3.16,126,85,293,,True,-3.2
349,32.937181,-117.153127,998.9,62.0,3.16,126,83,293,,True,0.0
350,32.937168,-117.153099,1001.6,62.0,3.04,126,83,293,,True,0.0
351,32.937158,-117.153077,1004.1,62.2,3.0,127,83,292,,True,1.8
352,32.937147,-117.153042,1007.3,62.2,2.94,127,83,291,,True,1.7
353,32.93714,-117.153016,1010.3,62.2,2.9,127,84,287,,True,1.6
354,32.937133,-117.152981,1013.7,62.2,2.96,128,84,282,,True,1.6
355,32.937129,-117.152948,1016.5,62.4,2.98,128,84,281,,True,1.6
356,32.93712,-117.152919,1019.5,62.4,3.08,128,84,279,,True,3.3
357,32.937112,-117.152879,1023.2,62.4,3.18,128,85,277,,True,1.6
358,32.937107,-117.152855,1025.9,62.6,3.12,129,85,278,,True,1.7
359,32.937101,-117.152826,1028.7,62.6,3.0,129,85,279,,True,1.8
360,32.937103,-117.15279,1031.5,62.6,3.0,129,84,280,,True,0.0
361,32.937097,-117.152766,1034.4,62.6,2.98,130,84,279,,True,0.0
362,32.937092,-117.152723,1038.2,62.6,3.0,130,84,276,,True,0.0
363,32.937085,-117.152692,1041.1,62.6,3.04,130,84,276,,True,0.0
364,32.937077,-117.152659,1044.3,62.6,3.12,130,84,279,,True,1.6
365,32.937063,-117.152629,1047.3,62.6,3.16,130,84,279,,True,1.6
366,32.93705,-117.152602,1050.6,62.8,3.24,131,84,281,,True,1.7
367,32.937037,-117.152571,1053.8,62.8,3.12,131,84,282,,True,1.7
368,32.937029,-117.152549,1056.2,62.8,3.02,131,84,282,,True,1.8
369,32.937018,-117.152523,1058.8,62.8,2.9,131,84,283,,True,1.9
370,32.937007,-117.152491,1061.5,63.0,2.84,131,83,281,,True,3.6
371,32.936996,-117.15247,1064.2,63.0,2.72,131,83,283,,True,3.4
372,32.936989,-117.152432,1067.3,63.2,2.7,132,83,283,,True,1.6
373,32.936979,-117.1524,1070.5,63.2,2.86,132,83,284,,True,1.6
374,32.936972,-117.152369,1073.9,63.2,3.02,132,83,284,,True,0.0
375,32.936968,-117.152332,1077.0,63.2,3.1,132,83,284,,True,0.0
376,32.936959,-117.152306,1079.9,63.2,3.14,132,84,286,,True,0.0
377,32.936949,-117.152266,1083.4,63.2,3.22,132,84,288,,True,0.0
378,32.936943,-117.152239,1086.3,63.2,3.16,133,83,289,,True,0.0
379,32.936936,-117.152211,1089.2,63.2,3.06,133,83,290,,True,1.6
380,32.936939,-117.152167,1092.6,63.2,3.12,133,83,289,,True,1.5
381,32.936937,-117.152135,1096.1,63.4,3.24,133,83,290,,True,1.4
382,32.936938,-117.152093,1099.8,63.4,3.28,134,83,292,,True,2.8
383,32.936945,-117.152052,1103.7,63.4,3.48,134,83,293,,True,0.0
384,32.936953,-117.152017,1106.9,63.6,3.54,134,82,296,,True,0.0
385,32.936977,-117.151976,1111.4,63.4,3.76,134,83,300,,True,0.0
386,32.93699,-117.151946,1114.8,63.4,3.74,135,83,298,,True,-2.7
387,32.937014,-117.151917,1118.5,63.4,3.74,135,83,301,,True,-1.5
388,32.937036,-117.151897,1121.6,63.2,3.58,135,83,299,,True,-1.5
389,32.937055,-117.151875,1125.0,63.2,3.62,135,85,296,,True,-1.6
390,32.93708,-117.151854,1127.8,63.2,3.28,136,85,294,,True,0.0
391,32.937101,-117.15184,1130.8,63.2,3.2,136,85,294,,True,0.0
392,32.937126,-117.15182,1134.0,63.2,3.1,136,84,294,,True,0.0
393,32.937149,-117.151802,1137.0,63.2,3.08,136,83,293,,True,0.0
394,32.937168,-117.151788,1139.8,63.2,2.96,136,83,293,,True,0.0
395,32.937196,-117.151767,1143.0,63.2,3.04,136,83,292,,True,0.0
396,32.937217,-117.151751,1145.8,63.2,3.0,136,82,289,,True,0.0
397,32.937241,-117.151738,1149.5,63.2,3.1,137,82,288,,True,1.6
398,32.93727,-117.151721,1152.5,63.2,3.1,136,83,287,,True,3.2
399,32.937289,-117.15171,1155.2,63.4,3.08,136,83,289,,True,3.5
400,32.937314,-117.151693,1158.2,63.6,3.04,136,82,291,,True,5.0
401,32.93734,-117.15168,1161.0,63.6,3.04,136,82,290,,True,3.4
402,32.937359,-117.151665,1164.4,63.8,2.98,137,83,290,,True,1.8
403,32.937383,-117.151649,1166.9,63.8,2.88,137,82,290,,True,1.8
404,32.937402,-117.15164,1169.2,63.8,2.8,137,82,292,,True,2.0
405,32.937423,-117.151627,1172.0,63.8,2.76,137,82,293,,True,4.0
406,32.937447,-117.151608,1174.6,64.0,2.72,137,82,293,,True,3.8
407,32.937458,-117.151591,1176.9,64.2,2.5,137,82,295,,True,4.7
408,32.937463,-117.151558,1179.6,64.2,2.54,137,82,296,,True,3.9
409,32.937467,-117.151533,1181.9,64.4,2.54,138,82,295,,True,1.8
410,32.937471,-117.151504,1184.8,64.4,2.56,138,83,292,,True,0.0
411,32.937478,-117.151469,1187.8,64.4,2.64,138,82,291,,True,-1.8
412,32.937479,-117.151447,1190.2,64.2,2.66,138,82,291,,True,-1.7
413,32.937486,-117.151416,1193.0,64.2,2.68,138,82,290,,True,-1.8
414,32.937494,-117.151383,1196.3,64.2,2.88,139,82,278,,True,1.8
415,32.937498,-117.151359,1198.8,64.2,2.8,139,83,278,,True,1.8
416,32.93751,-117.151328,1201.6,64.4,2.76,139,83,278,,True,1.9
417,32.937518,-117.151301,1204.4,64.4,2.84,139,83,279,,True,1.7
418,32.93752,-117.151273,1207.0,64.4,2.8,139,83,278,,True,0.0
419,32.937529,-117.151234,1210.5,64.4,2.84,139,83,276,,True,0.0
420,32.937529,-117.151213,1212.8,64.4,2.8,139,83,279,,True,0.0
421,32.937535,-117.151179,1215.7,64.4,2.82,138,83,278,,True,1.8
422,32.937543,-117.151146,1218.9,64.4,2.9,139,82,283,,True,1.7
423,32.937545,-117.151122,1221.6,64.6,2.92,139,82,284,,True,1.7
424,32.937555,-117.151084,1224.8,64.6,2.86,139,82,286,,True,1.7
425,32.93756,-117.151059,1227.4,64.6,2.92,139,82,292,,True,0.0
426,32.937566,-117.151029,1230.5,64.6,2.96,139,83,282,,True,0.0
427,32.937579,-117.150995,1233.5,64.6,2.92,139,83,283,,True,0.0
428,32.937585,-117.150977,1235.9,64.6,2.86,139,83,286,,True,1.8
429,32.937603,-117.150945,1239.1,64.6,2.86,138,82,286,,True,1.8
430,32.937615,-117.150919,1241.9,64.8,2.9,139,83,287,,True,1.8
431,32.937625,-117.150899,1244.4,64.8,2.78,139,83,282,,True,1.9
432,32.937639,-117.150876,1246.9,64.8,2.68,139,83,282,,True,0.0
433,32.937652,-117.150856,1249.4,64.8,2.7,139,83,276,,True,0.0
434,32.93767,-117.150833,1251.9,64.8,2.56,139,83,268,,True,0.0
435,32.937682,-117.150806,1254.8,64.8,2.58,139,83,261,,True,0.0
436,32.937695,-117.150784,1257.6,64.8,2.64,140,83,259,,True,0.0
437,32.937717,-117.150756,1260.7,64.8,2.76,140,83,259,,True,0.0
438,32.937726,-117.150735,1263.2,64.8,2.76,141,83,260,,True,0.0
439,32.937737,-117.150707,1266.0,64.8,2.82,143,83,261,,True,0.0
440,32.937749,-117.150678,1268.8,64.8,2.8,148,83,259,,True,0.0
441,32.93776,-117.150655,1271.7,64.8,2.82,151,82,260,,True,0.0
442,32.937787,-117.150618,1275.8,64.8,3.02,152,82,260,,True,0.0
443,32.937802,-117.150593,1278.9,64.8,3.14,153,82,258,,True,0.0
444,32.937816,-117.150567,1282.0,64.8,3.2,153,82,257,,True,-1.7
445,32.937823,-117.15053,1285.1,64.8,3.26,153,82,256,,True,-1.6
446,32.937826,-117.150502,1287.8,64.6,3.22,153,82,256,,True,-3.3
447,32.937831,-117.150462,1291.5,64.6,3.14,153,82,253,,True,-3.4
448,32.937827,-117.150431,1294.3,64.4,3.08,152,82,254,,True,-3.5
449,32.937812,-117.150409,1297.0,64.4,3.0,152,82,254,,True,-5.8
450,32.937795,-117.150393,1299.2,64.2,2.82,151,82,253,,True,-3.7
451,32.937773,-117.150376,1301.9,64.0,2.82,150,83,251,,True,-3.6
452,32.937749,-117.15036,1305.2,64.0,2.74,150,83,247,,True,-1.7
453,32.937726,-117.150339,1308.1,64.0,2.76,149,83,246,,True,0.0
454,32.937713,-117.150321,1310.7,64.0,2.74,149,83,247,,True,1.9
455,32.937704,-117.15029,1313.3,64.0,2.82,149,83,247,,True,3.2
456,32.937695,-117.150267,1315.7,64.2,2.76,149,83,247,,True,4.0
457,32.937682,-117.15025,1317.9,64.4,2.54,149,83,246,,True,6.0
458,32.93766,-117.15023,1320.7,64.4,2.52,149,83,245,,True,3.7
459,32.937642,-117.150211,1323.3,64.6,2.52,149,83,245,,True,1.6
460,32.937619,-117.150187,1326.5,64.6,2.64,149,83,246,,True,3.2
461,32.937602,-117.150157,1330.1,64.6,2.88,149,83,246,,True,1.6
462,32.93759,-117.150131,1333.1,64.8,3.04,148,82,247,,True,1.6
463,32.937586,-117.150096,1336.1,64.8,3.08,149,82,251,,True,0.0
464,32.937577,-117.150068,1339.2,64.8,3.18,148,81,253,,True,-1.8
465,32.937568,-117.150042,1341.9,64.6,3.08,148,81,253,,True,-1.8
466,32.937563,-117.150011,1344.4,64.6,2.86,148,81,255,,True,-1.7
467,32.937552,-117.149985,1347.4,64.6,2.86,149,82,255,,True,0.0
468,32.93754,-117.149954,1350.7,64.6,2.92,148,82,253,,True,-1.6
469,32.937524,-117.149925,1353.4,64.6,2.84,148,82,251,,True,-3.1
470,32.937508,-117.149897,1356.6,64.4,2.94,149,82,251,,True,-4.5
471,32.937497,-117.149856,1360.3,64.2,3.18,149,82,251,,True,-4.2
472,32.937483,-117.149825,1363.9,64.0,3.3,149,82,253,,True,-1.4
473,32.93747,-117.149795,1367.6,64.0,3.38,150,82,255,,True,0.0
474,32.937463,-117.149761,1370.8,64.2,3.48,150,84,253,,True,3.4
475,32.937451,-117.149742,1373.6,64.2,3.4,152,84,257,,True,4.0
476,32.937438,-117.149721,1375.6,64.4,3.06,153,83,258,,True,3.5
477,32.937423,-117.149703,1377.6,64.4,2.74,153,83,258,,True,3.7
478,32.937408,-117.149688,1379.9,64.6,2.46,153,83,258,,True,3.4
479,32.937393,-117.149666,1382.3,64.6,2.3,153,82,257,,True,3.1
480,32.937377,-117.149648,1384.5,64.6,2.18,153,82,259,,True,1.9
481,32.937362,-117.149623,1387.3,64.8,2.34,154,82,259,,True,0.0
482,32.93735,-117.149589,1390.3,64.8,2.54,153,82,257,,True,0.0
483,32.937341,-117.149563,1393.1,64.6,2.64,153,81,258,,True,-1.6
484,32.937328,-117.149519,1396.9,64.6,2.92,153,81,259,,True,-1.5
485,32.937317,-117.149487,1400.1,64.6,3.12,153,81,259,,True,0.0
486,32.937316,-117.149451,1403.6,64.6,3.26,153,82,261,,True,0.0
487,32.937328,-117.149409,1407.4,64.6,3.42,153,84,260,,True,0.0
488,32.937342,-117.149381,1410.5,64.6,3.48,153,84,260,,True,0.0
489,32.937374,-117.149361,1414.2,64.6,3.46,153,84,267,,True,0.0
490,32.937394,-117.149349,1417.1,64.6,3.4,153,85,267,,True,0.0
491,32.937421,-117.149332,1420.1,64.6,3.3,153,85,272,,True,0.0
492,32.937441,-117.149318,1422.8,64.6,3.08,152,85,272,,True,0.0
493,32.937467,-117.14931,1426.0,64.6,3.1,153,85,270,,True,0.0
494,32.937493,-117.149312,1428.6,64.6,2.88,153,86,269,,True,1.8
495,32.937516,-117.149306,1431.4,64.6,2.86,153,86,264,,True,3.1
496,32.937541,-117.149311,1433.7,64.8,2.72,153,85,265,,True,3.8
497,32.937559,-117.149311,1435.5,64.8,2.54,153,85,268,,True,4.0
498,32.93759,-117.149307,1439.1,65.0,2.62,153,85,269,,True,1.9
499,32.937615,-117.149299,1441.5,65.0,2.58,153,85,268,,True,3.5
500,32.937635,-117.149291,1444.4,65.0,2.6,153,85,267,,True,1.6
501,32.937656,-117.149271,1446.8,65.2,2.62,153,85,267,,True,2.0
502,32.937666,-117.149245,1448.9,65.2,2.68,153,85,267,,True,1.8
503,32.937662,-117.149224,1451.6,65.2,2.5,154,82,266,,True,-1.7
504,32.93765,-117.149202,1453.7,65.2,2.44,154,81,268,,True,-1.7
505,32.937637,-117.149182,1455.7,65.2,2.26,154,81,267,,True,-1.7
506,32.937624,-117.14916,1458.3,65.0,2.3,154,80,264,,True,-1.6
507,32.937624,-117.149126,1460.9,65.0,2.4,155,79,258,,True,-1.8
508,32.93763,-117.149099,1463.6,65.0,2.4,156,80,257,,True,0.0
509,32.937644,-117.149073,1466.6,65.0,2.58,156,80,256,,True,0.0
510,32.937664,-117.149043,1470.1,65.0,2.88,156,80,253,,True,0.0
511,32.937677,-117.149023,1472.7,65.0,2.88,156,81,256,,True,1.7
512,32.937693,-117.148997,1475.5,65.0,2.92,156,81,262,,True,0.0
513,32.937703,-117.148974,1478.3,65.2,2.94,155,81,262,,True,0.0
514,32.937708,-117.148955,1480.0,65.2,2.68,155,81,259,,True,0.0
515,32.937722,-117.148923,1482.9,65.0,2.56,156,83,256,,True,-1.6
516,32.937726,-117.1489,1485.3,65.0,2.52,155,82,255,,True,-1.8
517,32.937731,-117.148871,1488.0,65.0,2.5,155,82,255,,True,1.6
518,32.937734,-117.148839,1490.9,65.0,2.52,155,82,252,,True,2.0
519,32.93773,-117.14882,1492.8,65.0,2.56,156,82,253,,True,1.7
520,32.937727,-117.148791,1495.4,65.2,2.5,156,82,253,,True,3.4
521,32.937721,-117.148764,1497.9,65.2,2.52,156,82,251,,True,1.6
522,32.937712,-117.148747,1499.9,65.2,2.38,155,82,251,,True,0.0
523,32.937695,-117.148721,1502.5,65.4,2.32,155,81,251,,True,0.0
524,32.937681,-117.148698,1505.1,65.2,2.46,155,81,250,,True,0.0
525,32.937668,-117.14867,1508.1,65.2,2.54,155,81,249,,True,-1.8
526,32.937653,-117.148641,1511.2,65.2,2.66,155,81,248,,True,-1.8
527,32.937638,-117.148622,1513.8,65.2,2.78,155,81,247,,True,0.0
528,32.937622,-117.148598,1516.4,65.0,2.78,155,81,248,,True,0.0
529,32.93761,-117.14857,1519.4,65.2,2.86,154,81,247,,True,0.0
530,32.937596,-117.148549,1521.9,65.2,2.76,154,83,246,,True,1.9
531,32.937583,-117.148525,1524.5,65.2,2.66,154,83,246,,True,0.0
532,32.937572,-117.148503,1527.1,65.2,2.66,154,82,246,,True,0.0
533,32.937567,-117.14848,1529.3,65.4,2.58,154,82,245,,True,0.0
534,32.937563,-117.148449,1531.9,65.2,2.5,154,82,245,,True,0.0
535,32.937559,-117.148425,1534.5,65.2,2.52,153,82,244,,True,-1.8
536,32.937556,-117.148401,1536.8,65.2,2.46,153,81,243,,True,0.0
537,32.937567,-117.148361,1540.2,65.2,2.62,153,81,243,,True,0.0
538,32.937567,-117.148337,1543.0,65.2,2.74,153,81,244,,True,0.0
539,32.937568,-117.148306,1545.9,65.2,2.8,153,81,244,,True,0.0
540,32.937566,-117.148278,1548.3,65.2,2.76,153,81,243,,True,0.0
541,32.937563,-117.148252,1550.9,65.2,2.82,152,81,243,,True,0.0
542,32.93756,-117.148221,1553.5,65.2,2.66,153,81,243,,True,-1.9
543,32.937559,-117.148194,1556.1,65.2,2.62,153,81,242,,True,-1.7
544,32.937558,-117.148161,1559.1,65.0,2.64,153,82,240,,True,0.0
545,32.937563,-117.148122,1562.9,65.0,2.92,153,82,238,,True,0.0
546,32.937561,-117.148096,1565.9,65.2,3.0,153,82,239,,True,1.7
547,32.937559,-117.148063,1568.7,65.2,3.04,154,83,243,,True,1.8
548,32.93756,-117.148036,1571.0,65.2,2.98,154,83,243,,True,1.9
549,32.937559,-117.14801,1573.8,65.2,2.94,153,84,243,,True,1.9
550,32.937566,-117.147974,1576.7,65.4,2.76,153,84,242,,True,0.0
551,32.937567,-117.147949,1579.4,65.4,2.7,153,84,242,,True,1.7
552,32.937571,-117.147919,1582.3,65.2,2.72,153,82,244,,True,0.0
553,32.937576,-117.147886,1585.3,65.4,2.86,153,82,244,,True,0.0
554,32.937573,-117.147864,1587.6,65.4,2.76,153,82,245,,True,2.0
555,32.937573,-117.14783,1590.4,65.4,2.74,153,82,245,,True,2.0
556,32.937576,-117.147809,1592.5,65.4,2.62,153,84,246,,True,1.8
557,32.937575,-117.147778,1595.4,65.6,2.62,152,84,244,,True,1.8
558,32.93759,-117.147749,1598.7,65.6,2.68,152,84,243,,True,1.8
559,32.937598,-117.147726,1601.3,65.6,2.74,152,84,244,,True,0.0
560,32.937612,-117.1477,1603.6,65.6,2.64,152,83,247,,True,0.0
561,32.937624,-117.147673,1606.8,65.6,2.86,153,82,247,,True,0.0
562,32.937633,-117.147651,1609.1,65.6,2.74,153,82,248,,True,0.0
563,32.937648,-117.14762,1612.0,65.6,2.66,153,82,249,,True,1.9
564,32.937649,-117.147594,1614.6,65.6,2.66,153,83,249,,True,1.8
565,32.937653,-117.147565,1617.3,65.8,2.74,153,82,249,,True,2.0
566,32.937655,-117.147532,1620.0,65.8,2.64,153,82,249,,True,1.9
567,32.937653,-117.14751,1622.2,65.8,2.62,153,82,249,,True,-1.9
568,32.937651,-117.147475,1625.1,65.8,2.62,153,82,250,,True,-1.9
569,32.937649,-117.14745,1627.6,65.6,2.6,153,83,250,,True,-1.8
570,32.937647,-117.147422,1630.4,65.6,2.62,153,83,248,,True,-1.9
571,32.937645,-117.147388,1633.1,65.6,2.62,153,83,247,,True,1.8
572,32.937642,-117.147365,1635.7,65.6,2.7,153,84,247,,True,0.0
573,32.937642,-117.147328,1638.6,65.8,2.7,153,84,246,,True,0.0
574,32.93764,-117.147297,1641.6,65.6,2.8,153,84,245,,True,1.6
575,32.937639,-117.147263,1645.6,65.6,3.04,153,84,243,,True,0.0
576,32.937638,-117.147226,1648.3,65.8,3.04,153,83,244,,True,0.0
577,32.937636,-117.147206,1650.8,65.8,3.02,153,82,244,,True,1.8
578,32.937635,-117.14717,1653.9,65.6,3.06,153,82,243,,True,0.0
579,32.937634,-117.147138,1656.6,65.8,3.0,153,82,243,,True,0.0
580,32.937629,-117.147107,1660.2,65.8,2.92,152,82,243,,True,0.0
581,32.937625,-117.147068,1663.4,65.8,3.02,152,83,245,,True,0.0
582,32.93762,-117.147046,1665.7,65.6,2.98,152,83,247,,True,0.0
583,32.937615,-117.147017,1668.2,65.8,2.86,152,83,247,,True,0.0
584,32.937617,-117.146986,1671.1,65.8,2.9,152,83,247,,True,1.8
585,32.937613,-117.146963,1673.5,65.8,2.66,152,83,248,,True,1.7
586,32.937607,-117.146923,1676.8,65.8,2.68,152,83,246,,True,1.7
587,32.937602,-117.146892,1680.0,66.0,2.86,152,83,247,,True,1.6
588,32.937597,-117.146864,1683.1,66.0,2.98,152,83,247,,True,1.7
589,32.937595,-117.146831,1685.7,66.0,2.92,152,83,249,,True,1.8
590,32.937591,-117.146807,1688.3,66.0,2.96,152,83,251,,True,1.9
591,32.937589,-117.146777,1691.1,66.2,2.86,152,82,253,,True,1.9
592,32.937589,-117.146746,1693.9,66.2,2.78,152,82,253,,True,1.9
593,32.937586,-117.146721,1696.3,66.2,2.64,152,82,252,,True,0.0
594,32.937588,-117.146686,1699.0,66.2,2.66,151,82,253,,True,0.0
595,32.937587,-117.146658,1702.1,66.2,2.76,151,82,255,,True,0.0
596,32.937584,-117.146632,1704.6,66.2,2.7,151,82,255,,True,0.0
597,32.937574,-117.146605,1707.1,66.2,2.64,151,82,255,,True,0.0
598,32.937561,-117.146591,1709.2,66.2,2.58,152,82,257,,True,0.0
599,32.937547,-117.146567,1711.7,66.2,2.54,152,82,257,,True,0.0
600,32.93753,-117.146545,1714.3,66.2,2.44,152,82,255,,True,0.0
601,32.937519,-117.146524,1716.6,66.2,2.4,151,82,254,,True,0.0
602,32.937513,-117.146486,1719.5,66.2,2.48,152,82,252,,True,0.0
603,32.937504,-117.146459,1722.4,66.2,2.64,151,82,252,,True,0.0
604,32.937497,-117.146423,1726.4,66.2,2.94,151,83,252,,True,0.0
605,32.937497,-117.146391,1729.2,66.2,2.98,151,83,251,,True,0.0
606,32.937492,-117.146367,1731.6,66.2,3.0,151,83,251,,True,1.7
607,32.937495,-117.146325,1735.0,66.2,3.1,152,83,252,,True,1.7
608,32.937496,-117.146295,1738.3,66.4,3.18,151,83,253,,True,1.7
609,32.937494,-117.146272,1740.9,66.4,2.9,151,82,254,,True,3.7
610,32.937493,-117.146239,1743.3,66.4,2.82,152,82,256,,True,1.9
611,32.937486,-117.146217,1745.7,66.6,2.82,151,82,258,,True,0.0
612,32.93749,-117.146183,1748.7,66.6,2.74,151,83,255,,True,0.0
613,32.937498,-117.146149,1752.0,66.4,2.74,152,82,253,,True,-1.6
614,32.937503,-117.146122,1754.9,66.4,2.8,151,82,253,,True,-1.6
615,32.937514,-117.146086,1758.0,66.4,2.94,151,82,256,,True,0.0
616,32.937518,-117.146058,1761.0,66.4,3.06,152,82,256,,True,0.0
617,32.937521,-117.146029,1764.0,66.4,3.06,152,82,257,,True,0.0
618,32.937526,-117.146003,1766.2,66.4,2.84,152,82,257,,True,0.0
619,32.937527,-117.145982,1768.3,66.4,2.68,152,82,258,,True,0.0
620,32.93753,-117.145953,1770.8,66.4,2.56,151,82,258,,True,0.0
621,32.937533,-117.145925,1773.2,66.4,2.44,152,82,256,,True,0.0
622,32.937532,-117.145902,1775.4,66.4,2.28,153,82,254,,True,0.0
623,32.937527,-117.145873,1778.0,66.4,2.36,153,82,254,,True,0.0
624,32.937517,-117.145847,1780.6,66.4,2.46,153,82,252,,True,0.0
625,32.937509,-117.145817,1783.4,66.4,2.52,153,83,251,,True,0.0
626,32.937509,-117.145777,1787.2,66.4,2.8,153,83,249,,True,0.0
627,32.937506,-117.145752,1790.0,66.4,2.92,154,83,250,,True,0.0
628,32.937499,-117.145716,1793.5,66.4,3.1,153,82,253,,True,0.0
629,32.937491,-117.145692,1795.9,66.4,3.06,153,81,252,,True,0.0
630,32.937485,-117.14567,1798.2,66.4,2.96,153,82,251,,True,0.0
631,32.937487,-117.145635,1801.1,66.4,2.78,153,82,251,,True,0.0
632,32.937484,-117.14561,1803.8,66.4,2.76,153,82,249,,True,0.0
633,32.937485,-117.14559,1805.7,66.4,2.44,153,83,249,,True,0.0
634,32.937479,-117.145566,1807.7,66.4,2.36,153,83,248,,True,0.0
635,32.937471,-117.145549,1809.5,66.4,2.26,152,83,247,,True,0.0
636,32.937459,-117.145517,1812.1,66.4,2.2,152,83,246,,True,0.0
637,32.937455,-117.145488,1814.9,66.4,2.22,151,82,243,,True,0.0
638,32.937448,-117.145456,1818.1,66.4,2.48,151,82,242,,True,0.0
639,32.937451,-117.145415,1821.6,66.4,2.78,151,82,242,,True,0.0
640,32.937451,-117.145386,1824.9,66.4,3.08,151,82,244,,True,0.0
641,32.937457,-117.145351,1828.1,66.4,3.2,151,83,245,,True,0.0
642,32.937461,-117.145319,1830.9,66.4,3.2,150,83,246,,True,0.0
643,32.937459,-117.145294,1833.7,66.4,3.12,150,83,247,,True,0.0
644,32.937456,-117.14526,1836.8,66.4,3.04,150,83,246,,True,0.0
645,32.937453,-117.145238,1838.8,66.4,2.78,150,82,244,,True,0.0
646,32.937443,-117.145212,1841.4,66.4,2.66,150,82,244,,True,1.6
647,32.937432,-117.14518,1844.0,66.4,2.62,150,82,244,,True,1.9
648,32.937423,-117.145161,1846.3,66.6,2.52,150,82,244,,True,3.7
649,32.937411,-117.14513,1849.5,66.6,2.54,151,82,245,,True,3.6
650,32.937397,-117.145103,1852.1,66.8,2.66,151,81,245,,True,1.7
651,32.937387,-117.145076,1855.0,66.8,2.72,151,81,246,,True,1.7
652,32.937385,-117.145043,1858.0,66.8,2.8,152,81,247,,True,-1.7
653,32.93739,-117.14501,1861.2,66.8,2.98,152,82,247,,True,-1.7
654,32.937394,-117.144984,1864.0,66.6,2.9,152,82,247,,True,-1.9
655,32.937404,-117.144953,1866.9,66.6,2.96,152,82,248,,True,-1.9
656,32.937407,-117.144932,1868.8,66.6,2.76,152,82,249,,True,0.0
657,32.937414,-117.144901,1871.9,66.6,2.78,152,82,250,,True,0.0
658,32.937428,-117.144871,1875.1,66.6,2.78,152,81,249,,True,0.0
659,32.937434,-117.144849,1877.5,66.6,2.7,152,81,250,,True,0.0
660,32.937438,-117.144815,1880.3,66.6,2.68,152,81,250,,True,0.0
661,32.937441,-117.144789,1883.1,66.6,2.86,152,82,249,,True,1.9
662,32.93744,-117.144763,1885.4,66.6,2.7,151,82,250,,True,1.9
663,32.937448,-117.144732,1888.0,66.8,2.58,152,82,250,,True,1.8
664,32.937454,-117.144704,1890.8,66.8,2.66,152,82,250,,True,1.7
665,32.937467,-117.144673,1894.0,66.8,2.74,151,83,249,,True,0.0
666,32.937487,-117.144643,1897.5,66.8,2.88,152,82,248,,True,0.0
667,32.937499,-117.144624,1900.3,66.8,2.98,152,82,250,,True,0.0
668,32.937515,-117.144598,1903.2,66.8,3.04,153,82,254,,True,0.0
669,32.937531,-117.144575,1905.9,66.8,3.02,153,82,253,,True,0.0
670,32.937545,-117.144558,1908.2,66.8,2.84,153,81,253,,True,0.0
671,32.937562,-117.144532,1911.0,66.8,2.7,153,81,255,,True,1.6
672,32.937569,-117.14451,1913.5,66.8,2.64,153,81,254,,True,1.9
673,32.937571,-117.144485,1915.7,66.8,2.5,153,81,256,,True,2.0
674,32.937574,-117.144449,1918.6,67.0,2.54,153,81,256,,True,1.8
675,32.937575,-117.144425,1921.2,67.0,2.6,153,81,255,,True,1.7
676,32.937576,-117.144389,1924.4,67.0,2.68,153,81,255,,True,0.0
677,32.937576,-117.144356,1927.4,67.0,2.78,153,81,254,,True,-1.8
678,32.937577,-117.144332,1929.9,67.0,2.84,153,82,254,,True,-1.9
679,32.937563,-117.1443,1932.6,66.8,2.8,153,82,252,,True,-2.0
680,32.937552,-117.144279,1934.9,66.8,2.74,153,82,251,,True,-1.9
681,32.937533,-117.144263,1937.6,66.8,2.64,153,82,250,,True,0.0
682,32.937503,-117.144256,1940.4,66.8,2.6,152,82,247,,True,1.7
683,32.937482,-117.144253,1942.9,66.8,2.6,153,82,249,,True,1.6
684,32.937449,-117.144237,1946.7,67.0,2.82,152,82,250,,True,0.0
685,32.937422,-117.14422,1949.8,67.0,2.98,152,82,251,,True,1.5
686,32.937399,-117.144205,1953.0,66.8,3.08,152,82,251,,True,-1.7
687,32.937373,-117.144186,1956.0,67.0,3.12,151,83,252,,True,-1.7
688,32.937355,-117.144176,1958.4,66.8,3.1,151,83,251,,True,0.0
689,32.937333,-117.144144,1961.7,66.8,3.0,151,83,250,,True,-1.8
690,32.937325,-117.144121,1964.2,66.8,2.88,150,84,250,,True,0.0
691,32.937323,-117.144085,1967.3,66.8,2.86,150,84,249,,True,0.0
692,32.937334,-117.144048,1970.3,66.8,2.86,150,84,249,,True,1.7
693,32.93734,-117.144022,1973.4,66.8,3.0,149,84,249,,True,1.7
694,32.937351,-117.14399,1976.3,67.0,2.92,150,85,251,,True,1.7
695,32.937367,-117.143967,1979.0,67.0,2.96,150,85,250,,True,1.6
696,32.937387,-117.143944,1982.4,67.0,3.02,150,85,249,,True,0.0
697,32.937413,-117.143924,1985.6,67.0,3.06,149,83,253,,True,1.6
698,32.937431,-117.143912,1988.3,67.0,2.98,149,82,256,,True,1.7
699,32.937455,-117.14389,1991.4,67.2,3.02,148,82,259,,True,1.8
700,32.937473,-117.143867,1994.3,67.2,3.06,148,82,261,,True,1.7
701,32.937483,-117.143847,1996.9,67.2,2.9,149,82,261,,True,-1.8
702,32.937496,-117.143809,2000.2,67.2,2.92,149,83,260,,True,-1.8
703,32.9375,-117.143786,2002.7,67.0,2.88,149,83,260,,True,-1.8
704,32.937503,-117.143758,2005.2,67.0,2.76,149,83,258,,True,-1.9
705,32.9375,-117.143727,2007.9,67.0,2.72,150,83,257,,True,0.0
706,32.937493,-117.143703,2010.5,67.0,2.72,150,83,255,,True,1.9
707,32.937479,-117.143674,2013.0,67.0,2.56,150,83,256,,True,1.8
708,32.937464,-117.143648,2016.0,67.2,2.66,150,83,255,,True,1.7
709,32.937455,-117.143618,2018.9,67.2,2.74,150,83,255,,True,1.7
710,32.937459,-117.143578,2022.5,67.2,2.92,150,83,254,,True,0.0
711,32.937466,-117.143552,2025.0,67.2,2.9,151,83,255,,True,0.0
712,32.937474,-117.143523,2027.7,67.2,2.94,151,83,258,,True,0.0
713,32.937494,-117.143501,2030.9,67.2,2.98,151,83,257,,True,-1.8
714,32.93751,-117.143483,2033.6,67.2,2.94,151,82,257,,True,-1.8
715,32.93753,-117.143456,2036.3,67.0,2.76,152,82,258,,True,-3.7
716,32.93754,-117.143435,2038.9,67.0,2.78,152,82,257,,True,-3.6
717,32.93755,-117.143408,2041.6,66.8,2.78,153,82,256,,True,-1.7
718,32.937564,-117.143374,2044.7,66.8,2.76,152,82,255,,True,-1.7
719,32.937575,-117.143347,2047.9,66.8,2.86,152,82,254,,True,0.0
720,32.937595,-117.143321,2050.9,66.8,2.92,152,82,253,,True,1.8
721,32.937608,-117.143301,2053.5,66.8,2.92,152,83,254,,True,3.8
722,32.937625,-117.143285,2056.1,67.0,2.9,152,83,255,,True,5.0
723,32.937644,-117.14327,2058.3,67.2,2.72,152,83,257,,True,5.0
724,32.937657,-117.143257,2060.3,67.4,2.48,153,83,257,,True,3.3
725,32.937668,-117.143232,2062.9,67.4,2.4,153,83,257,,True,1.6
726,32.937679,-117.1432,2065.5,67.4,2.4,153,82,256,,True,0.0
727,32.937686,-117.143177,2068.1,67.4,2.4,153,81,257,,True,0.0
728,32.937696,-117.143145,2070.7,67.4,2.48,153,81,258,,True,0.0
729,32.937696,-117.143119,2073.3,67.4,2.6,153,81,258,,True,0.0
730,32.937692,-117.143095,2075.7,67.4,2.56,154,81,257,,True,0.0
731,32.937683,-117.143067,2078.2,67.4,2.54,153,82,257,,True,0.0
732,32.937677,-117.143053,2079.9,67.4,2.36,153,82,258,,True,0.0
733,32.937668,-117.143028,2082.1,67.4,2.28,153,82,258,,True,0.0
734,32.937666,-117.143,2084.5,67.4,2.24,154,83,254,,True,0.0
735,32.937659,-117.142982,2086.5,67.4,2.16,153,83,253,,True,0.0
736,32.937648,-117.142959,2088.9,67.4,2.14,153,82,252,,True,0.0
737,32.937629,-117.142939,2091.4,67.4,2.3,153,82,249,,True,0.0
738,32.937612,-117.142923,2094.1,67.4,2.4,153,82,248,,True,0.0
739,32.937595,-117.142906,2096.4,67.4,2.38,153,80,249,,True,0.0
740,32.937582,-117.14288,2099.0,67.4,2.5,153,80,249,,True,0.0
741,32.937569,-117.14286,2101.7,67.4,2.56,153,80,248,,True,0.0
742,32.93756,-117.142827,2104.5,67.4,2.62,153,81,248,,True,0.0
743,32.93755,-117.142802,2107.2,67.4,2.62,152,81,247,,True,1.8
744,32.937543,-117.142779,2109.8,67.4,2.68,152,81,247,,True,2.0
745,32.937537,-117.142748,2112.6,67.6,2.72,151,81,247,,True,1.9
746,32.937537,-117.142729,2114.6,67.6,2.58,151,81,248,,True,1.9
747,32.937532,-117.142692,2117.5,67.6,2.6,151,81,247,,True,0.0
748,32.937533,-117.142662,2120.3,67.6,2.62,150,82,247,,True,0.0
749,32.937529,-117.142635,2122.9,67.6,2.62,150,82,246,,True,0.0
750,32.937526,-117.142598,2125.9,67.6,2.66,150,82,246,,True,-1.9
751,32.937517,-117.142575,2128.5,67.6,2.78,150,82,246,,True,-1.9
752,32.937503,-117.142553,2130.9,67.4,2.68,150,82,245,,True,-2.0
753,32.937471,-117.142538,2133.6,67.4,2.66,150,82,243,,True,-4.0
754,32.937453,-117.142533,2136.0,67.4,2.62,150,82,242,,True,-2.0
755,32.937428,-117.142539,2138.5,67.2,2.52,150,81,241,,True,-3.8
756,32.937404,-117.142544,2141.0,67.2,2.5,150,81,239,,True,-3.7
757,32.937382,-117.142551,2144.0,67.0,2.62,149,81,238,,True,-3.9
758,32.937352,-117.142543,2146.8,67.0,2.64,149,82,237,,True,-1.8
759,32.937334,-117.14254,2148.8,66.8,2.56,149,83,236,,True,0.0
760,32.937307,-117.142535,2152.1,67.0,2.72,148,83,236,,True,1.9
761,32.937279,-117.14254,2154.6,67.0,2.72,148,83,236,,True,5.3
762,32.937262,-117.142546,2157.3,67.2,2.66,148,83,236,,True,5.6
763,32.937233,-117.142552,2160.1,67.4,2.66,147,82,237,,True,5.5
764,32.937206,-117.142546,2162.9,67.6,2.82,147,82,239,,True,3.5
765,32.937186,-117.142531,2165.5,67.6,2.68,147,82,240,,True,3.5
766,32.93717,-117.142501,2168.6,67.6,2.8,148,82,242,,True,1.7
767,32.937158,-117.142477,2171.4,67.8,2.82,147,81,243,,True,1.8
768,32.937149,-117.142444,2174.7,67.8,2.92,147,81,244,,True,1.8
769,32.937137,-117.142421,2176.9,67.8,2.8,147,81,243,,True,0.0
770,32.937127,-117.142399,2179.6,67.8,2.82,147,82,243,,True,0.0
771,32.937115,-117.142371,2182.5,67.8,2.78,147,83,243,,True,0.0
772,32.937112,-117.142346,2184.8,67.8,2.68,147,83,244,,True,0.0
773,32.937106,-117.142324,2187.1,67.8,2.48,147,83,244,,True,0.0
774,32.9371,-117.14229,2189.9,67.8,2.6,147,83,244,,True,0.0
775,32.937094,-117.142266,2192.1,67.8,2.5,148,83,245,,True,1.8
776,32.937081,-117.14223,2196.0,67.8,2.7,148,82,245,,True,1.8
777,32.937063,-117.142213,2198.4,68.0,2.72,148,83,245,,True,1.6
778,32.937042,-117.142198,2201.2,68.0,2.82,148,83,246,,True,1.9
779,32.937019,-117.142169,2204.4,68.0,2.9,148,83,247,,True,0.0
780,32.937001,-117.142153,2206.7,68.0,2.92,147,83,249,,True,0.0
781,32.936984,-117.142122,2209.9,68.0,2.78,147,83,249,,True,0.0
782,32.936988,-117.142086,2212.7,68.0,2.86,148,83,250,,True,-1.6
783,32.936997,-117.142057,2215.6,68.0,2.88,148,83,251,,True,-1.6
784,32.937019,-117.142025,2219.3,67.8,2.98,148,83,250,,True,-1.5
785,32.937035,-117.142001,2222.4,67.8,3.14,148,82,250,,True,-3.1
786,32.937057,-117.141982,2225.7,67.8,3.16,148,82,252,,True,-1.6
787,32.937083,-117.141963,2228.6,67.6,3.18,148,82,254,,True,0.0
788,32.937106,-117.141951,2231.8,67.6,3.24,149,82,256,,True,0.0
789,32.937136,-117.141942,2234.9,67.8,3.12,148,83,258,,True,1.6
790,32.937163,-117.141936,2237.7,67.8,3.06,149,83,257,,True,1.7
791,32.937186,-117.141925,2241.0,67.8,3.06,149,83,257,,True,0.0
792,32.93721,-117.141905,2243.7,67.8,3.02,149,83,257,,True,-1.8
793,32.937225,-117.141886,2246.1,67.8,2.86,150,84,256,,True,-1.9
794,32.937234,-117.141855,2249.0,67.6,2.82,150,84,254,,True,-1.9
795,32.937236,-117.141824,2251.6,67.6,2.78,150,84,250,,True,-1.8
796,32.937235,-117.141798,2254.1,67.6,2.62,149,83,248,,True,0.0
797,32.937229,-117.141766,2257.0,67.6,2.66,149,83,248,,True,1.6
798,32.937224,-117.141748,2259.1,67.6,2.6,149,83,249,,True,2.0
799,32.937213,-117.141726,2261.4,67.6,2.48,149,84,249,,True,3.1
800,32.937193,-117.141703,2264.1,67.8,2.5,150,83,247,,True,3.7
801,32.937179,-117.141686,2266.8,67.8,2.54,150,83,248,,True,3.6
802,32.937159,-117.141657,2270.0,68.0,2.6,150,83,249,,True,1.8
803,32.937153,-117.141632,2272.4,68.0,2.66,150,83,248,,True,0.0
804,32.937142,-117.141607,2275.1,68.0,2.74,150,82,247,,True,-1.8
805,32.937134,-117.141568,2278.2,67.8,2.82,150,82,246,,True,-1.7
806,32.937122,-117.141547,2281.0,67.8,2.84,150,82,248,,True,-1.7
807,32.937107,-117.141519,2284.1,67.8,2.82,150,82,250,,True,0.0
808,32.937092,-117.141489,2287.0,67.8,2.92,150,83,251,,True,1.8
809,32.937081,-117.141468,2289.6,67.8,2.9,150,83,251,,True,1.8
810,32.937069,-117.141436,2292.3,68.0,2.82,150,83,253,,True,1.9
811,32.937075,-117.141404,2295.4,68.0,2.88,149,82,253,,True,2.0
812,32.937082,-117.141387,2297.3,68.0,2.64,150,81,254,,True,0.0
813,32.937099,-117.141361,2299.7,68.0,2.54,150,81,253,,True,-1.6
814,32.937113,-117.141339,2302.3,68.0,2.54,150,81,254,,True,-1.9
815,32.937131,-117.141322,2305.0,68.0,2.54,151,81,253,,True,-1.9
816,32.937156,-117.141302,2307.7,67.8,2.46,151,81,252,,True,-1.9
817,32.937171,-117.141287,2310.0,67.8,2.54,152,82,253,,True,-1.9
818,32.937188,-117.141262,2312.9,67.8,2.64,152,82,253,,True,0.0
819,32.937196,-117.141235,2315.7,67.8,2.68,152,82,251,,True,0.0
820,32.937203,-117.14121,2318.1,67.8,2.62,151,83,249,,True,-2.0
821,32.937208,-117.141182,2320.8,67.8,2.62,151,83,248,,True,-1.6
822,32.93721,-117.141159,2322.9,67.6,2.58,151,83,246,,True,-2.0
823,32.937214,-117.141132,2325.4,67.6,2.5,152,83,245,,True,-1.6
824,32.937218,-117.141099,2328.1,67.6,2.48,151,83,243,,True,0.0
825,32.937219,-117.141075,2330.6,67.6,2.5,151,82,244,,True,0.0
826,32.937219,-117.141047,2333.1,67.6,2.46,152,82,244,,True,0.0
827,32.937211,-117.141017,2335.4,67.6,2.5,151,82,243,,True,0.0
828,32.937205,-117.140994,2338.5,67.6,2.62,152,82,243,,True,1.6
829,32.937194,-117.140966,2340.8,67.6,2.54,152,82,242,,True,1.6
830,32.937184,-117.140948,2343.0,67.6,2.48,152,82,242,,True,1.7
831,32.937174,-117.140928,2345.3,67.8,2.44,152,82,242,,True,3.2
832,32.937159,-117.140901,2348.0,67.8,2.52,152,82,241,,True,3.8
833,32.937146,-117.140883,2350.5,67.8,2.4,152,81,242,,True,0.0
834,32.937133,-117.140859,2353.4,68.0,2.52,153,81,242,,True,1.7
835,32.937114,-117.140838,2355.8,67.8,2.56,153,81,241,,True,1.7
836,32.937104,-117.140823,2357.7,68.0,2.48,153,81,241,,True,1.7
837,32.937091,-117.1408,2359.8,68.0,2.36,153,82,243,,True,4.8
838,32.937078,-117.14078,2362.2,68.0,2.34,152,82,243,,True,3.8
839,32.937068,-117.140753,2365.4,68.2,2.4,153,82,244,,True,3.8
840,32.937061,-117.14072,2368.3,68.4,2.5,153,82,246,,True,3.4
841,32.937063,-117.140697,2370.4,68.4,2.54,152,81,247,,True,3.7
842,32.93706,-117.140666,2373.9,68.4,2.82,152,81,249,,True,1.5
843,32.937064,-117.140633,2376.3,68.6,2.82,152,81,252,,True,1.8
844,32.937059,-117.140613,2378.1,68.6,2.54,152,82,252,,True,1.9
845,32.937058,-117.140579,2381.7,68.6,2.68,152,82,251,,True,-1.8
846,32.937062,-117.140544,2384.6,68.6,2.84,152,82,251,,True,-1.7
847,32.937063,-117.140518,2387.7,68.4,2.76,152,82,252,,True,-1.9
848,32.937057,-117.14049,2390.0,68.4,2.74,151,82,263,,True,-3.9
849,32.937048,-117.140467,2392.4,68.4,2.86,151,81,262,,True,-1.6
850,32.937042,-117.140443,2394.8,68.2,2.62,151,81,241,,True,-1.9
851,32.937034,-117.140408,2397.6,68.2,2.6,151,81,239,,True,-3.5
852,32.937025,-117.140383,2400.3,68.2,2.52,151,81,238,,True,-1.8
853,32.937018,-117.140352,2403.8,68.0,2.76,151,82,247,,True,0.0
854,32.937012,-117.140325,2406.2,68.0,2.76,151,82,251,,True,0.0
855,32.937006,-117.140302,2408.6,68.2,2.76,151,82,262,,True,3.1
856,32.936998,-117.140271,2411.2,68.2,2.72,150,82,264,,True,3.8
857,32.936988,-117.14025,2413.4,68.4,2.62,150,82,251,,True,2.0
858,32.93698,-117.14022,2416.6,68.4,2.56,150,82,249,,True,1.6
859,32.936976,-117.140192,2418.8,68.4,2.52,150,82,249,,True,0.0
860,32.936969,-117.140171,2421.0,68.4,2.48,150,82,246,,True,0.0
861,32.936959,-117.14014,2423.8,68.4,2.52,150,82,245,,True,0.0
862,32.936958,-117.140107,2426.8,68.4,2.68,149,83,241,,True,0.0
863,32.936959,-117.140077,2430.0,68.4,2.68,149,83,242,,True,0.0
864,32.936967,-117.140043,2433.0,68.4,2.84,149,83,245,,True,0.0
865,32.936977,-117.14001,2436.2,68.4,3.04,149,83,250,,True,0.0
866,32.936988,-117.139981,2439.4,68.4,3.12,149,82,252,,True,-1.6
867,32.937005,-117.139948,2442.8,68.4,3.2,149,82,254,,True,-1.5
868,32.937016,-117.139923,2445.6,68.2,3.12,149,81,254,,True,-3.0
869,32.937032,-117.139889,2449.5,68.2,3.3,150,82,253,,True,-1.6
870,32.937043,-117.139856,2452.7,68.0,3.3,149,82,251,,True,0.0
871,32.937044,-117.139833,2455.2,68.2,3.16,150,82,267,,True,0.0
872,32.937049,-117.1398,2457.7,68.2,2.98,150,81,267,,True,1.8
873,32.937054,-117.139765,2460.9,68.2,3.06,149,82,258,,True,0.0
874,32.937056,-117.139735,2464.1,68.2,2.92,149,82,256,,True,0.0
875,32.937055,-117.139696,2467.3,68.2,2.92,149,82,254,,True,0.0
876,32.93705,-117.13967,2470.1,68.2,2.98,149,82,261,,True,1.7
877,32.937046,-117.139641,2472.7,68.2,3.0,148,83,263,,True,1.8
878,32.937057,-117.139606,2475.8,68.4,2.98,149,83,262,,True,1.7
879,32.937069,-117.139583,2478.7,68.4,2.92,149,83,262,,True,1.7
880,32.937092,-117.139557,2481.9,68.4,2.92,149,83,260,,True,0.0
881,32.937113,-117.139541,2484.5,68.4,2.88,148,82,263,,True,0.0
882,32.937134,-117.139521,2488.0,68.4,3.06,149,82,261,,True,0.0
883,32.937155,-117.139497,2490.8,68.4,3.0,149,82,266,,True,0.0
884,32.937166,-117.139482,2493.2,68.4,2.9,149,82,266,,True,0.0
885,32.937185,-117.139454,2496.0,68.4,2.82,149,83,266,,True,0.0
886,32.937196,-117.139433,2498.5,68.4,2.8,150,83,255,,True,0.0
887,32.937203,-117.139407,2501.1,68.4,2.62,150,83,253,,True,0.0
888,32.937213,-117.139379,2503.7,68.4,2.58,150,84,250,,True,0.0
889,32.937218,-117.139357,2506.1,68.4,2.58,150,84,248,,True,0.0
890,32.937227,-117.139327,2508.7,68.4,2.54,150,83,247,,True,-1.6
891,32.937229,-117.1393,2511.5,68.4,2.6,150,83,242,,True,-2.0
892,32.93723,-117.139278,2513.6,68.4,2.5,149,83,242,,True,-1.7
893,32.937232,-117.139247,2516.2,68.2,2.5,150,83,241,,True,-1.8
894,32.937229,-117.139227,2518.2,68.2,2.42,150,82,238,,True,-1.8
895,32.937226,-117.139201,2520.5,68.2,2.36,150,81,239,,True,0.0
896,32.937221,-117.139174,2522.8,68.2,2.26,150,81,234,,True,1.7
897,32.937215,-117.139154,2525.0,68.2,2.28,150,81,234,,True,1.6
898,32.937206,-117.139127,2527.4,68.2,2.24,150,83,233,,True,1.9
899,32.937196,-117.139101,2529.8,68.4,2.32,150,82,232,,True,1.8
900,32.937188,-117.139074,2533.2,68.4,2.54,150,82,233,,True,0.0
901,32.937173,-117.139043,2536.3,68.4,2.7,150,82,232,,True,-1.7
902,32.937159,-117.139026,2538.5,68.2,2.7,150,82,235,,True,-1.9
903,32.937146,-117.139004,2541.6,68.2,2.84,150,82,237,,True,-1.7
904,32.937127,-117.138987,2543.8,68.2,2.8,150,82,238,,True,0.0
905,32.937113,-117.138977,2545.8,68.2,2.52,150,82,239,,True,0.0
906,32.937092,-117.13896,2548.1,68.2,2.36,150,82,237,,True,0.0
907,32.937072,-117.138945,2550.6,68.2,2.42,151,82,234,,True,0.0
908,32.937054,-117.138929,2553.0,68.2,2.28,151,82,233,,True,0.0
909,32.937035,-117.138896,2556.2,68.2,2.48,151,82,232,,True,0.0
910,32.937025,-117.138871,2558.9,68.2,2.62,151,83,232,,True,0.0
911,32.93702,-117.138835,2562.5,68.2,2.88,151,83,234,,True,0.0
912,32.937019,-117.138803,2565.1,68.2,2.9,151,83,233,,True,0.0
913,32.937017,-117.138776,2568.2,68.2,3.04,151,83,238,,True,0.0
914,32.937016,-117.138743,2570.7,68.2,2.9,151,83,239,,True,1.7
915,32.937018,-117.138712,2573.9,68.2,3.0,151,82,240,,True,1.8
916,32.937022,-117.138686,2576.6,68.4,2.82,151,82,241,,True,1.8
917,32.937025,-117.138654,2579.4,68.4,2.86,151,82,241,,True,1.9
918,32.937026,-117.138632,2581.7,68.4,2.7,151,82,243,,True,0.0
919,32.937026,-117.138597,2584.7,68.4,2.8,151,82,243,,True,0.0
920,32.937026,-117.138568,2587.2,68.4,2.66,151,82,244,,True,0.0
921,32.937023,-117.138536,2590.5,68.4,2.78,151,82,242,,True,0.0
922,32.937022,-117.138506,2593.1,68.4,2.74,151,82,244,,True,0.0
923,32.937013,-117.138486,2595.3,68.4,2.72,150,82,246,,True,0.0
924,32.936996,-117.138466,2597.8,68.4,2.62,150,82,246,,True,-1.7
925,32.936972,-117.138451,2600.3,68.4,2.62,150,82,245,,True,-1.5
926,32.936958,-117.138446,2602.0,68.4,2.3,150,82,242,,True,-1.9
927,32.936925,-117.138436,2605.2,68.2,2.42,150,82,240,,True,-3.4
928,32.936897,-117.138432,2608.4,68.2,2.62,150,82,238,,True,-1.6
929,32.93687,-117.13843,2611.9,68.0,2.82,151,82,238,,True,0.0
930,32.936843,-117.138421,2614.7,68.2,2.88,150,82,240,,True,1.8
931,32.936828,-117.138422,2616.6,68.2,2.92,150,84,242,,True,5.6
932,32.936797,-117.138407,2619.7,68.4,2.9,150,84,242,,True,5.5
933,32.936775,-117.138391,2622.7,68.6,2.86,150,85,242,,True,5.3
934,32.936762,-117.138365,2625.6,68.8,2.74,150,85,244,,True,5.3
935,32.936759,-117.138333,2628.0,68.8,2.66,150,84,248,,True,3.7
936,32.936753,-117.138307,2631.0,69.0,2.88,150,84,251,,True,1.9
937,32.936753,-117.138277,2633.5,69.0,2.76,150,84,254,,True,1.8
938,32.936755,-117.138247,2636.2,69.0,2.7,150,84,253,,True,-1.8
939,32.936754,-117.138221,2639.0,69.0,2.68,150,83,252,,True,-1.8
940,32.936759,-117.138182,2641.9,68.8,2.78,150,83,253,,True,-1.7
941,32.936761,-117.138157,2644.6,68.8,2.72,150,82,255,,True,-1.7
942,32.936764,-117.138123,2647.8,68.8,2.86,150,82,257,,True,0.0
943,32.936768,-117.138091,2650.8,68.8,2.92,150,82,257,,True,1.8
944,32.93677,-117.138069,2653.2,68.8,2.84,150,82,259,,True,1.9
945,32.936776,-117.138036,2655.9,69.0,2.8,150,83,259,,True,1.9
946,32.936779,-117.138012,2658.3,69.0,2.74,150,83,260,,True,1.8
947,32.936784,-117.137983,2661.5,69.0,2.74,149,83,260,,True,1.8
948,32.936798,-117.137954,2664.2,69.0,2.68,149,83,259,,True,1.7
949,32.936805,-117.137931,2666.8,69.2,2.72,149,83,259,,True,1.9
950,32.936812,-117.137901,2669.9,69.2,2.8,149,83,260,,True,0.0
951,32.936821,-117.13788,2671.9,69.2,2.72,148,82,259,,True,-1.9
952,32.936828,-117.137855,2674.5,69.0,2.6,147,82,260,,True,-2.0
953,32.936842,-117.137821,2677.5,69.0,2.66,147,82,260,,True,0.0
954,32.936844,-117.137798,2680.1,69.0,2.66,146,83,259,,True,2.0
955,32.936852,-117.137774,2682.3,69.2,2.48,146,83,259,,True,1.6
956,32.936863,-117.137747,2684.7,69.2,2.56,146,83,258,,True,1.9
957,32.936868,-117.137719,2687.4,69.2,2.58,146,83,258,,True,0.0
958,32.936879,-117.137688,2690.4,69.2,2.58,145,83,257,,True,0.0
959,32.936891,-117.137662,2693.3,69.2,2.64,146,83,256,,True,0.0
960,32.9369,-117.137641,2695.8,69.2,2.7,146,83,255,,True,-1.6
961,32.936909,-117.137617,2698.2,69.2,2.7,146,83,254,,True,0.0
962,32.936913,-117.137596,2700.1,69.2,2.54,146,83,254,,True,0.0
963,32.936917,-117.137569,2702.7,69.0,2.46,146,83,251,,True,0.0
964,32.936921,-117.137541,2705.1,69.2,2.36,146,83,248,,True,0.0
965,32.936921,-117.137517,2707.6,69.2,2.36,145,82,248,,True,1.9
966,32.936925,-117.137481,2710.8,69.2,2.52,145,82,247,,True,0.0
967,32.936925,-117.137455,2713.3,69.2,2.64,145,82,246,,True,0.0
968,32.936925,-117.137431,2715.7,69.2,2.6,145,82,245,,True,0.0
969,32.936928,-117.137397,2718.4,69.2,2.66,145,82,244,,True,0.0
970,32.936928,-117.137365,2722.0,69.2,2.88,145,82,242,,True,0.0
971,32.936931,-117.137333,2724.9,69.2,2.82,145,82,241,,True,0.0
972,32.936936,-117.137301,2727.6,69.2,2.86,144,82,243,,True,-1.8
973,32.93694,-117.137277,2730.5,69.2,2.96,144,82,244,,True,-1.9
974,32.936946,-117.137241,2733.4,69.0,3.0,144,82,243,,True,-1.9
975,32.936952,-117.137219,2735.7,69.0,2.74,144,83,242,,True,-1.9
976,32.936958,-117.137195,2738.2,69.0,2.66,144,83,241,,True,0.0
977,32.936972,-117.13716,2741.3,69.0,2.74,144,83,240,,True,0.0
978,32.936979,-117.137138,2743.8,69.0,2.66,144,83,240,,True,0.0
979,32.936991,-117.137109,2746.9,69.0,2.7,145,83,240,,True,0.0
980,32.937004,-117.137081,2749.7,69.0,2.8,144,82,240,,True,0.0
981,32.937015,-117.13706,2752.4,69.0,2.84,145,82,241,,True,1.9
982,32.93703,-117.137026,2755.7,69.0,2.88,145,82,240,,True,1.9
983,32.937038,-117.137012,2757.6,69.2,2.76,145,82,242,,True,1.9
984,32.937046,-117.136985,2760.1,69.2,2.64,145,82,240,,True,1.6
985,32.937058,-117.136957,2762.7,69.2,2.6,145,82,240,,True,0.0
986,32.937064,-117.136938,2764.9,69.2,2.5,146,83,240,,True,0.0
987,32.937082,-117.136909,2768.0,69.2,2.46,146,82,241,,True,0.0
988,32.937092,-117.136885,2770.6,69.2,2.6,146,81,240,,True,0.0
989,32.937098,-117.136864,2773.1,69.2,2.6,146,81,242,,True,0.0
990,32.93711,-117.136831,2775.7,69.2,2.6,146,81,244,,True,0.0
991,32.937114,-117.136811,2778.0,69.2,2.62,146,82,243,,True,0.0
992,32.937127,-117.136786,2781.1,69.2,2.62,147,82,243,,True,0.0
993,32.937139,-117.136761,2783.5,69.2,2.58,147,82,243,,True,0.0
994,32.937147,-117.136741,2785.5,69.2,2.48,147,82,242,,True,0.0
995,32.937163,-117.136706,2789.1,69.2,2.68,147,83,242,,True,0.0
996,32.937171,-117.136679,2792.0,69.2,2.8,147,82,242,,True,0.0
997,32.937175,-117.136658,2794.3,69.2,2.64,146,82,243,,True,0.0
998,32.937183,-117.136626,2796.8,69.2,2.66,146,82,246,,True,0.0
999,32.937192,-117.136607,2799.0,69.2,2.7,147,82,244,,True,0.0
1000,32.937199,-117.13658,2802.0,69.2,2.58,146,81,244,,True,0.0
1001,32.937207,-117.136545,2804.6,69.2,2.52,146,81,245,,True,0.0
1002,32.937208,-117.136529,2806.5,69.2,2.44,146,81,245,,True,0.0
1003,32.937221,-117.136494,2809.8,69.2,2.6,146,82,244,,True,-1.6
1004,32.93724,-117.136481,2812.2,69.2,2.64,146,82,242,,True,-1.9
1005,32.937258,-117.136475,2814.1,69.0,2.42,146,82,243,,True,-2.0
1006,32.937291,-117.136474,2817.3,69.0,2.54,146,82,243,,True,-2.0
1007,32.937315,-117.136471,2820.0,69.0,2.7,146,83,240,,True,0.0
1008,32.937332,-117.136464,2822.3,69.0,2.5,146,83,240,,True,-1.7
1009,32.937353,-117.13644,2825.1,69.0,2.58,146,83,240,,True,0.0
1010,32.937358,-117.136426,2826.7,68.8,2.52,146,81,241,,True,0.0
1011,32.937373,-117.136401,2829.0,68.8,2.34,146,82,240,,True,0.0
1012,32.937386,-117.136374,2831.8,69.0,2.36,146,82,237,,True,1.8
1013,32.937395,-117.136347,2834.5,69.0,2.44,146,82,234,,True,1.8
1014,32.937407,-117.136313,2837.8,69.0,2.54,146,83,234,,True,0.0
1015,32.937408,-117.13629,2840.4,69.0,2.74,146,83,234,,True,0.0
1016,32.93742,-117.136261,2843.0,69.0,2.8,146,83,234,,True,0.0
1017,32.93744,-117.136236,2846.0,69.0,2.84,146,83,234,,True,0.0
1018,32.937457,-117.136214,2849.0,69.0,2.9,146,83,235,,True,0.0
1019,32.937479,-117.136193,2852.2,69.0,2.88,147,82,238,,True,0.0
1020,32.937496,-117.136178,2854.8,69.0,2.88,147,82,237,,True,0.0
1021,32.937511,-117.136158,2857.3,69.0,2.86,147,82,238,,True,0.0
1022,32.93753,-117.136137,2860.1,69.0,2.82,147,82,237,,True,0.0
1023,32.937542,-117.136116,2862.5,69.0,2.7,147,83,236,,True,0.0
1024,32.937554,-117.136095,2864.9,69.0,2.54,147,82,236,,True,0.0
1025,32.937567,-117.136071,2867.3,69.0,2.5,147,82,237,,True,0.0
1026,32.937574,-117.136052,2869.5,69.0,2.44,147,82,237,,True,0.0
1027,32.937584,-117.136029,2871.8,69.0,2.34,147,82,236,,True,0.0
1028,32.93759,-117.136007,2873.9,69.0,2.28,148,82,236,,True,1.8
1029,32.937596,-117.135986,2875.9,69.0,2.2,148,82,234,,True,1.7
1030,32.937609,-117.13596,2878.3,69.0,2.2,148,82,234,,True,1.6
1031,32.937616,-117.135932,2880.9,69.2,2.28,148,82,234,,True,1.9
1032,32.937624,-117.135903,2883.8,69.2,2.4,148,82,234,,True,1.8
1033,32.937634,-117.135876,2886.5,69.2,2.52,148,82,232,,True,0.0
1034,32.93764,-117.135852,2889.2,69.2,2.66,147,83,232,,True,-1.8
1035,32.937654,-117.135826,2891.8,69.2,2.7,147,84,231,,True,-1.8
1036,32.937664,-117.1358,2894.7,69.0,2.76,148,84,231,,True,-1.7
1037,32.937676,-117.135777,2897.5,69.0,2.74,148,84,231,,True,-1.7
1038,32.937696,-117.135749,2900.7,69.0,2.84,148,82,236,,True,1.8
1039,32.937708,-117.135728,2903.6,69.0,2.88,148,82,237,,True,1.9
1040,32.937723,-117.135706,2906.1,69.2,2.86,148,82,237,,True,1.5
1041,32.937733,-117.135685,2908.1,69.2,2.68,148,82,237,,True,2.0
1042,32.937746,-117.135665,2910.5,69.2,2.6,147,82,238,,True,0.0
1043,32.937766,-117.135636,2913.7,69.2,2.6,147,81,237,,True,2.0
1044,32.937779,-117.135619,2916.1,69.2,2.5,147,81,239,,True,1.9
1045,32.937798,-117.135606,2918.3,69.4,2.44,148,81,240,,True,2.0
1046,32.937825,-117.135591,2920.9,69.4,2.56,148,82,239,,True,1.9
1047,32.937848,-117.135583,2923.9,69.4,2.68,148,82,239,,True,0.0
1048,32.93787,-117.135576,2926.6,69.4,2.58,148,81,240,,True,0.0
1049,32.937898,-117.135577,2929.3,69.4,2.64,148,81,242,,True,0.0
1050,32.937915,-117.135576,2931.2,69.4,2.58,149,81,245,,True,-1.7
1051,32.937935,-117.135583,2933.6,69.4,2.54,148,80,247,,True,-1.6
1052,32.937957,-117.135601,2935.9,69.4,2.4,148,80,244,,True,-1.9
1053,32.937969,-117.135624,2938.5,69.2,2.38,149,80,244,,True,-3.5
1054,32.937975,-117.13566,2941.7,69.2,2.48,149,80,245,,True,-3.2
1055,32.937989,-117.13569,2944.9,69.0,2.74,149,82,244,,True,0.0
1056,32.938004,-117.135724,2948.5,69.0,2.98,148,82,245,,True,0.0
1057,32.938021,-117.135749,2951.8,69.2,3.18,149,82,247,,True,1.6
1058,32.938039,-117.135752,2954.2,69.2,3.14,149,83,248,,True,3.7
1059,32.938068,-117.135763,2957.1,69.2,3.08,149,84,250,,True,-1.6
1060,32.938086,-117.135769,2959.4,69.4,2.9,148,84,249,,True,-1.9
1061,32.938105,-117.13578,2961.5,69.2,2.6,149,84,246,,True,-4.0
1062,32.938134,-117.135794,2964.5,69.0,2.54,149,84,242,,True,-7.2
1063,32.938158,-117.135803,2967.2,68.8,2.6,148,84,238,,True,-5.2
1064,32.938184,-117.135825,2970.5,68.6,2.68,148,84,238,,True,-5.2
1065,32.938202,-117.135839,2973.1,68.6,2.74,147,84,238,,True,-3.6
1066,32.938217,-117.135863,2976.1,68.4,2.92,147,85,239,,True,0.0
1067,32.938231,-117.135885,2978.4,68.4,2.78,147,85,238,,True,0.0
1068,32.938244,-117.135895,2980.5,68.6,2.66,148,84,239,,True,3.8
1069,32.938268,-117.135908,2982.8,68.6,2.46,148,83,239,,True,2.3
1070,32.938284,-117.13592,2984.5,68.6,2.28,148,83,238,,True,2.0
1071,32.938295,-117.13592,2986.7,68.8,2.12,148,83,236,,True,0.0
1072,32.938299,-117.135908,2987.1,68.6,1.74,148,83,233,,False,0.0
1073,32.938307,-117.135894,2988.5,68.6,1.6,148,83,231,,True,1.8
1074,32.938319,-117.135877,2990.5,68.6,1.54,148,83,230,,True,0.0
1075,32.938331,-117.135847,2993.6,68.6,1.82,149,79,220,,True,2.0
1076,32.938341,-117.135829,2995.7,68.8,1.8,149,75,221,,True,1.9
1077,32.93836,-117.135804,2998.7,68.8,2.32,149,75,219,,True,2.0
1078,32.938379,-117.135797,3001.1,68.8,2.52,149,75,231,,True,0.0
1079,32.938406,-117.135795,3003.8,68.8,2.66,148,75,227,,True,0.0
1080,32.93843,-117.1358,3006.3,68.8,2.54,149,83,226,,True,0.0
1081,32.93845,-117.135795,3009.0,68.8,2.66,148,83,227,,True,2.0
1082,32.938478,-117.135782,3012.1,68.8,2.68,148,83,225,,True,1.9
1083,32.938492,-117.135773,3013.9,69.0,2.56,148,83,234,,True,3.5
1084,32.938516,-117.135756,3017.1,69.0,2.66,148,83,234,,True,3.8
1085,32.938541,-117.135738,3020.3,69.2,2.8,148,82,241,,True,1.7
1086,32.938553,-117.135722,3022.5,69.2,2.7,148,82,243,,True,3.8
1087,32.938576,-117.13571,3025.4,69.2,2.66,148,82,242,,True,1.7
1088,32.938592,-117.135697,3027.5,69.4,2.72,147,81,245,,True,1.7
1089,32.938609,-117.13568,3029.6,69.4,2.5,147,81,238,,True,1.7
1090,32.938634,-117.135671,3032.4,69.4,2.42,147,81,235,,True,0.0
1091,32.938653,-117.135662,3034.5,69.4,2.4,147,81,235,,True,0.0
1092,32.938675,-117.135656,3036.9,69.4,2.3,147,81,230,,True,1.5
1093,32.938707,-117.13566,3039.4,69.4,2.38,147,81,232,,True,1.8
1094,32.938728,-117.135658,3042.1,69.4,2.5,147,81,234,,True,1.7
1095,32.93876,-117.135658,3045.9,69.6,2.7,147,81,238,,True,3.4
1096,32.938788,-117.135677,3048.9,69.6,2.88,147,82,244,,True,3.3
1097,32.9388,-117.135692,3051.3,69.8,2.88,147,82,273,,True,0.0
1098,32.938821,-117.135713,3054.3,69.8,2.98,147,82,273,,True,-1.7
1099,32.938844,-117.135753,3058.1,69.6,3.2,147,82,267,,True,-4.6
1100,32.938857,-117.135775,3060.9,69.4,3.0,147,82,264,,True,-7.8
1101,32.938876,-117.135809,3064.4,69.2,3.1,148,81,270,,True,-6.4
1102,32.938892,-117.135828,3067.2,68.8,3.18,147,81,273,,True,-4.8
1103,32.938911,-117.135855,3070.6,68.8,3.26,147,81,270,,True,-3.4
1104,32.938929,-117.135884,3073.5,68.8,3.08,148,82,271,,True,0.0
1105,32.938943,-117.135903,3076.1,68.8,3.04,148,82,263,,True,1.8
1106,32.938952,-117.135933,3079.1,68.8,2.94,148,82,262,,True,1.8
1107,32.938957,-117.135963,3081.7,69.0,2.9,147,82,259,,True,1.8
1108,32.938963,-117.135988,3084.5,69.0,2.78,147,83,257,,True,1.9
1109,32.938965,-117.136021,3087.2,69.0,2.74,147,83,256,,True,0.0
1110,32.938967,-117.136044,3089.4,69.0,2.66,148,83,256,,True,0.0
1111,32.938967,-117.136074,3092.1,69.0,2.6,147,82,256,,True,0.0
1112,32.938961,-117.136105,3094.7,69.0,2.6,147,82,252,,True,0.0
1113,32.938963,-117.136133,3097.6,69.0,2.62,147,82,251,,True,1.8
1114,32.938954,-117.136165,3100.5,69.0,2.66,148,82,251,,True,1.8
1115,32.93896,-117.136193,3103.3,69.2,2.78,148,83,251,,True,0.0
1116,32.93896,-117.136221,3106.0,69.2,2.78,148,84,250,,True,0.0
1117,32.938962,-117.136256,3109.1,69.0,2.88,148,84,250,,True,-1.8
1118,32.938968,-117.136277,3111.4,69.0,2.76,148,84,251,,True,-1.8
1119,32.938981,-117.136306,3114.3,69.0,2.76,149,82,252,,True,0.0
1120,32.938995,-117.136333,3117.3,69.0,2.8,149,82,251,,True,0.0
1121,32.939008,-117.136356,3119.9,69.0,2.78,149,82,251,,True,-1.7
1122,32.939027,-117.136387,3123.1,69.0,2.8,149,82,250,,True,-1.7
1123,32.93904,-117.136409,3126.0,68.8,2.92,149,82,251,,True,-1.6
1124,32.939056,-117.136435,3128.9,68.8,2.92,149,83,251,,True,-1.7
1125,32.939061,-117.136472,3132.3,68.8,3.0,149,83,252,,True,0.0
1126,32.939062,-117.136498,3134.9,68.8,3.0,150,83,252,,True,-1.7
1127,32.939066,-117.136532,3137.9,68.8,2.96,150,83,252,,True,-1.8
1128,32.93907,-117.136563,3140.8,68.6,2.96,151,82,252,,True,-1.8
1129,32.939078,-117.136584,3143.6,68.6,2.94,151,82,254,,True,-1.9
1130,32.939089,-117.136615,3146.1,68.6,2.76,152,82,254,,True,0.0
1131,32.939098,-117.136639,3148.6,68.6,2.74,152,82,253,,True,0.0
1132,32.939112,-117.136659,3151.0,68.6,2.62,152,82,252,,True,2.0
1133,32.939134,-117.13668,3153.7,68.6,2.58,152,82,252,,True,0.0
1134,32.939152,-117.136693,3156.1,68.8,2.5,153,82,252,,True,0.0
1135,32.93917,-117.136708,3158.4,68.6,2.46,153,82,252,,True,0.0
1136,32.939192,-117.136731,3161.4,68.6,2.56,152,82,250,,True,-3.5
1137,32.939204,-117.136756,3164.6,68.6,2.72,152,82,250,,True,-1.7
1138,32.939208,-117.136794,3167.6,68.4,2.78,152,82,249,,True,-1.7
1139,32.939221,-117.13682,3170.2,68.4,2.82,152,82,250,,True,-1.8
1140,32.939234,-117.136846,3173.4,68.4,3.0,152,82,251,,True,0.0
1141,32.939261,-117.136863,3176.0,68.4,2.92,153,82,252,,True,1.6
1142,32.939285,-117.136859,3178.7,68.4,2.82,152,82,252,,True,3.3
1143,32.939321,-117.136859,3182.9,68.6,3.06,152,82,251,,True,2.8
1144,32.939347,-117.13686,3185.5,68.8,3.06,152,82,251,,True,2.7
1145,32.939382,-117.136858,3190.2,68.8,3.36,152,82,251,,True,3.0
1146,32.939418,-117.136862,3193.5,68.8,3.5,151,82,252,,True,1.4
1147,32.93944,-117.136858,3196.4,69.0,3.54,150,82,252,,True,3.1
1148,32.939474,-117.13686,3200.3,69.0,3.48,149,83,258,,True,3.0
1149,32.939504,-117.13686,3203.0,69.2,3.5,149,83,259,,True,1.5
1150,32.939531,-117.136854,3207.0,69.2,3.36,149,83,262,,True,1.6
1151,32.939564,-117.136852,3210.0,69.2,3.3,148,83,264,,True,0.0
1152,32.939587,-117.136847,3212.7,69.2,3.26,148,83,267,,True,-1.6
1153,32.93962,-117.136846,3216.8,69.2,3.3,149,83,269,,True,-1.6
1154,32.939647,-117.136848,3219.4,69.0,3.28,149,83,272,,True,-1.6
1155,32.939667,-117.136845,3222.4,69.0,3.08,149,83,268,,True,-1.9
1156,32.939696,-117.136833,3225.1,69.0,3.02,150,83,271,,True,0.0
1157,32.939713,-117.136821,3227.5,69.0,2.96,150,83,270,,True,0.0
1158,32.939738,-117.136808,3230.5,69.0,2.74,150,84,269,,True,0.0
1159,32.93976,-117.136794,3232.9,69.0,2.7,150,84,264,,True,0.0
1160,32.93978,-117.13678,3235.9,69.0,2.7,151,84,259,,True,-1.8
1161,32.939809,-117.136767,3239.0,69.0,2.78,150,84,263,,True,-1.7
1162,32.939829,-117.136754,3241.9,68.8,2.88,151,84,264,,True,-1.7
1163,32.939853,-117.136739,3245.0,68.8,2.9,151,84,269,,True,-1.6
1164,32.939884,-117.136728,3248.0,68.8,3.02,151,84,271,,True,0.0
1165,32.939905,-117.136712,3251.2,68.8,3.06,151,84,271,,True,-1.6
1166,32.939933,-117.136689,3254.5,68.8,3.1,152,83,271,,True,-1.6
1167,32.939952,-117.13667,3257.5,68.6,3.12,152,83,277,,True,-1.6
1168,32.939977,-117.136648,3260.6,68.6,3.12,152,83,277,,True,-1.7
1169,32.939997,-117.136629,3263.7,68.6,3.14,151,84,277,,True,0.0
1170,32.940012,-117.136614,3266.1,68.6,2.98,151,84,274,,True,0.0
1171,32.94004,-117.136594,3269.2,68.6,2.94,151,84,271,,True,1.8
1172,32.940053,-117.136578,3271.8,68.6,2.86,151,85,262,,True,1.8
1173,32.940077,-117.136561,3274.7,68.8,2.82,151,85,256,,True,1.9
1174,32.940097,-117.136544,3277.4,68.8,2.74,151,85,259,,True,3.8
1175,32.94011,-117.136527,3279.7,68.8,2.72,151,85,256,,True,1.6
1176,32.940128,-117.136503,3282.4,69.0,2.64,151,84,256,,True,1.7
1177,32.940142,-117.136488,3284.5,69.0,2.54,151,84,251,,True,1.6
1178,32.940171,-117.13649,3287.0,69.0,2.46,151,84,252,,True,0.0
1179,32.940191,-117.1365,3289.4,69.0,2.4,150,84,250,,True,0.0
1180,32.940212,-117.136531,3292.6,69.0,2.58,150,84,251,,True,0.0
1181,32.940231,-117.136558,3295.7,69.0,2.66,150,86,251,,True,1.5
1182,32.94025,-117.136587,3299.7,69.0,3.04,150,86,252,,True,1.5
1183,32.940267,-117.136622,3303.1,69.2,3.22,149,86,259,,True,1.5
1184,32.940282,-117.136641,3305.9,69.2,3.3,149,83,267,,True,1.6
1185,32.940291,-117.136675,3309.2,69.2,3.32,149,82,275,,True,1.7
1186,32.940299,-117.136709,3312.3,69.2,3.32,149,82,275,,True,1.7
1187,32.940305,-117.136732,3314.9,69.4,3.04,148,82,283,,True,1.8
1188,32.940305,-117.13677,3318.0,69.4,2.98,149,82,282,,True,0.0
1189,32.940302,-117.136791,3320.3,69.4,2.88,149,82,281,,True,-1.8
1190,32.940305,-117.136819,3323.1,69.2,2.78,149,83,280,,True,0.0
1191,32.940305,-117.136855,3325.9,69.2,2.72,149,83,275,,True,0.0
1192,32.940311,-117.136875,3328.4,69.4,2.7,149,83,276,,True,3.6
1193,32.94031,-117.136908,3331.3,69.4,2.66,149,83,278,,True,3.7
1194,32.94031,-117.136938,3334.1,69.6,2.76,149,83,276,,True,1.8
1195,32.940315,-117.136961,3336.7,69.6,2.72,150,83,277,,True,1.8
1196,32.940312,-117.136998,3339.5,69.6,2.72,150,83,278,,True,0.0
1197,32.940317,-117.137023,3342.2,69.6,2.76,150,82,278,,True,0.0
1198,32.940313,-117.137049,3344.9,69.6,2.72,149,82,278,,True,0.0
1199,32.940309,-117.137082,3347.7,69.6,2.72,149,82,278,,True,1.8
1200,32.940309,-117.137103,3349.9,69.6,2.64,149,82,277,,True,1.9
1201,32.940302,-117.137139,3353.1,69.8,2.72,148,83,276,,True,1.9
1202,32.940298,-117.137166,3355.6,69.8,2.68,148,82,275,,True,1.7
1203,32.940299,-117.137191,3358.3,69.8,2.68,148,82,275,,True,1.9
1204,32.940298,-117.13723,3361.6,69.8,2.78,148,82,275,,True,1.8
1205,32.940294,-117.137254,3363.9,70.0,2.8,149,82,274,,True,1.8
1206,32.940294,-117.13728,3366.7,70.0,2.72,149,82,274,,True,4.0
1207,32.940293,-117.137317,3369.5,70.0,2.78,149,82,275,,True,1.9
1208,32.940296,-117.137335,3371.6,70.2,2.66,149,82,276,,True,3.3
1209,32.940293,-117.137363,3374.4,70.2,2.56,149,82,277,,True,4.9
1210,32.940287,-117.137387,3376.5,70.4,2.52,149,82,275,,True,3.9
1211,32.94029,-117.137409,3378.7,70.4,2.4,149,81,277,,True,5.0
1212,32.940288,-117.137446,3381.8,70.6,2.46,149,81,278,,True,3.4
1213,32.940285,-117.13747,3384.2,70.6,2.52,149,81,278,,True,5.0
1214,32.940284,-117.137491,3386.4,70.8,2.4,149,82,277,,True,3.4
1215,32.940275,-117.137515,3388.4,70.8,2.38,150,82,278,,True,5.2
1216,32.940275,-117.137536,3390.6,71.0,2.38,150,82,280,,True,3.4
1217,32.940272,-117.137568,3393.6,71.0,2.36,151,82,284,,True,3.3
1218,32.940266,-117.137591,3395.7,71.2,2.3,151,82,285,,True,2.0
1219,32.940266,-117.137613,3398.0,71.2,2.32,151,82,289,,True,3.3
1220,32.94026,-117.137646,3400.7,71.2,2.46,151,82,289,,True,1.6
1221,32.940258,-117.137665,3402.8,71.2,2.44,152,83,291,,True,2.0
1222,32.940251,-117.13769,3405.6,71.4,2.4,152,82,293,,True,3.4
1223,32.940244,-117.137718,3408.0,71.4,2.46,152,82,294,,True,5.0
1224,32.940244,-117.137737,3409.9,71.6,2.38,152,82,297,,True,3.4
1225,32.94024,-117.137767,3412.5,71.6,2.36,152,82,296,,True,3.4
1226,32.94023,-117.137791,3414.9,71.8,2.42,152,82,292,,True,2.0
1227,32.940229,-117.137814,3417.3,71.8,2.34,152,81,290,,True,1.6
1228,32.940228,-117.137849,3419.9,71.8,2.38,152,81,287,,True,0.0
1229,32.940223,-117.13787,3422.4,71.8,2.5,153,81,285,,True,1.8
1230,32.940219,-117.137899,3425.3,71.8,2.56,153,83,284,,True,3.7
1231,32.940212,-117.137934,3428.4,72.0,2.7,152,82,284,,True,3.7
1232,32.940215,-117.137953,3430.6,72.2,2.66,152,82,284,,True,4.0
1233,32.940209,-117.137984,3433.3,72.2,2.68,152,82,283,,True,3.3
1234,32.940207,-117.138007,3435.4,72.2,2.6,152,82,281,,True,1.7
1235,32.940206,-117.138028,3437.7,72.4,2.48,152,82,282,,True,3.4
1236,32.940206,-117.138063,3440.5,72.4,2.42,152,82,278,,True,3.2
1237,32.940201,-117.138082,3442.7,72.4,2.42,152,82,276,,True,2.0
1238,32.940198,-117.138106,3444.9,72.6,2.32,152,82,276,,True,3.1
1239,32.940189,-117.138139,3447.8,72.6,2.48,153,81,277,,True,3.8
1240,32.940191,-117.138162,3450.1,72.6,2.48,153,81,279,,True,1.8
1241,32.940187,-117.138196,3453.2,72.8,2.54,154,81,278,,True,1.9
1242,32.940185,-117.138223,3455.8,72.8,2.62,154,82,275,,True,1.9
1243,32.940185,-117.138247,3458.4,72.8,2.7,154,82,275,,True,0.0
1244,32.940181,-117.138277,3460.8,72.8,2.6,153,82,277,,True,0.0
1245,32.940179,-117.1383,3463.2,72.8,2.62,153,82,274,,True,0.0
1246,32.940175,-117.138325,3465.6,72.8,2.48,153,82,269,,True,0.0
1247,32.940168,-117.138358,3468.5,72.8,2.54,153,82,263,,True,0.0
1248,32.94017,-117.138375,3470.6,72.8,2.44,153,82,261,,True,0.0
1249,32.940166,-117.1384,3472.6,72.8,2.36,153,82,259,,True,0.0
1250,32.940158,-117.138426,3475.1,72.8,2.38,153,82,252,,True,0.0
1251,32.940157,-117.138448,3477.3,72.8,2.34,153,82,249,,True,0.0
1252,32.940152,-117.13848,3480.0,72.8,2.3,153,82,247,,True,-2.0
1253,32.940148,-117.138507,3482.8,72.8,2.44,153,82,240,,True,-1.8
1254,32.940146,-117.138532,3485.3,72.6,2.54,153,81,238,,True,-1.9
1255,32.940143,-117.138569,3488.2,72.6,2.62,153,81,236,,True,-1.9
1256,32.940144,-117.138591,3490.7,72.6,2.68,153,81,235,,True,0.0
1257,32.940138,-117.138618,3493.3,72.6,2.66,153,82,234,,True,0.0
1258,32.940132,-117.13865,3496.3,72.6,2.7,152,82,232,,True,0.0
1259,32.940134,-117.138673,3498.5,72.6,2.64,152,81,231,,True,0.0
1260,32.940127,-117.138707,3501.5,72.6,2.66,152,81,231,,True,-1.9
1261,32.94012,-117.138732,3504.2,72.6,2.7,152,81,231,,True,-1.8
1262,32.940118,-117.138755,3506.6,72.4,2.66,152,82,230,,True,-3.8
1263,32.940114,-117.138791,3509.5,72.4,2.64,151,82,229,,True,-3.9
1264,32.940113,-117.138813,3511.9,72.2,2.68,151,82,229,,True,-1.9
1265,32.94011,-117.138838,3514.4,72.2,2.58,150,82,228,,True,-1.6
1266,32.940105,-117.138872,3517.2,72.2,2.6,150,82,228,,True,0.0
1267,32.940108,-117.138894,3519.4,72.2,2.56,150,82,228,,True,1.9
1268,32.940102,-117.138923,3522.0,72.2,2.5,149,82,228,,True,1.9
1269,32.940096,-117.138953,3524.8,72.4,2.58,149,82,226,,True,1.8
1270,32.940095,-117.138979,3527.5,72.4,2.62,149,81,226,,True,1.7
1271,32.94009,-117.139019,3530.7,72.4,2.7,148,81,227,,True,0.0
1272,32.940093,-117.139045,3533.6,72.4,2.84,148,81,227,,True,1.7
1273,32.940095,-117.13907,3536.2,72.4,2.84,148,81,230,,True,1.9
1274,32.940095,-117.139108,3539.3,72.6,2.9,148,82,230,,True,3.2
1275,32.940099,-117.139123,3541.2,72.6,2.74,148,81,232,,True,3.1
1276,32.940099,-117.13915,3543.3,72.6,2.52,148,81,232,,True,3.2
1277,32.940095,-117.13918,3546.0,72.8,2.48,147,81,230,,True,3.8
1278,32.940098,-117.139207,3548.9,72.8,2.54,148,82,230,,True,5.5
1279,32.940092,-117.13924,3551.8,73.0,2.5,148,82,232,,True,5.5
1280,32.940094,-117.139265,3554.2,73.2,2.6,148,82,234,,True,7.6
1281,32.940092,-117.139295,3557.0,73.4,2.74,148,83,237,,True,7.8
1282,32.940083,-117.139322,3559.4,73.6,2.68,148,83,240,,True,7.2
1283,32.940079,-117.139347,3562.1,73.8,2.64,148,83,244,,True,5.8
1284,32.940069,-117.139379,3565.3,74.0,2.7,148,83,248,,True,5.9
1285,32.940053,-117.139393,3567.4,74.0,2.64,148,83,250,,True,5.9
1286,32.940043,-117.13941,3569.5,74.2,2.5,148,82,253,,True,7.0
1287,32.940027,-117.13944,3572.3,74.4,2.58,148,82,257,,True,10.5
1288,32.940015,-117.139458,3574.6,74.6,2.5,149,82,261,,True,11.2
1289,32.940006,-117.139474,3576.8,74.8,2.3,149,82,274,,True,12.1
1290,32.939993,-117.139495,3578.8,75.2,2.28,150,82,286,,True,11.7
1291,32.939995,-117.13951,3580.2,75.4,2.14,150,81,294,,True,11.8
1292,32.939988,-117.139527,3582.2,75.6,1.98,150,81,302,,True,9.6
1293,32.939971,-117.139549,3584.3,75.8,1.94,150,81,312,,True,7.1
1294,32.939968,-117.139568,3586.5,76.0,1.94,151,81,320,,True,5.1
1295,32.939955,-117.139598,3589.3,76.0,2.1,151,81,324,,True,1.6
1296,32.939944,-117.139616,3591.5,76.2,2.26,152,81,321,,True,0.0
1297,32.939937,-117.139639,3593.9,76.2,2.34,152,81,318,,True,-1.9
1298,32.939923,-117.139676,3597.1,76.0,2.56,152,81,316,,True,-3.6
1299,32.939918,-117.139698,3599.7,75.8,2.64,152,82,311,,True,-5.1
1300,32.939904,-117.139726,3602.7,75.8,2.68,152,82,304,,True,-3.4
1301,32.939883,-117.139751,3605.7,75.6,2.84,152,82,295,,True,-3.3
1302,32.939871,-117.139775,3608.8,75.6,2.98,152,82,288,,True,-3.4
1303,32.939857,-117.13981,3611.9,75.4,2.96,152,83,281,,True,-3.3
1304,32.939849,-117.139834,3614.6,75.4,2.98,152,83,273,,True,-3.3
1305,32.939844,-117.139867,3617.7,75.2,3.0,151,83,267,,True,-3.3
1306,32.939838,-117.139903,3620.9,75.2,3.04,151,83,256,,True,-4.7
1307,32.939836,-117.139932,3623.9,75.0,3.02,150,83,250,,True,-4.6
1308,32.939824,-117.139974,3627.5,74.8,3.12,150,83,244,,True,-6.1
1309,32.939812,-117.140003,3630.8,74.6,3.24,150,83,235,,True,-5.9
1310,32.939794,-117.14003,3634.0,74.4,3.26,150,83,252,,True,-4.6
1311,32.939762,-117.140047,3637.5,74.2,3.32,150,83,260,,True,-4.4
1312,32.939741,-117.140059,3640.5,74.2,3.32,150,83,271,,True,-4.3
1313,32.939704,-117.140076,3644.4,74.0,3.38,150,83,269,,True,-4.5
1314,32.939677,-117.140086,3647.8,73.8,3.4,150,83,281,,True,-5.8
1315,32.939652,-117.140094,3650.9,73.6,3.38,150,83,279,,True,-6.3
1316,32.939619,-117.140099,3654.2,73.4,3.34,150,83,272,,True,-6.3
1317,32.939596,-117.1401,3657.0,73.2,3.3,151,83,256,,True,-6.3
1318,32.939566,-117.140107,3660.4,73.0,3.2,151,83,240,,True,-6.4
1319,32.939536,-117.140117,3663.6,72.8,3.16,151,83,236,,True,-6.0
1320,32.939512,-117.140129,3666.7,72.6,3.16,151,82,233,,True,-4.8
1321,32.939477,-117.140144,3670.3,72.4,3.22,151,82,232,,True,-4.8
1322,32.939458,-117.140153,3673.0,72.4,3.2,151,82,230,,True,-6.2
1323,32.939433,-117.140165,3676.2,72.2,3.16,151,82,225,,True,-8.0
1324,32.939399,-117.140179,3679.6,71.8,3.2,151,83,221,,True,-9.2
1325,32.93938,-117.140194,3682.8,71.4,3.22,151,83,218,,True,-10.7
1326,32.93935,-117.140203,3686.1,71.2,3.16,151,83,219,,True,-9.3
1327,32.939322,-117.140213,3689.3,70.8,3.26,151,82,216,,True,-7.4
1328,32.939297,-117.140223,3692.5,70.6,3.26,151,82,215,,True,-7.3
1329,32.939259,-117.140228,3696.4,70.4,3.36,151,82,212,,True,-5.7
1330,32.93923,-117.140235,3699.8,70.2,3.4,151,83,211,,True,-5.7
1331,32.939198,-117.140242,3703.4,70.0,3.46,150,83,217,,True,-6.2
1332,32.939167,-117.140249,3706.6,69.8,3.46,150,84,217,,True,-6.2
1333,32.939147,-117.140263,3709.4,69.6,3.38,150,84,218,,True,-6.8
1334,32.939126,-117.140297,3712.7,69.4,3.26,149,84,220,,True,-7.3
1335,32.939118,-117.140322,3715.1,69.2,3.06,149,83,218,,True,-6.9
1336,32.939112,-117.140348,3717.6,69.0,2.84,149,83,215,,True,-7.1
1337,32.939108,-117.140388,3721.0,68.8,2.88,149,83,207,,True,-7.7
1338,32.939109,-117.140419,3724.0,68.6,2.92,149,82,209,,True,-5.8
1339,32.939107,-117.140468,3728.1,68.2,3.08,148,82,215,,True,-5.9
1340,32.939111,-117.140496,3731.4,68.2,3.26,148,83,217,,True,-4.3
1341,32.939112,-117.140531,3734.6,68.0,3.4,148,83,221,,True,-1.6
1342,32.939113,-117.140568,3737.9,68.0,3.38,148,84,225,,True,-1.5
1343,32.939117,-117.140595,3740.9,68.0,3.38,147,85,227,,True,-1.6
1344,32.939118,-117.140641,3744.5,68.0,3.28,148,85,232,,True,-1.6
1345,32.939113,-117.140668,3747.3,67.8,3.18,148,85,235,,True,-1.5
1346,32.939112,-117.140704,3750.7,67.8,3.22,148,84,238,,True,-1.5
1347,32.939108,-117.140747,3754.3,67.8,3.28,148,83,242,,True,0.0
1348,32.939112,-117.140778,3757.8,67.8,3.38,149,83,248,,True,0.0
1349,32.93911,-117.140822,3761.6,67.8,3.42,149,83,253,,True,0.0
1350,32.939107,-117.140848,3764.4,67.8,3.42,149,83,258,,True,0.0
1351,32.939107,-117.140882,3767.8,67.8,3.42,149,84,261,,True,0.0
1352,32.939107,-117.140921,3771.0,67.8,3.34,150,84,265,,True,0.0
1353,32.939114,-117.140946,3773.7,67.8,3.18,150,84,268,,True,0.0
1354,32.939113,-117.140985,3777.0,67.8,3.08,150,84,270,,True,0.0
1355,32.939113,-117.141016,3780.1,67.8,3.14,150,84,270,,True,0.0
1356,32.939112,-117.141041,3782.7,67.8,2.98,149,83,274,,True,1.8
1357,32.939108,-117.141078,3785.8,67.8,2.96,149,83,277,,True,1.8
1358,32.939106,-117.141101,3788.1,68.0,2.88,149,83,280,,True,1.8
1359,32.939099,-117.141134,3791.3,68.0,2.86,150,83,283,,True,1.9
1360,32.939095,-117.141161,3793.8,68.0,2.74,150,83,283,,True,0.0
1361,32.939094,-117.141189,3796.6,68.0,2.78,149,84,282,,True,0.0
1362,32.939094,-117.141229,3799.7,68.0,2.78,149,84,280,,True,-1.6
1363,32.939101,-117.141254,3802.6,68.0,2.9,149,84,281,,True,-1.6
1364,32.939098,-117.141293,3806.1,67.8,2.96,150,83,281,,True,0.0
1365,32.939094,-117.141323,3809.0,67.8,3.04,149,83,282,,True,0.0
1366,32.939093,-117.141352,3812.1,68.0,3.1,149,83,282,,True,1.9
1367,32.939087,-117.141387,3815.0,68.0,3.06,149,84,282,,True,1.9
1368,32.939092,-117.141405,3816.8,68.0,2.84,149,84,284,,True,0.0
1369,32.939092,-117.141436,3819.8,68.0,2.74,149,83,284,,True,0.0
1370,32.939088,-117.141466,3822.4,68.0,2.68,150,83,285,,True,0.0
1371,32.93909,-117.141493,3825.1,68.0,2.6,150,83,285,,True,0.0
1372,32.939089,-117.141532,3828.4,68.0,2.68,151,83,284,,True,1.8
1373,32.939092,-117.141555,3830.7,68.0,2.78,152,83,284,,True,1.7
1374,32.939091,-117.141586,3833.7,68.2,2.78,152,83,285,,True,1.8
1375,32.93909,-117.141621,3836.6,68.2,2.84,153,83,283,,True,1.6
1376,32.939093,-117.141648,3839.6,68.2,2.9,153,84,282,,True,-1.6
1377,32.939095,-117.141692,3843.1,68.2,2.94,154,84,281,,True,-1.6
1378,32.939096,-117.141719,3845.9,68.0,3.04,153,84,280,,True,-1.6
1379,32.939095,-117.141753,3849.3,68.0,3.12,153,84,280,,True,-3.3
1380,32.939089,-117.141791,3852.5,68.0,3.18,153,83,281,,True,-1.6
1381,32.939088,-117.141818,3855.4,67.8,3.16,153,82,281,,True,-1.6
1382,32.939079,-117.141851,3858.2,67.8,3.02,153,82,280,,True,-1.7
1383,32.939066,-117.141883,3861.5,67.8,3.12,152,82,279,,True,0.0
1384,32.939056,-117.141911,3864.4,67.8,3.02,152,81,280,,True,0.0
1385,32.939032,-117.141939,3867.6,67.8,3.02,152,81,280,,True,0.0
1386,32.939008,-117.141959,3870.9,67.8,3.1,152,81,278,,True,0.0
1387,32.938984,-117.141972,3874.0,67.8,3.16,152,82,276,,True,0.0
1388,32.938953,-117.141979,3877.3,67.8,3.16,153,82,273,,True,0.0
1389,32.938926,-117.141987,3880.5,67.8,3.22,153,82,275,,True,0.0
1390,32.938893,-117.141982,3883.9,67.8,3.26,153,82,275,,True,-1.5
1391,32.938865,-117.141988,3887.1,67.8,3.24,153,82,275,,True,-1.5
1392,32.938837,-117.141983,3890.5,67.6,3.3,153,84,271,,True,-1.5
1393,32.938803,-117.141973,3894.1,67.6,3.36,153,84,271,,True,-3.1
1394,32.93878,-117.141969,3896.9,67.6,3.28,153,84,272,,True,-1.6
1395,32.938748,-117.141963,3900.1,67.4,3.24,153,83,274,,True,-1.7
1396,32.938722,-117.141963,3903.0,67.4,3.18,153,83,273,,True,-1.6
1397,32.9387,-117.141959,3906.1,67.4,3.12,153,83,272,,True,0.0
1398,32.938667,-117.141958,3909.4,67.4,3.06,153,83,272,,True,0.0
1399,32.938643,-117.14196,3912.1,67.4,3.04,153,83,271,,True,-1.7
1400,32.938618,-117.141965,3914.9,67.4,2.96,153,82,270,,True,-3.5
1401,32.938587,-117.141969,3918.1,67.2,3.02,153,82,270,,True,-3.6
1402,32.938568,-117.141978,3920.8,67.0,2.94,153,82,271,,True,-5.5
1403,32.938544,-117.141994,3923.1,67.0,2.74,153,83,270,,True,-3.8
1404,32.938524,-117.14201,3925.9,66.8,2.76,153,83,269,,True,-1.9
1405,32.938504,-117.14202,3928.5,66.8,2.72,153,83,267,,True,-1.9
1406,32.938486,-117.142044,3931.2,66.8,2.62,153,83,266,,True,0.0
1407,32.938477,-117.142065,3933.5,66.8,2.54,154,83,267,,True,0.0
1408,32.938468,-117.142098,3936.5,66.8,2.68,154,83,267,,True,0.0
1409,32.938465,-117.142126,3939.3,66.8,2.68,154,83,265,,True,-1.9
1410,32.938458,-117.142145,3941.2,66.8,2.54,154,83,265,,True,-3.3
1411,32.938452,-117.142172,3943.8,66.6,2.52,154,83,263,,True,-3.3
1412,32.938449,-117.142198,3946.1,66.6,2.52,154,83,254,,True,-3.9
1413,32.938447,-117.142226,3948.7,66.4,2.44,154,83,250,,True,-1.9
1414,32.938452,-117.142256,3951.4,66.4,2.42,154,83,245,,True,0.0
1415,32.938447,-117.142287,3954.3,66.4,2.62,154,83,242,,True,3.8
1416,32.938426,-117.14231,3956.9,66.6,2.62,155,85,240,,True,3.6
1417,32.938408,-117.142326,3959.3,66.8,2.64,154,86,242,,True,3.7
1418,32.938385,-117.142344,3962.4,66.8,2.74,154,86,244,,True,1.9
1419,32.938372,-117.142366,3965.0,66.8,2.72,154,85,245,,True,0.0
1420,32.938359,-117.142388,3967.5,66.8,2.64,154,84,242,,True,0.0
1421,32.938349,-117.142424,3970.7,66.8,2.76,153,82,245,,True,0.0
1422,32.938343,-117.14245,3973.5,66.8,2.84,152,82,248,,True,-1.5
1423,32.938319,-117.142478,3977.0,66.8,2.92,151,82,254,,True,-1.6
1424,32.938292,-117.142498,3980.6,66.6,3.12,151,82,257,,True,-1.5
1425,32.938272,-117.142511,3983.4,66.6,3.18,151,82,272,,True,-3.3
1426,32.938245,-117.142532,3986.8,66.6,3.22,152,83,273,,True,-1.8
1427,32.938234,-117.142547,3989.0,66.4,3.1,151,83,277,,True,-3.6
1428,32.938222,-117.142575,3991.7,66.4,2.94,151,83,270,,True,-3.9
1429,32.938222,-117.142608,3994.4,66.2,2.76,151,83,254,,True,-1.9
1430,32.938223,-117.142632,3997.0,66.2,2.72,151,83,253,,True,-1.9
1431,32.938223,-117.142662,3999.6,66.2,2.56,150,83,252,,True,-1.6
1432,32.93822,-117.142688,4002.1,66.2,2.62,150,83,250,,True,-1.7
1433,32.938216,-117.142709,4004.2,66.0,2.5,150,83,247,,True,-1.6
1434,32.9382,-117.142739,4006.6,66.0,2.44,150,84,245,,True,-2.0
1435,32.93819,-117.142762,4009.1,66.0,2.42,150,84,236,,True,0.0
1436,32.938173,-117.142793,4012.1,66.0,2.5,150,84,235,,True,-1.8
1437,32.93816,-117.14282,4015.1,66.0,2.6,149,83,235,,True,-3.3
1438,32.938158,-117.142847,4017.9,65.8,2.74,149,83,237,,True,-5.2
1439,32.938165,-117.142886,4021.1,65.6,2.9,149,83,239,,True,-5.2
1440,32.938175,-117.142903,4023.7,65.4,2.92,149,83,239,,True,-3.5
1441,32.93819,-117.142935,4026.6,65.4,2.9,148,83,244,,True,0.0
1442,32.9382,-117.14296,4029.4,65.4,2.86,148,83,244,,True,3.4
1443,32.938197,-117.14299,4032.3,65.6,2.88,149,83,244,,True,3.4
1444,32.938196,-117.143027,4035.5,65.8,2.88,149,83,246,,True,3.3
1445,32.938195,-117.143051,4038.3,65.8,2.92,149,83,245,,True,1.7
1446,32.938194,-117.14309,4041.6,65.8,3.0,149,83,248,,True,-1.9
1447,32.938194,-117.143114,4044.1,65.8,2.94,150,83,249,,True,-3.8
1448,32.938198,-117.143135,4046.3,65.6,2.8,150,83,250,,True,-4.0
1449,32.938206,-117.14317,4048.7,65.4,2.64,150,83,249,,True,-3.6
1450,32.93821,-117.143198,4051.6,65.4,2.66,150,82,245,,True,-1.7
1451,32.93821,-117.143234,4055.3,65.4,2.74,150,82,246,,True,0.0
1452,32.938203,-117.143262,4057.9,65.4,2.76,150,82,246,,True,0.0
1453,32.938199,-117.143284,4060.4,65.4,2.82,150,81,249,,True,0.0
1454,32.93819,-117.143314,4063.0,65.4,2.86,151,81,251,,True,-1.8
1455,32.938188,-117.143347,4065.8,65.4,2.84,151,81,251,,True,-1.9
1456,32.938187,-117.143375,4069.0,65.2,2.74,151,81,249,,True,-1.9
1457,32.938185,-117.143406,4071.2,65.2,2.66,151,82,248,,True,-1.9
1458,32.938191,-117.143431,4073.8,65.2,2.68,151,82,249,,True,0.0
1459,32.938201,-117.143463,4076.6,65.2,2.72,151,82,249,,True,0.0
1460,32.938202,-117.143494,4079.7,65.2,2.78,151,82,249,,True,0.0
1461,32.938201,-117.143522,4082.5,65.2,2.7,151,84,249,,True,0.0
1462,32.938199,-117.143564,4085.7,65.2,2.9,152,84,247,,True,0.0
1463,32.938203,-117.143597,4089.1,65.2,3.06,152,84,247,,True,0.0
1464,32.938206,-117.143632,4092.7,65.2,3.22,152,83,249,,True,-1.5
1465,32.938218,-117.143671,4096.3,65.2,3.32,152,83,250,,True,0.0
1466,32.938228,-117.143694,4099.0,65.0,3.3,152,83,253,,True,-1.7
1467,32.938242,-117.143726,4102.0,65.2,3.26,152,83,255,,True,-1.8
1468,32.938252,-117.143747,4104.4,65.0,3.06,153,83,256,,True,0.0
1469,32.938266,-117.143776,4107.3,65.0,2.92,153,82,255,,True,-3.5
1470,32.93827,-117.14381,4110.2,65.0,2.78,153,83,254,,True,-1.6
1471,32.938278,-117.143838,4113.3,64.8,2.86,153,83,253,,True,-1.6
1472,32.93828,-117.143881,4117.0,64.8,3.0,153,84,252,,True,-1.5
1473,32.938281,-117.14391,4120.2,64.8,3.16,153,84,254,,True,1.5
1474,32.938284,-117.143942,4123.3,64.8,3.2,153,84,257,,True,1.7
1475,32.938295,-117.143977,4126.3,65.0,3.22,153,84,257,,True,3.5
1476,32.938305,-117.143996,4128.7,65.0,3.08,153,84,260,,True,3.5
1477,32.938314,-117.144024,4131.5,65.2,2.9,153,83,261,,True,3.5
1478,32.938332,-117.144056,4134.7,65.2,2.9,153,83,260,,True,3.4
1479,32.938347,-117.14408,4137.7,65.4,2.88,153,83,260,,True,3.7
1480,32.938352,-117.144109,4140.3,65.4,2.8,153,82,262,,True,3.8
1481,32.938354,-117.14413,4142.3,65.6,2.72,153,82,264,,True,1.9
1482,32.938356,-117.144164,4145.2,65.6,2.74,154,83,265,,True,0.0
1483,32.938345,-117.144195,4148.2,65.6,2.7,153,83,264,,True,-3.2
1484,32.938339,-117.144221,4150.9,65.4,2.64,153,83,263,,True,-3.3
1485,32.938336,-117.144264,4154.8,65.2,2.9,153,83,263,,True,-4.6
1486,32.938343,-117.144292,4157.5,65.2,3.04,153,83,264,,True,-4.4
1487,32.938346,-117.14433,4161.2,65.0,3.2,153,83,264,,True,-3.1
1488,32.938337,-117.144367,4164.6,64.8,3.28,153,83,264,,True,-3.0
1489,32.938337,-117.144397,4167.8,64.8,3.38,154,83,265,,True,-1.6
1490,32.938344,-117.144436,4171.0,64.8,3.24,154,84,265,,True,0.0
1491,32.93835,-117.144463,4174.0,64.8,3.3,154,84,266,,True,0.0
1492,32.938349,-117.144501,4177.6,64.8,3.28,153,84,267,,True,0.0
1493,32.938341,-117.144535,4181.0,64.8,3.28,153,84,266,,True,1.6
1494,32.938339,-117.144559,4183.4,64.8,3.12,153,84,268,,True,1.8
1495,32.938339,-117.144596,4186.2,65.0,3.04,153,84,268,,True,1.9
1496,32.93834,-117.14462,4188.9,65.0,2.98,153,84,268,,True,1.8
1497,32.93834,-117.144653,4191.8,65.0,2.84,153,84,268,,True,0.0
1498,32.938336,-117.144685,4194.4,65.0,2.68,152,83,268,,True,1.8
1499,32.938341,-117.144711,4197.0,65.0,2.72,152,84,267,,True,3.2
1500,32.93836,-117.144739,4200.0,65.2,2.76,152,84,267,,True,4.0
1501,32.938375,-117.144744,4201.7,65.2,2.56,152,84,268,,True,6.5
1502,32.938396,-117.144767,4204.4,65.4,2.52,152,84,270,,True,7.9
1503,32.938411,-117.144785,4206.6,65.6,2.44,152,84,270,,True,9.2
1504,32.938425,-117.144805,4209.4,65.8,2.48,152,84,273,,True,9.0
1505,32.938431,-117.144844,4212.6,66.2,2.52,152,84,276,,True,8.5
1506,32.938438,-117.144871,4215.5,66.4,2.76,153,82,280,,True,10.7
1507,32.938443,-117.144899,4218.4,66.6,2.8,153,82,285,,True,9.5
1508,32.938449,-117.144923,4220.6,67.0,2.8,154,82,291,,True,9.8
1509,32.938463,-117.144931,4222.3,67.2,2.58,154,82,297,,True,8.3
1510,32.938476,-117.14496,4225.2,67.4,2.52,155,83,306,,True,6.3
1511,32.938481,-117.14499,4227.8,67.6,2.46,155,82,314,,True,5.5
1512,32.938488,-117.145012,4230.5,67.6,2.42,155,82,321,,True,1.9
1513,32.938487,-117.145044,4233.3,67.8,2.54,155,82,328,,True,0.0
1514,32.93848,-117.145068,4235.7,67.6,2.68,156,81,330,,True,0.0
1515,32.938473,-117.145091,4238.0,67.6,2.56,156,81,333,,True,-1.6
1516,32.938476,-117.145127,4240.9,67.6,2.62,156,81,333,,True,0.0
1517,32.938479,-117.145144,4243.0,67.6,2.5,156,83,331,,True,0.0
1518,32.938475,-117.145173,4245.6,67.6,2.46,157,83,329,,True,0.0
1519,32.938471,-117.145203,4248.3,67.6,2.52,157,82,324,,True,0.0
1520,32.938476,-117.145222,4250.2,67.6,2.44,158,82,323,,True,0.0
1521,32.938478,-117.145254,4252.9,67.6,2.4,158,82,320,,True,0.0
1522,32.938483,-117.145282,4255.6,67.6,2.52,159,82,313,,True,0.0
1523,32.938484,-117.145311,4258.8,67.6,2.64,159,82,309,,True,0.0
1524,32.93847,-117.145342,4261.4,67.6,2.62,159,82,306,,True,0.0
1525,32.938471,-117.14536,4263.3,67.6,2.62,158,82,302,,True,0.0
1526,32.938466,-117.14539,4266.0,67.6,2.62,158,82,297,,True,-1.6
1527,32.938465,-117.145418,4268.7,67.6,2.62,158,82,287,,True,-1.9
1528,32.938465,-117.145443,4271.2,67.6,2.48,157,82,284,,True,-1.9
1529,32.938463,-117.145477,4274.1,67.4,2.54,157,82,279,,True,-1.9
1530,32.938461,-117.145502,4276.3,67.4,2.6,157,81,272,,True,-1.8
1531,32.938472,-117.145526,4279.1,67.4,2.62,156,81,267,,True,0.0
1532,32.938484,-117.145562,4282.1,67.4,2.68,156,81,264,,True,0.0
1533,32.93849,-117.145576,4284.1,67.4,2.58,156,81,260,,True,0.0
1534,32.93849,-117.145604,4286.6,67.4,2.5,156,82,259,,True,0.0
1535,32.938487,-117.145641,4289.8,67.4,2.7,156,82,256,,True,0.0
1536,32.938491,-117.145663,4292.3,67.4,2.64,156,82,256,,True,0.0
1537,32.938491,-117.145701,4295.4,67.4,2.66,156,81,254,,True,1.8
1538,32.938483,-117.145728,4298.2,67.4,2.82,156,81,253,,True,0.0
1539,32.938482,-117.145754,4301.0,67.6,2.88,156,82,251,,True,-1.9
1540,32.938482,-117.145783,4303.5,67.4,2.74,156,82,250,,True,-5.8
1541,32.93848,-117.145795,4304.7,67.4,2.48,156,82,247,,True,-11.8
1542,32.938466,-117.145801,4306.2,67.2,2.16,156,82,244,,True,-13.9
1543,32.938442,-117.145813,4308.6,66.8,2.08,155,82,242,,True,-14.0
1544,32.938427,-117.145832,4311.2,66.4,2.04,156,82,238,,True,-14.0
1545,32.938415,-117.145852,4313.6,66.0,2.02,156,82,234,,True,-14.1
1546,32.938393,-117.145893,4317.6,65.6,2.58,155,82,230,,True,-12.8
1547,32.938375,-117.145924,4321.4,65.0,3.04,155,82,226,,True,-11.8
1548,32.938357,-117.14596,4325.3,64.6,3.34,155,82,217,,True,-11.3
1549,32.938338,-117.145991,4328.9,64.2,3.54,155,82,210,,True,-7.1
1550,32.938325,-117.146017,4331.8,64.0,3.64,154,82,205,,True,-4.5
1551,32.938306,-117.146057,4335.5,64.0,3.58,153,82,203,,True,-1.5
1552,32.938294,-117.146079,4338.7,64.0,3.46,153,86,202,,True,-1.5
1553,32.938278,-117.146112,4342.2,64.0,3.38,152,86,206,,True,-1.6
1554,32.938272,-117.146142,4345.0,63.8,3.22,152,86,209,,True,-1.6
1555,32.938264,-117.146171,4347.9,63.8,3.22,152,85,212,,True,-1.8
1556,32.938243,-117.146197,4350.9,63.8,3.08,152,84,213,,True,-1.9
1557,32.938232,-117.146215,4353.4,63.8,2.94,153,84,211,,True,-1.9
1558,32.938214,-117.146228,4355.6,63.6,2.68,153,84,209,,True,-4.5
1559,32.938187,-117.146243,4358.4,63.6,2.68,153,83,203,,True,-5.6
1560,32.938171,-117.146258,4360.8,63.4,2.58,153,83,196,,True,-3.8
1561,32.938143,-117.146281,4364.1,63.2,2.64,153,83,195,,True,-3.4
1562,32.938138,-117.146295,4366.2,63.2,2.56,152,83,199,,True,0.0
1563,32.938138,-117.146317,4367.9,63.2,2.46,153,82,202,,True,1.8
1564,32.938143,-117.146344,4370.1,63.2,2.34,153,84,204,,True,3.3
1565,32.938145,-117.146368,4372.2,63.4,2.28,152,84,196,,True,3.8
1566,32.938148,-117.146404,4375.2,63.4,2.22,153,84,198,,True,1.9
1567,32.938141,-117.14643,4378.3,63.6,2.42,153,84,200,,True,0.0
1568,32.938125,-117.146443,4380.6,63.4,2.54,152,83,209,,True,0.0
1569,32.938101,-117.146462,4383.4,63.4,2.66,153,83,217,,True,-3.8
1570,32.938087,-117.146482,4385.9,63.4,2.74,153,82,224,,True,-1.8
1571,32.938072,-117.146511,4388.8,63.2,2.72,152,82,224,,True,-3.6
1572,32.938057,-117.146544,4391.8,63.2,2.7,153,82,223,,True,-3.5
1573,32.93805,-117.146568,4394.4,63.0,2.76,153,82,228,,True,-1.9
1574,32.938041,-117.1466,4397.2,63.0,2.76,152,82,233,,True,0.0
1575,32.938036,-117.146624,4399.4,63.0,2.7,153,83,235,,True,1.7
1576,32.938037,-117.146647,4401.4,63.2,2.52,153,83,236,,True,3.7
1577,32.938051,-117.146676,4403.9,63.2,2.42,152,83,228,,True,3.6
1578,32.938063,-117.146688,4405.9,63.2,2.3,153,83,224,,True,3.6
1579,32.93808,-117.146701,4408.0,63.4,2.16,153,82,226,,True,3.5
1580,32.938106,-117.146714,4410.5,63.4,2.22,152,82,223,,True,3.1
1581,32.938124,-117.146721,4412.6,63.6,2.24,153,82,225,,True,1.9
1582,32.938142,-117.146745,4415.4,63.6,2.3,153,81,226,,True,1.8
1583,32.938155,-117.14678,4418.6,63.6,2.54,152,81,226,,True,0.0
1584,32.938167,-117.146803,4421.5,63.6,2.7,153,81,227,,True,-1.6
1585,32.938171,-117.146843,4424.8,63.6,2.86,152,81,236,,True,-1.6
1586,32.938179,-117.14687,4428.0,63.4,3.08,152,82,240,,True,-1.6
1587,32.938191,-117.146896,4430.9,63.4,3.1,152,82,245,,True,-1.7
1588,32.938202,-117.146933,4434.0,63.4,3.08,152,82,249,,True,0.0
1589,32.93821,-117.146957,4436.9,63.4,3.08,151,82,249,,True,-1.6
1590,32.938216,-117.146999,4440.5,63.4,3.14,151,82,251,,True,-1.5
1591,32.938222,-117.147032,4443.6,63.2,3.12,151,83,250,,True,-1.5
1592,32.93823,-117.147061,4447.0,63.2,3.22,151,83,264,,True,-3.2
1593,32.938238,-117.147101,4450.3,63.2,3.26,152,83,268,,True,-1.6
1594,32.938238,-117.147127,4453.1,63.0,3.24,152,83,278,,True,-3.3
1595,32.938229,-117.147162,4456.1,63.0,3.12,152,83,278,,True,-3.4
1596,32.938209,-117.147187,4459.3,62.8,3.14,152,83,264,,True,-1.6
1597,32.938198,-117.14721,4462.0,62.8,3.0,152,83,263,,True,-1.7
1598,32.938181,-117.147247,4465.3,62.8,3.0,152,83,260,,True,1.7
1599,32.938173,-117.147271,4468.0,62.8,2.98,152,83,262,,True,1.7
1600,32.938164,-117.147299,4470.9,63.0,2.96,152,83,257,,True,1.9
1601,32.938164,-117.147329,4473.6,63.0,2.86,152,83,257,,True,1.9
1602,32.938165,-117.147349,4475.9,63.0,2.78,152,83,256,,True,2.0
1603,32.938161,-117.147383,4478.5,63.0,2.64,152,84,252,,True,2.0
1604,32.938157,-117.147407,4481.0,63.2,2.6,153,84,243,,True,1.9
1605,32.938155,-117.147432,4483.6,63.2,2.54,153,83,243,,True,0.0
1606,32.938147,-117.147466,4486.5,63.2,2.58,153,83,241,,True,-1.8
1607,32.938145,-117.147492,4489.1,63.0,2.64,153,83,241,,True,-1.8
1608,32.938141,-117.147524,4492.1,63.0,2.72,153,83,245,,True,-1.9
1609,32.938138,-117.147554,4494.8,63.0,2.76,153,82,246,,True,-1.8
1610,32.938137,-117.147578,4497.3,63.0,2.74,153,82,249,,True,-1.9
1611,32.938133,-117.147616,4500.1,62.8,2.72,152,82,248,,True,-3.9
1612,32.938138,-117.147638,4502.6,62.8,2.7,152,82,243,,True,-4.0
1613,32.938145,-117.147662,4505.1,62.6,2.6,152,83,242,,True,-1.6
1614,32.938156,-117.147691,4507.4,62.6,2.52,151,83,241,,True,-2.0
1615,32.938165,-117.147712,4509.8,62.6,2.5,151,83,238,,True,0.0
1616,32.938171,-117.147748,4512.8,62.6,2.54,151,83,233,,True,-1.8
1617,32.938171,-117.147774,4515.4,62.6,2.56,150,83,233,,True,-1.7
1618,32.938167,-117.147804,4518.4,62.4,2.66,150,83,235,,True,-1.7
1619,32.93816,-117.147839,4521.8,62.4,2.88,150,82,235,,True,-1.7
1620,32.93816,-117.147864,4524.4,62.4,2.92,149,83,239,,True,0.0
1621,32.93816,-117.147895,4527.1,62.4,2.86,149,83,244,,True,0.0
1622,32.938173,-117.147917,4529.4,62.4,2.8,149,83,243,,True,1.7
1623,32.938192,-117.147931,4531.8,62.4,2.68,150,84,241,,True,1.8
1624,32.938215,-117.147945,4534.3,62.4,2.5,149,84,238,,True,3.6
1625,32.938228,-117.147949,4536.0,62.6,2.32,149,83,237,,True,6.0
1626,32.938239,-117.147966,4538.1,62.6,2.2,149,83,238,,True,5.9
1627,32.93825,-117.147994,4540.4,62.8,2.2,149,83,235,,True,1.9
1628,32.938257,-117.148005,4541.8,63.0,2.0,148,82,233,,True,0.0
1629,32.938268,-117.148027,4544.4,63.0,2.02,149,81,234,,True,-3.2
1630,32.938281,-117.148056,4546.6,62.8,2.12,149,81,232,,True,-5.4
1631,32.938289,-117.148081,4549.1,62.6,2.2,149,81,231,,True,-6.9
1632,32.938301,-117.148121,4552.9,62.4,2.5,149,80,228,,True,-4.8
1633,32.938313,-117.148151,4556.0,62.2,2.84,149,81,228,,True,-3.1
1634,32.938318,-117.148181,4559.1,62.2,2.94,149,81,249,,True,-1.6
1635,32.938323,-117.148218,4562.1,62.2,3.1,150,82,252,,True,0.0
1636,32.938328,-117.148247,4565.4,62.2,3.26,150,83,256,,True,-1.6
1637,32.938323,-117.148281,4568.9,62.2,3.2,150,83,256,,True,-3.3
1638,32.938319,-117.14831,4571.7,62.0,3.14,150,83,256,,True,-3.5
1639,32.938315,-117.148335,4574.3,61.8,3.04,150,83,256,,True,0.0
1640,32.938305,-117.148362,4576.8,61.8,2.94,150,82,256,,True,1.8
1641,32.938291,-117.148378,4578.8,62.0,2.68,150,82,248,,True,3.8
1642,32.938282,-117.148393,4580.8,62.2,2.38,150,82,241,,True,3.6
1643,32.938269,-117.148417,4582.7,62.2,2.2,150,82,228,,True,1.7
1644,32.93826,-117.148438,4584.7,62.2,2.08,150,82,222,,True,0.0
1645,32.93825,-117.148469,4587.8,62.2,2.2,150,82,215,,True,0.0
1646,32.938246,-117.1485,4590.6,62.2,2.36,151,82,215,,True,0.0
1647,32.938244,-117.148529,4593.8,62.2,2.6,150,82,225,,True,0.0
1648,32.938249,-117.148561,4596.5,62.2,2.76,150,83,233,,True,0.0
1649,32.938253,-117.148581,4598.9,62.2,2.84,150,83,249,,True,0.0
1650,32.938256,-117.14861,4601.1,62.2,2.66,151,83,249,,True,-2.0
1651,32.938259,-117.148641,4603.9,62.2,2.66,150,82,236,,True,-1.9
1652,32.938261,-117.148666,4606.6,62.0,2.56,150,82,232,,True,-3.7
1653,32.938261,-117.148697,4609.2,62.0,2.54,150,83,230,,True,-3.7
1654,32.938264,-117.148724,4611.8,61.8,2.58,150,83,231,,True,-3.6
1655,32.938261,-117.148753,4614.7,61.8,2.72,150,84,229,,True,-3.6
1656,32.938256,-117.148786,4617.6,61.6,2.74,150,85,228,,True,-1.7
1657,32.938248,-117.148814,4620.4,61.6,2.76,150,85,232,,True,-1.8
1658,32.938247,-117.14885,4623.3,61.6,2.82,150,85,233,,True,0.0
1659,32.93825,-117.148871,4625.7,61.6,2.78,150,84,235,,True,0.0
1660,32.938261,-117.14889,4627.8,61.6,2.62,150,83,235,,True,0.0
1661,32.938274,-117.148917,4630.2,61.6,2.52,150,83,234,,True,-1.7
1662,32.938284,-117.148935,4632.4,61.6,2.4,150,83,231,,True,-1.8
1663,32.938297,-117.148963,4635.2,61.6,2.38,150,83,230,,True,0.0
1664,32.938309,-117.148978,4637.2,61.4,2.3,150,83,230,,True,0.0
1665,32.938323,-117.14899,4638.9,61.4,2.22,150,83,229,,True,0.0
1666,32.938338,-117.149014,4641.1,61.6,2.18,150,83,228,,True,1.6
1667,32.93835,-117.149032,4643.4,61.6,2.2,150,82,227,,True,1.9
1668,32.938357,-117.149062,4646.2,61.6,2.2,150,82,226,,True,1.7
1669,32.938359,-117.149103,4649.5,61.6,2.46,150,82,226,,True,1.6
1670,32.938363,-117.149131,4652.7,61.8,2.76,150,82,226,,True,1.6
1671,32.938373,-117.149168,4656.2,61.8,3.02,149,82,229,,True,1.6
1672,32.938387,-117.14919,4659.0,61.8,3.12,150,82,232,,True,1.6
1673,32.938407,-117.14922,4662.2,61.8,3.2,150,82,235,,True,3.3
1674,32.938421,-117.149253,4665.4,62.0,3.18,149,82,237,,True,4.8
1675,32.938429,-117.149276,4668.3,62.2,3.12,150,83,239,,True,6.6
1676,32.938439,-117.149317,4671.5,62.4,3.06,150,85,240,,True,4.9
1677,32.938446,-117.149341,4674.3,62.6,3.06,151,85,244,,True,3.6
1678,32.938448,-117.14938,4677.7,62.6,3.1,151,85,256,,True,1.9
1679,32.938443,-117.149394,4679.4,62.6,2.8,151,85,258,,True,-1.9
1680,32.938446,-117.149423,4681.9,62.6,2.72,151,84,260,,True,-2.2
1681,32.93845,-117.149437,4683.4,62.4,2.38,152,84,251,,True,-1.9
1682,32.938456,-117.149452,4685.0,62.4,2.14,153,84,249,,True,0.0
1683,32.938476,-117.14946,4686.6,62.4,1.78,153,84,234,,True,1.7
1684,32.938494,-117.149467,4688.5,62.4,1.82,154,83,228,,True,5.6
1685,32.938515,-117.14948,4691.1,62.6,1.84,155,0,78,,True,5.2
1686,32.93853,-117.149501,4693.5,62.8,2.02,155,77,78,,True,6.3
1687,32.938544,-117.149514,4695.7,63.0,2.14,155,77,80,,True,6.0
1688,32.938563,-117.149534,4698.1,63.0,2.3,154,80,241,,True,1.9
1689,32.938575,-117.149563,4701.1,63.2,2.52,154,82,244,,True,0.0
1690,32.938585,-117.149589,4704.2,63.0,2.62,155,82,244,,True,0.0
1691,32.938598,-117.149627,4707.5,63.0,2.8,155,82,264,,True,0.0
1692,32.938611,-117.149648,4710.5,63.0,2.96,155,82,279,,True,1.6
1693,32.938625,-117.149685,4714.0,63.2,3.18,155,82,289,,True,1.6
1694,32.938634,-117.149714,4716.9,63.2,3.16,155,82,294,,True,3.2
1695,32.938644,-117.149739,4719.9,63.2,3.14,156,82,290,,True,1.7
1696,32.93865,-117.149778,4723.1,63.4,3.12,156,82,287,,True,1.7
1697,32.938651,-117.149804,4725.9,63.4,3.08,157,82,287,,True,1.8
1698,32.938648,-117.14983,4728.5,63.4,2.9,157,82,284,,True,0.0
1699,32.938638,-117.149862,4731.2,63.4,2.86,157,82,288,,True,0.0
1700,32.938638,-117.149887,4733.7,63.4,2.76,158,83,289,,True,0.0
1701,32.938629,-117.149927,4737.1,63.4,2.8,158,83,292,,True,0.0
1702,32.938621,-117.14995,4739.6,63.4,2.74,158,83,292,,True,0.0
1703,32.938611,-117.149984,4743.0,63.4,2.9,158,83,291,,True,0.0
1704,32.938598,-117.150011,4745.7,63.4,2.9,159,83,292,,True,-1.7
1705,32.938592,-117.150038,4748.5,63.4,2.96,159,82,291,,True,-1.7
1706,32.938576,-117.150064,4751.5,63.2,2.88,159,82,288,,True,-1.7
1707,32.938559,-117.15009,4754.5,63.2,2.98,159,82,283,,True,-1.6
1708,32.938546,-117.150112,4757.3,63.2,2.86,160,83,279,,True,-1.7
1709,32.938524,-117.150145,4760.7,63.2,3.0,160,83,275,,True,0.0
1710,32.938507,-117.150162,4763.5,63.0,3.0,160,83,274,,True,0.0
1711,32.938487,-117.150178,4766.3,63.2,2.96,160,83,274,,True,-1.8
1712,32.938462,-117.150198,4769.6,63.2,3.02,160,83,270,,True,0.0
1713,32.938445,-117.150214,4772.1,63.0,2.96,159,82,270,,True,-1.7
1714,32.938416,-117.150225,4775.5,63.0,2.96,159,82,267,,True,-1.8
1715,32.938394,-117.150228,4778.1,63.0,2.92,159,82,266,,True,0.0
1716,32.938372,-117.150226,4780.7,63.0,2.88,159,83,262,,True,0.0
1717,32.938346,-117.150224,4783.5,63.0,2.78,158,82,260,,True,-1.7
1718,32.938329,-117.150222,4785.7,63.0,2.72,157,82,260,,True,-1.6
1719,32.93831,-117.150224,4787.6,63.0,2.42,157,82,257,,True,-3.1
1720,32.938282,-117.150234,4790.1,62.8,2.4,157,82,253,,True,-3.7
1721,32.938259,-117.150248,4793.2,62.8,2.5,156,82,249,,True,-5.1
1722,32.938228,-117.150265,4796.5,62.6,2.6,156,82,248,,True,-3.4
1723,32.938209,-117.150281,4799.4,62.4,2.74,156,82,247,,True,-5.2
1724,32.938196,-117.150299,4801.8,62.4,2.84,156,82,248,,True,-3.6
1725,32.938168,-117.150321,4804.7,62.2,2.92,156,83,248,,True,-1.8
1726,32.938152,-117.150339,4807.5,62.2,2.86,156,83,245,,True,-1.7
1727,32.938128,-117.150357,4810.8,62.2,2.86,156,83,245,,True,0.0
1728,32.938106,-117.150371,4813.7,62.2,2.86,156,83,245,,True,0.0
1729,32.938087,-117.150381,4816.4,62.2,2.92,156,83,245,,True,0.0
1730,32.938058,-117.150385,4818.7,62.2,2.8,156,84,244,,True,-1.8
1731,32.938035,-117.150391,4821.7,62.2,2.84,155,84,242,,True,-1.7
1732,32.938002,-117.150395,4825.1,62.0,2.86,155,85,240,,True,-1.5
1733,32.937971,-117.150399,4828.3,62.0,2.92,155,83,239,,True,-3.0
1734,32.937945,-117.150412,4832.0,62.0,3.12,155,83,242,,True,-1.6
1735,32.937912,-117.150424,4835.1,61.8,3.28,155,83,242,,True,-2.9
1736,32.937892,-117.150444,4838.0,61.8,3.26,156,83,246,,True,-3.1
1737,32.937862,-117.150473,4841.9,61.6,3.36,155,83,247,,True,-1.6
1738,32.937842,-117.150493,4844.9,61.6,3.32,155,83,246,,True,-1.6
1739,32.937824,-117.150515,4848.0,61.6,3.2,156,83,248,,True,0.0
1740,32.937814,-117.150545,4850.8,61.6,3.14,155,84,245,,True,0.0
1741,32.937809,-117.150567,4853.2,61.6,3.04,155,84,246,,True,1.8
1742,32.937798,-117.150602,4856.2,61.6,2.86,156,84,247,,True,3.7
1743,32.93779,-117.150625,4858.9,61.8,2.8,155,84,246,,True,3.6
1744,32.937783,-117.150649,4861.5,62.0,2.7,155,83,248,,True,5.9
1745,32.937775,-117.150683,4864.2,62.0,2.68,155,83,250,,True,3.7
1746,32.937773,-117.150702,4866.4,62.2,2.64,156,83,252,,True,3.7
1747,32.937757,-117.150728,4869.6,62.2,2.68,155,83,253,,True,1.9
1748,32.937737,-117.150749,4872.2,62.4,2.66,155,82,254,,True,0.0
1749,32.937728,-117.150769,4874.6,62.2,2.62,155,82,255,,True,1.9
1750,32.937717,-117.150802,4877.4,62.2,2.64,155,82,256,,True,-1.9
1751,32.937709,-117.150823,4880.0,62.4,2.72,156,82,256,,True,0.0
1752,32.937699,-117.150846,4882.7,62.2,2.62,156,82,255,,True,0.0
1753,32.937686,-117.150871,4885.0,62.2,2.56,156,82,256,,True,-1.5
1754,32.937678,-117.150891,4887.0,62.2,2.48,155,83,256,,True,0.0
1755,32.937662,-117.150917,4889.7,62.2,2.46,155,83,255,,True,0.0
1756,32.937639,-117.15094,4893.1,62.2,2.62,155,83,254,,True,0.0
1757,32.937629,-117.150956,4895.3,62.2,2.52,155,83,253,,True,0.0
1758,32.937612,-117.150988,4898.1,62.2,2.62,155,83,254,,True,-1.8
1759,32.937602,-117.151009,4900.6,62.2,2.72,155,83,254,,True,0.0
1760,32.937588,-117.151038,4904.1,62.0,2.88,155,83,254,,True,-1.7
1761,32.937576,-117.151071,4907.0,62.2,2.78,155,83,254,,True,-1.6
1762,32.937571,-117.151097,4909.9,62.0,2.92,155,83,254,,True,-1.8
1763,32.937566,-117.151131,4912.8,62.0,2.94,156,83,253,,True,-3.6
1764,32.937562,-117.151156,4915.1,61.8,2.9,156,83,253,,True,-3.6
1765,32.937561,-117.151186,4918.1,61.8,2.8,156,83,253,,True,-3.8
1766,32.937558,-117.151218,4921.0,61.6,2.8,156,83,251,,True,-1.8
1767,32.937559,-117.151239,4923.3,61.6,2.68,156,83,252,,True,-1.9
1768,32.937556,-117.151271,4926.0,61.6,2.64,156,82,253,,True,0.0
1769,32.937553,-117.151296,4928.4,61.6,2.66,156,84,252,,True,0.0
1770,32.937547,-117.151321,4931.0,61.6,2.58,156,84,249,,True,0.0
1771,32.93754,-117.151353,4933.8,61.6,2.56,156,84,248,,True,0.0
1772,32.937537,-117.151374,4936.2,61.6,2.58,156,84,247,,True,0.0
1773,32.937527,-117.151412,4939.3,61.6,2.66,156,84,248,,True,1.7
1774,32.937515,-117.151439,4942.3,61.6,2.78,155,83,248,,True,1.6
1775,32.937507,-117.151467,4945.3,61.8,2.86,156,83,249,,True,1.7
1776,32.937501,-117.151502,4948.4,61.8,2.92,155,83,249,,True,1.7
1777,32.937498,-117.151523,4950.8,61.8,2.92,155,82,249,,True,0.0
1778,32.93749,-117.151562,4954.2,61.8,2.98,154,83,250,,True,0.0
1779,32.937481,-117.151591,4957.0,61.8,2.94,154,83,251,,True,-1.7
1780,32.937476,-117.151616,4959.6,61.8,2.86,154,83,251,,True,-1.9
1781,32.93748,-117.15165,4962.3,61.6,2.78,154,84,250,,True,-1.8
1782,32.937489,-117.151673,4964.9,61.6,2.82,154,84,250,,True,-3.4
1783,32.9375,-117.151709,4968.3,61.6,2.82,153,84,249,,True,-1.7
1784,32.937508,-117.151738,4971.2,61.4,2.84,153,84,248,,True,-1.6
1785,32.937514,-117.151768,4974.3,61.4,2.94,153,84,249,,True,-1.6
1786,32.937524,-117.151811,4977.7,61.4,3.08,152,84,250,,True,0.0
1787,32.937537,-117.151835,4980.8,61.4,3.18,152,84,251,,True,1.6
1788,32.937557,-117.151867,4984.4,61.4,3.22,152,84,254,,True,1.6
1789,32.937578,-117.151884,4986.9,61.6,3.14,152,84,253,,True,1.7
1790,32.9376,-117.151895,4989.9,61.6,3.12,152,84,255,,True,1.8
1791,32.937627,-117.151914,4992.8,61.6,3.02,153,83,255,,True,0.0
1792,32.937647,-117.151929,4995.7,61.6,2.98,152,83,256,,True,0.0
1793,32.937668,-117.15196,4999.5,61.6,3.02,152,83,257,,True,-1.5
1794,32.937685,-117.15199,5002.7,61.6,3.16,152,84,254,,True,-1.5
1795,32.937702,-117.152011,5005.8,61.4,3.18,151,83,256,,True,-1.6
1796,32.937727,-117.152034,5009.1,61.4,3.26,151,83,259,,True,0.0
1797,32.937747,-117.152053,5012.0,61.4,3.26,151,83,260,,True,1.6
1798,32.93776,-117.152087,5015.3,61.6,3.16,152,84,261,,True,3.3
1799,32.937761,-117.152117,5018.3,61.6,3.12,152,84,262,,True,3.1
1800,32.937763,-117.152146,5021.3,61.8,3.1,152,84,263,,True,1.6
1801,32.93776,-117.152192,5024.9,61.8,3.16,152,84,264,,True,1.6
1802,32.937759,-117.152222,5028.0,61.8,3.2,152,83,265,,True,0.0
1803,32.937758,-117.152255,5031.0,61.8,3.14,153,82,268,,True,-1.8
1804,32.937773,-117.152287,5033.8,61.8,3.1,153,82,269,,True,-1.8
1805,32.937791,-117.152294,5036.0,61.6,2.94,154,82,270,,True,-2.0
1806,32.937823,-117.152303,5039.1,61.6,2.84,154,82,269,,True,0.0
1807,32.93784,-117.152306,5041.0,61.6,2.6,155,83,266,,True,1.9
1808,32.93786,-117.152321,5043.7,61.8,2.54,155,83,266,,True,1.9
1809,32.93788,-117.152347,5046.5,61.8,2.54,155,83,265,,True,1.6
1810,32.937895,-117.152368,5049.5,61.8,2.7,155,84,265,,True,0.0
1811,32.937913,-117.152407,5053.4,61.8,2.86,155,84,267,,True,-1.5
1812,32.937926,-117.152433,5056.5,61.8,3.1,155,84,267,,True,-1.5
1813,32.937934,-117.152462,5059.7,61.6,3.2,155,83,268,,True,-1.6
1814,32.937952,-117.152498,5063.2,61.6,3.34,156,83,269,,True,-1.6
1815,32.937969,-117.152518,5066.1,61.6,3.32,156,83,270,,True,-1.6
1816,32.937987,-117.152549,5069.2,61.6,3.16,156,83,271,,True,-1.7
1817,32.938002,-117.152569,5072.1,61.4,3.12,156,83,270,,True,-1.7
1818,32.938014,-117.152592,5074.8,61.4,3.02,156,84,270,,True,-1.7
1819,32.938032,-117.152628,5078.1,61.4,2.98,156,84,268,,True,0.0
1820,32.938049,-117.152646,5080.9,61.4,2.96,156,84,267,,True,0.0
1821,32.938064,-117.152681,5084.4,61.4,3.04,156,84,268,,True,0.0
1822,32.938075,-117.152707,5087.2,61.4,3.02,156,83,268,,True,0.0
1823,32.938089,-117.152729,5090.0,61.4,3.04,156,83,270,,True,0.0
1824,32.938109,-117.152751,5092.4,61.4,2.86,156,83,270,,True,0.0
1825,32.938125,-117.152765,5094.9,61.4,2.8,157,83,268,,True,0.0
1826,32.938144,-117.152782,5097.5,61.4,2.62,156,83,266,,True,0.0
1827,32.938166,-117.1528,5100.2,61.4,2.6,156,83,265,,True,0.0
1828,32.938184,-117.15281,5102.5,61.4,2.5,157,83,264,,True,0.0
1829,32.93821,-117.15283,5105.5,61.4,2.62,156,83,265,,True,0.0
1830,32.93823,-117.152834,5107.9,61.4,2.6,157,83,263,,True,0.0
1831,32.938253,-117.152852,5110.9,61.4,2.68,157,83,262,,True,0.0
1832,32.938277,-117.152871,5114.0,61.4,2.76,157,83,261,,True,0.0
1833,32.938298,-117.152876,5116.4,61.4,2.78,157,83,261,,True,0.0
1834,32.938329,-117.15288,5119.5,61.4,2.8,158,83,261,,True,0.0
1835,32.938344,-117.152869,5121.6,61.4,2.74,157,84,261,,True,0.0
1836,32.938363,-117.152865,5123.8,61.4,2.58,157,84,259,,True,1.6
1837,32.938394,-117.152863,5126.9,61.4,2.58,157,84,257,,True,1.9
1838,32.93841,-117.152855,5129.1,61.6,2.54,157,84,255,,True,1.8
1839,32.938442,-117.152854,5132.2,61.6,2.54,156,82,255,,True,1.9
1840,32.938463,-117.152851,5134.8,61.6,2.64,156,82,256,,True,0.0
1841,32.938481,-117.152851,5137.2,61.6,2.68,156,82,256,,True,1.6
1842,32.938509,-117.152864,5140.0,61.6,2.62,156,83,256,,True,1.6
1843,32.938525,-117.152867,5142.1,61.6,2.6,156,83,257,,True,2.0
1844,32.938541,-117.152884,5144.6,61.8,2.48,156,82,257,,True,1.6
1845,32.938563,-117.152907,5147.4,61.8,2.52,156,82,258,,True,1.9
1846,32.938579,-117.152917,5149.9,61.8,2.54,156,82,258,,True,-1.8
1847,32.938607,-117.152934,5152.8,61.8,2.56,156,83,256,,True,-1.9
1848,32.938626,-117.152951,5155.6,61.6,2.7,156,83,255,,True,0.0
1849,32.938642,-117.152962,5158.1,61.6,2.7,155,83,255,,True,3.4
1850,32.938666,-117.152974,5160.4,61.8,2.6,156,83,257,,True,7.0
1851,32.938682,-117.152976,5162.4,61.8,2.5,156,83,257,,True,9.0
1852,32.938699,-117.152986,5164.5,62.2,2.34,156,81,258,,True,7.3
1853,32.938724,-117.153002,5167.1,62.4,2.3,155,81,260,,True,9.3
1854,32.938738,-117.153005,5169.2,62.6,2.22,155,81,261,,True,5.7
1855,32.93876,-117.153007,5171.3,62.6,2.18,155,81,264,,True,3.7
1856,32.938779,-117.153005,5173.1,62.8,2.14,154,82,263,,True,1.9
1857,32.938795,-117.153,5175.1,62.8,2.12,154,82,263,,True,2.0
1858,32.938821,-117.152985,5177.8,62.8,2.14,154,82,252,,True,1.9
1859,32.93883,-117.152976,5179.6,62.8,2.08,154,82,253,,True,1.8
1860,32.938846,-117.15297,5181.4,62.8,2.02,153,82,233,,True,3.8
1861,32.938873,-117.152964,5183.9,63.0,2.16,154,82,224,,True,5.3
1862,32.938888,-117.15296,5186.0,63.0,2.18,154,82,231,,True,5.2
1863,32.938909,-117.152961,5188.4,63.2,2.12,154,81,250,,True,5.2
1864,32.938935,-117.152958,5190.9,63.4,2.26,154,81,261,,True,5.4
1865,32.938948,-117.15295,5193.0,63.4,2.32,153,81,271,,True,5.6
1866,32.938972,-117.152943,5195.5,63.6,2.32,153,81,276,,True,3.7
1867,32.938986,-117.152934,5197.1,63.6,2.22,154,81,273,,True,3.7
1868,32.939,-117.152922,5199.1,63.8,2.14,154,81,268,,True,1.9
1869,32.939023,-117.152901,5201.7,63.8,2.16,154,81,262,,True,1.7
1870,32.93903,-117.152887,5203.7,63.8,2.14,154,81,261,,True,0.0
1871,32.939047,-117.152869,5206.3,63.8,2.16,154,81,260,,True,1.8
1872,32.939066,-117.152848,5208.8,63.8,2.34,154,81,263,,True,3.4
1873,32.93907,-117.152831,5210.9,63.8,2.36,154,81,268,,True,3.7
1874,32.939086,-117.152814,5213.1,64.0,2.28,155,81,269,,True,5.7
1875,32.939104,-117.152801,5215.4,64.2,2.34,155,82,268,,True,5.7
1876,32.939112,-117.15279,5217.0,64.2,2.14,155,82,267,,True,3.9
1877,32.939135,-117.152774,5219.3,64.4,2.1,155,82,263,,True,1.9
1878,32.939148,-117.152761,5221.4,64.4,2.1,155,82,257,,True,1.8
1879,32.939161,-117.152751,5223.4,64.4,2.06,154,81,256,,True,0.0
1880,32.939189,-117.152732,5226.2,64.4,2.16,154,81,254,,True,1.7
1881,32.939194,-117.152715,5228.2,64.4,2.24,154,81,252,,True,2.0
1882,32.939215,-117.152699,5230.9,64.4,2.32,154,81,250,,True,1.6
1883,32.939238,-117.152686,5233.5,64.6,2.42,154,82,255,,True,1.9
1884,32.939251,-117.152674,5235.7,64.6,2.46,154,82,255,,True,3.4
1885,32.939277,-117.152659,5238.7,64.6,2.5,154,82,255,,True,1.7
1886,32.939292,-117.152654,5240.4,64.6,2.44,154,83,254,,True,3.5
1887,32.939311,-117.152648,5242.8,64.8,2.38,153,83,249,,True,5.6
1888,32.939336,-117.152637,5245.5,64.8,2.4,153,83,251,,True,7.2
1889,32.939346,-117.152627,5247.1,65.0,2.28,153,83,252,,True,7.8
1890,32.939366,-117.152623,5249.4,65.2,2.14,153,83,253,,True,8.6
1891,32.939385,-117.152614,5251.5,65.4,2.22,154,82,252,,True,8.7
1892,32.939396,-117.152609,5253.0,65.6,2.04,154,82,255,,True,6.8
1893,32.939411,-117.152608,5254.8,65.6,1.86,154,82,256,,True,7.5
1894,32.939434,-117.152607,5257.0,65.8,1.98,154,81,256,,True,5.6
1895,32.939448,-117.152607,5258.8,65.8,1.88,154,80,255,,True,5.4
1896,32.93946,-117.152604,5260.0,66.0,1.7,154,80,254,,True,6.8
1897,32.939473,-117.152603,5261.4,66.0,1.68,154,80,250,,True,9.0
1898,32.939479,-117.152603,5262.2,66.0,1.48,155,80,250,,True,10.8
1899,32.939497,-117.152599,5264.1,66.2,1.42,155,79,238,,True,9.8
1900,32.939522,-117.15259,5266.5,66.4,1.54,155,79,242,,True,11.1
1901,32.939533,-117.15259,5268.1,66.8,1.62,155,79,245,,True,12.2
1902,32.939545,-117.152581,5269.9,67.0,1.7,155,79,246,,True,12.0
1903,32.939567,-117.152564,5272.2,67.2,2.0,155,79,248,,True,10.3
1904,32.939581,-117.15256,5273.9,67.4,1.96,155,79,250,,True,8.2
1905,32.939593,-117.152551,5275.8,67.6,1.86,154,79,252,,True,8.5
1906,32.939614,-117.152539,5278.1,67.6,2.0,154,79,255,,True,8.3
1907,32.939627,-117.152536,5279.6,67.8,1.94,154,78,256,,True,8.0
1908,32.939641,-117.152528,5281.6,68.0,1.88,154,78,259,,True,10.5
1909,32.939666,-117.152517,5284.2,68.2,2.06,153,78,263,,True,10.0
1910,32.939679,-117.152512,5285.8,68.4,2.0,153,78,265,,True,9.8
1911,32.939688,-117.152498,5287.6,68.6,1.9,153,79,269,,True,10.9
1912,32.939711,-117.15248,5290.1,68.8,2.1,154,79,271,,True,10.5
1913,32.939722,-117.152469,5291.8,69.0,2.04,154,79,271,,True,8.3
1914,32.939732,-117.152454,5293.4,69.2,1.84,154,79,273,,True,7.7
1915,32.939743,-117.152429,5295.6,69.4,1.96,155,80,275,,True,6.8
1916,32.939746,-117.152409,5297.8,69.4,2.04,155,80,274,,True,5.9
1917,32.939757,-117.152383,5300.5,69.6,2.08,155,80,272,,True,5.5
1918,32.939778,-117.152353,5303.6,69.8,2.36,155,80,278,,True,6.7
1919,32.939792,-117.152331,5306.5,70.0,2.62,156,82,293,,True,4.8
1920,32.939818,-117.152305,5309.7,70.2,2.82,156,82,313,,True,4.9
1921,32.939837,-117.152287,5312.9,70.2,3.02,156,82,317,,True,5.0
1922,32.939863,-117.152279,5315.9,70.4,3.08,157,83,335,,True,3.4
1923,32.939888,-117.152273,5318.5,70.6,2.98,157,83,333,,True,3.4
1924,32.939911,-117.15227,5321.5,70.6,3.0,158,85,321,,True,3.6
1925,32.939943,-117.152266,5324.5,70.6,2.96,158,85,320,,True,3.4
1926,32.93996,-117.152256,5327.1,70.8,2.84,158,85,317,,True,3.6
1927,32.939989,-117.152252,5330.3,71.0,2.88,158,85,315,,True,5.7
1928,32.940008,-117.152243,5332.5,71.0,2.8,158,85,313,,True,3.8
1929,32.940027,-117.152232,5335.1,71.2,2.72,159,85,301,,True,5.2
1930,32.940051,-117.15222,5337.7,71.2,2.64,159,85,298,,True,5.1
1931,32.940059,-117.152207,5339.3,71.4,2.44,160,84,294,,True,3.4
1932,32.940081,-117.152208,5341.8,71.6,2.3,160,84,290,,True,3.3
1933,32.940108,-117.152222,5344.3,71.6,2.36,160,83,275,,True,1.9
1934,32.940126,-117.152223,5346.8,71.6,2.34,160,83,274,,True,2.0
1935,32.940156,-117.15223,5350.0,71.6,2.46,161,82,273,,True,3.1
1936,32.940171,-117.15224,5351.8,71.8,2.5,161,82,272,,True,3.8
1937,32.940191,-117.152247,5354.1,71.8,2.46,161,82,274,,True,6.8
1938,32.940223,-117.152249,5357.4,72.0,2.62,160,82,276,,True,6.0
1939,32.940233,-117.152239,5359.2,72.2,2.48,160,82,277,,True,6.5
1940,32.940259,-117.152234,5361.8,72.4,2.36,160,82,278,,True,6.7
1941,32.940278,-117.152229,5364.0,72.4,2.44,161,82,277,,True,5.9
1942,32.940298,-117.152225,5366.4,72.6,2.46,160,83,274,,True,5.0
1943,32.940326,-117.152224,5369.3,72.8,2.38,161,83,272,,True,6.3
1944,32.940341,-117.152226,5371.3,72.8,2.42,161,84,273,,True,5.8
1945,32.940357,-117.152242,5373.9,73.0,2.42,161,84,274,,True,5.9
1946,32.940378,-117.152267,5376.7,73.2,2.54,161,84,277,,True,5.4
1947,32.940393,-117.152285,5379.4,73.4,2.6,161,84,279,,True,3.6
1948,32.94041,-117.152312,5382.5,73.4,2.64,161,83,289,,True,1.8
1949,32.94043,-117.152328,5385.1,73.4,2.76,161,83,288,,True,1.7
1950,32.940447,-117.152349,5387.9,73.4,2.8,161,82,296,,True,1.8
1951,32.940472,-117.152372,5391.0,73.6,2.86,161,82,296,,True,3.4
1952,32.940494,-117.152379,5393.7,73.6,2.86,161,83,296,,True,3.6
1953,32.940519,-117.152404,5396.8,73.8,2.86,162,83,300,,True,3.6
1954,32.940532,-117.152415,5398.9,73.8,2.76,161,83,295,,True,3.5
1955,32.940553,-117.152439,5402.1,74.0,2.84,161,85,290,,True,1.7
1956,32.940574,-117.152469,5405.2,74.0,2.84,161,85,289,,True,1.6
1957,32.940594,-117.15249,5408.4,74.0,2.94,162,85,288,,True,0.0
1958,32.94061,-117.152521,5411.6,74.0,2.96,161,83,294,,True,0.0
1959,32.940626,-117.152541,5414.2,74.0,3.06,161,83,294,,True,1.6
1960,32.940636,-117.152569,5417.4,74.0,3.06,161,84,290,,True,1.7
1961,32.940643,-117.15261,5421.0,74.2,3.16,162,84,286,,True,1.6
1962,32.94065,-117.152633,5423.7,74.2,3.06,162,84,286,,True,1.6
1963,32.940655,-117.15267,5426.8,74.2,3.04,162,83,286,,True,1.6
1964,32.940656,-117.152702,5429.9,74.2,3.14,162,83,281,,True,1.6
1965,32.940656,-117.152734,5433.4,74.4,3.2,163,83,280,,True,1.7
1966,32.940654,-117.152773,5436.5,74.4,3.1,163,83,280,,True,1.6
1967,32.94066,-117.152793,5438.9,74.4,3.04,163,83,283,,True,1.8
1968,32.940657,-117.152828,5442.1,74.4,3.06,163,84,282,,True,1.8
1969,32.940658,-117.152857,5444.7,74.6,2.96,163,84,279,,True,1.8
1970,32.94066,-117.152882,5447.4,74.6,2.8,163,83,281,,True,2.0
1971,32.940659,-117.152911,5449.8,74.6,2.66,163,83,281,,True,2.0
1972,32.940669,-117.152934,5452.1,74.6,2.64,163,82,280,,True,2.0
1973,32.940669,-117.152964,5454.8,74.8,2.54,163,82,280,,True,1.9
1974,32.940665,-117.152995,5457.6,74.8,2.58,163,82,281,,True,3.6
1975,32.94067,-117.153019,5460.4,74.8,2.6,163,83,283,,True,3.8
1976,32.940674,-117.153054,5463.1,75.0,2.66,163,84,286,,True,5.8
1977,32.940678,-117.153073,5465.3,75.2,2.64,163,84,285,,True,4.9
1978,32.940678,-117.153102,5467.9,75.4,2.62,163,84,282,,True,3.2
1979,32.940671,-117.153128,5470.3,75.4,2.54,164,84,279,,True,1.9
1980,32.940674,-117.153151,5472.7,75.4,2.46,163,84,279,,True,0.0
1981,32.940676,-117.153192,5475.7,75.4,2.52,163,83,279,,True,0.0
1982,32.940678,-117.153211,5478.1,75.4,2.56,164,83,280,,True,1.8
1983,32.940679,-117.153246,5481.4,75.4,2.7,163,83,278,,True,1.8
1984,32.940676,-117.153275,5484.1,75.6,2.76,163,84,276,,True,1.7
1985,32.940677,-117.153302,5486.9,75.6,2.84,164,84,276,,True,3.8
1986,32.940679,-117.153339,5489.7,75.6,2.8,164,85,275,,True,1.8
1987,32.940683,-117.153359,5492.0,75.8,2.78,163,84,280,,True,3.7
1988,32.940685,-117.153395,5495.0,75.8,2.72,164,84,281,,True,3.6
1989,32.940686,-117.153424,5497.8,76.0,2.74,164,84,280,,True,3.3
1990,32.940685,-117.153454,5500.8,76.0,2.78,164,84,279,,True,3.4
1991,32.94068,-117.153492,5504.2,76.2,2.9,163,85,277,,True,3.2
1992,32.940683,-117.153514,5506.9,76.2,2.98,164,85,283,,True,3.3
1993,32.940685,-117.153552,5510.2,76.4,3.04,164,85,292,,True,1.9
1994,32.940685,-117.153578,5512.8,76.4,3.0,163,85,292,,True,3.7
1995,32.940686,-117.153599,5514.9,76.4,2.82,164,85,292,,True,1.7
1996,32.940683,-117.153635,5517.7,76.6,2.7,164,84,292,,True,1.6
1997,32.940686,-117.153655,5519.9,76.6,2.6,163,84,290,,True,1.9
1998,32.940686,-117.153683,5522.2,76.6,2.4,163,84,289,,True,0.0
1999,32.940683,-117.153717,5525.2,76.6,2.48,163,84,286,,True,1.8
2000,32.940686,-117.153742,5528.1,76.6,2.64,163,84,286,,True,3.7
2001,32.940682,-117.153775,5530.8,76.8,2.62,163,84,288,,True,3.7
2002,32.940683,-117.153796,5533.0,77.0,2.62,163,84,291,,True,3.8
2003,32.94068,-117.153826,5535.9,77.0,2.74,163,83,291,,True,3.9
2004,32.940671,-117.153855,5538.5,77.0,2.66,162,83,286,,True,1.8
2005,32.94067,-117.153878,5541.1,77.2,2.6,162,83,286,,True,1.9
2006,32.940666,-117.153914,5543.9,77.2,2.62,162,83,289,,True,1.8
2007,32.940667,-117.153941,5546.5,77.2,2.7,162,84,290,,True,0.0
2008,32.940677,-117.153974,5549.9,77.2,2.8,162,83,287,,True,0.0
2009,32.940683,-117.154005,5552.4,77.2,2.78,162,83,285,,True,1.8
2010,32.940692,-117.154029,5554.9,77.2,2.76,162,83,286,,True,5.0
2011,32.94071,-117.154054,5557.5,77.4,2.72,162,84,286,,True,6.7
2012,32.940722,-117.154066,5559.4,77.6,2.58,162,84,289,,True,6.6
2013,32.940747,-117.154084,5562.0,77.8,2.42,162,84,290,,True,6.6
2014,32.940769,-117.154088,5564.4,78.0,2.4,162,84,289,,True,5.8
2015,32.940789,-117.154083,5567.1,78.0,2.44,162,85,286,,True,4.7
2016,32.94082,-117.154083,5569.7,78.2,2.44,162,85,284,,True,3.9
2017,32.940834,-117.154078,5571.9,78.4,2.5,162,85,286,,True,6.0
2018,32.940861,-117.154075,5574.7,78.4,2.54,162,85,289,,True,6.8
2019,32.940882,-117.154078,5577.1,78.6,2.54,162,85,290,,True,6.8
2020,32.940898,-117.154075,5579.3,78.8,2.44,162,84,295,,True,8.8
2021,32.940922,-117.154085,5581.4,79.0,2.34,162,83,300,,True,8.6
2022,32.940942,-117.154089,5583.6,79.2,2.34,163,83,303,,True,6.7
2023,32.94096,-117.15409,5586.0,79.4,2.26,163,82,303,,True,6.2
2024,32.94099,-117.1541,5588.7,79.6,2.32,163,81,304,,True,5.6
2025,32.941008,-117.154102,5591.3,79.6,2.4,163,81,306,,True,3.8
2026,32.941035,-117.154108,5594.4,79.8,2.6,163,81,307,,True,4.0
2027,32.941057,-117.154119,5596.5,79.8,2.58,163,81,307,,True,5.3
2028,32.941074,-117.154117,5598.7,80.0,2.54,163,82,309,,True,6.0
2029,32.941095,-117.154117,5600.8,80.2,2.42,163,82,310,,True,7.6
2030,32.941114,-117.154111,5602.6,80.2,2.26,164,82,309,,True,7.0
2031,32.941126,-117.154106,5604.4,80.4,2.0,164,82,307,,True,5.6
