t,lat,lng,distance_m,altitude_m,velocity_ms,heartrate,cadence,watts,temp_c,moving,grade_pct
0,32.941338,-117.154056,0.0,83.8,0.0,71,,,,False,0.0
1,32.941336,-117.154055,0.0,83.8,0.0,71,,,,False,0.0
3,32.941334,-117.154058,0.0,83.8,0.0,70,,,,False,0.0
6,32.941263,-117.154062,7.9,83.8,1.58,70,,,,True,1.0
7,32.941241,-117.15408,11.0,83.8,1.833,70,,,,True,1.9
10,32.941203,-117.154155,19.3,84.0,2.757,71,,,,True,2.3
14,32.941109,-117.154211,31.1,84.4,2.871,74,,,,True,1.9
15,32.941078,-117.154213,34.5,84.4,3.04,75,,,,True,-1.5
17,32.941001,-117.154203,43.1,84.4,3.4,75,,,,True,-4.2
20,32.940857,-117.154185,58.9,83.4,4.88,76,,,,True,-4.8
22,32.94077,-117.154185,68.9,82.8,5.16,76,,,,True,-3.9
24,32.940702,-117.154194,76.5,82.4,4.771,77,,,,True,-2.3
29,32.940536,-117.154197,94.9,82.4,3.714,78,,,,True,-2.3
33,32.940384,-117.15417,111.9,82.2,3.933,81,,,,True,-2.4
35,32.940299,-117.154148,121.4,81.6,4.417,86,,,,True,-4.9
36,32.940249,-117.154145,126.9,81.2,4.571,88,,,,True,-8.0
38,32.940132,-117.154146,139.8,80.2,5.58,90,,,,True,-9.3
39,32.94007,-117.154149,146.8,79.4,5.817,90,,,,True,-10.1
40,32.940009,-117.154152,153.6,78.6,6.44,89,,,,True,-9.9
42,32.939893,-117.154165,166.4,77.2,6.583,88,,,,True,-8.6
44,32.939783,-117.154157,178.3,76.4,6.3,87,,,,True,-6.7
45,32.939742,-117.154118,183.9,76.2,6.06,87,,,,True,-2.5
46,32.939712,-117.15407,189.4,76.2,5.967,87,,,,True,-0.5
49,32.939637,-117.153905,206.9,76.2,5.72,86,,,,True,-1.1
51,32.939579,-117.153795,218.9,76.2,5.9,86,,,,True,-1.8
54,32.939475,-117.153629,237.8,75.6,6.18,86,,,,True,-2.8
55,32.939423,-117.153593,244.0,75.2,6.183,86,,,,True,-3.8
56,32.939366,-117.153588,250.0,75.0,6.22,87,,,,True,-4.0
57,32.939312,-117.15361,256.2,74.8,6.217,86,,,,True,-2.5
58,32.93926,-117.153646,262.8,74.6,6.271,86,,,,True,-2.4
60,32.939169,-117.153745,276.5,74.4,6.5,85,,,,True,-1.8
61,32.939133,-117.153802,283.2,74.2,6.64,85,,,,True,-1.3
62,32.939099,-117.153862,290.0,74.2,6.76,82,,,,True,-1.5
65,32.93901,-117.154049,309.8,74.0,6.66,80,,,,True,-1.6
66,32.938999,-117.154121,316.9,73.8,6.74,80,,,,True,-1.7
71,32.938965,-117.154414,344.7,73.2,5.817,78,,,,True,-1.9
73,32.938936,-117.154447,349.3,73.2,4.629,78,,,,True,-0.9
74,32.938909,-117.154446,352.1,73.2,4.4,78,,,,True,1.0
78,32.938826,-117.154467,362.1,73.4,2.56,77,,,,True,-1.2
79,32.938809,-117.154499,365.5,73.4,2.68,77,,,,True,-1.7
83,32.938718,-117.154654,382.8,72.8,4.14,78,,,,True,-3.6
84,32.938701,-117.154691,386.8,72.6,4.26,78,,,,True,-4.9
85,32.938672,-117.154704,390.0,72.4,4.083,78,,,,True,-7.2
87,32.938593,-117.154694,397.9,71.8,4.05,79,,,,True,-10.7
88,32.938555,-117.15469,402.2,71.4,3.88,79,,,,True,-14.1
90,32.938511,-117.154675,407.4,70.4,3.48,78,,,,True,-15.6
95,32.938505,-117.154669,408.4,69.8,0.886,79,,,,False,-17.0
103,32.938488,-117.154681,410.7,69.8,0.254,76,,,,False,-12.6
104,32.938481,-117.154678,411.4,69.6,0.333,76,,,,True,-9.7
106,32.93847,-117.154669,412.8,69.6,0.4,76,,,,True,-2.6
108,32.938462,-117.154622,416.9,69.2,1.24,76,,,,True,-2.0
109,32.938455,-117.154592,419.8,69.2,1.68,76,,,,True,-1.8
114,32.938419,-117.154368,441.2,69.0,4.05,76,,,,True,-0.5
115,32.93842,-117.154317,446.1,69.0,4.383,76,,,,True,0.0
118,32.938429,-117.154165,460.4,69.0,4.511,76,,,,True,0.6
119,32.938431,-117.154115,465.0,69.2,4.76,77,,,,True,1.1
121,32.938441,-117.154011,474.7,69.2,4.767,77,,,,True,2.8
126,32.938474,-117.153754,499.0,69.6,4.857,77,,,,True,3.1
129,32.93851,-117.153635,510.7,70.4,4.5,78,,,,True,3.5
131,32.938529,-117.153576,516.7,70.8,3.54,79,,,,True,3.7
133,32.938535,-117.153526,520.9,70.8,3.129,80,,,,True,-0.9
135,32.938487,-117.153505,526.1,70.6,2.567,81,,,,True,-5.0
137,32.938443,-117.153555,532.9,70.2,2.7,88,,,,True,-6.9
138,32.938417,-117.153587,536.9,69.8,3.2,93,,,,True,-7.3
139,32.938387,-117.153615,541.2,69.4,3.383,98,,,,True,-9.9
140,32.93835,-117.153634,545.4,69.2,3.86,100,,,,True,-9.4
142,32.93826,-117.153638,555.2,68.0,4.46,102,,,,True,-9.4
144,32.938155,-117.153641,566.6,67.0,5.08,103,,,,True,-8.9
146,32.938079,-117.153618,575.3,66.2,4.983,103,,,,True,-7.4
148,32.938041,-117.153564,581.5,66.0,4.383,104,,,,True,-3.8
149,32.938044,-117.153527,585.0,65.8,3.68,104,,,,True,-0.9
154,32.938093,-117.153335,603.6,65.6,3.683,103,,,,True,0.0
160,32.938151,-117.153165,621.4,65.8,3.309,102,,,,True,0.6
165,32.938286,-117.152984,643.3,66.0,3.609,102,,,,True,1.2
166,32.938286,-117.152931,647.8,66.2,4.4,102,,,,True,1.0
167,32.938263,-117.152886,652.6,66.2,4.457,103,,,,True,0.6
169,32.938201,-117.152824,661.8,66.2,4.489,103,,,,True,0.0
172,32.938087,-117.152753,676.0,66.2,4.68,103,,,,True,0.7
174,32.938033,-117.152676,685.2,66.2,4.68,104,,,,True,0.8
179,32.937915,-117.15247,708.6,66.6,4.657,107,,,,True,1.0
180,32.937897,-117.152428,712.9,66.6,4.617,108,,,,True,0.9
181,32.93788,-117.152383,717.5,66.6,4.614,109,,,,True,0.0
184,32.937792,-117.152294,730.9,66.6,4.46,110,,,,True,0.8
185,32.937755,-117.152279,734.9,66.6,4.4,110,,,,True,0.7
186,32.937735,-117.152245,738.7,66.8,4.24,110,,,,True,0.8
188,32.937738,-117.152162,746.2,66.8,4.1,111,,,,True,0.7
190,32.937729,-117.152069,754.8,66.8,3.98,112,,,,True,-0.5
192,32.937673,-117.152006,763.3,66.8,4.1,112,,,,True,-1.0
195,32.937591,-117.151895,777.2,66.6,4.48,113,,,,True,-0.6
197,32.937527,-117.151841,785.8,66.4,4.5,114,,,,True,-1.1
198,32.937514,-117.151796,790.1,66.6,4.467,114,,,,True,0.0
200,32.937489,-117.151694,800.0,66.4,4.56,115,,,,True,0.4
204,32.937484,-117.151515,817.1,66.6,4.5,116,,,,True,-0.3
209,32.937519,-117.151277,839.8,66.6,4.422,115,,,,True,0.6
211,32.937536,-117.151179,849.0,66.4,4.557,115,,,,True,0.7
215,32.937582,-117.150993,867.3,66.8,4.583,116,,,,True,1.5
216,32.937602,-117.15095,871.8,67.0,4.56,115,,,,True,1.5
218,32.937642,-117.150869,880.7,67.2,4.529,114,,,,True,1.0
223,32.93775,-117.150665,903.2,67.2,4.486,115,,,,True,0.0
224,32.937774,-117.150623,907.8,67.2,4.517,116,,,,True,-1.4
225,32.937788,-117.150567,913.2,67.0,4.643,117,,,,True,-2.3
227,32.937841,-117.150469,924.1,66.6,4.822,119,,,,True,-2.2
228,32.937882,-117.150435,929.3,66.6,5.22,119,,,,True,0.0
229,32.93793,-117.150414,935.2,66.6,5.48,119,,,,True,1.7
232,32.938054,-117.150381,949.3,67.0,5.04,120,,,,True,1.5
234,32.938131,-117.150338,958.9,67.2,4.74,119,,,,True,2.4
236,32.93819,-117.150261,968.2,67.2,4.714,119,,,,True,2.7
240,32.938337,-117.150198,986.0,67.8,4.517,121,,,,True,2.8
242,32.938406,-117.150204,993.4,68.2,4.2,122,,,,True,3.1
244,32.938485,-117.150218,1002.1,68.4,4.237,123,,,,True,2.7
245,32.938524,-117.150216,1006.6,68.4,4.12,123,,,,True,2.0
251,32.938726,-117.150158,1030.0,69.0,3.986,124,,,,True,2.1
254,32.938824,-117.150097,1042.3,69.2,3.967,126,,,,True,1.5
256,32.93889,-117.150065,1050.2,69.4,4.04,126,,,,True,0.6
262,32.939091,-117.149971,1074.4,69.4,4.013,129,,,,True,0.3
267,32.939244,-117.149863,1094.2,69.4,4.0,127,,,,True,0.5
272,32.939419,-117.149845,1113.6,69.4,3.92,126,,,,True,1.4
276,32.939537,-117.149911,1128.2,69.8,3.778,126,,,,True,2.1
281,32.939696,-117.150014,1148.1,70.4,3.833,126,,,,True,2.4
282,32.93973,-117.150016,1151.9,70.6,3.95,127,,,,True,2.7
287,32.939886,-117.14995,1170.8,70.8,3.783,127,,,,True,2.8
292,32.939969,-117.149798,1187.6,71.4,3.57,130,,,,True,3.6
293,32.939983,-117.149773,1190.6,71.6,3.3,130,,,,True,5.8
297,32.940057,-117.149673,1202.5,72.4,2.98,131,,,,True,6.8
298,32.940069,-117.149642,1205.4,72.8,2.96,131,,,,True,6.8
299,32.940066,-117.149609,1208.3,72.8,2.95,131,,,,True,1.6
300,32.940051,-117.149583,1211.2,73.0,2.943,132,,,,True,-0.9
305,32.93993,-117.149478,1227.6,72.8,3.217,135,,,,True,-0.8
310,32.939864,-117.149278,1247.8,72.4,3.66,134,,,,True,-0.8
317,32.939809,-117.148899,1283.5,72.2,4.658,133,,,,True,0.0
322,32.939796,-117.148628,1309.2,72.2,5.117,132,,,,True,0.7
327,32.939778,-117.148432,1327.7,72.8,4.42,132,,,,True,1.5
335,32.9398,-117.148069,1361.7,73.2,4.038,132,,,,True,1.8
342,32.93985,-117.147768,1390.5,73.8,4.187,132,,,,True,1.1
344,32.939867,-117.147684,1398.4,73.8,4.078,131,,,,True,1.0
349,32.939914,-117.147468,1419.4,73.8,4.129,134,,,,True,0.0
350,32.939931,-117.147427,1423.6,73.8,4.2,136,,,,True,-0.4
352,32.939961,-117.147347,1431.7,73.8,4.162,140,,,,True,-1.3
355,32.939984,-117.147213,1444.4,73.6,4.16,141,,,,True,-2.3
356,32.939976,-117.147158,1449.4,73.4,4.3,141,,,,True,-2.5
359,32.939939,-117.146985,1466.2,72.8,4.929,137,,,,True,-2.4
360,32.939934,-117.146922,1472.1,72.8,5.54,137,,,,True,-1.8
361,32.939931,-117.146867,1477.4,72.8,5.6,137,,,,True,-0.2
366,32.939918,-117.146565,1505.7,72.4,5.6,136,,,,True,-0.2
374,32.939912,-117.146123,1547.0,72.6,5.354,137,,,,True,-0.1
383,32.939899,-117.145649,1591.4,72.6,5.041,139,,,,True,-0.1
392,32.939864,-117.145133,1639.8,72.6,5.156,139,,,,True,-0.3
397,32.939852,-117.144842,1667.0,72.2,5.4,138,,,,True,-0.2
400,32.939844,-117.144669,1683.2,72.2,5.425,136,,,,True,-0.5
404,32.93983,-117.144443,1704.4,72.4,5.343,134,,,,True,0.3
407,32.939827,-117.144284,1719.6,72.2,5.2,133,,,,True,0.3
412,32.939819,-117.144023,1743.7,72.4,4.912,132,,,,True,0.4
413,32.93982,-117.143967,1749.0,72.4,4.9,132,,,,True,0.9
414,32.939813,-117.143913,1754.0,72.6,4.914,132,,,,True,0.8
416,32.939796,-117.143808,1764.1,72.6,4.944,131,,,,True,0.7
417,32.939805,-117.143755,1769.1,72.6,5.08,131,,,,True,0.0
419,32.93981,-117.143641,1779.6,72.6,5.12,131,,,,True,-0.4
422,32.9398,-117.14347,1795.8,72.6,5.34,130,,,,True,0.0
425,32.9398,-117.143295,1812.1,72.4,5.417,130,,,,True,0.3
429,32.939783,-117.143063,1833.8,72.6,5.429,130,,,,True,0.3
431,32.939762,-117.142955,1844.2,72.8,5.35,129,,,,True,0.8
433,32.939729,-117.142852,1854.6,72.8,5.313,128,,,,True,0.6
434,32.939699,-117.142808,1859.7,72.8,5.18,127,,,,True,0.0
435,32.939663,-117.142773,1864.7,72.8,5.15,127,,,,True,2.5
437,32.939642,-117.142692,1872.6,72.8,4.733,128,,,,True,2.8
441,32.939673,-117.142537,1887.1,73.6,3.733,125,,,,True,1.8
443,32.939674,-117.142448,1895.6,73.8,3.833,124,,,,True,2.0
446,32.939656,-117.142311,1908.7,73.6,4.32,124,,,,True,0.0
447,32.939656,-117.142263,1913.1,73.6,4.333,125,,,,True,-0.4
450,32.939686,-117.142125,1926.2,73.6,4.371,128,,,,True,0.8
454,32.939796,-117.14199,1943.7,73.6,4.371,129,,,,True,2.1
457,32.939904,-117.141911,1957.9,74.0,4.529,130,,,,True,2.8
460,32.940013,-117.141853,1971.1,74.8,4.567,130,,,,True,3.7
461,32.940049,-117.141831,1975.6,75.0,4.557,131,,,,True,3.4
468,32.940261,-117.141665,2003.8,75.8,4.088,131,,,,True,3.0
471,32.940355,-117.141595,2016.2,76.0,4.06,132,,,,True,3.1
475,32.940472,-117.14152,2031.0,76.6,3.886,133,,,,True,3.7
479,32.940584,-117.14142,2046.4,77.2,3.775,134,,,,True,4.1
483,32.940689,-117.141303,2062.6,78.0,3.95,136,,,,True,3.8
485,32.940723,-117.14123,2070.1,78.2,3.95,138,,,,True,2.6
487,32.940735,-117.141145,2078.1,78.4,3.962,138,,,,True,1.4
494,32.940774,-117.140819,2108.8,78.8,4.3,141,,,,True,1.0
496,32.940785,-117.140719,2118.4,78.8,4.478,143,,,,True,-0.2
503,32.940807,-117.140392,2149.1,79.0,4.478,144,,,,True,-0.2
509,32.940837,-117.140082,2178.2,78.2,4.6,143,,,,True,0.3
515,32.940855,-117.139818,2203.2,78.6,4.508,141,,,,True,0.0
523,32.940885,-117.139439,2238.8,79.2,4.329,140,,,,True,0.7
531,32.940882,-117.139025,2277.4,79.0,4.638,141,,,,True,0.3
539,32.940851,-117.138603,2317.0,79.2,4.887,143,,,,True,0.0
543,32.940833,-117.138382,2337.7,79.0,5.025,144,,,,True,0.5
546,32.94081,-117.138215,2353.9,79.2,5.271,143,,,,True,0.6
548,32.940801,-117.138109,2363.8,79.4,5.22,144,,,,True,1.1
553,32.940788,-117.13785,2388.1,79.6,4.886,143,,,,True,-0.8
562,32.940815,-117.137402,2430.0,80.0,4.729,142,,,,True,-1.9
567,32.940832,-117.137078,2460.4,78.4,5.164,141,,,,True,-3.0
570,32.940843,-117.136854,2481.3,77.2,6.413,140,,,,True,-5.5
572,32.940878,-117.136711,2495.2,76.4,6.96,140,,,,True,-3.9
573,32.940904,-117.136642,2502.1,76.0,6.95,139,,,,True,-0.9
577,32.941028,-117.136418,2527.3,75.8,6.42,139,,,,True,0.3
581,32.941135,-117.13622,2549.2,76.6,5.887,138,,,,True,0.6
583,32.941162,-117.136113,2559.6,76.6,5.383,136,,,,True,0.7
585,32.941165,-117.135993,2570.7,76.4,5.425,131,,,,True,-1.9
587,32.941145,-117.135874,2581.8,76.2,5.433,129,,,,True,-2.7
589,32.94108,-117.135796,2592.2,75.8,5.433,128,,,,True,-3.4
590,32.941059,-117.135756,2596.5,75.6,5.16,128,,,,True,-4.1
592,32.940996,-117.135682,2606.1,75.2,4.86,129,,,,True,-4.1
593,32.940952,-117.135674,2611.0,75.0,4.867,129,,,,True,-3.3
594,32.940903,-117.135673,2616.4,74.8,4.84,128,,,,True,-2.5
598,32.940694,-117.135669,2639.3,74.2,5.66,125,,,,True,-0.9
599,32.940638,-117.135672,2645.7,74.2,5.86,124,,,,True,-0.4
601,32.940532,-117.135686,2657.5,74.6,5.871,121,,,,True,1.5
603,32.94043,-117.135686,2668.4,74.6,5.82,120,,,,True,1.4
605,32.940336,-117.135651,2679.5,74.8,5.633,119,,,,True,1.1
607,32.940285,-117.13558,2687.9,74.8,5.067,120,,,,True,1.4
608,32.940277,-117.135529,2692.7,75.0,4.86,119,,,,True,0.5
609,32.940275,-117.135475,2697.8,75.0,4.9,119,,,,True,0.5
613,32.940296,-117.135246,2719.1,75.0,5.28,120,,,,True,0.5
621,32.940346,-117.134792,2761.8,75.2,5.333,119,,,,True,0.6
629,32.940368,-117.134344,2804.1,75.6,5.313,119,,,,True,0.6
636,32.940401,-117.133977,2838.4,75.8,5.107,120,,,,True,0.7
637,32.940416,-117.133926,2843.4,75.8,4.913,119,,,,True,0.6
638,32.940438,-117.133878,2848.6,75.8,4.944,119,,,,True,0.4
642,32.940532,-117.133698,2868.4,76.0,5.0,119,,,,True,0.6
646,32.940624,-117.133526,2887.4,76.0,4.85,118,,,,True,1.0
650,32.940747,-117.133379,2906.7,76.2,4.787,118,,,,True,1.0
651,32.940774,-117.133338,2911.6,76.4,4.84,119,,,,True,1.3
654,32.940842,-117.133208,2925.9,76.6,4.813,123,,,,True,1.2
656,32.940882,-117.133118,2935.0,76.6,4.68,122,,,,True,1.4
657,32.940897,-117.133065,2940.5,76.6,4.817,123,,,,True,1.2
660,32.940926,-117.132918,2954.9,77.0,4.833,125,,,,True,1.7
661,32.940934,-117.132868,2959.3,77.0,4.86,126,,,,True,0.9
663,32.940941,-117.132765,2969.3,77.2,4.8,125,,,,True,0.5
666,32.94094,-117.132602,2984.3,77.0,5.0,122,,,,True,0.9
668,32.940929,-117.132496,2994.6,77.2,5.06,121,,,,True,1.2
670,32.940915,-117.132399,3003.6,77.4,4.9,121,,,,True,1.9
677,32.940889,-117.132043,3037.1,78.0,4.722,122,,,,True,2.0
681,32.940893,-117.131839,3056.2,78.4,4.782,125,,,,True,1.8
683,32.940899,-117.131739,3065.9,78.6,4.8,133,,,,True,1.6
684,32.940899,-117.131689,3070.2,78.6,4.729,137,,,,True,0.9
685,32.940901,-117.131639,3074.8,78.6,4.713,137,,,,True,0.8
686,32.940902,-117.131586,3079.5,78.6,4.66,137,,,,True,0.6
694,32.940912,-117.13117,3118.7,79.0,4.878,136,,,,True,0.8
698,32.940894,-117.130971,3137.6,79.0,4.842,134,,,,True,0.8
701,32.940866,-117.130821,3151.7,79.2,4.714,135,,,,True,0.6
707,32.940763,-117.130577,3177.6,79.4,4.444,135,,,,True,0.7
708,32.940745,-117.130538,3181.6,79.4,4.271,135,,,,True,0.8
716,32.940603,-117.130194,3217.7,79.6,4.456,135,,,,True,1.0
719,32.940578,-117.130075,3228.8,79.8,4.291,131,,,,True,1.6
721,32.940596,-117.129999,3235.6,80.0,3.58,130,,,,True,2.7
724,32.94069,-117.129978,3244.8,80.4,3.2,130,,,,True,4.0
725,32.9407,-117.129945,3247.8,80.4,3.167,130,,,,True,2.7
727,32.940687,-117.129883,3254.0,80.8,3.067,129,,,,True,2.9
731,32.940615,-117.129799,3264.7,80.8,2.817,128,,,,True,3.4
736,32.940607,-117.129637,3279.7,81.4,2.856,127,,,,True,3.9
737,32.940606,-117.129607,3282.6,81.6,2.983,128,,,,True,4.7
742,32.940623,-117.129417,3300.1,82.6,3.4,129,,,,True,5.1
743,32.94063,-117.129386,3303.4,82.6,3.467,129,,,,True,3.1
747,32.940641,-117.129309,3311.2,83.0,2.22,128,,,,True,-0.5
751,32.940603,-117.12914,3327.4,83.0,3.0,131,,,,True,-0.5
755,32.940544,-117.128979,3344.3,82.4,4.138,134,,,,True,-1.6
756,32.940523,-117.128964,3347.0,82.4,3.92,134,,,,True,-1.6
757,32.940522,-117.128946,3348.9,82.4,3.583,133,,,,True,5.9
759,32.940529,-117.128894,3353.2,82.6,3.225,133,,,,True,5.0
763,32.940525,-117.128771,3364.7,83.6,2.633,132,,,,True,4.4
765,32.940526,-117.128704,3371.1,83.6,2.983,132,,,,True,2.9
772,32.940529,-117.128453,3394.6,84.4,3.322,134,,,,True,1.2
776,32.940458,-117.128323,3408.9,84.2,3.436,135,,,,True,1.7
778,32.940472,-117.128257,3415.2,84.2,3.433,137,,,,True,0.0
779,32.940482,-117.128227,3418.2,84.4,3.371,138,,,,True,0.0
780,32.940485,-117.128195,3421.3,84.4,3.338,141,,,,True,-1.0
782,32.940491,-117.128122,3428.1,84.2,3.2,145,,,,True,-0.4
784,32.940504,-117.128041,3435.4,84.0,3.44,145,,,,True,0.3
791,32.940537,-117.127734,3464.7,84.2,4.067,144,,,,True,0.9
795,32.94054,-117.127568,3480.2,84.6,4.073,143,,,,True,1.2
798,32.940558,-117.127443,3492.0,84.8,3.9,143,,,,True,1.1
804,32.940587,-117.127187,3516.6,85.0,4.044,142,,,,True,0.6
809,32.940668,-117.126995,3536.8,85.0,4.073,144,,,,True,0.2
813,32.940729,-117.12685,3552.2,85.0,3.956,144,,,,True,0.0
819,32.94085,-117.126651,3575.3,85.0,3.85,145,,,,True,-0.4
821,32.940855,-117.126576,3582.2,85.0,3.75,145,,,,True,-1.5
823,32.940867,-117.126503,3589.4,84.8,3.72,145,,,,True,-1.7
827,32.940927,-117.126334,3606.2,84.2,4.0,145,,,,True,-1.6
833,32.940983,-117.126052,3633.4,84.0,4.4,145,,,,True,-1.4
839,32.941009,-117.125788,3658.5,83.8,4.358,145,,,,True,-0.3
840,32.941036,-117.125749,3662.8,83.8,4.2,145,,,,True,0.4
842,32.941043,-117.125658,3671.8,84.0,4.267,143,,,,True,1.4
845,32.941068,-117.125529,3684.0,84.2,4.24,140,,,,True,1.7
846,32.941061,-117.125485,3688.0,84.2,4.2,139,,,,True,2.0
851,32.941077,-117.125257,3709.3,84.6,4.217,138,,,,True,0.8
856,32.941107,-117.125036,3730.9,85.2,4.29,136,,,,True,0.5
862,32.941112,-117.124752,3757.4,84.8,4.373,137,,,,True,-0.3
864,32.941128,-117.12465,3766.9,84.6,4.5,136,,,,True,-0.9
866,32.941125,-117.124561,3775.8,84.4,4.49,136,,,,True,0.0
871,32.941103,-117.124358,3794.7,84.6,3.971,135,,,,True,0.0
876,32.941111,-117.12413,3816.2,84.8,4.04,135,,,,True,0.0
882,32.941216,-117.123894,3841.0,84.6,4.209,135,,,,True,0.3
884,32.94125,-117.123805,3849.9,84.4,4.213,135,,,,True,0.0
886,32.941287,-117.123713,3859.4,84.8,4.32,134,,,,True,-0.9
887,32.941306,-117.123668,3864.3,84.8,4.66,134,,,,True,0.7
892,32.941344,-117.12344,3885.9,84.2,4.417,134,,,,True,1.4
897,32.941471,-117.123258,3908.4,84.8,4.41,132,,,,True,3.5
899,32.941518,-117.123217,3914.9,85.6,4.143,131,,,,True,7.5
901,32.941563,-117.12318,3920.7,86.8,3.867,131,,,,True,13.0
902,32.941583,-117.123163,3923.4,87.0,3.0,132,,,,True,14.5
905,32.941642,-117.123115,3931.5,87.8,2.767,135,,,,True,12.7
907,32.941673,-117.12309,3935.6,88.6,2.44,138,,,,True,14.1
908,32.94169,-117.123074,3938.0,89.0,2.433,139,,,,True,15.7
911,32.941734,-117.123022,3944.7,90.0,2.2,143,,,,True,15.2
912,32.941747,-117.12301,3946.8,90.2,2.24,145,,,,True,15.4
914,32.941778,-117.122976,3951.4,91.0,2.233,147,,,,True,16.4
915,32.941787,-117.122954,3953.6,91.4,2.229,148,,,,True,16.3
917,32.941824,-117.122934,3958.1,92.2,2.26,149,,,,True,14.4
918,32.941843,-117.122935,3960.3,92.4,2.25,150,,,,True,9.5
919,32.941862,-117.122929,3962.5,92.6,2.22,150,,,,True,4.6
922,32.941912,-117.122903,3968.4,92.8,2.06,153,,,,True,1.9
925,32.941962,-117.122854,3975.6,93.0,2.183,154,,,,True,0.8
931,32.942078,-117.122739,3992.3,93.0,2.656,153,,,,True,0.4
937,32.942221,-117.122637,4010.9,93.0,2.942,156,,,,True,1.0
939,32.942257,-117.122587,4017.0,93.0,3.087,160,,,,True,1.4
945,32.94234,-117.122434,4034.2,93.6,2.912,160,,,,True,4.6
946,32.942351,-117.12241,4036.7,93.6,2.814,159,,,,True,6.6
950,32.942398,-117.122336,4045.4,94.6,2.24,160,,,,True,10.7
951,32.94241,-117.122319,4047.5,95.0,2.16,159,,,,True,10.8
954,32.942444,-117.12228,4052.9,95.6,2.025,158,,,,True,4.4
957,32.942493,-117.12225,4058.9,96.0,1.9,159,,,,True,1.5
962,32.942565,-117.122131,4072.6,95.8,2.462,158,,,,True,-2.8
967,32.942659,-117.122042,4086.3,95.6,2.74,157,,,,True,-5.2
970,32.942735,-117.12198,4096.5,94.4,2.988,156,,,,True,-5.9
972,32.942817,-117.121954,4105.3,93.6,3.8,156,,,,True,-8.7
973,32.942847,-117.121921,4109.6,93.6,3.883,155,,,,True,-7.1
974,32.942857,-117.121879,4113.8,93.2,3.929,155,,,,True,-6.9
975,32.942852,-117.121819,4119.1,92.8,4.52,155,,,,True,-7.2
977,32.942858,-117.121681,4131.2,91.8,5.18,155,,,,True,0.0
979,32.942849,-117.121596,4140.0,91.4,5.24,154,,,,True,2.2
983,32.942846,-117.121463,4152.1,93.2,3.483,153,,,,True,7.7
984,32.942853,-117.121432,4155.3,93.6,3.06,153,,,,True,9.9
987,32.942866,-117.121358,4162.5,94.2,2.813,152,,,,True,3.0
990,32.942852,-117.121275,4170.4,94.4,2.517,150,,,,True,1.1
995,32.942842,-117.121122,4184.9,94.2,2.8,150,,,,True,-1.0
998,32.942844,-117.121031,4193.3,94.0,2.863,153,,,,True,-1.9
1001,32.942841,-117.120931,4202.6,93.8,2.95,152,,,,True,-2.5
1007,32.942879,-117.120722,4222.7,93.4,3.267,152,,,,True,-1.8
1008,32.942893,-117.120692,4225.7,93.2,3.3,152,,,,True,-1.2
1012,32.942964,-117.120582,4238.7,93.2,3.2,151,,,,True,-0.6
1016,32.943001,-117.120449,4251.8,93.2,3.263,150,,,,True,1.0
1018,32.943021,-117.120387,4258.0,93.2,3.217,147,,,,True,1.3
1021,32.943069,-117.120304,4267.5,93.6,3.14,144,,,,True,2.3
1022,32.943085,-117.120275,4270.5,93.6,3.117,144,,,,True,1.4
1027,32.943185,-117.120165,4286.1,94.0,3.1,144,,,,True,-1.3
1032,32.943259,-117.120018,4302.0,93.8,3.15,143,,,,True,-1.1
1039,32.943404,-117.119807,4328.0,92.8,3.492,142,,,,True,-1.5
1043,32.943517,-117.119712,4343.0,92.8,3.727,141,,,,True,-1.1
1048,32.943669,-117.119583,4364.5,92.8,4.056,141,,,,True,1.0
1050,32.943706,-117.1195,4373.2,93.0,4.314,142,,,,True,2.4
1054,32.943805,-117.119373,4389.4,93.4,4.15,141,,,,True,3.8
1059,32.94393,-117.119235,4408.4,94.4,3.911,140,,,,True,3.0
1060,32.943956,-117.119218,4411.5,94.6,3.683,139,,,,True,3.0
1064,32.944062,-117.119125,4426.4,94.6,3.6,136,,,,True,-0.6
1065,32.944087,-117.119101,4429.9,94.6,3.68,136,,,,True,-1.7
1068,32.944204,-117.119068,4442.7,94.2,3.9,135,,,,True,-3.2
1069,32.944235,-117.119042,4447.0,94.0,4.12,134,,,,True,-2.5
1070,32.944265,-117.119011,4451.4,93.8,4.3,134,,,,True,-1.5
1073,32.944307,-117.118907,4462.5,93.8,3.96,132,,,,True,-2.0
1078,32.944422,-117.118763,4481.9,93.6,3.813,129,,,,True,-2.9
1079,32.944461,-117.118731,4487.0,93.2,4.083,129,,,,True,-4.5
1080,32.944496,-117.118684,4492.4,92.6,4.271,129,,,,True,-6.7
1081,32.944518,-117.118633,4497.7,92.2,4.4,129,,,,True,-0.8
1082,32.944522,-117.118579,4502.8,92.2,4.478,129,,,,True,4.5
1084,32.944501,-117.118492,4511.1,93.0,4.82,129,,,,True,10.4
1085,32.944509,-117.118456,4514.5,93.6,4.42,129,,,,True,9.5
1087,32.944556,-117.118415,4520.7,94.6,3.58,129,,,,True,9.5
1092,32.944657,-117.118263,4538.5,95.6,3.429,131,,,,True,9.2
1094,32.944662,-117.118249,4540.6,95.8,2.843,131,,,,True,6.0
1095,32.944662,-117.118249,4540.6,96.0,2.488,131,,,,False,-5.7
1100,32.944662,-117.118249,4540.6,95.8,0.0,136,,,,False,-5.7
1101,32.944662,-117.118249,4540.6,95.8,0.0,139,,,,False,-17.1
1108,32.944662,-117.118249,4542.0,95.4,0.175,140,,,,False,-17.1
1113,32.944662,-117.118249,4542.0,95.6,0.117,137,,,,False,-22.9
1120,32.944662,-117.118249,4542.0,95.4,0.0,137,,,,False,-22.9
1124,32.944662,-117.118249,4542.0,95.2,0.0,134,,,,False,-28.6
1127,32.944662,-117.118249,4542.0,95.0,0.0,131,,,,False,-18.2
1129,32.944662,-117.118249,4542.0,95.0,0.0,127,,,,False,0.0
1130,32.944662,-117.118249,4542.0,95.0,0.0,124,,,,False,0.0
1132,32.944662,-117.118249,4542.0,94.8,0.0,120,,,,False,0.0
1134,32.944662,-117.118249,4542.0,94.8,0.0,115,,,,False,0.0
1136,32.944662,-117.118249,4542.0,94.8,0.0,110,,,,False,-22.2
1137,32.944662,-117.118249,4542.0,94.8,0.0,108,,,,False,-13.7
1140,32.944662,-117.118249,4542.0,94.6,0.0,103,,,,False,-12.0
1141,32.944662,-117.118249,4542.0,94.6,0.0,101,,,,False,-10.3
1143,32.944662,-117.118249,4542.0,94.6,0.0,97,,,,False,-10.3
1147,32.944655,-117.118243,4542.9,94.8,0.15,97,,,,False,-8.5
1150,32.944637,-117.11823,4545.1,94.6,0.443,97,,,,True,-8.5
1152,32.944628,-117.118173,4550.1,94.0,1.44,98,,,,True,-11.5
1153,32.944616,-117.118135,4553.7,93.6,1.8,98,,,,True,-12.1
1155,32.944599,-117.118049,4562.0,92.6,3.38,97,,,,True,-12.9
1156,32.9446,-117.118004,4566.5,92.0,3.567,97,,,,True,-14.0
1157,32.944594,-117.117964,4570.3,91.4,4.04,97,,,,True,-16.9
1159,32.944568,-117.117884,4578.0,90.2,4.05,96,,,,True,-17.9
1160,32.944542,-117.117849,4582.1,89.2,4.02,96,,,,True,-14.4
1161,32.944517,-117.117811,4586.6,88.4,4.02,97,,,,True,-9.4
1164,32.944509,-117.117693,4598.0,87.4,4.0,96,,,,True,-4.1
1167,32.944559,-117.117624,4605.8,87.6,3.2,95,,,,True,-1.9
1171,32.944603,-117.11747,4621.3,87.6,3.329,96,,,,True,0.8
1175,32.94464,-117.117289,4638.4,87.4,4.075,96,,,,True,0.4
1179,32.944682,-117.117171,4650.9,87.8,3.7,98,,,,True,0.0
1181,32.944643,-117.117114,4657.4,87.8,3.167,101,,,,True,1.2
1183,32.944587,-117.117063,4665.3,87.6,3.363,105,,,,True,0.7
1189,32.944419,-117.116947,4687.0,88.0,3.7,105,,,,True,-0.3
1195,32.94424,-117.116851,4708.5,88.2,3.6,105,,,,True,-0.4
1197,32.944164,-117.116869,4717.2,87.6,3.775,111,,,,True,-2.6
1198,32.944129,-117.116886,4721.4,87.4,3.822,115,,,,True,-7.7
1199,32.944098,-117.116907,4725.6,87.0,3.86,117,,,,True,-7.5
1200,32.94407,-117.116932,4729.4,86.6,4.18,120,,,,True,-6.9
1201,32.944041,-117.116953,4733.2,86.4,4.117,121,,,,True,-3.2
1205,32.943924,-117.117019,4747.6,85.6,3.64,119,,,,True,2.2
1210,32.943792,-117.11707,4763.1,85.8,3.322,119,,,,True,4.8
1215,32.943696,-117.117089,4774.4,87.6,2.68,120,,,,True,9.4
1221,32.943586,-117.11711,4787.1,89.0,2.182,121,,,,True,14.7
1223,32.943569,-117.117083,4790.2,89.6,1.975,122,,,,True,13.3
1224,32.943569,-117.117065,4791.6,90.0,1.911,123,,,,True,6.2
1225,32.943563,-117.117041,4793.9,90.2,1.95,124,,,,True,0.0
1231,32.943479,-117.116909,4809.6,90.4,2.571,125,,,,True,-0.9
1235,32.943445,-117.11674,4826.0,89.6,3.21,127,,,,True,-1.4
1237,32.943438,-117.116654,4834.2,89.6,4.1,130,,,,True,-1.9
1238,32.943425,-117.116615,4838.1,89.6,4.071,139,,,,True,2.1
1239,32.943409,-117.116581,4841.8,89.8,4.025,143,,,,True,-0.6
1240,32.943396,-117.116545,4845.5,90.0,3.9,145,,,,True,-1.2
1244,32.943313,-117.116357,4865.1,89.4,4.66,147,,,,True,-2.5
1245,32.943276,-117.116315,4870.6,89.2,5.02,146,,,,True,-3.3
1247,32.9432,-117.116228,4882.3,88.8,5.257,146,,,,True,-3.4
1248,32.943181,-117.116164,4888.3,88.6,5.35,146,,,,True,-3.4
1249,32.943168,-117.116099,4894.7,88.4,5.92,146,,,,True,-2.7
1251,32.943145,-117.11598,4906.2,88.0,5.933,146,,,,True,0.8
1252,32.943122,-117.115925,4911.7,88.0,5.88,146,,,,True,0.8
1257,32.943057,-117.115675,4936.2,89.0,5.0,145,,,,True,1.1
1259,32.943024,-117.115581,4945.8,88.8,4.871,145,,,,True,1.2
1262,32.942983,-117.115438,4960.0,88.6,4.76,146,,,,True,0.4
1266,32.942924,-117.115228,4980.5,88.8,4.957,146,,,,True,1.0
1268,32.942883,-117.115131,4991.1,89.2,5.183,146,,,,True,0.5
1272,32.942817,-117.114963,5008.4,89.4,4.65,145,,,,True,1.3
1278,32.942834,-117.114648,5038.1,89.0,4.7,144,,,,True,0.9
1283,32.942855,-117.114422,5059.1,89.8,4.609,144,,,,True,0.7
1288,32.942888,-117.114157,5084.1,90.0,4.6,141,,,,True,2.1
1289,32.94289,-117.114102,5089.5,90.0,5.067,141,,,,True,1.1
1290,32.942887,-117.114052,5094.4,90.2,5.043,141,,,,True,1.3
1294,32.942883,-117.113865,5111.6,90.4,4.42,141,,,,True,1.5
1298,32.942873,-117.11365,5131.6,90.6,4.65,142,,,,True,0.3
1300,32.942872,-117.113543,5141.8,90.8,5.033,143,,,,True,-1.1
1303,32.942855,-117.113381,5156.6,90.4,5.0,145,,,,True,-0.9
1305,32.94289,-117.113302,5165.0,89.8,4.64,144,,,,True,-1.6
1309,32.942943,-117.113192,5177.0,90.2,3.4,143,,,,True,0.0
1314,32.943007,-117.113042,5193.3,90.0,3.144,144,,,,True,2.4
1316,32.943039,-117.112988,5199.4,90.4,3.2,143,,,,True,2.4
1318,32.94309,-117.112934,5206.7,90.8,3.3,142,,,,True,4.8
1319,32.943107,-117.112891,5211.0,91.0,3.54,143,,,,True,3.7
1322,32.943127,-117.112773,5222.4,91.4,3.833,143,,,,True,3.4
1325,32.943166,-117.112681,5232.2,91.6,3.533,143,,,,True,2.8
1326,32.943193,-117.11266,5235.7,91.8,3.529,144,,,,True,2.1
1329,32.943263,-117.112569,5246.8,92.0,3.486,144,,,,True,0.9
1330,32.943268,-117.112529,5250.6,92.0,3.68,145,,,,True,-1.0
1333,32.943266,-117.112484,5255.3,91.8,2.8,144,,,,True,-7.1
1337,32.943265,-117.112485,5255.3,91.6,0.671,147,,,,False,-9.4
1341,32.943265,-117.112485,5255.3,91.2,0.0,148,,,,False,-11.8
1348,32.943265,-117.112485,5255.3,91.4,0.0,145,,,,False,-11.8
1349,32.943265,-117.112485,5255.3,91.4,0.0,142,,,,False,-8.6
1356,32.943265,-117.112485,5255.3,91.2,0.0,139,,,,False,-19.4
1361,32.943265,-117.112485,5255.3,91.2,0.0,139,,,,False,-5.2
1367,32.943265,-117.112485,5255.3,91.0,0.0,140,,,,False,-3.9
1368,32.943265,-117.112485,5255.3,91.0,0.0,130,,,,False,-2.6
1369,32.943264,-117.112493,5255.3,91.0,0.0,126,,,,False,-1.3
1372,32.943254,-117.112454,5258.4,91.0,0.62,123,,,,True,-1.2
1376,32.943222,-117.112327,5270.7,90.8,2.2,124,,,,True,-1.2
1380,32.943221,-117.11231,5272.5,90.8,1.763,129,,,,True,0.0
1381,32.943221,-117.11231,5272.5,90.8,0.36,130,,,,False,0.0
1387,32.943221,-117.11231,5273.2,91.0,0.1,129,,,,False,0.0
1388,32.943218,-117.112295,5274.1,91.0,0.229,129,,,,True,0.0
1392,32.943253,-117.112229,5281.8,90.8,1.72,128,,,,True,2.1
1393,32.943267,-117.112214,5283.8,90.8,1.94,125,,,,True,3.1
1397,32.943314,-117.112147,5292.0,91.4,2.04,123,,,,True,5.1
1403,32.943427,-117.11208,5306.3,92.0,2.25,121,,,,True,4.7
1404,32.94345,-117.11207,5309.0,92.2,2.429,121,,,,True,4.3
1409,32.943561,-117.112035,5321.8,92.6,2.583,123,,,,True,4.7
1413,32.943639,-117.11195,5333.4,93.2,2.711,123,,,,True,4.6
1414,32.943654,-117.111924,5336.3,93.4,2.9,123,,,,True,4.9
1417,32.943717,-117.111898,5343.9,93.8,2.762,123,,,,True,1.1
1418,32.94374,-117.111904,5346.5,93.8,2.62,123,,,,True,0.0
1424,32.943946,-117.111956,5369.3,93.6,3.629,125,,,,True,-1.8
1425,32.943989,-117.111953,5373.9,93.4,3.914,125,,,,True,-1.3
1428,32.944106,-117.111896,5388.1,93.0,4.16,126,,,,True,-1.5
1432,32.944261,-117.111834,5406.1,93.0,4.6,129,,,,True,0.0
1433,32.944301,-117.111819,5410.4,93.0,4.46,129,,,,True,1.2
1435,32.944353,-117.11176,5418.6,93.4,4.357,130,,,,True,2.9
1436,32.944372,-117.111722,5422.4,93.4,4.287,135,,,,True,2.9
1437,32.944391,-117.11168,5426.7,93.6,4.12,139,,,,True,2.4
1438,32.944409,-117.111636,5431.2,93.6,4.16,142,,,,True,2.8
1441,32.944452,-117.111523,5443.3,94.0,4.18,143,,,,True,1.8
1443,32.944468,-117.111438,5451.1,94.2,3.98,143,,,,True,1.7
1445,32.944464,-117.111343,5460.3,94.2,4.157,143,,,,True,0.9
1449,32.94448,-117.111156,5477.8,94.4,4.45,146,,,,True,1.2
1451,32.944473,-117.111068,5486.0,94.4,4.283,147,,,,True,1.2
1455,32.944442,-117.110897,5502.8,94.8,4.167,143,,,,True,1.0
1457,32.944451,-117.110814,5510.2,94.8,4.033,139,,,,True,0.4
1459,32.944457,-117.110713,5519.7,94.8,4.212,137,,,,True,0.4
1463,32.944448,-117.110525,5537.4,94.6,4.533,138,,,,True,0.7
1468,32.944418,-117.110301,5558.2,95.0,4.278,136,,,,True,1.1
1470,32.944403,-117.11021,5567.3,95.2,4.271,134,,,,True,1.9
1472,32.944392,-117.110116,5575.9,95.4,4.278,135,,,,True,2.1
1478,32.944309,-117.109857,5602.0,95.8,4.337,138,,,,True,2.4
1479,32.944299,-117.109821,5605.5,96.0,4.229,141,,,,True,2.7
1480,32.944293,-117.109781,5609.3,96.2,4.175,144,,,,True,4.1
1481,32.944301,-117.109743,5612.8,96.4,4.1,149,,,,True,2.0
1482,32.944305,-117.109703,5616.6,96.4,4.07,153,,,,True,1.4
1487,32.944393,-117.109528,5635.7,96.6,3.817,156,,,,True,1.9
1491,32.944406,-117.109372,5650.7,96.8,3.789,157,,,,True,1.9
1495,32.944401,-117.109211,5665.0,97.4,3.663,156,,,,True,2.5
1496,32.944394,-117.109167,5669.2,97.4,3.7,155,,,,True,3.7
1502,32.944332,-117.108939,5691.8,98.0,3.829,155,,,,True,4.7
1504,32.944304,-117.108875,5699.0,98.6,3.725,158,,,,True,5.4
1507,32.944264,-117.108796,5707.8,99.4,3.2,159,,,,True,9.6
1508,32.944257,-117.108769,5710.1,99.6,3.05,159,,,,True,9.7
1512,32.944215,-117.108685,5719.0,100.6,2.24,159,,,,True,10.4
1513,32.944204,-117.108664,5721.6,100.8,2.3,160,,,,True,9.9
1517,32.944158,-117.108576,5730.9,101.8,2.38,163,,,,True,8.5
1520,32.94413,-117.108506,5738.4,102.4,2.4,163,,,,True,8.6
1523,32.944104,-117.108436,5744.8,102.8,2.317,164,,,,True,7.6
1526,32.944079,-117.108372,5751.7,103.4,2.217,160,,,,True,6.4
1527,32.94407,-117.10835,5754.5,103.6,2.3,157,,,,True,6.3
1528,32.944059,-117.108333,5757.1,103.6,2.46,157,,,,True,6.0
1530,32.944047,-117.108293,5760.7,103.8,2.271,157,,,,True,5.7
1534,32.944032,-117.108211,5768.4,104.4,1.883,161,,,,True,6.3
1536,32.944016,-117.108175,5771.9,104.6,1.867,164,,,,True,5.7
1539,32.943979,-117.108111,5779.3,105.0,2.18,165,,,,True,1.3
1541,32.943952,-117.108059,5785.4,105.2,2.7,165,,,,True,-2.8
1545,32.943938,-117.107918,5798.2,104.8,3.15,165,,,,True,-5.8
1547,32.943925,-117.107818,5807.4,103.6,3.667,166,,,,True,-6.6
1549,32.943885,-117.107728,5817.0,102.8,3.95,165,,,,True,-7.5
1551,32.943868,-117.107647,5824.8,102.6,4.433,165,,,,True,-4.4
1552,32.943849,-117.107628,5827.6,102.6,4.04,165,,,,True,-2.6
1553,32.943832,-117.107603,5830.3,102.6,3.817,164,,,,True,0.0
1554,32.943831,-117.107578,5832.6,102.4,3.12,164,,,,True,-2.8
1556,32.943851,-117.107571,5834.4,102.4,1.92,164,,,,True,-2.8
1562,32.943854,-117.107573,5834.8,102.6,0.275,161,,,,False,-5.6
1563,32.943854,-117.107573,5834.8,102.4,0.057,158,,,,False,-8.3
1564,32.943854,-117.107573,5834.8,102.4,0.05,155,,,,False,-8.3
1567,32.943854,-117.107573,5834.8,102.4,0.0,152,,,,False,-11.1
1569,32.943854,-117.107573,5834.8,102.2,0.0,149,,,,False,-11.1
1570,32.943854,-117.107573,5834.8,102.2,0.0,149,,,,False,0.0
1574,32.943854,-117.107573,5834.8,102.0,0.0,146,,,,False,0.0
1576,32.943854,-117.107573,5834.8,102.0,0.0,145,,,,False,0.0
1578,32.943854,-117.107573,5834.8,102.2,0.0,142,,,,False,0.0
1582,32.943854,-117.107573,5834.8,102.0,0.0,139,,,,False,0.0
1583,32.943854,-117.107573,5834.8,102.0,0.0,136,,,,False,0.0
1584,32.943854,-117.107573,5834.8,101.8,0.0,134,,,,False,0.0
1587,32.943854,-117.107573,5834.8,101.8,0.0,130,,,,False,0.0
1591,32.943854,-117.107573,5834.8,101.8,0.0,127,,,,False,0.0
1593,32.943854,-117.107573,5834.8,101.8,0.0,126,,,,False,-33.3
1598,32.943854,-117.107573,5834.8,101.8,0.0,123,,,,False,0.0
1599,32.943854,-117.107573,5834.8,101.8,0.0,120,,,,False,0.9
1600,32.943854,-117.107573,5834.8,101.6,0.0,115,,,,False,0.9
1601,32.943853,-117.107572,5834.8,101.6,0.0,111,,,,False,0.9
1602,32.943866,-117.107568,5836.0,101.6,0.133,111,,,,True,1.7
1603,32.943884,-117.107559,5838.2,101.6,0.68,110,,,,True,1.7
1610,32.94403,-117.107441,5858.1,102.0,2.763,111,,,,True,1.6
1617,32.944186,-117.107245,5883.1,102.4,3.207,114,,,,True,1.8
1618,32.944211,-117.107213,5887.2,102.4,3.637,117,,,,True,1.2
1620,32.944251,-117.107148,5894.9,102.6,3.68,120,,,,True,0.6
1623,32.944316,-117.107037,5907.3,102.6,4.02,123,,,,True,0.6
1625,32.944361,-117.106954,5916.6,102.6,4.34,124,,,,True,-0.6
1626,32.944382,-117.106909,5921.2,102.6,4.383,125,,,,True,-0.7
1628,32.944401,-117.106804,5931.1,102.4,4.76,125,,,,True,-1.3
1629,32.944403,-117.106752,5936.2,102.4,4.817,126,,,,True,-0.7
1635,32.944443,-117.106481,5962.5,102.0,4.486,126,,,,True,-0.4
1640,32.944548,-117.106334,5980.3,102.2,4.009,122,,,,True,-0.4
1641,32.944567,-117.106307,5983.7,102.2,3.533,121,,,,True,0.6
1643,32.944588,-117.106242,5990.0,102.2,3.438,118,,,,True,0.0
1645,32.944604,-117.106187,5995.3,102.2,3.0,115,,,,True,0.0
1646,32.94462,-117.106176,5997.4,102.2,2.74,112,,,,True,0.0
1648,32.944627,-117.106193,5999.4,102.2,1.88,108,,,,True,-6.4
1650,32.944619,-117.106232,6002.8,102.2,1.5,108,,,,True,-7.2
1651,32.944627,-117.106246,6004.3,102.0,1.38,108,,,,True,-8.1
1654,32.944711,-117.106314,6014.0,101.0,2.433,107,,,,True,-10.0
1655,32.94476,-117.106331,6019.1,100.6,3.26,107,,,,True,-7.2
1657,32.944845,-117.106292,6028.8,99.6,4.083,107,,,,True,-5.1
1659,32.944873,-117.106204,6037.6,99.6,4.72,108,,,,True,-3.0
1660,32.944887,-117.106167,6041.5,99.6,4.48,108,,,,True,2.9
1661,32.944911,-117.106123,6046.1,99.8,4.5,108,,,,True,3.4
1665,32.944991,-117.105961,6063.7,100.6,4.44,106,,,,True,1.5
1670,32.945059,-117.105753,6084.6,101.2,4.278,107,,,,True,0.9
1678,32.945187,-117.105383,6121.7,100.8,4.462,107,,,,True,-0.5
1680,32.945199,-117.105261,6132.7,100.6,4.81,106,,,,True,-2.0
1682,32.945148,-117.105154,6143.6,100.2,4.917,106,,,,True,-2.0
1684,32.945056,-117.105086,6155.3,99.8,5.6,106,,,,True,-1.2
1685,32.945009,-117.105058,6160.8,100.0,5.62,106,,,,True,3.4
1686,32.944963,-117.105048,6166.2,100.2,5.583,106,,,,True,7.4
1689,32.944852,-117.105024,6178.9,101.4,4.72,108,,,,True,9.6
1690,32.944827,-117.105009,6182.2,101.8,4.28,108,,,,True,11.4
1693,32.944763,-117.104971,6190.0,102.8,3.4,109,,,,True,12.7
1694,32.944744,-117.104955,6192.5,103.2,2.72,109,,,,True,14.3
1696,32.944696,-117.104942,6197.8,103.8,2.6,111,,,,True,15.4
1699,32.944635,-117.104938,6204.6,105.0,2.42,111,,,,True,15.0
1702,32.944588,-117.104971,6210.8,106.0,2.167,112,,,,True,14.5
1704,32.944566,-117.105011,6215.2,106.6,2.12,113,,,,True,12.6
1706,32.944547,-117.105052,6219.8,107.0,2.171,113,,,,True,12.0
1709,32.944524,-117.105105,6225.3,107.6,2.02,114,,,,True,11.2
1711,32.944498,-117.105135,6229.2,108.2,1.88,115,,,,True,13.2
1712,32.944492,-117.105157,6231.3,108.4,1.917,117,,,,True,13.8
1714,32.944479,-117.105191,6234.9,109.0,1.92,118,,,,True,13.1
1715,32.944469,-117.10521,6236.9,109.2,1.933,119,,,,True,14.0
1717,32.944458,-117.105236,6239.9,109.6,1.72,123,,,,True,12.9
1718,32.944452,-117.10525,6241.3,109.8,1.667,133,,,,True,13.3
1719,32.944448,-117.105265,6242.7,110.0,1.56,140,,,,True,13.9
1720,32.944445,-117.105281,6244.2,110.2,1.46,146,,,,True,12.3
1721,32.94444,-117.105294,6245.4,110.4,1.417,155,,,,True,12.0
1722,32.944432,-117.105309,6247.0,110.6,1.42,159,,,,True,13.3
1724,32.944407,-117.105327,6249.8,110.8,1.42,162,,,,True,13.6
1725,32.944395,-117.105321,6251.3,111.0,1.42,163,,,,True,13.5
1727,32.944386,-117.105306,6253.2,111.4,1.24,164,,,,True,12.3
1730,32.944366,-117.105266,6257.4,112.0,1.22,166,,,,True,16.5
1734,32.944338,-117.105217,6262.8,112.4,1.371,168,,,,True,12.6
1738,32.944341,-117.105208,6263.4,113.0,0.75,169,,,,False,11.9
1744,32.944322,-117.105175,6267.5,113.2,0.47,167,,,,True,9.5
1751,32.944322,-117.105175,6267.5,113.2,0.315,165,,,,False,5.1
1755,32.944286,-117.105133,6273.3,113.4,0.527,162,,,,True,6.8
1756,32.944274,-117.105122,6275.1,113.6,1.52,163,,,,True,9.1
1758,32.94425,-117.105088,6279.2,114.0,1.671,166,,,,True,11.9
1760,32.944234,-117.105054,6282.9,114.6,1.92,166,,,,True,11.8
1765,32.944196,-117.104968,6291.8,115.6,1.8,165,,,,True,8.3
1767,32.944177,-117.10494,6295.4,116.0,1.786,165,,,,True,6.4
1775,32.944116,-117.104801,6310.4,116.6,1.86,165,,,,True,3.8
1778,32.944096,-117.104732,6317.2,116.8,1.982,165,,,,True,2.4
1781,32.944067,-117.10468,6323.0,116.8,2.1,165,,,,True,0.5
1787,32.944006,-117.104553,6336.6,117.0,2.156,163,,,,True,0.0
1791,32.94395,-117.104432,6349.6,116.8,2.66,160,,,,True,1.0
1794,32.943902,-117.104344,6359.5,116.8,3.271,157,,,,True,1.3
1801,32.943757,-117.10417,6382.1,117.4,3.25,156,,,,True,2.9
1805,32.943687,-117.104052,6395.9,117.8,3.309,156,,,,True,4.1
1808,32.94362,-117.103986,6405.5,118.4,3.343,156,,,,True,4.6
1811,32.943569,-117.103918,6413.7,119.0,2.967,156,,,,True,4.3
1813,32.943526,-117.103862,6420.9,119.2,3.08,156,,,,True,3.2
1819,32.943417,-117.103675,6442.4,119.8,3.587,156,,,,True,2.5
1823,32.943359,-117.103554,6455.4,120.0,3.45,153,,,,True,2.7
1825,32.94331,-117.1035,6462.6,120.2,3.367,151,,,,True,1.8
1830,32.943212,-117.103356,6480.3,120.8,3.557,152,,,,True,2.0
1835,32.94317,-117.103166,6498.1,120.8,3.55,154,,,,True,1.2
1837,32.943185,-117.103089,6505.7,121.0,3.629,157,,,,True,0.0
1839,32.943215,-117.103014,6513.3,120.8,3.667,160,,,,True,0.5
1840,32.943231,-117.102975,6517.3,120.8,3.84,161,,,,True,0.0
1846,32.943295,-117.102719,6542.5,121.0,4.171,162,,,,True,2.5
1847,32.943293,-117.102678,6546.3,121.0,4.143,161,,,,True,2.1
1853,32.943225,-117.102437,6570.4,122.2,3.986,161,,,,True,3.2
1859,32.943131,-117.10222,6593.6,122.4,3.942,159,,,,True,3.7
1864,32.943096,-117.102047,6610.3,123.2,3.627,159,,,,True,3.7
1866,32.943084,-117.101992,6615.8,123.6,3.171,159,,,,True,4.8
1870,32.943046,-117.101905,6624.9,124.2,2.433,159,,,,True,5.3
1875,32.943044,-117.10174,6639.9,124.6,2.678,158,,,,True,5.1
1879,32.943074,-117.101614,6652.1,125.4,3.022,158,,,,True,4.1
1880,32.943077,-117.101581,6655.3,125.6,3.08,158,,,,True,4.9
1886,32.943065,-117.101388,6673.5,126.2,3.057,158,,,,True,4.4
1887,32.943057,-117.101356,6676.6,126.4,3.043,158,,,,True,3.9
1894,32.942996,-117.101144,6697.6,127.4,3.013,159,,,,True,4.5
1899,32.942938,-117.101005,6712.3,127.8,2.975,159,,,,True,4.2
1904,32.942889,-117.100857,6727.3,128.6,2.97,163,,,,True,4.4
1905,32.942879,-117.100834,6729.6,128.6,2.883,164,,,,True,5.6
1909,32.942883,-117.100737,6738.8,129.2,2.3,167,,,,True,6.3
1910,32.942888,-117.100712,6741.0,129.4,2.28,167,,,,True,5.1
1911,32.942889,-117.100691,6743.2,129.6,2.267,168,,,,True,2.3
1916,32.942917,-117.10059,6753.3,129.8,2.05,167,,,,True,0.0
1921,32.942988,-117.100496,6765.4,129.8,2.22,169,,,,True,-1.8
1924,32.943079,-117.100481,6775.6,129.4,2.788,166,,,,True,-3.1
1927,32.94318,-117.100489,6786.5,128.8,3.517,162,,,,True,-2.8
1930,32.943285,-117.100484,6798.3,128.4,3.783,160,,,,True,-2.0
1933,32.943374,-117.100447,6808.7,128.6,3.7,158,,,,True,-0.5
1935,32.943428,-117.100405,6815.8,128.6,3.5,155,,,,True,0.9
1938,32.943492,-117.10032,6826.4,128.6,3.54,152,,,,True,1.1
1942,32.943541,-117.100171,6841.4,128.8,3.657,151,,,,True,1.2
1948,32.943602,-117.099974,6861.3,129.2,3.49,151,,,,True,1.7
1949,32.943631,-117.099966,6864.1,129.2,3.243,151,,,,True,1.2
1952,32.943714,-117.09998,6873.6,129.4,3.22,150,,,,True,0.6
1956,32.943852,-117.10006,6890.9,129.4,3.829,149,,,,True,0.5
1957,32.943879,-117.100093,6895.0,129.4,4.28,148,,,,True,0.6
1959,32.943938,-117.100151,6903.4,129.4,4.257,148,,,,True,1.2
1960,32.94397,-117.100172,6907.5,129.6,4.237,148,,,,True,1.2
1964,32.9441,-117.100246,6923.3,129.8,3.98,149,,,,True,0.7
1965,32.944145,-117.10026,6928.4,129.8,4.18,146,,,,True,-0.6
1966,32.94419,-117.100269,6933.4,129.6,4.317,144,,,,True,-1.6
1968,32.944276,-117.100266,6943.2,129.4,4.462,142,,,,True,0.4
1969,32.944319,-117.100258,6948.0,129.4,4.94,140,,,,True,1.2
1976,32.944602,-117.100179,6980.1,130.0,4.613,140,,,,True,1.3
1980,32.944759,-117.100138,6998.1,130.4,4.555,142,,,,True,1.2
1982,32.944828,-117.100089,7006.8,130.2,4.45,144,,,,True,0.9
1984,32.944891,-117.100021,7016.6,130.2,4.563,145,,,,True,0.0
1986,32.944933,-117.099952,7024.8,130.4,4.45,147,,,,True,0.5
1988,32.944988,-117.099872,7034.2,130.4,4.567,147,,,,True,0.0
1990,32.945043,-117.099785,7044.5,130.4,4.65,148,,,,True,-0.5
1992,32.945112,-117.099715,7054.2,130.2,4.9,149,,,,True,-1.2
1994,32.945195,-117.099709,7063.2,130.2,4.833,150,,,,True,-1.2
1998,32.945376,-117.099711,7083.1,129.8,4.817,152,,,,True,-1.3
2000,32.945473,-117.099695,7094.0,129.8,5.133,151,,,,True,-2.4
2001,32.945521,-117.099683,7099.7,129.6,5.214,151,,,,True,-2.5
2005,32.945697,-117.099608,7120.4,128.8,5.28,151,,,,True,-3.3
2007,32.945789,-117.099572,7131.0,128.6,5.217,151,,,,True,-2.9
2008,32.945832,-117.09954,7136.5,128.4,5.257,150,,,,True,-1.8
2010,32.945903,-117.09945,7147.9,128.2,5.5,150,,,,True,-1.4
2011,32.945927,-117.099396,7153.6,128.2,5.533,148,,,,True,-0.6
2012,32.945938,-117.09934,7158.9,128.2,5.58,146,,,,True,0.0
2014,32.945965,-117.099225,7169.9,128.2,5.567,142,,,,True,-0.7
2015,32.945977,-117.099174,7175.0,128.2,5.42,141,,,,True,-3.1
2016,32.945975,-117.099119,7180.3,128.0,5.34,141,,,,True,-4.5
2018,32.945983,-117.099,7191.0,127.2,5.35,140,,,,True,-3.6
2019,32.945979,-117.098935,7196.7,127.0,5.36,140,,,,True,-3.5
2021,32.945934,-117.098819,7208.6,127.0,5.66,140,,,,True,-1.3
2022,32.94591,-117.09876,7214.8,126.8,5.75,140,,,,True,-2.4
2023,32.945879,-117.098708,7220.8,126.8,5.96,141,,,,True,-3.0
2026,32.945762,-117.098589,7237.9,126.0,5.86,141,,,,True,-3.1
2028,32.945677,-117.098522,7249.0,125.8,5.64,137,,,,True,-3.6
2030,32.945594,-117.098455,7260.3,125.4,5.643,132,,,,True,-3.7
2031,32.945565,-117.098412,7265.4,125.2,5.5,131,,,,True,-3.7
2032,32.945544,-117.098362,7270.4,124.8,5.417,130,,,,True,-4.3
2035,32.945468,-117.098209,7286.8,124.4,5.3,129,,,,True,-4.2
2036,32.945455,-117.098144,7292.8,124.0,5.48,128,,,,True,-5.8
2037,32.945449,-117.09808,7299.0,123.8,5.72,128,,,,True,-7.2
2039,32.945419,-117.097949,7311.6,122.4,5.886,128,,,,True,-5.4
2040,32.945424,-117.097883,7317.5,122.2,6.14,129,,,,True,-5.4
2043,32.945434,-117.097754,7329.8,122.0,5.133,130,,,,True,-2.4
2046,32.945425,-117.097688,7336.0,121.8,3.083,123,,,,True,-4.2
2047,32.945423,-117.097685,7336.5,121.8,2.714,121,,,,True,-11.9
2055,32.945422,-117.097685,7336.5,121.4,0.056,118,,,,False,-8.1
2056,32.945422,-117.097685,7336.5,121.4,0.0,118,,,,False,-10.7
2058,32.945422,-117.097685,7336.5,121.2,0.0,118,,,,False,-11.2
2060,32.94542,-117.097675,7337.3,121.2,0.16,118,,,,True,-7.5
2063,32.945418,-117.097624,7342.1,121.0,1.12,119,,,,True,-7.5
2068,32.945418,-117.09757,7347.2,120.6,1.237,118,,,,True,-6.2
2078,32.945418,-117.09757,7347.2,120.4,0.34,115,,,,False,-7.2
2080,32.945414,-117.097541,7350.1,120.4,0.242,114,,,,True,-4.2
2081,32.945408,-117.097508,7353.2,120.2,0.462,113,,,,True,-3.4
2084,32.945386,-117.097371,7366.1,119.8,3.15,114,,,,True,-3.5
2088,32.945349,-117.09713,7388.8,119.0,5.086,115,,,,True,-3.2
2089,32.945334,-117.097061,7395.4,118.8,5.86,114,,,,True,-3.2
2091,32.945283,-117.09693,7408.8,118.4,6.1,115,,,,True,-3.4
2093,32.945202,-117.09681,7423.1,118.0,6.86,115,,,,True,-3.6
2094,32.94515,-117.096759,7430.5,117.6,7.02,116,,,,True,-3.6
2096,32.945038,-117.096659,7445.8,117.0,7.4,119,,,,True,-4.8
2097,32.944976,-117.096619,7453.7,116.8,7.483,119,,,,True,-5.5
2099,32.944839,-117.096578,7469.1,115.8,7.72,118,,,,True,-4.9
2101,32.944701,-117.096531,7485.1,114.6,7.86,117,,,,True,-4.0
2104,32.944518,-117.096442,7507.1,114.0,7.6,116,,,,True,0.0
2105,32.944464,-117.096427,7513.6,114.4,7.417,116,,,,True,4.2
2108,32.944324,-117.096393,7529.3,115.8,6.314,115,,,,True,7.2
2110,32.944254,-117.096362,7537.7,116.8,4.82,114,,,,True,7.0
2115,32.944089,-117.096224,7559.8,117.8,4.357,114,,,,True,4.7
2116,32.944052,-117.096195,7564.8,118.0,4.517,114,,,,True,3.1
2120,32.943911,-117.096072,7584.4,118.4,4.92,117,,,,True,1.8
2121,32.943877,-117.096045,7588.7,118.4,4.78,122,,,,True,1.2
2122,32.943841,-117.096014,7593.6,118.4,4.8,125,,,,True,0.0
2123,32.943807,-117.095982,7598.7,118.4,4.843,128,,,,True,0.8
2124,32.943775,-117.09595,7603.5,118.4,4.837,128,,,,True,0.6
2126,32.943705,-117.095898,7612.4,118.6,4.74,129,,,,True,0.0
2129,32.943581,-117.095834,7627.2,118.6,4.74,131,,,,True,-0.8
2132,32.943454,-117.095791,7642.2,118.4,4.967,134,,,,True,-4.5
2134,32.943394,-117.095715,7651.5,118.0,4.86,137,,,,True,-7.6
2137,32.943325,-117.095581,7665.6,116.2,4.68,137,,,,True,-10.0
2139,32.943251,-117.09554,7674.4,115.0,4.58,139,,,,True,-9.4
2140,32.943218,-117.09555,7678.2,114.8,4.45,140,,,,True,0.0
2142,32.943177,-117.095573,7683.5,115.0,3.58,140,,,,True,5.6
2147,32.94307,-117.095573,7695.2,116.2,2.429,138,,,,True,6.9
2152,32.942944,-117.095514,7710.2,117.0,2.67,137,,,,True,5.7
2153,32.942922,-117.095494,7713.1,117.2,2.983,137,,,,True,4.0
2159,32.94279,-117.095365,7732.5,117.8,3.186,136,,,,True,3.6
2160,32.942775,-117.09534,7735.3,117.8,3.171,133,,,,True,3.5
2161,32.942756,-117.095315,7738.2,118.0,3.137,130,,,,True,3.8
2162,32.942736,-117.095288,7741.6,118.2,3.167,130,,,,True,2.9
2164,32.942691,-117.095239,7748.3,118.4,3.16,127,,,,True,1.9
2166,32.942646,-117.095181,7755.7,118.4,3.5,130,,,,True,0.9
2167,32.942628,-117.095151,7759.4,118.4,3.56,139,,,,True,2.7
2168,32.942605,-117.095125,7763.0,118.4,3.567,145,,,,True,3.8
2173,32.942501,-117.095013,7778.4,119.2,3.167,147,,,,True,5.4
2175,32.942472,-117.094993,7782.0,119.4,2.714,149,,,,True,6.7
2177,32.942457,-117.094963,7785.5,119.8,2.5,149,,,,True,8.6
2178,32.942453,-117.094946,7786.8,120.0,1.68,149,,,,True,7.8
2183,32.942434,-117.094895,7792.3,120.4,1.133,149,,,,True,5.9
2186,32.942434,-117.094895,7792.3,120.2,0.688,146,,,,False,-1.8
2191,32.942434,-117.094895,7792.3,120.2,0.0,143,,,,False,-1.6
2192,32.942434,-117.094895,7792.3,120.2,0.0,142,,,,False,-3.1
2205,32.942408,-117.094856,7796.6,119.6,0.307,140,,,,True,-0.5
2210,32.94236,-117.094712,7811.6,119.6,1.072,139,,,,True,-0.4
2216,32.942344,-117.094446,7836.7,120.0,3.645,137,,,,True,0.8
2219,32.942337,-117.094311,7849.0,120.0,4.156,134,,,,True,1.1
2223,32.942323,-117.094115,7867.3,120.2,4.371,133,,,,True,0.7
2227,32.942303,-117.093918,7885.9,120.4,4.612,133,,,,True,1.3
2228,32.9423,-117.093874,7890.1,120.4,4.56,134,,,,True,3.1
2229,32.942291,-117.093827,7894.7,120.6,4.567,134,,,,True,4.6
2234,32.942227,-117.093647,7913.0,121.6,3.817,135,,,,True,2.8
2235,32.942213,-117.093613,7916.5,121.8,3.633,136,,,,True,1.2
2241,32.942152,-117.093371,7940.1,121.8,3.871,139,,,,True,-2.2
2243,32.942188,-117.093315,7946.6,121.2,3.763,140,,,,True,-4.2
2244,32.942222,-117.093305,7949.8,120.8,3.7,142,,,,True,-13.8
2245,32.942262,-117.093283,7954.5,120.2,3.8,142,,,,True,-12.9
2247,32.942294,-117.093192,7963.3,118.6,3.867,143,,,,True,-9.8
2249,32.942283,-117.093091,7972.9,117.8,4.62,143,,,,True,-6.0
2251,32.94227,-117.09299,7982.4,117.6,4.65,142,,,,True,-2.2
2254,32.942246,-117.09283,7997.6,117.6,4.94,141,,,,True,0.6
2258,32.942217,-117.09261,8018.4,117.4,5.143,138,,,,True,1.5
2264,32.942177,-117.092342,8043.9,118.2,4.63,138,,,,True,2.6
2265,32.942177,-117.092301,8047.6,118.6,4.171,138,,,,True,5.6
2266,32.942177,-117.092264,8051.2,119.0,4.1,138,,,,True,9.9
2268,32.942178,-117.092192,8057.9,119.6,3.95,139,,,,True,7.2
2270,32.942172,-117.092126,8064.2,120.2,3.32,138,,,,True,6.0
2274,32.942141,-117.092011,8075.3,120.6,2.9,138,,,,True,3.8
2277,32.942102,-117.091925,8084.5,121.0,2.9,139,,,,True,2.3
2280,32.942057,-117.091831,8094.6,121.0,3.217,142,,,,True,0.5
2281,32.942038,-117.091798,8098.3,121.0,3.286,145,,,,True,-2.9
2286,32.941924,-117.091617,8119.6,120.8,4.167,147,,,,True,-3.6
2290,32.941814,-117.091457,8139.0,119.4,4.522,147,,,,True,-5.4
2291,32.941796,-117.091402,8144.2,119.2,4.92,146,,,,True,-8.2
2292,32.941768,-117.091347,8150.0,118.2,5.067,147,,,,True,-7.1
2295,32.941709,-117.091197,8165.8,117.0,5.36,147,,,,True,-7.7
2300,32.941665,-117.09107,8178.6,116.6,3.575,146,,,,True,-5.7
2305,32.941653,-117.09105,8180.6,116.4,1.48,145,,,,True,-4.1
2311,32.941639,-117.091011,8184.8,116.2,0.564,142,,,,True,-4.9
2312,32.941637,-117.091006,8185.2,116.2,0.657,139,,,,True,-6.1
2313,32.941635,-117.091,8186.1,116.2,0.688,136,,,,True,-3.7
2315,32.941636,-117.090994,8186.8,116.2,0.62,133,,,,True,-2.0
2321,32.941627,-117.090982,8188.1,116.0,0.25,131,,,,False,-2.8
2322,32.941626,-117.090976,8188.5,116.0,0.243,131,,,,True,-3.1
2328,32.941606,-117.090908,8195.0,116.0,0.986,129,,,,True,-1.5
2338,32.941571,-117.090796,8206.3,115.6,1.112,129,,,,True,0.0
2342,32.941565,-117.090701,8215.2,115.6,1.443,129,,,,True,1.9
2347,32.941569,-117.090565,8227.9,116.0,2.4,129,,,,True,4.6
2353,32.941566,-117.090352,8247.9,117.0,2.973,129,,,,True,5.5
2358,32.941503,-117.090212,8262.8,118.2,3.173,129,,,,True,6.9
2359,32.941483,-117.090192,8265.8,118.4,2.983,131,,,,True,8.5
2361,32.94145,-117.090147,8271.3,119.0,2.925,134,,,,True,10.2
2362,32.941443,-117.090122,8273.7,119.2,2.867,135,,,,True,5.7
2364,32.941424,-117.090073,8278.5,119.8,2.54,137,,,,True,-1.1
2368,32.941439,-117.089952,8290.2,119.8,2.75,139,,,,True,-2.5
2372,32.941495,-117.089759,8309.2,118.6,3.838,142,,,,True,-4.8
2373,32.941509,-117.089704,8314.5,118.2,4.86,142,,,,True,-5.4
2374,32.941527,-117.089647,8320.1,117.8,4.983,142,,,,True,-5.1
2378,32.941598,-117.08939,8345.5,116.8,6.2,143,,,,True,-5.2
2379,32.941628,-117.089323,8352.6,116.4,6.5,143,,,,True,-5.4
2381,32.941662,-117.089162,8367.9,115.4,6.829,143,,,,True,-5.7
2383,32.941692,-117.088999,8383.6,114.4,7.62,143,,,,True,-2.0
2384,32.941709,-117.088925,8391.0,114.2,7.68,143,,,,True,0.0
2389,32.941784,-117.088604,8422.2,115.0,6.433,143,,,,True,1.7
2391,32.941813,-117.088496,8432.8,115.4,5.971,144,,,,True,1.2
2395,32.941871,-117.088291,8452.9,115.6,5.117,142,,,,True,0.0
2403,32.942027,-117.087911,8492.6,115.4,4.983,141,,,,True,-0.4
2409,32.94216,-117.08763,8522.9,115.0,5.0,140,,,,True,-0.6
2411,32.942196,-117.087535,8532.7,115.0,5.013,139,,,,True,-0.3
2414,32.942234,-117.087398,8546.2,115.0,4.66,136,,,,True,-0.4
2415,32.942251,-117.08736,8550.1,115.2,4.533,136,,,,True,-1.4
2420,32.942335,-117.087161,8571.1,114.8,4.15,133,,,,True,-1.0
2423,32.942426,-117.086996,8589.2,114.2,4.888,133,,,,True,-0.9
2426,32.942512,-117.086831,8607.6,114.4,6.083,134,,,,True,-0.3
2428,32.94256,-117.08672,8619.3,114.6,6.02,135,,,,True,0.7
2431,32.942623,-117.086549,8636.5,114.6,5.78,135,,,,True,1.4
2433,32.942646,-117.086438,8647.5,114.6,5.64,136,,,,True,1.2
2437,32.942694,-117.086244,8666.2,115.2,4.95,136,,,,True,1.5
2438,32.942706,-117.086195,8670.6,115.2,4.62,136,,,,True,1.1
2439,32.942712,-117.086143,8675.6,115.2,4.683,135,,,,True,0.7
2444,32.942749,-117.08588,8701.1,115.2,5.083,136,,,,True,0.9
2449,32.942783,-117.085631,8724.2,115.6,4.86,139,,,,True,0.5
2452,32.942824,-117.085471,8739.8,115.8,4.837,140,,,,True,0.3
2455,32.942852,-117.085307,8755.6,115.6,5.233,143,,,,True,-0.4
2457,32.942867,-117.085199,8765.8,115.4,5.2,145,,,,True,-0.5
2458,32.942881,-117.085148,8770.8,115.4,5.167,146,,,,True,0.0
2460,32.942885,-117.085038,8781.3,115.6,5.14,146,,,,True,1.2
2461,32.942878,-117.084992,8785.8,115.6,5.033,147,,,,True,1.0
2464,32.942851,-117.084848,8799.4,115.8,4.767,149,,,,True,0.5
2466,32.942814,-117.084752,8809.0,115.8,4.64,149,,,,True,0.9
2468,32.942778,-117.084651,8819.3,115.8,4.786,148,,,,True,0.6
2470,32.942735,-117.084556,8829.6,116.0,5.033,148,,,,True,1.3
2471,32.942705,-117.084518,8834.2,116.0,5.04,149,,,,True,3.0
2476,32.942555,-117.084383,8854.6,116.4,4.167,150,,,,True,3.9
2480,32.942525,-117.084356,8859.9,117.0,2.856,149,,,,True,4.6
2481,32.942525,-117.084355,8860.1,117.2,1.1,145,,,,False,14.3
2482,32.942526,-117.084353,8860.1,117.2,0.917,142,,,,False,12.9
2485,32.94253,-117.084355,8860.2,117.2,0.06,139,,,,False,9.8
2486,32.94253,-117.084358,8860.2,117.2,0.02,135,,,,False,4.2
2487,32.942531,-117.084363,8860.2,117.2,0.02,135,,,,False,0.0
2488,32.942529,-117.084368,8860.8,117.2,0.117,134,,,,True,0.0
2494,32.942522,-117.084385,8862.0,117.2,0.257,135,,,,False,0.0
2495,32.942512,-117.084381,8862.8,117.2,0.286,136,,,,True,1.7
2499,32.942426,-117.084319,8873.6,117.2,2.32,136,,,,True,2.3
2502,32.942384,-117.084207,8884.9,117.6,3.157,136,,,,True,4.5
2503,32.942378,-117.08418,8887.7,117.8,3.113,135,,,,True,7.7
2505,32.942373,-117.084111,8894.1,118.6,3.417,135,,,,True,4.7
2509,32.942384,-117.083978,8907.2,119.8,3.25,134,,,,True,4.2
2514,32.942361,-117.083807,8923.3,119.4,3.244,137,,,,True,2.6
2515,32.942358,-117.08378,8925.8,119.4,3.1,140,,,,True,-0.6
2519,32.942329,-117.08371,8933.3,119.6,2.0,142,,,,True,0.0
2526,32.942302,-117.083648,8939.8,119.6,1.273,143,,,,True,0.0
2531,32.942302,-117.083648,8939.8,119.4,0.542,141,,,,False,-3.1
2540,32.942302,-117.083648,8939.8,119.4,0.0,140,,,,False,-2.0
2541,32.942302,-117.083648,8939.8,119.4,0.0,137,,,,False,-1.8
2543,32.942302,-117.083648,8939.8,119.4,0.0,134,,,,False,-1.4
2545,32.942302,-117.083648,8939.8,119.4,0.0,130,,,,False,0.0
2548,32.942304,-117.083683,8943.1,119.4,0.66,127,,,,True,0.0
2549,32.942308,-117.083699,8944.5,119.4,0.783,127,,,,True,0.0
2554,32.942334,-117.083793,8953.8,119.4,1.783,124,,,,True,0.0
2556,32.942349,-117.08384,8958.3,119.4,1.971,121,,,,True,0.7
2558,32.942363,-117.08389,8963.1,119.4,2.067,118,,,,True,-1.1
2562,32.942358,-117.084008,8974.1,119.6,2.633,116,,,,True,-2.8
2568,32.9424,-117.084189,8990.8,119.0,2.77,116,,,,True,-4.0
2569,32.942412,-117.084219,8993.8,118.4,2.814,115,,,,True,-4.8
2573,32.942488,-117.084343,9007.6,117.6,3.36,114,,,,True,-4.9
2576,32.942505,-117.084367,9011.9,117.8,2.586,114,,,,True,-2.5
2584,32.94253,-117.084385,9015.4,117.8,0.709,115,,,,True,5.6
2591,32.942535,-117.084408,9017.6,117.8,0.38,113,,,,True,12.4
2596,32.942503,-117.084429,9021.9,118.4,0.542,112,,,,True,17.1
2602,32.942479,-117.084439,9024.8,119.4,0.655,112,,,,True,22.7
2604,32.942468,-117.084445,9025.9,119.6,0.5,116,,,,True,23.3
2605,32.942465,-117.084448,9026.5,119.6,0.511,120,,,,True,24.8
2607,32.942458,-117.084452,9027.3,120.0,0.5,124,,,,True,20.9
2608,32.942452,-117.084454,9027.9,120.2,0.517,125,,,,True,15.9
2611,32.942435,-117.08446,9029.9,120.6,0.567,127,,,,True,16.5
2614,32.942412,-117.084452,9032.4,121.0,0.75,132,,,,True,13.1
2615,32.942402,-117.08445,9033.4,121.2,0.786,133,,,,True,12.2
2619,32.942356,-117.084453,9038.6,121.6,1.24,135,,,,True,11.9
2622,32.942332,-117.084449,9041.4,122.0,1.143,137,,,,True,11.2
2626,32.942291,-117.084448,9045.9,122.6,1.043,139,,,,True,11.7
2627,32.942291,-117.084447,9045.9,122.6,0.9,139,,,,False,6.8
2631,32.942275,-117.084446,9047.3,122.6,0.28,136,,,,True,4.5
2632,32.942264,-117.084445,9048.9,122.8,0.6,136,,,,True,6.3
2636,32.942171,-117.084432,9059.1,123.2,2.36,137,,,,True,7.3
2639,32.942136,-117.084386,9064.9,123.8,2.286,140,,,,True,5.4
2640,32.942123,-117.084378,9066.6,124.0,2.213,141,,,,True,5.3
2644,32.942057,-117.084413,9074.6,124.2,1.94,143,,,,True,2.5
2646,32.942031,-117.084436,9078.1,124.2,1.917,146,,,,True,1.9
2648,32.942014,-117.084415,9080.6,124.2,1.75,147,,,,True,2.2
2651,32.941969,-117.084367,9087.4,124.4,1.86,148,,,,True,2.1
2653,32.941928,-117.084342,9092.7,124.6,2.42,147,,,,True,2.1
2658,32.941801,-117.084321,9106.9,124.8,2.786,147,,,,True,3.0
2659,32.941776,-117.084316,9109.8,124.8,2.85,146,,,,True,2.7
2667,32.94156,-117.084244,9134.2,125.8,3.033,144,,,,True,3.4
2668,32.941532,-117.084233,9137.4,125.8,3.067,143,,,,True,3.4
2675,32.941354,-117.084129,9159.8,126.6,3.2,142,,,,True,3.3
2679,32.941281,-117.084081,9169.2,126.8,2.891,143,,,,True,3.9
2682,32.941225,-117.084037,9176.2,127.2,2.343,143,,,,True,5.3
2685,32.941154,-117.084011,9184.0,127.6,2.467,144,,,,True,7.4
2686,32.941138,-117.084024,9186.0,128.0,2.4,145,,,,True,7.2
2687,32.941135,-117.084047,9188.0,128.2,2.36,144,,,,True,5.5
2690,32.941149,-117.08413,9195.7,128.6,2.34,143,,,,True,5.3
2695,32.94116,-117.084276,9209.5,129.0,2.688,145,,,,True,6.8
2696,32.941159,-117.084307,9212.3,129.4,2.767,146,,,,True,8.0
2698,32.941166,-117.084362,9217.6,130.2,2.737,147,,,,True,11.7
2700,32.941174,-117.084418,9223.1,130.8,2.72,150,,,,True,7.6
2702,32.941197,-117.08447,9228.3,131.2,2.667,151,,,,True,6.3
2708,32.941278,-117.084632,9246.3,132.0,2.9,153,,,,True,2.2
2709,32.941295,-117.084654,9249.1,132.2,2.971,153,,,,True,3.4
2715,32.941382,-117.08483,9268.1,131.8,3.114,155,,,,True,3.2
2720,32.941344,-117.084963,9281.7,133.0,2.964,153,,,,True,5.4
2721,32.941334,-117.084978,9283.5,133.2,2.567,153,,,,True,11.7
2724,32.941288,-117.085026,9290.2,134.4,2.456,152,,,,True,14.8
2726,32.941261,-117.08507,9295.4,135.0,2.38,151,,,,True,12.6
2728,32.94125,-117.085109,9299.3,135.6,2.257,152,,,,True,8.0
2731,32.94124,-117.08518,9305.7,136.0,2.06,155,,,,True,7.4
2734,32.941203,-117.085245,9312.6,136.2,2.217,156,,,,True,6.0
2735,32.941184,-117.085243,9314.4,136.4,2.157,157,,,,True,8.6
2736,32.941173,-117.085236,9315.9,136.6,2.04,157,,,,True,14.2
2737,32.941169,-117.085218,9317.3,137.0,1.933,157,,,,True,9.3
2739,32.941165,-117.08517,9321.7,137.6,1.82,157,,,,True,9.0
2740,32.941163,-117.085145,9323.9,137.8,1.9,157,,,,True,7.3
2746,32.941141,-117.085001,9338.1,138.6,2.343,160,,,,True,4.3
2748,32.941133,-117.08496,9341.8,138.8,2.237,161,,,,True,3.7
2753,32.941077,-117.084844,9354.1,139.0,2.286,162,,,,True,2.9
2758,32.940975,-117.084771,9366.9,139.4,2.51,163,,,,True,2.9
2760,32.940931,-117.084793,9372.2,139.6,2.586,163,,,,True,4.1
2762,32.940917,-117.084836,9376.8,139.8,2.522,164,,,,True,8.7
2763,32.940912,-117.084857,9378.6,140.0,2.34,164,,,,True,10.3
2768,32.940889,-117.084948,9387.5,141.2,1.783,165,,,,True,6.5
2769,32.940884,-117.08497,9389.7,141.4,1.85,165,,,,True,2.5
2775,32.940887,-117.085127,9404.4,141.6,2.414,165,,,,True,-2.0
2783,32.940894,-117.085364,9426.7,141.2,2.643,164,,,,True,-2.8
2787,32.940877,-117.085487,9438.3,140.2,2.825,163,,,,True,-1.4
2788,32.940865,-117.085494,9439.8,140.0,2.62,162,,,,True,0.8
2792,32.940797,-117.085535,9448.0,141.0,1.94,161,,,,True,7.6
2794,32.94076,-117.085554,9452.5,141.4,2.117,160,,,,True,8.7
2797,32.940706,-117.085602,9459.4,141.8,2.28,160,,,,True,6.1
2799,32.940675,-117.085593,9462.7,142.0,2.04,159,,,,True,6.3
2800,32.940669,-117.085576,9464.4,142.0,1.983,159,,,,True,9.5
2802,32.940657,-117.085531,9468.5,142.4,1.82,159,,,,True,10.6
2804,32.940669,-117.0855,9472.0,143.0,1.86,159,,,,True,11.9
2805,32.940682,-117.085484,9474.0,143.2,1.92,159,,,,True,11.1
2807,32.940695,-117.085447,9477.8,143.6,1.86,159,,,,True,10.9
2811,32.940718,-117.085378,9484.7,144.2,1.783,160,,,,True,10.4
2813,32.940718,-117.085337,9488.5,144.8,1.783,161,,,,True,6.6
2816,32.940738,-117.085293,9493.2,145.2,1.7,161,,,,True,7.9
2820,32.940745,-117.085198,9502.2,145.2,1.957,162,,,,True,6.9
2823,32.940728,-117.085143,9507.6,146.0,2.057,163,,,,True,6.9
2824,32.940733,-117.08513,9508.9,146.2,1.962,163,,,,True,7.4
2825,32.940739,-117.085109,9510.7,146.4,1.7,164,,,,True,5.3
2830,32.940738,-117.084998,9521.0,146.6,2.017,163,,,,True,4.4
2831,32.940728,-117.084983,9522.8,146.8,2.017,163,,,,True,5.3
2833,32.940695,-117.084945,9527.0,147.0,2.037,163,,,,True,9.5
2834,32.940669,-117.084944,9529.6,147.4,2.1,163,,,,True,11.0
2835,32.940659,-117.08496,9531.5,147.6,2.1,163,,,,True,9.1
2837,32.940669,-117.085001,9535.5,148.2,2.117,162,,,,True,2.5
2839,32.940677,-117.085046,9540.2,148.2,2.12,162,,,,True,1.5
2845,32.94067,-117.085188,9553.5,148.0,2.25,161,,,,True,-2.2
2847,32.940667,-117.085236,9557.8,148.0,2.2,161,,,,True,0.6
2850,32.940646,-117.085284,9563.4,147.6,1.98,161,,,,True,0.6
2855,32.940585,-117.085385,9575.3,148.4,2.188,161,,,,True,0.5
2860,32.940518,-117.085508,9588.8,148.2,2.54,162,,,,True,0.4
2865,32.94043,-117.085572,9600.5,148.2,2.52,159,,,,True,-1.0
2869,32.940321,-117.085592,9612.7,147.8,2.656,157,,,,True,2.4
2870,32.940302,-117.085575,9615.0,148.0,2.9,157,,,,True,4.2
2873,32.940245,-117.085548,9621.7,149.0,2.65,157,,,,True,9.7
2874,32.940224,-117.085553,9624.2,149.2,2.3,157,,,,True,7.8
2875,32.940199,-117.085581,9627.1,149.2,2.42,157,,,,True,0.0
2876,32.940197,-117.085615,9630.4,149.2,2.567,156,,,,True,2.1
2880,32.940186,-117.085719,9640.5,149.0,2.68,155,,,,True,1.0
2885,32.940152,-117.085842,9653.0,149.8,2.511,155,,,,True,0.0
2890,32.940166,-117.085995,9667.0,149.6,2.65,155,,,,True,0.0
2893,32.94022,-117.085946,9673.8,149.2,2.6,155,,,,True,-5.9
2894,32.940242,-117.085938,9676.1,149.0,2.567,155,,,,True,-10.1
2896,32.94027,-117.085965,9680.0,148.2,2.167,155,,,,True,-8.4
2897,32.94028,-117.085995,9682.9,148.0,2.271,154,,,,True,-8.2
2900,32.940306,-117.086104,9692.9,147.6,2.8,151,,,,True,0.0
2901,32.940292,-117.086127,9695.5,147.4,3.1,150,,,,True,1.6
2905,32.940203,-117.086179,9706.2,148.2,2.66,149,,,,True,4.1
2909,32.940106,-117.086257,9719.3,148.6,2.975,151,,,,True,5.0
2910,32.940079,-117.086265,9722.2,148.8,3.2,152,,,,True,3.2
2912,32.940057,-117.086312,9727.5,149.0,3.043,152,,,,True,-2.8
2913,32.940058,-117.086353,9731.0,149.0,3.1,152,,,,True,-6.6
2916,32.940065,-117.086453,9740.8,148.0,3.1,151,,,,True,-9.1
2917,32.940043,-117.086462,9743.3,147.4,3.16,151,,,,True,-7.5
2920,32.939984,-117.086522,9751.8,146.8,2.971,150,,,,True,-0.6
2923,32.939907,-117.086512,9760.5,146.8,2.867,150,,,,True,1.2
2927,32.939813,-117.086586,9773.4,147.8,3.086,150,,,,True,3.2
2928,32.939787,-117.086612,9776.7,147.8,3.24,150,,,,True,3.9
2930,32.939733,-117.086626,9783.1,147.8,3.229,149,,,,True,3.2
2931,32.939704,-117.086608,9786.3,147.8,3.225,149,,,,True,4.1
2936,32.939551,-117.086584,9804.3,148.8,3.533,148,,,,True,4.6
2941,32.939417,-117.086659,9820.4,149.6,3.41,149,,,,True,5.1
2943,32.939365,-117.086687,9826.9,149.8,3.229,150,,,,True,4.3
2944,32.939343,-117.086703,9829.4,150.0,3.138,150,,,,True,-0.8
2945,32.939339,-117.086738,9832.2,150.0,3.1,149,,,,True,-2.9
2949,32.939344,-117.08689,9846.9,149.4,3.5,150,,,,True,-3.2
2951,32.939315,-117.08697,9854.9,149.0,3.783,150,,,,True,-2.6
2953,32.939277,-117.087013,9860.8,149.0,3.575,150,,,,True,-4.9
2957,32.939256,-117.08702,9863.3,149.2,1.4,147,,,,True,-9.5
2967,32.939256,-117.08702,9863.3,148.6,0.179,146,,,,False,-11.9
2981,32.939256,-117.08702,9863.3,148.4,0.0,144,,,,False,-9.3
2988,32.939256,-117.08702,9863.3,148.2,0.0,141,,,,False,0.0
2990,32.939256,-117.08702,9863.3,148.2,0.0,138,,,,False,-1.6
2997,32.939256,-117.08702,9863.3,148.0,0.0,135,,,,False,4.8
2999,32.939249,-117.087032,9864.5,148.0,0.133,125,,,,True,6.3
3000,32.939237,-117.08703,9865.6,148.0,0.23,123,,,,True,10.7
3005,32.939172,-117.086946,9875.9,149.0,1.9,124,,,,True,11.6
3008,32.939105,-117.08692,9883.8,150.2,2.275,127,,,,True,12.6
3010,32.939067,-117.086897,9888.6,150.8,2.54,129,,,,True,14.5
3012,32.939045,-117.086865,9892.5,151.4,2.371,130,,,,True,15.0
3016,32.939003,-117.086814,9899.3,152.4,1.783,131,,,,True,14.9
3020,32.938953,-117.086762,9906.4,153.6,1.737,133,,,,True,13.5
3021,32.938941,-117.086742,9908.8,153.8,1.9,133,,,,True,12.9
3025,32.938911,-117.086672,9916.2,154.6,1.96,134,,,,True,12.2
3027,32.938898,-117.086639,9919.4,155.0,1.767,134,,,,True,12.8
3029,32.93888,-117.08661,9922.8,155.6,1.75,134,,,,True,16.2
3031,32.938851,-117.086601,9926.0,156.0,1.633,136,,,,True,12.3
3032,32.938839,-117.086605,9927.3,156.4,1.58,136,,,,True,5.4
3033,32.938827,-117.086616,9928.9,156.4,1.583,137,,,,True,3.4
3035,32.938804,-117.08664,9932.4,156.6,1.6,138,,,,True,-3.7
3037,32.938769,-117.086686,9937.7,156.4,2.08,139,,,,True,-3.7
3040,32.938718,-117.086785,9948.8,155.6,3.28,139,,,,True,-4.1
3041,32.938707,-117.086794,9950.8,155.6,3.067,139,,,,True,0.0
3043,32.93869,-117.086789,9952.1,155.8,2.4,139,,,,True,11.9
3045,32.938672,-117.086761,9955.0,156.4,1.24,140,,,,True,10.1
3046,32.938661,-117.086747,9956.6,156.6,1.16,141,,,,True,9.6
3048,32.938629,-117.086731,9960.6,157.0,1.7,146,,,,True,3.4
3051,32.938574,-117.086723,9966.7,157.2,2.02,148,,,,True,3.1
3056,32.938478,-117.086674,9978.3,157.2,2.212,148,,,,True,2.5
3058,32.938443,-117.086648,9982.8,157.4,2.3,151,,,,True,2.1
3059,32.938434,-117.086632,9984.5,157.6,2.225,154,,,,True,13.2
3060,32.93843,-117.086614,9986.2,157.6,2.167,154,,,,True,10.9
3061,32.938428,-117.086605,9987.1,157.8,1.76,155,,,,True,14.6
3066,32.93843,-117.086592,9987.4,158.4,0.2,156,,,,False,13.7
3067,32.938424,-117.086579,9989.3,158.4,0.367,155,,,,True,16.1
3071,32.938416,-117.086567,9991.1,158.8,0.74,155,,,,True,10.0
3072,32.938408,-117.086553,9992.4,158.8,0.62,156,,,,True,11.3
3075,32.938361,-117.086528,9997.4,159.4,1.013,157,,,,True,7.9
3077,32.938342,-117.086573,10001.7,159.8,1.86,158,,,,True,8.1
3078,32.938341,-117.086591,10003.8,159.8,1.9,158,,,,True,4.6
3081,32.93835,-117.086659,10009.7,160.2,2.05,159,,,,True,0.0
3083,32.938373,-117.086706,10014.7,160.2,2.18,160,,,,True,2.7
3085,32.938396,-117.086765,10020.8,159.8,2.429,160,,,,True,2.1
3090,32.938394,-117.086899,10033.5,160.6,2.686,161,,,,True,2.4
3092,32.938411,-117.086935,10037.8,160.8,2.429,162,,,,True,3.9
3093,32.938429,-117.086939,10039.3,160.8,2.313,162,,,,True,-3.7
3094,32.938448,-117.086956,10041.5,160.6,2.3,162,,,,True,-9.1
3095,32.938457,-117.086989,10044.4,160.2,2.18,159,,,,True,-8.8
3096,32.938459,-117.087024,10047.6,160.0,2.35,154,,,,True,-4.1
3097,32.938457,-117.087032,10048.8,159.8,2.2,151,,,,True,-1.7
3098,32.938453,-117.087056,10050.7,159.8,2.28,151,,,,True,0.0
3100,32.938464,-117.087113,10056.3,160.0,2.38,149,,,,True,0.9
3101,32.938476,-117.087142,10059.3,160.0,2.34,149,,,,True,1.4
3105,32.938468,-117.087268,10071.3,160.0,3.0,150,,,,True,2.2
3108,32.938435,-117.087336,10078.9,160.2,2.8,153,,,,True,1.6
3110,32.938411,-117.087381,10084.0,160.6,2.54,153,,,,True,1.4
3115,32.938382,-117.087539,10097.9,160.6,2.714,153,,,,True,-2.1
3116,32.938415,-117.08755,10100.5,160.4,2.75,153,,,,True,-5.6
3118,32.938483,-117.087535,10107.9,159.6,2.987,153,,,,True,-11.6
3119,32.93852,-117.087507,10112.4,159.0,3.156,153,,,,True,-12.6
3120,32.938545,-117.087471,10116.8,158.4,3.78,153,,,,True,-13.3
3122,32.938611,-117.087434,10124.4,157.4,3.983,152,,,,True,-12.5
3123,32.938657,-117.087446,10128.9,156.8,4.2,152,,,,True,-12.9
3124,32.938694,-117.08746,10133.2,156.4,4.16,152,,,,True,-11.4
3125,32.938725,-117.08748,10136.9,155.8,4.02,151,,,,True,-5.4
3126,32.938765,-117.087511,10141.9,155.4,4.183,151,,,,True,-4.6
3129,32.938841,-117.087603,10154.8,155.4,4.32,151,,,,True,-2.8
3130,32.938844,-117.087653,10159.3,155.2,4.48,151,,,,True,-1.1
3133,32.938879,-117.087794,10173.0,154.8,4.443,150,,,,True,-1.7
3138,32.93899,-117.08798,10194.9,154.8,4.45,148,,,,True,-2.1
3140,32.939032,-117.088059,10203.0,154.6,4.286,147,,,,True,-2.1
3141,32.939022,-117.088101,10207.2,154.2,4.275,146,,,,True,-5.9
3142,32.939018,-117.088154,10211.7,154.0,4.3,146,,,,True,-5.8
3144,32.938998,-117.088261,10222.1,153.2,4.533,146,,,,True,-3.4
3145,32.938981,-117.088315,10227.3,153.2,4.86,146,,,,True,-2.8
3147,32.938985,-117.088408,10236.3,153.2,4.92,149,,,,True,2.6
3148,32.938985,-117.088454,10240.5,153.2,4.8,150,,,,True,4.0
3151,32.938978,-117.088582,10252.8,154.0,4.25,148,,,,True,5.1
3156,32.939018,-117.088784,10272.5,155.0,4.0,146,,,,True,6.9
3157,32.939015,-117.088815,10275.4,155.2,3.767,146,,,,True,6.8
3160,32.938992,-117.088909,10284.2,156.2,3.489,146,,,,True,6.7
3163,32.938994,-117.089011,10294.0,156.8,3.1,146,,,,True,5.7
3167,32.939064,-117.089104,10305.4,157.2,3.029,145,,,,True,4.5
3169,32.939051,-117.089156,10310.4,157.2,2.733,143,,,,True,2.9
3171,32.939025,-117.089205,10315.6,157.6,2.7,142,,,,True,2.7
3173,32.93901,-117.089271,10321.8,157.6,2.733,141,,,,True,2.6
3175,32.939042,-117.089321,10327.8,157.8,2.9,141,,,,True,1.9
3177,32.939058,-117.089381,10333.5,157.8,2.983,144,,,,True,3.5
3178,32.939069,-117.089409,10336.7,158.0,2.98,147,,,,True,3.3
3179,32.939076,-117.089433,10339.0,158.2,2.867,147,,,,True,2.5
3186,32.939089,-117.089639,10358.2,158.8,2.688,149,,,,True,2.2
3191,32.939101,-117.089805,10373.7,158.8,2.892,150,,,,True,1.7
3194,32.939098,-117.089892,10382.5,159.0,3.037,150,,,,True,0.5
3195,32.939088,-117.089922,10385.3,159.0,3.011,150,,,,True,1.2
3198,32.93907,-117.090031,10395.6,159.0,3.129,154,,,,True,0.7
3201,32.93902,-117.090126,10406.0,159.2,3.45,156,,,,True,1.3
3203,32.938994,-117.090196,10412.9,159.2,3.46,156,,,,True,2.6
3204,32.939006,-117.090229,10416.0,159.4,3.4,156,,,,True,2.3
3205,32.939026,-117.090245,10418.4,159.6,3.257,157,,,,True,-1.6
3209,32.939094,-117.090359,10431.7,159.8,3.14,157,,,,True,-3.0
3214,32.939186,-117.09054,10451.1,158.6,3.633,156,,,,True,-3.8
3215,32.939211,-117.090585,10456.2,158.2,4.083,156,,,,True,-6.1
3216,32.939228,-117.090626,10460.5,158.0,4.114,156,,,,True,-4.8
3217,32.939219,-117.090665,10464.3,157.8,4.075,156,,,,True,-4.0
3218,32.939226,-117.090702,10467.7,157.8,4.0,156,,,,True,-4.5
3219,32.93925,-117.090725,10471.1,157.6,4.0,155,,,,True,-4.4
3221,32.939305,-117.090777,10478.2,157.2,3.54,155,,,,True,-6.6
3222,32.939343,-117.090788,10482.5,157.0,3.64,155,,,,True,-8.3
3223,32.939366,-117.090816,10486.0,156.6,3.66,154,,,,True,-11.7
3224,32.939363,-117.090836,10488.0,156.2,3.38,154,,,,True,-13.9
3225,32.93935,-117.090858,10490.2,155.8,3.183,151,,,,True,-10.7
3226,32.939343,-117.090885,10492.6,155.6,2.88,146,,,,True,-9.0
3227,32.939356,-117.09092,10495.7,155.4,2.64,140,,,,True,-7.9
3228,32.939385,-117.090938,10499.1,155.2,2.62,133,,,,True,-7.0
3229,32.939415,-117.090963,10502.9,154.8,2.98,130,,,,True,-5.7
3230,32.939435,-117.090999,10506.8,154.6,3.32,129,,,,True,-5.2
3234,32.939479,-117.091124,10520.1,154.0,3.44,129,,,,True,-4.3
3235,32.939461,-117.091138,10522.2,154.0,3.08,129,,,,True,-3.8
3238,32.939384,-117.091171,10530.9,153.6,3.013,131,,,,True,-0.9
3239,32.939373,-117.091196,10533.3,153.6,2.64,133,,,,True,-2.4
3242,32.939376,-117.091288,10541.9,153.8,2.814,136,,,,True,-3.8
3244,32.9394,-117.091349,10547.7,153.4,2.88,136,,,,True,-4.2
3247,32.939488,-117.091361,10557.0,152.6,3.02,136,,,,True,-6.4
3250,32.939553,-117.09144,10566.5,152.2,3.133,136,,,,True,-4.8
3251,32.939557,-117.09148,10570.1,152.0,3.2,136,,,,True,1.9
3254,32.939514,-117.091583,10580.9,151.8,3.414,135,,,,True,4.7
3257,32.939455,-117.091638,10589.3,153.2,3.2,133,,,,True,5.8
3258,32.939453,-117.091672,10592.2,153.4,3.157,133,,,,True,8.1
3260,32.939429,-117.091723,10597.6,153.6,2.783,134,,,,True,2.0
3262,32.939381,-117.091742,10603.1,153.6,2.76,134,,,,True,1.7
3264,32.93934,-117.091789,10609.0,153.6,2.8,133,,,,True,0.9
3266,32.939321,-117.091858,10615.7,153.8,3.017,132,,,,True,0.9
3267,32.939328,-117.091894,10619.0,153.8,3.18,132,,,,True,1.7
3269,32.939357,-117.091959,10625.8,153.8,3.36,145,,,,True,0.0
3271,32.939377,-117.092031,10633.1,154.0,3.48,148,,,,True,0.5
3275,32.939461,-117.092161,10648.0,153.8,3.7,149,,,,True,0.6
3278,32.93951,-117.092239,10657.7,154.0,3.514,149,,,,True,1.0
3279,32.939499,-117.092256,10659.7,154.0,3.325,148,,,,True,3.5
3283,32.939449,-117.092367,10671.3,154.4,2.72,147,,,,True,6.5
3285,32.939444,-117.092419,10676.4,154.8,2.783,147,,,,True,7.3
3288,32.939442,-117.092482,10682.2,155.6,2.18,146,,,,True,10.0
3289,32.939445,-117.092507,10684.2,155.8,2.15,147,,,,True,10.8
3292,32.939429,-117.09258,10691.3,156.4,2.129,150,,,,True,9.4
3293,32.939412,-117.092584,10693.0,156.6,2.16,153,,,,True,10.0
3295,32.939371,-117.092589,10697.1,157.0,2.15,155,,,,True,10.5
3298,32.939312,-117.092619,10704.2,157.8,2.24,157,,,,True,11.5
3300,32.939277,-117.09264,10708.5,158.2,2.28,158,,,,True,12.9
3302,32.939281,-117.092659,10710.4,158.6,1.9,160,,,,True,7.5
3303,32.939284,-117.092667,10711.1,158.8,1.38,162,,,,True,6.8
3305,32.939292,-117.092687,10713.0,159.0,0.9,165,,,,True,4.9
3309,32.939349,-117.092729,10720.3,159.0,1.533,163,,,,True,4.0
3312,32.939394,-117.092767,10726.7,159.4,1.957,163,,,,True,2.7
3314,32.939419,-117.092804,10731.1,159.6,2.16,162,,,,True,3.8
3317,32.939454,-117.092823,10735.0,159.6,1.66,162,,,,True,1.6
3318,32.939451,-117.092836,10735.9,159.6,1.533,162,,,,True,1.6
3320,32.939425,-117.092852,10739.1,159.6,1.333,162,,,,True,6.8
3322,32.939378,-117.092848,10744.0,159.8,1.8,161,,,,True,7.2
3325,32.939301,-117.092862,10752.7,160.8,2.72,160,,,,True,9.2
3327,32.939256,-117.092893,10758.2,161.2,2.84,160,,,,True,10.3
3328,32.939245,-117.092922,10760.9,161.6,2.817,159,,,,True,10.8
3329,32.939247,-117.09295,10763.5,161.8,2.786,159,,,,True,10.3
3330,32.939248,-117.092975,10765.7,162.2,2.6,160,,,,True,7.8
3333,32.939297,-117.093036,10773.8,162.8,2.58,161,,,,True,3.4
3334,32.93932,-117.093043,10776.3,162.8,2.56,161,,,,True,-3.0
3336,32.939343,-117.093085,10780.9,162.4,2.533,161,,,,True,-4.0
3338,32.939336,-117.093133,10785.5,161.6,2.34,159,,,,True,-2.8
3341,32.939333,-117.093226,10794.0,162.0,2.62,158,,,,True,-1.0
3342,32.939358,-117.093253,10797.5,162.2,2.767,158,,,,True,0.9
3343,32.939368,-117.093292,10801.2,162.2,3.14,157,,,,True,-3.4
3345,32.939406,-117.093362,10808.9,161.8,3.343,157,,,,True,-4.7
3346,32.939398,-117.09339,10811.8,161.4,3.56,158,,,,True,-4.8
3347,32.939378,-117.093417,10814.5,161.4,3.4,162,,,,True,-1.0
3348,32.93937,-117.093457,10818.0,161.4,3.36,163,,,,True,1.0
3351,32.939397,-117.093575,10828.9,161.6,3.42,162,,,,True,0.0
3352,32.939425,-117.093601,10832.3,161.6,3.56,162,,,,True,-0.6
3354,32.939476,-117.093571,10838.2,161.4,3.367,163,,,,True,-2.6
3357,32.939579,-117.093544,10849.1,161.2,3.36,163,,,,True,-3.5
3358,32.9396,-117.093563,10852.3,161.0,3.333,162,,,,True,-3.4
3359,32.939604,-117.093594,10854.9,160.8,3.34,162,,,,True,-4.0
3361,32.93961,-117.093667,10861.4,160.6,3.314,163,,,,True,-5.2
3364,32.939683,-117.093667,10869.3,160.4,2.88,162,,,,True,-4.3
3365,32.939702,-117.093683,10871.5,160.0,2.767,162,,,,True,-4.9
3367,32.939762,-117.093697,10878.0,159.8,2.767,162,,,,True,-5.4
3368,32.939795,-117.09369,10881.8,159.6,2.914,162,,,,True,-5.4
3371,32.939887,-117.093676,10891.7,159.2,3.367,161,,,,True,-6.2
3373,32.939919,-117.093727,10897.4,158.6,3.12,161,,,,True,-5.1
3374,32.939918,-117.093761,10900.5,158.4,3.117,161,,,,True,-5.6
3378,32.939902,-117.093896,10913.1,158.0,3.14,160,,,,True,-4.4
3379,32.939901,-117.093933,10916.5,157.8,3.2,159,,,,True,-8.4
3381,32.939927,-117.09402,10924.9,157.4,3.486,160,,,,True,-11.6
3383,32.939952,-117.094113,10933.7,155.6,4.12,160,,,,True,-10.9
3384,32.939976,-117.09414,10937.2,155.2,4.14,160,,,,True,-13.8
3386,32.940017,-117.094124,10942.2,155.0,3.46,161,,,,True,-5.2
3387,32.940022,-117.09411,10943.8,154.8,3.15,160,,,,True,-2.5
3389,32.94003,-117.094047,10949.1,154.8,2.38,157,,,,True,-1.3
3390,32.940041,-117.094006,10953.0,154.8,2.633,155,,,,True,-1.8
3391,32.940053,-117.093962,10957.3,154.8,3.02,151,,,,True,-3.7
3393,32.940085,-117.093878,10966.1,154.4,3.717,148,,,,True,-5.2
3394,32.94012,-117.09384,10970.8,154.0,4.34,147,,,,True,-5.7
3395,32.940147,-117.093795,10976.0,153.6,4.6,146,,,,True,-6.6
3396,32.940175,-117.09374,10981.9,153.4,4.92,146,,,,True,-5.3
3397,32.940199,-117.093688,10987.3,153.0,5.0,146,,,,True,-4.6
3399,32.940233,-117.093595,10997.4,152.6,5.32,145,,,,True,-5.3
3401,32.940289,-117.093517,11006.7,152.2,4.96,145,,,,True,-5.4
3402,32.940326,-117.093482,11012.0,151.8,4.94,145,,,,True,-6.8
3403,32.940357,-117.093446,11016.7,151.4,4.9,145,,,,True,-9.0
3404,32.940358,-117.093402,11020.8,151.0,4.68,144,,,,True,-10.1
3405,32.940342,-117.093367,11024.4,150.6,4.5,144,,,,True,-9.5
3406,32.940355,-117.09333,11027.8,150.2,4.22,144,,,,True,-10.7
3408,32.940408,-117.093266,11035.7,149.6,3.8,144,,,,True,-9.3
3410,32.940437,-117.093169,11045.1,148.4,4.14,144,,,,True,-9.2
3411,32.940463,-117.093123,11050.2,148.2,4.48,143,,,,True,-9.4
3413,32.940515,-117.093062,11058.3,147.4,4.52,143,,,,True,-6.4
3414,32.940543,-117.093068,11061.1,147.2,4.233,143,,,,True,-6.4
3418,32.940642,-117.093116,11073.2,146.6,2.98,143,,,,True,-5.2
3420,32.940677,-117.093062,11078.5,146.4,2.9,142,,,,True,-6.2
3421,32.940711,-117.09307,11081.6,146.2,2.929,142,,,,True,-6.2
3423,32.940737,-117.093115,11086.8,145.6,2.72,141,,,,True,-7.1
3424,32.940753,-117.093135,11089.3,145.6,2.683,140,,,,True,-5.7
3426,32.940798,-117.093188,11095.5,145.2,2.78,140,,,,True,-4.1
3427,32.940828,-117.093205,11099.0,145.2,2.9,140,,,,True,-4.8
3428,32.940847,-117.093193,11101.5,145.0,2.94,141,,,,True,-8.2
3431,32.940866,-117.093139,11105.9,144.8,2.08,140,,,,True,-6.5
3434,32.940917,-117.093172,11112.5,143.8,1.833,137,,,,True,-7.3
3438,32.940951,-117.093285,11123.8,143.6,2.557,135,,,,True,-8.6
3442,32.941025,-117.093352,11134.3,142.6,2.725,135,,,,True,-6.6
3445,32.941026,-117.093431,11143.0,141.6,2.743,134,,,,True,-7.2
3446,32.941016,-117.093455,11145.8,141.6,2.75,134,,,,True,-4.2
3447,32.941027,-117.093484,11148.7,141.8,2.88,133,,,,True,5.8
3449,32.941022,-117.093534,11153.2,141.8,2.7,131,,,,True,5.3
3454,32.941019,-117.093677,11167.1,143.0,2.629,130,,,,True,4.7
3456,32.941029,-117.09373,11172.2,143.0,2.714,130,,,,True,3.5
3458,32.941033,-117.093796,11178.7,143.2,2.833,131,,,,True,-1.2
3462,32.941071,-117.093942,11192.7,143.2,3.417,133,,,,True,-2.5
3464,32.941137,-117.093978,11200.5,142.6,3.633,140,,,,True,-5.4
3465,32.941167,-117.093994,11204.4,142.2,3.671,145,,,,True,-10.4
3466,32.941192,-117.094032,11208.3,141.6,3.7,146,,,,True,-11.7
3467,32.941223,-117.094053,11211.9,141.2,3.84,146,,,,True,-9.6
3468,32.941245,-117.094088,11215.9,140.8,3.867,147,,,,True,-2.5
3469,32.941242,-117.094122,11219.0,140.8,3.7,147,,,,True,2.9
3471,32.941247,-117.094178,11224.2,141.2,3.18,146,,,,True,5.1
3474,32.941301,-117.094247,11232.7,141.8,2.74,146,,,,True,4.1
3475,32.94133,-117.094251,11235.6,141.8,2.767,146,,,,True,2.0
3476,32.941355,-117.09424,11238.4,141.6,2.84,145,,,,True,-3.1
3478,32.941377,-117.094187,11243.9,141.6,2.814,146,,,,True,-4.4
3481,32.941409,-117.094111,11251.9,141.2,2.7,146,,,,True,-5.8
3482,32.941428,-117.094117,11253.6,141.0,2.533,146,,,,True,-8.3
3485,32.941478,-117.094198,11262.7,140.2,2.686,145,,,,True,-10.0
3486,32.941493,-117.094224,11265.5,139.8,2.72,145,,,,True,-9.8
3487,32.941516,-117.094238,11267.9,139.6,2.86,146,,,,True,-12.0
3489,32.941541,-117.094206,11271.9,139.2,2.614,145,,,,True,-14.3
3490,32.941536,-117.094178,11274.4,138.8,2.34,146,,,,True,-17.3
3492,32.941537,-117.094117,11279.5,137.8,2.32,147,,,,True,-24.1
3493,32.941555,-117.0941,11281.8,137.2,2.317,147,,,,True,-25.2
3495,32.941597,-117.094117,11286.0,135.8,2.32,146,,,,True,-24.3
3496,32.941628,-117.09414,11289.5,135.0,2.517,146,,,,True,-16.8
3497,32.941647,-117.094176,11293.5,134.4,2.8,146,,,,True,-5.9
3499,32.941664,-117.09425,11300.9,134.0,3.183,146,,,,True,-4.0
3503,32.941729,-117.094402,11316.6,134.0,3.85,146,,,,True,-2.5
3506,32.94178,-117.094518,11329.1,133.4,4.029,145,,,,True,-1.7
3507,32.941804,-117.09456,11333.9,133.4,4.125,144,,,,True,-2.8
3510,32.94189,-117.094668,11347.8,133.2,4.457,143,,,,True,-1.6
3511,32.941913,-117.09471,11352.4,133.0,4.66,144,,,,True,-2.8
3514,32.942006,-117.094806,11365.7,132.8,4.543,144,,,,True,-4.0
3515,32.94203,-117.094834,11369.8,132.4,4.4,143,,,,True,-6.4
3516,32.942048,-117.094854,11372.6,132.2,4.04,143,,,,True,-13.2
3518,32.942089,-117.094886,11377.4,131.4,3.571,143,,,,True,-17.3
3519,32.942103,-117.094878,11379.3,131.0,2.72,142,,,,True,-19.3
3522,32.942095,-117.094827,11383.7,130.0,1.85,142,,,,True,-20.2
3523,32.942087,-117.094799,11386.1,129.6,1.74,143,,,,True,-20.8
3524,32.942094,-117.094771,11388.3,129.2,1.8,143,,,,True,-16.7
3525,32.942113,-117.09477,11389.9,128.8,1.767,143,,,,True,-16.7
3526,32.942133,-117.094784,11392.2,128.2,1.843,143,,,,True,-12.4
3528,32.942169,-117.094848,11399.3,127.4,2.64,143,,,,True,-10.9
3530,32.942221,-117.094913,11407.7,126.8,3.56,142,,,,True,-9.2
3531,32.942257,-117.094923,11411.9,126.4,3.94,142,,,,True,-8.2
3532,32.942297,-117.094926,11416.2,126.0,4.0,142,,,,True,-8.5
3534,32.942385,-117.094948,11426.1,125.2,4.467,141,,,,True,-8.7
3537,32.942501,-117.095022,11440.6,124.0,4.88,141,,,,True,-8.3
3538,32.94254,-117.095064,11446.2,123.4,5.0,140,,,,True,-8.0
3539,32.942581,-117.095109,11452.5,123.0,5.28,139,,,,True,-6.0
3540,32.942621,-117.095152,11458.5,122.6,5.4,139,,,,True,-4.6
3542,32.942694,-117.09525,11470.8,122.2,6.04,136,,,,True,-3.3
3543,32.942731,-117.095298,11476.9,122.0,6.14,132,,,,True,-2.7
3544,32.94277,-117.09534,11482.8,122.0,6.06,125,,,,True,-2.5
3545,32.942808,-117.095387,11488.6,121.8,6.02,121,,,,True,-2.4
3546,32.942851,-117.095434,11495.2,121.6,6.117,121,,,,True,-2.7
3547,32.942898,-117.095471,11501.5,121.4,6.14,120,,,,True,-2.8
3550,32.943035,-117.095579,11519.6,121.0,6.2,119,,,,True,-3.5
3552,32.943137,-117.09559,11530.8,120.6,5.86,119,,,,True,-4.9
3553,32.943178,-117.095581,11535.6,120.2,5.683,119,,,,True,-6.7
3556,32.943278,-117.095556,11546.6,119.2,4.5,119,,,,True,-7.4
3557,32.943307,-117.095567,11549.6,119.0,3.76,119,,,,True,-3.6
3558,32.943324,-117.095586,11552.5,119.0,3.38,119,,,,True,7.2
3560,32.943347,-117.095639,11557.7,119.4,3.157,120,,,,True,12.2
3562,32.943381,-117.095683,11563.3,120.4,2.74,119,,,,True,12.0
3565,32.943414,-117.095753,11570.9,121.6,2.64,119,,,,True,6.4
3569,32.943505,-117.095808,11582.5,122.6,2.743,119,,,,True,4.5
3576,32.943715,-117.095919,11608.0,122.6,3.373,120,,,,True,2.1
3577,32.943743,-117.095943,11612.0,122.6,3.688,120,,,,True,0.0
3579,32.943792,-117.095994,11619.3,122.6,3.68,123,,,,True,0.0
3580,32.943818,-117.096016,11622.8,122.6,3.664,132,,,,True,0.0
3581,32.943841,-117.096039,11626.1,122.6,3.62,138,,,,True,0.0
3582,32.943866,-117.09607,11629.9,122.6,3.58,141,,,,True,-0.8
3586,32.943983,-117.096154,11645.3,122.6,3.84,144,,,,True,-1.2
3587,32.94401,-117.096174,11648.7,122.4,3.76,145,,,,True,-1.8
3595,32.944212,-117.096341,11676.3,122.0,3.444,147,,,,True,-3.7
3598,32.944295,-117.096381,11686.4,121.6,3.427,147,,,,True,-4.0
3600,32.944367,-117.096397,11694.0,120.8,3.54,146,,,,True,-7.8
3601,32.94441,-117.096404,11698.7,120.4,3.733,147,,,,True,-9.0
3603,32.944505,-117.096431,11709.5,119.4,4.62,147,,,,True,-7.5
3604,32.944552,-117.096453,11715.3,119.0,4.817,146,,,,True,-6.6
3605,32.944596,-117.096476,11720.7,118.8,5.34,146,,,,True,-1.2
3606,32.944637,-117.096505,11726.1,118.6,5.48,146,,,,True,2.6
3610,32.944773,-117.096581,11742.8,119.0,4.42,145,,,,True,3.4
3616,32.944945,-117.096615,11762.1,120.2,3.6,143,,,,True,4.3
3623,32.945088,-117.096714,11780.4,120.8,2.892,143,,,,True,5.1
3625,32.945129,-117.096748,11786.1,121.2,2.667,144,,,,True,4.5
3631,32.945238,-117.096858,11802.0,122.0,2.7,145,,,,True,5.2
3633,32.945265,-117.096898,11806.7,122.2,2.575,147,,,,True,4.3
3638,32.945319,-117.097012,11818.9,122.8,2.414,149,,,,True,4.2
3643,32.945353,-117.097146,11832.1,123.2,2.54,150,,,,True,4.1
3646,32.945373,-117.097228,11840.1,123.6,2.65,151,,,,True,3.8
3654,32.945396,-117.097439,11860.2,124.4,2.555,153,,,,True,3.7
3660,32.945417,-117.09761,11876.3,125.0,2.586,152,,,,True,3.9
3665,32.945447,-117.097762,11891.2,125.4,2.818,151,,,,True,4.4
3667,32.945438,-117.097814,11896.0,125.8,2.814,151,,,,True,4.8
3672,32.945433,-117.097968,11910.5,126.6,2.757,151,,,,True,5.9
3678,32.94546,-117.098126,11925.8,127.4,2.709,151,,,,True,5.5
3679,32.945463,-117.098151,11928.2,127.6,2.529,152,,,,True,5.5
3684,32.945508,-117.09826,11939.7,128.2,2.317,152,,,,True,5.0
3687,32.945537,-117.098334,11947.1,128.6,2.362,155,,,,True,4.6
3688,32.945544,-117.098359,11949.7,128.6,2.389,155,,,,True,2.5
3690,32.945564,-117.098404,11954.5,128.8,2.467,156,,,,True,2.2
3696,32.94568,-117.098514,11971.3,129.0,2.7,155,,,,True,2.0
3703,32.945837,-117.098653,11992.7,129.6,2.938,157,,,,True,1.9
3709,32.945937,-117.098808,12011.2,129.8,3.069,159,,,,True,2.5
3715,32.94597,-117.099002,12030.0,130.2,3.108,158,,,,True,2.9
3719,32.945974,-117.099131,12042.1,130.8,3.09,158,,,,True,3.8
3721,32.945968,-117.099191,12047.6,131.2,2.933,157,,,,True,3.2
3727,32.945933,-117.099363,12064.2,131.8,2.763,157,,,,True,2.6
3732,32.945852,-117.0995,12080.0,131.8,2.945,158,,,,True,2.4
3737,32.945713,-117.099578,12097.0,132.2,3.28,159,,,,True,2.2
3742,32.945569,-117.099656,12114.8,132.8,3.48,158,,,,True,2.2
3743,32.945542,-117.099668,12118.0,133.0,3.5,158,,,,True,3.6
3748,32.945399,-117.099701,12134.4,133.0,3.267,157,,,,True,3.1
3752,32.945282,-117.099705,12147.4,134.0,3.267,157,,,,True,1.9
3754,32.945222,-117.0997,12153.7,134.0,3.217,157,,,,True,1.3
3759,32.945069,-117.099749,12171.9,134.0,3.5,157,,,,True,-0.4
3765,32.944933,-117.099933,12194.9,133.8,3.745,153,,,,True,-0.3
3767,32.944893,-117.100001,12202.7,133.8,3.85,150,,,,True,-0.3
3770,32.944805,-117.100088,12215.3,133.8,4.08,150,,,,True,0.0
3774,32.944657,-117.100156,12233.4,133.8,4.386,150,,,,True,-0.6
3775,32.944618,-117.100165,12237.8,133.8,4.5,150,,,,True,-0.9
3783,32.9443,-117.100258,12274.0,133.4,4.511,151,,,,True,-1.0
3785,32.944216,-117.100265,12283.3,133.2,4.55,151,,,,True,-0.3
3788,32.944103,-117.100241,12296.3,133.2,4.46,150,,,,True,-0.3
3793,32.943932,-117.100136,12317.1,133.6,4.225,148,,,,True,0.3
3799,32.943719,-117.099968,12345.1,133.2,4.436,146,,,,True,0.3
3802,32.943617,-117.09996,12356.4,133.4,4.367,145,,,,True,-0.4
3803,32.94359,-117.099985,12360.0,133.4,4.29,144,,,,True,-0.9
3805,32.943561,-117.100081,12369.5,133.4,4.067,143,,,,True,-2.4
3809,32.943512,-117.10028,12389.0,132.8,4.833,141,,,,True,-1.7
3811,32.943462,-117.100355,12397.7,132.4,4.7,141,,,,True,-1.1
3816,32.943298,-117.100474,12419.3,132.4,4.329,139,,,,True,0.8
3821,32.943096,-117.10047,12441.7,132.6,4.4,137,,,,True,2.0
3826,32.942939,-117.100548,12460.9,133.4,4.16,137,,,,True,3.0
3828,32.94291,-117.100616,12468.1,133.8,3.771,137,,,,True,1.4
3830,32.942901,-117.100657,12472.3,134.0,3.4,136,,,,True,-2.2
3835,32.942883,-117.100801,12485.6,133.2,2.5,135,,,,True,-4.1
3838,32.942922,-117.100919,12497.3,132.6,3.125,135,,,,True,-5.1
3839,32.942931,-117.100965,12501.9,132.4,3.289,134,,,,True,-4.7
3843,32.942995,-117.101138,12519.6,131.6,4.46,133,,,,True,-5.1
3844,32.943015,-117.10118,12524.1,131.4,4.44,133,,,,True,-5.1
3845,32.943031,-117.101227,12528.7,131.0,4.467,133,,,,True,-5.1
3849,32.943088,-117.101438,12549.3,130.0,5.04,134,,,,True,-5.0
3850,32.943096,-117.101497,12554.9,129.8,5.24,134,,,,True,-4.3
3851,32.943099,-117.101554,12560.3,129.6,5.267,135,,,,True,-3.1
3852,32.943093,-117.101609,12565.5,129.4,5.257,135,,,,True,-2.5
3855,32.943047,-117.101772,12581.4,129.0,5.3,136,,,,True,-3.8
3856,32.94305,-117.101831,12586.7,129.0,5.28,136,,,,True,-3.8
3858,32.943068,-117.101941,12597.4,128.2,5.317,136,,,,True,-4.8
3859,32.943091,-117.101984,12602.2,128.0,5.243,135,,,,True,-6.5
3860,32.943101,-117.102027,12606.4,127.8,5.0,134,,,,True,-5.8
3863,32.943137,-117.10217,12620.3,126.8,4.58,133,,,,True,-5.5
3864,32.943143,-117.102222,12625.2,126.6,4.6,133,,,,True,-5.4
3866,32.943167,-117.102321,12634.9,126.2,4.75,134,,,,True,-3.4
3868,32.943212,-117.102401,12643.5,125.8,4.64,133,,,,True,-3.4
3872,32.943288,-117.102572,12661.8,125.4,4.483,131,,,,True,-2.8
3873,32.943293,-117.102621,12666.2,125.2,4.54,129,,,,True,-2.7
3874,32.943298,-117.102672,12670.9,125.2,4.567,126,,,,True,-2.0
3876,32.943291,-117.102779,12681.0,124.8,4.688,123,,,,True,-0.4
3878,32.943264,-117.102882,12691.3,124.8,5.02,124,,,,True,-0.8
3883,32.943174,-117.103134,12716.5,125.0,5.071,127,,,,True,0.0
3884,32.94318,-117.10319,12721.6,124.8,5.05,127,,,,True,0.0
3885,32.943191,-117.103248,12727.1,124.8,5.114,127,,,,True,0.0
3888,32.943242,-117.103374,12740.3,124.8,4.76,127,,,,True,-0.9
3891,32.943253,-117.103382,12741.9,125.0,2.467,126,,,,True,-2.2
3897,32.943251,-117.103395,12743.1,124.6,0.311,126,,,,False,-3.5
3898,32.943264,-117.103414,12745.0,124.4,0.443,126,,,,True,-4.5
3900,32.943296,-117.103475,12751.8,124.4,1.1,126,,,,True,-2.8
3902,32.943348,-117.103536,12759.8,124.2,3.34,126,,,,True,-2.7
3903,32.943371,-117.103581,12764.8,124.0,3.96,127,,,,True,-3.0
3906,32.943446,-117.103735,12781.4,123.4,4.933,128,,,,True,-3.6
3909,32.943545,-117.103875,12798.5,123.0,5.617,128,,,,True,-3.6
3911,32.94362,-117.103951,12809.8,122.4,5.68,127,,,,True,-4.9
3912,32.943655,-117.103993,12815.2,122.2,5.633,127,,,,True,-5.0
3914,32.943714,-117.104091,12826.3,121.2,5.56,126,,,,True,-5.3
3916,32.943781,-117.104191,12838.2,121.0,5.68,125,,,,True,-5.6
3917,32.943819,-117.104235,12843.9,120.6,5.74,126,,,,True,-3.9
3920,32.943926,-117.104375,12861.5,119.6,5.867,126,,,,True,-2.0
3923,32.944,-117.104517,12877.3,119.2,5.567,127,,,,True,-1.1
3928,32.944083,-117.104715,12898.0,119.8,4.563,126,,,,True,-0.9
3933,32.94414,-117.104887,12915.5,119.8,3.82,123,,,,True,-1.3
3938,32.944216,-117.105019,12930.2,119.0,3.22,121,,,,True,-5.6
3940,32.94426,-117.105081,12937.8,118.4,3.186,121,,,,True,-9.8
3943,32.944313,-117.105168,12947.9,117.0,3.54,120,,,,True,-12.8
3946,32.944365,-117.105268,12958.5,115.6,3.45,120,,,,True,-14.4
3948,32.944392,-117.10533,12964.7,114.6,3.36,119,,,,True,-13.1
3949,32.944415,-117.105341,12966.9,114.2,3.167,119,,,,True,-12.5
3952,32.944459,-117.105261,12975.3,113.4,2.8,117,,,,True,-11.4
3955,32.944508,-117.105151,12987.2,112.0,3.383,117,,,,True,-11.1
3957,32.944544,-117.105063,12996.4,111.0,4.22,116,,,,True,-12.5
3959,32.94458,-117.104982,13004.9,110.0,4.229,117,,,,True,-12.7
3961,32.944636,-117.104937,13012.0,108.8,4.133,117,,,,True,-13.8
3962,32.944671,-117.104937,13015.5,108.4,3.82,118,,,,True,-15.2
3963,32.944707,-117.10495,13019.6,107.8,3.867,117,,,,True,-14.4
3964,32.944748,-117.10498,13024.6,107.0,3.94,117,,,,True,-14.8
3965,32.94479,-117.105011,13030.1,106.2,4.2,117,,,,True,-13.6
3966,32.944838,-117.105034,13035.8,105.4,4.76,117,,,,True,-12.7
3967,32.944893,-117.105046,13041.6,104.8,5.22,117,,,,True,-11.3
3969,32.944993,-117.105065,13052.9,103.4,5.66,116,,,,True,-8.2
3970,32.945043,-117.105091,13058.5,103.0,5.68,116,,,,True,-7.1
3972,32.945134,-117.105149,13070.0,102.6,5.68,116,,,,True,-3.0
3973,32.945165,-117.105194,13075.2,102.4,5.6,117,,,,True,-1.4
3974,32.945186,-117.105239,13080.0,102.6,5.42,117,,,,True,2.2
3976,32.945182,-117.105324,13087.9,102.6,4.9,119,,,,True,2.9
3982,32.945102,-117.1056,13115.0,103.6,4.375,118,,,,True,2.6
3984,32.945075,-117.10569,13124.1,103.8,4.525,115,,,,True,2.2
3986,32.945042,-117.105779,13133.2,104.0,4.53,118,,,,True,-0.5
3988,32.945014,-117.105875,13142.7,103.8,4.617,118,,,,True,-1.8
3990,32.944981,-117.105976,13152.9,103.4,4.8,119,,,,True,-2.4
3993,32.944908,-117.106128,13169.1,103.0,5.28,121,,,,True,-2.5
3994,32.944889,-117.106176,13174.1,103.0,5.233,124,,,,True,-2.3
3996,32.94486,-117.106271,13183.5,102.8,5.1,129,,,,True,-2.7
3997,32.944836,-117.106314,13187.9,102.6,5.0,129,,,,True,-3.8
3998,32.944805,-117.106335,13191.7,102.4,4.52,129,,,,True,-1.1
3999,32.944773,-117.106334,13195.2,102.2,4.22,129,,,,True,4.5
4001,32.944724,-117.106313,13201.0,102.6,3.5,130,,,,True,9.9
4003,32.944694,-117.106275,13205.6,103.4,2.78,132,,,,True,13.9
4005,32.94466,-117.106246,13209.9,104.2,2.45,133,,,,True,14.9
4006,32.944639,-117.106233,13212.5,104.6,2.3,133,,,,True,11.3
4008,32.944597,-117.106237,13217.1,105.0,2.3,134,,,,True,6.2
4009,32.944579,-117.106255,13219.7,105.0,2.35,134,,,,True,2.9
4011,32.944541,-117.106307,13226.1,105.2,2.72,137,,,,True,1.0
4013,32.944493,-117.106356,13232.9,105.2,3.16,142,,,,True,0.7
4014,32.944468,-117.10638,13236.6,105.2,3.38,144,,,,True,0.0
4017,32.944416,-117.106479,13247.3,105.2,3.533,147,,,,True,0.5
4019,32.944411,-117.106562,13255.2,105.2,3.72,148,,,,True,0.4
4023,32.94441,-117.106727,13270.6,105.4,3.883,151,,,,True,0.7
4028,32.944371,-117.106926,13289.8,105.4,3.844,153,,,,True,0.6
4032,32.944304,-117.107073,13305.3,105.6,3.856,154,,,,True,-0.3
4036,32.944232,-117.107195,13319.5,105.6,3.713,154,,,,True,-0.3
4041,32.944122,-117.107311,13335.7,105.2,3.378,154,,,,True,-0.8
4045,32.944031,-117.107411,13349.4,105.2,3.322,150,,,,True,-0.8
4047,32.943983,-117.107461,13356.5,105.2,3.467,149,,,,True,0.0
4051,32.943891,-117.107537,13368.8,105.2,3.233,146,,,,True,0.0
4053,32.94386,-117.107556,13372.7,105.2,2.7,145,,,,True,0.0
4055,32.943845,-117.107593,13376.4,105.2,2.487,144,,,,True,1.0
4057,32.943857,-117.107639,13381.0,105.2,2.033,142,,,,True,0.9
4060,32.943876,-117.107724,13389.0,105.4,2.52,139,,,,True,2.5
4062,32.943908,-117.107789,13396.1,105.4,3.02,139,,,,True,4.5
4066,32.943934,-117.107918,13408.4,106.0,3.233,141,,,,True,5.6
4069,32.943945,-117.108006,13416.8,106.8,2.957,142,,,,True,4.5
4072,32.943974,-117.108084,13424.5,107.4,2.683,144,,,,True,1.4
4075,32.944022,-117.108184,13436.0,107.2,3.2,147,,,,True,-1.0
4078,32.944091,-117.108321,13450.8,106.6,4.383,148,,,,True,-3.4
4079,32.94412,-117.108367,13456.2,106.4,4.529,149,,,,True,-4.9
4082,32.944188,-117.108521,13472.2,105.8,5.171,150,,,,True,-6.4
4083,32.944201,-117.10857,13476.8,105.2,5.2,149,,,,True,-6.9
4084,32.944224,-117.108616,13482.0,104.6,5.16,149,,,,True,-10.6
4087,32.944293,-117.10876,13497.0,103.6,4.96,149,,,,True,-12.4
4088,32.944308,-117.108815,13502.4,102.6,5.12,149,,,,True,-8.5
4089,32.944319,-117.108872,13507.5,101.4,5.1,149,,,,True,-7.5
4092,32.944383,-117.109042,13524.6,101.0,5.52,148,,,,True,-5.2
4094,32.944403,-117.109175,13537.0,100.6,5.9,147,,,,True,-2.3
4095,32.944409,-117.109247,13544.8,100.4,6.217,147,,,,True,-1.9
4096,32.944418,-117.109313,13551.2,100.4,6.243,146,,,,True,-1.3
4099,32.944419,-117.109487,13567.6,100.2,6.12,144,,,,True,-1.0
4102,32.94435,-117.10962,13582.1,100.0,5.15,142,,,,True,-1.2
4103,32.944331,-117.109665,13586.7,100.0,5.071,142,,,,True,-1.5
4106,32.944306,-117.109799,13599.3,99.8,4.529,142,,,,True,-2.6
4108,32.944339,-117.109887,13608.3,99.6,4.32,141,,,,True,-3.1
4109,32.944358,-117.109938,13613.3,99.2,4.433,141,,,,True,-5.2
4110,32.94437,-117.109995,13618.6,99.0,4.557,141,,,,True,-5.9
4112,32.9444,-117.11011,13630.2,98.2,5.15,141,,,,True,-3.2
4113,32.9444,-117.110165,13635.2,98.0,5.38,141,,,,True,-1.7
4115,32.944424,-117.110264,13644.9,98.2,5.26,141,,,,True,0.4
4117,32.944443,-117.110365,13654.5,98.4,4.86,141,,,,True,0.3
4122,32.944469,-117.110634,13679.9,98.4,5.0,140,,,,True,0.3
4127,32.944452,-117.1109,13704.8,98.2,5.03,139,,,,True,-0.6
4128,32.944461,-117.110951,13709.7,98.4,4.967,139,,,,True,-1.0
4131,32.944488,-117.11111,13724.8,98.0,4.989,139,,,,True,-1.0
4134,32.944466,-117.111266,13739.5,97.8,4.967,139,,,,True,-1.0
4135,32.94446,-117.111316,13744.2,97.8,4.929,139,,,,True,-0.6
4136,32.944459,-117.11137,13749.4,98.0,4.92,140,,,,True,0.0
4138,32.944458,-117.111476,13759.1,97.8,4.9,139,,,,True,0.0
4140,32.944421,-117.111545,13767.1,97.8,4.58,139,,,,True,-1.2
4142,32.944403,-117.111624,13774.7,97.8,4.217,139,,,,True,-1.8
4144,32.944369,-117.111722,13784.0,97.6,4.15,139,,,,True,-2.0
4146,32.944319,-117.111792,13792.9,97.2,4.3,138,,,,True,-2.1
4147,32.944277,-117.11181,13797.4,97.2,4.54,138,,,,True,-1.8
4150,32.944148,-117.111877,13813.2,97.0,4.867,138,,,,True,-0.5
4153,32.944025,-117.111939,13828.3,96.8,5.15,138,,,,True,0.4
4155,32.943944,-117.111938,13837.1,97.0,4.78,139,,,,True,1.6
4157,32.943863,-117.111927,13846.3,97.4,4.729,139,,,,True,2.0
4161,32.943701,-117.111883,13864.4,97.8,4.55,140,,,,True,0.0
4162,32.943671,-117.111914,13868.6,97.6,4.46,141,,,,True,-1.9
4165,32.943562,-117.112018,13883.7,97.0,4.675,140,,,,True,-4.3
4166,32.943513,-117.112038,13889.3,96.6,4.98,140,,,,True,-4.4
4169,32.94337,-117.1121,13906.2,96.0,5.371,141,,,,True,-5.0
4171,32.943319,-117.112158,13914.3,95.6,5.0,141,,,,True,-3.6
4175,32.943248,-117.112227,13923.7,95.0,2.917,141,,,,True,-4.0
4178,32.943217,-117.112321,13933.8,95.0,2.786,141,,,,True,-1.9
4179,32.94322,-117.112342,13936.0,94.8,2.713,141,,,,True,1.2
4183,32.94325,-117.112444,13945.9,95.0,2.42,141,,,,True,2.7
4187,32.943256,-117.112576,13958.0,95.4,2.75,141,,,,True,2.1
4191,32.943173,-117.112663,13970.4,96.0,3.063,141,,,,True,0.4
4195,32.943116,-117.112776,13983.7,95.8,3.213,140,,,,True,-0.9
4198,32.943093,-117.112908,13995.9,95.2,3.643,141,,,,True,-3.4
4199,32.943063,-117.112944,14000.5,95.0,3.763,141,,,,True,-4.5
4200,32.943031,-117.112985,14005.5,94.8,4.36,141,,,,True,-4.4
4201,32.943021,-117.113037,14010.5,94.6,4.467,141,,,,True,-2.4
4203,32.942999,-117.113114,14018.6,94.2,4.54,141,,,,True,-1.5
4208,32.942918,-117.113249,14034.1,94.2,3.371,141,,,,True,-1.6
4211,32.942856,-117.113343,14045.4,94.2,3.35,143,,,,True,0.8
4212,32.942858,-117.113382,14049.0,94.0,3.378,143,,,,True,1.1
4218,32.942874,-117.113607,14070.0,94.6,3.514,143,,,,True,0.8
4223,32.942871,-117.113822,14090.1,94.8,3.736,143,,,,True,0.6
4225,32.942881,-117.113914,14098.6,94.6,4.086,150,,,,True,-0.5
4229,32.942888,-117.114121,14118.1,94.4,4.667,152,,,,True,-1.4
4235,32.942873,-117.114408,14145.2,94.2,4.66,153,,,,True,-1.3
4239,32.942846,-117.114607,14163.7,93.8,4.56,154,,,,True,-0.8
4241,32.942826,-117.114728,14175.3,93.6,5.017,156,,,,True,-0.4
4244,32.942815,-117.114892,14190.6,93.8,5.38,156,,,,True,0.4
4246,32.942823,-117.114989,14199.9,94.0,4.92,156,,,,True,0.9
4248,32.942865,-117.115071,14209.1,94.0,4.829,156,,,,True,-1.0
4250,32.9429,-117.115157,14218.0,94.0,4.567,156,,,,True,-1.4
4257,32.942999,-117.115513,14252.8,93.2,4.856,155,,,,True,-0.9
4258,32.94302,-117.115558,14257.6,93.2,4.95,154,,,,True,-0.9
4262,32.943066,-117.115755,14276.8,93.4,4.8,152,,,,True,-0.8
4264,32.943092,-117.115855,14287.0,93.4,4.9,152,,,,True,-0.8
4267,32.943153,-117.116,14301.8,92.8,5.0,153,,,,True,-1.2
4268,32.94316,-117.116054,14306.8,92.8,5.0,152,,,,True,0.3
4272,32.94323,-117.116242,14325.8,92.8,4.8,151,,,,True,2.0
4277,32.943337,-117.11642,14346.7,93.6,4.433,151,,,,True,2.5
4278,32.943356,-117.116461,14351.1,93.8,4.217,151,,,,True,2.9
4283,32.943433,-117.116642,14370.1,94.4,3.9,149,,,,True,1.1
4284,32.943428,-117.116689,14374.2,94.2,3.85,149,,,,True,2.0
4286,32.943433,-117.116795,14384.1,94.0,4.125,148,,,,True,1.7
4290,32.943515,-117.116945,14401.1,94.8,4.483,147,,,,True,1.8
4291,32.943537,-117.116969,14404.4,95.0,4.06,147,,,,True,0.4
4295,32.943573,-117.11711,14417.7,95.0,3.32,146,,,,True,-3.1
4298,32.943676,-117.117117,14428.8,94.2,3.486,145,,,,True,-6.9
4299,32.943705,-117.117091,14433.0,93.8,3.575,145,,,,True,-11.2
4301,32.943755,-117.117069,14439.4,92.6,3.617,144,,,,True,-15.0
4302,32.943789,-117.117078,14442.7,92.2,3.571,143,,,,True,-13.3
4304,32.943859,-117.117059,14450.2,91.0,3.44,143,,,,True,-5.0
4306,32.943925,-117.117026,14458.5,90.4,3.82,143,,,,True,-1.3
4312,32.944097,-117.116927,14479.6,90.6,3.675,142,,,,True,2.3
4316,32.944163,-117.116888,14488.2,91.6,2.97,142,,,,True,5.0
4318,32.944208,-117.11687,14493.2,92.0,2.267,142,,,,True,6.6
4320,32.944259,-117.116871,14498.9,92.4,2.412,141,,,,True,1.3
4326,32.944409,-117.116921,14516.2,93.0,2.875,141,,,,True,0.0
4330,32.94453,-117.117022,14532.7,92.2,3.38,144,,,,True,-0.7
4332,32.944596,-117.117075,14541.4,92.0,4.2,146,,,,True,-0.4
4336,32.944728,-117.117191,14559.4,92.0,4.45,150,,,,True,1.9
4339,32.944822,-117.117262,14571.7,92.8,4.329,149,,,,True,4.2
4340,32.944846,-117.117285,14575.3,93.0,4.237,149,,,,True,7.7
4345,32.944957,-117.11734,14588.9,94.0,2.867,150,,,,True,8.9
4350,32.945054,-117.117394,14601.0,95.2,2.57,153,,,,True,9.9
4354,32.945126,-117.117438,14609.9,96.2,2.333,156,,,,True,11.8
4357,32.945174,-117.117468,14615.8,97.0,2.114,158,,,,True,12.4
4359,32.945193,-117.117502,14619.5,97.6,1.92,159,,,,True,9.5
4361,32.945181,-117.117545,14623.5,98.0,1.943,160,,,,True,8.2
4365,32.945134,-117.117633,14633.0,98.4,2.25,164,,,,True,8.2
4366,32.945122,-117.117653,14635.4,98.6,2.38,165,,,,True,8.3
4368,32.945095,-117.117675,14639.1,99.2,2.229,167,,,,True,9.7
4370,32.945062,-117.117684,14642.8,99.6,1.96,168,,,,True,5.2
4374,32.945002,-117.11774,14651.5,100.2,2.067,169,,,,True,2.7
4381,32.944885,-117.117881,14670.0,100.4,2.473,170,,,,True,1.2
4386,32.944798,-117.117982,14683.5,100.4,2.667,167,,,,True,0.0
4389,32.944744,-117.118052,14692.2,100.2,2.775,167,,,,True,-2.7
4395,32.944652,-117.118246,14713.1,100.2,3.289,164,,,,True,-3.5
4401,32.944517,-117.11843,14736.2,98.6,3.667,165,,,,True,-4.6
4402,32.944505,-117.118476,14740.6,98.4,3.929,165,,,,True,-8.2
4404,32.944526,-117.118568,14749.2,97.6,4.011,165,,,,True,-10.2
4405,32.944515,-117.118628,14754.6,96.8,4.15,164,,,,True,-7.9
4406,32.944492,-117.118681,14759.7,96.2,4.7,165,,,,True,-0.7
4408,32.944432,-117.118737,14768.4,96.2,4.633,164,,,,True,3.2
4411,32.944351,-117.118803,14779.0,97.4,3.86,165,,,,True,2.7
4413,32.944326,-117.11887,14786.0,97.8,3.52,164,,,,True,2.9
4418,32.944242,-117.119034,14804.3,97.4,3.614,162,,,,True,1.9
4422,32.94413,-117.119077,14817.4,97.6,3.489,162,,,,True,1.3
4426,32.944041,-117.119164,14830.3,98.4,3.25,160,,,,True,2.4
4427,32.944014,-117.119185,14833.7,98.4,3.26,155,,,,True,0.0
4428,32.943985,-117.119206,14837.4,98.2,3.333,152,,,,True,-3.6
4432,32.943871,-117.119307,14853.3,97.6,3.92,149,,,,True,-4.2
4433,32.94384,-117.119337,14857.7,97.4,4.06,149,,,,True,-4.5
4434,32.943807,-117.119369,14862.3,97.2,4.15,148,,,,True,-4.2
4438,32.943695,-117.119522,14881.4,96.2,4.74,148,,,,True,-3.6
4439,32.943671,-117.119569,14886.5,96.2,4.84,148,,,,True,-2.3
4440,32.943642,-117.119612,14891.5,96.2,4.867,149,,,,True,-0.5
4443,32.943536,-117.119684,14905.2,96.2,4.76,149,,,,True,-0.5
4446,32.943425,-117.119772,14919.9,96.0,4.733,148,,,,True,1.0
4448,32.943385,-117.119855,14928.8,96.0,4.72,148,,,,True,1.7
4453,32.943257,-117.120009,14949.2,96.8,4.186,147,,,,True,2.1
4457,32.943189,-117.120149,14964.2,97.2,3.933,147,,,,True,1.0
4458,32.943165,-117.120176,14968.0,97.0,3.76,147,,,,True,-0.9
4464,32.943029,-117.120368,14991.5,96.6,3.9,147,,,,True,-2.4
4465,32.943015,-117.120412,14995.7,96.4,3.957,147,,,,True,-2.6
4467,32.942988,-117.12051,15005.5,96.2,4.167,147,,,,True,-3.0
4469,32.942943,-117.120594,15014.7,95.8,4.64,148,,,,True,-2.4
4471,32.942896,-117.120682,15024.3,95.6,4.767,151,,,,True,-1.2
4472,32.942882,-117.120731,15029.2,95.6,4.74,152,,,,True,1.9
4474,32.942868,-117.120825,15038.2,95.8,4.7,153,,,,True,2.8
4479,32.942844,-117.121025,15057.3,96.6,4.014,153,,,,True,2.9
4485,32.942854,-117.121277,15080.8,97.2,3.873,153,,,,True,1.2
4486,32.942865,-117.121315,15084.7,97.2,3.914,153,,,,True,-0.4
4491,32.94285,-117.121502,15103.0,96.6,3.7,154,,,,True,-4.5
4492,32.942852,-117.121547,15107.0,96.4,3.717,154,,,,True,-7.8
4493,32.942855,-117.121596,15111.6,95.8,3.843,155,,,,True,-7.4
4495,32.942861,-117.121725,15123.2,94.2,4.278,155,,,,True,-5.3
4498,32.942858,-117.121879,15138.1,94.0,5.3,155,,,,True,-0.6
4499,32.942843,-117.121905,15140.7,94.6,4.85,156,,,,True,7.4
4501,32.942805,-117.121931,15145.5,95.6,3.717,155,,,,True,15.7
4502,32.942788,-117.121938,15147.6,96.0,3.486,155,,,,True,12.4
4505,32.942731,-117.121971,15154.7,96.6,2.333,155,,,,True,9.2
4507,32.942694,-117.122005,15160.0,97.0,2.48,154,,,,True,5.1
4512,32.942628,-117.12207,15169.4,97.8,2.1,154,,,,True,2.4
4518,32.942545,-117.122175,15183.1,97.8,2.1,155,,,,True,1.2
4526,32.942402,-117.122328,15204.7,97.8,2.521,153,,,,True,-2.4
4527,32.942378,-117.122362,15208.7,97.6,2.844,153,,,,True,-3.3
4529,32.942338,-117.122463,15218.9,96.6,3.255,153,,,,True,-7.7
4530,32.942313,-117.122519,15224.9,96.4,3.483,153,,,,True,-8.7
4531,32.942277,-117.122566,15230.6,95.8,5.18,153,,,,True,-6.9
4532,32.94224,-117.12261,15236.4,95.2,5.54,153,,,,True,-6.1
4533,32.942195,-117.122641,15242.2,95.0,5.583,153,,,,True,-3.1
4534,32.942152,-117.122673,15247.8,95.0,5.78,153,,,,True,-1.5
4537,32.942043,-117.122764,15262.9,94.8,5.3,153,,,,True,-1.0
4540,32.941952,-117.122857,15276.0,94.6,4.7,155,,,,True,-1.3
4541,32.941918,-117.122886,15280.6,94.6,4.686,155,,,,True,-1.8
4544,32.94181,-117.122923,15292.8,94.4,4.271,154,,,,True,-3.2
4545,32.941788,-117.122958,15296.9,94.2,4.18,153,,,,True,-5.6
4546,32.941763,-117.122989,15300.9,93.8,4.06,152,,,,True,-10.5
4547,32.941733,-117.123025,15305.4,93.2,4.133,152,,,,True,-13.6
4548,32.941709,-117.123061,15309.9,92.6,4.186,151,,,,True,-14.0
4549,32.941676,-117.123093,15314.5,91.8,4.34,150,,,,True,-14.6
4550,32.941635,-117.123119,15319.5,91.2,4.52,150,,,,True,-13.1
4551,32.941584,-117.123159,15326.0,90.2,5.02,149,,,,True,-11.9
4553,32.941488,-117.123232,15338.9,88.8,5.8,149,,,,True,-9.8
4555,32.941414,-117.123309,15349.7,87.6,6.04,148,,,,True,-7.8
4558,32.941329,-117.123461,15366.5,86.6,5.52,148,,,,True,-3.2
4559,32.941325,-117.123517,15372.0,86.6,5.517,148,,,,True,-1.2
4564,32.941266,-117.123745,15394.5,87.0,4.667,146,,,,True,1.0
4565,32.941253,-117.123792,15399.3,87.0,4.55,144,,,,True,0.4
4567,32.941216,-117.123876,15408.1,87.0,4.513,143,,,,True,-0.5
4569,32.941174,-117.123957,15417.1,86.8,4.52,142,,,,True,-0.4
4573,32.941107,-117.124147,15436.3,86.8,4.7,142,,,,True,0.0
4575,32.941104,-117.12425,15445.9,86.8,4.8,142,,,,True,0.4
4577,32.941091,-117.124346,15455.1,87.0,4.75,141,,,,True,0.6
4579,32.941098,-117.124447,15464.7,87.0,4.733,142,,,,True,0.0
4580,32.94111,-117.124493,15469.2,87.0,4.66,143,,,,True,-1.8
4582,32.941127,-117.124597,15478.9,86.8,4.76,143,,,,True,-2.1
4584,32.941117,-117.124706,15489.2,86.4,4.9,144,,,,True,-1.2
4585,32.9411,-117.124754,15493.9,86.4,4.94,144,,,,True,0.6
4587,32.941096,-117.124849,15503.0,86.6,4.82,145,,,,True,3.1
4589,32.9411,-117.124943,15511.6,87.0,4.48,145,,,,True,2.8
4591,32.941106,-117.125042,15521.0,87.4,4.517,146,,,,True,1.7
4593,32.941096,-117.125136,15530.0,87.4,4.5,147,,,,True,-1.0
4595,32.941082,-117.125234,15539.3,87.2,4.617,149,,,,True,-2.1
4598,32.941059,-117.125387,15553.6,86.6,4.72,152,,,,True,-2.6
4599,32.94106,-117.125443,15558.8,86.6,4.8,153,,,,True,-2.3
4601,32.941074,-117.125549,15568.8,86.4,4.917,153,,,,True,-2.0
4602,32.941063,-117.125599,15573.5,86.4,4.886,153,,,,True,-1.4
4604,32.94105,-117.125699,15583.0,86.0,4.84,152,,,,True,-1.0
4608,32.941,-117.125872,15600.3,86.0,4.467,151,,,,True,-1.2
4614,32.940974,-117.126147,15626.2,85.8,4.32,149,,,,True,-0.3
4617,32.940945,-117.126288,15639.7,85.6,4.378,148,,,,True,0.5
4620,32.940891,-117.126424,15653.9,85.8,4.617,148,,,,True,1.6
4625,32.94086,-117.126631,15673.6,86.4,4.237,147,,,,True,2.8
4626,32.940845,-117.126655,15676.4,86.6,3.75,146,,,,True,1.8
4628,32.940793,-117.1267,15683.2,86.8,3.663,146,,,,True,0.5
4632,32.940733,-117.126839,15697.8,86.6,3.567,146,,,,True,-0.4
4638,32.940647,-117.127018,15717.3,86.6,3.41,146,,,,True,-0.9
4642,32.940611,-117.127153,15730.6,86.4,3.28,145,,,,True,-0.5
4647,32.94056,-117.127334,15748.4,86.2,3.456,143,,,,True,-1.2
4653,32.940538,-117.127598,15773.5,86.2,3.9,143,,,,True,-0.6
4659,32.940529,-117.127902,15801.8,85.6,4.45,144,,,,True,-0.2
4665,32.940478,-117.128206,15830.8,85.8,4.775,144,,,,True,-0.3
4667,32.940448,-117.128299,15839.9,86.0,4.763,146,,,,True,0.7
4669,32.940472,-117.128396,15849.1,86.0,4.73,146,,,,True,0.0
4672,32.940541,-117.1285,15861.7,86.0,4.36,147,,,,True,-1.6
4676,32.940526,-117.128684,15878.5,85.8,4.2,145,,,,True,-2.8
4679,32.940534,-117.128819,15891.2,85.2,4.214,146,,,,True,-3.6
4681,32.940529,-117.128901,15898.7,84.6,4.04,145,,,,True,-4.9
4684,32.940533,-117.128976,15906.2,84.4,3.0,144,,,,True,-4.9
4685,32.94054,-117.128982,15907.2,84.4,2.667,144,,,,True,-4.6
4689,32.940548,-117.128971,15907.4,84.4,0.24,141,,,,False,-6.9
4690,32.940548,-117.128971,15907.4,84.2,0.04,140,,,,False,-5.1
4691,32.940548,-117.128971,15907.4,84.2,0.033,139,,,,False,-1.8
4692,32.940548,-117.128971,15907.4,84.2,0.029,135,,,,False,-1.9
4698,32.940548,-117.128971,15907.4,84.0,0.0,135,,,,False,-0.9
4705,32.940561,-117.129001,15910.4,84.0,0.231,136,,,,True,-0.9
4706,32.940563,-117.129032,15913.3,84.0,0.737,136,,,,True,-0.6
4711,32.940521,-117.129186,15928.5,84.0,3.017,136,,,,True,-0.6
4714,32.940533,-117.129292,15938.6,83.8,3.163,136,,,,True,-0.5
4715,32.940548,-117.129316,15941.6,83.8,3.144,137,,,,True,-1.9
4720,32.940559,-117.12948,15957.3,83.8,3.117,137,,,,True,-3.4
4723,32.940553,-117.129614,15969.7,83.2,3.513,135,,,,True,-4.1
4725,32.940555,-117.129724,15980.0,82.4,4.54,132,,,,True,-6.4
4726,32.940558,-117.129786,15985.8,82.0,4.75,127,,,,True,-6.3
4727,32.940561,-117.129853,15991.9,81.6,4.943,127,,,,True,-4.5
4729,32.940576,-117.129987,16004.6,81.0,5.817,126,,,,True,-2.9
4731,32.94059,-117.130103,16015.7,80.8,5.98,125,,,,True,-0.8
4732,32.940604,-117.130155,16020.7,81.0,5.76,126,,,,True,-0.5
4736,32.940678,-117.130354,16041.1,81.2,5.08,125,,,,True,-0.5
4743,32.940842,-117.130706,16078.6,80.6,5.264,123,,,,True,-0.8
4746,32.940892,-117.130866,16094.6,80.4,5.35,120,,,,True,-1.1
4747,32.940903,-117.130924,16100.1,80.4,5.364,120,,,,True,-0.6
4749,32.940924,-117.131038,16111.1,80.4,5.417,119,,,,True,0.0
4755,32.940938,-117.131404,16145.3,80.2,5.65,122,,,,True,0.0
4758,32.94093,-117.131583,16162.1,80.4,5.667,124,,,,True,-0.4
4760,32.940922,-117.131708,16173.8,80.4,5.7,125,,,,True,-0.2
4767,32.940921,-117.132134,16213.8,80.0,5.744,125,,,,True,-0.8
4771,32.940938,-117.132376,16236.5,80.0,5.7,126,,,,True,-1.0
4776,32.940965,-117.132679,16264.9,79.6,5.678,126,,,,True,-1.3
4781,32.940944,-117.132987,16294.0,79.2,5.75,126,,,,True,-1.6
4783,32.940917,-117.133111,16305.6,78.8,5.814,126,,,,True,-1.4
4784,32.940897,-117.133169,16311.6,78.8,5.838,126,,,,True,-1.5
4786,32.940842,-117.133273,16323.0,78.8,5.8,127,,,,True,-0.9
4788,32.940784,-117.133373,16334.5,78.6,5.78,126,,,,True,-1.3
4794,32.940579,-117.13366,16369.4,78.2,5.8,125,,,,True,-1.1
4795,32.940547,-117.133713,16375.4,78.0,5.843,124,,,,True,-0.9
4798,32.940453,-117.133865,16393.0,78.0,5.85,123,,,,True,-0.5
4800,32.940431,-117.133976,16403.6,78.0,5.64,122,,,,True,-0.2
4808,32.940398,-117.134445,16447.7,77.8,5.47,123,,,,True,-0.2
4811,32.940388,-117.134623,16464.3,77.8,5.518,126,,,,True,0.0
4816,32.940363,-117.134919,16492.2,77.8,5.563,127,,,,True,-0.6
4822,32.940329,-117.135273,16525.6,78.0,5.573,129,,,,True,-0.6
4827,32.940297,-117.135573,16553.3,77.2,5.555,129,,,,True,-0.5
4829,32.940348,-117.135662,16563.2,77.2,5.371,130,,,,True,-0.8
4831,32.940432,-117.135676,16572.7,77.4,5.233,131,,,,True,1.4
4832,32.940473,-117.135678,16577.2,77.6,4.78,132,,,,True,0.0
4833,32.940512,-117.135689,16581.7,77.6,4.733,132,,,,True,-0.4
4836,32.940638,-117.135716,16595.7,77.2,4.6,132,,,,True,0.0
4842,32.940879,-117.135689,16622.6,77.2,4.544,133,,,,True,0.5
4847,32.941044,-117.135756,16643.0,77.6,4.3,132,,,,True,1.9
4851,32.941137,-117.135876,16658.4,78.0,3.978,131,,,,True,2.6
4857,32.941166,-117.136103,16680.3,78.8,3.73,131,,,,True,3.2
4858,32.941157,-117.136134,16683.3,78.8,3.557,131,,,,True,3.2
4861,32.94113,-117.136229,16692.6,79.2,3.42,134,,,,True,2.1
4862,32.941116,-117.136256,16695.4,79.2,3.02,137,,,,True,0.5
4863,32.941101,-117.136289,16699.0,79.2,3.14,139,,,,True,-0.4
4871,32.940954,-117.136541,16727.7,79.0,3.589,140,,,,True,0.6
4876,32.940883,-117.136713,16745.5,79.0,3.577,142,,,,True,1.1
4882,32.940839,-117.13693,16766.4,79.6,3.518,144,,,,True,3.0
4884,32.940837,-117.136996,16772.5,80.0,3.375,145,,,,True,4.6
4891,32.940827,-117.137222,16793.8,81.0,3.044,146,,,,True,5.2
4897,32.940821,-117.137406,16811.0,82.0,2.962,147,,,,True,3.7
4899,32.940817,-117.137464,16816.4,82.2,2.825,147,,,,True,2.5
4906,32.940806,-117.137689,16837.4,82.4,2.933,150,,,,True,0.0
4907,32.940803,-117.137726,16840.9,82.2,3.063,150,,,,True,-0.4
4912,32.940798,-117.137917,16858.8,82.0,3.567,153,,,,True,-1.3
4915,32.940807,-117.138032,16869.7,82.0,3.6,154,,,,True,-1.1
4922,32.940837,-117.138327,16897.5,81.6,3.87,153,,,,True,-0.8
4931,32.940874,-117.138728,16935.2,81.2,4.094,151,,,,True,-1.1
4936,32.940894,-117.13896,16957.0,81.2,4.25,148,,,,True,-0.4
4937,32.940893,-117.13901,16961.6,81.0,4.4,148,,,,True,0.0
4945,32.940896,-117.139377,16996.1,81.2,4.344,148,,,,True,0.0
4946,32.940897,-117.13942,17000.1,81.2,4.278,143,,,,True,-0.3
4950,32.940895,-117.139596,17016.5,81.2,4.08,140,,,,True,-1.2
4952,32.940885,-117.13969,17025.2,80.8,4.183,139,,,,True,-1.5
4953,32.940884,-117.139742,17030.0,80.8,4.271,139,,,,True,-1.4
4961,32.940845,-117.140128,17066.4,80.2,4.578,137,,,,True,-0.6
4966,32.940832,-117.140357,17088.0,80.2,4.462,134,,,,True,-0.4
4967,32.940829,-117.1404,17092.2,80.4,4.3,134,,,,True,0.4
4975,32.940787,-117.140744,17124.5,80.4,4.056,134,,,,True,-0.4
4984,32.940741,-117.141175,17165.3,80.6,4.3,135,,,,True,-0.7
4990,32.940705,-117.141491,17195.0,79.8,4.7,136,,,,True,-1.4
4993,32.940693,-117.14166,17210.9,79.6,5.067,139,,,,True,-1.9
5000,32.940658,-117.14207,17249.5,78.6,5.45,138,,,,True,-1.2
5006,32.940615,-117.142425,17283.1,78.4,5.554,137,,,,True,-1.1
5011,32.940571,-117.14269,17308.4,78.4,5.355,136,,,,True,1.1
5013,32.940567,-117.142779,17316.9,78.4,4.829,136,,,,True,2.6
5018,32.940541,-117.142991,17336.8,79.6,4.057,138,,,,True,2.9
5020,32.940542,-117.143073,17344.6,80.0,3.957,139,,,,True,1.6
5028,32.940517,-117.143411,17376.3,80.4,3.95,141,,,,True,-0.6
5037,32.940435,-117.143796,17414.3,80.0,4.1,142,,,,True,-1.4
5041,32.940281,-117.143964,17437.1,79.0,4.677,142,,,,True,-3.0
5042,32.940249,-117.144022,17443.7,78.6,5.88,142,,,,True,-4.9
5044,32.940216,-117.144155,17456.6,78.0,6.043,143,,,,True,-5.0
5045,32.940233,-117.144221,17463.0,77.6,6.088,142,,,,True,-3.4
5046,32.940251,-117.144282,17469.1,77.4,6.4,142,,,,True,-2.2
5048,32.940264,-117.144392,17479.3,77.4,5.933,143,,,,True,0.0
5049,32.940258,-117.144446,17484.5,77.4,5.58,142,,,,True,1.1
5050,32.940243,-117.144498,17489.5,77.6,5.3,142,,,,True,0.5
5053,32.940172,-117.14466,17506.5,77.8,5.44,142,,,,True,-0.4
5055,32.940116,-117.14477,17518.4,77.6,5.78,142,,,,True,-0.7
5058,32.940031,-117.144951,17537.9,77.2,6.28,139,,,,True,-2.1
5059,32.940007,-117.145017,17544.6,77.2,6.35,139,,,,True,-2.0
5062,32.939956,-117.145223,17564.8,76.6,6.629,139,,,,True,-1.0
5064,32.939954,-117.145355,17577.1,76.4,6.5,138,,,,True,-0.7
5068,32.939971,-117.145573,17597.7,76.6,5.483,135,,,,True,1.6
5069,32.939981,-117.145619,17602.1,76.8,5.0,135,,,,True,1.5
5075,32.939996,-117.145879,17626.5,77.6,4.114,134,,,,True,2.0
5083,32.940037,-117.146223,17659.0,77.6,4.064,134,,,,True,1.8
5089,32.940098,-117.146427,17679.4,78.2,3.779,135,,,,True,0.3
5090,32.940086,-117.146456,17682.1,78.2,3.3,135,,,,True,-0.5
5092,32.940053,-117.146539,17690.2,77.8,3.467,134,,,,True,-4.0
5094,32.940065,-117.146638,17699.8,77.4,4.08,134,,,,True,-4.4
5095,32.94007,-117.146688,17704.5,77.2,4.48,134,,,,True,-4.1
5096,32.940061,-117.146742,17709.6,77.0,4.583,133,,,,True,-3.0
5098,32.940042,-117.146849,17719.8,76.6,4.933,132,,,,True,-1.8
5101,32.940048,-117.146987,17732.9,76.4,4.66,132,,,,True,-1.2
5102,32.940046,-117.147036,17737.3,76.6,4.617,131,,,,True,-1.1
5103,32.94004,-117.147085,17742.0,76.6,4.44,130,,,,True,-0.7
5106,32.939995,-117.147237,17756.8,76.2,4.78,129,,,,True,-1.6
5107,32.939971,-117.147288,17762.3,76.2,5.0,129,,,,True,-1.1
5114,32.939864,-117.147662,17799.6,75.6,5.35,128,,,,True,-0.8
5117,32.93983,-117.147813,17814.2,75.8,5.19,129,,,,True,-1.2
5121,32.939802,-117.148021,17833.9,75.6,4.9,133,,,,True,-0.9
5123,32.939792,-117.148122,17843.4,75.2,4.867,135,,,,True,-1.5
5127,32.939786,-117.148334,17863.2,75.0,4.883,138,,,,True,-1.7
5128,32.939782,-117.148383,17867.9,75.0,4.9,139,,,,True,-1.3
5131,32.939785,-117.148529,17881.7,74.8,4.787,140,,,,True,-1.9
5133,32.939791,-117.148626,17890.7,74.6,4.56,140,,,,True,-2.7
5134,32.939792,-117.148677,17895.3,74.4,4.567,141,,,,True,-0.8
5136,32.9398,-117.148783,17905.2,74.0,4.7,141,,,,True,-1.1
5141,32.939822,-117.149043,17929.9,74.4,4.943,141,,,,True,0.2
5149,32.939897,-117.149416,17965.8,73.8,4.662,143,,,,True,0.9
5154,32.94004,-117.149568,17987.1,74.6,4.4,143,,,,True,0.9
5156,32.940076,-117.149631,17994.5,74.8,4.1,144,,,,True,0.8
5157,32.940056,-117.149666,17997.9,75.0,4.013,144,,,,True,-2.5
5160,32.939972,-117.149797,18013.3,74.2,4.367,144,,,,True,-4.6
5161,32.93995,-117.149855,18019.4,73.8,4.98,143,,,,True,-6.0
5162,32.939921,-117.149906,18025.0,73.4,5.42,143,,,,True,-6.0
5163,32.939882,-117.149952,18031.1,73.0,5.533,143,,,,True,-5.2
5164,32.93984,-117.149991,18036.8,72.8,5.557,143,,,,True,-3.5
5165,32.939789,-117.150017,18042.7,72.6,5.88,143,,,,True,-2.1
5166,32.939737,-117.150024,18048.1,72.6,5.74,143,,,,True,-2.0
5168,32.93964,-117.149968,18059.8,72.4,5.74,143,,,,True,-2.2
5171,32.939498,-117.149887,18077.5,72.0,5.88,142,,,,True,-2.7
5173,32.939398,-117.149846,18088.9,71.6,5.82,142,,,,True,-3.1
5175,32.939296,-117.149852,18100.4,71.2,5.8,142,,,,True,-3.1
5177,32.939202,-117.149879,18111.1,70.8,5.6,139,,,,True,-1.6
5178,32.939169,-117.149916,18116.2,70.8,5.46,135,,,,True,0.0
5180,32.939092,-117.149967,18126.1,71.0,5.14,132,,,,True,-0.6
5186,32.938855,-117.150089,18154.7,71.2,4.813,133,,,,True,-0.6
5191,32.938652,-117.150214,18180.0,70.4,4.9,134,,,,True,-0.9
5192,32.938605,-117.150223,18185.0,70.4,5.05,135,,,,True,-2.4
5193,32.938558,-117.150215,18190.2,70.4,5.071,135,,,,True,-1.8
5196,32.938422,-117.150187,18205.4,70.0,5.08,135,,,,True,-2.7
5200,32.938251,-117.150193,18224.9,69.6,4.957,135,,,,True,-3.1
5201,32.938215,-117.15023,18229.9,69.2,4.9,134,,,,True,-2.2
5202,32.938187,-117.150279,18235.4,69.0,5.0,135,,,,True,-1.9
5205,32.938067,-117.150361,18250.7,69.0,5.16,135,,,,True,-0.9
5208,32.937918,-117.150397,18267.1,68.8,5.283,135,,,,True,-0.9
5209,32.937873,-117.150429,18272.7,68.8,5.329,135,,,,True,-1.1
5210,32.937836,-117.150469,18278.2,68.6,5.5,135,,,,True,0.5
5212,32.937811,-117.150568,18288.0,68.6,5.329,135,,,,True,0.0
5216,32.937737,-117.150705,18303.7,69.0,4.25,135,,,,True,-0.3
5221,32.937643,-117.150891,18323.8,68.8,3.978,136,,,,True,-0.7
5224,32.937584,-117.151013,18337.1,68.4,4.175,132,,,,True,-1.7
5226,32.937557,-117.151107,18346.1,68.2,4.46,129,,,,True,-0.7
5227,32.937549,-117.151161,18351.2,68.2,4.567,129,,,,True,0.0
5234,32.937482,-117.15149,18383.2,68.4,4.638,128,,,,True,0.0
5237,32.93747,-117.151633,18396.3,68.4,4.51,127,,,,True,-0.3
5239,32.9375,-117.151732,18406.1,68.2,4.58,128,,,,True,-0.5
5242,32.937545,-117.151869,18420.3,68.0,4.8,128,,,,True,-0.5
5243,32.937582,-117.151889,18424.7,68.2,4.733,128,,,,True,-0.5
5245,32.937641,-117.15195,18433.1,68.2,4.5,128,,,,True,-0.6
5247,32.937705,-117.152016,18442.7,68.0,4.48,129,,,,True,0.5
5250,32.937738,-117.152144,18455.4,67.8,4.46,129,,,,True,0.6
5254,32.937753,-117.15224,18464.8,68.4,3.157,129,,,,True,1.5
5259,32.937754,-117.15227,18467.3,68.4,1.322,130,,,,True,2.0
5260,32.937775,-117.152283,18469.5,68.4,0.783,130,,,,True,-1.6
5262,32.937831,-117.152307,18475.8,68.2,1.375,130,,,,True,-1.5
5266,32.937897,-117.152431,18489.9,68.0,3.4,131,,,,True,-1.0
5273,32.938044,-117.152699,18519.9,67.6,4.009,131,,,,True,-0.7
5276,32.938132,-117.152779,18532.2,67.8,4.23,134,,,,True,-0.3
5277,32.938166,-117.152793,18536.2,67.8,4.209,134,,,,True,0.5
5282,32.938296,-117.152939,18556.1,67.8,3.983,131,,,,True,-1.2
5283,32.938291,-117.152978,18559.8,67.8,3.933,131,,,,True,-1.2
5285,32.938254,-117.153038,18566.8,67.4,3.825,131,,,,True,-1.2
5286,32.93823,-117.153062,18570.1,67.4,3.767,131,,,,True,-0.9
5291,32.93812,-117.153231,18590.5,67.4,3.95,130,,,,True,-0.3
5299,32.938044,-117.153574,18623.7,67.2,4.123,128,,,,True,0.4
5305,32.938014,-117.153818,18646.8,67.2,4.021,127,,,,True,-0.3
5312,32.937975,-117.154139,18677.3,67.8,4.123,127,,,,True,0.0
5320,32.937857,-117.154533,18716.0,67.0,4.613,128,,,,True,0.0
5322,32.937871,-117.154613,18723.9,67.2,4.66,127,,,,True,-0.3
5323,32.937895,-117.154622,18726.4,67.2,4.464,126,,,,True,2.8
5328,32.93804,-117.154627,18742.5,67.6,3.1,124,,,,True,2.3
5331,32.938127,-117.154636,18752.1,68.0,3.212,127,,,,True,3.2
5333,32.938183,-117.154641,18758.3,68.0,3.16,128,,,,True,3.8
5337,32.938295,-117.15466,18770.6,68.6,3.083,131,,,,True,4.8
5340,32.938368,-117.154675,18779.0,69.0,2.957,133,,,,True,5.5
5344,32.938463,-117.154685,18789.7,69.8,2.729,134,,,,True,6.3
5346,32.938507,-117.15469,18794.6,70.0,2.6,135,,,,True,8.3
5350,32.938607,-117.154702,18805.7,70.8,2.667,136,,,,True,9.7
5352,32.93865,-117.154703,18810.5,71.6,2.65,137,,,,True,13.9
5353,32.938666,-117.154703,18812.3,72.0,2.529,137,,,,True,17.4
5356,32.938711,-117.154682,18817.6,73.2,1.983,138,,,,True,10.0
5358,32.938735,-117.154646,18821.8,73.6,1.9,138,,,,True,7.6
5363,32.938788,-117.154554,18832.4,73.8,2.114,137,,,,True,4.8
5367,32.938825,-117.154473,18841.1,74.2,2.144,138,,,,True,3.5
5368,32.938836,-117.154458,18842.8,74.4,2.08,138,,,,True,1.0
5369,32.938854,-117.154449,18844.9,74.4,2.083,138,,,,True,-2.6
5372,32.938939,-117.154454,18853.2,74.0,2.42,140,,,,True,-3.2
5373,32.93896,-117.154428,18856.3,73.8,2.7,140,,,,True,-0.6
5375,32.938974,-117.154372,18861.8,73.8,2.817,142,,,,True,0.6
5381,32.93897,-117.154211,18876.9,74.2,2.575,142,,,,True,1.8
5385,32.938988,-117.154108,18886.7,74.2,2.49,145,,,,True,2.0
5386,32.938994,-117.154082,18889.2,74.4,2.46,152,,,,True,2.2
5387,32.939002,-117.154055,18891.8,74.4,2.483,155,,,,True,5.7
5388,32.939009,-117.154025,18894.8,74.6,2.557,155,,,,True,2.5
5389,32.939014,-117.154,18897.3,74.8,2.55,155,,,,True,2.4
5395,32.939071,-117.153844,18913.3,75.0,2.643,155,,,,True,2.0
5402,32.939205,-117.153707,18933.0,75.4,2.746,153,,,,True,1.8
5403,32.939224,-117.153689,18935.8,75.4,2.813,152,,,,True,2.1
5409,32.939351,-117.153606,18951.8,75.8,2.686,150,,,,True,1.9
5413,32.939442,-117.153603,18962.0,76.0,2.62,147,,,,True,2.5
5414,32.939466,-117.153617,18964.9,76.0,2.62,146,,,,True,2.2
5418,32.939547,-117.153691,18976.6,76.4,2.92,144,,,,True,2.9
5422,32.939603,-117.153796,18988.1,76.6,2.9,143,,,,True,2.7
5430,32.9397,-117.154002,19010.1,77.4,2.792,143,,,,True,2.3
5432,32.93973,-117.154054,19015.9,77.4,2.78,144,,,,True,3.4
5436,32.939836,-117.154096,19028.3,77.6,3.033,144,,,,True,4.5
5441,32.939955,-117.154101,19041.7,78.4,2.867,142,,,,True,6.2
5443,32.939992,-117.154098,19045.9,79.0,2.514,142,,,,True,9.8
5446,32.940045,-117.154097,19051.6,79.6,1.98,143,,,,True,11.2
5451,32.940131,-117.154101,19061.0,80.8,1.887,142,,,,True,10.7
5457,32.940245,-117.154094,19073.8,82.0,2.018,145,,,,True,10.2
5459,32.940278,-117.154096,19077.8,82.4,2.1,144,,,,True,9.4
5463,32.940344,-117.154095,19085.0,83.0,1.867,146,,,,True,8.5
5465,32.940378,-117.154095,19088.7,83.4,1.817,149,,,,True,6.8
5467,32.940415,-117.154087,19092.7,83.6,1.863,149,,,,True,3.1
5472,32.94046,-117.154061,19098.4,83.8,1.386,150,,,,True,0.7
5477,32.940511,-117.154046,19104.3,83.6,1.16,150,,,,True,0.0
5483,32.940642,-117.154061,19119.0,83.6,1.873,151,,,,True,0.5
5488,32.940763,-117.154106,19133.2,83.6,2.627,149,,,,True,2.5
5491,32.940842,-117.154114,19141.9,84.0,2.863,148,,,,True,4.2
5495,32.940932,-117.154126,19151.9,84.8,2.671,148,,,,True,6.1
5497,32.940979,-117.154129,19156.9,85.2,2.5,148,,,,True,5.0
5503,32.941117,-117.154159,19172.6,86.0,2.587,147,,,,True,4.0
5507,32.941188,-117.154116,19181.8,86.0,2.49,148,,,,True,3.2
