t,lat,lng,distance_m,altitude_m,velocity_ms,heartrate,cadence,watts,temp_c,moving,grade_pct
0,32.941345,-117.153984,0.4,84.2,0.0,92,50,70,,False,-17.1
1,32.941331,-117.153986,2.0,84.0,1.6,93,0,39,,True,-14.1
2,32.94131,-117.153996,3.9,83.6,1.75,93,0,0,,True,-11.7
3,32.941282,-117.154014,7.5,83.2,2.367,94,0,0,,True,-6.4
4,32.94126,-117.154034,10.7,83.0,2.575,94,0,0,,True,-4.3
5,32.941235,-117.154058,14.5,83.2,2.82,94,86,292,,True,1.4
6,32.941211,-117.154078,17.9,83.0,3.18,94,84,301,,True,4.4
7,32.941179,-117.1541,21.3,83.4,3.48,95,84,316,,True,6.1
8,32.941155,-117.154111,24.3,83.6,3.36,97,84,321,,True,7.4
9,32.941129,-117.154123,27.6,84.0,3.38,98,85,307,,True,4.3
10,32.941086,-117.154125,31.4,84.0,3.38,99,85,282,,True,2.8
11,32.941056,-117.154121,35.1,84.0,3.44,100,85,281,,True,0.0
12,32.941028,-117.154117,38.8,84.0,3.5,101,83,313,,True,-1.5
13,32.940995,-117.154108,42.3,84.0,3.6,102,81,316,,True,-3.1
14,32.940972,-117.154103,44.9,83.8,3.46,103,81,328,,True,-6.5
15,32.940946,-117.1541,48.0,83.6,3.32,104,81,320,,True,-10.3
16,32.940917,-117.154093,51.2,83.2,3.22,105,79,282,,True,-11.8
17,32.94089,-117.154088,54.0,82.8,3.04,106,79,280,,True,-13.1
18,32.940866,-117.154088,56.8,82.4,2.9,106,79,279,,True,-12.5
19,32.940835,-117.154085,60.2,82.0,3.06,107,79,270,,True,-10.6
20,32.940798,-117.154076,64.0,81.6,3.2,108,78,268,,True,-8.7
21,32.940775,-117.154074,67.2,81.4,3.2,108,78,267,,True,-9.9
22,32.940741,-117.154072,70.6,81.2,3.32,109,78,267,,True,-7.5
23,32.940707,-117.154075,74.4,80.6,3.52,109,78,264,,True,-4.5
24,32.940682,-117.154075,77.3,80.6,3.42,109,78,262,,True,-1.5
25,32.94065,-117.15407,80.5,80.8,3.3,110,80,261,,True,4.9
26,32.940624,-117.154069,83.6,81.0,3.28,111,81,258,,True,7.6
27,32.9406,-117.154071,86.7,81.2,3.22,111,81,258,,True,5.9
28,32.94056,-117.154071,90.5,81.6,3.22,112,82,256,,True,4.4
29,32.940534,-117.154066,94.0,81.6,3.34,113,82,258,,True,2.8
30,32.940506,-117.154068,97.2,81.6,3.34,113,80,280,,True,0.0
31,32.940468,-117.154072,100.9,81.6,3.46,114,80,287,,True,0.0
32,32.940445,-117.154072,103.9,81.6,3.44,114,80,291,,True,-1.6
33,32.940422,-117.154079,106.6,81.6,3.22,115,80,282,,True,-1.7
34,32.940388,-117.154081,109.9,81.4,3.18,116,80,273,,True,-3.4
35,32.940362,-117.15408,112.9,81.4,3.14,116,80,271,,True,-5.0
36,32.940339,-117.154084,115.6,81.2,2.94,117,80,268,,True,-5.1
37,32.940311,-117.154081,118.7,81.0,2.96,117,80,267,,True,-9.1
38,32.940283,-117.154075,121.7,80.8,3.02,117,78,265,,True,-10.9
39,32.940264,-117.154076,123.9,80.4,2.8,118,78,261,,True,-8.8
40,32.94024,-117.154073,126.6,80.0,2.74,118,78,257,,True,-7.1
41,32.940206,-117.15407,130.0,80.0,2.88,118,79,253,,True,-5.0
42,32.94018,-117.154073,133.0,80.0,2.86,119,78,253,,True,-3.2
43,32.940155,-117.154078,135.9,79.8,2.84,119,78,251,,True,-5.0
44,32.940124,-117.154081,139.0,79.6,3.02,119,78,249,,True,-5.1
45,32.940098,-117.154077,142.1,79.4,3.1,119,77,248,,True,-3.3
46,32.940077,-117.154078,144.7,79.4,2.94,120,77,249,,True,-3.3
47,32.940046,-117.154078,147.9,79.4,2.98,120,77,250,,True,-5.0
48,32.940015,-117.154075,151.1,79.2,3.04,120,77,248,,True,-7.8
49,32.939991,-117.15408,154.2,78.8,3.04,121,77,241,,True,-13.5
50,32.939959,-117.154079,157.6,78.4,3.1,121,79,236,,True,-18.3
51,32.939924,-117.154078,161.2,77.6,3.3,122,79,230,,True,-15.5
52,32.939901,-117.154079,164.2,76.8,3.26,122,79,230,,True,-15.6
53,32.939873,-117.154082,167.1,76.8,3.2,123,79,231,,True,-9.4
54,32.939836,-117.154085,170.4,76.4,3.24,123,78,228,,True,-4.5
55,32.939807,-117.154084,174.0,76.4,3.28,123,78,226,,True,-5.5
56,32.939772,-117.154076,177.6,76.2,3.28,124,77,224,,True,-2.8
57,32.939737,-117.154062,181.7,76.0,3.5,124,77,225,,True,-4.3
58,32.939713,-117.154051,184.9,76.0,3.56,124,80,226,,True,-2.9
59,32.939691,-117.15403,187.9,75.8,3.5,124,81,231,,True,-1.6
60,32.93967,-117.154002,191.3,75.8,3.46,124,81,231,,True,-1.6
61,32.939653,-117.153983,194.3,75.8,3.34,124,81,232,,True,0.0
62,32.939634,-117.153954,197.5,75.8,3.16,125,80,234,,True,-1.6
63,32.939617,-117.15392,200.9,75.8,3.2,125,80,234,,True,-3.1
64,32.939597,-117.153901,204.0,75.6,3.22,125,80,235,,True,-4.5
65,32.939576,-117.153877,207.0,75.4,3.14,125,80,238,,True,-4.7
66,32.939558,-117.153841,210.7,75.2,3.28,125,79,241,,True,-4.6
67,32.939546,-117.153819,213.6,75.2,3.22,125,79,244,,True,-2.9
68,32.939529,-117.153783,217.1,75.0,3.24,125,79,246,,True,-1.5
69,32.939517,-117.153745,221.0,75.0,3.4,126,79,251,,True,-1.5
70,32.939504,-117.153725,223.9,75.0,3.38,126,80,251,,True,-1.5
71,32.939487,-117.153698,226.8,75.0,3.22,126,80,254,,True,-1.7
72,32.939471,-117.153663,230.1,74.8,3.3,127,80,256,,True,-3.4
73,32.939456,-117.153643,232.8,74.8,3.14,127,80,256,,True,-5.1
74,32.939434,-117.15362,235.6,74.6,2.92,127,79,258,,True,-5.5
75,32.939404,-117.153605,238.6,74.4,2.94,128,79,257,,True,-7.4
76,32.939386,-117.153606,241.0,74.2,2.84,128,79,256,,True,-5.8
77,32.93936,-117.153611,243.6,74.0,2.7,128,79,255,,True,-6.5
78,32.939341,-117.153626,245.9,74.0,2.62,128,80,256,,True,-6.0
79,32.939326,-117.153645,248.3,73.8,2.54,129,80,258,,True,-3.8
80,32.939304,-117.153664,251.0,73.6,2.48,129,80,261,,True,-3.6
81,32.939283,-117.153688,254.1,73.6,2.62,129,80,245,,True,0.0
82,32.939264,-117.153708,257.1,73.6,2.7,129,80,248,,True,1.5
83,32.939234,-117.153738,261.0,73.8,3.02,129,81,264,,True,1.5
84,32.939214,-117.15376,264.5,73.8,3.24,128,81,268,,True,0.0
85,32.939199,-117.153785,267.5,73.8,3.3,129,81,308,,True,-1.5
86,32.939176,-117.153817,271.0,73.6,3.38,129,80,307,,True,-3.2
87,32.939158,-117.153839,274.1,73.6,3.4,130,80,295,,True,-3.0
88,32.939142,-117.153863,277.1,73.4,3.22,130,80,290,,True,-1.6
89,32.939117,-117.153898,280.9,73.4,3.28,130,80,284,,True,-1.6
90,32.939102,-117.153923,283.9,73.4,3.28,130,80,287,,True,-1.6
91,32.939094,-117.153947,286.6,73.4,3.12,131,80,289,,True,-1.7
92,32.939078,-117.153986,290.0,73.2,3.18,130,80,290,,True,-3.2
93,32.939069,-117.154015,292.9,73.2,3.16,131,80,287,,True,-2.9
94,32.939061,-117.154048,296.5,73.0,3.12,131,80,286,,True,-1.6
95,32.939044,-117.154087,300.2,73.0,3.26,131,79,291,,True,-1.6
96,32.939037,-117.154111,302.9,73.0,3.26,131,79,292,,True,1.6
97,32.939035,-117.154139,305.8,73.0,3.16,131,79,295,,True,1.8
98,32.93904,-117.154177,308.8,73.2,3.18,131,80,298,,True,0.0
99,32.939033,-117.154201,311.3,73.2,2.96,131,80,298,,True,0.0
100,32.939026,-117.15423,314.4,73.0,2.84,131,80,296,,True,-3.4
101,32.939022,-117.154269,317.8,73.0,2.98,131,80,294,,True,-4.8
102,32.939018,-117.154299,320.7,72.8,2.98,131,80,296,,True,-4.7
103,32.939015,-117.15433,323.9,72.6,3.02,131,80,296,,True,-6.7
104,32.939008,-117.15437,327.2,72.4,3.18,131,80,295,,True,-6.5
105,32.939006,-117.154394,329.8,72.2,3.08,132,80,296,,True,-6.4
106,32.938998,-117.154427,333.1,72.0,3.06,132,80,291,,True,-6.6
107,32.938996,-117.154467,336.4,71.8,3.14,132,80,285,,True,-4.7
108,32.938995,-117.154494,339.4,71.6,3.1,132,80,284,,True,-3.1
109,32.93899,-117.154525,342.5,71.6,3.06,132,80,281,,True,-3.3
110,32.938981,-117.154564,345.8,71.6,3.2,132,80,278,,True,-1.6
111,32.938981,-117.15459,348.4,71.4,3.06,132,80,276,,True,-3.0
112,32.938976,-117.154627,351.8,71.4,3.08,133,80,273,,True,-3.2
113,32.938968,-117.154669,355.9,71.2,3.3,133,80,272,,True,-3.0
114,32.938966,-117.154692,358.4,71.2,3.18,133,80,271,,True,-3.1
115,32.938958,-117.154727,361.7,71.0,3.18,133,80,273,,True,-3.4
116,32.938946,-117.154763,364.8,71.0,3.28,133,80,275,,True,-3.0
117,32.938937,-117.154793,367.5,70.8,3.14,133,80,276,,True,-1.5
118,32.938924,-117.154835,371.7,70.8,3.16,133,80,278,,True,-1.6
119,32.93892,-117.154862,374.7,70.8,3.26,133,80,279,,True,1.5
120,32.938913,-117.154891,377.6,70.8,3.18,133,80,282,,True,1.8
121,32.938897,-117.154924,380.8,71.0,3.2,133,81,284,,True,3.6
122,32.938889,-117.154942,383.1,71.0,3.12,133,83,286,,True,1.8
123,32.938877,-117.154962,385.7,71.2,2.8,133,83,284,,True,0.0
124,32.938865,-117.154996,388.7,71.0,2.8,134,83,280,,True,-1.8
125,32.938852,-117.155025,391.8,71.0,2.84,134,83,276,,True,-7.0
126,32.938844,-117.155048,394.3,70.8,2.7,134,79,277,,True,-8.8
127,32.938833,-117.155074,397.2,70.4,2.82,134,79,275,,True,-13.3
128,32.938825,-117.155109,400.0,70.0,2.86,135,79,270,,True,-12.5
129,32.938827,-117.155133,402.3,69.6,2.72,136,78,265,,True,-10.4
130,32.93883,-117.155168,405.5,69.4,2.74,137,78,261,,True,-8.7
131,32.938844,-117.155205,408.7,69.2,2.88,137,77,259,,True,-4.7
132,32.938849,-117.15523,411.5,69.0,2.86,138,77,259,,True,-4.9
133,32.938841,-117.155265,415.0,69.0,3.0,138,77,258,,True,-3.4
134,32.938826,-117.155296,417.8,68.8,3.1,138,78,257,,True,-1.6
135,32.938813,-117.155319,420.5,68.8,3.0,138,79,257,,True,-3.3
136,32.938794,-117.155344,423.7,68.8,3.0,138,79,256,,True,-1.6
137,32.938766,-117.155371,427.3,68.6,3.16,138,80,253,,True,-1.5
138,32.938749,-117.155391,430.3,68.6,3.06,138,80,254,,True,-1.4
139,32.938726,-117.155419,434.1,68.6,3.26,138,80,258,,True,0.0
140,32.938704,-117.155448,437.7,68.6,3.44,138,80,259,,True,-1.6
141,32.938693,-117.15547,440.2,68.6,3.3,138,80,265,,True,0.0
142,32.938682,-117.1555,443.2,68.4,3.18,138,80,266,,True,0.0
143,32.938669,-117.155535,446.3,68.6,3.2,138,80,268,,True,0.0
144,32.938663,-117.155558,448.8,68.6,2.94,138,80,271,,True,1.7
145,32.938647,-117.155587,452.0,68.6,2.86,138,79,273,,True,0.0
146,32.938617,-117.155603,455.2,68.6,3.0,138,79,271,,True,0.0
147,32.938597,-117.155606,457.8,68.6,2.92,138,80,269,,True,-1.7
148,32.938572,-117.155612,460.7,68.6,2.88,138,80,266,,True,-5.6
149,32.938547,-117.155629,463.6,68.4,2.96,138,80,263,,True,-9.3
150,32.93853,-117.155641,465.9,68.0,2.78,138,78,259,,True,-14.0
151,32.938511,-117.155662,468.6,67.6,2.68,138,77,258,,True,-13.8
152,32.938486,-117.155691,472.1,67.0,2.86,138,77,254,,True,-12.9
153,32.938465,-117.155709,475.2,66.8,2.9,139,77,250,,True,-9.1
154,32.938448,-117.155732,478.3,66.4,2.94,138,79,248,,True,-6.3
155,32.938423,-117.155765,481.8,66.4,3.18,138,80,247,,True,-6.2
156,32.938407,-117.155785,484.8,66.2,3.24,138,80,248,,True,-3.0
157,32.938392,-117.155815,488.2,66.0,3.22,139,80,250,,True,-3.1
158,32.938379,-117.155853,491.7,66.0,3.3,138,81,249,,True,-3.0
159,32.93837,-117.155878,494.9,66.0,3.32,138,80,253,,True,-1.6
160,32.938357,-117.155908,498.1,65.8,3.26,138,80,256,,True,-3.4
161,32.938338,-117.15594,501.1,65.8,3.26,138,80,256,,True,-5.2
162,32.938325,-117.155958,503.5,65.6,3.06,138,80,254,,True,-5.2
163,32.938308,-117.15598,506.4,65.4,2.94,138,81,251,,True,-7.1
164,32.938275,-117.156,509.6,65.2,2.94,138,81,247,,True,-6.7
165,32.938256,-117.156011,512.4,65.0,2.86,138,81,247,,True,-4.9
166,32.93823,-117.156016,515.4,64.8,2.86,138,80,245,,True,-3.5
167,32.938197,-117.156024,518.6,64.8,3.02,138,80,245,,True,-3.4
168,32.938179,-117.156031,521.1,64.8,2.94,138,80,244,,True,-3.4
169,32.938153,-117.156048,524.3,64.6,2.94,138,80,244,,True,-3.5
170,32.938127,-117.156065,527.2,64.4,2.96,137,80,243,,True,-6.6
171,32.93811,-117.156084,530.0,64.4,2.92,138,80,244,,True,-5.0
172,32.938084,-117.156097,533.3,64.0,2.94,138,80,244,,True,-5.1
173,32.938055,-117.156103,536.3,64.0,3.04,137,80,244,,True,-5.0
174,32.938034,-117.156111,539.0,63.8,2.94,137,80,245,,True,-1.7
175,32.938007,-117.156106,542.0,63.8,2.96,137,80,244,,True,-1.8
176,32.937979,-117.156104,545.1,63.8,3.02,138,80,244,,True,-1.8
177,32.937959,-117.156111,547.5,63.8,2.84,138,80,244,,True,-1.8
178,32.937933,-117.156119,550.1,63.6,2.76,138,80,245,,True,-3.8
179,32.93791,-117.156139,553.1,63.6,2.82,137,80,246,,True,-3.7
180,32.937898,-117.156158,555.5,63.4,2.7,138,80,249,,True,0.0
181,32.937872,-117.156177,558.4,63.4,2.66,138,79,254,,True,0.0
182,32.93785,-117.156169,561.3,63.6,2.76,138,80,254,,True,1.7
183,32.937827,-117.156161,564.0,63.6,2.78,138,81,253,,True,0.0
184,32.937794,-117.156151,567.4,63.6,2.86,138,81,252,,True,-3.2
185,32.937765,-117.156142,570.7,63.4,3.04,138,81,250,,True,-4.5
186,32.93774,-117.156142,573.8,63.2,3.08,138,80,248,,True,-4.5
187,32.937703,-117.156138,577.3,63.0,3.2,138,79,251,,True,-3.3
188,32.937671,-117.156135,580.7,63.0,3.34,138,79,254,,True,-1.8
189,32.937658,-117.156141,582.8,63.0,3.08,138,79,256,,True,0.0
190,32.937648,-117.15617,585.1,63.0,2.88,138,78,258,,True,0.0
191,32.937653,-117.156208,588.3,63.0,2.9,138,78,262,,True,0.0
192,32.937659,-117.156233,590.9,63.0,2.72,138,78,268,,True,-1.6
193,32.937653,-117.156271,594.2,63.0,2.7,138,78,272,,True,-1.7
194,32.937649,-117.156307,597.3,62.8,2.9,137,79,273,,True,-1.7
195,32.937646,-117.156332,599.9,62.8,2.96,138,80,273,,True,-1.8
196,32.937628,-117.156362,603.0,62.8,2.94,138,80,272,,True,1.8
197,32.937606,-117.156367,605.6,62.8,2.94,138,80,271,,True,1.8
198,32.937579,-117.15637,608.3,63.0,2.82,138,81,268,,True,0.0
199,32.937556,-117.156385,611.1,63.0,2.76,138,81,265,,True,0.0
200,32.937533,-117.156397,614.2,62.8,2.86,138,81,261,,True,-3.2
201,32.937499,-117.156411,617.8,62.8,2.96,138,81,261,,True,-5.0
202,32.937475,-117.156418,620.7,62.6,3.02,138,80,262,,True,-5.2
203,32.937459,-117.156428,623.0,62.4,2.94,138,80,263,,True,-7.5
204,32.937438,-117.156448,625.7,62.2,2.92,138,80,262,,True,-5.5
205,32.937419,-117.156477,628.5,62.0,2.86,138,80,261,,True,-4.9
206,32.937407,-117.156501,631.7,62.0,2.78,138,80,261,,True,-3.1
207,32.937396,-117.156538,635.2,61.8,2.9,138,79,263,,True,-1.6
208,32.93739,-117.15657,638.4,61.8,3.08,138,79,267,,True,-1.6
209,32.937388,-117.156595,641.0,61.8,3.06,138,79,269,,True,-1.7
210,32.937378,-117.156627,643.9,61.8,3.08,138,80,267,,True,-1.8
211,32.937362,-117.156656,646.7,61.6,3.0,138,80,267,,True,-1.7
212,32.937352,-117.15668,649.5,61.6,2.86,138,80,267,,True,-1.7
213,32.93733,-117.15671,652.8,61.6,2.88,137,79,267,,True,-1.6
214,32.93731,-117.156738,655.9,61.6,2.98,137,79,267,,True,-3.2
215,32.937298,-117.156762,658.9,61.4,3.0,137,79,265,,True,-3.3
216,32.937281,-117.156793,661.9,61.2,3.04,137,79,262,,True,-5.2
217,32.937272,-117.156828,665.0,61.2,3.1,137,79,262,,True,-2.0
218,32.937265,-117.156855,667.5,61.0,2.94,138,80,262,,True,2.1
219,32.937254,-117.156866,669.0,61.2,2.62,137,80,264,,True,3.2
220,32.937251,-117.156852,670.0,61.4,2.22,137,80,264,,True,3.4
221,32.937251,-117.156835,671.6,61.4,1.94,137,80,258,,True,4.9
222,32.937259,-117.156806,674.3,61.6,1.86,137,80,251,,True,0.0
223,32.937273,-117.15678,676.7,61.6,1.84,137,78,242,,True,0.0
224,32.937284,-117.156754,679.7,61.6,2.14,136,78,242,,True,-1.7
225,32.937303,-117.156725,683.0,61.4,2.6,136,78,240,,True,-1.6
226,32.937318,-117.156693,686.2,61.4,2.92,136,79,241,,True,-1.5
227,32.937327,-117.156666,689.2,61.4,2.98,136,79,252,,True,0.0
228,32.93734,-117.156629,693.0,61.4,3.26,136,79,257,,True,1.6
229,32.937358,-117.1566,696.0,61.4,3.26,136,80,261,,True,1.5
230,32.937366,-117.156574,699.0,61.6,3.2,136,80,276,,True,1.6
231,32.937376,-117.156539,702.2,61.6,3.2,136,80,273,,True,3.3
232,32.937387,-117.156507,705.2,61.6,3.2,136,80,270,,True,1.5
233,32.937392,-117.156479,708.3,61.8,3.06,136,80,269,,True,1.5
234,32.937403,-117.15644,712.1,61.8,3.22,137,80,269,,True,1.6
235,32.937407,-117.156405,715.3,61.8,3.26,137,80,270,,True,-1.6
236,32.937408,-117.15638,717.9,61.8,3.14,137,80,284,,True,-1.7
237,32.93741,-117.156342,721.2,61.6,3.2,137,80,284,,True,-1.8
238,32.93741,-117.156317,723.7,61.6,3.08,137,80,275,,True,-1.8
239,32.937411,-117.156292,726.2,61.6,2.82,137,80,269,,True,1.9
240,32.937413,-117.156257,729.2,61.6,2.78,138,80,264,,True,1.8
241,32.937415,-117.156231,731.5,61.8,2.72,138,80,264,,True,1.7
242,32.937418,-117.156201,734.6,61.8,2.68,138,80,259,,True,1.7
243,32.937423,-117.156163,737.9,61.8,2.84,138,80,263,,True,-1.6
244,32.937423,-117.156135,740.7,61.8,2.9,137,80,263,,True,-1.6
245,32.93743,-117.156098,744.2,61.6,3.0,138,80,266,,True,-1.7
246,32.937439,-117.156066,747.3,61.6,3.16,138,81,276,,True,-1.6
247,32.937441,-117.156039,750.0,61.6,3.08,138,81,280,,True,1.8
248,32.937453,-117.15601,752.9,61.6,3.0,138,81,280,,True,0.0
249,32.937465,-117.155985,755.4,61.8,2.94,138,81,266,,True,0.0
250,32.93747,-117.155961,757.7,61.6,2.7,138,81,265,,True,1.9
251,32.93748,-117.155928,760.8,61.6,2.7,138,81,261,,True,0.0
252,32.937485,-117.1559,763.7,61.8,2.74,138,81,260,,True,1.7
253,32.937489,-117.155875,766.2,61.8,2.66,138,81,260,,True,1.8
254,32.937495,-117.155843,769.3,61.8,2.78,138,80,262,,True,0.0
255,32.9375,-117.155816,771.8,61.8,2.82,137,80,262,,True,0.0
256,32.937504,-117.155791,774.1,61.8,2.66,137,80,259,,True,0.0
257,32.937509,-117.155758,777.3,61.8,2.72,137,80,259,,True,0.0
258,32.93751,-117.155732,779.5,61.8,2.66,137,80,259,,True,1.8
259,32.937505,-117.155708,781.9,61.8,2.52,138,80,259,,True,1.9
260,32.937498,-117.155673,785.0,62.0,2.64,137,80,259,,True,3.6
261,32.937496,-117.155647,787.7,62.0,2.72,137,79,260,,True,3.4
262,32.937491,-117.155618,790.5,62.2,2.64,137,79,260,,True,1.8
263,32.937491,-117.155583,793.8,62.2,2.86,138,79,261,,True,1.8
264,32.937486,-117.155557,796.2,62.2,2.86,137,80,261,,True,1.9
265,32.937479,-117.155535,798.7,62.2,2.74,137,80,263,,True,1.6
266,32.937476,-117.155509,800.8,62.4,2.62,137,79,263,,True,1.9
267,32.937469,-117.155476,803.7,62.4,2.64,137,79,264,,True,1.8
268,32.937462,-117.155449,806.7,62.4,2.58,138,79,263,,True,0.0
269,32.93746,-117.155416,809.6,62.4,2.68,137,79,263,,True,-1.7
270,32.937462,-117.155381,812.5,62.4,2.76,137,79,262,,True,-1.7
271,32.93746,-117.155354,815.5,62.2,2.94,137,79,262,,True,-1.7
272,32.937468,-117.15532,818.5,62.2,2.96,137,79,262,,True,-1.7
273,32.937469,-117.155293,821.1,62.2,2.88,137,80,261,,True,0.0
274,32.937466,-117.155265,824.0,62.2,2.88,138,81,261,,True,1.7
275,32.937471,-117.155226,827.3,62.2,2.96,137,81,262,,True,3.3
276,32.937477,-117.155197,830.3,62.4,2.96,137,81,262,,True,3.1
277,32.937477,-117.155167,833.2,62.6,2.94,137,81,263,,True,4.8
278,32.937481,-117.155124,836.9,62.6,3.16,137,81,265,,True,3.3
279,32.937478,-117.155097,839.8,62.8,3.16,137,81,266,,True,1.6
280,32.937475,-117.155069,842.4,62.8,3.02,138,81,270,,True,3.4
281,32.937474,-117.155028,845.6,62.8,3.06,137,81,270,,True,1.7
282,32.937473,-117.155001,848.7,63.0,3.1,137,81,271,,True,3.1
283,32.937478,-117.15497,851.8,63.0,2.98,138,81,274,,True,1.6
284,32.937485,-117.154932,855.1,63.2,3.06,138,81,273,,True,0.0
285,32.937481,-117.154907,857.9,63.0,3.1,138,80,274,,True,-1.8
286,32.937483,-117.154877,860.5,63.0,2.98,138,80,274,,True,-3.6
287,32.937485,-117.154846,863.2,62.8,2.9,137,80,272,,True,-1.8
288,32.937485,-117.154817,866.1,62.8,2.86,138,81,272,,True,0.0
289,32.93749,-117.154781,869.3,62.8,2.84,138,81,273,,True,1.7
290,32.937499,-117.154752,872.1,63.0,2.84,137,81,275,,True,1.6
291,32.9375,-117.154724,875.2,63.0,2.94,138,81,276,,True,1.7
292,32.937501,-117.154684,878.3,63.0,3.02,138,81,279,,True,0.0
293,32.937505,-117.154662,880.8,63.0,2.94,138,81,280,,True,0.0
294,32.937509,-117.154637,883.3,63.0,2.8,138,81,275,,True,0.0
295,32.937515,-117.154601,886.2,63.0,2.82,137,81,274,,True,0.0
296,32.937513,-117.154576,888.6,63.0,2.68,138,81,275,,True,0.0
297,32.937513,-117.154549,891.3,63.0,2.6,138,81,272,,True,0.0
298,32.937521,-117.15451,894.5,63.0,2.74,138,81,269,,True,-1.7
299,32.937521,-117.154486,897.3,63.0,2.8,138,81,268,,True,-3.4
300,32.937522,-117.154455,900.2,62.8,2.8,137,81,265,,True,-3.7
301,32.937517,-117.154424,903.0,62.6,2.88,138,80,264,,True,-5.5
302,32.937512,-117.154402,905.2,62.6,2.78,138,81,261,,True,-3.7
303,32.937509,-117.154374,908.2,62.4,2.74,138,81,257,,True,-1.8
304,32.937528,-117.154339,911.1,62.4,2.76,138,81,256,,True,0.0
305,32.937535,-117.154313,914.1,62.4,2.78,138,80,254,,True,1.7
306,32.937552,-117.154283,917.2,62.6,2.84,138,80,253,,True,1.8
307,32.937568,-117.154256,920.1,62.6,2.98,138,80,253,,True,3.6
308,32.937575,-117.15424,922.5,62.6,2.86,138,81,253,,True,1.8
309,32.937592,-117.15421,925.2,62.8,2.82,138,81,253,,True,3.6
310,32.937612,-117.154187,928.1,62.8,2.8,138,81,252,,True,5.2
311,32.937623,-117.154162,931.1,63.0,2.78,138,81,253,,True,5.1
312,32.937633,-117.154128,934.1,63.2,2.8,138,81,255,,True,5.3
313,32.937636,-117.154094,936.9,63.4,2.88,137,81,257,,True,1.8
314,32.937632,-117.154073,939.5,63.4,2.86,138,81,258,,True,0.0
315,32.937619,-117.154038,942.3,63.2,2.84,138,81,259,,True,-1.9
316,32.937606,-117.154014,945.0,63.2,2.78,138,80,258,,True,-3.7
317,32.937591,-117.153994,947.5,63.2,2.68,138,80,259,,True,-1.9
318,32.937576,-117.153961,950.4,63.0,2.7,138,80,258,,True,-1.8
319,32.937563,-117.153945,953.1,63.0,2.72,138,80,259,,True,-1.8
320,32.93755,-117.153922,955.9,63.0,2.72,138,80,259,,True,0.0
321,32.937541,-117.153889,958.6,63.0,2.72,138,80,258,,True,0.0
322,32.937532,-117.153866,961.3,63.0,2.76,138,80,257,,True,0.0
323,32.937525,-117.153838,964.0,63.0,2.72,139,80,255,,True,-1.8
324,32.93752,-117.153808,966.7,63.0,2.72,139,80,254,,True,-1.8
325,32.937511,-117.153784,969.6,62.8,2.74,139,80,252,,True,-1.8
326,32.93751,-117.153749,972.5,62.8,2.78,138,80,251,,True,0.0
327,32.937507,-117.153716,975.4,62.8,2.82,139,80,251,,True,1.7
328,32.937497,-117.15369,978.4,63.0,2.88,138,80,251,,True,1.7
329,32.937489,-117.153653,981.5,63.0,2.96,138,81,251,,True,1.8
330,32.937477,-117.153631,984.2,63.0,2.92,138,81,251,,True,1.8
331,32.937463,-117.153614,986.7,63.0,2.84,138,81,252,,True,1.8
332,32.937448,-117.153581,989.6,63.2,2.84,138,81,253,,True,1.8
333,32.937436,-117.153553,992.7,63.2,2.86,138,80,254,,True,1.7
334,32.937428,-117.15353,995.4,63.2,2.78,138,80,254,,True,1.7
335,32.937415,-117.153493,998.6,63.2,2.88,137,80,255,,True,1.8
336,32.937403,-117.153474,1001.2,63.4,2.9,138,81,256,,True,1.8
337,32.937391,-117.153451,1003.7,63.4,2.82,137,81,257,,True,3.7
338,32.937381,-117.153413,1006.8,63.4,2.82,137,80,258,,True,1.9
339,32.937373,-117.153395,1009.3,63.6,2.78,137,80,260,,True,3.6
340,32.937361,-117.153372,1011.7,63.6,2.62,137,80,260,,True,3.7
341,32.937345,-117.15334,1014.7,63.8,2.7,137,81,262,,True,1.9
342,32.937331,-117.153322,1017.5,63.8,2.76,137,81,262,,True,1.9
343,32.937315,-117.153304,1019.7,63.8,2.58,138,81,262,,True,-2.0
344,32.937299,-117.153277,1022.5,63.8,2.64,137,80,262,,True,-2.0
345,32.937284,-117.153261,1024.9,63.6,2.64,137,80,260,,True,-3.8
346,32.937266,-117.153239,1027.6,63.6,2.58,137,80,259,,True,-3.9
347,32.937249,-117.153216,1030.3,63.4,2.56,137,81,257,,True,-1.8
348,32.937233,-117.153203,1032.8,63.4,2.62,138,81,256,,True,-3.5
349,32.937213,-117.153171,1035.9,63.4,2.68,137,81,256,,True,-1.7
350,32.9372,-117.153145,1038.9,63.2,2.8,137,80,255,,True,-1.6
351,32.937188,-117.153122,1041.8,63.2,2.84,137,80,253,,True,-1.6
352,32.93717,-117.153084,1045.2,63.2,2.98,138,80,252,,True,-1.6
353,32.937159,-117.153058,1048.4,63.2,3.12,137,81,251,,True,0.0
354,32.937148,-117.153031,1051.5,63.0,3.12,137,81,250,,True,0.0
355,32.937138,-117.152993,1054.7,63.2,3.16,137,81,251,,True,0.0
356,32.937129,-117.152967,1057.9,63.2,3.22,137,81,252,,True,3.5
357,32.937122,-117.152944,1060.7,63.2,3.1,137,80,253,,True,1.9
358,32.937118,-117.152911,1063.0,63.4,2.92,137,80,255,,True,1.9
359,32.937112,-117.152887,1065.4,63.4,2.78,137,80,255,,True,3.7
360,32.937105,-117.15286,1068.2,63.4,2.7,137,81,252,,True,1.8
361,32.937105,-117.152822,1071.4,63.6,2.7,137,80,254,,True,1.7
362,32.937102,-117.152792,1074.3,63.6,2.72,137,80,254,,True,0.0
363,32.937099,-117.152764,1077.5,63.6,2.9,137,80,254,,True,-1.8
364,32.937102,-117.152732,1080.3,63.4,2.98,137,80,254,,True,-1.8
365,32.937096,-117.152709,1082.5,63.4,2.86,138,80,255,,True,-1.9
366,32.93709,-117.152682,1085.2,63.4,2.76,137,80,254,,True,-1.6
367,32.937076,-117.152654,1087.8,63.4,2.7,137,80,251,,True,-1.9
368,32.937067,-117.152634,1090.1,63.2,2.52,138,81,251,,True,-1.9
369,32.937059,-117.152605,1093.0,63.2,2.54,138,81,251,,True,-1.9
370,32.937048,-117.152575,1095.8,63.2,2.66,138,81,250,,True,1.9
371,32.937036,-117.152558,1098.2,63.2,2.6,138,81,250,,True,1.9
372,32.937024,-117.15253,1100.8,63.4,2.6,138,81,250,,True,3.9
373,32.937012,-117.152502,1103.5,63.4,2.68,137,80,250,,True,3.6
374,32.937002,-117.15248,1106.1,63.6,2.62,138,80,250,,True,3.5
375,32.936997,-117.15244,1109.4,63.6,2.72,138,80,250,,True,3.3
376,32.936992,-117.152413,1112.3,63.8,2.82,138,82,251,,True,1.6
377,32.936987,-117.152384,1115.5,63.8,2.94,138,82,252,,True,1.7
378,32.936979,-117.152346,1118.6,63.8,3.02,138,82,253,,True,0.0
379,32.936971,-117.152323,1121.2,63.8,3.02,138,81,255,,True,0.0
380,32.936966,-117.152291,1124.3,63.8,2.98,138,81,255,,True,0.0
381,32.936969,-117.152258,1127.2,63.8,2.98,137,81,256,,True,0.0
382,32.936965,-117.152236,1129.4,63.8,2.78,138,81,257,,True,0.0
383,32.936963,-117.152211,1131.8,63.8,2.64,137,81,257,,True,0.0
384,32.936966,-117.152176,1134.6,63.8,2.68,137,81,257,,True,0.0
385,32.936962,-117.152152,1137.2,63.8,2.58,137,80,256,,True,0.0
386,32.936958,-117.152122,1140.0,63.8,2.56,137,80,257,,True,0.0
387,32.936958,-117.152089,1142.6,63.8,2.64,137,80,257,,True,0.0
388,32.936957,-117.15206,1145.6,63.8,2.76,137,80,256,,True,0.0
389,32.936958,-117.152023,1149.1,63.8,2.9,136,80,256,,True,0.0
390,32.936972,-117.151987,1152.2,63.8,3.0,136,80,255,,True,0.0
391,32.93698,-117.151961,1155.3,63.8,3.06,136,80,257,,True,0.0
392,32.937,-117.151933,1158.4,63.8,3.16,137,80,257,,True,0.0
393,32.93702,-117.151909,1161.3,63.8,3.14,136,80,258,,True,0.0
394,32.937035,-117.151887,1164.7,63.8,3.12,136,80,258,,True,1.8
395,32.937054,-117.151863,1167.4,63.8,3.04,136,80,259,,True,1.8
396,32.93707,-117.151845,1169.6,64.0,2.86,137,81,262,,True,3.7
397,32.937086,-117.151826,1172.4,64.0,2.8,136,80,262,,True,3.7
398,32.937115,-117.151807,1175.5,64.2,2.84,136,80,260,,True,0.0
399,32.937132,-117.151793,1178.3,64.2,2.72,137,80,260,,True,0.0
400,32.937153,-117.151774,1181.3,64.0,2.78,136,81,260,,True,-1.7
401,32.93718,-117.151758,1184.5,64.0,2.98,136,81,260,,True,-3.3
402,32.937197,-117.151742,1187.3,64.0,2.98,137,81,259,,True,0.0
403,32.937221,-117.151726,1190.4,63.8,2.98,136,81,259,,True,0.0
404,32.937249,-117.151716,1193.5,64.0,3.04,137,81,260,,True,1.7
405,32.937266,-117.151705,1195.9,64.0,2.92,137,81,262,,True,3.6
406,32.937292,-117.151688,1198.9,64.2,2.88,137,81,263,,True,1.8
407,32.937317,-117.151679,1201.6,64.2,2.86,137,80,263,,True,3.4
408,32.937336,-117.151665,1204.7,64.2,2.86,137,81,263,,True,1.8
409,32.937365,-117.151649,1207.6,64.4,2.82,137,81,264,,True,3.6
410,32.937382,-117.151638,1210.1,64.4,2.84,138,81,268,,True,3.8
411,32.9374,-117.151624,1212.8,64.6,2.78,138,81,268,,True,3.3
412,32.937428,-117.151608,1215.3,64.6,2.74,138,81,267,,True,3.3
413,32.93744,-117.151595,1217.2,64.8,2.5,138,82,268,,True,1.7
414,32.937452,-117.151571,1219.8,64.8,2.44,138,82,268,,True,1.7
415,32.937469,-117.151548,1222.2,64.8,2.42,138,82,267,,True,0.0
416,32.937475,-117.151526,1224.4,64.8,2.32,138,81,269,,True,0.0
417,32.93748,-117.151496,1227.3,64.8,2.4,139,81,268,,True,0.0
418,32.937488,-117.151469,1229.7,64.8,2.5,139,81,269,,True,1.7
419,32.937491,-117.151442,1232.6,64.8,2.56,139,81,268,,True,1.8
420,32.937497,-117.151406,1235.9,65.0,2.74,139,81,268,,True,1.7
421,32.9375,-117.151383,1238.2,65.0,2.76,139,81,266,,True,1.7
422,32.937503,-117.151355,1241.3,65.0,2.8,139,81,266,,True,0.0
423,32.937513,-117.151323,1244.1,65.0,2.88,139,80,269,,True,0.0
424,32.937521,-117.1513,1246.7,65.0,2.82,139,80,272,,True,2.0
425,32.937524,-117.15128,1248.7,65.0,2.56,140,80,273,,True,1.6
426,32.937529,-117.151247,1251.3,65.2,2.62,140,80,275,,True,1.6
427,32.937533,-117.15122,1253.9,65.2,2.52,140,80,276,,True,1.9
428,32.93753,-117.151197,1256.3,65.2,2.44,141,81,275,,True,1.9
429,32.937532,-117.151161,1259.1,65.2,2.48,141,81,277,,True,1.9
430,32.937532,-117.151134,1261.8,65.4,2.62,142,81,279,,True,3.7
431,32.937534,-117.15111,1264.6,65.4,2.66,142,80,281,,True,3.9
432,32.937543,-117.151079,1267.2,65.6,2.66,142,80,282,,True,2.0
433,32.937547,-117.151058,1269.4,65.6,2.62,142,80,284,,True,3.3
434,32.937556,-117.151038,1271.9,65.6,2.56,142,80,284,,True,1.7
435,32.93757,-117.151012,1274.3,65.8,2.5,142,80,284,,True,1.8
436,32.937577,-117.15099,1276.7,65.8,2.42,142,81,282,,True,1.8
437,32.937585,-117.150969,1279.0,65.8,2.36,142,81,281,,True,0.0
438,32.937603,-117.150947,1280.8,65.8,2.28,143,81,279,,True,0.0
439,32.937611,-117.150927,1283.2,65.8,2.26,142,80,276,,True,0.0
440,32.937624,-117.150904,1285.9,65.8,2.32,142,80,273,,True,0.0
441,32.937639,-117.150881,1288.2,65.8,2.3,143,81,269,,True,0.0
442,32.937651,-117.150863,1290.5,65.8,2.3,142,81,266,,True,0.0
443,32.937668,-117.150836,1293.4,65.8,2.52,142,81,264,,True,1.8
444,32.937684,-117.150812,1296.4,65.8,2.64,143,81,262,,True,1.7
445,32.937696,-117.150788,1299.4,66.0,2.7,142,81,260,,True,1.7
446,32.937711,-117.15076,1302.2,66.0,2.8,142,81,260,,True,3.4
447,32.937724,-117.150733,1305.2,66.0,2.94,142,81,261,,True,1.8
448,32.937736,-117.150709,1308.0,66.2,2.92,143,80,260,,True,0.0
449,32.937753,-117.150683,1310.8,66.2,2.88,142,80,260,,True,1.7
450,32.937767,-117.150659,1313.5,66.0,2.82,142,80,259,,True,-1.7
451,32.937781,-117.150635,1316.7,66.2,2.9,142,80,256,,True,-1.7
452,32.9378,-117.150607,1319.5,66.0,2.86,142,80,255,,True,0.0
453,32.937813,-117.150582,1322.3,66.0,2.86,142,80,254,,True,-1.7
454,32.937824,-117.150558,1325.1,66.0,2.86,143,80,251,,True,0.0
455,32.937831,-117.150518,1328.2,66.0,2.94,142,81,248,,True,-1.7
456,32.937833,-117.150488,1331.1,66.0,2.88,142,81,247,,True,-3.3
457,32.937836,-117.150458,1334.4,65.8,2.98,142,81,245,,True,-3.5
458,32.93783,-117.150422,1337.3,65.6,3.0,141,80,245,,True,-5.6
459,32.937816,-117.150403,1339.6,65.6,2.9,141,80,243,,True,-4.0
460,32.9378,-117.150386,1341.9,65.4,2.74,141,80,242,,True,-4.0
461,32.937776,-117.15037,1344.5,65.4,2.68,141,80,240,,True,-3.8
462,32.937759,-117.150356,1347.3,65.2,2.58,141,80,238,,True,0.0
463,32.937737,-117.150335,1350.2,65.2,2.58,141,81,236,,True,0.0
464,32.937719,-117.15031,1353.1,65.4,2.7,140,81,236,,True,1.9
465,32.937709,-117.150292,1355.5,65.4,2.72,140,81,237,,True,4.0
466,32.937702,-117.150265,1358.1,65.4,2.72,140,81,237,,True,1.7
467,32.937692,-117.150241,1360.3,65.6,2.6,140,81,237,,True,1.7
468,32.937677,-117.150228,1362.5,65.6,2.46,140,81,236,,True,1.6
469,32.937659,-117.150209,1364.8,65.6,2.34,140,81,235,,True,0.0
470,32.937639,-117.150185,1367.6,65.6,2.42,139,81,235,,True,0.0
471,32.937623,-117.150166,1370.3,65.6,2.44,139,80,236,,True,0.0
472,32.937608,-117.150135,1373.4,65.6,2.62,139,80,237,,True,0.0
473,32.9376,-117.150101,1376.7,65.6,2.84,139,80,237,,True,0.0
474,32.93759,-117.150082,1379.4,65.6,2.92,139,80,237,,True,0.0
475,32.937579,-117.15005,1382.5,65.6,2.98,139,79,239,,True,0.0
476,32.937569,-117.150023,1385.1,65.6,2.96,139,80,240,,True,0.0
477,32.937561,-117.15,1387.8,65.6,2.88,138,80,240,,True,0.0
478,32.937547,-117.149968,1390.9,65.6,2.84,138,81,239,,True,-1.8
479,32.937538,-117.149941,1393.6,65.6,2.84,138,81,237,,True,-1.8
480,32.937531,-117.14992,1396.3,65.4,2.76,137,80,239,,True,-1.9
481,32.937521,-117.149891,1398.8,65.4,2.74,137,80,238,,True,-1.9
482,32.93751,-117.149866,1401.3,65.4,2.7,137,80,239,,True,0.0
483,32.9375,-117.149842,1404.1,65.4,2.64,137,80,239,,True,0.0
484,32.937497,-117.149819,1406.3,65.4,2.54,136,81,237,,True,0.0
485,32.93749,-117.149798,1408.1,65.4,2.36,136,81,236,,True,1.6
486,32.937477,-117.149768,1410.9,65.4,2.42,135,81,236,,True,2.0
487,32.937457,-117.149744,1413.6,65.4,2.46,135,81,235,,True,1.8
488,32.937441,-117.149728,1416.4,65.6,2.46,135,80,236,,True,3.6
489,32.937418,-117.149707,1419.1,65.6,2.56,135,80,237,,True,3.5
490,32.937405,-117.149678,1422.1,65.8,2.8,135,80,238,,True,3.5
491,32.937393,-117.149657,1424.9,65.8,2.8,134,81,237,,True,3.5
492,32.937381,-117.14963,1427.8,66.0,2.84,134,81,239,,True,1.8
493,32.937366,-117.149602,1430.5,66.0,2.82,134,81,240,,True,1.8
494,32.937354,-117.149579,1433.4,66.0,2.86,133,80,242,,True,0.0
495,32.937345,-117.149554,1436.0,66.0,2.78,132,80,244,,True,0.0
496,32.937338,-117.149523,1438.8,66.0,2.78,131,80,245,,True,0.0
497,32.937333,-117.149499,1441.7,66.0,2.78,128,80,245,,True,1.8
498,32.937335,-117.149464,1444.7,66.0,2.84,128,80,247,,True,1.8
499,32.93734,-117.149439,1447.2,66.2,2.76,127,81,249,,True,1.8
500,32.937343,-117.149407,1450.1,66.2,2.82,127,81,248,,True,1.9
501,32.937341,-117.149369,1453.0,66.2,2.84,127,81,249,,True,0.0
502,32.937331,-117.149345,1455.5,66.2,2.76,127,81,250,,True,0.0
503,32.937318,-117.149324,1457.9,66.2,2.64,127,81,251,,True,0.0
504,32.937295,-117.149307,1460.6,66.2,2.68,127,81,251,,True,-1.6
505,32.937277,-117.149296,1463.0,66.2,2.58,127,81,251,,True,-1.9
506,32.937255,-117.149288,1465.4,66.0,2.48,127,81,250,,True,-3.9
507,32.937224,-117.149285,1468.3,66.0,2.56,127,81,248,,True,-5.6
508,32.937203,-117.149285,1470.9,65.8,2.6,128,81,247,,True,-3.5
509,32.937176,-117.149273,1473.8,65.6,2.64,127,81,245,,True,-3.7
510,32.937155,-117.149256,1476.9,65.6,2.78,127,80,246,,True,0.0
511,32.937139,-117.14924,1479.2,65.6,2.76,127,83,245,,True,3.8
512,32.937122,-117.149218,1481.6,65.8,2.66,127,83,242,,True,3.0
513,32.937102,-117.149203,1484.4,66.0,2.7,127,83,242,,True,3.7
514,32.937086,-117.149186,1486.6,66.0,2.56,127,82,240,,True,1.7
515,32.937063,-117.149154,1490.1,66.0,2.64,127,80,242,,True,0.0
516,32.937049,-117.149124,1493.7,66.0,2.9,127,80,246,,True,1.5
517,32.93704,-117.149093,1496.9,66.0,3.06,127,80,252,,True,1.5
518,32.937039,-117.149052,1500.3,66.2,3.18,127,80,261,,True,1.5
519,32.937042,-117.149024,1503.2,66.2,3.32,127,81,265,,True,1.6
520,32.937031,-117.148993,1506.7,66.2,3.32,126,81,267,,True,0.0
521,32.937012,-117.148968,1509.5,66.2,3.16,127,81,267,,True,0.0
522,32.936998,-117.148952,1511.8,66.2,2.98,127,82,262,,True,1.8
523,32.936987,-117.148916,1514.8,66.2,2.9,127,82,260,,True,1.8
524,32.936986,-117.148882,1517.9,66.4,2.94,127,81,261,,True,1.6
525,32.936981,-117.148853,1520.9,66.4,2.84,127,81,262,,True,0.0
526,32.93698,-117.148812,1524.5,66.4,3.0,127,81,270,,True,-1.6
527,32.936979,-117.148784,1527.2,66.2,3.08,127,81,273,,True,-1.6
528,32.93698,-117.148753,1530.2,66.2,3.08,128,81,274,,True,-1.6
529,32.936987,-117.148714,1533.4,66.2,3.1,128,81,274,,True,0.0
530,32.936988,-117.148684,1536.7,66.2,3.16,128,80,274,,True,0.0
531,32.936993,-117.148655,1539.5,66.2,3.0,128,80,274,,True,0.0
532,32.93701,-117.148623,1542.5,66.2,3.06,128,81,272,,True,0.0
533,32.937018,-117.148597,1545.6,66.2,3.08,128,81,270,,True,-1.7
534,32.937031,-117.148568,1548.8,66.2,3.08,128,81,268,,True,-1.7
535,32.937045,-117.14854,1551.6,66.0,2.98,128,82,268,,True,-1.7
536,32.937054,-117.14852,1554.0,66.0,2.9,128,82,267,,True,-1.7
537,32.937069,-117.148483,1557.3,66.0,2.96,128,82,266,,True,-1.8
538,32.937074,-117.148456,1560.3,66.0,2.94,128,81,264,,True,-1.7
539,32.937083,-117.148433,1562.5,65.8,2.74,128,81,263,,True,-1.8
540,32.937095,-117.148395,1565.9,65.8,2.86,128,82,262,,True,-1.8
541,32.937102,-117.148371,1568.7,65.8,2.94,128,82,261,,True,0.0
542,32.937112,-117.148342,1571.7,65.8,2.88,128,82,260,,True,1.8
543,32.937125,-117.148312,1574.6,65.8,2.86,128,82,260,,True,1.8
544,32.937129,-117.14829,1576.8,66.0,2.86,128,81,260,,True,1.8
545,32.937139,-117.14826,1579.7,66.0,2.76,129,81,261,,True,1.9
546,32.937145,-117.148229,1582.8,66.0,2.82,129,81,259,,True,0.0
547,32.937148,-117.148208,1585.2,66.0,2.7,129,81,258,,True,0.0
548,32.937153,-117.14818,1587.3,66.0,2.54,129,81,258,,True,1.5
549,32.937156,-117.148149,1589.8,66.0,2.6,129,81,257,,True,1.8
550,32.937155,-117.148121,1592.7,66.0,2.6,129,81,256,,True,1.7
551,32.937158,-117.148082,1596.1,66.2,2.66,129,80,255,,True,1.8
552,32.937162,-117.148059,1598.8,66.2,2.72,129,80,256,,True,3.5
553,32.937162,-117.148034,1601.2,66.2,2.78,129,80,256,,True,2.0
554,32.937173,-117.148001,1604.0,66.4,2.84,129,80,257,,True,1.9
555,32.937178,-117.147978,1606.3,66.4,2.72,129,80,258,,True,3.7
556,32.937184,-117.147949,1609.2,66.4,2.62,129,81,259,,True,1.9
557,32.937199,-117.147918,1612.0,66.6,2.64,129,81,258,,True,1.7
558,32.937206,-117.147896,1614.4,66.6,2.64,129,81,260,,True,1.7
559,32.93722,-117.147865,1618.0,66.6,2.8,129,81,261,,True,0.0
560,32.937239,-117.14784,1620.8,66.6,2.9,129,81,262,,True,0.0
561,32.937253,-117.147826,1623.2,66.6,2.8,129,81,261,,True,0.0
562,32.937274,-117.147805,1626.0,66.6,2.8,129,81,262,,True,0.0
563,32.937297,-117.147785,1629.0,66.6,2.92,129,81,264,,True,1.8
564,32.937311,-117.14777,1631.2,66.6,2.64,129,81,265,,True,1.8
565,32.937332,-117.147748,1634.1,66.8,2.66,129,81,267,,True,3.7
566,32.937346,-117.14772,1637.0,66.8,2.76,129,81,267,,True,3.5
567,32.937356,-117.147696,1639.9,67.0,2.78,129,80,267,,True,1.8
568,32.937369,-117.147668,1642.6,67.0,2.72,129,80,270,,True,3.8
569,32.937376,-117.147644,1645.0,67.0,2.76,129,80,271,,True,1.9
570,32.937382,-117.147622,1647.6,67.2,2.7,129,80,272,,True,3.8
571,32.937391,-117.147589,1650.3,67.2,2.66,130,81,271,,True,3.6
572,32.937395,-117.147561,1653.2,67.4,2.66,130,81,272,,True,1.8
573,32.937396,-117.147536,1656.0,67.4,2.68,130,81,274,,True,3.8
574,32.937398,-117.147502,1658.8,67.4,2.76,130,80,275,,True,2.0
575,32.937393,-117.147482,1660.8,67.6,2.64,130,81,275,,True,0.0
576,32.937384,-117.147457,1663.2,67.6,2.58,131,81,275,,True,-1.6
577,32.93737,-117.147429,1665.8,67.4,2.52,132,81,274,,True,-3.8
578,32.937361,-117.147408,1668.3,67.4,2.46,132,80,273,,True,-3.7
579,32.937347,-117.147381,1671.3,67.2,2.5,133,80,272,,True,-3.7
580,32.937332,-117.147353,1674.0,67.2,2.64,133,81,271,,True,-3.4
581,32.937316,-117.147334,1676.5,67.0,2.66,133,81,269,,True,-1.7
582,32.937298,-117.147306,1680.1,67.0,2.86,133,81,267,,True,-3.4
583,32.937274,-117.147285,1683.0,67.0,2.94,134,81,264,,True,-1.5
584,32.937253,-117.147269,1685.8,66.8,2.9,134,80,259,,True,-1.6
585,32.937225,-117.147241,1689.7,66.8,3.14,134,80,258,,True,-1.6
586,32.937212,-117.147221,1692.6,66.8,3.22,134,80,257,,True,0.0
587,32.937196,-117.147204,1695.3,66.8,3.04,134,80,258,,True,1.9
588,32.937178,-117.147178,1698.0,66.8,3.0,135,81,256,,True,3.8
589,32.937168,-117.147162,1700.1,67.0,2.86,135,81,257,,True,3.7
590,32.937152,-117.147136,1703.1,67.2,2.68,135,83,254,,True,3.7
591,32.937139,-117.147105,1706.1,67.2,2.7,135,83,253,,True,3.4
592,32.937127,-117.147083,1708.9,67.2,2.72,135,82,253,,True,1.7
593,32.937116,-117.147047,1712.0,67.4,2.8,135,82,256,,True,1.8
594,32.937108,-117.147023,1714.8,67.4,2.94,135,82,258,,True,1.7
595,32.937098,-117.147001,1717.3,67.4,2.84,135,82,259,,True,1.8
596,32.937089,-117.146963,1720.4,67.4,2.86,136,83,260,,True,1.8
597,32.937085,-117.146935,1723.4,67.6,2.9,136,83,261,,True,0.0
598,32.937079,-117.146908,1726.2,67.6,2.84,136,82,262,,True,0.0
599,32.937081,-117.146871,1729.1,67.4,2.86,136,82,261,,True,-1.7
600,32.937082,-117.146845,1732.0,67.4,2.94,137,81,261,,True,-1.7
601,32.93708,-117.146813,1734.9,67.4,2.9,137,81,260,,True,0.0
602,32.937082,-117.14678,1737.7,67.4,2.86,137,81,261,,True,-1.7
603,32.937078,-117.146754,1740.6,67.4,2.88,137,81,261,,True,-1.8
604,32.937078,-117.146719,1743.8,67.2,2.94,138,81,259,,True,-1.9
605,32.937077,-117.146691,1746.1,67.2,2.82,138,81,258,,True,0.0
606,32.937074,-117.14667,1748.5,67.2,2.72,138,81,258,,True,1.9
607,32.937068,-117.146631,1751.6,67.4,2.78,139,81,259,,True,3.7
608,32.937063,-117.146606,1754.2,67.4,2.72,139,81,258,,True,3.6
609,32.937056,-117.146578,1757.0,67.6,2.64,139,81,257,,True,3.8
610,32.937053,-117.146549,1759.6,67.6,2.7,139,81,258,,True,3.8
611,32.937047,-117.146526,1762.1,67.8,2.72,140,81,259,,True,1.9
612,32.937043,-117.1465,1764.6,67.8,2.6,140,81,259,,True,1.9
613,32.937038,-117.146466,1767.5,67.8,2.66,140,81,257,,True,0.0
614,32.93703,-117.146439,1770.3,67.8,2.66,140,81,258,,True,0.0
615,32.937023,-117.14641,1773.3,67.8,2.74,140,81,258,,True,0.0
616,32.937024,-117.146373,1776.4,67.8,2.86,141,81,259,,True,0.0
617,32.937022,-117.146348,1779.4,67.8,2.96,141,81,260,,True,0.0
618,32.937019,-117.146314,1782.5,67.8,3.0,141,80,261,,True,-1.8
619,32.937016,-117.146287,1785.1,67.8,2.96,141,80,261,,True,-1.9
620,32.93701,-117.146267,1787.3,67.6,2.8,141,81,261,,True,0.0
621,32.937004,-117.146233,1790.1,67.6,2.74,141,81,260,,True,0.0
622,32.937,-117.14621,1792.2,67.8,2.56,141,81,259,,True,2.0
623,32.936995,-117.146187,1794.6,67.8,2.42,141,81,257,,True,1.7
624,32.936984,-117.146154,1797.3,67.8,2.44,142,82,256,,True,0.0
625,32.936973,-117.146137,1799.3,67.8,2.4,142,82,256,,True,0.0
626,32.936958,-117.146115,1802.0,67.8,2.38,142,82,255,,True,0.0
627,32.936943,-117.146089,1804.6,67.8,2.48,142,82,253,,True,0.0
628,32.936932,-117.146069,1807.1,67.8,2.5,143,81,252,,True,0.0
629,32.936914,-117.146033,1810.3,67.8,2.6,143,81,251,,True,0.0
630,32.936899,-117.14601,1813.4,67.8,2.82,143,81,251,,True,1.6
631,32.936885,-117.145985,1816.4,67.8,2.88,143,81,252,,True,1.6
632,32.936871,-117.145951,1819.6,68.0,3.0,144,82,251,,True,1.7
633,32.936857,-117.145926,1822.5,68.0,3.08,144,82,254,,True,1.7
634,32.936842,-117.145907,1825.2,68.0,2.98,144,82,255,,True,1.8
635,32.936833,-117.145874,1828.0,68.0,2.92,144,82,256,,True,1.8
636,32.936824,-117.145852,1830.9,68.2,2.9,145,82,256,,True,1.9
637,32.936818,-117.145826,1833.4,68.2,2.76,146,82,257,,True,1.5
638,32.936814,-117.145798,1835.9,68.2,2.68,152,81,258,,True,0.0
639,32.936806,-117.145776,1837.9,68.2,2.54,154,81,259,,True,0.0
640,32.936806,-117.14574,1841.2,68.2,2.64,154,81,258,,True,0.0
641,32.936816,-117.145705,1844.2,68.2,2.66,155,81,258,,True,0.0
642,32.936817,-117.145681,1846.9,68.2,2.7,155,81,258,,True,0.0
643,32.936824,-117.145645,1850.0,68.2,2.82,155,81,259,,True,0.0
644,32.936835,-117.145613,1853.3,68.2,3.08,155,80,261,,True,0.0
645,32.936841,-117.145588,1856.3,68.2,3.02,155,81,261,,True,0.0
646,32.936857,-117.14555,1859.7,68.2,3.1,154,81,262,,True,-1.6
647,32.936866,-117.145524,1862.6,68.2,3.14,154,80,261,,True,-1.7
648,32.936873,-117.1455,1865.5,68.0,3.1,154,81,262,,True,-1.8
649,32.936885,-117.145464,1868.4,68.0,3.02,155,81,260,,True,-3.5
650,32.936892,-117.14544,1871.1,68.0,2.96,154,81,259,,True,-1.8
651,32.936897,-117.14541,1874.1,67.8,2.88,154,81,258,,True,0.0
652,32.936907,-117.145377,1876.9,67.8,2.86,154,82,256,,True,-1.7
653,32.936915,-117.145352,1879.7,68.0,2.84,155,82,254,,True,0.0
654,32.936924,-117.145323,1882.6,67.8,2.84,154,81,255,,True,-1.8
655,32.936931,-117.14529,1885.5,67.8,2.88,154,81,254,,True,-3.7
656,32.936928,-117.145267,1887.9,67.6,2.76,154,80,253,,True,-1.9
657,32.936922,-117.145237,1890.4,67.6,2.7,154,80,252,,True,0.0
658,32.936919,-117.145213,1892.9,67.6,2.64,154,80,251,,True,1.9
659,32.936917,-117.145188,1895.5,67.8,2.58,154,80,250,,True,3.3
660,32.936922,-117.145153,1898.4,67.8,2.58,153,82,250,,True,1.6
661,32.936919,-117.14514,1900.3,67.8,2.48,153,82,249,,True,0.0
662,32.936929,-117.145115,1902.6,68.0,2.44,153,82,247,,True,0.0
663,32.936939,-117.145087,1905.1,67.8,2.44,153,82,247,,True,0.0
664,32.936947,-117.145065,1907.7,67.8,2.44,153,82,246,,True,-1.9
665,32.936954,-117.145032,1910.8,67.8,2.48,153,82,245,,True,0.0
666,32.936957,-117.145002,1913.3,67.8,2.6,152,82,245,,True,0.0
667,32.936955,-117.144979,1915.7,67.8,2.62,152,81,244,,True,0.0
668,32.936951,-117.144949,1918.3,67.8,2.64,152,81,245,,True,0.0
669,32.936952,-117.144916,1920.8,67.8,2.62,152,81,244,,True,1.9
670,32.936947,-117.144892,1923.6,67.8,2.56,152,80,243,,True,1.9
671,32.936943,-117.144862,1926.5,68.0,2.64,153,80,244,,True,3.8
672,32.936941,-117.144833,1929.0,68.0,2.66,152,81,244,,True,3.8
673,32.936937,-117.144814,1931.2,68.2,2.58,152,81,245,,True,1.9
674,32.936935,-117.144776,1934.1,68.2,2.66,152,81,247,,True,3.8
675,32.936931,-117.144751,1936.9,68.2,2.66,152,81,247,,True,1.8
676,32.936932,-117.144729,1939.5,68.4,2.6,152,80,247,,True,1.9
677,32.936934,-117.144693,1942.2,68.4,2.64,152,81,248,,True,2.0
678,32.936928,-117.144669,1944.7,68.4,2.7,152,81,250,,True,0.0
679,32.936925,-117.144646,1947.1,68.4,2.6,152,81,251,,True,0.0
680,32.936931,-117.14461,1950.0,68.4,2.62,152,81,251,,True,0.0
681,32.936933,-117.144586,1952.8,68.4,2.66,152,81,252,,True,0.0
682,32.936933,-117.144563,1955.1,68.4,2.58,152,81,254,,True,0.0
683,32.936941,-117.144536,1957.3,68.4,2.52,153,81,254,,True,0.0
684,32.93694,-117.144515,1959.5,68.4,2.48,152,81,251,,True,0.0
685,32.936946,-117.144485,1962.2,68.4,2.44,152,81,250,,True,0.0
686,32.936952,-117.144461,1964.1,68.4,2.26,153,81,251,,True,0.0
687,32.93695,-117.144432,1966.9,68.4,2.36,153,80,251,,True,0.0
688,32.93696,-117.1444,1970.1,68.4,2.56,153,80,249,,True,-1.8
689,32.936964,-117.144373,1972.6,68.4,2.62,152,79,249,,True,0.0
690,32.936963,-117.14435,1975.0,68.2,2.56,153,79,249,,True,-2.0
691,32.936973,-117.144322,1977.9,68.4,2.76,152,79,249,,True,-1.6
692,32.936985,-117.144297,1980.3,68.2,2.68,152,80,248,,True,0.0
693,32.936988,-117.144276,1982.5,68.2,2.48,152,79,246,,True,0.0
694,32.936992,-117.144247,1984.9,68.2,2.46,153,79,245,,True,1.6
695,32.936998,-117.144221,1987.3,68.2,2.46,152,79,244,,True,1.9
696,32.936996,-117.144195,1990.0,68.4,2.42,152,80,244,,True,1.9
697,32.937,-117.144163,1992.8,68.4,2.5,152,80,243,,True,1.8
698,32.937005,-117.144132,1995.6,68.4,2.62,153,81,243,,True,0.0
699,32.937008,-117.144112,1998.2,68.4,2.66,152,81,242,,True,0.0
700,32.937011,-117.14408,2000.6,68.4,2.66,152,80,241,,True,0.0
701,32.937013,-117.144053,2003.0,68.4,2.6,152,80,243,,True,0.0
702,32.937009,-117.144029,2005.8,68.4,2.6,152,80,242,,True,0.0
703,32.937007,-117.143993,2008.7,68.4,2.62,152,81,241,,True,0.0
704,32.937006,-117.143971,2010.8,68.4,2.52,152,81,241,,True,0.0
705,32.937,-117.143949,2013.0,68.4,2.48,151,81,241,,True,1.7
706,32.936992,-117.143916,2015.8,68.4,2.56,151,81,241,,True,2.0
707,32.936982,-117.143894,2018.5,68.4,2.54,150,81,241,,True,2.0
708,32.936972,-117.143874,2020.8,68.6,2.42,150,80,241,,True,1.7
709,32.936966,-117.143846,2023.0,68.6,2.44,150,80,241,,True,1.7
710,32.936958,-117.143829,2024.9,68.6,2.38,150,80,240,,True,-1.6
711,32.93695,-117.143801,2027.9,68.6,2.42,150,80,239,,True,-2.0
712,32.936941,-117.143771,2030.4,68.6,2.38,150,80,238,,True,-1.8
713,32.936932,-117.143751,2033.1,68.4,2.46,150,81,236,,True,-1.9
714,32.936922,-117.143719,2036.3,68.4,2.66,150,81,234,,True,-1.8
715,32.936918,-117.143691,2038.7,68.4,2.76,149,81,234,,True,0.0
716,32.936909,-117.14367,2041.3,68.4,2.68,150,81,235,,True,1.6
717,32.936901,-117.143642,2044.1,68.4,2.74,150,80,236,,True,0.0
718,32.936889,-117.143623,2046.0,68.4,2.58,149,80,236,,True,0.0
719,32.936873,-117.143605,2048.5,68.6,2.44,150,80,235,,True,0.0
720,32.936861,-117.143586,2050.6,68.4,2.38,150,81,233,,True,0.0
721,32.936855,-117.143555,2053.3,68.4,2.4,149,81,231,,True,-1.6
722,32.936845,-117.143535,2055.6,68.4,2.3,149,81,231,,True,0.0
723,32.93683,-117.143511,2058.2,68.4,2.44,149,81,231,,True,1.9
724,32.936816,-117.143485,2061.1,68.4,2.52,149,79,231,,True,3.7
725,32.936803,-117.143464,2063.9,68.6,2.66,150,79,232,,True,3.7
726,32.936789,-117.143441,2066.4,68.8,2.62,149,79,233,,True,6.0
727,32.936775,-117.143418,2069.1,68.8,2.7,149,80,233,,True,4.8
728,32.936761,-117.143407,2071.1,69.0,2.58,149,80,235,,True,4.0
729,32.936741,-117.143386,2073.5,69.0,2.48,150,80,238,,True,2.0
730,32.936726,-117.143356,2076.4,69.2,2.5,149,80,237,,True,1.8
731,32.936713,-117.143336,2079.2,69.0,2.56,149,80,237,,True,1.8
732,32.936699,-117.143301,2082.3,69.2,2.64,149,80,237,,True,-1.8
733,32.936692,-117.143279,2084.9,69.2,2.76,149,80,237,,True,0.0
734,32.936682,-117.143254,2087.6,69.0,2.82,149,80,238,,True,-1.9
735,32.936676,-117.143221,2090.1,69.0,2.74,149,80,238,,True,-1.9
736,32.936671,-117.143198,2092.7,69.0,2.7,149,81,238,,True,1.9
737,32.936667,-117.143171,2095.3,69.0,2.6,150,80,238,,True,1.9
738,32.936666,-117.143138,2098.2,69.2,2.66,149,80,240,,True,3.8
739,32.936662,-117.143116,2100.7,69.2,2.62,149,80,241,,True,3.8
740,32.936658,-117.143089,2103.1,69.4,2.6,149,80,243,,True,2.0
741,32.936658,-117.143057,2105.7,69.4,2.6,149,79,243,,True,2.0
742,32.936653,-117.143034,2108.3,69.4,2.6,150,79,244,,True,0.0
743,32.936648,-117.143009,2110.7,69.4,2.5,150,79,245,,True,0.0
744,32.936652,-117.142973,2113.6,69.4,2.58,150,81,245,,True,0.0
745,32.936652,-117.142948,2116.2,69.4,2.62,150,81,244,,True,0.0
746,32.936655,-117.142915,2119.6,69.4,2.78,150,81,244,,True,0.0
747,32.93666,-117.142879,2122.4,69.4,2.82,151,81,244,,True,0.0
748,32.936661,-117.142852,2125.4,69.4,2.94,152,80,246,,True,0.0
749,32.936657,-117.142818,2128.3,69.4,2.94,153,81,246,,True,0.0
750,32.936655,-117.142783,2131.4,69.4,3.04,153,81,247,,True,0.0
751,32.93665,-117.142757,2134.4,69.4,2.96,153,80,248,,True,0.0
752,32.936651,-117.14272,2137.4,69.4,3.0,153,80,251,,True,0.0
753,32.936655,-117.142691,2140.4,69.4,3.0,153,80,254,,True,0.0
754,32.936656,-117.142663,2143.6,69.4,3.06,154,80,251,,True,0.0
755,32.936664,-117.142627,2146.4,69.4,3.0,154,81,253,,True,0.0
756,32.936664,-117.1426,2149.1,69.4,2.94,154,81,254,,True,0.0
757,32.936669,-117.142571,2152.3,69.4,2.98,154,81,253,,True,0.0
758,32.936684,-117.14254,2154.9,69.4,2.9,154,81,253,,True,0.0
759,32.936693,-117.142517,2157.4,69.4,2.76,154,81,254,,True,-1.9
760,32.9367,-117.142491,2160.1,69.4,2.74,154,80,252,,True,0.0
761,32.936707,-117.142457,2162.9,69.2,2.76,154,80,251,,True,0.0
762,32.936705,-117.142433,2165.6,69.4,2.66,154,80,250,,True,-1.9
763,32.93671,-117.142401,2168.4,69.4,2.7,154,81,248,,True,1.9
764,32.936718,-117.142374,2170.8,69.2,2.68,154,81,249,,True,0.0
765,32.936718,-117.142346,2173.7,69.4,2.72,155,80,248,,True,0.0
766,32.936719,-117.14231,2177.1,69.4,2.84,154,80,248,,True,1.7
767,32.936726,-117.142285,2179.4,69.4,2.76,155,80,247,,True,0.0
768,32.936728,-117.142256,2182.5,69.4,2.82,155,81,247,,True,0.0
769,32.936735,-117.142223,2185.4,69.4,2.92,155,81,247,,True,0.0
770,32.936742,-117.142204,2187.4,69.4,2.74,154,81,246,,True,0.0
771,32.936745,-117.14218,2189.9,69.4,2.56,154,80,246,,True,0.0
772,32.936751,-117.142147,2192.7,69.4,2.66,154,80,245,,True,-1.8
773,32.936761,-117.14212,2195.6,69.4,2.62,154,81,243,,True,0.0
774,32.93677,-117.14209,2198.5,69.2,2.62,154,81,243,,True,0.0
775,32.93678,-117.142056,2201.9,69.4,2.9,155,81,244,,True,0.0
776,32.93678,-117.142032,2204.6,69.4,2.94,154,82,244,,True,1.7
777,32.936787,-117.141996,2207.9,69.4,3.04,154,82,245,,True,0.0
778,32.936795,-117.141971,2210.4,69.4,2.96,154,82,245,,True,0.0
779,32.936798,-117.141948,2212.9,69.4,2.88,154,82,246,,True,0.0
780,32.936804,-117.141917,2215.3,69.4,2.68,154,82,246,,True,0.0
781,32.936809,-117.141892,2217.7,69.4,2.62,154,82,246,,True,0.0
782,32.936813,-117.14187,2220.0,69.4,2.42,154,81,245,,True,0.0
783,32.936825,-117.141837,2222.9,69.4,2.5,155,81,244,,True,0.0
784,32.936833,-117.14181,2225.8,69.4,2.58,154,81,244,,True,0.0
785,32.936839,-117.141786,2228.3,69.4,2.6,154,80,244,,True,1.9
786,32.936851,-117.141754,2231.1,69.4,2.68,154,80,245,,True,1.9
787,32.936856,-117.141733,2233.2,69.6,2.64,154,80,246,,True,1.9
788,32.936868,-117.141707,2236.2,69.6,2.66,154,81,246,,True,3.8
789,32.936884,-117.14168,2239.0,69.6,2.64,154,81,246,,True,1.8
790,32.93689,-117.141654,2241.6,69.8,2.66,155,81,247,,True,1.8
791,32.936894,-117.141626,2244.3,69.8,2.64,154,80,248,,True,1.8
792,32.936906,-117.14159,2247.4,69.8,2.84,154,81,250,,True,0.0
793,32.936911,-117.141568,2250.1,69.8,2.78,154,81,251,,True,0.0
794,32.936917,-117.141541,2253.0,69.8,2.8,154,81,253,,True,0.0
795,32.93693,-117.14151,2255.6,69.8,2.8,155,81,254,,True,0.0
796,32.936931,-117.14149,2257.9,69.8,2.72,154,80,253,,True,0.0
797,32.936939,-117.141459,2260.7,69.8,2.66,154,80,254,,True,0.0
798,32.936953,-117.141431,2263.5,69.8,2.68,155,80,254,,True,0.0
799,32.936968,-117.141406,2266.3,69.8,2.66,155,80,254,,True,0.0
800,32.936993,-117.141381,2269.6,69.8,2.8,155,80,254,,True,0.0
801,32.937018,-117.14138,2272.3,69.8,2.88,155,81,254,,True,-1.6
802,32.937044,-117.141374,2275.5,69.8,2.96,155,81,253,,True,-1.7
803,32.937078,-117.141365,2279.0,69.6,3.1,155,81,254,,True,-1.6
804,32.9371,-117.141362,2281.5,69.6,3.04,155,81,255,,True,-1.7
805,32.937117,-117.141347,2284.5,69.6,2.98,154,81,256,,True,-1.9
806,32.93714,-117.141323,2287.2,69.6,2.98,155,81,255,,True,-1.8
807,32.937156,-117.141308,2289.5,69.4,2.8,155,81,253,,True,0.0
808,32.937175,-117.14129,2292.5,69.4,2.7,155,80,252,,True,-1.9
809,32.937197,-117.141268,2295.4,69.6,2.78,155,80,251,,True,0.0
810,32.937206,-117.141244,2297.8,69.4,2.66,155,80,250,,True,0.0
811,32.937208,-117.141214,2300.4,69.4,2.64,154,80,248,,True,-1.9
812,32.937214,-117.141182,2303.3,69.4,2.76,154,80,246,,True,0.0
813,32.937218,-117.141158,2305.8,69.4,2.66,154,80,246,,True,0.0
814,32.937218,-117.141133,2308.5,69.4,2.62,154,80,245,,True,0.0
815,32.937223,-117.141105,2310.7,69.4,2.58,153,81,245,,True,0.0
816,32.937224,-117.14108,2312.7,69.4,2.46,153,81,245,,True,0.0
817,32.937223,-117.141047,2315.5,69.4,2.44,153,81,244,,True,0.0
818,32.937221,-117.141009,2318.9,69.4,2.62,153,81,243,,True,0.0
819,32.937218,-117.140989,2321.3,69.4,2.56,152,80,244,,True,0.0
820,32.937209,-117.140966,2323.7,69.4,2.6,152,80,244,,True,1.7
821,32.937201,-117.140939,2326.3,69.4,2.72,152,80,245,,True,1.6
822,32.937186,-117.140919,2328.8,69.6,2.66,152,80,245,,True,2.0
823,32.937173,-117.140899,2331.0,69.6,2.42,152,80,245,,True,4.0
824,32.937156,-117.140874,2333.7,69.6,2.48,152,80,246,,True,1.9
825,32.937142,-117.140853,2336.3,69.8,2.52,152,80,245,,True,1.8
826,32.937125,-117.140827,2339.1,69.8,2.56,152,80,244,,True,1.8
827,32.937107,-117.1408,2342.4,69.8,2.72,152,80,245,,True,1.7
828,32.937093,-117.140784,2344.9,69.8,2.78,152,80,246,,True,3.4
829,32.937081,-117.140753,2348.0,70.0,2.86,152,80,250,,True,5.7
830,32.937071,-117.140725,2350.9,70.2,2.92,152,80,253,,True,7.6
831,32.937066,-117.140706,2353.0,70.4,2.78,152,80,256,,True,5.9
832,32.937064,-117.140679,2355.4,70.6,2.6,152,80,258,,True,3.2
833,32.937059,-117.140648,2358.1,70.6,2.64,152,79,259,,True,1.9
834,32.937054,-117.140627,2360.5,70.6,2.5,153,79,261,,True,1.9
835,32.937055,-117.140599,2363.3,70.6,2.48,153,78,263,,True,0.0
836,32.93706,-117.14057,2365.8,70.8,2.56,154,79,263,,True,0.0
837,32.937059,-117.140549,2368.0,70.8,2.52,154,79,263,,True,1.7
838,32.937055,-117.140519,2370.7,70.6,2.52,154,79,263,,True,-1.7
839,32.937055,-117.140493,2373.0,70.6,2.5,154,79,261,,True,-1.6
840,32.937053,-117.140472,2375.1,70.8,2.36,155,80,261,,True,1.6
841,32.937046,-117.140442,2377.8,70.6,2.4,155,80,261,,True,2.0
842,32.93704,-117.140413,2380.4,70.6,2.48,155,80,260,,True,-1.7
843,32.937036,-117.140387,2383.0,70.8,2.46,155,81,259,,True,0.0
844,32.937024,-117.140347,2386.7,70.6,2.74,155,81,258,,True,0.0
845,32.937017,-117.14032,2389.5,70.6,2.88,155,80,257,,True,-1.7
846,32.937009,-117.140299,2391.9,70.6,2.82,155,80,255,,True,-1.9
847,32.936998,-117.140262,2394.9,70.6,2.9,156,80,255,,True,0.0
848,32.936991,-117.14024,2397.4,70.4,2.88,156,81,256,,True,0.0
849,32.936983,-117.140215,2400.1,70.6,2.68,156,81,256,,True,0.0
850,32.936973,-117.140186,2402.7,70.6,2.64,156,81,258,,True,3.9
851,32.936969,-117.140163,2405.2,70.6,2.66,157,81,259,,True,1.7
852,32.936962,-117.140138,2407.7,70.8,2.56,157,81,258,,True,1.6
853,32.936959,-117.140108,2409.8,70.8,2.48,157,81,258,,True,2.0
854,32.936958,-117.140086,2412.2,70.8,2.42,157,81,257,,True,0.0
855,32.936966,-117.140054,2415.3,70.8,2.52,158,81,255,,True,-1.7
856,32.936976,-117.140022,2418.3,70.8,2.62,157,80,253,,True,-1.6
857,32.936982,-117.139994,2421.3,70.6,2.72,158,81,252,,True,-1.6
858,32.936997,-117.139962,2424.6,70.6,2.96,157,81,253,,True,-1.6
859,32.937015,-117.139934,2427.7,70.6,3.1,157,81,254,,True,0.0
860,32.937027,-117.139912,2430.6,70.6,3.06,157,81,251,,True,0.0
861,32.937042,-117.139881,2433.8,70.6,3.1,158,80,252,,True,0.0
862,32.937052,-117.139852,2436.7,70.6,3.08,157,80,252,,True,-1.7
863,32.937057,-117.13983,2439.1,70.6,2.9,158,80,250,,True,-1.9
864,32.937065,-117.139793,2442.2,70.4,2.9,158,81,248,,True,-1.9
865,32.93707,-117.13977,2444.4,70.4,2.76,158,81,246,,True,-1.9
866,32.937068,-117.139746,2447.0,70.4,2.64,158,81,245,,True,1.7
867,32.937068,-117.139717,2449.4,70.4,2.54,158,81,244,,True,1.7
868,32.937061,-117.139695,2451.8,70.6,2.54,158,80,245,,True,1.7
869,32.937056,-117.139671,2453.9,70.6,2.34,158,80,243,,True,1.5
870,32.937055,-117.13964,2456.5,70.6,2.42,158,80,242,,True,0.0
871,32.937057,-117.139615,2458.9,70.6,2.38,158,80,242,,True,0.0
872,32.937068,-117.139581,2462.4,70.6,2.6,158,81,242,,True,0.0
873,32.937091,-117.139557,2465.3,70.6,2.7,158,81,242,,True,0.0
874,32.937106,-117.139539,2468.0,70.6,2.82,158,81,242,,True,0.0
875,32.93713,-117.13952,2471.4,70.6,2.98,158,81,243,,True,0.0
876,32.937148,-117.139504,2473.6,70.6,2.94,158,81,245,,True,0.0
877,32.937158,-117.139486,2475.9,70.6,2.7,158,81,246,,True,1.9
878,32.937178,-117.139456,2479.4,70.6,2.82,158,81,246,,True,2.0
879,32.93719,-117.139437,2481.7,70.8,2.74,158,80,246,,True,1.7
880,32.937198,-117.13942,2483.6,70.8,2.44,158,80,245,,True,1.9
881,32.937209,-117.139397,2485.6,70.8,2.4,158,81,245,,True,0.0
882,32.937215,-117.139373,2487.9,70.8,2.4,158,81,243,,True,0.0
883,32.937219,-117.139351,2490.0,70.8,2.12,158,81,242,,True,0.0
884,32.937225,-117.139321,2492.6,70.8,2.18,157,80,241,,True,0.0
885,32.937227,-117.139294,2495.4,70.8,2.36,158,80,241,,True,0.0
886,32.937228,-117.139267,2498.1,70.8,2.5,158,80,240,,True,0.0
887,32.937228,-117.139238,2500.5,70.8,2.52,158,80,240,,True,0.0
888,32.937225,-117.139215,2502.9,70.8,2.58,157,80,240,,True,0.0
889,32.937224,-117.139187,2505.8,70.8,2.64,158,80,239,,True,0.0
890,32.937221,-117.139157,2508.2,70.8,2.56,157,80,239,,True,0.0
891,32.937215,-117.139133,2510.6,70.8,2.5,157,80,238,,True,0.0
892,32.937208,-117.139102,2513.7,70.8,2.64,157,81,239,,True,1.9
893,32.937198,-117.139075,2516.2,70.8,2.66,157,81,239,,True,1.9
894,32.937188,-117.139057,2518.5,71.0,2.54,157,81,240,,True,1.7
895,32.937175,-117.139034,2521.0,71.0,2.56,157,81,241,,True,1.7
896,32.937162,-117.139012,2523.4,71.0,2.56,157,80,240,,True,0.0
897,32.93715,-117.138996,2525.7,71.0,2.4,156,81,239,,True,0.0
898,32.93713,-117.138975,2528.0,71.0,2.36,156,81,240,,True,0.0
899,32.937111,-117.138963,2530.7,71.0,2.44,156,81,240,,True,0.0
900,32.937095,-117.138949,2533.1,71.0,2.42,156,81,239,,True,0.0
901,32.937071,-117.138922,2536.1,71.0,2.54,156,81,239,,True,-1.8
902,32.937053,-117.138904,2538.9,71.0,2.64,156,81,239,,True,-1.8
903,32.937037,-117.138877,2542.0,70.8,2.8,156,81,238,,True,-1.8
904,32.93703,-117.138847,2544.4,70.8,2.74,155,81,237,,True,-1.8
905,32.937025,-117.138822,2547.0,70.8,2.78,155,81,237,,True,0.0
906,32.937023,-117.138788,2550.1,70.8,2.8,155,81,237,,True,0.0
907,32.937023,-117.138759,2552.3,70.8,2.68,155,81,236,,True,0.0
908,32.937021,-117.138731,2555.5,70.8,2.7,156,81,235,,True,1.9
909,32.937021,-117.1387,2558.4,70.8,2.8,156,81,237,,True,1.8
910,32.937021,-117.138676,2560.7,71.0,2.74,156,81,239,,True,4.0
911,32.937023,-117.138651,2563.3,71.0,2.64,156,81,238,,True,4.7
912,32.937028,-117.138622,2565.6,71.2,2.66,157,81,237,,True,3.8
913,32.937033,-117.138596,2568.0,71.2,2.5,157,81,238,,True,3.8
914,32.937034,-117.138566,2571.3,71.4,2.58,157,81,239,,True,1.9
915,32.937035,-117.138534,2573.9,71.4,2.64,156,80,240,,True,1.8
916,32.937033,-117.138507,2576.3,71.4,2.6,156,80,240,,True,-2.0
917,32.937024,-117.138479,2578.9,71.4,2.66,156,80,239,,True,-2.0
918,32.937005,-117.138459,2581.3,71.2,2.66,157,80,239,,True,-1.9
919,32.936987,-117.138442,2583.9,71.2,2.52,156,81,239,,True,-1.8
920,32.93697,-117.138427,2586.6,71.2,2.54,156,81,238,,True,-1.8
921,32.936935,-117.138419,2589.8,71.2,2.7,156,80,237,,True,-1.7
922,32.936911,-117.138422,2592.7,71.0,2.76,156,80,236,,True,-1.7
923,32.936879,-117.138424,2595.8,71.0,2.9,155,80,237,,True,0.0
924,32.936858,-117.138421,2598.3,71.0,2.88,155,80,240,,True,3.7
925,32.936835,-117.138414,2600.9,71.2,2.86,155,83,240,,True,5.7
926,32.936808,-117.138396,2603.6,71.4,2.76,155,83,239,,True,5.2
927,32.936792,-117.138376,2606.3,71.6,2.72,155,84,239,,True,5.1
928,32.93678,-117.13834,2609.8,71.6,2.8,155,84,241,,True,5.1
929,32.936777,-117.13831,2612.6,71.8,2.86,155,83,245,,True,3.3
930,32.936776,-117.138284,2615.4,72.0,2.9,155,83,255,,True,3.6
931,32.936777,-117.138248,2618.3,72.0,2.94,155,82,257,,True,3.6
932,32.936776,-117.138222,2620.9,72.0,2.92,155,81,261,,True,1.7
933,32.936777,-117.138193,2623.8,72.2,2.8,155,81,261,,True,0.0
934,32.936777,-117.138155,2626.9,72.2,2.86,155,81,260,,True,0.0
935,32.936779,-117.138131,2629.3,72.0,2.78,156,81,261,,True,-1.7
936,32.936785,-117.138095,2633.0,72.0,2.94,156,81,260,,True,-1.8
937,32.936794,-117.138067,2635.5,72.0,2.92,156,81,263,,True,0.0
938,32.936797,-117.138043,2638.2,72.0,2.88,156,81,264,,True,0.0
939,32.936804,-117.13801,2641.1,72.0,2.84,156,82,264,,True,1.7
940,32.936815,-117.13798,2644.1,72.0,2.96,156,82,265,,True,3.4
941,32.936819,-117.13795,2647.0,72.2,2.8,156,82,264,,True,3.5
942,32.93683,-117.137918,2649.8,72.4,2.86,156,82,268,,True,1.8
943,32.936839,-117.137894,2652.6,72.4,2.88,157,82,272,,True,0.0
944,32.936849,-117.137868,2655.3,72.2,2.84,157,82,273,,True,-1.9
945,32.936862,-117.137837,2658.0,72.2,2.78,157,82,272,,True,-1.7
946,32.936867,-117.137812,2660.6,72.2,2.72,157,82,270,,True,0.0
947,32.936877,-117.137777,2664.1,72.2,2.86,157,82,272,,True,0.0
948,32.936883,-117.137748,2667.0,72.2,2.88,157,82,273,,True,1.7
949,32.936885,-117.137724,2669.1,72.2,2.76,157,81,273,,True,1.8
950,32.936898,-117.137686,2672.4,72.4,2.88,158,81,273,,True,1.7
951,32.936901,-117.137657,2675.1,72.4,2.9,157,81,272,,True,1.6
952,32.936908,-117.137627,2678.5,72.4,2.88,157,81,270,,True,0.0
953,32.936916,-117.137596,2681.5,72.4,2.9,158,81,270,,True,0.0
954,32.93692,-117.137574,2683.7,72.4,2.92,158,81,270,,True,0.0
955,32.936922,-117.137543,2686.7,72.4,2.86,158,81,268,,True,0.0
956,32.936926,-117.137508,2689.6,72.4,2.9,158,80,266,,True,0.0
957,32.936927,-117.137484,2692.3,72.4,2.76,158,80,267,,True,0.0
958,32.936927,-117.137455,2695.0,72.4,2.7,158,80,265,,True,0.0
959,32.93693,-117.137419,2697.9,72.4,2.84,158,81,265,,True,0.0
960,32.936932,-117.137394,2700.5,72.4,2.76,158,81,264,,True,-1.6
961,32.93694,-117.137358,2704.0,72.4,2.88,158,80,262,,True,-1.6
962,32.936944,-117.137322,2707.3,72.2,3.0,158,80,264,,True,-1.6
963,32.936944,-117.137297,2710.2,72.2,3.04,158,79,264,,True,-1.7
964,32.936952,-117.137264,2713.2,72.2,3.06,158,80,266,,True,1.7
965,32.936957,-117.137233,2715.8,72.2,3.06,157,80,266,,True,1.6
966,32.936961,-117.137206,2718.9,72.4,2.98,158,80,264,,True,1.7
967,32.936972,-117.137172,2722.5,72.4,3.04,158,81,265,,True,3.4
968,32.93698,-117.137143,2725.1,72.4,2.98,158,81,263,,True,1.8
969,32.936985,-117.137121,2727.4,72.6,2.84,158,81,265,,True,1.8
970,32.936999,-117.137089,2730.1,72.6,2.86,158,81,265,,True,1.7
971,32.937012,-117.137056,2733.7,72.6,2.96,157,80,266,,True,0.0
972,32.93702,-117.137031,2736.7,72.6,2.84,158,80,266,,True,0.0
973,32.937035,-117.136997,2740.0,72.6,2.98,158,80,267,,True,0.0
974,32.937045,-117.136971,2742.5,72.6,3.02,158,80,266,,True,0.0
975,32.937055,-117.136944,2745.8,72.6,3.14,158,80,267,,True,0.0
976,32.937069,-117.136913,2748.6,72.6,2.98,158,81,268,,True,0.0
977,32.937077,-117.136892,2751.0,72.6,2.86,158,80,268,,True,0.0
978,32.937088,-117.136867,2754.0,72.6,2.8,158,80,270,,True,0.0
979,32.937101,-117.136837,2756.6,72.6,2.82,158,80,268,,True,0.0
980,32.937104,-117.13682,2758.6,72.6,2.56,158,81,266,,True,0.0
981,32.937114,-117.136793,2761.3,72.6,2.54,158,81,265,,True,0.0
982,32.937129,-117.136764,2763.9,72.6,2.58,158,81,264,,True,0.0
983,32.937138,-117.136747,2766.1,72.6,2.42,158,80,265,,True,0.0
984,32.93715,-117.136722,2768.9,72.6,2.46,158,80,263,,True,0.0
985,32.937165,-117.136692,2771.8,72.6,2.64,158,80,261,,True,0.0
986,32.93717,-117.136673,2774.0,72.6,2.54,158,80,260,,True,0.0
987,32.937182,-117.136643,2777.3,72.6,2.68,158,80,259,,True,0.0
988,32.937191,-117.136613,2779.9,72.6,2.76,158,80,259,,True,0.0
989,32.937196,-117.136591,2782.6,72.6,2.74,158,80,259,,True,0.0
990,32.937206,-117.136563,2785.2,72.6,2.68,159,80,258,,True,-1.6
991,32.937217,-117.136535,2787.8,72.6,2.76,158,80,255,,True,-2.0
992,32.937222,-117.136515,2789.8,72.4,2.5,158,80,256,,True,0.0
993,32.937241,-117.136491,2792.6,72.4,2.54,158,80,255,,True,-1.6
994,32.937263,-117.136474,2795.3,72.6,2.54,158,80,255,,True,0.0
995,32.937284,-117.136469,2797.6,72.6,2.48,158,81,253,,True,0.0
996,32.937306,-117.136465,2800.3,72.4,2.5,158,81,252,,True,-2.0
997,32.937335,-117.136453,2803.4,72.4,2.72,157,80,251,,True,-1.8
998,32.937345,-117.136441,2805.5,72.4,2.58,157,80,251,,True,0.0
999,32.937364,-117.136414,2808.7,72.4,2.68,157,80,251,,True,0.0
1000,32.937378,-117.136386,2811.3,72.4,2.74,157,80,251,,True,0.0
1001,32.937382,-117.136363,2813.7,72.4,2.68,157,81,249,,True,0.0
1002,32.937392,-117.136333,2816.4,72.4,2.6,157,81,249,,True,1.9
1003,32.937404,-117.136303,2819.3,72.4,2.76,157,81,249,,True,1.9
1004,32.937409,-117.136279,2822.0,72.6,2.66,157,80,249,,True,0.0
1005,32.937419,-117.136257,2824.1,72.6,2.56,157,80,250,,True,0.0
1006,32.937436,-117.136232,2826.9,72.4,2.64,157,80,249,,True,-1.8
1007,32.937448,-117.136209,2829.7,72.4,2.66,157,80,247,,True,-1.7
1008,32.937477,-117.136191,2833.1,72.4,2.76,157,79,247,,True,0.0
1009,32.937499,-117.136174,2836.1,72.4,2.82,157,79,248,,True,0.0
1010,32.937514,-117.136157,2838.7,72.4,2.92,157,79,247,,True,0.0
1011,32.937531,-117.136139,2841.3,72.4,2.88,157,79,248,,True,0.0
1012,32.937547,-117.136117,2843.6,72.4,2.78,157,80,247,,True,0.0
1013,32.937555,-117.136098,2845.6,72.4,2.5,156,79,247,,True,0.0
1014,32.937569,-117.136074,2848.4,72.4,2.46,156,79,247,,True,0.0
1015,32.937585,-117.136049,2851.1,72.4,2.48,156,80,245,,True,0.0
1016,32.937593,-117.136031,2853.3,72.4,2.4,156,80,245,,True,0.0
1017,32.937605,-117.13601,2855.8,72.4,2.44,156,80,245,,True,0.0
1018,32.937619,-117.135987,2857.8,72.6,2.44,156,80,244,,True,0.0
1019,32.937628,-117.135965,2860.1,72.4,2.34,156,80,244,,True,0.0
1020,32.937638,-117.135935,2862.9,72.4,2.36,156,79,244,,True,-1.8
1021,32.937657,-117.135904,2866.4,72.4,2.62,156,79,244,,True,0.0
1022,32.937665,-117.135884,2868.8,72.4,2.6,156,79,244,,True,0.0
1023,32.937678,-117.135859,2871.6,72.4,2.76,156,80,244,,True,2.0
1024,32.937688,-117.135832,2874.2,72.4,2.82,155,80,245,,True,1.7
1025,32.937694,-117.135813,2876.6,72.6,2.74,155,80,245,,True,3.5
1026,32.937703,-117.13579,2878.7,72.6,2.46,155,80,245,,True,3.5
1027,32.937708,-117.135768,2880.6,72.6,2.36,155,80,245,,True,1.7
1028,32.937719,-117.135744,2883.1,72.8,2.3,155,80,244,,True,1.6
1029,32.93773,-117.135716,2885.7,72.8,2.3,155,81,243,,True,1.9
1030,32.937741,-117.135691,2888.5,72.8,2.38,155,81,243,,True,0.0
1031,32.937751,-117.135667,2891.1,72.8,2.48,155,81,243,,True,0.0
1032,32.937766,-117.135639,2893.8,72.8,2.64,155,80,244,,True,0.0
1033,32.937781,-117.135619,2896.4,72.8,2.66,155,80,245,,True,0.0
1034,32.937798,-117.135602,2899.0,72.8,2.66,155,80,245,,True,0.0
1035,32.937821,-117.135586,2901.7,72.8,2.64,156,81,245,,True,0.0
1036,32.937838,-117.135576,2903.5,72.8,2.48,155,81,244,,True,0.0
1037,32.937859,-117.135568,2906.0,72.8,2.44,155,81,244,,True,0.0
1038,32.937887,-117.135566,2908.7,72.8,2.46,155,81,245,,True,0.0
1039,32.937906,-117.135565,2910.7,72.8,2.34,155,80,246,,True,0.0
1040,32.937933,-117.135565,2913.9,72.8,2.44,155,80,246,,True,0.0
1041,32.93796,-117.135575,2916.2,72.8,2.54,155,80,247,,True,0.0
1042,32.937978,-117.135588,2918.5,72.8,2.5,155,80,247,,True,0.0
1043,32.937994,-117.135612,2921.1,72.8,2.48,155,79,249,,True,0.0
1044,32.938002,-117.135649,2924.4,72.8,2.74,155,79,250,,True,0.0
1045,32.938013,-117.135673,2927.4,72.8,2.7,154,80,252,,True,0.0
1046,32.938032,-117.135706,2930.9,72.8,2.94,154,80,254,,True,0.0
1047,32.938046,-117.135728,2933.9,72.8,3.08,154,80,255,,True,0.0
1048,32.938063,-117.135745,2936.5,72.8,3.08,154,83,258,,True,0.0
1049,32.938092,-117.135751,2939.0,72.8,2.92,154,83,255,,True,0.0
1050,32.938112,-117.135756,2941.6,72.8,2.84,154,83,252,,True,-1.7
1051,32.938132,-117.135762,2944.1,72.8,2.64,154,83,248,,True,-3.3
1052,32.938147,-117.135768,2946.2,72.8,2.46,154,83,244,,True,-4.9
1053,32.938168,-117.135779,2948.5,72.6,2.4,153,83,239,,True,-4.9
1054,32.938189,-117.135801,2951.3,72.4,2.46,153,83,237,,True,-5.9
1055,32.938206,-117.135814,2953.9,72.2,2.46,153,83,236,,True,-5.7
1056,32.938225,-117.135829,2956.4,72.2,2.46,153,83,237,,True,-4.0
1057,32.938238,-117.135858,2959.1,72.0,2.58,153,83,238,,True,0.0
1058,32.938247,-117.135873,2961.3,72.0,2.56,153,83,238,,True,1.8
1059,32.938262,-117.135888,2963.3,72.0,2.4,153,83,238,,True,3.6
1060,32.938284,-117.135885,2965.0,72.2,2.22,153,81,237,,True,3.5
1061,32.938305,-117.135879,2967.6,72.4,2.24,153,81,233,,True,5.0
1062,32.938328,-117.135858,2970.2,72.4,2.22,152,81,226,,True,3.9
1063,32.938334,-117.135834,2972.6,72.4,2.26,152,81,223,,True,1.8
1064,32.938345,-117.13581,2975.2,72.6,2.38,152,81,222,,True,1.9
1065,32.938367,-117.135787,2978.5,72.6,2.7,152,81,222,,True,1.9
1066,32.938384,-117.135779,2980.5,72.6,2.58,153,81,222,,True,-2.0
1067,32.938405,-117.135782,2983.1,72.6,2.58,152,81,223,,True,-1.6
1068,32.938432,-117.135787,2985.4,72.4,2.56,152,81,224,,True,-2.0
1069,32.938452,-117.135781,2987.9,72.4,2.54,153,81,225,,True,-2.0
1070,32.938476,-117.135774,2990.7,72.4,2.44,153,81,224,,True,0.0
1071,32.938502,-117.135763,2993.1,72.4,2.52,153,81,225,,True,1.9
1072,32.938517,-117.13575,2995.4,72.4,2.46,153,81,225,,True,1.9
1073,32.93854,-117.135731,2998.7,72.6,2.66,154,81,225,,True,3.6
1074,32.938561,-117.135713,3001.5,72.6,2.72,154,81,225,,True,3.5
1075,32.938577,-117.135697,3004.1,72.8,2.68,155,81,227,,True,2.0
1076,32.938599,-117.13569,3006.7,72.8,2.72,155,81,228,,True,3.3
1077,32.938621,-117.135685,3008.9,72.8,2.7,155,80,229,,True,1.7
1078,32.938643,-117.135679,3010.9,72.8,2.44,156,80,230,,True,1.7
1079,32.938667,-117.135671,3013.8,73.0,2.46,156,80,231,,True,1.6
1080,32.938691,-117.135674,3016.1,73.0,2.4,156,81,232,,True,1.9
1081,32.938711,-117.135669,3018.7,73.0,2.4,156,81,233,,True,1.9
1082,32.938737,-117.135665,3021.4,73.0,2.5,156,81,236,,True,1.9
1083,32.938763,-117.135664,3024.4,73.2,2.7,156,81,238,,True,1.9
1084,32.938785,-117.135671,3026.9,73.2,2.62,156,80,240,,True,1.9
1085,32.938806,-117.13569,3029.5,73.2,2.68,156,81,244,,True,0.0
1086,32.938821,-117.135717,3032.2,73.2,2.7,156,81,246,,True,0.0
1087,32.938837,-117.13574,3035.2,73.2,2.76,156,81,247,,True,-1.6
1088,32.938862,-117.135769,3038.6,73.2,2.84,156,80,251,,True,-1.6
1089,32.938881,-117.135788,3041.7,73.0,2.96,156,79,252,,True,-1.6
1090,32.938902,-117.13581,3044.5,73.0,3.0,156,79,255,,True,-3.4
1091,32.938922,-117.135836,3047.5,73.0,3.06,156,79,255,,True,-1.7
1092,32.938936,-117.135859,3050.3,72.8,3.02,156,81,253,,True,-1.7
1093,32.938951,-117.135885,3053.4,72.8,2.96,156,82,251,,True,-3.7
1094,32.938959,-117.135916,3056.0,72.8,2.86,156,82,252,,True,-3.7
1095,32.938967,-117.135937,3058.4,72.6,2.78,156,82,253,,True,-3.8
1096,32.938971,-117.135969,3061.2,72.4,2.74,155,81,252,,True,-3.6
1097,32.938973,-117.136001,3064.0,72.4,2.74,156,81,253,,True,0.0
1098,32.938975,-117.136029,3067.0,72.4,2.72,155,81,252,,True,1.8
1099,32.938974,-117.136061,3069.9,72.6,2.78,155,80,253,,True,1.8
1100,32.938977,-117.136089,3072.2,72.6,2.76,155,80,254,,True,3.5
1101,32.938978,-117.136119,3075.4,72.6,2.84,156,81,253,,True,0.0
1102,32.938978,-117.136153,3078.3,72.8,2.86,155,81,254,,True,0.0
1103,32.938982,-117.13618,3081.3,72.6,2.86,156,81,254,,True,-1.7
1104,32.938979,-117.13621,3084.5,72.6,2.92,156,82,254,,True,-3.4
1105,32.938981,-117.136246,3087.2,72.4,3.0,156,82,255,,True,-1.7
1106,32.938989,-117.136272,3090.1,72.4,2.94,156,82,257,,True,-1.8
1107,32.938994,-117.136307,3093.2,72.4,2.98,156,82,257,,True,0.0
1108,32.939004,-117.136327,3095.5,72.4,2.84,157,82,258,,True,1.7
1109,32.939018,-117.136352,3097.9,72.4,2.68,157,82,257,,True,0.0
1110,32.939036,-117.136389,3101.7,72.6,2.9,157,82,255,,True,0.0
1111,32.939048,-117.13641,3104.6,72.4,2.9,157,82,254,,True,0.0
1112,32.939064,-117.136435,3107.3,72.4,2.82,157,82,256,,True,-1.7
1113,32.939075,-117.136465,3110.3,72.4,2.96,157,82,256,,True,-1.7
1114,32.939081,-117.136494,3113.3,72.4,3.08,157,82,257,,True,-1.7
1115,32.939085,-117.136529,3116.4,72.2,2.94,158,82,258,,True,-1.7
1116,32.93909,-117.136556,3119.2,72.2,2.92,158,82,259,,True,-1.7
1117,32.9391,-117.136584,3122.1,72.2,2.96,158,82,259,,True,-1.8
1118,32.939115,-117.136615,3125.1,72.2,2.96,158,82,259,,True,-1.8
1119,32.939129,-117.136633,3127.5,72.0,2.84,158,83,259,,True,-1.8
1120,32.939147,-117.136658,3130.5,72.0,2.82,158,84,257,,True,0.0
1121,32.939166,-117.136679,3133.3,72.0,2.82,158,84,256,,True,1.7
1122,32.939185,-117.136699,3136.2,72.2,2.82,158,84,254,,True,1.7
1123,32.939204,-117.136729,3139.5,72.2,2.88,159,83,256,,True,1.7
1124,32.939216,-117.136747,3142.2,72.2,2.94,158,82,256,,True,0.0
1125,32.93923,-117.136769,3144.8,72.2,2.86,158,82,257,,True,0.0
1126,32.939244,-117.136804,3148.1,72.2,2.96,159,82,258,,True,-2.0
1127,32.939254,-117.136817,3149.8,72.2,2.72,158,81,258,,True,-1.9
1128,32.939276,-117.136827,3152.2,72.0,2.54,158,80,256,,True,0.0
1129,32.939312,-117.136829,3155.2,72.0,2.6,158,80,254,,True,0.0
1130,32.939336,-117.136825,3158.4,72.2,2.72,158,80,252,,True,3.0
1131,32.939372,-117.136821,3162.4,72.2,2.86,159,80,249,,True,2.9
1132,32.939406,-117.136826,3165.7,72.4,3.18,158,81,250,,True,1.4
1133,32.939431,-117.136826,3169.1,72.4,3.38,159,80,250,,True,3.0
1134,32.939465,-117.136832,3173.0,72.4,3.56,159,80,254,,True,1.5
1135,32.939493,-117.136837,3175.7,72.6,3.46,159,80,258,,True,1.5
1136,32.939518,-117.136835,3178.9,72.6,3.3,159,80,258,,True,3.3
1137,32.939551,-117.136835,3182.4,72.6,3.34,159,81,259,,True,1.6
1138,32.939575,-117.136836,3185.0,72.8,3.18,159,81,263,,True,1.6
1139,32.939598,-117.136836,3188.2,72.8,3.04,159,81,270,,True,0.0
1140,32.939629,-117.136842,3191.2,72.8,3.1,160,81,276,,True,-1.8
1141,32.939647,-117.136844,3193.3,72.6,2.88,160,81,285,,True,-1.9
1142,32.939672,-117.136839,3196.0,72.6,2.72,160,81,284,,True,-3.2
1143,32.939699,-117.136831,3198.8,72.6,2.76,160,81,263,,True,-1.9
1144,32.939716,-117.13682,3201.1,72.4,2.58,160,82,262,,True,-2.0
1145,32.939737,-117.136805,3203.6,72.4,2.48,161,82,261,,True,-2.0
1146,32.939757,-117.136788,3206.1,72.4,2.56,161,82,254,,True,0.0
1147,32.939779,-117.136771,3209.0,72.4,2.6,161,82,252,,True,0.0
1148,32.939804,-117.13676,3212.1,72.4,2.66,161,83,250,,True,0.0
1149,32.939825,-117.136743,3214.9,72.4,2.76,161,83,252,,True,-1.7
1150,32.939844,-117.136733,3217.5,72.4,2.78,160,83,261,,True,-1.8
1151,32.939879,-117.136722,3220.7,72.2,2.92,161,82,262,,True,-1.8
1152,32.939898,-117.136713,3223.4,72.2,2.88,161,82,261,,True,-1.7
1153,32.939921,-117.136699,3226.1,72.2,2.8,160,82,256,,True,0.0
1154,32.939944,-117.136687,3229.0,72.2,2.82,161,82,254,,True,0.0
1155,32.939966,-117.136671,3232.3,72.2,2.96,161,81,254,,True,0.0
1156,32.939997,-117.136651,3235.5,72.2,2.96,160,81,254,,True,0.0
1157,32.940014,-117.136637,3238.1,72.2,2.94,160,82,266,,True,0.0
1158,32.940034,-117.13662,3240.9,72.2,2.96,160,82,264,,True,0.0
1159,32.940062,-117.136599,3244.3,72.2,3.06,160,82,260,,True,1.7
1160,32.94008,-117.136586,3246.9,72.2,2.92,160,82,260,,True,1.7
1161,32.940103,-117.136567,3249.8,72.4,2.86,160,81,257,,True,1.9
1162,32.940127,-117.13655,3252.9,72.4,2.96,160,81,258,,True,1.9
1163,32.940143,-117.136538,3255.1,72.4,2.84,159,81,258,,True,-1.7
1164,32.940165,-117.136525,3257.4,72.4,2.62,159,81,258,,True,-1.8
1165,32.940183,-117.136519,3259.4,72.4,2.5,159,81,256,,True,-1.7
1166,32.940203,-117.136513,3261.4,72.2,2.32,159,81,252,,True,-1.7
1167,32.940224,-117.136531,3263.8,72.2,2.18,160,81,248,,True,-2.0
1168,32.940242,-117.136565,3266.8,72.2,2.34,159,80,249,,True,0.0
1169,32.940254,-117.136585,3269.5,72.2,2.42,159,79,253,,True,1.8
1170,32.940255,-117.136621,3272.7,72.2,2.66,159,79,262,,True,4.2
1171,32.940261,-117.136646,3275.0,72.4,2.72,159,78,283,,True,3.3
1172,32.940254,-117.136645,3275.0,72.6,2.24,159,78,271,,False,3.4
1173,32.940248,-117.136627,3276.4,72.6,1.92,159,78,262,,True,3.4
1174,32.940248,-117.136595,3278.9,72.6,1.88,159,78,245,,True,0.0
1175,32.940243,-117.136571,3281.3,72.6,1.72,158,78,208,,True,-1.9
1176,32.940235,-117.136539,3284.4,72.6,1.88,158,77,207,,True,-3.8
1177,32.940221,-117.136519,3286.7,72.4,2.34,158,77,214,,True,-6.4
1178,32.940206,-117.136507,3288.5,72.2,2.42,158,77,234,,True,-5.1
1179,32.940198,-117.136507,3289.5,72.2,2.12,157,77,244,,True,-5.6
1180,32.940186,-117.136513,3290.7,72.0,1.88,157,77,222,,True,-3.5
1181,32.940162,-117.13653,3293.1,72.0,1.74,157,77,208,,True,0.0
1182,32.940151,-117.136545,3295.2,72.0,1.7,158,77,199,,True,2.0
1183,32.94013,-117.136563,3298.0,72.0,1.9,157,79,196,,True,1.9
1184,32.940107,-117.136585,3300.8,72.2,2.26,157,79,202,,True,1.7
1185,32.940091,-117.136603,3303.6,72.2,2.58,157,80,258,,True,1.6
1186,32.940069,-117.136623,3306.8,72.2,2.74,157,80,268,,True,0.0
1187,32.940045,-117.136646,3310.2,72.2,3.0,157,80,274,,True,-1.6
1188,32.94003,-117.136662,3312.7,72.2,2.94,157,82,291,,True,-1.7
1189,32.940002,-117.136685,3316.0,72.0,3.04,156,82,283,,True,-1.7
1190,32.939982,-117.136701,3318.9,72.0,3.06,156,82,295,,True,-3.4
1191,32.939963,-117.136717,3322.1,72.0,3.06,156,82,287,,True,-1.8
1192,32.939937,-117.136735,3324.6,71.8,2.88,156,82,283,,True,-1.9
1193,32.939922,-117.136746,3326.9,71.8,2.84,157,82,277,,True,0.0
1194,32.939899,-117.136759,3329.7,71.8,2.74,157,82,267,,True,1.6
1195,32.939877,-117.136773,3331.9,71.8,2.6,157,82,258,,True,2.0
1196,32.93986,-117.136785,3334.4,72.0,2.46,157,82,256,,True,3.9
1197,32.939838,-117.1368,3337.1,72.0,2.5,157,81,250,,True,3.8
1198,32.939816,-117.136818,3340.0,72.2,2.62,157,81,249,,True,3.8
1199,32.939801,-117.136831,3342.4,72.2,2.54,157,81,251,,True,3.8
1200,32.939782,-117.136844,3344.8,72.4,2.58,157,80,252,,True,2.0
1201,32.939757,-117.136861,3347.6,72.4,2.64,158,80,250,,True,0.0
1202,32.939742,-117.136873,3350.0,72.4,2.58,157,80,250,,True,-1.9
1203,32.939726,-117.136891,3352.5,72.2,2.5,157,80,251,,True,-1.6
1204,32.939711,-117.136917,3355.1,72.2,2.54,157,80,250,,True,-1.9
1205,32.939703,-117.136937,3357.2,72.2,2.48,157,80,250,,True,0.0
1206,32.939689,-117.136965,3360.3,72.2,2.54,157,80,250,,True,0.0
1207,32.939671,-117.136994,3363.4,72.2,2.68,157,80,250,,True,0.0
1208,32.939655,-117.137016,3366.5,72.2,2.8,157,80,250,,True,0.0
1209,32.939626,-117.137033,3369.9,72.2,2.96,157,80,251,,True,0.0
1210,32.939602,-117.137045,3372.9,72.2,3.14,157,80,252,,True,0.0
1211,32.939582,-117.137055,3375.6,72.2,3.06,157,80,254,,True,-1.7
1212,32.93955,-117.137072,3379.0,72.2,3.12,156,81,253,,True,-1.8
1213,32.939533,-117.137086,3381.5,72.0,3.0,157,81,252,,True,-1.7
1214,32.939513,-117.137099,3384.3,72.0,2.88,157,81,253,,True,-1.8
1215,32.939481,-117.137114,3387.4,72.0,2.9,157,81,253,,True,0.0
1216,32.939462,-117.137121,3390.0,72.0,2.88,156,81,252,,True,0.0
1217,32.939438,-117.137132,3393.1,72.0,2.82,157,81,253,,True,0.0
1218,32.939408,-117.137148,3396.1,72.0,2.92,157,81,253,,True,0.0
1219,32.939391,-117.137162,3398.4,72.0,2.82,157,81,254,,True,0.0
1220,32.93937,-117.137181,3401.4,72.0,2.8,158,80,255,,True,-1.8
1221,32.939355,-117.137211,3404.2,72.0,2.84,158,80,255,,True,-1.6
1222,32.939347,-117.137238,3407.2,71.8,2.82,158,80,256,,True,-1.6
1223,32.939342,-117.137281,3410.9,71.8,2.96,158,81,259,,True,-3.1
1224,32.939335,-117.137308,3413.7,71.8,3.06,158,80,260,,True,-1.5
1225,32.939331,-117.137342,3417.1,71.6,3.14,157,80,263,,True,-3.3
1226,32.939331,-117.137384,3420.7,71.6,3.3,158,80,265,,True,-3.0
1227,32.939322,-117.137408,3423.2,71.4,3.2,158,81,266,,True,-3.1
1228,32.939313,-117.137443,3427.1,71.4,3.24,158,82,267,,True,-3.4
1229,32.939308,-117.137477,3429.9,71.2,3.24,158,82,265,,True,-1.6
1230,32.939308,-117.137503,3432.4,71.2,3.06,158,82,264,,True,-3.4
1231,32.939302,-117.137536,3435.7,71.2,3.0,157,81,265,,True,-1.8
1232,32.939294,-117.137569,3438.7,71.0,3.1,158,81,263,,True,-1.7
1233,32.939294,-117.137592,3441.2,71.0,2.82,158,81,264,,True,-1.8
1234,32.939288,-117.137625,3444.1,71.0,2.84,158,81,263,,True,0.0
1235,32.939284,-117.137657,3446.9,71.0,2.9,158,81,263,,True,-1.7
1236,32.939284,-117.137685,3450.0,71.0,2.86,158,81,263,,True,-1.8
1237,32.939283,-117.137723,3453.1,70.8,2.88,158,81,263,,True,-3.4
1238,32.939285,-117.137746,3455.3,70.8,2.82,158,81,263,,True,-3.5
1239,32.939285,-117.137777,3458.7,70.6,2.92,159,81,263,,True,-1.9
1240,32.939287,-117.137811,3461.4,70.6,2.9,158,81,265,,True,-3.4
1241,32.939287,-117.137833,3463.6,70.6,2.72,159,81,262,,True,-1.8
1242,32.939281,-117.137866,3467.0,70.4,2.78,159,81,259,,True,0.0
1243,32.93928,-117.137896,3469.6,70.4,2.86,159,81,257,,True,0.0
1244,32.939283,-117.137915,3471.5,70.6,2.56,159,81,256,,True,5.4
1245,32.93928,-117.137944,3474.1,70.6,2.54,158,82,257,,True,6.9
1246,32.939282,-117.137968,3476.2,70.8,2.52,159,82,257,,True,7.0
1247,32.939288,-117.137985,3478.1,71.0,2.22,159,82,258,,True,8.8
1248,32.939293,-117.138018,3481.2,71.2,2.32,159,81,258,,True,8.1
1249,32.939298,-117.138038,3483.0,71.4,2.3,159,81,262,,True,7.7
1250,32.939305,-117.138062,3485.5,71.6,2.28,159,81,261,,True,6.0
1251,32.939313,-117.138097,3488.5,71.8,2.46,158,81,247,,True,5.9
1252,32.939317,-117.138122,3491.2,71.8,2.62,159,80,247,,True,1.9
1253,32.939323,-117.13814,3493.2,72.0,2.4,159,80,262,,True,0.0
1254,32.939326,-117.138172,3495.9,71.8,2.58,159,80,263,,True,0.0
1255,32.939327,-117.138194,3498.0,71.8,2.5,160,81,254,,True,-2.0
1256,32.939321,-117.138219,3500.8,71.8,2.46,160,82,238,,True,0.0
1257,32.939315,-117.13825,3503.2,71.8,2.4,160,82,255,,True,0.0
1258,32.939312,-117.138274,3505.5,71.8,2.46,160,82,253,,True,0.0
1259,32.939304,-117.138307,3509.0,71.8,2.62,160,82,254,,True,-1.9
1260,32.939298,-117.138335,3511.4,71.8,2.68,160,81,263,,True,-1.8
1261,32.939299,-117.138356,3513.5,71.6,2.54,160,81,269,,True,0.0
1262,32.93929,-117.138386,3516.6,71.6,2.68,160,81,272,,True,-1.6
1263,32.93928,-117.138412,3518.9,71.6,2.68,160,80,274,,True,0.0
1264,32.93928,-117.138434,3521.0,71.8,2.4,160,80,269,,True,0.0
1265,32.939273,-117.13846,3524.0,71.6,2.52,160,79,268,,True,0.0
1266,32.939265,-117.138486,3526.1,71.6,2.52,160,79,267,,True,-2.0
1267,32.939264,-117.138506,3528.1,71.6,2.3,160,79,263,,True,0.0
1268,32.939256,-117.138536,3531.1,71.6,2.44,160,80,261,,True,0.0
1269,32.939249,-117.138561,3533.5,71.6,2.5,160,80,259,,True,0.0
1270,32.939249,-117.138581,3535.5,71.6,2.3,160,80,260,,True,3.3
1271,32.93924,-117.138617,3538.5,71.6,2.48,160,80,259,,True,3.1
1272,32.939233,-117.138639,3540.8,71.8,2.54,160,81,259,,True,3.7
1273,32.939232,-117.138664,3543.4,72.0,2.46,160,81,259,,True,5.8
1274,32.939232,-117.138699,3546.2,72.0,2.54,160,81,260,,True,5.8
1275,32.939229,-117.138724,3548.8,72.2,2.66,160,81,262,,True,3.8
1276,32.93923,-117.138747,3551.2,72.4,2.54,160,81,263,,True,4.0
1277,32.939227,-117.138784,3554.0,72.4,2.64,160,81,265,,True,1.6
1278,32.939224,-117.138804,3556.3,72.4,2.58,160,81,267,,True,0.0
1279,32.939222,-117.138827,3558.6,72.4,2.48,160,80,267,,True,-1.7
1280,32.93922,-117.138864,3561.6,72.4,2.56,160,80,267,,True,-3.2
1281,32.939219,-117.138879,3563.5,72.2,2.46,160,80,264,,True,-3.9
1282,32.939215,-117.138904,3566.0,72.2,2.4,160,80,260,,True,-3.4
1283,32.939213,-117.138938,3568.9,72.0,2.52,161,80,260,,True,-1.7
1284,32.93921,-117.138954,3570.7,72.0,2.42,160,81,259,,True,-1.7
1285,32.939201,-117.138978,3573.2,72.0,2.32,160,81,255,,True,0.0
1286,32.939198,-117.13901,3575.6,72.0,2.42,160,81,252,,True,0.0
1287,32.939201,-117.139031,3577.7,72.0,2.34,159,80,252,,True,1.6
1288,32.939202,-117.139056,3580.2,72.0,2.26,159,81,251,,True,1.6
1289,32.939203,-117.13909,3583.0,72.0,2.46,158,81,250,,True,1.9
1290,32.939207,-117.139114,3585.5,72.2,2.46,158,81,250,,True,3.7
1291,32.939208,-117.139143,3588.4,72.2,2.56,157,81,250,,True,5.7
1292,32.939194,-117.139172,3591.1,72.4,2.68,157,80,252,,True,5.3
1293,32.93919,-117.139196,3593.6,72.6,2.68,157,80,254,,True,5.6
1294,32.93918,-117.139228,3596.8,72.8,2.76,156,81,254,,True,5.9
1295,32.939171,-117.139252,3599.1,72.8,2.72,156,81,254,,True,3.9
1296,32.93917,-117.139271,3601.3,73.0,2.58,156,81,256,,True,5.3
1297,32.939166,-117.139302,3603.8,73.0,2.54,156,81,258,,True,5.2
1298,32.939163,-117.139326,3606.3,73.2,2.54,156,81,259,,True,5.0
1299,32.939166,-117.139345,3608.2,73.4,2.28,155,80,261,,True,6.7
1300,32.939164,-117.139377,3610.6,73.4,2.3,155,80,264,,True,4.8
1301,32.939163,-117.139404,3613.3,73.6,2.4,155,80,266,,True,3.8
1302,32.939163,-117.139426,3615.8,73.8,2.4,155,80,269,,True,3.8
1303,32.939161,-117.13946,3618.7,73.8,2.48,156,80,269,,True,1.7
1304,32.939158,-117.139483,3621.1,73.8,2.58,155,80,270,,True,0.0
1305,32.939153,-117.139497,3622.6,73.8,2.4,154,80,269,,True,0.0
1306,32.939151,-117.139532,3625.4,73.8,2.42,154,80,273,,True,0.0
1307,32.939148,-117.139553,3627.4,73.8,2.32,155,80,274,,True,0.0
1308,32.939147,-117.13958,3630.4,73.8,2.34,155,80,273,,True,-3.4
1309,32.939151,-117.139617,3633.2,73.8,2.42,155,80,273,,True,-3.0
1310,32.939151,-117.139633,3635.1,73.6,2.5,155,80,269,,True,-3.8
1311,32.93915,-117.139657,3637.3,73.4,2.38,155,79,264,,True,-3.9
1312,32.939151,-117.1397,3640.9,73.4,2.7,156,81,263,,True,-3.6
1313,32.939148,-117.139722,3643.5,73.4,2.62,156,81,260,,True,-1.7
1314,32.939144,-117.139747,3646.1,73.2,2.58,157,81,257,,True,-1.9
1315,32.939142,-117.139784,3649.1,73.2,2.8,157,80,254,,True,-3.8
1316,32.939138,-117.139807,3651.4,73.2,2.82,157,80,248,,True,-1.9
1317,32.93914,-117.139833,3654.0,73.0,2.62,157,80,247,,True,-1.9
1318,32.939144,-117.139868,3656.9,73.0,2.68,157,80,245,,True,-3.9
1319,32.939145,-117.139892,3659.5,73.0,2.68,156,80,244,,True,-1.9
1320,32.939148,-117.139914,3661.7,72.8,2.52,157,79,243,,True,-2.0
1321,32.939149,-117.139947,3664.4,72.8,2.6,156,79,242,,True,-3.9
1322,32.939147,-117.139975,3667.1,72.8,2.62,156,79,242,,True,-1.7
1323,32.939144,-117.140001,3669.8,72.6,2.58,156,79,241,,True,-5.1
1324,32.939136,-117.14004,3673.3,72.6,2.76,156,79,239,,True,-5.1
1325,32.93913,-117.140069,3676.1,72.2,2.88,156,79,238,,True,-4.8
1326,32.939127,-117.140095,3678.8,72.2,2.88,156,79,239,,True,-6.9
1327,32.939124,-117.140137,3682.3,72.0,3.04,156,80,237,,True,-5.1
1328,32.939126,-117.140164,3684.9,71.8,3.02,156,80,236,,True,-6.5
1329,32.939129,-117.140192,3687.9,71.6,2.92,156,80,233,,True,-8.6
1330,32.939127,-117.140231,3691.1,71.4,3.0,155,79,229,,True,-8.3
1331,32.939124,-117.14026,3693.9,71.0,3.02,156,79,226,,True,-9.9
1332,32.939126,-117.140289,3697.0,70.8,2.94,155,80,223,,True,-11.0
1333,32.939124,-117.140324,3700.0,70.4,3.02,155,80,219,,True,-9.0
1334,32.939123,-117.140347,3702.0,70.2,2.82,155,80,218,,True,-7.1
1335,32.939124,-117.140377,3705.0,70.0,2.78,155,80,215,,True,-5.7
1336,32.939127,-117.140416,3708.2,70.0,2.86,155,80,214,,True,-5.2
1337,32.939136,-117.140436,3710.6,69.8,2.72,155,80,213,,True,-5.3
1338,32.939138,-117.140466,3713.6,69.6,2.72,155,80,216,,True,-9.6
1339,32.939142,-117.1405,3716.4,69.4,2.88,155,80,219,,True,-7.0
1340,32.939149,-117.14052,3718.6,69.0,2.72,155,80,220,,True,-5.3
1341,32.939149,-117.140554,3722.1,69.0,2.78,155,80,218,,True,-3.8
1342,32.939147,-117.140587,3725.0,69.0,2.88,155,80,218,,True,1.8
1343,32.939148,-117.140608,3727.0,69.0,2.68,154,80,220,,True,1.9
1344,32.939142,-117.140639,3729.9,69.2,2.7,154,81,221,,True,1.6
1345,32.939141,-117.14067,3732.4,69.2,2.76,154,81,222,,True,1.9
1346,32.939146,-117.140692,3734.7,69.2,2.52,154,81,224,,True,-1.9
1347,32.939147,-117.140724,3737.8,69.2,2.56,155,80,224,,True,-1.9
1348,32.93915,-117.140757,3740.6,69.0,2.72,154,80,223,,True,0.0
1349,32.939155,-117.140779,3743.0,69.0,2.62,155,80,226,,True,0.0
1350,32.939149,-117.140812,3746.2,69.2,2.76,155,80,229,,True,1.9
1351,32.939145,-117.140841,3748.7,69.2,2.8,154,80,234,,True,1.8
1352,32.939145,-117.140864,3750.9,69.2,2.62,154,80,237,,True,1.9
1353,32.939138,-117.140899,3754.2,69.2,2.72,154,80,240,,True,1.8
1354,32.939133,-117.140928,3756.9,69.4,2.78,155,80,242,,True,1.7
1355,32.939131,-117.140955,3759.8,69.4,2.72,154,80,245,,True,1.9
1356,32.939128,-117.140989,3762.8,69.4,2.82,154,80,248,,True,0.0
1357,32.939128,-117.14101,3764.9,69.4,2.8,155,80,250,,True,1.7
1358,32.939132,-117.141032,3767.1,69.4,2.58,154,80,251,,True,1.8
1359,32.939134,-117.141065,3769.7,69.6,2.56,154,80,253,,True,3.3
1360,32.939133,-117.141085,3771.9,69.6,2.42,154,80,256,,True,3.3
1361,32.939132,-117.141109,3774.0,69.6,2.24,154,80,258,,True,0.0
1362,32.939127,-117.141143,3777.0,69.8,2.42,154,81,259,,True,0.0
1363,32.939123,-117.141168,3779.4,69.8,2.46,154,81,258,,True,0.0
1364,32.939118,-117.141196,3782.6,69.6,2.58,154,81,258,,True,-3.8
1365,32.939113,-117.141232,3785.6,69.6,2.74,154,80,258,,True,-3.6
1366,32.93911,-117.141252,3787.6,69.4,2.72,154,81,260,,True,-1.9
1367,32.939108,-117.141278,3790.4,69.4,2.68,154,81,260,,True,-1.6
1368,32.93911,-117.141309,3792.9,69.4,2.7,154,81,260,,True,0.0
1369,32.939114,-117.14133,3795.1,69.4,2.5,154,80,260,,True,0.0
1370,32.93911,-117.141355,3797.8,69.4,2.44,154,80,261,,True,0.0
1371,32.939106,-117.141387,3800.3,69.4,2.54,154,80,261,,True,0.0
1372,32.939107,-117.141406,3802.3,69.4,2.38,154,80,259,,True,1.7
1373,32.939106,-117.141433,3805.1,69.4,2.44,154,80,258,,True,1.7
1374,32.939102,-117.141464,3807.7,69.6,2.52,154,81,257,,True,3.3
1375,32.939103,-117.141484,3809.6,69.6,2.36,154,80,257,,True,3.5
1376,32.939102,-117.141505,3811.9,69.6,2.32,153,80,259,,True,1.8
1377,32.939105,-117.141539,3814.3,69.8,2.4,153,80,259,,True,1.7
1378,32.939111,-117.141556,3816.5,69.8,2.28,153,80,259,,True,1.7
1379,32.939111,-117.141584,3819.1,69.8,2.28,153,80,259,,True,-1.6
1380,32.939108,-117.141615,3821.3,69.8,2.34,153,80,258,,True,-1.9
1381,32.939107,-117.14164,3823.9,69.8,2.4,153,80,256,,True,-1.8
1382,32.939107,-117.141674,3827.1,69.6,2.56,153,81,254,,True,-1.8
1383,32.939106,-117.141709,3830.0,69.6,2.7,153,81,253,,True,-1.6
1384,32.939111,-117.141732,3832.6,69.6,2.7,153,81,253,,True,-1.7
1385,32.93911,-117.141768,3836.2,69.6,2.98,154,81,254,,True,-1.7
1386,32.9391,-117.1418,3838.9,69.4,3.0,154,80,254,,True,-1.7
1387,32.939097,-117.141825,3841.5,69.4,2.88,154,79,256,,True,-1.8
1388,32.939087,-117.141855,3844.5,69.4,2.9,155,79,255,,True,0.0
1389,32.939066,-117.141881,3847.3,69.4,2.94,155,79,253,,True,0.0
1390,32.939054,-117.1419,3849.9,69.4,2.74,155,79,252,,True,-1.8
1391,32.939033,-117.141922,3852.6,69.4,2.74,155,79,251,,True,-1.8
1392,32.939008,-117.141937,3855.6,69.2,2.82,155,79,248,,True,-1.7
1393,32.938987,-117.141948,3858.4,69.2,2.78,155,80,245,,True,-1.6
1394,32.938955,-117.141955,3861.7,69.2,2.88,156,80,243,,True,-1.7
1395,32.938932,-117.14196,3864.8,69.2,2.98,156,81,241,,True,-1.7
1396,32.93891,-117.141962,3867.5,69.0,2.98,156,81,240,,True,-1.8
1397,32.938879,-117.141961,3870.0,69.0,2.88,155,81,240,,True,-3.6
1398,32.938858,-117.141962,3872.6,69.0,2.84,156,81,238,,True,-1.7
1399,32.938827,-117.141957,3876.0,68.8,2.86,156,81,237,,True,-3.3
1400,32.938796,-117.141944,3879.5,68.8,2.94,156,81,235,,True,-3.1
1401,32.938776,-117.14194,3882.3,68.6,2.96,155,81,236,,True,-1.7
1402,32.938749,-117.141935,3885.3,68.6,3.06,156,81,237,,True,-1.9
1403,32.938723,-117.14193,3887.8,68.6,3.04,156,81,236,,True,-1.9
1404,32.938704,-117.141933,3890.1,68.6,2.82,157,81,237,,True,-1.9
1405,32.938678,-117.141932,3892.7,68.4,2.64,157,81,236,,True,0.0
1406,32.938649,-117.141934,3895.7,68.4,2.68,157,81,235,,True,-2.0
1407,32.938633,-117.141939,3897.8,68.6,2.5,157,81,235,,True,0.0
1408,32.938613,-117.141947,3900.2,68.4,2.48,157,81,236,,True,0.0
1409,32.938588,-117.141953,3902.8,68.4,2.54,157,81,234,,True,-3.3
1410,32.938571,-117.141964,3904.9,68.4,2.44,157,80,233,,True,-1.6
1411,32.938551,-117.141978,3907.4,68.4,2.34,157,80,234,,True,-3.2
1412,32.938525,-117.141989,3910.1,68.2,2.46,157,80,233,,True,-3.8
1413,32.938507,-117.141998,3912.4,68.2,2.44,158,80,232,,True,-3.8
1414,32.938483,-117.142015,3915.3,68.0,2.5,158,80,233,,True,-2.0
1415,32.938462,-117.142033,3917.9,68.0,2.6,158,80,234,,True,-2.0
1416,32.938449,-117.142052,3920.2,68.0,2.56,157,80,234,,True,0.0
1417,32.938438,-117.142076,3922.4,68.0,2.46,158,80,236,,True,0.0
1418,32.93844,-117.142102,3924.6,68.0,2.44,158,80,240,,True,0.0
1419,32.938446,-117.14212,3926.6,68.0,2.26,157,80,242,,True,0.0
1420,32.93846,-117.142143,3929.0,68.0,2.22,157,81,243,,True,-1.8
1421,32.938469,-117.142159,3931.0,68.0,2.16,157,80,244,,True,-6.0
1422,32.938474,-117.142174,3932.3,68.0,1.98,157,80,241,,True,-8.8
1423,32.93848,-117.142191,3933.6,67.8,1.8,157,80,239,,True,-6.8
1424,32.938474,-117.1422,3934.6,67.4,1.6,156,60,171,,True,-5.2
1425,32.938476,-117.142202,3935.3,67.2,1.26,156,60,149,,False,-4.9
1426,32.938477,-117.142208,3935.7,67.2,0.94,156,60,111,,False,-5.5
1427,32.938477,-117.142215,3936.5,67.2,0.84,156,60,99,,False,-1.5
1428,32.938474,-117.142243,3938.3,67.2,0.94,155,60,92,,True,3.5
1429,32.938471,-117.142267,3940.5,67.4,1.18,154,0,93,,True,3.9
1430,32.938462,-117.142291,3943.2,67.4,1.58,154,0,80,,True,3.7
1431,32.938441,-117.142316,3946.7,67.6,2.2,153,0,80,,True,1.8
1432,32.938424,-117.142331,3949.2,67.6,2.54,153,81,81,,True,0.0
1433,32.938408,-117.142347,3951.7,67.6,2.68,152,81,275,,True,-3.1
1434,32.938396,-117.142373,3954.2,67.4,2.74,151,80,275,,True,-3.8
1435,32.938387,-117.142397,3956.6,67.2,2.68,151,80,260,,True,-1.9
1436,32.938371,-117.142423,3959.7,67.2,2.6,152,80,243,,True,0.0
1437,32.938347,-117.142445,3962.4,67.4,2.64,152,81,238,,True,5.0
1438,32.938327,-117.142463,3965.3,67.4,2.72,152,81,259,,True,6.6
1439,32.938299,-117.14248,3968.6,67.8,2.88,152,81,267,,True,4.8
1440,32.938274,-117.142502,3971.8,68.0,3.04,152,81,271,,True,4.7
1441,32.938258,-117.142521,3974.8,68.0,3.02,152,81,298,,True,1.6
1442,32.938245,-117.142559,3978.1,68.0,3.14,152,80,292,,True,-1.6
1443,32.93824,-117.142588,3980.9,68.0,3.12,153,80,300,,True,-3.0
1444,32.938237,-117.142621,3984.4,67.8,3.16,153,80,297,,True,-3.2
1445,32.938234,-117.142659,3988.2,67.6,3.28,153,81,295,,True,-4.9
1446,32.938232,-117.142681,3990.5,67.6,3.14,154,81,299,,True,-1.8
1447,32.938227,-117.142706,3993.1,67.4,3.0,153,81,297,,True,0.0
1448,32.938214,-117.142734,3995.6,67.6,2.94,153,81,299,,True,0.0
1449,32.938204,-117.142752,3997.5,67.6,2.62,153,81,292,,True,1.7
1450,32.938196,-117.142778,4000.0,67.6,2.36,154,80,287,,True,-1.7
1451,32.938183,-117.142805,4002.5,67.6,2.4,154,80,278,,True,-2.0
1452,32.938176,-117.142829,4005.1,67.6,2.4,154,80,275,,True,-3.8
1453,32.93817,-117.142852,4007.5,67.4,2.38,154,80,270,,True,-5.8
1454,32.938179,-117.142889,4010.6,67.2,2.62,153,80,269,,True,-5.9
1455,32.938185,-117.142904,4012.8,67.0,2.56,153,80,266,,True,-3.3
1456,32.938195,-117.142929,4015.2,67.0,2.54,152,80,265,,True,0.0
1457,32.938207,-117.142949,4017.1,67.0,2.4,152,80,263,,True,2.0
1458,32.938211,-117.142975,4019.5,67.0,2.4,152,80,261,,True,3.7
1459,32.938209,-117.143013,4023.0,67.2,2.48,153,80,258,,True,3.5
1460,32.938204,-117.143043,4025.9,67.4,2.62,152,80,258,,True,3.4
1461,32.938202,-117.143067,4028.6,67.4,2.68,152,80,259,,True,1.9
1462,32.938202,-117.143097,4031.4,67.4,2.86,152,79,260,,True,0.0
1463,32.938206,-117.143123,4033.7,67.4,2.84,152,79,260,,True,-1.7
1464,32.938211,-117.143143,4036.0,67.4,2.6,152,79,260,,True,-1.7
1465,32.938215,-117.143172,4038.1,67.2,2.44,153,79,258,,True,-1.5
1466,32.938223,-117.143201,4040.7,67.2,2.42,152,80,255,,True,-1.9
1467,32.938228,-117.143226,4043.4,67.2,2.4,152,80,254,,True,-1.9
1468,32.938226,-117.143257,4046.7,67.2,2.6,152,80,253,,True,-1.9
1469,32.938211,-117.143282,4048.8,67.0,2.56,152,79,253,,True,-2.0
1470,32.938204,-117.143304,4051.3,67.0,2.64,152,79,254,,True,-1.7
1471,32.938198,-117.143329,4053.4,67.0,2.54,152,79,254,,True,0.0
1472,32.938197,-117.143357,4055.9,67.0,2.5,152,79,253,,True,0.0
1473,32.938199,-117.143381,4058.4,67.0,2.34,152,80,251,,True,0.0
1474,32.9382,-117.143406,4060.7,67.0,2.38,152,80,250,,True,0.0
1475,32.938209,-117.143432,4063.3,67.0,2.4,152,80,249,,True,0.0
1476,32.938219,-117.143451,4065.4,67.0,2.4,152,79,249,,True,0.0
1477,32.938224,-117.143478,4068.0,67.0,2.42,151,79,249,,True,-1.6
1478,32.938222,-117.143508,4070.7,67.0,2.46,152,79,247,,True,-1.9
1479,32.938225,-117.143535,4073.2,67.0,2.5,152,79,247,,True,-1.9
1480,32.938224,-117.143562,4075.8,66.8,2.5,151,80,245,,True,-4.0
1481,32.93822,-117.143595,4078.7,66.8,2.66,152,80,245,,True,-3.9
1482,32.938222,-117.143616,4080.8,66.6,2.56,151,79,245,,True,0.0
1483,32.938225,-117.143644,4083.5,66.6,2.56,151,79,245,,True,0.0
1484,32.938237,-117.143679,4086.4,66.8,2.64,151,79,244,,True,1.8
1485,32.93825,-117.143699,4089.0,66.8,2.64,152,80,244,,True,3.5
1486,32.938261,-117.143727,4092.1,66.8,2.68,151,80,243,,True,1.8
1487,32.938276,-117.143757,4095.0,67.0,2.84,152,80,243,,True,1.8
1488,32.938288,-117.143777,4097.6,67.0,2.82,152,80,244,,True,1.9
1489,32.938297,-117.143807,4100.3,67.0,2.78,152,80,246,,True,0.0
1490,32.938296,-117.143835,4102.8,67.0,2.76,152,80,247,,True,0.0
1491,32.938303,-117.143857,4105.5,67.0,2.68,152,80,247,,True,0.0
1492,32.938305,-117.143892,4108.2,67.0,2.64,152,80,248,,True,0.0
1493,32.938299,-117.143918,4110.8,67.0,2.64,152,80,247,,True,0.0
1494,32.938299,-117.143944,4113.8,67.0,2.7,153,80,248,,True,0.0
1495,32.938302,-117.143973,4116.1,67.0,2.66,152,81,248,,True,1.7
1496,32.938305,-117.143993,4118.0,67.0,2.5,153,81,249,,True,1.8
1497,32.938312,-117.144013,4120.2,67.0,2.4,153,81,249,,True,1.7
1498,32.938327,-117.144042,4122.5,67.2,2.34,153,81,248,,True,2.0
1499,32.938334,-117.144066,4125.0,67.2,2.24,153,80,249,,True,1.9
1500,32.938342,-117.144095,4128.2,67.2,2.42,152,80,249,,True,0.0
1501,32.93835,-117.144126,4131.0,67.2,2.6,153,80,249,,True,0.0
1502,32.938353,-117.144149,4133.3,67.2,2.62,153,80,251,,True,0.0
1503,32.938351,-117.144173,4135.9,67.2,2.68,153,80,252,,True,-1.7
1504,32.93834,-117.144202,4138.2,67.2,2.64,153,81,252,,True,-1.6
1505,32.938335,-117.144222,4140.4,67.2,2.44,154,81,252,,True,-3.1
1506,32.938334,-117.144249,4142.7,67.0,2.34,154,81,250,,True,-3.8
1507,32.938343,-117.144284,4145.7,67.0,2.48,154,79,249,,True,-3.5
1508,32.938348,-117.144311,4148.6,66.8,2.54,153,81,247,,True,-1.7
1509,32.938344,-117.144342,4151.7,66.8,2.7,154,81,245,,True,-1.7
1510,32.938344,-117.144377,4154.5,66.8,2.82,154,81,246,,True,0.0
1511,32.938348,-117.144399,4157.2,66.8,2.9,153,81,248,,True,1.9
1512,32.938351,-117.144432,4160.2,66.8,2.9,154,81,249,,True,2.0
1513,32.938353,-117.144454,4162.2,67.0,2.72,154,81,249,,True,1.9
1514,32.938353,-117.144477,4164.7,67.0,2.6,154,81,248,,True,1.7
1515,32.938349,-117.144508,4167.7,67.0,2.64,154,81,248,,True,0.0
1516,32.938342,-117.144531,4169.3,67.0,2.42,154,81,248,,True,0.0
1517,32.938337,-117.144555,4171.8,67.0,2.32,155,81,248,,True,0.0
1518,32.938339,-117.144591,4174.9,67.0,2.54,155,81,247,,True,0.0
1519,32.938337,-117.144618,4177.3,67.0,2.52,155,80,248,,True,0.0
1520,32.938337,-117.144651,4181.0,67.0,2.66,156,80,247,,True,-1.9
1521,32.938343,-117.144684,4183.8,67.0,2.9,156,81,246,,True,-1.8
1522,32.938351,-117.144697,4185.3,66.8,2.7,156,81,246,,True,-3.8
1523,32.938359,-117.144728,4188.2,66.8,2.66,156,81,247,,True,-4.3
1524,32.938365,-117.144745,4190.0,66.8,2.54,157,81,246,,True,-1.9
1525,32.938379,-117.144751,4191.6,66.6,2.12,157,81,244,,True,1.8
1526,32.938391,-117.144758,4193.0,66.6,1.84,157,81,241,,True,5.9
1527,32.938403,-117.144762,4194.3,66.8,1.8,156,81,240,,True,12.0
1528,32.938417,-117.144783,4196.4,67.0,1.64,157,81,240,,True,14.5
1529,32.938426,-117.144801,4198.3,67.4,1.66,157,81,243,,True,16.4
1530,32.938433,-117.144815,4200.0,68.0,1.68,156,81,246,,True,18.4
1531,32.938441,-117.144844,4202.6,68.2,1.92,156,81,240,,True,17.1
1532,32.938444,-117.144872,4205.2,68.6,2.18,154,80,239,,True,15.1
1533,32.938446,-117.144882,4206.2,68.8,1.96,153,79,244,,True,14.4
1534,32.938453,-117.144899,4208.1,69.0,1.96,151,79,250,,True,11.8
1535,32.938457,-117.144923,4210.2,69.2,2.04,151,79,264,,True,8.5
1536,32.938465,-117.144947,4212.3,69.6,1.94,151,77,267,,True,5.6
1537,32.938475,-117.144964,4214.5,69.6,1.86,151,76,272,,True,3.8
1538,32.938473,-117.144988,4216.9,69.6,2.14,151,76,279,,True,0.0
1539,32.938476,-117.145011,4218.9,69.6,2.16,151,76,284,,True,0.0
1540,32.938477,-117.145029,4220.7,69.6,2.1,152,78,285,,True,0.0
1541,32.938471,-117.145056,4223.1,69.6,2.16,152,78,288,,True,0.0
1542,32.938473,-117.145084,4225.3,69.6,2.16,153,78,288,,True,0.0
1543,32.938482,-117.145107,4228.0,69.6,2.22,154,79,287,,True,0.0
1544,32.938481,-117.145146,4231.7,69.6,2.56,154,79,289,,True,-2.0
1545,32.938478,-117.14517,4233.9,69.6,2.64,155,79,297,,True,-1.9
1546,32.938482,-117.145186,4235.4,69.4,2.46,155,79,293,,True,-1.6
1547,32.938487,-117.145222,4238.6,69.4,2.66,155,79,285,,True,-2.0
1548,32.938488,-117.145245,4240.6,69.4,2.52,155,80,280,,True,0.0
1549,32.938488,-117.145276,4243.9,69.4,2.44,156,80,273,,True,0.0
1550,32.938484,-117.145309,4246.6,69.4,2.54,156,80,282,,True,0.0
1551,32.938479,-117.145321,4248.1,69.4,2.54,156,80,288,,True,-1.9
1552,32.938477,-117.145351,4250.8,69.4,2.44,156,80,281,,True,-2.0
1553,32.938476,-117.14539,4254.2,69.2,2.72,156,80,276,,True,-1.7
1554,32.938468,-117.145414,4256.8,69.2,2.58,156,80,268,,True,-1.6
1555,32.938467,-117.145445,4260.0,69.2,2.68,156,81,260,,True,0.0
1556,32.938472,-117.145483,4263.3,69.2,3.04,156,81,287,,True,0.0
1557,32.938477,-117.145503,4265.5,69.2,2.94,156,81,286,,True,0.0
1558,32.938481,-117.145528,4268.0,69.2,2.76,157,81,281,,True,0.0
1559,32.938489,-117.145562,4270.8,69.2,2.8,157,80,246,,True,0.0
1560,32.938494,-117.145584,4273.2,69.2,2.64,157,81,241,,True,0.0
1561,32.938496,-117.145617,4276.1,69.2,2.56,157,81,238,,True,0.0
1562,32.938496,-117.145654,4279.2,69.2,2.74,157,81,242,,True,0.0
1563,32.938502,-117.145677,4281.5,69.2,2.7,157,81,246,,True,0.0
1564,32.938497,-117.145714,4285.1,69.2,2.86,157,80,246,,True,0.0
1565,32.938486,-117.145743,4288.1,69.2,2.98,158,80,254,,True,-1.8
1566,32.938481,-117.14576,4290.1,69.2,2.8,158,80,258,,True,-5.3
1567,32.938466,-117.145781,4292.5,69.0,2.66,158,80,256,,True,-9.4
1568,32.938453,-117.145798,4294.6,69.0,2.62,159,80,246,,True,-12.2
1569,32.938444,-117.145813,4296.5,68.6,2.28,159,80,238,,True,-14.2
1570,32.938435,-117.145838,4298.7,68.2,2.12,159,80,232,,True,-17.0
1571,32.938421,-117.145861,4301.6,67.8,2.3,159,80,226,,True,-15.3
1572,32.938401,-117.145896,4305.2,67.2,2.54,159,79,220,,True,-13.5
1573,32.938386,-117.145921,4308.3,66.8,2.74,158,79,215,,True,-13.3
1574,32.938365,-117.145948,4312.0,66.4,3.1,159,79,212,,True,-11.6
1575,32.938347,-117.145978,4315.1,66.0,3.28,159,83,205,,True,-8.1
1576,32.938337,-117.145997,4317.3,65.8,3.14,158,83,207,,True,-5.3
1577,32.938323,-117.146027,4320.6,65.8,3.08,158,83,205,,True,-1.9
1578,32.938307,-117.146055,4323.3,65.8,3.0,158,83,227,,True,0.0
1579,32.9383,-117.146076,4325.9,65.8,2.78,158,82,212,,True,0.0
1580,32.938287,-117.146112,4329.1,65.8,2.8,158,82,210,,True,0.0
1581,32.938279,-117.14614,4331.8,65.8,2.9,159,82,211,,True,-1.8
1582,32.938272,-117.146165,4334.8,65.8,2.84,158,82,210,,True,-2.0
1583,32.93826,-117.146187,4337.0,65.6,2.74,158,81,220,,True,-1.8
1584,32.938241,-117.146196,4339.1,65.6,2.64,158,81,215,,True,-1.9
1585,32.938227,-117.146206,4340.9,65.6,2.36,158,81,209,,True,-1.9
1586,32.938204,-117.146214,4343.2,65.6,2.28,158,81,202,,True,-5.8
1587,32.938185,-117.146225,4345.3,65.6,2.1,158,80,194,,True,-5.8
1588,32.938168,-117.146235,4347.3,65.4,2.06,158,79,193,,True,-6.0
1589,32.938156,-117.146252,4349.4,65.0,2.06,157,79,191,,True,-5.6
1590,32.938159,-117.146279,4351.3,65.0,2.08,157,78,192,,True,-1.8
1591,32.938162,-117.146296,4353.2,65.0,2.0,157,79,197,,True,3.8
1592,32.938163,-117.146326,4356.1,65.0,2.16,157,79,199,,True,3.6
1593,32.938172,-117.14635,4358.2,65.2,2.18,157,79,202,,True,5.3
1594,32.938173,-117.14637,4360.0,65.4,2.12,157,80,206,,True,3.7
1595,32.938168,-117.146396,4362.4,65.4,2.22,157,79,208,,True,1.8
1596,32.938144,-117.146413,4364.5,65.6,2.26,157,79,210,,True,-1.6
1597,32.938129,-117.146427,4366.8,65.4,2.14,157,79,213,,True,-2.0
1598,32.938111,-117.146446,4369.6,65.4,2.28,157,79,212,,True,-3.9
1599,32.93809,-117.146475,4372.5,65.2,2.5,157,79,212,,True,-3.6
1600,32.938084,-117.146494,4374.7,65.2,2.46,157,79,219,,True,-3.7
1601,32.938069,-117.146523,4377.8,65.0,2.66,156,79,222,,True,-3.9
1602,32.938054,-117.146552,4380.5,65.0,2.74,156,79,232,,True,-1.8
1603,32.93805,-117.146575,4382.8,64.8,2.64,156,80,243,,True,0.0
1604,32.938046,-117.146602,4385.6,65.0,2.62,156,80,242,,True,0.0
1605,32.938048,-117.146632,4387.9,65.0,2.64,156,80,238,,True,1.7
1606,32.938051,-117.146651,4390.0,64.8,2.44,157,80,232,,True,1.9
1607,32.938059,-117.146675,4392.7,65.0,2.44,156,80,231,,True,1.9
1608,32.938077,-117.146694,4394.8,65.0,2.4,156,80,232,,True,3.7
1609,32.938086,-117.146702,4396.0,65.2,2.08,156,80,227,,True,2.0
1610,32.938105,-117.146715,4398.2,65.2,2.06,156,79,227,,True,3.7
1611,32.938126,-117.146734,4400.7,65.2,2.14,156,79,215,,True,1.6
1612,32.938139,-117.146747,4402.9,65.2,2.04,156,79,213,,True,2.0
1613,32.938149,-117.146766,4405.5,65.4,2.14,155,79,219,,True,1.6
1614,32.938164,-117.146796,4408.3,65.4,2.46,155,79,222,,True,1.9
1615,32.93817,-117.146819,4410.6,65.4,2.48,155,79,230,,True,0.0
1616,32.938177,-117.146845,4413.4,65.4,2.54,155,79,241,,True,0.0
1617,32.938191,-117.146878,4416.6,65.4,2.74,155,79,242,,True,0.0
1618,32.938201,-117.146896,4418.7,65.4,2.64,156,80,243,,True,0.0
1619,32.938206,-117.146919,4421.3,65.4,2.6,155,80,245,,True,-1.6
1620,32.938214,-117.146951,4423.7,65.4,2.62,155,80,246,,True,-1.9
1621,32.938219,-117.146973,4426.0,65.4,2.52,155,80,244,,True,-1.9
1622,32.938221,-117.147002,4429.0,65.2,2.48,156,80,243,,True,-1.9
1623,32.938225,-117.147034,4431.7,65.2,2.6,155,80,242,,True,-3.6
1624,32.93823,-117.147058,4434.1,65.2,2.56,156,80,243,,True,-1.8
1625,32.93823,-117.147089,4437.2,65.0,2.7,156,80,241,,True,-3.9
1626,32.938229,-117.14712,4439.9,65.0,2.78,156,80,241,,True,-3.6
1627,32.938226,-117.147141,4442.0,64.8,2.6,156,80,242,,True,-2.0
1628,32.938216,-117.147168,4445.1,64.8,2.68,157,80,242,,True,-1.7
1629,32.938202,-117.14719,4447.3,64.8,2.64,156,80,241,,True,0.0
1630,32.938192,-117.147208,4449.5,64.8,2.46,156,80,240,,True,1.9
1631,32.938183,-117.147227,4451.7,64.8,2.36,156,80,238,,True,3.9
1632,32.93818,-117.147253,4453.7,64.8,2.34,156,80,237,,True,3.8
1633,32.938179,-117.147272,4455.8,65.0,2.14,156,80,236,,True,3.9
1634,32.93818,-117.147292,4457.5,65.2,2.04,156,80,236,,True,3.9
1635,32.938179,-117.147322,4459.9,65.2,2.08,156,80,236,,True,1.8
1636,32.938179,-117.147342,4462.0,65.2,2.06,156,80,235,,True,-1.7
1637,32.938177,-117.147363,4464.0,65.2,2.06,156,80,234,,True,-1.6
1638,32.938172,-117.147397,4466.8,65.2,2.2,156,79,233,,True,-1.9
1639,32.938164,-117.147417,4469.0,65.0,2.3,156,79,233,,True,-1.8
1640,32.938157,-117.147449,4472.5,65.0,2.52,156,79,233,,True,-1.9
1641,32.938152,-117.147479,4475.4,65.0,2.68,155,79,233,,True,0.0
1642,32.938158,-117.147499,4477.1,65.0,2.62,155,79,234,,True,0.0
1643,32.938156,-117.147524,4479.4,65.0,2.52,155,79,234,,True,0.0
1644,32.938154,-117.147552,4481.9,65.0,2.58,155,79,234,,True,0.0
1645,32.938153,-117.147573,4483.5,65.0,2.2,154,79,234,,True,0.0
1646,32.938153,-117.147594,4485.5,65.0,2.02,154,79,233,,True,0.0
1647,32.938156,-117.147623,4488.0,65.0,2.18,154,79,231,,True,0.0
1648,32.938164,-117.147643,4490.1,65.0,2.14,154,79,230,,True,0.0
1649,32.938177,-117.147664,4492.8,65.0,2.18,154,79,230,,True,0.0
1650,32.938186,-117.147701,4496.0,65.0,2.5,154,79,230,,True,-1.9
1651,32.938185,-117.147721,4498.0,65.0,2.5,153,79,229,,True,-1.9
1652,32.938185,-117.147751,4500.7,64.8,2.54,154,79,230,,True,-1.9
1653,32.938183,-117.147783,4503.6,64.8,2.7,154,79,230,,True,-3.5
1654,32.938178,-117.147812,4506.5,64.8,2.74,154,79,230,,True,-1.9
1655,32.938178,-117.147836,4509.3,64.6,2.66,153,80,230,,True,-1.7
1656,32.938178,-117.147865,4511.4,64.6,2.68,153,80,231,,True,0.0
1657,32.93819,-117.14788,4513.1,64.6,2.48,153,79,231,,True,2.0
1658,32.938205,-117.147903,4515.4,64.6,2.36,153,79,231,,True,1.9
1659,32.938225,-117.147919,4518.0,64.8,2.3,153,79,229,,True,3.4
1660,32.938238,-117.147924,4519.5,64.8,2.04,153,79,228,,True,5.0
1661,32.938257,-117.147939,4521.9,64.8,2.1,153,79,226,,True,3.5
1662,32.938272,-117.147969,4524.9,65.0,2.36,153,81,224,,True,3.4
1663,32.938284,-117.147986,4527.3,65.2,2.38,153,81,224,,True,3.4
1664,32.938295,-117.148,4529.4,65.2,2.28,153,81,226,,True,1.8
1665,32.938308,-117.148018,4531.3,65.2,2.36,153,80,228,,True,-1.6
1666,32.93832,-117.148042,4533.6,65.2,2.34,153,79,228,,True,-1.9
1667,32.93833,-117.148068,4536.1,65.2,2.24,153,78,227,,True,-3.5
1668,32.938336,-117.148106,4539.9,65.0,2.52,153,78,229,,True,-5.2
1669,32.93834,-117.148134,4542.6,64.8,2.64,153,78,229,,True,-6.6
1670,32.938341,-117.148158,4545.2,64.6,2.78,153,78,229,,True,-5.6
1671,32.938348,-117.148194,4548.2,64.4,2.92,153,79,230,,True,-3.7
1672,32.938351,-117.148219,4550.7,64.4,2.92,153,79,229,,True,-3.5
1673,32.938347,-117.148245,4553.3,64.4,2.68,153,81,230,,True,-1.9
1674,32.938339,-117.14828,4556.5,64.2,2.78,153,81,229,,True,-1.9
1675,32.938335,-117.148301,4558.7,64.2,2.7,153,80,231,,True,-1.9
1676,32.938329,-117.148323,4561.4,64.2,2.64,153,80,234,,True,1.9
1677,32.938313,-117.148342,4563.6,64.2,2.58,152,80,233,,True,1.8
1678,32.9383,-117.148356,4565.3,64.2,2.4,152,80,232,,True,1.9
1679,32.93829,-117.148374,4567.3,64.4,2.16,152,80,230,,True,3.3
1680,32.938277,-117.148401,4569.8,64.4,2.22,152,80,226,,True,3.9
1681,32.938266,-117.148425,4572.1,64.4,2.14,152,80,225,,True,1.8
1682,32.938259,-117.148457,4575.6,64.6,2.4,152,80,226,,True,1.8
1683,32.938256,-117.148491,4578.2,64.6,2.58,151,80,227,,True,1.8
1684,32.938255,-117.148516,4580.8,64.6,2.7,151,80,231,,True,0.0
1685,32.938255,-117.148542,4583.4,64.6,2.72,151,80,234,,True,0.0
1686,32.93826,-117.148579,4586.4,64.6,2.86,151,80,234,,True,-1.7
1687,32.93827,-117.14861,4589.6,64.6,2.8,152,80,235,,True,-3.1
1688,32.938276,-117.14864,4592.9,64.4,2.94,151,80,234,,True,-4.8
1689,32.938286,-117.148677,4596.1,64.2,3.06,151,80,236,,True,-5.1
1690,32.938291,-117.1487,4598.9,64.0,3.1,151,80,239,,True,-3.6
1691,32.938286,-117.148725,4601.3,64.0,2.98,152,80,241,,True,-1.7
1692,32.938277,-117.148756,4603.9,64.0,2.86,151,80,244,,True,0.0
1693,32.938267,-117.148773,4605.7,64.0,2.56,152,81,243,,True,0.0
1694,32.938255,-117.148791,4608.0,64.0,2.38,152,81,240,,True,0.0
1695,32.938247,-117.148813,4609.7,64.0,2.16,152,80,229,,True,0.0
1696,32.938247,-117.148834,4611.9,64.0,2.12,152,80,229,,True,0.0
1697,32.938254,-117.14885,4613.7,64.0,1.96,152,80,218,,True,-1.8
1698,32.938271,-117.148877,4616.1,64.0,2.08,151,80,217,,True,-1.7
1699,32.93828,-117.148899,4618.6,64.0,2.12,152,80,217,,True,-1.6
1700,32.938285,-117.14892,4620.9,63.8,2.24,152,77,218,,True,-2.0
1701,32.938295,-117.148945,4623.4,63.8,2.3,152,77,225,,True,-2.0
1702,32.938308,-117.148972,4626.3,63.8,2.52,151,79,226,,True,0.0
1703,32.938321,-117.14899,4628.6,63.8,2.5,152,79,229,,True,1.9
1704,32.938339,-117.149009,4631.2,63.8,2.52,152,79,237,,True,1.6
1705,32.938358,-117.149031,4633.8,64.0,2.58,151,78,236,,True,1.9
1706,32.938371,-117.149047,4636.1,64.0,2.54,152,78,235,,True,1.7
1707,32.938382,-117.149073,4638.9,64.0,2.52,152,78,234,,True,0.0
1708,32.938393,-117.149093,4640.9,64.0,2.46,151,79,234,,True,0.0
1709,32.938408,-117.149113,4643.0,64.0,2.36,152,79,228,,True,1.7
1710,32.938422,-117.149129,4645.5,64.0,2.34,152,79,225,,True,1.6
1711,32.938436,-117.149159,4648.6,64.0,2.5,152,79,225,,True,1.9
1712,32.938446,-117.149176,4650.7,64.2,2.36,152,79,227,,True,3.7
1713,32.938452,-117.149205,4653.3,64.2,2.48,151,79,235,,True,4.6
1714,32.938458,-117.149237,4656.2,64.4,2.64,152,80,238,,True,3.7
1715,32.938461,-117.149261,4658.4,64.6,2.58,152,80,240,,True,3.6
1716,32.93846,-117.149295,4661.6,64.6,2.6,152,80,243,,True,3.7
1717,32.93846,-117.149327,4664.3,64.6,2.72,152,80,245,,True,1.9
1718,32.93846,-117.149354,4667.1,64.8,2.76,152,80,248,,True,0.0
1719,32.938456,-117.149368,4668.8,64.8,2.52,152,80,251,,True,-1.8
1720,32.938452,-117.149383,4670.3,64.6,2.38,152,79,253,,True,-3.8
1721,32.938451,-117.149395,4671.1,64.6,1.9,152,79,248,,False,-9.2
1722,32.938455,-117.14941,4672.5,64.4,1.64,152,79,243,,True,-7.4
1723,32.938459,-117.149422,4673.6,64.2,1.3,153,79,243,,True,-5.7
1724,32.938461,-117.149433,4674.8,64.2,1.2,152,70,232,,True,-1.8
1725,32.938465,-117.149443,4675.8,64.0,1.1,153,70,195,,True,-2.0
1726,32.938469,-117.149453,4676.9,64.0,1.16,153,62,161,,True,1.8
1727,32.938474,-117.149459,4677.9,64.0,1.08,152,62,143,,True,5.5
1728,32.938489,-117.14947,4679.4,64.2,1.16,152,60,121,,True,8.0
1729,32.938504,-117.149476,4681.3,64.4,1.3,152,60,123,,True,9.0
1730,32.938524,-117.149494,4683.8,64.6,1.6,152,60,125,,True,8.9
1731,32.938537,-117.149506,4685.8,64.8,1.78,152,60,142,,True,6.8
1732,32.938553,-117.14952,4688.0,65.0,2.02,152,60,159,,True,5.0
1733,32.93857,-117.14954,4690.6,65.2,2.24,152,79,163,,True,4.0
1734,32.938585,-117.149561,4693.1,65.2,2.36,152,79,221,,True,1.9
1735,32.9386,-117.149582,4695.9,65.2,2.42,152,79,242,,True,0.0
1736,32.938613,-117.149609,4698.8,65.2,2.6,153,79,246,,True,0.0
1737,32.938623,-117.149635,4701.3,65.2,2.66,153,79,256,,True,0.0
1738,32.938637,-117.149653,4703.8,65.2,2.64,153,79,261,,True,0.0
1739,32.938648,-117.149682,4706.7,65.2,2.72,153,79,255,,True,0.0
1740,32.938658,-117.149711,4709.3,65.2,2.68,154,79,256,,True,0.0
1741,32.93867,-117.14973,4711.9,65.2,2.62,154,78,260,,True,0.0
1742,32.93867,-117.149761,4714.8,65.2,2.7,154,78,261,,True,0.0
1743,32.938665,-117.149791,4717.2,65.2,2.68,155,78,262,,True,0.0
1744,32.938662,-117.149816,4719.8,65.2,2.62,155,78,266,,True,0.0
1745,32.938655,-117.149847,4723.1,65.2,2.76,155,80,264,,True,-1.8
1746,32.938644,-117.149877,4725.5,65.2,2.72,156,79,262,,True,0.0
1747,32.938641,-117.149902,4728.3,65.0,2.7,156,79,267,,True,0.0
1748,32.938634,-117.149931,4731.5,65.2,2.86,156,79,269,,True,0.0
1749,32.938624,-117.149955,4733.7,65.2,2.78,156,80,268,,True,1.9
1750,32.938618,-117.149977,4735.8,65.2,2.54,156,80,270,,True,0.0
1751,32.938606,-117.150006,4738.7,65.2,2.64,156,80,266,,True,0.0
1752,32.938588,-117.150032,4741.6,65.2,2.66,155,79,263,,True,0.0
1753,32.938577,-117.150053,4744.1,65.2,2.52,156,79,263,,True,0.0
1754,32.938557,-117.150079,4747.4,65.2,2.74,156,79,266,,True,1.8
1755,32.93854,-117.150102,4750.2,65.2,2.88,156,79,266,,True,0.0
1756,32.938524,-117.150121,4752.9,65.4,2.84,157,79,271,,True,0.0
1757,32.938497,-117.150142,4756.1,65.2,2.9,156,80,267,,True,0.0
1758,32.938481,-117.15016,4758.8,65.2,2.94,157,80,262,,True,-1.8
1759,32.938468,-117.150176,4761.0,65.2,2.72,157,80,264,,True,0.0
1760,32.938441,-117.150187,4763.9,65.2,2.74,157,80,261,,True,1.7
1761,32.938419,-117.150191,4766.4,65.2,2.7,157,80,258,,True,1.7
1762,32.938405,-117.150196,4768.4,65.2,2.46,157,80,254,,True,1.8
1763,32.938379,-117.150193,4770.9,65.4,2.42,157,80,252,,True,0.0
1764,32.938358,-117.150191,4773.0,65.4,2.4,157,80,248,,True,0.0
1765,32.938338,-117.150191,4775.3,65.4,2.28,157,80,246,,True,-1.9
1766,32.938306,-117.150194,4778.6,65.2,2.44,157,80,242,,True,-3.7
1767,32.938285,-117.15021,4781.3,65.2,2.58,158,80,240,,True,-5.3
1768,32.938267,-117.150225,4783.9,65.0,2.6,157,80,240,,True,-5.5
1769,32.938243,-117.150241,4786.6,64.8,2.72,157,80,241,,True,-6.9
1770,32.938226,-117.150265,4789.5,64.6,2.84,158,80,242,,True,-4.8
1771,32.938209,-117.15029,4792.9,64.4,2.86,157,80,242,,True,-4.8
1772,32.938182,-117.150317,4796.3,64.4,3.0,157,81,241,,True,-3.2
1773,32.938166,-117.150333,4799.0,64.2,3.02,157,81,245,,True,-1.7
1774,32.938141,-117.150348,4802.0,64.2,3.08,157,81,247,,True,0.0
1775,32.938115,-117.150359,4804.8,64.2,3.06,158,81,246,,True,1.8
1776,32.9381,-117.150366,4807.1,64.4,2.84,157,81,246,,True,1.9
1777,32.938073,-117.150376,4810.1,64.4,2.76,157,81,243,,True,2.0
1778,32.93805,-117.150378,4812.5,64.4,2.7,157,81,242,,True,0.0
1779,32.93803,-117.150383,4815.0,64.4,2.6,157,81,240,,True,-1.8
1780,32.937996,-117.150388,4818.3,64.4,2.7,158,81,239,,True,-3.5
1781,32.937973,-117.150396,4821.0,64.2,2.78,158,80,240,,True,-3.4
1782,32.937949,-117.150406,4823.9,64.0,2.76,159,80,239,,True,-5.3
1783,32.93792,-117.150424,4826.9,64.0,2.88,159,81,238,,True,-3.4
1784,32.9379,-117.150441,4829.7,63.8,2.94,159,81,238,,True,-1.7
1785,32.93788,-117.150464,4832.9,63.8,2.92,159,81,238,,True,-1.7
1786,32.937857,-117.150485,4835.8,63.8,2.96,158,81,237,,True,0.0
1787,32.937843,-117.150505,4838.5,63.8,2.92,158,81,239,,True,1.7
1788,32.937832,-117.150538,4842.2,63.8,3.06,158,81,242,,True,3.4
1789,32.937825,-117.150564,4844.6,64.0,2.98,158,81,244,,True,3.5
1790,32.937819,-117.150591,4847.6,64.2,2.94,158,81,252,,True,4.6
1791,32.937806,-117.150613,4849.9,64.2,2.82,159,81,256,,True,3.7
1792,32.937791,-117.150632,4852.0,64.4,2.7,158,81,257,,True,1.9
1793,32.937779,-117.150657,4855.3,64.4,2.62,158,81,258,,True,1.9
1794,32.93776,-117.150685,4857.9,64.4,2.66,159,81,257,,True,0.0
1795,32.937751,-117.15071,4860.7,64.4,2.62,159,81,259,,True,0.0
1796,32.937739,-117.150729,4863.4,64.4,2.7,159,82,258,,True,-1.6
1797,32.937723,-117.150754,4865.8,64.4,2.76,158,82,259,,True,-1.6
1798,32.937712,-117.150773,4867.8,64.2,2.5,159,82,260,,True,-2.0
1799,32.937701,-117.150794,4870.6,64.2,2.54,159,81,261,,True,-1.7
1800,32.937689,-117.150821,4873.4,64.2,2.54,159,81,261,,True,-1.7
1801,32.937682,-117.150838,4875.2,64.2,2.36,159,79,263,,True,-1.7
1802,32.937673,-117.150859,4877.5,64.2,2.34,158,79,264,,True,-3.3
1803,32.937658,-117.150885,4879.9,64.0,2.42,159,79,262,,True,-3.9
1804,32.937648,-117.150906,4882.1,64.0,2.3,158,80,261,,True,-5.7
1805,32.937638,-117.150935,4885.4,63.8,2.4,158,80,257,,True,-3.9
1806,32.937626,-117.150965,4888.0,63.6,2.56,158,80,257,,True,-3.5
1807,32.937619,-117.150986,4890.2,63.6,2.54,158,79,258,,True,-1.9
1808,32.937611,-117.151014,4893.6,63.6,2.74,158,80,258,,True,0.0
1809,32.937595,-117.151044,4896.1,63.6,2.8,159,80,257,,True,0.0
1810,32.937587,-117.151066,4898.5,63.6,2.62,159,80,257,,True,0.0
1811,32.937576,-117.151097,4902.2,63.6,2.84,159,80,257,,True,0.0
1812,32.937563,-117.151127,4904.7,63.6,2.9,159,80,257,,True,0.0
1813,32.937565,-117.151153,4907.1,63.6,2.7,159,80,259,,True,0.0
1814,32.937558,-117.151186,4910.6,63.6,2.9,159,80,259,,True,0.0
1815,32.937556,-117.151218,4913.4,63.6,2.98,158,80,260,,True,0.0
1816,32.937554,-117.151237,4915.5,63.6,2.66,159,80,262,,True,0.0
1817,32.937548,-117.151267,4918.5,63.6,2.76,159,81,261,,True,0.0
1818,32.937545,-117.151293,4920.6,63.6,2.7,159,81,260,,True,0.0
1819,32.937545,-117.151311,4922.7,63.6,2.42,159,81,257,,True,0.0
1820,32.937535,-117.151335,4924.9,63.6,2.3,159,81,258,,True,-1.7
1821,32.937532,-117.151361,4926.9,63.6,2.28,159,81,259,,True,-1.6
1822,32.937535,-117.151384,4929.3,63.6,2.16,159,81,257,,True,-2.0
1823,32.937527,-117.151413,4932.3,63.4,2.34,159,80,257,,True,-1.9
1824,32.937523,-117.151445,4934.9,63.4,2.44,159,79,256,,True,-3.6
1825,32.937518,-117.151467,4937.4,63.4,2.5,159,79,256,,True,-1.9
1826,32.937508,-117.151492,4940.4,63.2,2.7,159,79,255,,True,-2.0
1827,32.937502,-117.151526,4943.0,63.2,2.74,159,79,255,,True,0.0
1828,32.937495,-117.151544,4945.1,63.2,2.56,159,78,255,,True,2.0
1829,32.937492,-117.151576,4947.9,63.4,2.6,159,78,255,,True,3.2
1830,32.937489,-117.151606,4950.5,63.4,2.62,160,78,255,,True,3.8
1831,32.937486,-117.151627,4952.6,63.4,2.44,159,78,256,,True,1.8
1832,32.937491,-117.151659,4955.6,63.6,2.52,159,78,256,,True,0.0
1833,32.937507,-117.151697,4959.0,63.6,2.78,159,78,255,,True,0.0
1834,32.937514,-117.151716,4961.5,63.4,2.72,159,78,255,,True,-1.8
1835,32.937519,-117.151744,4964.0,63.4,2.7,159,78,256,,True,-1.9
1836,32.93752,-117.151775,4966.8,63.4,2.84,159,78,256,,True,0.0
1837,32.937531,-117.151798,4969.5,63.4,2.78,159,78,256,,True,0.0
1838,32.937536,-117.151826,4972.0,63.4,2.6,159,81,254,,True,0.0
1839,32.93755,-117.151851,4974.6,63.4,2.62,159,82,253,,True,0.0
1840,32.937565,-117.151858,4976.5,63.4,2.5,159,82,251,,True,0.0
1841,32.93758,-117.15187,4978.5,63.4,2.34,159,82,250,,True,0.0
1842,32.937601,-117.151885,4980.8,63.4,2.26,159,82,245,,True,1.7
1843,32.937617,-117.151896,4983.0,63.4,2.2,159,81,240,,True,2.0
1844,32.937636,-117.151919,4985.7,63.4,2.22,159,80,239,,True,2.0
1845,32.937651,-117.151944,4988.6,63.6,2.42,159,80,241,,True,0.0
1846,32.937666,-117.15196,4991.0,63.6,2.5,159,80,241,,True,0.0
1847,32.937686,-117.151987,4994.1,63.4,2.66,158,80,243,,True,0.0
1848,32.937702,-117.152007,4996.7,63.4,2.74,159,80,244,,True,0.0
1849,32.937719,-117.152018,4999.0,63.6,2.66,159,80,247,,True,1.9
1850,32.937742,-117.152041,5002.0,63.6,2.68,159,80,247,,True,1.9
1851,32.937754,-117.152063,5004.6,63.6,2.72,158,80,247,,True,0.0
1852,32.937767,-117.152082,5007.1,63.6,2.6,160,80,249,,True,0.0
1853,32.937771,-117.15211,5009.6,63.6,2.58,160,80,250,,True,0.0
1854,32.937766,-117.152135,5011.7,63.6,2.54,160,80,252,,True,0.0
1855,32.937766,-117.15216,5014.1,63.6,2.42,160,79,253,,True,0.0
1856,32.937764,-117.152193,5017.2,63.6,2.52,159,79,252,,True,0.0
1857,32.937762,-117.15222,5019.5,63.6,2.48,159,79,254,,True,0.0
1858,32.937772,-117.152242,5021.9,63.6,2.46,159,79,254,,True,0.0
1859,32.937783,-117.152267,5024.3,63.6,2.52,159,80,253,,True,0.0
1860,32.937797,-117.15228,5026.2,63.6,2.42,159,80,252,,True,0.0
1861,32.937813,-117.152283,5028.0,63.6,2.16,159,80,249,,True,0.0
1862,32.937838,-117.152291,5030.4,63.6,2.18,158,80,246,,True,0.0
1863,32.937853,-117.152303,5032.6,63.6,2.14,159,81,242,,True,0.0
1864,32.937869,-117.152314,5034.9,63.6,2.12,159,81,239,,True,0.0
1865,32.937885,-117.152343,5037.3,63.6,2.22,158,81,239,,True,0.0
1866,32.937898,-117.152366,5040.0,63.6,2.4,159,80,239,,True,0.0
1867,32.937909,-117.152388,5042.8,63.6,2.48,159,80,239,,True,-1.8
1868,32.937924,-117.152421,5045.9,63.6,2.66,158,80,240,,True,-1.8
1869,32.937935,-117.152444,5048.5,63.4,2.72,159,80,243,,True,-3.6
1870,32.937946,-117.152463,5051.0,63.4,2.74,158,81,244,,True,-3.9
1871,32.937964,-117.152492,5053.9,63.2,2.78,158,80,244,,True,-1.6
1872,32.937973,-117.152509,5056.1,63.2,2.66,158,80,245,,True,-2.0
1873,32.93798,-117.15253,5058.4,63.0,2.5,159,80,243,,True,0.0
1874,32.937998,-117.152556,5061.0,63.2,2.5,158,80,242,,True,0.0
1875,32.93801,-117.152569,5063.1,63.2,2.42,158,80,241,,True,2.0
1876,32.938018,-117.152589,5065.5,63.2,2.32,159,80,239,,True,-1.6
1877,32.938034,-117.152618,5068.4,63.2,2.46,158,80,238,,True,-2.0
1878,32.938043,-117.152633,5070.2,63.2,2.36,159,80,238,,True,-1.9
1879,32.938052,-117.152661,5073.2,63.0,2.44,159,80,237,,True,0.0
1880,32.938068,-117.152693,5076.0,63.0,2.58,159,80,238,,True,-1.9
1881,32.938083,-117.152711,5078.4,63.2,2.58,159,80,237,,True,0.0
1882,32.938098,-117.152734,5081.0,63.0,2.52,159,81,236,,True,1.9
1883,32.938116,-117.152754,5083.9,63.0,2.74,160,81,237,,True,0.0
1884,32.938134,-117.152764,5086.3,63.2,2.62,159,81,235,,True,2.0
1885,32.938159,-117.152779,5089.1,63.2,2.62,159,81,234,,True,1.6
1886,32.938176,-117.152796,5091.2,63.2,2.56,159,81,235,,True,0.0
1887,32.938195,-117.152802,5093.6,63.2,2.52,160,81,234,,True,1.7
1888,32.938219,-117.152818,5096.4,63.2,2.5,159,81,231,,True,1.6
1889,32.938234,-117.152834,5098.7,63.4,2.48,159,81,233,,True,1.9
1890,32.938252,-117.152846,5101.1,63.4,2.4,159,81,232,,True,1.7
1891,32.938279,-117.152864,5103.9,63.4,2.54,159,80,233,,True,0.0
1892,32.938293,-117.152872,5105.9,63.4,2.46,159,80,233,,True,0.0
1893,32.938311,-117.152875,5108.0,63.4,2.32,158,80,233,,True,0.0
1894,32.938339,-117.152872,5110.6,63.4,2.38,158,81,231,,True,0.0
1895,32.938352,-117.152866,5112.4,63.4,2.26,158,80,229,,True,0.0
1896,32.938374,-117.152857,5115.4,63.4,2.3,159,80,227,,True,1.6
1897,32.938403,-117.15285,5118.2,63.4,2.46,158,80,227,,True,1.9
1898,32.938419,-117.152844,5120.2,63.4,2.44,158,80,226,,True,2.0
1899,32.938442,-117.152847,5123.1,63.6,2.5,158,80,226,,True,1.7
1900,32.938472,-117.152852,5125.6,63.6,2.64,159,80,227,,True,2.0
1901,32.938488,-117.152855,5127.7,63.6,2.46,158,81,229,,True,0.0
1902,32.938508,-117.152866,5130.3,63.6,2.42,158,80,230,,True,1.6
1903,32.938534,-117.152885,5133.1,63.6,2.58,159,80,233,,True,1.9
1904,32.938548,-117.152893,5135.2,63.6,2.42,159,80,236,,True,1.8
1905,32.938572,-117.152908,5138.4,63.8,2.56,159,79,238,,True,1.9
1906,32.938598,-117.152925,5141.3,63.8,2.72,159,80,240,,True,1.8
1907,32.938614,-117.152928,5143.5,63.8,2.64,159,80,241,,True,0.0
1908,32.938632,-117.15294,5146.2,63.8,2.62,159,80,242,,True,1.7
1909,32.938659,-117.152955,5149.0,63.8,2.76,159,80,243,,True,3.3
1910,32.938673,-117.15296,5150.6,63.8,2.44,159,80,244,,True,3.4
1911,32.93869,-117.152967,5153.0,64.0,2.34,159,80,244,,True,5.3
1912,32.938717,-117.152979,5155.6,64.2,2.42,159,80,246,,True,4.9
1913,32.938735,-117.152988,5157.9,64.2,2.34,160,79,248,,True,3.4
1914,32.938753,-117.152993,5160.4,64.4,2.28,160,79,248,,True,1.9
1915,32.938779,-117.152996,5162.8,64.4,2.44,160,79,249,,True,1.9
1916,32.938793,-117.152999,5164.6,64.4,2.32,160,79,249,,True,2.0
1917,32.938806,-117.152996,5166.2,64.4,2.12,160,79,249,,True,0.0
1918,32.938823,-117.152994,5168.2,64.4,2.06,160,79,248,,True,1.8
1919,32.938842,-117.152993,5170.2,64.6,1.96,160,79,246,,True,1.8
1920,32.938859,-117.153001,5171.8,64.4,1.8,160,79,245,,True,3.5
1921,32.938875,-117.153027,5174.0,64.6,1.88,160,79,247,,True,5.3
1922,32.938883,-117.153034,5175.6,64.6,1.88,161,78,247,,True,7.0
1923,32.93889,-117.153055,5177.5,64.8,1.86,161,78,240,,True,10.1
1924,32.938889,-117.153078,5179.6,65.0,1.88,161,78,234,,True,9.7
1925,32.938874,-117.153097,5181.6,65.4,1.96,161,78,243,,True,8.1
1926,32.938867,-117.153117,5183.7,65.6,1.94,161,77,252,,True,7.8
1927,32.938851,-117.153141,5186.4,65.8,2.16,162,77,255,,True,3.7
1928,32.938831,-117.153169,5189.8,65.8,2.46,162,75,262,,True,0.0
1929,32.938818,-117.15319,5192.4,65.8,2.56,163,75,285,,True,-1.7
1930,32.938798,-117.15321,5195.6,65.6,2.8,163,78,304,,True,-1.9
1931,32.938777,-117.153231,5198.4,65.6,2.94,163,78,309,,True,0.0
1932,32.93877,-117.153243,5200.1,65.6,2.74,164,78,315,,True,1.9
1933,32.938759,-117.153257,5202.0,65.6,2.44,164,78,305,,True,4.2
1934,32.938743,-117.15328,5204.4,65.8,2.4,165,78,281,,True,3.4
1935,32.938735,-117.153293,5206.1,65.8,2.1,165,78,276,,True,5.0
1936,32.938726,-117.15331,5208.0,66.0,1.92,165,78,274,,True,4.3
1937,32.938713,-117.153329,5210.0,66.0,1.98,165,78,268,,True,5.2
1938,32.9387,-117.153344,5212.0,66.2,2.0,165,79,266,,True,4.9
1939,32.938695,-117.153358,5213.7,66.2,1.86,166,79,263,,True,3.9
1940,32.938679,-117.153375,5216.0,66.4,1.98,166,80,261,,True,3.8
1941,32.93866,-117.153392,5218.3,66.4,2.06,166,79,258,,True,3.6
1942,32.93865,-117.153407,5220.2,66.4,2.04,166,77,258,,True,1.9
1943,32.938639,-117.153424,5222.4,66.6,2.08,166,77,257,,True,2.0
1944,32.938624,-117.153439,5224.8,66.6,2.22,166,77,255,,True,1.7
1945,32.93861,-117.153448,5226.3,66.6,2.06,166,78,253,,True,1.7
1946,32.938596,-117.153457,5228.2,66.6,1.98,166,77,246,,True,0.0
1947,32.938583,-117.153468,5229.8,66.6,1.92,166,77,229,,True,0.0
1948,32.938571,-117.15348,5231.7,66.6,1.86,166,77,225,,True,0.0
1949,32.938567,-117.153488,5233.0,66.6,1.64,165,52,145,,True,1.8
1950,32.938557,-117.153499,5233.7,66.6,1.48,165,52,141,,False,3.4
1951,32.93856,-117.153504,5234.2,66.6,1.2,165,52,126,,False,5.5
1952,32.938562,-117.153517,5235.1,66.6,1.06,165,52,115,,True,6.1
1953,32.938552,-117.153543,5237.2,66.8,1.1,164,114,120,,True,6.5
1954,32.938545,-117.153572,5239.9,67.0,1.38,164,114,159,,True,7.3
1955,32.93854,-117.153596,5242.6,67.2,1.78,163,114,215,,True,7.0
1956,32.93853,-117.153629,5246.1,67.4,2.38,163,79,296,,True,8.8
1957,32.938517,-117.153656,5248.6,67.6,2.7,162,80,307,,True,5.2
1958,32.938515,-117.15368,5251.2,68.0,2.8,162,80,304,,True,1.8
1959,32.938503,-117.153715,5254.2,67.8,2.86,163,80,307,,True,-3.4
1960,32.938493,-117.153745,5257.2,67.6,2.92,164,80,292,,True,-9.4
1961,32.938487,-117.153776,5260.5,67.2,2.88,164,81,312,,True,-9.3
1962,32.938486,-117.153817,5264.0,66.8,3.08,164,81,319,,True,-10.7
1963,32.938482,-117.153847,5267.1,66.6,3.18,165,81,332,,True,-9.4
1964,32.938478,-117.153879,5270.3,66.2,3.22,165,80,338,,True,-8.3
1965,32.938471,-117.153911,5273.2,66.0,3.2,166,81,328,,True,-6.6
1966,32.938471,-117.153938,5276.0,65.8,3.1,166,82,311,,True,-1.8
1967,32.938468,-117.153979,5279.3,65.8,3.06,167,82,291,,True,1.8
1968,32.938468,-117.153998,5281.5,66.0,2.88,167,82,287,,True,3.5
1969,32.938465,-117.154029,5284.5,66.2,2.84,167,82,282,,True,3.8
1970,32.938464,-117.154064,5287.4,66.2,2.84,167,82,270,,True,1.9
1971,32.938468,-117.154083,5289.8,66.2,2.76,168,82,270,,True,0.0
1972,32.93847,-117.154107,5292.0,66.2,2.54,167,82,267,,True,-1.5
1973,32.938469,-117.154142,5294.7,66.2,2.64,168,83,257,,True,-1.9
1974,32.938471,-117.154167,5297.2,66.0,2.54,168,82,252,,True,-1.8
1975,32.938467,-117.154201,5300.5,66.0,2.62,168,82,250,,True,-3.6
1976,32.938466,-117.154233,5303.4,66.0,2.72,167,81,249,,True,-3.4
1977,32.93847,-117.154257,5305.8,65.8,2.76,167,80,251,,True,-3.6
1978,32.938463,-117.154291,5309.0,65.6,2.86,167,80,250,,True,-3.7
1979,32.938458,-117.154322,5311.7,65.6,2.9,167,81,248,,True,-1.8
1980,32.938462,-117.154346,5314.2,65.6,2.74,167,81,248,,True,0.0
1981,32.938463,-117.154382,5317.2,65.6,2.76,167,81,245,,True,0.0
1982,32.938461,-117.154412,5320.2,65.6,2.88,167,81,245,,True,0.0
1983,32.938465,-117.154437,5322.9,65.6,2.78,166,80,247,,True,1.8
1984,32.938468,-117.15447,5325.6,65.6,2.78,166,80,248,,True,1.9
1985,32.938467,-117.154496,5328.3,65.8,2.82,166,80,248,,True,3.7
1986,32.938471,-117.154521,5330.8,65.8,2.72,166,80,247,,True,3.7
1987,32.938478,-117.154555,5333.7,66.0,2.7,166,80,248,,True,1.9
1988,32.938482,-117.154583,5336.4,66.0,2.7,165,80,249,,True,1.9
1989,32.938487,-117.154606,5338.8,66.0,2.64,165,80,248,,True,0.0
1990,32.938489,-117.154642,5341.5,66.0,2.64,165,80,248,,True,0.0
1991,32.9385,-117.154664,5344.0,66.0,2.64,165,81,247,,True,0.0
1992,32.938515,-117.154683,5346.0,66.0,2.46,165,81,247,,True,1.7
1993,32.938535,-117.154682,5347.8,66.0,2.28,165,81,247,,True,5.5
1994,32.938543,-117.154682,5348.7,66.0,1.98,165,81,246,,True,10.0
1995,32.93856,-117.154688,5350.4,66.2,1.78,165,81,242,,True,11.8
1996,32.938583,-117.154687,5352.4,66.6,1.68,164,80,240,,True,13.9
1997,32.938598,-117.154692,5354.0,67.0,1.6,164,80,234,,True,12.6
1998,32.938614,-117.154693,5355.8,67.2,1.6,164,80,229,,True,12.7
1999,32.938633,-117.154697,5357.9,67.4,1.84,164,80,222,,True,10.7
2000,32.938648,-117.154689,5359.8,67.4,1.88,163,79,220,,True,11.0
2001,32.938657,-117.154685,5361.4,67.6,1.8,163,79,224,,True,13.7
2002,32.938665,-117.154686,5362.2,67.6,1.64,163,79,224,,True,16.0
2003,32.938683,-117.154684,5363.6,67.8,1.56,163,79,235,,True,18.3
2004,32.938695,-117.154675,5364.9,68.2,1.4,163,73,249,,True,17.9
2005,32.9387,-117.154666,5366.0,68.6,1.24,163,72,249,,True,19.2
2006,32.938712,-117.154652,5367.9,69.0,1.3,164,72,249,,True,16.5
2007,32.938733,-117.154627,5370.7,69.4,1.7,163,72,261,,True,11.9
2008,32.938739,-117.154613,5372.6,69.6,1.8,163,75,268,,True,7.3
2009,32.938746,-117.154594,5374.5,69.6,1.92,163,75,289,,True,3.9
2010,32.93876,-117.154574,5376.7,69.6,2.14,163,75,296,,True,1.9
2011,32.938773,-117.154557,5378.9,69.8,2.2,164,75,299,,True,3.6
2012,32.938783,-117.154541,5380.9,69.8,2.04,164,78,305,,True,3.8
2013,32.938797,-117.154525,5383.2,69.8,2.12,165,78,297,,True,1.9
2014,32.938812,-117.154501,5385.6,70.0,2.22,166,78,298,,True,3.7
2015,32.938815,-117.154486,5387.3,70.0,2.12,166,78,302,,True,4.0
2016,32.938826,-117.154469,5389.7,70.0,2.16,167,78,296,,True,2.2
2017,32.938841,-117.154447,5391.7,70.2,2.16,167,78,292,,True,0.0
2018,32.938847,-117.154432,5393.2,70.2,2.0,167,78,285,,True,-1.8
2019,32.938855,-117.154424,5394.7,70.2,1.82,168,78,276,,True,-4.0
2020,32.938862,-117.154416,5395.5,70.0,1.64,168,79,256,,False,-3.3
2021,32.938877,-117.154415,5396.6,70.0,1.38,168,79,234,,True,-7.8
2022,32.938892,-117.154417,5398.3,69.8,1.32,168,79,209,,True,-5.7
2023,32.938904,-117.154423,5399.6,69.6,1.28,169,79,196,,True,-3.1
2024,32.938923,-117.154417,5401.7,69.6,1.4,168,60,192,,True,-3.4
2025,32.93894,-117.154411,5403.5,69.4,1.6,166,58,140,,True,0.0
2026,32.93895,-117.154393,5405.3,69.6,1.74,166,58,132,,True,3.4
2027,32.938964,-117.154361,5408.2,69.6,1.98,165,58,132,,True,6.0
2028,32.93897,-117.154337,5410.7,69.8,2.22,165,79,133,,True,3.6
2029,32.938976,-117.154312,5413.5,70.0,2.36,165,79,190,,True,5.8
2030,32.938983,-117.154278,5416.4,70.0,2.58,165,79,194,,True,3.8
2031,32.938987,-117.154258,5418.5,70.2,2.64,164,79,199,,True,1.9
2032,32.938988,-117.15423,5421.2,70.2,2.6,164,80,216,,True,1.6
2033,32.938995,-117.154198,5423.9,70.2,2.64,164,80,229,,True,0.0
2034,32.939,-117.154178,5426.3,70.2,2.56,164,80,246,,True,0.0
2035,32.939004,-117.154155,5428.8,70.2,2.48,164,80,243,,True,0.0
2036,32.939007,-117.154123,5431.4,70.2,2.58,164,80,233,,True,1.8
2037,32.939004,-117.154104,5433.4,70.2,2.44,164,80,229,,True,1.8
2038,32.939006,-117.154086,5435.3,70.2,2.28,164,80,225,,True,1.9
2039,32.939016,-117.154057,5437.6,70.4,2.26,164,81,210,,True,1.8
2040,32.939019,-117.154038,5439.7,70.4,2.18,164,81,209,,True,3.5
2041,32.939026,-117.154018,5442.0,70.4,2.12,165,81,207,,True,1.8
2042,32.939038,-117.153989,5444.6,70.4,2.24,164,80,209,,True,1.7
2043,32.939044,-117.153969,5446.7,70.6,2.28,164,80,211,,True,1.7
2044,32.939051,-117.153949,5449.0,70.6,2.28,165,80,216,,True,1.7
2045,32.939072,-117.153925,5451.6,70.6,2.38,164,80,218,,True,0.0
2046,32.939083,-117.153905,5454.1,70.6,2.42,164,79,219,,True,0.0
2047,32.93909,-117.153886,5456.3,70.6,2.34,164,79,221,,True,0.0
2048,32.939106,-117.15386,5458.9,70.6,2.44,164,79,220,,True,0.0
2049,32.939118,-117.153842,5461.4,70.6,2.48,164,79,221,,True,0.0
2050,32.939123,-117.153823,5463.5,70.6,2.38,164,79,221,,True,0.0
2051,32.939137,-117.153805,5465.5,70.6,2.28,163,79,220,,True,0.0
2052,32.93915,-117.15379,5467.3,70.6,2.2,164,79,220,,True,0.0
2053,32.939157,-117.153775,5468.9,70.6,2.0,163,79,214,,True,0.0
2054,32.939172,-117.153761,5471.1,70.6,1.94,163,78,210,,True,1.7
2055,32.939191,-117.153744,5473.3,70.6,1.96,163,78,207,,True,1.7
2056,32.939195,-117.153725,5475.3,70.6,1.96,163,78,208,,True,3.6
2057,32.939208,-117.153711,5477.6,70.8,2.06,163,78,208,,True,3.6
2058,32.939231,-117.153687,5480.4,70.8,2.3,163,78,207,,True,5.2
2059,32.939237,-117.153673,5482.2,71.0,2.22,163,78,208,,True,3.5
2060,32.939248,-117.153656,5484.4,71.0,2.22,162,78,211,,True,3.6
2061,32.93927,-117.153633,5486.9,71.2,2.32,162,78,213,,True,1.7
2062,32.939278,-117.153621,5489.0,71.2,2.28,162,78,215,,True,3.3
2063,32.939293,-117.153604,5491.4,71.2,2.2,162,79,216,,True,1.7
2064,32.939317,-117.153583,5494.3,71.2,2.42,162,79,217,,True,2.0
2065,32.939333,-117.153571,5496.6,71.4,2.44,162,79,219,,True,1.9
2066,32.939348,-117.153556,5499.0,71.4,2.42,162,79,223,,True,1.8
2067,32.939381,-117.153556,5501.9,71.4,2.58,161,80,223,,True,0.0
2068,32.939392,-117.153556,5503.4,71.4,2.4,161,80,222,,True,1.8
2069,32.939408,-117.153552,5505.2,71.4,2.18,161,80,222,,True,3.8
2070,32.939434,-117.153562,5507.7,71.4,2.22,161,80,225,,True,5.0
2071,32.93945,-117.153575,5509.9,71.6,2.18,160,79,230,,True,5.9
2072,32.939469,-117.153582,5512.4,71.8,2.1,160,79,232,,True,8.0
2073,32.939491,-117.153596,5515.3,72.0,2.38,160,79,238,,True,5.8
2074,32.939509,-117.153617,5517.7,72.2,2.5,160,79,248,,True,5.9
2075,32.939525,-117.153629,5520.2,72.2,2.5,160,79,254,,True,5.9
2076,32.939543,-117.153639,5522.6,72.4,2.54,161,79,254,,True,5.2
2077,32.939567,-117.153658,5525.4,72.6,2.6,160,79,258,,True,7.0
2078,32.939578,-117.153669,5527.1,72.8,2.36,160,78,262,,True,6.8
2079,32.939591,-117.153682,5529.3,72.8,2.32,160,77,263,,True,5.6
2080,32.939612,-117.153702,5531.7,73.0,2.3,160,77,263,,True,3.6
2081,32.939625,-117.153714,5534.3,73.2,2.34,160,77,264,,True,3.7
2082,32.939638,-117.153728,5536.1,73.2,2.14,161,77,262,,True,2.0
2083,32.939645,-117.153745,5538.1,73.2,2.2,161,78,267,,True,1.7
2084,32.939652,-117.153768,5540.1,73.2,2.16,161,78,273,,True,0.0
2085,32.939658,-117.153783,5541.5,73.2,1.96,161,78,275,,True,0.0
2086,32.939665,-117.1538,5543.5,73.2,1.84,161,77,271,,True,0.0
2087,32.939681,-117.153825,5545.8,73.2,1.94,161,77,267,,True,1.7
2088,32.939691,-117.15384,5547.9,73.2,1.96,162,77,266,,True,3.4
2089,32.939697,-117.153867,5550.7,73.2,2.12,161,77,264,,True,5.2
2090,32.939704,-117.153897,5553.3,73.4,2.36,161,78,263,,True,5.1
2091,32.939712,-117.15391,5555.1,73.6,2.32,161,78,263,,True,5.3
2092,32.939721,-117.15393,5557.3,73.8,2.3,161,78,260,,True,5.5
2093,32.939737,-117.153957,5559.7,73.8,2.36,161,78,259,,True,3.3
2094,32.939742,-117.15398,5562.1,73.8,2.28,161,78,258,,True,2.0
2095,32.939753,-117.154,5564.3,74.0,2.2,160,78,255,,True,2.0
2096,32.939772,-117.154028,5567.3,74.0,2.44,159,78,254,,True,3.3
2097,32.939785,-117.154048,5569.8,74.0,2.5,158,78,254,,True,2.0
2098,32.939802,-117.154054,5571.9,74.0,2.44,157,79,252,,True,1.9
2099,32.939832,-117.154054,5574.4,74.2,2.46,157,79,250,,True,0.0
2100,32.939844,-117.154055,5576.3,74.2,2.4,156,79,247,,True,1.9
2101,32.939859,-117.154052,5578.0,74.2,2.14,156,79,240,,True,0.0
2102,32.93988,-117.154051,5580.0,74.0,2.04,156,79,236,,True,0.0
2103,32.939901,-117.154056,5582.3,74.2,2.08,156,80,235,,True,2.1
2104,32.939912,-117.154052,5584.1,74.2,1.94,156,80,234,,True,3.6
2105,32.939931,-117.154054,5586.4,74.2,2.02,156,80,235,,True,9.1
2106,32.939948,-117.154056,5587.6,74.4,1.92,156,79,236,,True,9.6
2107,32.939958,-117.154053,5589.1,74.6,1.82,156,79,240,,True,12.6
2108,32.939973,-117.154055,5591.0,75.0,1.74,155,79,242,,True,15.2
2109,32.939992,-117.154051,5592.7,75.2,1.72,156,78,245,,True,14.5
2110,32.939999,-117.154048,5593.9,75.4,1.5,156,79,248,,True,12.8
2111,32.940012,-117.154042,5595.2,75.6,1.52,156,79,249,,True,11.2
2112,32.940027,-117.154043,5596.9,75.8,1.56,155,79,248,,True,10.9
2113,32.940048,-117.154051,5598.6,76.0,1.52,156,78,225,,True,10.3
2114,32.940058,-117.154053,5600.0,76.0,1.46,156,77,230,,True,9.6
2115,32.940072,-117.154048,5601.7,76.2,1.56,156,76,233,,True,12.2
2116,32.94009,-117.154047,5603.7,76.4,1.7,156,76,235,,True,12.0
2117,32.94011,-117.154052,5605.6,76.6,1.74,156,76,240,,True,13.6
2118,32.940118,-117.154049,5606.8,77.0,1.64,156,75,254,,True,13.3
2119,32.940131,-117.154047,5608.4,77.2,1.68,156,75,258,,True,13.6
2120,32.940151,-117.154045,5610.3,77.4,1.72,156,75,247,,True,13.8
2121,32.940168,-117.154053,5612.2,77.6,1.7,156,75,253,,True,11.5
2122,32.940182,-117.154055,5614.0,77.8,1.68,157,76,261,,True,9.9
2123,32.940194,-117.154055,5615.5,78.0,1.74,157,76,264,,True,10.2
2124,32.940214,-117.154053,5617.2,78.2,1.76,157,76,267,,True,8.5
2125,32.940224,-117.154051,5618.5,78.2,1.64,157,76,262,,True,8.9
2126,32.940235,-117.154049,5620.1,78.4,1.58,157,78,259,,True,8.8
2127,32.940255,-117.154052,5622.1,78.6,1.62,158,78,253,,True,8.5
2128,32.940271,-117.154057,5623.9,78.6,1.68,158,78,256,,True,9.6
2129,32.940282,-117.154055,5625.2,78.8,1.6,158,78,258,,True,9.9
2130,32.940297,-117.154053,5626.8,79.0,1.66,158,78,254,,True,8.3
2131,32.940322,-117.154058,5628.9,79.2,1.76,158,78,253,,True,9.8
2132,32.94033,-117.154054,5630.2,79.4,1.62,159,78,253,,True,7.1
2133,32.94034,-117.154046,5631.6,79.4,1.54,159,78,251,,True,7.3
2134,32.940364,-117.154038,5634.1,79.6,1.78,159,76,250,,True,5.8
2135,32.940386,-117.154034,5636.4,79.6,1.92,159,76,250,,True,6.0
2136,32.940395,-117.154028,5637.7,79.8,1.76,160,76,259,,True,4.3
2137,32.940406,-117.154021,5639.2,79.8,1.8,160,78,255,,True,5.9
2138,32.940415,-117.154014,5640.2,80.0,1.72,160,77,244,,True,3.1
2139,32.940418,-117.154007,5641.0,80.0,1.38,161,73,237,,True,3.8
2152,32.940417,-117.154002,5641.0,79.8,0.057,161,0,0,,False,3.3
2153,32.940427,-117.154005,5641.7,80.0,0.05,160,0,0,,False,1.5
2154,32.940445,-117.154001,5643.6,80.0,0.173,160,0,0,,True,1.6
2155,32.940478,-117.154002,5646.8,80.0,0.363,160,0,0,,True,1.7
2156,32.940505,-117.154008,5649.9,80.2,0.524,160,0,0,,True,3.0
2157,32.940532,-117.154011,5653.5,80.2,2.5,159,0,0,,True,4.7
2158,32.940564,-117.15402,5656.8,80.4,3.02,159,79,0,,True,3.1
2159,32.940588,-117.154023,5659.5,80.6,3.18,159,83,334,,True,3.2
2160,32.940616,-117.154027,5662.8,80.6,3.2,159,83,339,,True,0.0
2161,32.940647,-117.154035,5666.0,80.6,3.22,160,83,304,,True,-1.6
2162,32.940667,-117.154031,5668.6,80.4,3.02,161,81,302,,True,-1.7
2163,32.940696,-117.154036,5672.0,80.4,3.04,161,81,306,,True,-1.8
2164,32.940718,-117.154043,5674.3,80.4,2.96,162,81,308,,True,0.0
2165,32.940737,-117.154045,5677.1,80.4,2.86,162,82,294,,True,3.3
2166,32.94076,-117.15405,5679.1,80.4,2.62,163,82,295,,True,4.9
2167,32.940778,-117.154055,5681.0,80.6,2.48,163,82,294,,True,7.4
2168,32.940801,-117.154054,5684.0,80.8,2.4,164,82,276,,True,6.7
2169,32.940822,-117.15406,5686.5,81.0,2.44,164,82,281,,True,5.9
2170,32.940837,-117.154055,5687.9,81.2,2.16,165,81,282,,True,5.3
2171,32.940864,-117.154056,5691.1,81.2,2.4,165,81,280,,True,3.3
2172,32.940887,-117.154056,5693.5,81.4,2.5,165,81,276,,True,1.9
2173,32.940903,-117.154057,5695.4,81.4,2.28,166,81,278,,True,5.7
2174,32.940927,-117.154061,5698.5,81.4,2.4,166,81,279,,True,5.1
2175,32.940949,-117.154068,5700.3,81.6,2.48,166,81,282,,True,6.6
2176,32.940963,-117.154067,5701.7,81.8,2.12,166,81,282,,True,9.2
2177,32.940988,-117.154069,5705.2,82.0,2.34,166,80,261,,True,6.8
2178,32.941013,-117.154079,5707.6,82.2,2.44,166,80,262,,True,5.8
2179,32.941031,-117.154081,5709.4,82.4,2.18,166,80,292,,True,5.6
2180,32.941051,-117.154082,5712.0,82.4,2.34,167,79,294,,True,4.0
2181,32.941069,-117.154084,5714.0,82.4,2.46,167,79,293,,True,1.9
2182,32.941089,-117.154092,5715.9,82.6,2.14,167,79,276,,True,4.3
2183,32.9411,-117.154087,5717.6,82.6,2.0,167,79,270,,True,4.3
2184,32.94112,-117.154078,5719.7,82.6,2.06,167,78,261,,True,5.4
2185,32.941135,-117.154072,5721.4,82.8,1.88,167,77,258,,True,3.6
