t,lat,lng,distance_m,altitude_m,velocity_ms,heartrate,cadence,watts,temp_c,moving,grade_pct
0,33.052181,-117.076623,2.3,123.2,0.0,73,57,109,,False,0.0
1817,33.06641,-117.10131,4.9,109.6,0.001,162,82,0,,False,0.0
1818,33.066416,-117.101333,6.8,109.6,0.002,162,82,230,,True,0.0
1819,33.066428,-117.101356,9.4,109.6,0.004,162,83,225,,True,-2.0
1820,33.066442,-117.10138,12.3,109.6,0.005,162,83,233,,True,-3.8
1821,33.066459,-117.101406,14.9,109.4,0.007,162,81,233,,True,-3.8
1822,33.066467,-117.101424,17.2,109.2,0.007,162,81,254,,True,-5.7
1823,33.066479,-117.101453,20.0,109.2,2.64,161,81,253,,True,-3.7
1824,33.066494,-117.101482,22.9,109.0,2.7,161,81,246,,True,-3.5
1825,33.066506,-117.1015,25.7,109.0,2.68,161,83,253,,True,-3.7
1826,33.066524,-117.101529,28.6,108.8,2.74,161,83,258,,True,-3.9
1827,33.066532,-117.101548,30.7,108.8,2.7,161,82,258,,True,-3.8
1828,33.066543,-117.10157,33.2,108.6,2.64,161,82,257,,True,-3.8
1829,33.066559,-117.101601,36.1,108.6,2.64,161,81,222,,True,-5.3
1830,33.066574,-117.101626,39.2,108.4,2.7,161,80,221,,True,-5.2
1831,33.066586,-117.10165,42.1,108.2,2.7,161,80,234,,True,-6.9
1832,33.066601,-117.101681,44.8,108.0,2.82,160,80,244,,True,-5.3
1833,33.066612,-117.101702,47.7,107.8,2.9,160,80,257,,True,-5.4
1834,33.066626,-117.101732,50.6,107.8,2.9,160,81,257,,True,-5.1
1835,33.066638,-117.101759,53.3,107.6,2.82,161,81,248,,True,-3.3
1836,33.066651,-117.101783,56.6,107.4,2.9,160,81,238,,True,-4.9
1837,33.066672,-117.101816,60.0,107.4,3.04,160,81,235,,True,-3.3
1838,33.066687,-117.101835,62.9,107.2,3.04,160,81,235,,True,-3.4
1839,33.0667,-117.101859,65.6,107.2,3.0,160,81,240,,True,-5.5
1840,33.066718,-117.101885,68.4,107.0,3.02,161,81,238,,True,-3.6
1841,33.06673,-117.101903,70.9,106.8,2.86,160,82,234,,True,-5.3
1842,33.066747,-117.101931,74.0,106.8,2.8,160,82,230,,True,-3.5
1843,33.066765,-117.101959,76.9,106.6,2.8,160,82,227,,True,-3.3
1844,33.066776,-117.101979,79.9,106.6,2.86,160,82,227,,True,-5.2
1845,33.066794,-117.102009,82.9,106.4,2.9,160,82,227,,True,-5.5
1846,33.06681,-117.102029,85.6,106.2,2.94,160,83,224,,True,-5.5
1847,33.066823,-117.102047,87.9,106.0,2.78,160,83,223,,True,-3.8
1848,33.066839,-117.102077,90.8,106.0,2.78,160,82,221,,True,-3.8
1849,33.066852,-117.102095,93.3,106.0,2.68,160,82,216,,True,-1.8
1850,33.066871,-117.102122,96.2,105.8,2.66,159,82,216,,True,-1.8
1851,33.066886,-117.102148,99.0,105.8,2.68,160,81,218,,True,-3.5
1852,33.066899,-117.102166,102.0,105.8,2.82,159,81,219,,True,-1.9
1853,33.066918,-117.102193,104.7,105.6,2.78,159,81,219,,True,-3.7
1854,33.066932,-117.102211,107.0,105.6,2.74,159,81,221,,True,-3.7
1855,33.06695,-117.102232,109.9,105.4,2.74,159,81,222,,True,-3.7
1856,33.066972,-117.10226,112.9,105.4,2.78,159,81,220,,True,-3.6
1857,33.066984,-117.102277,115.5,105.2,2.7,159,81,220,,True,-3.7
1858,33.066998,-117.1023,118.2,105.2,2.7,158,81,222,,True,-4.0
1859,33.067013,-117.102326,120.8,105.0,2.76,158,81,223,,True,-1.9
1860,33.067023,-117.102342,122.9,105.0,2.6,158,81,225,,True,-1.6
1861,33.067039,-117.102369,125.8,105.0,2.58,158,81,226,,True,0.0
1862,33.067046,-117.10239,128.1,105.0,2.52,157,82,225,,True,-1.8
1863,33.067057,-117.102412,130.8,105.0,2.52,157,82,226,,True,-1.9
1864,33.06707,-117.102449,133.8,104.8,2.6,156,82,226,,True,-3.4
1865,33.067077,-117.102473,136.5,104.8,2.72,156,81,227,,True,-3.3
1866,33.067083,-117.102504,139.7,104.6,2.78,156,81,229,,True,-3.3
1867,33.067094,-117.102542,143.0,104.6,2.98,156,80,230,,True,-3.4
1868,33.067097,-117.102566,145.9,104.4,3.02,157,80,232,,True,-1.9
1869,33.067101,-117.102592,148.3,104.4,2.9,157,81,236,,True,-1.6
1870,33.067108,-117.102618,150.5,104.4,2.8,157,81,237,,True,0.0
1871,33.067116,-117.10264,152.9,104.4,2.64,157,81,234,,True,0.0
1872,33.067121,-117.102667,155.6,104.4,2.52,156,81,233,,True,0.0
1873,33.067126,-117.102695,158.1,104.4,2.44,157,81,234,,True,0.0
1874,33.067129,-117.102717,160.2,104.4,2.38,156,82,235,,True,-2.0
1875,33.067132,-117.10274,162.4,104.4,2.38,156,82,235,,True,-2.2
1876,33.067127,-117.10276,164.2,104.4,2.26,156,82,235,,True,-3.8
1877,33.067123,-117.102775,165.8,104.2,2.04,157,79,235,,True,-29.8
1878,33.067112,-117.102786,167.2,104.2,1.82,156,79,234,,True,-31.6
1879,33.067104,-117.102797,168.5,104.0,1.66,156,78,213,,True,-30.3
2051,33.067102,-117.102774,169.9,100.8,0.016,121,0,0,,False,-33.0
2052,33.067106,-117.102759,171.6,101.0,0.018,121,0,0,,True,-28.8
2053,33.067107,-117.102733,173.8,100.8,0.03,121,69,117,,True,-24.2
2054,33.067108,-117.10271,176.1,100.8,0.043,121,69,130,,True,0.0
2055,33.067107,-117.102687,178.3,101.0,0.056,121,69,181,,True,1.7
2056,33.067105,-117.102662,180.9,101.0,0.056,122,69,184,,True,1.7
2057,33.0671,-117.102638,183.0,101.0,2.28,122,75,198,,True,0.0
2058,33.067093,-117.102613,185.6,101.0,2.36,123,76,200,,True,0.0
2059,33.067086,-117.102585,188.0,101.0,2.38,123,76,196,,True,0.0
2060,33.067078,-117.102563,190.4,101.0,2.42,124,81,211,,True,1.9
2061,33.067071,-117.102531,193.8,101.0,2.58,124,81,210,,True,3.6
2062,33.067068,-117.1025,196.4,101.2,2.68,125,82,213,,True,3.4
2063,33.067056,-117.102477,199.0,101.4,2.68,126,82,248,,True,5.3
2064,33.067043,-117.102443,202.3,101.4,2.86,126,82,246,,True,5.2
2065,33.067029,-117.10242,205.1,101.6,2.94,127,83,249,,True,5.0
2066,33.067017,-117.102396,207.9,101.8,2.82,128,83,265,,True,5.3
2067,33.067005,-117.102361,211.0,102.0,2.92,129,83,257,,True,5.2
2068,33.066992,-117.10234,213.7,102.0,2.94,130,83,261,,True,5.3
2069,33.066973,-117.10231,216.6,102.2,2.86,131,83,268,,True,5.4
2070,33.066961,-117.102292,219.3,102.4,2.84,132,83,270,,True,5.2
2071,33.066942,-117.102265,222.2,102.6,2.86,133,83,270,,True,5.2
2072,33.066927,-117.102237,225.3,102.6,2.86,134,83,272,,True,3.3
2073,33.066911,-117.102217,228.2,102.8,2.9,135,84,273,,True,1.7
2074,33.066891,-117.102187,231.3,102.8,2.94,136,84,276,,True,3.3
2075,33.066875,-117.10217,234.0,102.8,2.94,137,84,279,,True,3.4
2076,33.066855,-117.102141,237.4,103.0,3.04,138,84,282,,True,5.1
2077,33.066841,-117.102116,240.1,103.2,2.96,139,84,286,,True,6.5
2078,33.066825,-117.102095,243.0,103.4,2.96,140,84,292,,True,6.9
2079,33.066803,-117.102065,246.3,103.6,3.0,141,84,296,,True,6.7
2080,33.066789,-117.102048,249.0,103.8,3.0,142,84,305,,True,7.1
2081,33.066775,-117.102019,252.0,104.0,2.92,144,84,317,,True,7.4
2082,33.066765,-117.101994,254.3,104.2,2.84,145,84,326,,True,7.1
2083,33.06675,-117.101972,257.1,104.4,2.82,146,84,333,,True,7.4
2084,33.066736,-117.10194,260.3,104.6,2.8,147,84,330,,True,7.0
2085,33.066723,-117.101924,262.8,104.8,2.76,148,85,337,,True,7.3
2086,33.06671,-117.101893,265.8,105.0,2.76,150,85,343,,True,7.1
2087,33.066696,-117.101873,268.1,105.2,2.76,151,85,348,,True,6.9
2088,33.06668,-117.101841,271.6,105.4,2.9,152,85,349,,True,5.3
2089,33.066671,-117.101817,274.4,105.6,2.82,153,85,353,,True,5.1
2090,33.066657,-117.101793,277.2,105.6,2.88,154,86,357,,True,3.7
2091,33.06664,-117.101764,279.9,105.8,2.82,155,86,357,,True,3.5
2092,33.066625,-117.101747,282.5,105.8,2.88,156,86,358,,True,3.7
2093,33.066608,-117.101716,285.8,106.0,2.84,158,86,355,,True,3.5
2094,33.066596,-117.101698,288.0,106.0,2.72,159,85,356,,True,5.1
2095,33.066577,-117.101671,291.4,106.2,2.84,160,85,353,,True,5.4
2096,33.066566,-117.101644,294.2,106.4,2.86,161,85,353,,True,5.1
2097,33.066552,-117.101625,297.0,106.6,2.9,162,85,353,,True,5.7
2098,33.066535,-117.101594,299.7,106.6,2.78,163,85,351,,True,7.5
2099,33.066525,-117.101578,301.9,106.8,2.78,165,85,350,,True,6.2
2100,33.066511,-117.101552,304.8,107.2,2.68,166,86,348,,True,7.8
2101,33.066502,-117.101528,306.9,107.4,2.54,167,86,347,,True,7.2
2102,33.066488,-117.101502,310.0,107.4,2.6,168,85,348,,True,5.5
2103,33.066475,-117.10147,313.0,107.6,2.66,169,84,350,,True,5.0
2104,33.066459,-117.101451,315.7,107.8,2.76,170,84,351,,True,5.2
2105,33.066448,-117.101417,318.8,108.0,2.8,170,84,348,,True,3.3
2106,33.066434,-117.101397,321.6,108.0,2.94,170,85,342,,True,3.4
2107,33.06642,-117.101364,325.0,108.0,3.0,171,85,337,,True,1.7
2108,33.066406,-117.101341,327.6,108.2,2.92,170,86,331,,True,3.4
2109,33.066393,-117.101313,330.7,108.2,3.0,170,86,329,,True,5.0
2110,33.066382,-117.101282,333.5,108.4,2.94,171,86,330,,True,5.0
2111,33.066365,-117.10126,336.9,108.6,3.06,171,86,332,,True,6.7
2112,33.066352,-117.101227,339.6,108.8,2.92,171,86,332,,True,6.3
2113,33.066337,-117.101205,342.7,109.0,3.02,171,86,335,,True,5.1
2114,33.06632,-117.101174,346.1,109.2,3.08,170,86,336,,True,3.3
2115,33.066306,-117.101151,348.7,109.2,3.04,170,86,333,,True,1.7
2116,33.066289,-117.101129,351.8,109.2,2.98,170,86,331,,True,-1.7
2117,33.066272,-117.101096,354.8,109.2,3.04,170,85,326,,True,-1.7
2118,33.06626,-117.101075,357.9,109.0,3.04,171,85,320,,True,-1.8
2119,33.066248,-117.101045,360.5,109.0,2.88,171,85,314,,True,-1.7
2120,33.066236,-117.101023,362.8,109.0,2.82,170,84,310,,True,0.0
2121,33.066214,-117.10099,366.6,109.0,2.96,171,84,305,,True,0.0
2122,33.0662,-117.100965,369.6,109.0,2.96,171,84,299,,True,0.0
2123,33.066184,-117.100942,372.7,109.0,2.96,171,84,297,,True,0.0
2124,33.066166,-117.100912,375.6,109.0,3.02,171,85,292,,True,0.0
2125,33.066152,-117.100891,378.5,109.0,3.14,170,85,287,,True,0.0
2126,33.066135,-117.10086,381.9,109.0,3.06,171,84,286,,True,0.0
2127,33.066121,-117.100844,384.0,109.0,2.88,171,84,280,,True,0.0
2128,33.066103,-117.100822,387.2,109.0,2.9,171,84,275,,True,0.0
2129,33.06609,-117.100793,389.5,109.0,2.78,171,84,272,,True,0.0
2130,33.066074,-117.100774,392.5,109.0,2.8,171,84,271,,True,0.0
2131,33.066053,-117.100743,395.9,109.0,2.8,171,84,269,,True,0.0
2132,33.06604,-117.100724,398.3,109.0,2.86,171,84,266,,True,0.0
2133,33.066021,-117.100702,401.4,109.0,2.84,171,84,263,,True,0.0
2134,33.066004,-117.100677,404.3,109.0,2.96,171,84,262,,True,0.0
2135,33.065986,-117.100665,406.7,109.0,2.84,171,84,262,,True,0.0
2136,33.065957,-117.100642,410.0,109.0,2.82,170,84,263,,True,0.0
2137,33.065941,-117.100627,412.6,109.0,2.86,171,84,262,,True,-1.7
2138,33.065921,-117.100608,415.7,109.0,2.86,170,84,261,,True,-1.8
2139,33.065902,-117.100587,418.2,108.8,2.78,170,84,261,,True,-1.7
2140,33.065883,-117.100573,420.9,108.8,2.84,170,84,261,,True,-1.8
2141,33.065855,-117.100549,424.1,108.8,2.82,170,83,261,,True,0.0
2142,33.065838,-117.100536,426.8,108.8,2.84,170,83,261,,True,0.0
2143,33.065816,-117.100515,429.8,108.8,2.82,170,84,259,,True,0.0
2144,33.065795,-117.100491,432.9,108.8,2.94,170,84,259,,True,0.0
2145,33.065777,-117.100474,435.9,108.8,3.0,169,84,259,,True,0.0
2146,33.065747,-117.100451,439.3,108.8,3.04,169,84,260,,True,0.0
2147,33.065729,-117.100435,442.1,108.8,3.06,169,84,259,,True,0.0
2148,33.065704,-117.100415,445.4,108.8,3.12,169,84,260,,True,0.0
2149,33.065688,-117.100392,447.8,108.8,2.98,169,84,260,,True,0.0
2150,33.065668,-117.100378,450.7,108.8,2.96,169,83,261,,True,0.0
2151,33.065651,-117.100351,453.4,108.8,2.82,168,83,260,,True,0.0
2152,33.065633,-117.100338,456.0,108.8,2.78,168,84,259,,True,0.0
2153,33.065611,-117.100321,459.1,108.8,2.74,168,84,258,,True,-1.9
2154,33.065593,-117.100305,461.3,108.8,2.7,168,84,257,,True,-1.7
2155,33.065572,-117.100288,464.2,108.6,2.7,168,84,257,,True,-1.7
2156,33.065545,-117.100259,467.8,108.6,2.88,169,84,256,,True,-1.5
2157,33.065527,-117.100247,470.6,108.6,2.92,168,84,256,,True,0.0
2158,33.065503,-117.10022,474.3,108.6,3.04,168,84,257,,True,0.0
2159,33.065487,-117.100199,477.0,108.6,3.14,168,84,257,,True,0.0
2160,33.065468,-117.100186,479.6,108.6,3.08,168,84,260,,True,0.0
2161,33.065443,-117.100162,482.8,108.6,3.0,169,83,261,,True,0.0
2162,33.065427,-117.100149,485.2,108.6,2.92,168,83,259,,True,0.0
2163,33.065404,-117.100126,488.3,108.6,2.8,168,83,259,,True,-1.8
2164,33.065385,-117.100107,490.9,108.6,2.78,168,83,258,,True,-1.6
2165,33.065362,-117.100088,494.1,108.4,2.9,168,83,257,,True,-1.6
2166,33.065334,-117.100063,497.8,108.4,3.0,168,84,257,,True,-1.6
2167,33.065316,-117.100048,500.6,108.4,3.08,168,84,257,,True,0.0
2168,33.065293,-117.100025,503.7,108.4,3.08,168,84,260,,True,-1.7
2169,33.065274,-117.100002,506.7,108.4,3.16,168,85,258,,True,-1.6
2170,33.065252,-117.099985,509.9,108.2,3.16,167,85,258,,True,-1.7
2171,33.065228,-117.099958,513.2,108.2,3.08,167,84,260,,True,-1.7
2172,33.065214,-117.099945,515.7,108.2,3.02,167,84,259,,True,-1.7
2173,33.06519,-117.09992,518.8,108.2,3.02,167,84,261,,True,-1.8
2174,33.065176,-117.099901,521.4,108.0,2.94,167,84,260,,True,-1.7
2175,33.065159,-117.099881,524.3,108.0,2.88,166,84,259,,True,-1.8
2176,33.065137,-117.099856,527.2,108.0,2.8,166,84,257,,True,0.0
2177,33.065119,-117.099841,529.7,108.0,2.8,166,84,257,,True,-1.7
2178,33.065096,-117.099819,533.1,108.0,2.86,166,85,255,,True,-1.7
2179,33.065076,-117.099797,536.1,107.8,2.94,167,85,254,,True,-3.4
2180,33.06506,-117.099782,538.7,107.8,2.88,166,85,255,,True,-5.4
2181,33.065039,-117.099755,541.5,107.6,2.86,166,84,256,,True,-5.5
2182,33.065023,-117.099741,544.2,107.4,2.9,166,82,255,,True,-5.2
2183,33.065002,-117.09972,547.0,107.2,2.78,166,82,254,,True,-5.2
2184,33.064981,-117.099695,550.2,107.2,2.82,166,84,247,,True,-5.1
2185,33.064963,-117.099679,553.0,107.0,2.86,166,84,244,,True,-3.4
2186,33.064943,-117.099651,556.0,106.8,2.9,165,84,244,,True,-5.0
2187,33.064925,-117.099637,558.7,106.8,2.9,165,83,244,,True,-5.0
2188,33.064901,-117.099613,562.1,106.6,3.02,165,83,242,,True,-3.4
2189,33.064883,-117.099591,565.0,106.4,2.96,166,83,242,,True,-3.3
2190,33.064865,-117.099575,567.7,106.4,2.94,165,83,242,,True,-3.4
2191,33.064838,-117.099552,570.9,106.4,2.98,165,83,241,,True,-1.7
2192,33.06482,-117.099532,573.9,106.2,3.04,165,83,240,,True,-3.3
2193,33.0648,-117.099511,576.9,106.2,2.96,165,83,238,,True,-3.3
2194,33.064779,-117.099487,579.8,106.0,2.96,164,82,239,,True,-3.2
2195,33.064757,-117.099469,582.9,106.0,3.04,164,82,239,,True,-3.3
2196,33.064731,-117.099446,586.3,105.8,3.08,164,83,238,,True,-1.6
2197,33.064714,-117.099431,589.0,105.8,3.02,164,83,238,,True,-3.1
2198,33.06469,-117.09941,592.3,105.8,3.08,165,83,239,,True,-1.6
2199,33.064667,-117.099381,595.8,105.6,3.2,164,84,239,,True,-1.6
2200,33.064648,-117.099366,598.8,105.6,3.18,164,85,238,,True,-3.3
2201,33.064626,-117.099343,601.5,105.6,3.04,164,85,242,,True,-1.7
2202,33.064607,-117.099327,604.3,105.4,3.06,164,85,243,,True,-3.4
2203,33.064583,-117.0993,607.9,105.4,3.12,164,85,241,,True,-3.3
2204,33.064563,-117.09928,610.7,105.2,2.98,164,84,243,,True,-3.3
2205,33.064543,-117.099265,613.6,105.2,2.96,164,84,244,,True,-3.6
2206,33.064525,-117.099236,616.5,105.0,3.0,164,84,244,,True,-3.5
2207,33.064509,-117.099222,619.0,105.0,2.94,163,84,244,,True,-3.7
2208,33.064492,-117.099199,622.0,104.8,2.82,163,83,245,,True,-3.7
2209,33.064475,-117.099175,624.3,104.8,2.72,163,83,243,,True,-5.1
2210,33.064455,-117.099162,627.3,104.6,2.74,163,83,242,,True,-5.1
2211,33.064429,-117.099137,630.7,104.4,2.84,163,83,239,,True,-6.4
2212,33.064413,-117.099114,633.7,104.2,2.94,163,83,238,,True,-6.4
2213,33.064394,-117.099094,636.8,104.0,2.96,162,83,238,,True,-4.9
2214,33.06437,-117.099068,639.8,103.8,3.1,162,83,238,,True,-3.2
2215,33.064349,-117.09905,642.9,103.8,3.12,162,83,242,,True,-1.6
2216,33.064325,-117.099029,646.2,103.8,3.1,162,82,242,,True,-1.7
2217,33.064308,-117.099007,649.1,103.8,3.08,161,82,242,,True,-1.7
2218,33.064288,-117.098991,651.7,103.6,2.98,161,82,243,,True,-3.6
2219,33.064263,-117.098969,654.9,103.6,3.02,161,82,244,,True,-5.2
2220,33.064246,-117.098958,657.4,103.4,2.9,161,82,243,,True,-3.4
2221,33.064224,-117.098934,660.6,103.2,2.88,161,82,241,,True,-5.3
2222,33.064206,-117.098914,663.4,103.2,2.86,161,83,241,,True,-3.4
2223,33.064186,-117.098895,666.3,103.0,2.92,161,83,241,,True,-1.7
2224,33.064165,-117.098872,669.2,103.0,2.86,161,84,241,,True,-1.7
2225,33.064144,-117.098857,672.1,103.0,2.94,161,84,245,,True,0.0
2226,33.06412,-117.098833,675.5,103.0,2.98,161,86,245,,True,0.0
2227,33.0641,-117.098819,678.2,103.0,2.96,161,86,245,,True,0.0
2228,33.064079,-117.098798,681.4,103.0,3.02,161,85,246,,True,-1.7
2229,33.064056,-117.098774,684.5,103.0,3.06,161,84,251,,True,-1.8
2230,33.064037,-117.098762,687.1,102.8,3.0,161,84,254,,True,-1.9
2231,33.064018,-117.098741,689.5,102.8,2.8,161,85,254,,True,-2.0
2232,33.064005,-117.098725,691.9,102.8,2.74,161,85,250,,True,2.0
2233,33.063984,-117.098704,694.6,102.8,2.64,161,84,248,,True,0.0
2234,33.063968,-117.098681,697.3,103.0,2.56,160,84,246,,True,0.0
2235,33.063949,-117.098663,700.1,102.8,2.6,161,84,247,,True,0.0
2236,33.063921,-117.09864,703.6,102.8,2.82,160,84,247,,True,-1.7
2237,33.063904,-117.09863,706.0,102.8,2.82,160,84,247,,True,0.0
2238,33.063884,-117.098612,708.9,102.8,2.86,160,83,252,,True,-1.7
2239,33.063861,-117.098581,712.4,102.8,3.02,161,83,252,,True,-1.6
2240,33.063846,-117.098562,715.2,102.6,3.02,160,83,254,,True,-3.2
2241,33.063823,-117.098534,718.5,102.6,2.98,160,83,257,,True,-3.3
2242,33.063807,-117.098509,721.5,102.4,3.1,160,83,255,,True,-1.6
2243,33.06379,-117.098488,724.5,102.4,3.12,160,82,258,,True,-1.8
2244,33.063768,-117.098465,727.5,102.4,3.02,160,82,260,,True,1.7
2245,33.063752,-117.098451,729.9,102.4,2.94,160,82,261,,True,3.6
2246,33.063735,-117.098422,733.0,102.6,2.9,160,82,262,,True,5.9
2247,33.063725,-117.098403,735.5,102.8,2.8,159,84,261,,True,9.9
2248,33.063716,-117.098388,737.6,103.0,2.62,160,84,262,,True,11.6
2249,33.063702,-117.098361,739.8,103.4,2.46,160,84,263,,True,11.5
2250,33.063689,-117.098345,742.0,103.6,2.42,159,84,265,,True,11.9
2251,33.063674,-117.09832,745.1,104.0,2.42,160,83,269,,True,9.6
2252,33.063665,-117.098291,747.7,104.2,2.44,160,83,273,,True,7.4
2253,33.063652,-117.098275,750.2,104.4,2.52,160,83,270,,True,5.8
2254,33.063637,-117.098246,752.8,104.4,2.6,160,83,273,,True,3.6
2255,33.063624,-117.098228,755.4,104.6,2.68,160,83,272,,True,1.8
2256,33.063609,-117.098197,758.7,104.6,2.72,160,83,276,,True,3.4
2257,33.063599,-117.09817,761.2,104.6,2.7,161,83,284,,True,1.7
2258,33.063585,-117.098143,764.5,104.8,2.86,161,83,299,,True,3.6
2259,33.063574,-117.098113,767.3,104.8,2.9,161,84,322,,True,5.2
2260,33.063561,-117.098096,769.7,105.0,2.86,161,85,325,,True,3.7
2261,33.063543,-117.098066,772.8,105.2,2.82,162,85,331,,True,3.8
2262,33.063531,-117.098045,775.4,105.2,2.84,162,85,327,,True,3.5
2263,33.063518,-117.098025,777.9,105.2,2.68,163,85,324,,True,1.8
2264,33.063498,-117.097993,781.1,105.4,2.76,163,84,326,,True,1.9
2265,33.063485,-117.097976,783.8,105.4,2.82,164,83,327,,True,1.9
2266,33.063476,-117.097951,786.1,105.4,2.66,164,83,326,,True,0.0
2267,33.063464,-117.097926,788.7,105.4,2.66,165,83,322,,True,0.0
2268,33.063453,-117.097905,791.3,105.4,2.68,165,83,315,,True,0.0
2269,33.063437,-117.097878,793.8,105.4,2.54,166,83,311,,True,0.0
2270,33.063421,-117.097858,796.6,105.4,2.56,166,83,308,,True,0.0
2271,33.063404,-117.09783,799.9,105.4,2.76,166,85,302,,True,1.7
2272,33.063389,-117.097807,802.6,105.4,2.78,167,85,297,,True,1.7
2273,33.063375,-117.097787,805.5,105.6,2.84,167,84,295,,True,1.9
2274,33.06336,-117.09776,808.1,105.6,2.86,167,84,294,,True,1.8
2275,33.063345,-117.097743,810.5,105.6,2.78,168,83,294,,True,1.9
2276,33.06333,-117.09771,813.7,105.6,2.76,168,83,294,,True,1.8
2277,33.063321,-117.097689,816.0,105.8,2.68,168,83,291,,True,3.6
2278,33.063307,-117.097665,819.0,105.8,2.7,168,83,286,,True,4.0
2279,33.0633,-117.097635,821.7,106.0,2.72,169,84,283,,True,1.9
2280,33.063287,-117.097617,823.8,106.0,2.66,169,84,284,,True,2.0
2281,33.063272,-117.097593,826.4,106.0,2.54,169,84,287,,True,1.9
2282,33.06326,-117.097569,829.0,106.0,2.6,169,84,282,,True,1.8
2283,33.063248,-117.097545,832.1,106.2,2.62,169,84,278,,True,3.7
2284,33.063236,-117.097515,834.7,106.2,2.6,169,84,276,,True,3.7
2285,33.063223,-117.097498,837.1,106.4,2.66,169,84,277,,True,3.8
2286,33.063208,-117.097468,839.9,106.4,2.7,169,84,280,,True,3.8
2287,33.063197,-117.097446,842.5,106.6,2.7,169,84,278,,True,3.5
2288,33.063184,-117.097421,845.3,106.6,2.64,169,84,278,,True,3.6
2289,33.063168,-117.097388,848.4,106.8,2.74,169,84,278,,True,3.4
2290,33.063153,-117.097373,851.0,106.8,2.78,169,84,280,,True,3.6
2291,33.063144,-117.09734,854.1,107.0,2.84,170,84,283,,True,3.8
2292,33.063138,-117.097318,856.4,107.0,2.78,170,84,283,,True,5.7
2293,33.063127,-117.097297,858.9,107.2,2.72,170,83,285,,True,3.1
2294,33.063113,-117.097267,861.5,107.4,2.62,170,83,286,,True,3.8
2295,33.063102,-117.09725,863.9,107.4,2.58,169,83,285,,True,1.9
2296,33.063089,-117.097221,866.8,107.4,2.54,170,83,284,,True,-1.9
2297,33.063078,-117.097198,869.3,107.4,2.58,170,83,281,,True,-1.8
2298,33.063064,-117.097179,872.0,107.2,2.62,170,83,277,,True,-3.7
2299,33.06305,-117.097148,875.0,107.2,2.7,170,84,271,,True,-5.2
2300,33.063036,-117.097125,877.5,107.0,2.72,170,84,266,,True,-3.5
2301,33.063024,-117.097098,880.8,106.8,2.8,170,84,261,,True,-5.5
2302,33.063009,-117.097067,883.5,106.8,2.84,171,83,257,,True,-3.4
2303,33.062997,-117.097049,886.0,106.6,2.8,171,82,256,,True,-1.8
2304,33.062983,-117.097022,889.2,106.6,2.84,171,82,253,,True,-3.5
2305,33.062973,-117.096989,892.1,106.6,2.92,171,82,248,,True,-1.6
2306,33.06296,-117.096967,894.8,106.4,2.8,170,82,247,,True,-3.5
2307,33.062945,-117.09693,898.4,106.4,2.98,171,82,246,,True,-5.3
2308,33.062936,-117.09691,900.7,106.2,2.94,170,82,246,,True,-3.5
2309,33.062925,-117.096886,903.4,106.0,2.84,170,82,243,,True,-5.8
2310,33.062916,-117.096853,906.3,106.0,2.84,170,82,240,,True,-3.7
2311,33.062907,-117.096833,908.7,105.8,2.78,170,82,240,,True,-3.7
2312,33.062898,-117.096808,911.5,105.8,2.62,170,82,239,,True,-5.5
2313,33.062894,-117.096772,914.3,105.6,2.72,170,82,237,,True,-3.4
2314,33.062883,-117.096748,917.3,105.4,2.78,170,82,236,,True,-5.1
2315,33.062873,-117.096711,920.6,105.4,2.86,169,82,235,,True,-5.1
2316,33.062863,-117.096685,923.2,105.2,2.9,169,82,235,,True,-5.1
2317,33.062854,-117.09666,926.0,105.0,2.9,169,82,235,,True,-5.5
2318,33.062847,-117.096623,929.1,104.8,2.96,169,81,231,,True,-3.4
2319,33.062839,-117.096602,931.6,104.8,2.86,169,81,228,,True,-3.4
2320,33.06283,-117.096567,935.0,104.8,2.88,169,82,224,,True,-1.8
2321,33.062828,-117.096536,937.6,104.6,2.88,169,82,221,,True,-1.6
2322,33.062821,-117.096508,940.5,104.6,2.9,169,82,220,,True,-3.5
2323,33.06281,-117.09647,943.8,104.6,2.94,168,82,219,,True,-1.7
2324,33.062801,-117.096449,946.3,104.4,2.94,168,82,220,,True,0.0
2325,33.06279,-117.096421,949.4,104.4,2.88,168,83,220,,True,0.0
2326,33.062783,-117.096388,952.3,104.6,2.94,168,83,220,,True,1.8
2327,33.062774,-117.096367,954.8,104.6,2.86,168,83,223,,True,0.0
2328,33.062761,-117.096333,957.6,104.6,2.76,168,84,223,,True,-1.8
2329,33.062748,-117.09631,960.3,104.4,2.8,167,84,221,,True,-3.6
2330,33.062732,-117.096289,963.2,104.4,2.76,167,83,222,,True,-3.7
2331,33.062714,-117.096264,965.8,104.2,2.7,167,82,224,,True,-1.8
2332,33.062698,-117.09625,968.3,104.2,2.7,167,82,227,,True,0.0
2333,33.06267,-117.096227,971.6,104.2,2.8,167,82,229,,True,3.8
2334,33.062656,-117.096214,974.0,104.4,2.74,167,83,230,,True,5.6
2335,33.062637,-117.096199,976.3,104.6,2.62,166,84,232,,True,8.0
2336,33.062613,-117.096186,979.0,104.8,2.64,166,84,236,,True,7.5
2337,33.062593,-117.096184,981.6,105.0,2.66,166,85,239,,True,7.1
2338,33.062562,-117.096178,984.6,105.2,2.6,166,85,244,,True,7.0
2339,33.062537,-117.096187,987.5,105.4,2.7,166,83,249,,True,6.8
2340,33.062511,-117.096178,990.4,105.6,2.82,166,83,258,,True,5.4
2341,33.062485,-117.096176,993.3,105.8,2.86,166,83,262,,True,1.8
2342,33.062465,-117.096173,995.8,105.8,2.84,166,83,264,,True,0.0
2343,33.062436,-117.096167,998.8,105.6,2.84,166,83,265,,True,-3.8
2344,33.062418,-117.09617,1001.0,105.6,2.7,165,83,265,,True,-5.6
2345,33.062391,-117.096165,1003.9,105.4,2.7,165,83,264,,True,-3.8
2346,33.062365,-117.096165,1006.6,105.2,2.66,165,0,0,,True,-3.4
2347,33.062344,-117.09616,1009.2,105.2,2.68,165,0,0,,True,-1.7
2348,33.062307,-117.096156,1012.7,105.2,2.78,165,0,0,,True,0.0
2349,33.062285,-117.096153,1015.8,105.2,2.96,165,83,255,,True,1.6
2350,33.062256,-117.09615,1018.8,105.2,2.98,165,84,256,,True,1.7
2351,33.06223,-117.096144,1021.7,105.4,3.02,165,84,257,,True,1.7
2352,33.062207,-117.096143,1024.6,105.4,3.08,166,84,258,,True,1.7
2353,33.062173,-117.09614,1027.8,105.4,3.02,165,84,259,,True,0.0
2354,33.062155,-117.096139,1030.3,105.4,2.9,165,84,260,,True,1.8
2355,33.062125,-117.096134,1033.3,105.4,2.9,165,83,262,,True,1.8
2356,33.062102,-117.096128,1036.0,105.6,2.86,165,83,265,,True,3.5
2357,33.062079,-117.096127,1038.7,105.6,2.82,165,83,267,,True,5.5
2358,33.06205,-117.096126,1041.6,105.8,2.76,164,83,268,,True,3.6
2359,33.06203,-117.096131,1044.2,106.0,2.78,164,83,271,,True,3.7
2360,33.062,-117.09613,1047.1,106.0,2.76,164,83,273,,True,3.6
2361,33.061981,-117.096134,1049.6,106.0,2.72,164,83,274,,True,1.8
2362,33.06195,-117.096135,1052.7,106.2,2.8,164,84,274,,True,1.9
2363,33.06193,-117.096137,1055.2,106.2,2.72,165,85,274,,True,1.8
2364,33.061907,-117.096137,1057.8,106.2,2.72,165,85,274,,True,1.9
2365,33.061874,-117.096137,1060.8,106.2,2.74,165,86,275,,True,3.6
2366,33.061859,-117.096146,1063.2,106.4,2.72,165,86,277,,True,3.7
2367,33.061828,-117.096149,1066.2,106.6,2.7,164,86,280,,True,5.6
2368,33.061808,-117.096153,1068.7,106.6,2.7,165,87,280,,True,5.4
2369,33.061785,-117.096153,1071.5,106.8,2.74,165,87,285,,True,5.5
2370,33.061756,-117.096152,1074.4,107.0,2.72,165,85,294,,True,6.9
2371,33.061735,-117.096154,1077.1,107.2,2.78,165,85,303,,True,7.0
2372,33.061702,-117.096152,1080.3,107.4,2.82,166,85,311,,True,6.8
2373,33.06168,-117.09615,1083.0,107.6,2.86,166,85,317,,True,5.0
2374,33.061653,-117.096149,1086.2,107.8,2.94,166,84,326,,True,5.3
2375,33.061624,-117.096144,1089.1,107.8,2.94,167,83,332,,True,1.7
2376,33.061605,-117.096146,1091.7,108.0,2.92,167,83,338,,True,0.0
2377,33.06157,-117.096141,1094.9,107.8,2.92,168,84,335,,True,1.7
2378,33.061551,-117.096144,1097.6,107.8,2.92,168,85,328,,True,0.0
2379,33.061521,-117.096138,1100.7,108.0,2.9,169,85,322,,True,3.5
2380,33.061499,-117.096128,1103.3,108.0,2.84,169,85,321,,True,3.4
2381,33.061474,-117.09612,1106.2,108.2,2.9,169,85,320,,True,1.8
2382,33.061449,-117.096106,1109.2,108.2,2.86,170,85,317,,True,1.7
2383,33.061428,-117.096106,1111.8,108.2,2.84,170,85,312,,True,-1.8
2384,33.061397,-117.096092,1114.9,108.2,2.84,171,85,307,,True,-1.7
2385,33.061377,-117.096085,1117.6,108.0,2.86,171,85,303,,True,0.0
2386,33.061351,-117.096069,1120.8,108.0,2.92,171,85,299,,True,1.7
2387,33.061328,-117.09605,1123.9,108.2,2.94,171,85,298,,True,5.0
2388,33.061308,-117.096032,1126.9,108.4,3.02,172,85,303,,True,5.4
2389,33.061291,-117.096007,1129.6,108.6,2.94,172,85,309,,True,3.6
2390,33.061274,-117.095998,1131.9,108.6,2.86,172,85,308,,True,0.0
2391,33.061248,-117.095975,1135.0,108.6,2.84,172,85,300,,True,-3.5
2392,33.061227,-117.095962,1137.9,108.4,2.8,173,86,290,,True,-3.6
2393,33.061211,-117.095935,1140.9,108.2,2.8,173,86,287,,True,-3.5
2394,33.061196,-117.095921,1143.0,108.2,2.68,173,88,282,,True,1.8
2395,33.061177,-117.095896,1146.3,108.2,2.88,173,88,280,,True,5.4
2396,33.061162,-117.095869,1149.3,108.6,2.86,173,85,283,,True,6.8
2397,33.06115,-117.095849,1152.0,108.8,2.82,174,85,286,,True,7.3
2398,33.06113,-117.095822,1154.7,109.0,2.76,174,85,285,,True,3.6
2399,33.061115,-117.095808,1157.2,109.0,2.84,174,85,283,,True,1.8
2400,33.061098,-117.095777,1160.4,109.0,2.82,174,85,280,,True,-1.8
2401,33.06109,-117.095752,1163.0,109.0,2.74,174,83,284,,True,-1.7
2402,33.061074,-117.09573,1165.6,108.8,2.72,174,83,284,,True,0.0
2403,33.061056,-117.095699,1168.8,108.8,2.82,175,85,281,,True,0.0
2404,33.061044,-117.09568,1171.4,109.0,2.84,175,85,278,,True,3.4
2405,33.061028,-117.095655,1174.5,109.0,2.82,176,84,278,,True,3.6
2406,33.061017,-117.095625,1177.3,109.2,2.86,176,84,278,,True,1.8
2407,33.061005,-117.095606,1179.9,109.2,2.86,176,84,280,,True,3.9
2408,33.060988,-117.095577,1182.8,109.2,2.8,176,83,282,,True,2.0
2409,33.060982,-117.095558,1184.7,109.4,2.66,176,83,280,,True,4.0
2410,33.060974,-117.095535,1187.4,109.4,2.58,177,83,278,,True,5.1
2411,33.060964,-117.095505,1189.9,109.6,2.52,177,83,276,,True,5.0
2412,33.060954,-117.09549,1192.1,109.6,2.44,177,83,282,,True,6.7
2413,33.060944,-117.095464,1194.6,109.8,2.36,177,83,282,,True,4.8
2414,33.060939,-117.095442,1196.7,110.0,2.4,177,84,280,,True,5.8
2415,33.060925,-117.09542,1199.3,110.2,2.38,176,83,282,,True,3.2
2416,33.060909,-117.095389,1202.5,110.2,2.52,177,83,283,,True,1.9
2417,33.060902,-117.095369,1204.5,110.2,2.48,177,83,283,,True,2.0
2418,33.060893,-117.095348,1207.1,110.2,2.5,177,82,283,,True,1.9
2419,33.060882,-117.095323,1209.4,110.4,2.54,177,81,283,,True,3.6
2420,33.060874,-117.09531,1211.1,110.4,2.36,177,81,286,,True,5.6
2421,33.060866,-117.09529,1213.3,110.4,2.16,177,81,289,,True,3.6
2422,33.060859,-117.095263,1215.6,110.6,2.22,177,81,286,,True,1.8
2423,33.060849,-117.095245,1217.8,110.8,2.14,177,82,282,,True,1.7
2424,33.060841,-117.095214,1220.4,110.8,2.2,177,82,276,,True,0.0
2425,33.060834,-117.095199,1222.2,110.6,2.22,177,82,271,,True,-2.0
2426,33.060826,-117.095173,1224.8,110.6,2.3,177,82,268,,True,-1.6
2427,33.060816,-117.095135,1227.9,110.6,2.46,177,83,257,,True,0.0
2428,33.060804,-117.09512,1230.3,110.4,2.5,177,83,256,,True,1.9
2429,33.060795,-117.095095,1232.9,110.6,2.5,177,83,260,,True,4.6
2430,33.060786,-117.095067,1235.4,110.8,2.64,177,83,260,,True,7.5
2431,33.060774,-117.095049,1237.8,111.0,2.6,177,82,266,,True,7.5
2432,33.060758,-117.095016,1241.0,111.2,2.62,176,82,267,,True,7.7
2433,33.060755,-117.094995,1243.5,111.4,2.64,176,81,270,,True,7.4
2434,33.060746,-117.094973,1245.8,111.6,2.58,176,81,278,,True,6.5
2435,33.060731,-117.094941,1248.6,111.8,2.64,176,81,279,,True,6.5
2436,33.060725,-117.094926,1250.6,111.8,2.56,176,81,280,,True,5.9
2437,33.060716,-117.094899,1253.4,112.0,2.48,176,82,275,,True,6.7
2438,33.060705,-117.094871,1255.9,112.2,2.48,176,82,282,,True,8.0
2439,33.060695,-117.094858,1258.0,112.4,2.44,175,82,284,,True,8.5
2440,33.060684,-117.094828,1260.6,112.6,2.4,175,82,291,,True,8.3
2441,33.060676,-117.09481,1262.8,112.8,2.44,175,82,291,,True,6.7
2442,33.060666,-117.09479,1265.1,113.0,2.34,174,82,287,,True,5.2
2443,33.060655,-117.094758,1267.9,113.2,2.4,174,82,287,,True,3.4
2444,33.060646,-117.094746,1269.9,113.2,2.38,174,82,290,,True,3.5
2445,33.060635,-117.094724,1272.2,113.2,2.32,174,82,290,,True,1.8
2446,33.06063,-117.094697,1274.4,113.2,2.32,173,83,287,,True,1.8
2447,33.060621,-117.094678,1276.5,113.4,2.28,173,83,284,,True,3.5
2448,33.060612,-117.094651,1279.0,113.4,2.22,172,82,279,,True,3.4
2449,33.060605,-117.094633,1281.1,113.4,2.24,172,82,276,,True,3.3
2450,33.060596,-117.094609,1283.7,113.6,2.3,172,82,275,,True,4.8
2451,33.060584,-117.094581,1286.2,113.6,2.36,172,82,279,,True,5.8
2452,33.060569,-117.094566,1288.6,113.8,2.42,172,83,279,,True,7.9
2453,33.060558,-117.094539,1291.5,114.0,2.5,172,83,281,,True,9.6
2454,33.060555,-117.094511,1293.8,114.4,2.54,172,83,283,,True,9.9
2455,33.060543,-117.094496,1296.0,114.6,2.46,172,83,288,,True,9.0
2456,33.060538,-117.094467,1298.7,114.8,2.5,172,83,289,,True,7.1
2457,33.060535,-117.094449,1300.3,114.8,2.34,172,82,288,,True,5.5
2458,33.060526,-117.09443,1302.6,115.0,2.22,171,82,289,,True,5.3
2459,33.060514,-117.094401,1305.0,115.2,2.24,172,82,288,,True,6.5
2460,33.060509,-117.094382,1307.0,115.2,2.2,172,82,288,,True,6.0
2461,33.060502,-117.094357,1310.0,115.4,2.26,171,81,290,,True,5.3
2462,33.060495,-117.094325,1312.6,115.6,2.46,172,81,290,,True,5.0
2463,33.060494,-117.094312,1314.1,115.6,2.3,172,81,290,,True,5.6
2464,33.060489,-117.09429,1316.3,115.8,2.26,171,81,292,,True,5.6
2465,33.060488,-117.094257,1318.9,115.8,2.38,172,81,289,,True,5.2
2466,33.060483,-117.094242,1320.8,116.0,2.16,172,81,288,,True,5.1
2467,33.060481,-117.094215,1323.3,116.2,2.14,172,80,286,,True,5.2
2468,33.060479,-117.094187,1325.7,116.2,2.32,172,80,284,,True,5.2
2469,33.060469,-117.094168,1328.0,116.4,2.34,172,80,284,,True,3.4
2470,33.060466,-117.094136,1330.5,116.4,2.32,171,80,281,,True,5.3
2471,33.06047,-117.094118,1332.4,116.6,2.32,172,81,279,,True,5.5
2472,33.060469,-117.094092,1335.1,116.6,2.36,172,81,279,,True,7.0
2473,33.060469,-117.094065,1337.0,116.8,2.26,171,82,277,,True,6.8
2474,33.060465,-117.094046,1338.9,117.0,2.18,171,82,275,,True,7.2
2475,33.060471,-117.094018,1342.0,117.2,2.3,171,83,274,,True,6.6
2476,33.060474,-117.09399,1344.2,117.4,2.36,171,83,275,,True,5.8
2477,33.060468,-117.093972,1346.2,117.4,2.22,171,83,277,,True,7.0
2478,33.060467,-117.093941,1349.2,117.6,2.44,172,82,280,,True,6.5
2479,33.060468,-117.093915,1351.6,117.8,2.54,171,82,280,,True,7.8
2480,33.060466,-117.093895,1353.5,118.0,2.3,171,82,284,,True,6.5
2481,33.060467,-117.093859,1356.5,118.2,2.46,171,81,288,,True,6.0
2482,33.060466,-117.093837,1358.7,118.2,2.5,170,81,288,,True,3.9
2483,33.060466,-117.093814,1361.6,118.4,2.48,170,81,287,,True,3.3
2484,33.060471,-117.093782,1363.8,118.4,2.44,170,81,287,,True,4.0
2485,33.060473,-117.093762,1365.9,118.6,2.48,171,81,287,,True,3.6
2486,33.060481,-117.093736,1368.7,118.6,2.44,170,82,285,,True,3.3
2487,33.060482,-117.093708,1371.0,118.6,2.46,170,82,283,,True,3.4
2488,33.060477,-117.093689,1372.8,118.8,2.24,171,82,281,,True,3.8
2489,33.060469,-117.093654,1375.8,118.8,2.4,170,82,280,,True,5.6
2490,33.06047,-117.093642,1377.5,119.0,2.32,170,82,277,,True,3.6
2491,33.060467,-117.093623,1379.3,119.0,2.12,171,82,274,,True,5.8
2492,33.060466,-117.09359,1381.8,119.2,2.16,170,82,273,,True,5.6
2493,33.06046,-117.093575,1383.8,119.2,2.2,170,83,271,,True,7.5
2494,33.06046,-117.093549,1386.2,119.4,2.08,170,83,270,,True,7.4
2495,33.060462,-117.093528,1388.2,119.6,2.14,171,83,268,,True,9.3
2496,33.060456,-117.093511,1389.9,119.8,2.12,171,82,268,,True,7.1
2497,33.060459,-117.093477,1392.6,120.0,2.16,171,82,267,,True,5.1
2498,33.06046,-117.093458,1394.5,120.2,2.14,171,82,265,,True,4.0
2499,33.060464,-117.09343,1397.5,120.2,2.26,172,82,266,,True,5.2
2500,33.060462,-117.0934,1399.9,120.2,2.34,172,82,267,,True,5.1
2501,33.060456,-117.093386,1401.6,120.4,2.34,172,82,268,,True,7.7
2502,33.060448,-117.093357,1404.1,120.6,2.3,171,83,268,,True,11.2
2503,33.060452,-117.09333,1406.3,120.8,2.36,172,83,269,,True,11.0
2504,33.060445,-117.093318,1407.9,121.0,2.08,172,83,272,,True,10.9
2505,33.06044,-117.093312,1408.8,121.2,1.78,172,82,273,,True,9.4
2506,33.060444,-117.0933,1409.6,121.2,1.6,172,82,270,,True,9.6
2507,33.060447,-117.093288,1410.8,121.4,1.34,173,82,272,,True,7.4
2508,33.060452,-117.093268,1412.6,121.6,1.26,173,82,274,,True,5.4
2509,33.060454,-117.093245,1414.7,121.6,1.36,173,82,261,,True,5.8
2510,33.060453,-117.093224,1416.7,121.8,1.58,173,82,253,,True,5.4
2511,33.060453,-117.093202,1418.7,121.8,1.82,172,82,251,,True,6.0
2512,33.060453,-117.093188,1420.0,121.8,1.84,173,82,248,,True,9.6
2513,33.060451,-117.09317,1422.0,122.0,1.88,173,82,249,,True,8.6
2514,33.06045,-117.09316,1422.6,122.2,1.58,172,82,240,,False,7.6
2515,33.06045,-117.093145,1424.0,122.4,1.46,172,82,238,,True,7.0
2516,33.060454,-117.093137,1425.1,122.6,1.28,172,55,166,,True,7.8
2517,33.060456,-117.093127,1426.0,122.6,1.2,172,53,162,,True,5.8
2518,33.060458,-117.093115,1427.2,122.6,1.04,171,53,154,,True,3.8
2519,33.060451,-117.093102,1428.5,122.4,1.18,171,53,146,,True,1.9
2520,33.060457,-117.09309,1430.2,122.6,1.24,170,53,146,,True,0.0
2521,33.060462,-117.093075,1431.1,122.6,1.2,169,54,150,,True,0.0
2522,33.060461,-117.093062,1432.3,122.6,1.26,166,54,147,,True,0.0
2523,33.060462,-117.093049,1433.1,122.6,1.18,161,54,137,,False,1.9
2524,33.060462,-117.093033,1434.7,122.6,1.24,160,53,127,,True,0.0
2525,33.060463,-117.093021,1435.7,122.6,1.1,159,53,125,,True,1.8
2526,33.060463,-117.09301,1436.7,122.6,1.12,159,53,119,,True,2.0
2527,33.060462,-117.092998,1437.7,122.6,1.08,159,53,115,,True,1.9
2528,33.060462,-117.092984,1439.1,122.6,1.2,159,53,111,,True,3.9
2529,33.060457,-117.092967,1440.7,122.6,1.2,159,53,110,,True,3.9
2530,33.060456,-117.092952,1442.4,122.8,1.34,159,54,112,,True,3.8
2531,33.060465,-117.092936,1443.8,122.8,1.42,158,54,114,,True,3.8
2532,33.060467,-117.092923,1445.0,123.0,1.46,158,52,112,,True,3.8
2533,33.060468,-117.092911,1446.0,123.0,1.38,158,52,109,,True,5.8
2534,33.060468,-117.092898,1447.3,123.0,1.32,158,52,108,,True,5.6
2535,33.060465,-117.092884,1448.2,123.0,1.16,158,52,106,,True,7.3
2536,33.060463,-117.092868,1449.6,123.0,1.16,159,57,114,,True,5.6
2537,33.060461,-117.092855,1451.1,123.2,1.22,161,57,113,,True,7.1
2538,33.06046,-117.092844,1452.1,123.4,1.22,162,55,109,,True,8.0
2539,33.060461,-117.092831,1453.1,123.4,1.16,162,54,107,,True,9.3
2540,33.060462,-117.092815,1454.7,123.6,1.3,162,54,108,,True,9.3
2541,33.060464,-117.092803,1455.8,123.6,1.24,161,54,111,,True,9.2
2542,33.060465,-117.092787,1457.3,123.8,1.24,158,55,115,,True,8.7
2543,33.060466,-117.09277,1458.9,124.0,1.36,156,55,120,,True,10.2
2544,33.060465,-117.092755,1460.4,124.0,1.46,156,55,123,,True,10.9
2545,33.060469,-117.09274,1462.0,124.2,1.46,156,55,127,,True,11.0
2546,33.060472,-117.092725,1463.6,124.4,1.56,155,55,129,,True,11.7
2547,33.060473,-117.092713,1464.5,124.6,1.44,155,55,135,,True,7.3
2548,33.060471,-117.0927,1465.7,124.8,1.36,155,55,137,,True,7.4
2549,33.060469,-117.09269,1466.7,124.8,1.26,154,107,178,,True,7.4
2550,33.060465,-117.092681,1467.6,125.0,1.12,154,112,175,,True,7.5
2551,33.060462,-117.092671,1468.5,124.8,0.98,154,112,173,,True,5.4
2552,33.060459,-117.092655,1469.9,124.8,1.08,154,112,174,,True,4.0
2553,33.060456,-117.092642,1471.2,124.8,1.1,154,112,178,,True,5.8
2554,33.060453,-117.092626,1472.8,125.0,1.22,154,55,141,,True,3.8
2555,33.06045,-117.092611,1474.3,125.2,1.34,153,55,142,,True,7.3
2556,33.060446,-117.092597,1475.7,125.2,1.44,153,55,136,,True,9.3
2557,33.060443,-117.092583,1477.0,125.4,1.42,153,55,135,,True,10.6
2558,33.060441,-117.09257,1478.2,125.4,1.4,152,54,133,,True,10.4
2559,33.060438,-117.092557,1479.4,125.6,1.32,152,54,132,,True,11.5
2560,33.060434,-117.092541,1480.7,125.8,1.28,151,53,133,,True,10.2
2561,33.060429,-117.092524,1482.5,126.0,1.36,150,53,135,,True,11.1
2562,33.060425,-117.092508,1484.3,126.2,1.46,150,54,137,,True,13.1
2563,33.060421,-117.092493,1486.1,126.4,1.58,150,55,145,,True,10.5
2564,33.060417,-117.092485,1486.8,126.4,1.48,150,55,149,,True,10.3
2565,33.060412,-117.092474,1487.8,126.6,1.42,149,55,150,,True,9.1
2566,33.060407,-117.092461,1488.9,126.8,1.28,149,55,148,,True,9.5
2567,33.060402,-117.092446,1490.8,126.8,1.3,149,55,147,,True,9.3
2568,33.060396,-117.092432,1492.2,127.0,1.22,149,54,143,,True,10.0
2569,33.060391,-117.092418,1493.5,127.0,1.34,149,54,144,,True,9.6
2570,33.060386,-117.092406,1494.8,127.2,1.4,149,54,146,,True,7.4
2571,33.060383,-117.092396,1495.7,127.4,1.36,149,54,145,,True,9.8
2572,33.060379,-117.092383,1496.8,127.4,1.2,148,55,143,,True,7.8
2573,33.060374,-117.09237,1498.2,127.6,1.2,148,55,144,,True,9.7
2574,33.060369,-117.092356,1499.7,127.6,1.24,148,55,145,,True,7.5
2575,33.060364,-117.092344,1501.0,127.8,1.24,148,55,146,,True,5.5
2576,33.060358,-117.09233,1502.5,127.8,1.36,148,55,147,,True,6.8
2577,33.060354,-117.092316,1503.8,128.0,1.4,147,55,143,,True,5.8
2578,33.060348,-117.092301,1505.4,128.0,1.44,147,55,144,,True,5.8
2579,33.060345,-117.092286,1506.7,128.0,1.4,147,54,141,,True,6.3
2580,33.06034,-117.092269,1508.5,128.2,1.5,146,54,141,,True,7.6
2581,33.060337,-117.092255,1510.1,128.2,1.52,146,55,142,,True,7.8
2582,33.06033,-117.092246,1511.3,128.4,1.5,146,55,142,,True,8.8
2583,33.060324,-117.092238,1512.0,128.4,1.32,145,56,144,,True,10.0
2584,33.060317,-117.092228,1513.0,128.6,1.26,145,56,143,,True,9.4
2585,33.06031,-117.092218,1514.1,128.8,1.12,145,58,147,,True,11.1
2586,33.060303,-117.092206,1515.3,128.8,1.04,145,58,146,,True,10.4
2587,33.060297,-117.092193,1516.7,129.0,1.08,145,57,143,,True,11.1
2588,33.060291,-117.092183,1517.9,129.2,1.18,145,55,138,,True,9.1
2589,33.060285,-117.092173,1519.1,129.2,1.22,145,55,139,,True,8.8
2590,33.060274,-117.092159,1520.9,129.4,1.36,144,55,141,,True,9.8
2591,33.060263,-117.092146,1522.8,129.6,1.5,144,55,142,,True,9.3
2592,33.060256,-117.092136,1524.0,129.6,1.46,144,54,142,,True,9.0
2593,33.060248,-117.092125,1525.4,129.8,1.5,144,54,144,,True,9.2
2594,33.060238,-117.092112,1526.9,130.0,1.56,144,54,145,,True,7.6
2595,33.060226,-117.092098,1528.6,130.2,1.54,144,54,146,,True,7.4
2596,33.060218,-117.092086,1530.2,130.2,1.48,144,54,146,,True,7.3
2597,33.060209,-117.092072,1531.8,130.4,1.56,144,55,147,,True,5.3
2598,33.060201,-117.092058,1533.3,130.4,1.58,144,55,146,,True,5.4
2599,33.060194,-117.092046,1534.8,130.4,1.58,144,54,144,,True,5.4
2600,33.060186,-117.092031,1536.4,130.6,1.56,143,54,143,,True,5.4
2601,33.060178,-117.092016,1538.2,130.6,1.6,144,54,143,,True,5.6
2602,33.060171,-117.092003,1539.7,130.8,1.58,144,54,145,,True,7.8
2603,33.060166,-117.091989,1541.3,130.8,1.6,143,55,147,,True,6.3
2604,33.060162,-117.091976,1543.0,131.0,1.64,142,55,148,,True,7.6
2605,33.060159,-117.091966,1544.1,131.0,1.54,141,55,147,,True,7.1
2606,33.060154,-117.091957,1545.1,131.2,1.38,141,55,148,,True,7.0
2607,33.060151,-117.091946,1546.0,131.2,1.26,141,55,146,,True,7.1
2608,33.060146,-117.091935,1546.9,131.4,1.12,141,55,145,,True,7.5
2609,33.06014,-117.091922,1548.0,131.4,1.0,140,56,144,,True,7.3
2610,33.060132,-117.091907,1549.5,131.4,1.08,140,56,145,,True,5.2
2611,33.060124,-117.091893,1551.2,131.6,1.22,140,56,145,,True,5.6
2612,33.060119,-117.091877,1552.5,131.6,1.3,140,56,144,,True,3.6
2613,33.060111,-117.091868,1553.7,131.8,1.36,140,56,142,,True,3.6
2614,33.060103,-117.091858,1555.0,131.8,1.4,140,57,139,,True,3.6
2615,33.060095,-117.091843,1556.7,131.8,1.44,140,57,134,,True,1.9
2616,33.060089,-117.091832,1557.9,131.8,1.34,140,57,130,,True,1.9
2617,33.060082,-117.091818,1559.1,131.8,1.32,141,57,127,,True,-1.8
2618,33.060073,-117.091807,1560.7,131.8,1.4,140,57,123,,True,-3.7
2619,33.060065,-117.091797,1562.0,131.8,1.4,141,57,118,,True,-6.0
2620,33.060058,-117.091788,1563.2,131.8,1.3,140,56,109,,True,-5.7
2621,33.060051,-117.091778,1564.6,131.6,1.34,140,56,103,,True,-5.5
2622,33.060045,-117.091766,1565.7,131.4,1.32,140,56,97,,True,-5.4
2623,33.060042,-117.091753,1566.7,131.2,1.2,139,58,98,,True,-5.3
2624,33.060037,-117.091737,1568.5,131.2,1.3,139,58,95,,True,-3.8
2625,33.060032,-117.091721,1570.1,131.2,1.38,139,57,91,,True,-3.6
2626,33.060028,-117.091705,1571.9,131.2,1.46,138,57,90,,True,-2.0
2627,33.060024,-117.09169,1573.4,131.2,1.54,138,58,89,,True,-1.7
2628,33.060023,-117.091672,1575.1,131.2,1.68,137,58,91,,True,-2.0
2629,33.060022,-117.091655,1576.8,131.0,1.66,137,59,90,,True,-3.7
2630,33.060021,-117.091638,1578.4,131.0,1.66,136,59,90,,True,-3.8
2631,33.060021,-117.09162,1580.1,131.0,1.64,136,59,91,,True,-3.6
2632,33.060018,-117.091605,1581.8,131.0,1.68,136,60,92,,True,-1.8
2633,33.060019,-117.091591,1582.7,130.8,1.52,135,60,92,,True,-1.8
2634,33.060019,-117.091573,1583.9,130.8,1.42,135,57,87,,True,-1.8
2635,33.060022,-117.091551,1586.3,130.8,1.58,135,57,87,,True,0.0
2636,33.060025,-117.091531,1588.2,130.8,1.62,139,57,87,,True,2.0
2637,33.060031,-117.091514,1589.8,130.8,1.6,140,56,87,,True,1.8
2638,33.060034,-117.091498,1591.3,130.8,1.72,140,56,88,,True,2.0
2639,33.060036,-117.091483,1592.9,131.0,1.8,140,56,88,,True,1.7
2640,33.060036,-117.091474,1593.6,131.0,1.46,140,0,31,,False,1.9
2641,33.060036,-117.091458,1594.8,131.0,1.32,139,0,31,,True,1.9
2642,33.060036,-117.091442,1596.2,131.0,1.28,139,57,32,,True,0.0
2643,33.060037,-117.091426,1597.8,131.0,1.3,138,57,94,,True,-3.9
2644,33.060036,-117.091417,1598.7,131.0,1.16,138,0,0,,True,-3.7
2645,33.060033,-117.091407,1599.5,131.0,1.18,137,0,0,,False,-3.6
2646,33.060027,-117.091397,1600.5,131.0,1.14,137,0,0,,True,-3.6
2647,33.060021,-117.091384,1601.8,130.8,1.12,137,0,0,,True,-1.9
2648,33.060012,-117.091373,1603.1,130.6,1.06,137,0,0,,True,-1.8
2649,33.06,-117.09137,1604.5,130.6,1.16,137,0,0,,True,-1.9
2650,33.059986,-117.091368,1606.0,130.6,1.3,136,0,0,,True,-1.9
2651,33.059975,-117.091369,1607.2,130.6,1.34,136,53,85,,True,0.0
2652,33.059963,-117.091371,1608.6,130.8,1.36,136,53,84,,True,1.8
2653,33.059951,-117.091376,1609.8,130.8,1.34,136,53,84,,True,1.7
2654,33.059937,-117.09138,1611.3,130.8,1.36,135,53,83,,True,3.8
2655,33.059924,-117.091385,1612.9,130.8,1.38,135,53,83,,True,3.8
2656,33.05991,-117.091394,1614.4,130.8,1.44,134,53,83,,True,3.5
2657,33.059897,-117.091401,1616.2,130.8,1.52,134,58,90,,True,3.2
2658,33.059882,-117.091404,1617.6,131.0,1.56,133,58,91,,True,3.7
2659,33.059865,-117.09141,1619.2,131.2,1.58,133,57,92,,True,3.4
2660,33.059847,-117.091416,1621.2,131.2,1.66,133,57,92,,True,0.0
2661,33.059826,-117.091425,1623.8,131.2,1.88,132,57,92,,True,-4.6
2662,33.059806,-117.091435,1626.1,131.2,1.98,132,57,93,,True,-5.4
2663,33.059781,-117.091442,1628.8,130.8,2.24,132,71,136,,True,-5.3
2664,33.05975,-117.091449,1632.3,130.6,2.62,132,71,139,,True,-6.6
2665,33.059727,-117.091457,1635.2,130.6,2.8,132,80,173,,True,-3.3
2666,33.059703,-117.091462,1638.2,130.4,2.88,132,80,214,,True,-3.7
2667,33.059675,-117.091446,1641.0,130.4,2.98,132,81,232,,True,-3.6
2668,33.059658,-117.091452,1643.2,130.2,2.88,133,81,245,,True,-3.7
2669,33.059629,-117.09145,1646.2,130.2,2.78,133,81,247,,True,-5.6
2670,33.059603,-117.091449,1649.0,130.0,2.76,134,81,256,,True,-4.9
2671,33.05958,-117.091447,1651.8,129.8,2.72,135,81,245,,True,-6.6
2672,33.059547,-117.091444,1655.4,129.6,2.88,136,81,235,,True,-8.3
2673,33.059522,-117.091437,1658.3,129.4,3.02,136,81,233,,True,-7.8
2674,33.059501,-117.091435,1661.0,129.0,2.96,137,81,247,,True,-8.2
2675,33.059463,-117.09143,1664.7,128.8,3.14,137,81,244,,True,-9.8
2676,33.05944,-117.091418,1667.6,128.6,3.16,138,81,240,,True,-9.2
2677,33.059416,-117.091408,1670.5,128.2,3.02,139,81,243,,True,-9.7
2678,33.059382,-117.091395,1674.1,127.8,3.16,140,81,230,,True,-7.9
2679,33.05936,-117.091385,1677.1,127.6,3.22,140,81,228,,True,-6.0
2680,33.059334,-117.091369,1680.3,127.6,3.12,140,80,233,,True,-4.7
2681,33.059305,-117.091349,1683.9,127.4,3.26,141,80,230,,True,-3.0
2682,33.059283,-117.091336,1686.9,127.2,3.28,142,81,230,,True,-4.6
2683,33.059251,-117.091317,1690.6,127.2,3.3,142,81,235,,True,-4.8
2684,33.05923,-117.091303,1693.4,127.0,3.26,142,82,238,,True,-4.8
2685,33.059206,-117.09129,1696.5,126.8,3.24,143,82,231,,True,-6.9
2686,33.059181,-117.091271,1699.4,126.6,3.1,143,82,231,,True,-4.8
2687,33.059161,-117.091257,1702.2,126.4,3.06,143,82,226,,True,-3.2
2688,33.05913,-117.091233,1705.9,126.4,3.06,144,83,224,,True,-3.1
2689,33.059111,-117.091213,1709.1,126.4,3.14,144,83,224,,True,-1.5
2690,33.059087,-117.091197,1712.3,126.2,3.16,144,84,237,,True,-1.6
2691,33.059061,-117.091172,1715.5,126.2,3.22,144,84,239,,True,-1.6
2692,33.05904,-117.091158,1718.5,126.2,3.26,144,84,242,,True,-1.6
2693,33.059016,-117.091136,1721.7,126.2,3.16,145,83,244,,True,-1.6
2694,33.058995,-117.091111,1725.0,126.0,3.18,145,83,239,,True,-1.5
2695,33.058974,-117.091094,1728.1,126.0,3.16,145,83,241,,True,-3.1
2696,33.058948,-117.091067,1731.6,126.0,3.22,145,83,244,,True,-1.6
2697,33.058928,-117.09105,1734.5,125.8,3.2,146,83,246,,True,-1.6
2698,33.058904,-117.091034,1737.7,125.8,3.2,146,83,250,,True,-1.7
2699,33.058881,-117.091012,1740.7,125.8,3.14,146,83,253,,True,0.0
2700,33.058859,-117.090998,1743.7,125.8,3.12,147,83,254,,True,0.0
2701,33.058836,-117.090972,1746.6,125.8,3.0,147,84,256,,True,1.7
2702,33.05882,-117.090958,1749.4,125.8,2.98,147,84,259,,True,1.7
2703,33.058798,-117.090929,1752.6,126.0,2.98,148,84,262,,True,0.0
2704,33.058777,-117.090913,1755.5,126.0,2.96,148,84,263,,True,0.0
2705,33.05875,-117.09089,1759.2,125.8,3.1,148,84,263,,True,-1.6
2706,33.058729,-117.090874,1762.0,125.8,3.08,148,84,265,,True,-1.6
2707,33.05871,-117.090854,1765.0,125.8,3.12,149,84,267,,True,-1.7
2708,33.058686,-117.090828,1768.2,125.8,3.12,149,84,269,,True,-1.6
2709,33.05867,-117.090812,1771.2,125.6,3.14,149,84,269,,True,-3.3
2710,33.058645,-117.090791,1774.3,125.6,3.02,150,85,266,,True,-5.0
2711,33.058624,-117.090776,1777.0,125.4,3.0,150,85,266,,True,-3.3
2712,33.058603,-117.090756,1780.1,125.2,3.02,150,85,266,,True,-1.7
2713,33.05858,-117.090731,1783.4,125.2,3.04,151,85,266,,True,0.0
2714,33.058561,-117.090716,1786.4,125.4,3.04,151,85,268,,True,1.7
2715,33.058534,-117.0907,1789.1,125.4,2.96,152,85,270,,True,0.0
2716,33.058517,-117.090682,1791.9,125.4,2.98,152,85,271,,True,-1.7
2717,33.058496,-117.090665,1794.9,125.2,2.96,153,85,269,,True,-3.6
2718,33.058475,-117.09064,1798.0,125.2,2.92,153,83,271,,True,-3.4
2719,33.058459,-117.090626,1800.3,125.0,2.78,153,83,271,,True,-1.7
2720,33.058427,-117.090607,1803.8,125.0,2.94,154,83,270,,True,-1.7
2721,33.058409,-117.090597,1806.4,125.0,2.9,154,83,270,,True,0.0
2722,33.058379,-117.090576,1809.8,125.0,2.98,154,83,268,,True,1.6
2723,33.058359,-117.090555,1812.8,125.0,2.96,154,83,268,,True,1.5
2724,33.058334,-117.090538,1816.4,125.2,3.22,155,83,268,,True,1.6
2725,33.058313,-117.090512,1819.4,125.2,3.12,155,84,268,,True,1.6
2726,33.058296,-117.0905,1822.0,125.2,3.12,155,84,270,,True,0.0
2727,33.058267,-117.090478,1825.3,125.2,3.1,156,84,271,,True,-1.8
2728,33.05825,-117.090471,1827.6,125.2,2.96,156,86,268,,True,-1.8
2729,33.058226,-117.090452,1830.6,125.0,2.84,156,86,267,,True,-1.8
2730,33.058205,-117.090435,1833.2,125.0,2.76,156,86,263,,True,-1.7
2731,33.058184,-117.090421,1836.2,125.0,2.84,157,86,263,,True,-1.8
2732,33.058159,-117.090401,1839.3,125.0,2.8,157,83,265,,True,-1.7
2733,33.058141,-117.090388,1841.9,124.8,2.86,158,83,266,,True,-1.7
2734,33.058118,-117.090361,1845.1,124.8,2.9,158,85,264,,True,-1.7
2735,33.058097,-117.090345,1847.9,124.8,2.94,158,85,265,,True,1.6
2736,33.058078,-117.090322,1851.0,124.8,2.96,158,85,265,,True,1.6
2737,33.058065,-117.090287,1854.3,125.0,3.0,159,85,267,,True,1.5
2738,33.05805,-117.090261,1857.4,125.0,3.1,159,85,268,,True,0.0
2739,33.058039,-117.09022,1861.1,125.0,3.2,159,85,270,,True,-1.6
2740,33.058032,-117.090197,1863.8,124.8,3.18,160,85,271,,True,-1.6
2741,33.058029,-117.090168,1866.8,124.8,3.16,160,85,272,,True,-1.8
2742,33.058028,-117.090134,1869.7,124.8,3.08,161,85,272,,True,0.0
2743,33.058023,-117.090111,1872.0,124.8,2.92,161,84,274,,True,0.0
2744,33.058015,-117.090075,1875.3,124.8,2.84,162,83,275,,True,0.0
2745,33.058011,-117.090049,1878.0,124.8,2.84,162,83,273,,True,0.0
2746,33.058007,-117.090021,1880.9,124.8,2.82,162,84,269,,True,0.0
2747,33.058007,-117.089988,1883.6,124.8,2.78,163,84,268,,True,0.0
2748,33.057999,-117.089964,1886.2,124.8,2.84,163,83,269,,True,0.0
2749,33.057991,-117.089935,1888.8,124.8,2.7,163,83,270,,True,0.0
2750,33.057983,-117.089913,1891.1,124.8,2.62,163,83,269,,True,0.0
2751,33.057979,-117.089884,1893.9,124.8,2.6,163,83,266,,True,0.0
2752,33.057977,-117.089849,1896.8,124.8,2.64,163,83,263,,True,-1.7
2753,33.057969,-117.089824,1899.6,124.8,2.68,163,84,261,,True,-1.7
2754,33.057962,-117.089784,1902.7,124.6,2.78,163,84,260,,True,-1.6
2755,33.057954,-117.089761,1905.6,124.6,2.9,163,85,259,,True,0.0
2756,33.057946,-117.089722,1909.1,124.6,3.04,163,85,259,,True,0.0
2757,33.057932,-117.089688,1912.4,124.8,3.12,163,85,259,,True,0.0
2758,33.057931,-117.089658,1916.0,124.6,3.28,163,86,260,,True,0.0
2759,33.057925,-117.089621,1919.2,124.6,3.3,163,86,261,,True,-3.4
2760,33.05792,-117.089597,1921.7,124.6,3.22,164,86,262,,True,-1.8
2761,33.057911,-117.089566,1924.3,124.4,3.04,163,85,263,,True,-1.9
2762,33.057905,-117.089539,1927.0,124.4,2.92,163,85,262,,True,-1.9
2763,33.057899,-117.089508,1930.0,124.4,2.8,164,85,260,,True,1.8
2764,33.057897,-117.08948,1932.5,124.4,2.66,164,85,258,,True,1.7
2765,33.057886,-117.089457,1935.3,124.6,2.72,163,85,258,,True,3.6
2766,33.057877,-117.089418,1938.5,124.6,2.84,163,85,258,,True,3.4
2767,33.057868,-117.089399,1941.1,124.8,2.82,163,85,258,,True,1.7
2768,33.05786,-117.089359,1944.3,124.8,2.86,163,86,257,,True,0.0
2769,33.057852,-117.089335,1947.0,124.8,2.9,163,86,257,,True,-1.7
2770,33.057848,-117.089305,1950.0,124.6,2.94,163,86,257,,True,-1.8
2771,33.057839,-117.089273,1952.9,124.6,2.88,163,86,257,,True,-1.7
2772,33.057834,-117.08925,1955.4,124.6,2.86,163,86,257,,True,0.0
2773,33.057829,-117.089209,1958.9,124.6,2.92,163,86,257,,True,0.0
2774,33.057825,-117.089185,1961.5,124.6,2.9,163,85,257,,True,0.0
2775,33.057821,-117.089154,1964.4,124.6,2.88,163,84,258,,True,0.0
2776,33.057821,-117.089126,1967.0,124.6,2.82,163,84,258,,True,0.0
2777,33.057814,-117.089103,1969.4,124.6,2.8,164,84,258,,True,0.0
2778,33.057805,-117.089064,1972.4,124.6,2.7,163,84,257,,True,0.0
2779,33.057796,-117.08904,1975.2,124.6,2.74,163,84,257,,True,0.0
2780,33.05779,-117.089006,1978.4,124.6,2.8,163,84,257,,True,-1.8
2781,33.057788,-117.08898,1980.9,124.6,2.78,163,84,257,,True,-1.7
2782,33.057783,-117.08895,1983.8,124.4,2.88,163,84,256,,True,-1.8
2783,33.05778,-117.088913,1986.8,124.4,2.88,163,84,256,,True,-1.6
2784,33.057774,-117.088887,1989.7,124.4,2.9,163,84,256,,True,1.7
2785,33.057773,-117.088853,1993.1,124.4,2.94,163,84,256,,True,3.6
2786,33.057774,-117.088828,1995.5,124.6,2.92,162,84,256,,True,3.7
2787,33.057771,-117.088804,1997.8,124.8,2.8,163,84,257,,True,3.1
2788,33.057771,-117.088769,2000.6,124.8,2.76,163,84,257,,True,1.9
2789,33.057767,-117.088748,2003.0,124.8,2.66,162,84,256,,True,0.0
2790,33.057771,-117.088713,2006.1,124.8,2.6,163,84,256,,True,-1.9
2791,33.057773,-117.088685,2008.7,124.8,2.64,163,84,255,,True,-1.7
2792,33.05777,-117.088657,2011.4,124.6,2.72,162,84,255,,True,-1.8
2793,33.057778,-117.08862,2014.7,124.6,2.82,162,83,255,,True,-3.4
2794,33.057784,-117.088592,2017.5,124.6,2.9,162,83,255,,True,-3.3
2795,33.057787,-117.088561,2020.5,124.4,2.88,162,83,255,,True,-5.1
2796,33.057789,-117.088524,2023.6,124.2,2.98,163,82,255,,True,-5.0
2797,33.057784,-117.088499,2026.4,124.0,3.0,162,81,257,,True,-1.8
2798,33.057786,-117.088464,2029.4,124.0,2.94,162,81,257,,True,0.0
2799,33.057786,-117.088442,2031.7,124.2,2.84,162,82,254,,True,3.7
2800,33.057784,-117.088412,2034.6,124.2,2.82,162,83,254,,True,3.9
2801,33.057783,-117.08838,2037.2,124.4,2.72,162,84,252,,True,1.7
2802,33.057778,-117.088357,2039.7,124.4,2.66,163,84,252,,True,1.8
2803,33.057779,-117.088317,2043.2,124.4,2.76,162,84,251,,True,-1.7
2804,33.057781,-117.088289,2046.0,124.4,2.86,162,84,251,,True,-1.6
2805,33.057781,-117.088259,2048.9,124.2,2.86,163,83,253,,True,-1.7
2806,33.057787,-117.088222,2052.1,124.2,2.98,162,83,253,,True,-1.7
2807,33.057786,-117.088198,2054.7,124.2,3.0,162,83,253,,True,0.0
2808,33.057793,-117.08816,2058.0,124.2,2.96,163,83,252,,True,0.0
2809,33.057792,-117.088134,2060.6,124.2,2.92,162,84,252,,True,0.0
2810,33.057793,-117.088108,2063.1,124.2,2.84,162,84,252,,True,0.0
2811,33.057795,-117.088069,2066.3,124.2,2.84,162,84,252,,True,0.0
2812,33.057793,-117.088048,2068.6,124.2,2.78,162,83,252,,True,0.0
2813,33.0578,-117.088013,2071.8,124.2,2.76,162,83,253,,True,1.8
2814,33.057808,-117.087983,2074.7,124.2,2.82,163,83,253,,True,1.7
2815,33.057806,-117.087956,2077.4,124.4,2.86,162,83,253,,True,1.8
2816,33.057811,-117.087919,2080.6,124.4,2.86,162,83,254,,True,1.9
2817,33.057817,-117.0879,2082.8,124.4,2.84,162,83,255,,True,0.0
2818,33.057823,-117.087873,2085.5,124.4,2.74,162,83,254,,True,0.0
2819,33.057827,-117.087839,2088.3,124.4,2.72,162,83,253,,True,-1.9
2820,33.057823,-117.087818,2090.7,124.4,2.66,162,82,253,,True,0.0
2821,33.057825,-117.087782,2093.5,124.2,2.58,162,82,254,,True,0.0
2822,33.057832,-117.087756,2096.3,124.4,2.7,162,82,253,,True,0.0
2823,33.057837,-117.087728,2099.1,124.4,2.72,161,82,254,,True,3.7
2824,33.05784,-117.087693,2102.1,124.4,2.76,162,83,252,,True,1.9
2825,33.057839,-117.087673,2104.4,124.6,2.74,162,83,252,,True,1.9
2826,33.057845,-117.087643,2107.0,124.6,2.7,161,83,252,,True,2.0
2827,33.05785,-117.087616,2109.4,124.6,2.62,162,83,251,,True,0.0
2828,33.057852,-117.087587,2112.3,124.6,2.64,161,83,250,,True,0.0
2829,33.057858,-117.087551,2115.3,124.6,2.64,161,83,250,,True,0.0
2830,33.057861,-117.087527,2117.9,124.6,2.7,161,82,252,,True,0.0
2831,33.057875,-117.087496,2121.1,124.6,2.82,161,82,253,,True,0.0
2832,33.057888,-117.087472,2123.7,124.6,2.86,160,84,251,,True,0.0
2833,33.057899,-117.087448,2126.5,124.6,2.84,160,84,251,,True,0.0
2834,33.057918,-117.087415,2129.8,124.6,2.9,160,84,251,,True,-1.6
2835,33.057933,-117.087393,2132.6,124.6,2.94,160,84,250,,True,-1.6
2836,33.057957,-117.087368,2136.4,124.4,3.06,159,83,252,,True,-1.7
2837,33.057979,-117.08735,2139.2,124.4,3.1,159,83,253,,True,-1.6
2838,33.057992,-117.087329,2141.8,124.4,3.06,158,83,256,,True,-1.7
2839,33.058016,-117.087296,2145.5,124.4,3.14,158,83,255,,True,-1.7
2840,33.058033,-117.087274,2148.5,124.2,3.18,158,83,254,,True,-3.1
2841,33.058049,-117.087253,2151.3,124.2,2.98,158,83,255,,True,-3.4
2842,33.058072,-117.087226,2154.5,124.0,3.06,158,83,253,,True,-3.4
2843,33.058087,-117.087208,2157.2,124.0,3.08,157,83,254,,True,-3.4
2844,33.05811,-117.087189,2160.4,123.8,2.98,158,82,253,,True,-1.8
2845,33.058133,-117.087172,2163.1,123.8,2.92,158,82,254,,True,-1.7
2846,33.058149,-117.087155,2165.7,123.8,2.88,157,82,253,,True,-1.9
2847,33.058173,-117.087132,2168.8,123.8,2.86,158,82,251,,True,-1.8
2848,33.058187,-117.087116,2171.1,123.6,2.78,158,82,250,,True,-3.5
2849,33.05821,-117.087097,2174.3,123.6,2.78,157,82,248,,True,-3.8
2850,33.058231,-117.087076,2177.2,123.4,2.82,158,82,248,,True,-1.7
2851,33.058242,-117.087058,2179.3,123.4,2.72,157,82,249,,True,-1.8
2852,33.058269,-117.087033,2183.0,123.4,2.84,157,82,248,,True,0.0
2853,33.058288,-117.087021,2185.5,123.4,2.88,157,84,246,,True,-1.8
2854,33.058303,-117.087004,2187.9,123.4,2.72,158,84,245,,True,-3.1
2855,33.05832,-117.08698,2190.6,123.2,2.68,157,83,245,,True,-3.9
2856,33.058333,-117.086962,2192.8,123.0,2.7,157,82,244,,True,-5.7
2857,33.05835,-117.08694,2195.8,123.0,2.56,158,82,242,,True,-6.0
2858,33.058375,-117.086929,2198.5,122.8,2.6,157,81,241,,True,-3.8
2859,33.058388,-117.086918,2200.6,122.6,2.54,157,81,237,,True,-6.4
2860,33.058414,-117.0869,2203.4,122.6,2.56,157,81,234,,True,-6.2
2861,33.058431,-117.086893,2205.6,122.4,2.56,158,82,229,,True,-5.6
2862,33.058451,-117.086878,2208.3,122.2,2.5,158,82,225,,True,-7.9
2863,33.058474,-117.086856,2211.3,122.0,2.56,158,82,222,,True,-5.5
2864,33.05849,-117.086844,2213.5,121.8,2.58,158,82,219,,True,-5.6
2865,33.058512,-117.086822,2216.5,121.8,2.62,158,82,217,,True,-3.8
2866,33.058527,-117.086801,2219.1,121.6,2.7,158,82,217,,True,-1.8
2867,33.058538,-117.086778,2221.9,121.6,2.72,158,82,216,,True,-1.9
2868,33.058552,-117.086747,2224.7,121.6,2.68,158,82,217,,True,1.8
2869,33.058558,-117.086727,2227.0,121.6,2.7,158,83,218,,True,1.8
2870,33.058573,-117.086695,2230.1,121.8,2.72,158,84,218,,True,3.5
2871,33.058593,-117.086672,2233.1,121.8,2.8,158,84,220,,True,5.1
2872,33.058609,-117.086647,2236.2,122.0,2.86,158,85,222,,True,7.2
2873,33.058625,-117.086624,2238.8,122.2,2.82,158,85,227,,True,7.2
2874,33.058632,-117.086603,2241.2,122.6,2.84,159,85,231,,True,3.9
2875,33.058648,-117.086571,2244.2,122.6,2.82,158,85,232,,True,1.8
2876,33.05866,-117.086556,2246.5,122.4,2.68,159,85,232,,True,-3.4
2877,33.058681,-117.086528,2250.1,122.4,2.78,159,83,234,,True,-3.6
2878,33.058699,-117.086504,2253.0,122.2,2.84,159,83,238,,True,-1.7
2879,33.05871,-117.086484,2255.4,122.2,2.84,158,83,242,,True,-1.9
2880,33.058726,-117.086459,2258.2,122.2,2.8,159,83,244,,True,0.0
2881,33.05874,-117.086439,2260.5,122.2,2.8,159,84,242,,True,0.0
2882,33.058755,-117.086416,2263.4,122.2,2.66,158,84,243,,True,0.0
2883,33.058779,-117.086391,2266.7,122.2,2.74,158,83,243,,True,0.0
2884,33.05879,-117.08637,2269.3,122.2,2.78,159,82,245,,True,0.0
2885,33.058808,-117.086347,2272.0,122.2,2.76,158,82,247,,True,0.0
2886,33.058827,-117.086329,2274.6,122.2,2.82,158,82,247,,True,1.9
2887,33.058839,-117.086308,2277.3,122.2,2.78,158,82,247,,True,2.0
2888,33.058853,-117.08628,2279.9,122.4,2.64,159,83,246,,True,1.9
2889,33.058859,-117.086261,2282.2,122.4,2.58,158,83,246,,True,1.8
2890,33.058877,-117.086231,2285.3,122.4,2.66,158,83,245,,True,-1.8
2891,33.058892,-117.086207,2288.2,122.4,2.72,158,83,246,,True,-1.6
2892,33.058907,-117.086182,2291.3,122.2,2.8,158,83,246,,True,-1.7
2893,33.058928,-117.086153,2294.6,122.2,2.94,158,83,247,,True,-1.7
2894,33.058938,-117.086135,2297.1,122.2,2.98,158,83,247,,True,0.0
2895,33.058958,-117.086104,2300.3,122.2,3.0,157,84,246,,True,0.0
2896,33.058975,-117.08609,2302.8,122.2,2.92,157,85,246,,True,1.8
2897,33.058991,-117.086072,2305.6,122.2,2.86,157,85,247,,True,2.0
2898,33.059008,-117.086048,2308.1,122.4,2.7,156,85,248,,True,1.8
2899,33.059018,-117.086025,2310.5,122.4,2.68,156,85,250,,True,1.8
2900,33.059041,-117.086001,2313.9,122.4,2.72,156,84,251,,True,0.0
2901,33.059062,-117.085986,2316.6,122.4,2.76,156,84,252,,True,0.0
2902,33.059074,-117.085967,2318.9,122.4,2.66,157,84,252,,True,0.0
2903,33.059097,-117.085942,2321.9,122.4,2.76,156,83,254,,True,0.0
2904,33.059111,-117.08592,2324.7,122.4,2.84,157,83,253,,True,-1.7
2905,33.059134,-117.085896,2327.9,122.4,2.8,157,83,252,,True,-1.8
2906,33.059153,-117.085877,2330.8,122.2,2.84,157,83,253,,True,0.0
2907,33.059163,-117.08586,2333.0,122.2,2.82,157,83,254,,True,0.0
2908,33.059187,-117.085842,2335.6,122.4,2.74,157,83,254,,True,1.9
2909,33.059199,-117.085826,2338.1,122.4,2.68,157,83,253,,True,1.8
2910,33.059223,-117.085799,2341.3,122.4,2.68,156,84,250,,True,1.8
2911,33.05924,-117.08578,2344.0,122.4,2.64,157,85,249,,True,1.8
2912,33.059255,-117.085762,2346.8,122.6,2.76,157,85,250,,True,1.9
2913,33.059277,-117.085743,2349.2,122.6,2.72,157,85,251,,True,1.9
2914,33.059291,-117.085727,2351.7,122.6,2.72,157,85,253,,True,1.9
2915,33.059316,-117.085706,2354.8,122.6,2.7,156,85,253,,True,1.9
2916,33.059334,-117.085694,2357.2,122.8,2.64,157,84,254,,True,1.9
2917,33.059351,-117.085679,2359.8,122.8,2.6,157,84,254,,True,1.9
2918,33.059375,-117.085659,2362.4,122.8,2.64,157,84,255,,True,1.9
2919,33.059389,-117.085643,2365.1,122.8,2.68,157,83,256,,True,1.9
2920,33.059411,-117.08563,2367.8,123.0,2.6,157,83,256,,True,1.9
2921,33.059433,-117.085615,2370.5,123.0,2.66,158,83,256,,True,1.8
2922,33.059445,-117.085597,2373.0,123.0,2.64,158,83,257,,True,1.8
2923,33.059469,-117.085566,2376.1,123.0,2.74,158,83,258,,True,3.7
2924,33.059484,-117.085552,2378.7,123.2,2.72,158,83,259,,True,3.6
2925,33.059501,-117.085536,2381.2,123.4,2.68,157,83,260,,True,5.9
2926,33.059526,-117.08552,2384.1,123.4,2.72,158,83,261,,True,3.7
2927,33.059539,-117.085506,2386.3,123.6,2.66,158,83,263,,True,1.9
2928,33.059565,-117.085483,2389.4,123.6,2.66,158,83,264,,True,1.6
2929,33.059573,-117.08547,2391.5,123.6,2.56,157,83,265,,True,0.0
2930,33.05959,-117.085453,2393.9,123.6,2.54,158,83,266,,True,3.1
2931,33.059616,-117.085435,2396.7,123.6,2.52,158,84,265,,True,3.6
2932,33.059635,-117.085422,2399.3,123.8,2.6,158,84,266,,True,3.5
2933,33.059658,-117.0854,2402.5,124.0,2.62,158,83,268,,True,3.6
2934,33.059676,-117.085386,2405.3,124.0,2.76,158,83,272,,True,1.7
2935,33.059696,-117.085371,2407.8,124.0,2.78,158,83,275,,True,0.0
2936,33.05972,-117.085356,2410.8,124.0,2.82,158,83,277,,True,0.0
2937,33.05973,-117.08534,2412.8,124.0,2.7,158,83,278,,True,0.0
2938,33.059756,-117.085314,2415.8,124.0,2.66,159,84,277,,True,0.0
2939,33.059773,-117.085302,2418.4,124.0,2.62,159,84,273,,True,0.0
2940,33.059796,-117.085291,2421.2,124.0,2.68,159,84,272,,True,0.0
2941,33.059819,-117.085276,2423.8,124.0,2.6,159,84,271,,True,0.0
2942,33.059835,-117.085258,2426.2,124.0,2.68,160,84,272,,True,1.8
2943,33.05986,-117.085231,2429.7,124.0,2.78,160,84,273,,True,3.6
2944,33.059871,-117.085215,2432.3,124.2,2.78,160,84,273,,True,3.5
2945,33.05989,-117.085194,2434.9,124.4,2.74,160,84,273,,True,3.9
2946,33.05991,-117.085177,2437.5,124.4,2.74,160,84,274,,True,3.7
2947,33.059924,-117.085159,2439.9,124.4,2.74,161,84,274,,True,1.9
2948,33.05995,-117.085136,2443.0,124.6,2.66,161,83,274,,True,1.8
2949,33.059964,-117.085122,2445.4,124.6,2.62,161,83,273,,True,1.7
2950,33.059988,-117.085102,2448.6,124.6,2.74,161,83,270,,True,0.0
2951,33.06001,-117.085083,2451.5,124.6,2.8,161,83,270,,True,0.0
2952,33.060027,-117.085066,2454.2,124.6,2.86,161,83,271,,True,0.0
2953,33.060049,-117.085048,2456.9,124.6,2.78,161,83,270,,True,1.9
2954,33.06006,-117.085032,2459.1,124.6,2.74,161,84,268,,True,1.8
2955,33.060081,-117.085009,2462.3,124.8,2.74,161,84,267,,True,1.9
2956,33.060099,-117.084983,2465.4,124.8,2.78,161,84,267,,True,1.7
2957,33.060109,-117.084965,2467.5,124.8,2.66,162,83,267,,True,0.0
2958,33.06013,-117.084942,2470.6,124.8,2.74,161,83,264,,True,-1.8
2959,33.060151,-117.08492,2473.5,124.8,2.88,161,83,258,,True,-1.7
2960,33.060162,-117.084896,2476.4,124.6,2.82,161,81,255,,True,-3.5
2961,33.060183,-117.08487,2479.4,124.6,2.8,161,81,255,,True,-3.4
2962,33.060201,-117.084853,2482.1,124.4,2.92,161,81,254,,True,-1.8
2963,33.060221,-117.084836,2485.1,124.4,2.9,161,81,254,,True,-1.8
2964,33.060242,-117.084815,2487.7,124.4,2.84,161,81,253,,True,1.7
2965,33.060258,-117.084795,2490.4,124.4,2.8,160,82,251,,True,1.7
2966,33.060281,-117.08477,2493.7,124.6,2.86,160,82,251,,True,3.4
2967,33.0603,-117.08475,2496.6,124.6,2.9,160,82,251,,True,3.3
2968,33.060317,-117.08473,2499.4,124.8,2.86,160,82,254,,True,1.8
2969,33.060339,-117.084705,2502.4,124.8,2.94,160,83,254,,True,1.8
2970,33.060347,-117.084683,2505.0,124.8,2.92,160,83,255,,True,0.0
2971,33.060371,-117.08466,2508.0,124.8,2.86,160,84,253,,True,0.0
2972,33.060387,-117.084643,2510.5,124.8,2.78,160,84,252,,True,0.0
2973,33.0604,-117.084626,2513.1,124.8,2.74,160,84,251,,True,0.0
2974,33.060424,-117.084596,2516.5,124.8,2.82,160,83,250,,True,-1.8
2975,33.060438,-117.08458,2518.8,124.8,2.76,161,83,248,,True,-1.8
2976,33.060456,-117.084561,2521.5,124.6,2.7,160,83,249,,True,-1.9
2977,33.060481,-117.084541,2524.5,124.6,2.8,160,82,250,,True,-1.9
2978,33.060494,-117.084525,2527.1,124.6,2.8,160,82,249,,True,0.0
2979,33.060515,-117.084507,2529.6,124.6,2.62,160,82,249,,True,0.0
2980,33.060536,-117.084489,2532.5,124.6,2.74,160,83,247,,True,0.0
2981,33.060551,-117.084468,2535.1,124.6,2.72,160,83,245,,True,0.0
2982,33.06057,-117.084439,2538.2,124.6,2.74,160,83,245,,True,0.0
2983,33.060583,-117.084421,2540.7,124.6,2.72,159,82,246,,True,1.7
2984,33.060608,-117.084396,2544.1,124.6,2.9,160,82,246,,True,1.8
2985,33.060626,-117.084379,2546.9,124.8,2.88,159,82,247,,True,1.7
2986,33.06064,-117.08436,2549.5,124.8,2.88,159,82,247,,True,0.0
2987,33.06066,-117.084332,2552.4,124.8,2.84,159,84,246,,True,-1.8
2988,33.060675,-117.084315,2555.0,124.6,2.86,159,84,245,,True,-3.6
2989,33.060693,-117.084295,2557.8,124.6,2.74,159,84,244,,True,-3.7
2990,33.060711,-117.084267,2560.6,124.4,2.74,159,83,245,,True,-3.4
2991,33.060718,-117.084245,2563.1,124.4,2.72,159,83,244,,True,-5.1
2992,33.060738,-117.084213,2566.7,124.2,2.86,158,83,243,,True,-3.5
2993,33.060753,-117.084189,2569.5,124.0,2.9,158,83,242,,True,-5.1
2994,33.060761,-117.084163,2572.1,124.0,2.86,158,83,243,,True,-3.7
2995,33.060779,-117.084138,2574.9,123.8,2.86,158,82,242,,True,0.0
2996,33.060785,-117.084113,2577.6,123.8,2.9,158,82,242,,True,0.0
2997,33.0608,-117.084078,2580.9,124.0,2.84,157,82,242,,True,1.8
2998,33.060814,-117.08406,2583.4,124.0,2.78,157,84,240,,True,3.5
2999,33.060825,-117.084039,2586.0,124.0,2.78,157,85,241,,True,1.9
3000,33.060845,-117.08401,2589.1,124.2,2.84,157,85,241,,True,1.9
3001,33.06086,-117.083992,2591.6,124.2,2.8,156,85,241,,True,0.0
3002,33.060871,-117.08397,2594.1,124.2,2.64,156,85,241,,True,-1.9
3003,33.060894,-117.083943,2597.2,124.0,2.76,156,82,243,,True,-3.6
3004,33.060907,-117.083928,2599.7,124.0,2.74,156,82,243,,True,-5.2
3005,33.060929,-117.083909,2602.7,123.8,2.72,155,81,243,,True,-3.6
3006,33.060958,-117.083895,2605.7,123.6,2.82,156,80,244,,True,-5.3
3007,33.060976,-117.083886,2608.2,123.6,2.82,155,80,243,,True,-5.3
3008,33.061002,-117.083878,2611.1,123.4,2.78,155,81,241,,True,-5.3
3009,33.061032,-117.083876,2614.1,123.2,2.88,155,81,239,,True,-6.7
3010,33.061053,-117.083864,2617.0,123.0,2.86,155,81,237,,True,-6.7
3011,33.06108,-117.08385,2620.2,122.8,2.9,156,81,238,,True,-5.4
3012,33.061103,-117.083837,2623.1,122.6,2.98,155,80,239,,True,-3.7
3013,33.061117,-117.083825,2625.3,122.6,2.84,155,80,238,,True,-4.8
3014,33.061138,-117.083809,2627.7,122.6,2.72,155,80,235,,True,-4.8
3015,33.061156,-117.083803,2630.0,122.4,2.6,155,81,229,,True,-5.9
3016,33.061179,-117.083795,2632.8,122.2,2.52,155,80,224,,True,-9.4
3017,33.061211,-117.083797,2635.5,122.0,2.48,155,80,219,,True,-10.8
3018,33.061231,-117.08379,2638.3,121.6,2.6,155,80,214,,True,-13.0
3019,33.061258,-117.083777,2641.1,121.2,2.68,154,80,211,,True,-13.0
3020,33.061277,-117.083772,2643.6,120.8,2.72,154,81,205,,True,-9.0
3021,33.061301,-117.083764,2646.3,120.6,2.7,154,84,200,,True,-7.6
3022,33.06133,-117.08375,2649.4,120.6,2.78,154,84,198,,True,-3.7
3023,33.061347,-117.083745,2651.6,120.4,2.66,153,84,197,,True,-3.7
3024,33.061373,-117.083738,2654.5,120.4,2.68,153,83,198,,True,-2.0
3025,33.061398,-117.083729,2657.2,120.2,2.72,153,83,199,,True,0.0
3026,33.061416,-117.083718,2659.5,120.4,2.64,154,82,201,,True,0.0
3027,33.061447,-117.083706,2662.9,120.4,2.7,153,82,204,,True,3.5
3028,33.06147,-117.083698,2665.7,120.4,2.82,153,82,206,,True,1.6
3029,33.061487,-117.083682,2668.5,120.6,2.8,153,82,211,,True,1.7
3030,33.061517,-117.083665,2671.9,120.6,2.94,153,82,215,,True,1.7
3031,33.061537,-117.083656,2674.5,120.6,3.0,153,82,218,,True,1.7
3032,33.061558,-117.083646,2677.4,120.6,2.9,153,82,222,,True,1.9
3033,33.061585,-117.083639,2680.1,120.8,2.88,152,81,225,,True,1.9
3034,33.061598,-117.083627,2682.2,120.8,2.74,152,81,229,,True,4.0
3035,33.061625,-117.083614,2684.9,120.8,2.6,152,82,233,,True,3.3
3036,33.061644,-117.083608,2687.4,121.0,2.58,153,82,234,,True,4.0
3037,33.061661,-117.083594,2689.6,121.0,2.44,152,83,236,,True,3.4
3038,33.061684,-117.083573,2692.2,121.2,2.42,152,83,238,,True,1.7
3039,33.061697,-117.083564,2694.4,121.2,2.44,152,83,239,,True,1.7
3040,33.061717,-117.083552,2696.8,121.2,2.38,153,83,242,,True,0.0
3041,33.061738,-117.083534,2699.5,121.2,2.42,152,82,244,,True,1.7
3042,33.061748,-117.083518,2701.5,121.2,2.38,152,82,248,,True,1.6
3043,33.061769,-117.083503,2704.0,121.2,2.36,152,82,249,,True,1.6
3044,33.06179,-117.083488,2706.4,121.4,2.4,152,82,249,,True,1.9
3045,33.061803,-117.083467,2709.0,121.4,2.44,152,82,249,,True,0.0
3046,33.061825,-117.083442,2712.0,121.4,2.5,152,82,248,,True,-1.9
3047,33.061836,-117.083427,2714.2,121.2,2.54,152,82,248,,True,-1.9
3048,33.06185,-117.083409,2716.7,121.2,2.54,152,82,247,,True,-3.9
3049,33.061876,-117.083383,2719.7,121.2,2.66,152,82,246,,True,-1.8
3050,33.061888,-117.083365,2722.3,121.0,2.66,152,82,245,,True,-1.8
3051,33.06191,-117.083343,2725.5,121.0,2.7,152,82,245,,True,0.0
3052,33.061926,-117.083322,2728.1,121.0,2.78,152,82,245,,True,1.7
3053,33.06194,-117.0833,2730.7,121.2,2.8,152,82,247,,True,1.8
3054,33.061963,-117.083276,2733.8,121.2,2.82,152,82,248,,True,1.8
3055,33.061976,-117.083255,2736.6,121.2,2.86,152,82,248,,True,-1.8
3056,33.061988,-117.083232,2739.1,121.2,2.72,152,82,248,,True,-1.8
3057,33.062005,-117.083202,2741.9,121.0,2.76,152,82,245,,True,-1.7
3058,33.062021,-117.083182,2744.8,121.0,2.82,152,82,245,,True,-3.3
3059,33.062038,-117.083159,2748.1,121.0,2.86,152,81,244,,True,-1.7
3060,33.062058,-117.083128,2751.1,120.8,2.9,152,81,244,,True,-1.7
3061,33.062067,-117.083106,2753.8,120.8,2.94,152,81,243,,True,-3.4
3062,33.062086,-117.083088,2756.6,120.8,2.94,152,81,243,,True,-3.5
3063,33.062107,-117.083058,2759.8,120.6,3.0,152,81,243,,True,-3.4
3064,33.062119,-117.083037,2762.4,120.4,2.86,152,81,243,,True,-5.0
3065,33.06214,-117.083015,2765.6,120.4,2.9,152,81,243,,True,-3.5
3066,33.062154,-117.082986,2768.6,120.2,2.96,152,81,241,,True,-1.7
3067,33.062164,-117.082966,2771.1,120.2,2.9,152,81,242,,True,-1.8
3068,33.062184,-117.082942,2773.9,120.2,2.82,152,80,244,,True,0.0
3069,33.0622,-117.082923,2776.6,120.2,2.84,152,80,242,,True,0.0
3070,33.062209,-117.082901,2778.7,120.2,2.62,152,80,241,,True,-1.9
3071,33.062225,-117.082873,2782.0,120.2,2.68,151,80,240,,True,-1.8
3072,33.062245,-117.082853,2784.6,120.0,2.7,152,81,239,,True,-1.7
3073,33.06226,-117.082835,2787.5,120.0,2.72,152,81,237,,True,-3.7
3074,33.06228,-117.082807,2790.5,120.0,2.78,152,82,237,,True,-1.9
3075,33.06229,-117.082786,2792.9,119.8,2.84,151,82,237,,True,-1.7
3076,33.0623,-117.082767,2795.2,119.8,2.64,152,82,236,,True,-3.4
3077,33.062315,-117.082749,2797.2,119.8,2.52,152,82,236,,True,-3.4
3078,33.062324,-117.082731,2799.6,119.8,2.42,151,82,234,,True,-4.8
3079,33.062338,-117.082702,2802.1,119.6,2.32,152,82,233,,True,-5.8
3080,33.062351,-117.082678,2804.7,119.4,2.36,151,81,230,,True,-6.8
3081,33.062363,-117.082651,2807.6,119.2,2.48,151,80,225,,True,-6.8
3082,33.062384,-117.082618,2811.4,119.0,2.84,151,80,222,,True,-7.0
3083,33.062398,-117.0826,2813.8,118.8,2.84,152,81,219,,True,-6.8
3084,33.062408,-117.082579,2816.2,118.6,2.82,151,81,216,,True,-7.5
3085,33.06243,-117.082549,2819.4,118.4,2.94,151,81,214,,True,-5.7
3086,33.062443,-117.082531,2822.0,118.2,2.88,151,81,212,,True,-3.7
3087,33.062454,-117.082513,2824.3,118.2,2.58,152,81,212,,True,-5.0
3088,33.062473,-117.082498,2826.9,118.2,2.62,151,81,210,,True,-6.5
3089,33.062486,-117.082483,2828.7,118.0,2.5,151,81,208,,True,-8.0
3090,33.062511,-117.082463,2831.5,117.8,2.42,151,81,206,,True,-9.6
3091,33.062528,-117.082446,2834.3,117.4,2.46,151,80,202,,True,-10.5
3092,33.062548,-117.082425,2837.3,117.2,2.6,151,80,199,,True,-10.8
3093,33.062567,-117.082405,2840.1,116.8,2.64,151,80,196,,True,-8.8
3094,33.062581,-117.082386,2842.6,116.6,2.78,151,85,192,,True,-7.3
3095,33.062607,-117.082367,2845.6,116.4,2.82,150,85,193,,True,-5.4
3096,33.062626,-117.082353,2848.3,116.4,2.8,150,85,192,,True,-5.0
3097,33.062642,-117.082332,2851.2,116.2,2.78,150,85,194,,True,-5.0
3098,33.06267,-117.082311,2854.6,116.0,2.9,150,84,194,,True,-8.0
3099,33.062696,-117.082297,2857.7,115.8,3.02,150,84,193,,True,-7.9
3100,33.062719,-117.08228,2860.8,115.4,3.04,149,82,201,,True,-6.8
3101,33.062749,-117.082269,2863.9,115.2,3.12,149,81,204,,True,-6.3
3102,33.062767,-117.082262,2866.3,115.2,3.02,149,81,209,,True,-7.3
3103,33.062772,-117.082267,2867.2,115.2,2.52,148,81,209,,True,-6.1
3104,33.06277,-117.082274,2867.2,115.2,1.9,148,81,207,,False,-5.4
3105,33.062765,-117.082278,2867.2,115.2,1.28,148,0,0,,False,-6.8
3202,33.062787,-117.082251,2868.6,115.0,0.014,146,0,0,,False,-8.6
3203,33.062803,-117.082232,2870.7,114.8,0.036,147,44,0,,True,-9.3
3204,33.062812,-117.082224,2871.9,114.8,0.047,147,44,68,,True,-9.3
3205,33.062826,-117.082213,2873.7,114.6,0.065,148,44,67,,True,-8.8
3206,33.062839,-117.0822,2875.7,114.4,0.084,149,54,99,,True,-9.0
3207,33.062853,-117.082184,2877.9,114.2,1.86,150,54,99,,True,-10.3
3208,33.062866,-117.082169,2880.0,114.0,1.86,151,54,106,,True,-9.6
3209,33.062877,-117.082155,2881.8,113.8,1.98,152,54,104,,True,-10.0
3210,33.062887,-117.082144,2883.6,113.6,1.98,152,75,152,,True,-10.9
3211,33.06291,-117.082124,2886.2,113.4,2.1,151,75,146,,True,-11.5
3212,33.062924,-117.082115,2887.9,113.2,2.0,151,75,141,,True,-13.3
3213,33.062935,-117.082106,2889.2,113.0,1.84,151,75,156,,True,-15.6
3214,33.062944,-117.0821,2890.4,112.8,1.72,152,75,155,,True,-15.6
3215,33.062944,-117.082099,2890.7,112.6,1.42,152,75,129,,False,-14.9
3216,33.062943,-117.082096,2890.8,112.6,0.92,152,0,0,,False,-14.1
3217,33.062943,-117.082096,2890.8,112.6,0.58,151,0,0,,False,-13.1
3218,33.062943,-117.082096,2890.8,112.4,0.32,150,0,0,,False,-9.9
3219,33.062943,-117.082096,2890.8,112.4,0.08,148,0,0,,False,-9.4
3220,33.062943,-117.082096,2890.8,112.4,0.02,147,0,0,,False,-6.7
3221,33.062945,-117.082094,2891.2,112.4,0.08,145,0,0,,False,-5.6
3222,33.062943,-117.082095,2891.2,112.4,0.08,143,0,0,,False,-3.9
3223,33.062939,-117.082095,2891.2,112.4,0.08,142,0,0,,False,-1.9
3224,33.062944,-117.08209,2891.7,112.4,0.18,141,0,0,,False,-1.9
3225,33.062968,-117.082078,2894.0,112.2,0.64,140,0,0,,True,-1.6
3226,33.062987,-117.082068,2896.3,112.4,1.02,139,0,0,,True,-1.6
3227,33.063002,-117.082056,2898.5,112.2,1.46,139,75,0,,True,0.0
3228,33.063023,-117.082039,2901.1,112.2,1.98,139,75,189,,True,-1.9
3229,33.063046,-117.082023,2904.1,112.2,2.48,140,0,79,,True,-1.8
3230,33.063065,-117.082008,2906.6,112.2,2.52,140,0,79,,True,-1.7
3231,33.06309,-117.081991,2909.6,112.0,2.66,140,79,80,,True,-1.7
3232,33.06311,-117.081975,2912.7,112.0,2.84,141,79,256,,True,-1.6
3233,33.063136,-117.081958,2915.7,112.0,2.92,141,79,255,,True,0.0
3234,33.063164,-117.081943,2919.0,112.0,2.98,141,81,252,,True,0.0
3235,33.063181,-117.081935,2921.8,112.0,3.04,142,81,260,,True,-1.7
3236,33.063211,-117.081926,2924.7,112.0,3.02,142,81,247,,True,-1.9
3237,33.063231,-117.081916,2927.2,111.8,2.9,142,82,243,,True,-1.9
3238,33.063247,-117.081907,2929.5,111.8,2.76,143,81,234,,True,-3.4
3239,33.063274,-117.081895,2932.2,111.8,2.64,143,82,217,,True,-1.6
3240,33.063291,-117.081891,2934.4,111.6,2.52,143,81,205,,True,-3.3
3241,33.063308,-117.081883,2936.4,111.6,2.34,142,82,204,,True,-3.3
3242,33.063338,-117.081873,2939.4,111.6,2.44,142,82,198,,True,-3.2
3243,33.063354,-117.081869,2941.7,111.4,2.44,142,82,193,,True,-3.8
3244,33.063378,-117.081869,2944.2,111.4,2.4,142,82,193,,True,-3.1
3245,33.063406,-117.081874,2947.0,111.2,2.52,142,81,193,,True,-1.9
3246,33.063422,-117.081874,2949.2,111.2,2.56,142,81,195,,True,-1.9
3247,33.063452,-117.081884,2952.3,111.2,2.58,143,81,195,,True,0.0
3248,33.063475,-117.081891,2954.9,111.2,2.64,143,81,198,,True,-1.8
3249,33.063496,-117.081895,2957.7,111.2,2.7,143,81,202,,True,-1.8
3250,33.063524,-117.081906,2960.4,111.0,2.68,144,81,203,,True,-1.8
3251,33.063546,-117.081915,2963.2,111.0,2.8,144,81,204,,True,-3.6
3252,33.063568,-117.081924,2966.3,111.0,2.8,144,83,204,,True,-1.9
3253,33.063592,-117.081935,2968.7,110.8,2.76,144,83,210,,True,-3.9
3254,33.063608,-117.081939,2970.9,110.8,2.64,145,83,212,,True,-5.0
3255,33.063628,-117.081951,2973.5,110.6,2.62,146,82,214,,True,-3.3
3256,33.063651,-117.081965,2975.9,110.6,2.54,147,82,205,,True,-4.0
3257,33.063668,-117.08197,2978.2,110.4,2.38,147,81,204,,True,-2.0
3258,33.063692,-117.081981,2980.9,110.4,2.44,147,81,206,,True,-3.1
3259,33.063716,-117.081996,2983.5,110.4,2.52,148,81,207,,True,-1.9
3260,33.063732,-117.082002,2985.8,110.2,2.46,148,81,209,,True,-3.7
3261,33.063757,-117.082013,2988.6,110.2,2.54,148,81,210,,True,-5.5
3262,33.063785,-117.082033,2991.7,110.0,2.7,148,81,211,,True,-3.5
3263,33.063803,-117.082038,2994.5,109.8,2.72,148,81,211,,True,-3.6
3264,33.063826,-117.082049,2997.2,109.8,2.74,149,81,215,,True,-3.2
3265,33.063845,-117.082062,2999.6,109.8,2.76,149,81,216,,True,-3.2
3266,33.063857,-117.082068,3001.6,109.6,2.6,149,81,217,,True,-3.4
3267,33.063878,-117.082087,3004.2,109.6,2.5,149,80,217,,True,-5.1
3268,33.063904,-117.082102,3007.0,109.4,2.5,150,80,213,,True,-3.5
3269,33.063916,-117.082107,3009.0,109.4,2.36,150,80,213,,True,-6.0
3270,33.063937,-117.082123,3011.4,109.2,2.36,150,80,212,,True,-4.3
3271,33.063953,-117.082133,3013.1,109.2,2.3,150,80,209,,True,-5.3
3272,33.063964,-117.082138,3014.2,109.0,2.0,149,81,209,,True,-7.7
3273,33.063988,-117.08214,3016.2,109.0,1.84,150,81,205,,True,-9.0
3274,33.064006,-117.082134,3018.3,108.8,1.86,150,81,204,,True,-12.2
3275,33.064014,-117.082124,3019.4,108.6,1.6,150,81,202,,True,-11.5
3276,33.064018,-117.082103,3020.9,108.4,1.56,150,78,197,,True,-13.3
3277,33.064015,-117.082087,3022.5,108.2,1.66,150,78,195,,True,-15.1
3278,33.064006,-117.082069,3024.6,107.8,1.68,150,78,179,,True,-15.5
3279,33.063994,-117.082044,3026.7,107.6,1.68,150,77,171,,True,-14.5
3280,33.063984,-117.082026,3028.9,107.2,1.9,150,77,168,,True,-12.3
3281,33.063971,-117.082009,3031.0,106.8,2.02,150,77,169,,True,-13.3
3282,33.063958,-117.081983,3033.5,106.6,2.2,150,77,169,,True,-11.4
3283,33.063943,-117.081966,3036.0,106.4,2.28,150,77,168,,True,-9.8
3284,33.063928,-117.081946,3038.7,106.0,2.4,150,80,172,,True,-11.6
3285,33.063916,-117.081925,3041.2,105.8,2.46,150,80,174,,True,-11.5
3286,33.063905,-117.081906,3043.2,105.6,2.44,150,79,180,,True,-11.8
3287,33.063892,-117.081891,3045.6,105.2,2.42,150,79,179,,True,-11.9
3288,33.063876,-117.081872,3048.2,105.0,2.44,151,79,168,,True,-13.1
3289,33.063863,-117.081844,3050.6,104.6,2.38,150,79,165,,True,-11.3
3290,33.063849,-117.081828,3053.0,104.4,2.36,150,79,165,,True,-11.4
3291,33.063836,-117.081808,3055.4,104.0,2.44,150,79,167,,True,-9.8
3292,33.063826,-117.081778,3058.0,103.8,2.48,150,79,168,,True,-11.3
3293,33.063818,-117.081756,3060.5,103.6,2.46,150,78,167,,True,-10.0
3294,33.063812,-117.081738,3062.9,103.4,2.46,150,78,169,,True,-10.2
3295,33.063798,-117.08171,3065.4,103.0,2.48,150,79,169,,True,-11.9
3296,33.063785,-117.081693,3067.6,102.8,2.44,149,80,170,,True,-10.4
3297,33.06377,-117.081676,3069.8,102.6,2.36,149,80,166,,True,-8.6
3298,33.06375,-117.08166,3072.3,102.2,2.36,149,76,166,,True,-8.3
3299,33.063735,-117.081652,3074.4,102.2,2.3,149,76,168,,True,-6.4
3300,33.063712,-117.081637,3077.0,102.0,2.32,149,77,165,,True,-4.0
3301,33.063691,-117.081617,3079.7,101.8,2.42,149,79,166,,True,-5.7
3302,33.063673,-117.081606,3082.3,101.8,2.5,148,80,166,,True,-3.8
3303,33.063651,-117.081589,3085.0,101.6,2.54,148,81,176,,True,-3.7
3304,33.063633,-117.081569,3087.6,101.6,2.64,148,81,177,,True,-5.6
3305,33.063613,-117.081555,3090.5,101.4,2.7,148,82,181,,True,-5.7
3306,33.063594,-117.081534,3093.1,101.2,2.68,147,83,180,,True,-8.0
3307,33.063579,-117.081516,3095.6,101.0,2.66,147,83,179,,True,-8.7
3308,33.06357,-117.081497,3097.6,100.8,2.52,147,81,180,,True,-9.7
3309,33.06356,-117.081474,3100.0,100.6,2.48,147,80,180,,True,-8.8
3310,33.063556,-117.08145,3102.0,100.4,2.3,147,80,178,,True,-9.8
3311,33.063557,-117.081438,3103.4,100.2,2.06,147,80,178,,True,-8.0
3312,33.063564,-117.081425,3104.7,100.2,1.82,147,81,176,,True,-5.7
3313,33.063567,-117.081413,3105.8,100.0,1.64,146,81,171,,True,-2.0
3314,33.063579,-117.081397,3107.6,100.0,1.52,146,81,167,,True,0.0
3315,33.063585,-117.081383,3109.0,100.0,1.4,146,81,165,,True,-1.7
3316,33.063591,-117.081368,3110.5,100.0,1.42,146,81,152,,True,0.0
3317,33.063592,-117.081356,3112.0,100.2,1.46,146,75,142,,True,-1.7
3318,33.063591,-117.08133,3113.7,100.2,1.58,145,0,57,,True,-3.6
3319,33.063589,-117.081297,3116.3,100.0,1.74,144,0,57,,True,-4.8
3320,33.063582,-117.081273,3119.1,99.8,2.02,144,75,57,,True,-5.5
3321,33.063567,-117.081246,3121.7,99.6,2.24,143,75,209,,True,-3.6
3322,33.063549,-117.081226,3124.6,99.6,2.52,143,75,224,,True,0.0
3323,33.063528,-117.081204,3127.5,99.6,2.76,142,88,214,,True,3.4
3324,33.063502,-117.08119,3130.7,99.8,2.88,142,88,221,,True,5.1
3325,33.063482,-117.08118,3133.4,100.0,2.86,142,88,222,,True,5.2
3326,33.063459,-117.08116,3136.3,100.2,2.92,143,85,229,,True,5.4
3327,33.063441,-117.081147,3139.1,100.2,2.9,143,85,231,,True,3.5
3328,33.06342,-117.081128,3141.9,100.4,2.88,144,83,231,,True,1.8
3329,33.0634,-117.081105,3144.8,100.4,2.82,144,83,232,,True,1.8
3330,33.063383,-117.081086,3147.5,100.4,2.82,145,84,230,,True,1.7
3331,33.063363,-117.081061,3150.5,100.4,2.84,146,84,233,,True,1.8
3332,33.063345,-117.081043,3153.4,100.6,2.86,147,84,235,,True,3.5
3333,33.063327,-117.081021,3156.2,100.6,2.86,148,84,237,,True,3.6
3334,33.063309,-117.080999,3159.0,100.8,2.84,149,84,241,,True,3.5
3335,33.063294,-117.080979,3161.7,100.8,2.84,150,84,243,,True,3.6
3336,33.063274,-117.080951,3164.9,101.0,2.88,150,84,245,,True,3.6
3337,33.063261,-117.080936,3167.4,101.0,2.8,151,83,249,,True,5.9
3338,33.063245,-117.080918,3170.0,101.2,2.76,151,83,250,,True,8.7
3339,33.06323,-117.080901,3171.9,101.4,2.58,152,83,253,,True,10.3
3340,33.063218,-117.080889,3173.9,101.6,2.44,152,83,257,,True,12.8
3341,33.063199,-117.080872,3176.4,102.0,2.3,152,85,247,,True,12.5
3342,33.063185,-117.080849,3179.0,102.2,2.32,153,85,246,,True,12.5
3343,33.063171,-117.080839,3180.9,102.6,2.18,153,85,252,,True,11.1
3344,33.063152,-117.080823,3183.1,102.8,2.24,153,82,269,,True,10.9
3345,33.063141,-117.080809,3185.1,103.0,2.24,154,82,277,,True,7.1
3346,33.063126,-117.080793,3187.2,103.2,2.16,154,82,286,,True,5.4
3347,33.063107,-117.080771,3190.0,103.4,2.2,154,81,291,,True,1.7
3348,33.063094,-117.080753,3192.2,103.4,2.26,155,81,293,,True,-1.7
3349,33.063083,-117.080738,3194.3,103.4,2.24,155,82,304,,True,-5.3
3350,33.063068,-117.080713,3197.0,103.2,2.38,156,82,305,,True,-6.9
3351,33.063058,-117.080695,3199.1,103.0,2.38,156,81,303,,True,-8.4
3352,33.063043,-117.080676,3201.3,102.8,2.26,157,81,294,,True,-8.8
3353,33.06303,-117.080652,3203.8,102.6,2.32,157,80,285,,True,-10.2
3354,33.063015,-117.080641,3206.2,102.4,2.38,158,80,275,,True,-10.2
3355,33.063005,-117.080618,3208.4,102.2,2.28,158,80,262,,True,-11.2
3356,33.062995,-117.080592,3210.9,101.8,2.36,158,80,248,,True,-11.9
3357,33.062986,-117.080574,3213.1,101.6,2.36,159,81,235,,True,-11.8
3358,33.062975,-117.080546,3216.3,101.2,2.5,159,81,221,,True,-11.4
3359,33.062966,-117.080519,3218.6,101.0,2.48,160,81,216,,True,-11.0
3360,33.062956,-117.080498,3221.4,100.6,2.6,160,81,216,,True,-9.8
3361,33.062949,-117.080466,3224.0,100.4,2.62,160,81,213,,True,-9.7
3362,33.06294,-117.080441,3226.5,100.2,2.68,160,80,211,,True,-5.9
3363,33.062931,-117.080419,3228.9,100.0,2.52,160,80,211,,True,-4.0
3364,33.062914,-117.080392,3231.5,100.0,2.58,160,81,207,,True,0.0
3365,33.062899,-117.080375,3234.1,100.0,2.54,160,81,203,,True,1.9
3366,33.062882,-117.080351,3236.8,100.2,2.56,159,82,201,,True,3.8
3367,33.062861,-117.080332,3239.3,100.2,2.56,160,82,199,,True,3.6
3368,33.062845,-117.08032,3241.9,100.4,2.6,160,82,199,,True,3.6
3369,33.062818,-117.080297,3245.1,100.4,2.72,160,82,201,,True,5.5
3370,33.0628,-117.080287,3247.8,100.6,2.74,160,82,202,,True,5.8
3371,33.06278,-117.080281,3250.3,100.8,2.7,163,82,208,,True,8.3
3372,33.062759,-117.080273,3252.3,101.0,2.6,164,82,212,,True,8.5
3373,33.062742,-117.080269,3254.5,101.2,2.52,165,82,215,,True,6.9
3374,33.062719,-117.08026,3257.1,101.4,2.4,165,82,216,,True,4.9
3375,33.062696,-117.080249,3259.6,101.6,2.36,165,82,218,,True,4.0
3376,33.06268,-117.080247,3261.9,101.6,2.32,165,82,221,,True,1.6
3377,33.062653,-117.080237,3264.6,101.6,2.46,165,82,222,,True,0.0
3378,33.062635,-117.08023,3266.7,101.6,2.44,165,82,223,,True,0.0
3379,33.062612,-117.080225,3269.6,101.6,2.5,165,82,224,,True,-1.5
3380,33.062586,-117.080216,3272.0,101.6,2.48,165,82,225,,True,-1.8
3381,33.062568,-117.080214,3274.5,101.6,2.52,165,82,227,,True,-1.9
3382,33.062537,-117.080208,3277.7,101.4,2.62,165,82,228,,True,-1.8
3383,33.062518,-117.080206,3280.0,101.4,2.66,165,82,228,,True,-1.8
3384,33.062492,-117.0802,3282.9,101.4,2.66,165,83,231,,True,0.0
3385,33.062465,-117.080192,3285.8,101.4,2.76,165,83,232,,True,0.0
3386,33.062447,-117.080189,3288.3,101.4,2.76,165,84,234,,True,0.0
3387,33.062416,-117.08018,3291.2,101.4,2.7,165,84,234,,True,0.0
3388,33.0624,-117.080179,3293.6,101.4,2.72,165,84,233,,True,0.0
3389,33.062376,-117.080175,3296.1,101.4,2.64,166,84,235,,True,0.0
3390,33.062352,-117.08017,3298.6,101.4,2.56,166,84,236,,True,0.0
3391,33.062333,-117.080167,3301.1,101.4,2.56,166,84,237,,True,2.0
3392,33.062305,-117.080154,3304.1,101.4,2.58,166,84,239,,True,1.9
3393,33.06229,-117.080152,3306.1,101.6,2.5,166,84,238,,True,1.9
3394,33.062262,-117.080147,3309.0,101.6,2.58,166,84,238,,True,0.0
3395,33.062238,-117.080143,3311.6,101.6,2.6,166,84,240,,True,-1.9
3396,33.062219,-117.080138,3314.0,101.4,2.58,167,85,239,,True,-2.0
3397,33.062193,-117.080126,3316.8,101.4,2.54,167,85,240,,True,-2.0
3398,33.062177,-117.080124,3319.0,101.4,2.58,167,85,239,,True,0.0
3399,33.062148,-117.080119,3321.7,101.4,2.54,167,85,238,,True,0.0
3400,33.062126,-117.080114,3324.2,101.4,2.52,166,84,241,,True,0.0
3401,33.062105,-117.08011,3326.7,101.4,2.54,167,84,241,,True,0.0
3402,33.062075,-117.080101,3329.7,101.4,2.58,167,84,240,,True,-1.8
3403,33.062058,-117.0801,3332.1,101.4,2.62,166,84,239,,True,-1.9
3404,33.062026,-117.080095,3335.3,101.2,2.72,166,84,238,,True,-1.9
3405,33.062008,-117.080094,3337.5,101.2,2.66,166,84,237,,True,-1.8
3406,33.061983,-117.08009,3340.5,101.2,2.76,166,84,237,,True,0.0
3407,33.061954,-117.080084,3343.5,101.2,2.76,166,84,238,,True,0.0
3408,33.061937,-117.080081,3345.8,101.2,2.74,166,84,236,,True,-1.8
3409,33.061904,-117.080074,3349.0,101.2,2.74,165,84,236,,True,-1.8
3410,33.06188,-117.080073,3351.7,101.0,2.84,165,85,234,,True,-1.7
3411,33.061855,-117.080068,3354.9,101.0,2.88,165,84,237,,True,0.0
3412,33.061827,-117.080061,3357.6,101.0,2.82,165,84,237,,True,1.7
3413,33.061808,-117.080058,3360.3,101.2,2.9,166,84,239,,True,1.9
3414,33.061777,-117.080051,3363.3,101.2,2.86,165,84,239,,True,1.8
3415,33.061761,-117.080053,3365.3,101.2,2.72,165,84,238,,True,0.0
3416,33.06173,-117.080049,3368.6,101.2,2.74,166,84,238,,True,0.0
3417,33.061706,-117.080044,3371.4,101.2,2.76,165,84,239,,True,0.0
3418,33.061685,-117.08004,3374.0,101.2,2.74,166,85,240,,True,0.0
3419,33.061654,-117.08003,3377.2,101.2,2.78,166,85,240,,True,0.0
3420,33.061641,-117.080026,3379.1,101.2,2.76,166,85,241,,True,0.0
3421,33.061611,-117.080009,3382.3,101.2,2.74,165,85,240,,True,1.6
3422,33.061594,-117.080008,3384.4,101.2,2.6,166,85,241,,True,1.9
3423,33.061571,-117.080001,3387.0,101.4,2.6,166,85,240,,True,2.0
3424,33.061545,-117.079993,3389.7,101.4,2.5,165,85,240,,True,1.9
3425,33.061526,-117.079989,3392.3,101.4,2.64,165,85,240,,True,0.0
3426,33.061496,-117.079975,3395.1,101.4,2.56,166,85,239,,True,0.0
3427,33.061477,-117.07997,3397.7,101.4,2.66,166,85,239,,True,0.0
3428,33.061444,-117.079957,3401.2,101.4,2.84,166,85,239,,True,0.0
3429,33.061424,-117.079949,3403.9,101.4,2.84,166,85,240,,True,-1.6
3430,33.061402,-117.079934,3406.9,101.4,2.92,166,84,245,,True,-1.8
3431,33.061379,-117.079916,3409.9,101.2,2.96,166,85,244,,True,-1.7
3432,33.061362,-117.079906,3412.3,101.2,2.92,166,85,245,,True,-1.9
3433,33.061334,-117.079889,3415.4,101.2,2.84,165,85,246,,True,-1.9
3434,33.061318,-117.079882,3417.5,101.2,2.72,165,85,244,,True,-1.9
3435,33.061293,-117.079869,3420.4,101.0,2.7,165,85,244,,True,-1.9
3436,33.061272,-117.079852,3423.0,101.0,2.62,165,85,244,,True,-1.8
3437,33.061253,-117.079839,3425.7,101.0,2.68,165,84,245,,True,-1.9
3438,33.061228,-117.07982,3428.6,101.0,2.64,165,84,244,,True,-1.8
3439,33.061212,-117.07981,3430.8,100.8,2.66,165,84,243,,True,-1.8
3440,33.061185,-117.079795,3434.1,100.8,2.74,166,85,242,,True,-1.8
3441,33.061163,-117.079778,3436.8,100.8,2.76,165,85,244,,True,0.0
3442,33.061145,-117.079765,3439.8,100.8,2.82,165,85,244,,True,-1.8
3443,33.061117,-117.079743,3442.7,100.8,2.82,165,84,245,,True,-1.7
3444,33.0611,-117.079734,3445.4,100.6,2.92,166,83,245,,True,-1.8
3445,33.061073,-117.079716,3448.3,100.6,2.84,165,83,245,,True,-3.5
3446,33.061052,-117.079704,3451.2,100.6,2.88,165,83,245,,True,-1.7
3447,33.061031,-117.07969,3454.0,100.4,2.84,165,84,244,,True,-1.8
3448,33.061006,-117.07967,3457.1,100.4,2.88,166,85,243,,True,-1.7
3449,33.060988,-117.079662,3459.5,100.4,2.82,165,85,244,,True,0.0
3450,33.060962,-117.079638,3462.7,100.4,2.88,166,85,243,,True,0.0
3451,33.060945,-117.079627,3465.2,100.4,2.8,166,85,244,,True,0.0
3452,33.060924,-117.079611,3468.2,100.4,2.84,166,85,244,,True,0.0
3453,33.060904,-117.07959,3470.5,100.4,2.68,166,85,245,,True,0.0
3454,33.060887,-117.079578,3473.2,100.4,2.74,166,85,243,,True,-1.8
3455,33.06086,-117.079553,3476.4,100.4,2.74,166,84,243,,True,-1.7
3456,33.060845,-117.07954,3479.1,100.2,2.78,165,84,242,,True,-3.4
3457,33.060825,-117.079518,3482.0,100.2,2.76,166,84,243,,True,-3.6
3458,33.060806,-117.079493,3484.8,100.0,2.86,166,84,243,,True,-3.4
3459,33.060789,-117.079477,3487.4,100.0,2.84,166,84,243,,True,-3.5
3460,33.060766,-117.07945,3491.0,99.8,2.92,166,85,241,,True,-3.5
3461,33.060753,-117.079427,3493.5,99.8,2.88,166,85,238,,True,-5.1
3462,33.06074,-117.079408,3496.1,99.6,2.82,166,85,238,,True,-5.5
3463,33.060723,-117.079376,3499.2,99.4,2.88,166,84,237,,True,-5.2
3464,33.060711,-117.079354,3501.9,99.2,2.9,166,83,234,,True,-4.9
3465,33.060696,-117.079322,3505.1,99.2,2.82,166,82,233,,True,-3.4
3466,33.060685,-117.079293,3508.3,99.0,2.96,166,82,232,,True,-3.4
3467,33.060675,-117.07927,3511.0,99.0,2.98,165,82,236,,True,-3.4
3468,33.060663,-117.079235,3513.7,98.8,2.9,166,82,237,,True,-3.5
3469,33.060649,-117.079216,3516.7,98.8,2.96,166,82,235,,True,-3.6
3470,33.060626,-117.079191,3519.7,98.6,2.92,166,83,233,,True,-1.9
3471,33.060612,-117.079176,3522.1,98.6,2.76,166,84,232,,True,0.0
3472,33.060599,-117.079161,3524.3,98.6,2.66,166,84,233,,True,3.5
3473,33.060578,-117.07914,3526.9,98.8,2.64,166,84,234,,True,5.2
3474,33.060567,-117.07913,3528.9,98.8,2.44,166,84,234,,True,5.1
3475,33.060547,-117.079112,3531.2,99.0,2.3,165,84,235,,True,4.9
3476,33.06053,-117.079098,3533.6,99.2,2.3,165,84,237,,True,5.8
3477,33.060514,-117.079085,3536.0,99.2,2.34,165,83,241,,True,1.9
3478,33.060487,-117.079063,3539.2,99.4,2.46,165,83,242,,True,0.0
3479,33.060472,-117.079052,3541.5,99.2,2.52,165,83,243,,True,0.0
3480,33.060452,-117.079036,3544.2,99.2,2.6,164,83,244,,True,-4.0
3481,33.060428,-117.079017,3546.9,99.2,2.66,164,83,246,,True,-1.9
3482,33.060413,-117.079008,3549.3,99.0,2.66,164,82,247,,True,-3.8
3483,33.060391,-117.078991,3552.0,99.0,2.56,164,82,248,,True,-3.9
3484,33.060369,-117.078972,3554.8,98.8,2.66,164,82,247,,True,-1.9
3485,33.060352,-117.078963,3557.2,98.8,2.6,164,82,246,,True,-3.8
3486,33.060328,-117.078946,3560.0,98.8,2.62,163,82,247,,True,-1.9
3487,33.060307,-117.07893,3562.6,98.6,2.66,163,82,246,,True,-1.8
3488,33.060288,-117.078919,3565.3,98.6,2.66,163,82,246,,True,-1.8
3489,33.060264,-117.078895,3568.3,98.6,2.7,163,83,246,,True,0.0
3490,33.060245,-117.078885,3571.2,98.6,2.8,163,83,245,,True,-1.8
3491,33.060223,-117.078867,3573.9,98.6,2.78,162,83,245,,True,-1.8
3492,33.060205,-117.07885,3576.5,98.4,2.78,162,83,246,,True,-1.8
3493,33.060187,-117.078832,3579.3,98.4,2.8,161,83,246,,True,-1.8
3494,33.060163,-117.078806,3582.5,98.4,2.84,161,83,246,,True,-1.7
3495,33.060147,-117.078788,3585.3,98.4,2.82,161,83,246,,True,-1.7
3496,33.060126,-117.078758,3588.6,98.2,2.94,160,84,245,,True,-1.7
3497,33.060109,-117.078737,3591.4,98.2,2.98,161,84,244,,True,-1.7
3498,33.060092,-117.078717,3594.3,98.2,3.0,161,84,246,,True,0.0
3499,33.060075,-117.078691,3597.0,98.2,2.9,161,85,246,,True,0.0
3500,33.060063,-117.078676,3599.5,98.2,2.84,161,85,246,,True,0.0
3501,33.06004,-117.078647,3602.7,98.2,2.82,161,85,246,,True,0.0
3502,33.060028,-117.078631,3604.9,98.2,2.7,161,84,246,,True,0.0
3503,33.060011,-117.078609,3607.9,98.2,2.72,161,84,245,,True,0.0
3504,33.059994,-117.078582,3610.8,98.2,2.76,161,83,248,,True,0.0
3505,33.059981,-117.078568,3613.0,98.2,2.7,160,83,247,,True,0.0
3506,33.05996,-117.078537,3616.3,98.2,2.72,160,82,247,,True,-1.9
3507,33.059947,-117.078516,3619.1,98.2,2.84,160,82,248,,True,-1.8
3508,33.059935,-117.078496,3621.6,98.0,2.74,160,83,248,,True,-2.0
3509,33.059919,-117.078469,3624.3,98.0,2.7,161,83,247,,True,-1.9
3510,33.059906,-117.078454,3626.5,98.0,2.7,160,83,246,,True,-1.8
3511,33.059888,-117.078423,3629.6,98.0,2.66,161,83,246,,True,-1.8
3512,33.059872,-117.078401,3632.6,97.8,2.7,161,83,246,,True,-1.7
3513,33.059856,-117.078381,3635.3,97.8,2.74,161,83,245,,True,0.0
3514,33.059837,-117.078356,3638.1,97.8,2.76,160,84,245,,True,1.9
3515,33.059825,-117.078342,3640.6,98.0,2.82,161,84,245,,True,1.9
3516,33.059804,-117.078316,3643.2,98.0,2.72,161,84,245,,True,3.7
3517,33.059787,-117.078303,3645.6,98.0,2.6,160,84,246,,True,1.9
3518,33.059768,-117.078278,3648.8,98.2,2.7,160,84,246,,True,1.9
3519,33.059753,-117.078255,3651.4,98.2,2.66,160,84,247,,True,1.8
3520,33.059738,-117.078237,3653.9,98.2,2.66,160,84,249,,True,0.0
3521,33.059717,-117.07821,3656.9,98.2,2.74,160,85,248,,True,0.0
3522,33.059704,-117.078195,3659.5,98.2,2.78,159,85,246,,True,0.0
3523,33.059686,-117.078168,3662.4,98.2,2.72,160,85,247,,True,0.0
3524,33.059671,-117.078143,3665.3,98.2,2.78,160,84,248,,True,0.0
3525,33.059657,-117.078121,3668.1,98.2,2.84,159,84,249,,True,0.0
3526,33.05964,-117.078095,3670.9,98.2,2.8,159,84,250,,True,1.9
3527,33.05963,-117.078078,3673.2,98.2,2.74,159,84,250,,True,0.0
3528,33.059617,-117.078047,3676.1,98.4,2.74,160,84,250,,True,0.0
3529,33.059607,-117.078024,3678.9,98.2,2.72,159,84,250,,True,0.0
3530,33.059597,-117.078,3681.4,98.2,2.66,159,84,251,,True,-1.9
3531,33.059587,-117.077968,3684.2,98.2,2.66,159,84,251,,True,0.0
3532,33.059578,-117.07795,3686.7,98.2,2.7,159,84,249,,True,0.0
3533,33.059568,-117.077922,3689.4,98.2,2.66,160,84,250,,True,1.9
3534,33.05956,-117.077887,3692.4,98.2,2.7,160,84,252,,True,1.7
3535,33.059555,-117.077863,3695.0,98.4,2.72,160,84,253,,True,1.8
3536,33.059547,-117.077825,3698.3,98.4,2.82,160,83,254,,True,1.7
3537,33.059538,-117.077806,3700.7,98.4,2.8,160,82,254,,True,0.0
3538,33.059525,-117.077771,3704.1,98.4,2.94,160,82,255,,True,0.0
3539,33.059518,-117.077743,3707.0,98.4,2.92,161,82,258,,True,0.0
3540,33.059511,-117.077717,3709.6,98.4,2.92,161,82,260,,True,0.0
3541,33.059507,-117.077682,3712.6,98.4,2.86,161,82,261,,True,0.0
3542,33.059501,-117.07766,3715.2,98.4,2.9,161,82,262,,True,1.8
3543,33.059494,-117.077622,3718.1,98.4,2.8,162,82,259,,True,1.8
3544,33.059488,-117.077599,3720.8,98.6,2.76,162,82,260,,True,3.7
3545,33.059484,-117.077571,3723.6,98.6,2.8,162,82,262,,True,5.8
3546,33.059482,-117.077539,3726.1,98.8,2.7,162,82,264,,True,3.8
3547,33.059482,-117.077519,3728.5,99.0,2.66,162,82,266,,True,5.8
3548,33.059484,-117.077481,3731.4,99.0,2.66,162,82,265,,True,3.7
3549,33.059481,-117.077459,3734.0,99.2,2.64,162,84,262,,True,1.9
3550,33.059484,-117.077431,3736.8,99.2,2.64,163,84,265,,True,2.0
3551,33.059486,-117.077401,3739.2,99.2,2.62,162,84,267,,True,1.9
3552,33.059487,-117.077383,3741.4,99.2,2.58,163,84,268,,True,1.9
3553,33.059494,-117.077342,3744.7,99.4,2.66,163,84,268,,True,1.9
3554,33.05949,-117.077319,3747.1,99.4,2.62,163,84,269,,True,3.5
3555,33.059491,-117.077293,3749.6,99.4,2.56,163,84,270,,True,2.0
3556,33.059494,-117.077258,3752.7,99.6,2.7,163,83,272,,True,1.9
3557,33.059494,-117.07724,3754.8,99.6,2.68,164,83,273,,True,1.9
3558,33.059497,-117.077204,3757.6,99.6,2.58,164,83,272,,True,-1.5
3559,33.059494,-117.077181,3759.9,99.6,2.56,164,83,271,,True,-1.8
3560,33.059498,-117.077154,3762.6,99.6,2.6,164,83,272,,True,-1.9
3561,33.059499,-117.077118,3765.7,99.4,2.6,164,83,273,,True,-1.8
3562,33.0595,-117.0771,3767.9,99.4,2.62,164,83,273,,True,-1.8
3563,33.059504,-117.07706,3770.9,99.4,2.66,165,84,269,,True,0.0
3564,33.059503,-117.077036,3773.8,99.4,2.78,165,84,267,,True,0.0
3565,33.059506,-117.077007,3776.6,99.4,2.8,165,84,269,,True,2.0
3566,33.059509,-117.076983,3778.9,99.4,2.64,165,85,271,,True,1.6
3567,33.059507,-117.076962,3781.0,99.6,2.62,164,85,272,,True,3.2
3568,33.059511,-117.076928,3783.7,99.6,2.56,165,85,270,,True,3.9
3569,33.059507,-117.076906,3786.0,99.6,2.44,165,85,267,,True,1.9
3570,33.059513,-117.07687,3789.1,99.8,2.5,165,84,269,,True,3.8
3571,33.059515,-117.076842,3791.8,99.8,2.58,165,84,272,,True,5.7
3572,33.059518,-117.076819,3794.1,100.0,2.62,165,84,275,,True,5.0
3573,33.059516,-117.07679,3796.5,100.2,2.56,166,84,276,,True,6.7
3574,33.059512,-117.076764,3799.0,100.2,2.6,166,84,276,,True,7.0
3575,33.059512,-117.076743,3801.2,100.4,2.42,166,84,280,,True,7.0
3576,33.05951,-117.076713,3803.7,100.6,2.38,166,84,284,,True,7.1
3577,33.059505,-117.076697,3805.5,100.8,2.28,166,84,285,,True,7.1
3578,33.059499,-117.076668,3807.9,101.0,2.28,167,83,288,,True,5.3
3579,33.059496,-117.076642,3810.3,101.0,2.26,167,83,291,,True,5.0
3580,33.059491,-117.076623,3812.5,101.2,2.26,168,82,294,,True,3.3
3581,33.05948,-117.07659,3815.1,101.2,2.28,168,82,293,,True,3.3
3582,33.059473,-117.076571,3817.5,101.4,2.4,169,82,290,,True,2.0
3583,33.05946,-117.076545,3820.1,101.4,2.44,170,82,291,,True,1.6
3584,33.059446,-117.076522,3822.5,101.4,2.44,170,82,291,,True,0.0
3585,33.059434,-117.076509,3824.8,101.4,2.46,171,83,290,,True,0.0
3586,33.059413,-117.076482,3827.6,101.4,2.5,171,83,284,,True,0.0
3587,33.059399,-117.076468,3829.9,101.4,2.48,171,83,280,,True,-1.9
3588,33.059381,-117.07645,3832.6,101.4,2.5,171,83,279,,True,-2.0
3589,33.059362,-117.076424,3835.2,101.2,2.54,171,83,274,,True,-3.8
3590,33.059349,-117.07641,3837.7,101.2,2.58,171,83,266,,True,-3.9
3591,33.059333,-117.076389,3840.3,101.0,2.54,171,83,261,,True,-3.9
3592,33.059314,-117.076366,3842.9,101.0,2.6,171,83,256,,True,-3.7
3593,33.059299,-117.07635,3845.5,100.8,2.58,171,83,249,,True,-3.6
3594,33.059276,-117.076324,3848.5,100.8,2.66,171,82,240,,True,-3.5
3595,33.059262,-117.076305,3851.4,100.6,2.74,171,82,238,,True,-3.4
3596,33.059244,-117.076283,3854.4,100.6,2.82,170,82,237,,True,-3.6
3597,33.059227,-117.076257,3857.1,100.4,2.84,170,82,236,,True,-1.8
3598,33.059215,-117.076244,3859.6,100.4,2.82,170,82,236,,True,-2.0
3599,33.059195,-117.076219,3862.4,100.4,2.78,170,83,233,,True,-2.0
3600,33.059184,-117.076202,3864.4,100.4,2.6,169,83,233,,True,-1.9
3601,33.059168,-117.076179,3867.3,100.2,2.58,169,83,231,,True,-3.8
3602,33.059152,-117.076148,3870.3,100.2,2.64,169,83,230,,True,-3.4
3603,33.059141,-117.076131,3872.8,100.0,2.64,169,83,229,,True,-1.8
3604,33.059119,-117.076097,3876.0,100.0,2.72,170,83,229,,True,-1.7
3605,33.059105,-117.076081,3878.7,100.0,2.86,169,83,228,,True,0.0
3606,33.059085,-117.076052,3882.1,100.0,2.96,169,84,228,,True,-1.7
3607,33.059071,-117.076023,3884.9,100.0,2.92,169,84,229,,True,-1.6
3608,33.059057,-117.076,3887.9,99.8,3.02,169,85,230,,True,-1.7
3609,33.059039,-117.075965,3891.5,99.8,3.1,169,85,228,,True,-1.6
3610,33.059028,-117.075945,3894.1,99.8,3.08,169,84,230,,True,0.0
3611,33.059015,-117.075917,3897.1,99.8,3.0,169,84,232,,True,0.0
3612,33.059004,-117.075887,3899.9,99.8,3.0,169,84,232,,True,0.0
3613,33.058995,-117.075866,3902.5,99.8,2.92,169,84,233,,True,0.0
3614,33.058977,-117.07583,3905.7,99.8,2.84,168,84,231,,True,0.0
3615,33.058966,-117.075812,3908.3,99.8,2.84,168,84,228,,True,0.0
3616,33.058949,-117.075781,3911.6,99.8,2.9,168,84,230,,True,0.0
3617,33.058938,-117.075755,3914.3,99.8,2.88,168,83,234,,True,0.0
3618,33.058928,-117.075732,3917.0,99.8,2.9,169,83,236,,True,0.0
3619,33.058915,-117.075698,3920.0,99.8,2.86,168,84,234,,True,0.0
3620,33.058905,-117.075679,3922.4,99.8,2.82,168,84,232,,True,-1.7
3621,33.058893,-117.075641,3926.0,99.8,2.88,168,84,231,,True,0.0
3622,33.058887,-117.075614,3928.7,99.6,2.88,168,85,231,,True,0.0
3623,33.058877,-117.075582,3931.9,99.8,2.98,167,85,236,,True,0.0
3624,33.058868,-117.07555,3935.0,99.8,3.0,167,85,238,,True,3.2
3625,33.058862,-117.075526,3937.5,99.8,3.02,167,85,240,,True,1.6
3626,33.058853,-117.075484,3941.3,100.0,3.06,168,85,240,,True,1.7
3627,33.058843,-117.075461,3944.1,100.0,3.08,168,85,242,,True,3.3
3628,33.058834,-117.075431,3946.9,100.0,3.0,168,85,245,,True,1.9
3629,33.058824,-117.075401,3949.8,100.2,2.96,167,85,247,,True,1.8
3630,33.058818,-117.07538,3952.1,100.2,2.92,168,85,249,,True,3.7
3631,33.058802,-117.075347,3955.1,100.2,2.76,168,85,249,,True,1.9
3632,33.058791,-117.075329,3957.6,100.4,2.7,167,85,250,,True,1.9
3633,33.058775,-117.075306,3960.4,100.4,2.7,168,84,252,,True,1.9
3634,33.058757,-117.075283,3962.9,100.4,2.62,168,84,254,,True,0.0
3635,33.058742,-117.075269,3965.4,100.4,2.66,168,84,255,,True,0.0
3636,33.058722,-117.075247,3968.2,100.4,2.62,167,84,256,,True,-1.9
3637,33.058702,-117.075233,3970.5,100.4,2.58,168,84,256,,True,-3.7
3638,33.058682,-117.075223,3973.3,100.2,2.58,169,83,256,,True,-4.6
3639,33.058653,-117.07521,3976.2,100.0,2.66,169,82,256,,True,-5.6
3640,33.058637,-117.075208,3978.1,100.0,2.54,169,82,254,,True,-5.7
3641,33.05861,-117.075203,3981.3,99.8,2.62,169,82,252,,True,-4.7
3642,33.058587,-117.075197,3983.8,99.6,2.66,169,82,251,,True,-5.5
3643,33.05857,-117.075195,3985.9,99.6,2.52,169,83,249,,True,-3.9
3644,33.058538,-117.075184,3989.0,99.4,2.56,168,83,249,,True,-3.6
3645,33.058515,-117.075181,3991.6,99.4,2.7,168,82,249,,True,-3.3
3646,33.058487,-117.075173,3994.9,99.2,2.72,167,82,247,,True,-3.4
3647,33.05846,-117.075159,3997.9,99.2,2.82,166,82,246,,True,-3.2
3648,33.05844,-117.075152,4000.8,99.0,2.98,166,82,246,,True,-3.4
3649,33.058408,-117.075136,4004.0,99.0,3.0,165,84,243,,True,-3.3
3650,33.058387,-117.075126,4006.7,98.8,3.02,165,84,244,,True,-1.6
3651,33.058363,-117.07511,4010.0,98.8,3.02,164,84,245,,True,-1.7
3652,33.058338,-117.075086,4013.0,98.8,3.02,164,84,244,,True,0.0
3653,33.058319,-117.07507,4016.1,98.8,3.06,164,84,246,,True,0.0
3654,33.058293,-117.075039,4019.7,98.8,3.14,164,84,246,,True,0.0
3655,33.058276,-117.075022,4022.5,98.8,3.16,164,84,246,,True,0.0
3656,33.05826,-117.074994,4025.6,98.8,3.12,163,84,249,,True,0.0
3657,33.058249,-117.074958,4028.8,98.8,3.16,164,84,250,,True,0.0
3658,33.058239,-117.074933,4031.9,98.8,3.16,165,84,250,,True,0.0
3659,33.058231,-117.074888,4035.8,98.8,3.22,165,84,248,,True,0.0
3660,33.058224,-117.074866,4038.4,98.8,3.18,164,84,248,,True,0.0
3661,33.05822,-117.074835,4041.3,98.8,3.14,164,83,250,,True,0.0
3662,33.058217,-117.074801,4044.3,98.8,3.1,164,83,252,,True,0.0
3663,33.058213,-117.074774,4047.4,98.8,3.1,164,83,253,,True,0.0
3664,33.058208,-117.074737,4050.2,98.8,2.88,164,84,252,,True,0.0
3665,33.058203,-117.074717,4052.8,98.8,2.88,164,84,250,,True,0.0
3666,33.058191,-117.07468,4055.7,98.8,2.88,163,85,248,,True,0.0
3667,33.058183,-117.074658,4058.3,98.8,2.8,164,85,248,,True,1.8
3668,33.058173,-117.074627,4061.3,98.8,2.78,164,86,249,,True,1.8
3669,33.058167,-117.074597,4064.1,99.0,2.78,164,86,251,,True,1.7
3670,33.058159,-117.07457,4066.9,99.0,2.82,165,86,252,,True,1.8
3671,33.058158,-117.074532,4070.1,99.0,2.88,165,86,253,,True,1.7
3672,33.058153,-117.074508,4072.7,99.0,2.88,165,85,254,,True,1.7
3673,33.058152,-117.074471,4075.9,99.2,2.92,165,85,256,,True,3.4
3674,33.058153,-117.07444,4078.8,99.2,2.94,165,85,257,,True,3.2
3675,33.058153,-117.074413,4081.8,99.4,2.98,165,85,259,,True,3.4
3676,33.058158,-117.07437,4085.2,99.4,3.02,165,85,260,,True,3.4
3677,33.058159,-117.074348,4087.8,99.6,3.02,166,84,262,,True,1.7
3678,33.058171,-117.074322,4090.7,99.6,2.96,165,84,266,,True,1.8
3679,33.058186,-117.074291,4093.6,99.6,2.96,165,83,270,,True,1.7
3680,33.058193,-117.074272,4096.1,99.6,2.86,166,83,271,,True,1.8
3681,33.05821,-117.074235,4099.3,99.8,2.82,165,82,272,,True,1.7
3682,33.058219,-117.074212,4102.0,99.8,2.84,166,82,272,,True,1.7
3683,33.058235,-117.074188,4105.1,99.8,2.88,166,83,275,,True,1.7
3684,33.058253,-117.074156,4108.2,99.8,2.92,166,84,277,,True,1.7
3685,33.05826,-117.074135,4110.9,100.0,2.96,166,84,278,,True,1.8
3686,33.058273,-117.074102,4113.9,100.0,2.92,166,84,278,,True,1.9
3687,33.058284,-117.07408,4116.2,100.0,2.84,166,84,279,,True,-1.8
3688,33.058294,-117.074058,4119.0,100.0,2.78,166,83,282,,True,-1.8
3689,33.058312,-117.074025,4122.0,99.8,2.76,166,83,280,,True,0.0
3690,33.058322,-117.074002,4125.0,99.8,2.82,167,83,280,,True,0.0
3691,33.058341,-117.073974,4128.0,100.0,2.82,167,83,279,,True,1.8
3692,33.058349,-117.073949,4130.7,100.0,2.9,166,83,280,,True,1.8
3693,33.058364,-117.073926,4133.4,100.0,2.88,166,83,282,,True,0.0
3694,33.05838,-117.073897,4136.4,100.0,2.88,166,83,283,,True,0.0
3695,33.058387,-117.073875,4138.9,100.0,2.78,166,83,282,,True,1.7
3696,33.058405,-117.07384,4142.2,100.0,2.84,167,84,280,,True,1.8
3697,33.058415,-117.073818,4145.0,100.2,2.86,167,84,282,,True,1.7
3698,33.058434,-117.073799,4147.8,100.2,2.88,167,85,285,,True,3.8
3699,33.058453,-117.07377,4151.0,100.2,2.92,167,85,289,,True,1.8
3700,33.058459,-117.073756,4152.8,100.4,2.78,167,84,289,,True,1.8
3701,33.058478,-117.073724,4156.0,100.4,2.76,167,84,288,,True,3.8
3702,33.058497,-117.073705,4158.8,100.4,2.76,167,84,288,,True,3.5
3703,33.058516,-117.073687,4161.6,100.6,2.76,167,84,293,,True,3.8
3704,33.058532,-117.073664,4164.2,100.8,2.64,167,84,296,,True,5.6
3705,33.058542,-117.073647,4166.6,100.8,2.76,167,84,297,,True,3.9
3706,33.058567,-117.07362,4169.6,101.0,2.72,168,84,296,,True,5.1
3707,33.05858,-117.073606,4171.9,101.0,2.62,166,84,297,,True,7.5
3708,33.058593,-117.073589,4174.1,101.2,2.5,166,84,302,,True,8.8
3709,33.058606,-117.073575,4176.0,101.4,2.36,166,84,305,,True,9.6
3710,33.058614,-117.073565,4177.2,101.6,2.12,166,84,309,,True,10.9
3711,33.058621,-117.073553,4178.7,101.8,1.82,166,84,311,,True,12.6
3712,33.058627,-117.073539,4180.0,102.0,1.62,166,84,312,,True,11.4
3713,33.058634,-117.073525,4181.4,102.2,1.46,167,84,309,,True,8.5
3714,33.058635,-117.07351,4182.9,102.2,1.38,167,84,306,,True,7.5
3715,33.058632,-117.073501,4183.6,102.4,1.28,167,84,303,,False,5.3
3716,33.058632,-117.073492,4184.6,102.4,1.18,167,61,300,,True,1.9
3717,33.058635,-117.073481,4185.9,102.4,1.18,167,60,232,,True,1.9
3718,33.058641,-117.073458,4187.8,102.4,1.28,166,60,183,,True,0.0
3719,33.058648,-117.073437,4190.1,102.4,1.44,165,60,181,,True,0.0
3720,33.058657,-117.073421,4191.8,102.4,1.64,165,0,0,,True,2.1
3721,33.058667,-117.073405,4193.6,102.4,1.8,165,0,0,,True,2.1
3722,33.058675,-117.073393,4195.0,102.4,1.82,165,0,0,,True,0.0
3723,33.058677,-117.073391,4195.5,102.6,1.54,164,0,0,,False,0.0
3724,33.058675,-117.0734,4195.5,102.6,1.08,163,0,0,,False,0.0
3725,33.058675,-117.073402,4195.5,102.6,0.74,163,0,0,,False,1.9
3726,33.058677,-117.0734,4195.5,102.6,0.38,163,0,0,,False,2.1
3727,33.058677,-117.073398,4195.9,102.4,0.18,163,0,0,,False,3.6
3728,33.058672,-117.07339,4196.4,102.4,0.18,163,0,0,,False,3.7
3729,33.058673,-117.073393,4196.4,102.4,0.18,162,0,0,,False,5.9
3730,33.05867,-117.07339,4196.4,102.4,0.18,162,0,0,,False,5.9
3731,33.05867,-117.073393,4196.4,102.4,0.18,162,0,0,,False,3.9
3732,33.058668,-117.073405,4197.2,102.4,0.26,161,0,0,,True,3.9
3733,33.058663,-117.073418,4198.2,102.6,0.36,161,0,0,,True,8.2
3734,33.058658,-117.073428,4199.5,102.6,0.62,160,0,0,,True,6.1
3735,33.058646,-117.073441,4201.1,102.8,0.94,160,0,0,,True,5.6
3736,33.058633,-117.073444,4202.5,102.8,1.22,159,0,0,,True,5.9
3737,33.058624,-117.073443,4203.7,103.0,1.3,159,0,0,,True,5.9
3738,33.058612,-117.073446,4205.2,103.0,1.4,158,0,0,,True,3.9
3739,33.058609,-117.073446,4205.7,103.0,1.24,158,0,0,,False,0.0
3740,33.058609,-117.073447,4205.7,103.2,0.92,158,0,0,,False,-1.9
3741,33.058609,-117.073447,4205.7,103.0,0.64,157,0,0,,False,-6.9
3742,33.058609,-117.073447,4205.7,103.0,0.4,156,0,0,,False,-10.6
3743,33.058603,-117.073455,4206.6,103.0,0.28,156,0,0,,True,-11.0
3744,33.058599,-117.073462,4207.5,102.8,0.36,158,0,0,,True,-11.5
3745,33.058592,-117.073468,4208.5,102.6,0.56,159,0,0,,True,-11.5
3746,33.058577,-117.073474,4210.2,102.4,0.9,157,0,0,,True,-12.4
3747,33.058553,-117.073473,4212.7,102.0,1.4,156,0,0,,True,-8.1
3748,33.058532,-117.073474,4215.0,101.8,1.68,155,0,0,,True,-7.5
3749,33.058511,-117.073477,4217.9,101.6,2.08,155,0,0,,True,-3.8
3750,33.058479,-117.073478,4220.8,101.6,2.46,154,0,0,,True,-3.7
3751,33.058461,-117.073478,4223.1,101.6,2.58,155,0,0,,True,-2.0
3752,33.058438,-117.07348,4225.9,101.4,2.64,155,79,270,,True,-2.0
3753,33.058414,-117.073482,4228.1,101.4,2.62,155,80,263,,True,-1.9
3754,33.058389,-117.073483,4230.8,101.4,2.58,156,80,234,,True,0.0
3755,33.058362,-117.073481,4233.8,101.4,2.6,156,80,239,,True,-1.7
3756,33.058337,-117.073486,4236.7,101.4,2.72,156,81,237,,True,-1.7
3757,33.05831,-117.073486,4239.8,101.2,2.78,156,82,246,,True,-1.7
3758,33.05828,-117.073484,4242.8,101.2,2.94,156,82,267,,True,-3.2
3759,33.058257,-117.073484,4245.9,101.2,3.02,156,84,277,,True,-1.7
3760,33.058222,-117.073485,4249.2,101.0,3.08,156,84,278,,True,-1.7
3761,33.058204,-117.073484,4251.9,101.0,3.04,157,84,277,,True,-1.7
3762,33.058176,-117.073483,4254.9,101.0,3.02,157,84,277,,True,0.0
3763,33.058152,-117.073481,4257.4,101.0,2.92,157,84,271,,True,1.8
3764,33.05813,-117.073485,4260.1,101.0,2.84,158,84,270,,True,1.9
3765,33.058101,-117.073485,4262.8,101.2,2.72,158,84,261,,True,1.8
3766,33.05808,-117.073488,4265.2,101.2,2.66,158,84,258,,True,1.8
3767,33.05805,-117.07349,4268.7,101.2,2.76,158,83,257,,True,1.8
3768,33.058029,-117.073491,4271.1,101.2,2.74,158,83,258,,True,1.8
3769,33.058007,-117.073493,4273.7,101.4,2.72,159,83,256,,True,3.9
3770,33.057978,-117.073488,4276.5,101.4,2.74,159,83,258,,True,5.4
3771,33.057959,-117.073488,4278.9,101.6,2.74,159,84,256,,True,5.5
3772,33.057926,-117.073486,4282.2,101.8,2.7,159,86,255,,True,5.5
3773,33.057907,-117.073488,4284.6,102.0,2.7,159,86,255,,True,5.5
3774,33.057882,-117.073494,4287.5,102.0,2.76,159,86,255,,True,5.8
3775,33.057857,-117.073491,4289.9,102.2,2.68,159,85,257,,True,3.6
3776,33.057835,-117.073491,4292.6,102.4,2.74,159,85,257,,True,5.7
3777,33.057804,-117.073491,4295.7,102.4,2.7,159,85,259,,True,5.5
3778,33.057786,-117.073494,4298.1,102.6,2.7,160,85,262,,True,5.4
3779,33.057759,-117.073491,4300.9,102.8,2.68,160,84,267,,True,7.5
3780,33.057734,-117.07349,4303.7,103.0,2.76,160,84,271,,True,7.1
3781,33.057713,-117.073493,4306.3,103.2,2.74,160,84,275,,True,5.3
3782,33.057681,-117.07349,4309.4,103.4,2.74,160,84,278,,True,5.4
3783,33.057659,-117.073486,4312.2,103.4,2.82,161,85,281,,True,3.6
3784,33.057636,-117.073489,4314.9,103.6,2.8,161,85,292,,True,0.0
3785,33.057613,-117.073485,4317.3,103.6,2.72,161,85,300,,True,0.0
3786,33.057596,-117.073484,4319.4,103.4,2.62,162,83,306,,True,-4.0
3787,33.057566,-117.073483,4322.2,103.4,2.56,162,83,304,,True,-5.8
3788,33.057545,-117.073483,4325.0,103.2,2.56,162,83,299,,True,-5.3
3789,33.057521,-117.073486,4327.7,103.0,2.56,162,82,296,,True,-5.5
3790,33.057491,-117.073486,4330.8,102.8,2.7,163,82,293,,True,-5.4
3791,33.057472,-117.073487,4333.1,102.8,2.74,163,83,289,,True,-3.5
3792,33.057442,-117.073486,4336.2,102.6,2.8,163,83,284,,True,-3.5
3793,33.057416,-117.073486,4339.1,102.6,2.82,163,84,278,,True,-3.3
3794,33.05739,-117.073488,4342.1,102.4,2.88,163,84,271,,True,-3.4
3795,33.057359,-117.073482,4345.2,102.4,2.88,164,84,267,,True,-3.3
3796,33.057338,-117.073485,4347.9,102.2,2.96,164,84,263,,True,-1.7
3797,33.057308,-117.073488,4351.1,102.2,2.98,164,84,261,,True,-1.8
3798,33.057285,-117.073485,4353.7,102.2,2.92,163,84,258,,True,0.0
3799,33.057264,-117.073486,4356.4,102.2,2.86,164,84,256,,True,0.0
3800,33.057233,-117.073485,4359.3,102.2,2.82,164,84,254,,True,0.0
3801,33.057214,-117.073487,4361.8,102.2,2.78,163,84,253,,True,0.0
3802,33.057182,-117.073483,4365.1,102.2,2.8,163,84,253,,True,0.0
3803,33.057165,-117.073489,4367.3,102.2,2.72,163,84,252,,True,1.9
3804,33.057142,-117.073487,4369.8,102.2,2.68,163,83,252,,True,3.3
3805,33.05712,-117.073481,4372.1,102.4,2.56,164,84,250,,True,4.0
3806,33.057101,-117.073482,4374.4,102.6,2.52,163,85,248,,True,4.0
3807,33.057069,-117.073482,4377.4,102.6,2.46,163,85,247,,True,1.8
3808,33.05705,-117.073483,4379.9,102.6,2.52,163,85,246,,True,0.0
3809,33.05702,-117.07348,4383.1,102.6,2.66,163,86,245,,True,1.8
3810,33.056997,-117.073477,4385.6,102.6,2.7,163,86,245,,True,1.8
3811,33.056974,-117.07348,4388.5,102.8,2.82,163,86,246,,True,3.8
3812,33.056944,-117.073478,4391.2,102.8,2.76,162,83,252,,True,5.5
3813,33.056925,-117.073479,4393.7,103.0,2.76,162,83,255,,True,5.7
3814,33.056898,-117.073478,4396.6,103.2,2.7,162,84,258,,True,7.7
3815,33.056875,-117.073479,4399.1,103.4,2.7,162,84,260,,True,7.2
3816,33.056856,-117.073482,4401.6,103.6,2.62,162,84,260,,True,7.8
3817,33.056825,-117.073479,4404.8,103.8,2.72,162,84,263,,True,7.8
3818,33.056809,-117.07348,4406.9,104.0,2.64,162,84,267,,True,6.0
3819,33.056787,-117.073482,4409.3,104.2,2.54,162,84,269,,True,5.1
3820,33.056764,-117.073479,4411.6,104.2,2.5,162,84,271,,True,1.6
3821,33.056745,-117.073478,4413.9,104.4,2.46,162,84,271,,True,-1.6
3822,33.056719,-117.073479,4416.6,104.4,2.36,162,84,270,,True,-1.9
3823,33.056696,-117.073475,4419.1,104.2,2.44,162,83,269,,True,-5.4
3824,33.056672,-117.073476,4422.0,104.0,2.54,162,82,270,,True,-7.3
3825,33.05664,-117.073477,4425.0,103.8,2.68,162,82,269,,True,-5.0
3826,33.056619,-117.073479,4427.6,103.6,2.74,162,82,269,,True,-5.1
3827,33.05659,-117.073482,4431.0,103.6,2.88,162,82,268,,True,-3.4
3828,33.056563,-117.073479,4433.8,103.4,2.94,162,82,263,,True,-3.3
3829,33.056541,-117.073481,4436.6,103.4,2.92,163,82,264,,True,-3.7
3830,33.05651,-117.073484,4439.7,103.2,2.94,163,83,261,,True,-3.8
3831,33.056493,-117.073484,4441.9,103.2,2.86,163,83,259,,True,-5.6
3832,33.05647,-117.073484,4444.3,103.0,2.66,163,82,256,,True,-3.8
3833,33.05644,-117.07348,4447.3,102.8,2.7,163,82,251,,True,-5.2
3834,33.056419,-117.073481,4450.2,102.8,2.72,162,82,249,,True,-3.5
3835,33.056385,-117.073485,4453.5,102.6,2.76,163,82,248,,True,-1.8
3836,33.056367,-117.07348,4455.8,102.6,2.78,163,82,246,,True,-1.8
3837,33.056344,-117.073479,4458.4,102.6,2.82,162,83,244,,True,0.0
3838,33.056314,-117.073479,4461.5,102.6,2.84,162,83,244,,True,0.0
3839,33.056294,-117.073475,4464.0,102.6,2.76,162,83,244,,True,1.8
3840,33.056264,-117.07348,4467.0,102.6,2.7,162,84,243,,True,1.8
3841,33.056241,-117.073482,4469.6,102.8,2.76,162,84,243,,True,1.8
3842,33.056216,-117.073483,4472.6,102.8,2.84,162,84,243,,True,1.8
3843,33.056188,-117.07348,4475.4,102.8,2.78,162,83,244,,True,0.0
3844,33.056168,-117.073479,4478.0,102.8,2.8,162,83,244,,True,1.8
3845,33.056134,-117.07348,4481.2,102.8,2.84,162,84,244,,True,1.7
3846,33.056116,-117.073484,4483.6,103.0,2.8,162,84,245,,True,3.6
3847,33.056088,-117.073484,4486.9,103.0,2.86,162,84,244,,True,3.8
3848,33.056066,-117.073478,4489.1,103.2,2.74,162,84,246,,True,3.6
3849,33.056046,-117.073479,4491.6,103.2,2.72,162,84,245,,True,3.1
3850,33.056014,-117.07348,4494.7,103.4,2.7,162,84,246,,True,1.9
3851,33.055997,-117.073477,4496.8,103.4,2.64,162,85,246,,True,3.7
3852,33.05597,-117.07348,4499.8,103.4,2.58,161,85,246,,True,3.3
3853,33.055946,-117.073478,4502.3,103.6,2.64,162,84,249,,True,4.0
3854,33.055929,-117.073478,4504.5,103.8,2.58,162,84,251,,True,9.3
3855,33.055906,-117.073483,4506.8,103.8,2.42,161,83,255,,True,7.5
3856,33.05589,-117.07349,4508.8,104.2,2.4,161,83,256,,True,5.6
3857,33.055881,-117.073508,4510.5,104.4,2.14,161,84,257,,True,5.5
3858,33.055869,-117.073536,4513.0,104.4,2.14,162,84,258,,True,1.7
3859,33.055863,-117.073556,4515.2,104.4,2.14,162,84,259,,True,0.0
3860,33.055853,-117.073582,4517.8,104.4,2.2,162,83,259,,True,-3.3
3861,33.055841,-117.073609,4520.5,104.4,2.34,161,82,259,,True,-4.9
3862,33.055832,-117.073626,4522.6,104.2,2.42,161,81,257,,True,-5.0
3863,33.055823,-117.073651,4525.1,104.0,2.42,161,81,256,,True,-5.0
3864,33.055815,-117.073675,4527.5,103.8,2.46,161,81,252,,True,-4.9
3865,33.055809,-117.073696,4529.7,103.8,2.38,161,82,250,,True,-3.2
3866,33.05579,-117.073725,4532.5,103.8,2.4,161,82,248,,True,-2.0
3867,33.055785,-117.073744,4534.8,103.6,2.44,160,82,245,,True,-3.8
3868,33.055777,-117.07377,4537.5,103.6,2.48,160,82,244,,True,-4.0
3869,33.05576,-117.0738,4540.3,103.4,2.56,160,82,243,,True,-3.6
3870,33.055753,-117.073822,4542.6,103.4,2.58,160,82,241,,True,-3.6
3871,33.055739,-117.073852,4545.9,103.2,2.68,160,82,239,,True,-1.8
3872,33.055726,-117.073878,4548.6,103.2,2.76,160,82,237,,True,-3.4
3873,33.055716,-117.073903,4551.5,103.2,2.8,160,82,237,,True,-3.5
3874,33.055701,-117.073937,4554.5,103.0,2.84,159,82,235,,True,-3.3
3875,33.055692,-117.073961,4557.2,102.8,2.92,159,82,235,,True,-5.0
3876,33.055678,-117.073989,4560.7,102.8,2.96,159,82,236,,True,-3.6
3877,33.055663,-117.074014,4563.4,102.6,2.96,159,82,234,,True,-1.8
3878,33.055654,-117.074034,4565.6,102.6,2.82,158,82,236,,True,-2.0
3879,33.055641,-117.074057,4568.1,102.6,2.72,158,82,235,,True,0.0
3880,33.055623,-117.074084,4570.9,102.6,2.74,158,82,233,,True,0.0
3881,33.055615,-117.074107,4573.7,102.6,2.6,158,82,233,,True,-1.7
3882,33.055597,-117.074139,4576.9,102.6,2.7,158,82,232,,True,-3.4
3883,33.055583,-117.074161,4579.6,102.4,2.8,157,82,231,,True,-3.4
3884,33.05557,-117.074183,4582.5,102.2,2.88,158,82,231,,True,-5.4
3885,33.055551,-117.074212,4585.4,102.2,2.9,158,82,231,,True,-3.6
3886,33.055539,-117.074232,4588.0,102.0,2.86,157,82,231,,True,-1.8
3887,33.055525,-117.074255,4590.7,102.0,2.76,157,82,232,,True,-1.9
3888,33.055506,-117.074277,4593.4,102.0,2.76,157,82,231,,True,0.0
3889,33.055492,-117.074294,4596.0,102.0,2.7,157,82,228,,True,0.0
3890,33.055469,-117.07432,4598.6,102.0,2.64,157,82,227,,True,0.0
3891,33.055456,-117.074341,4601.5,102.0,2.7,156,82,225,,True,0.0
3892,33.055439,-117.074368,4605.0,102.0,2.86,156,83,222,,True,0.0
3893,33.055423,-117.074394,4607.7,102.0,2.86,156,83,221,,True,0.0
3894,33.055408,-117.074422,4611.1,102.0,3.02,155,83,224,,True,0.0
3895,33.055384,-117.074444,4614.0,102.0,3.08,155,84,224,,True,0.0
3896,33.055368,-117.074463,4616.7,102.0,3.04,155,84,227,,True,0.0
3897,33.055351,-117.07449,4619.8,102.0,2.96,155,84,231,,True,0.0
3898,33.055332,-117.07451,4622.7,102.0,3.0,155,84,231,,True,-1.7
3899,33.055318,-117.074532,4625.4,102.0,2.86,155,84,232,,True,-1.7
3900,33.055293,-117.074558,4628.6,101.8,2.92,155,84,233,,True,-1.7
3901,33.055277,-117.074575,4631.3,101.8,2.92,155,84,232,,True,-1.6
3902,33.055257,-117.074604,4634.8,101.8,3.0,155,84,234,,True,0.0
3903,33.055241,-117.074628,4637.7,101.8,3.0,155,83,234,,True,1.7
3904,33.055223,-117.074645,4640.7,101.8,3.06,155,83,238,,True,1.8
3905,33.055201,-117.074661,4643.3,102.0,2.94,155,84,241,,True,1.8
3906,33.055184,-117.07468,4645.9,102.0,2.92,155,84,245,,True,3.7
3907,33.055161,-117.074704,4649.0,102.0,2.84,155,84,247,,True,1.8
3908,33.055147,-117.074723,4651.6,102.2,2.78,154,84,247,,True,1.8
3909,33.055131,-117.074743,4654.4,102.2,2.74,155,84,247,,True,1.9
3910,33.055109,-117.074764,4657.1,102.2,2.76,155,85,248,,True,1.9
3911,33.055098,-117.07478,4659.3,102.2,2.68,155,85,248,,True,2.0
3912,33.055075,-117.074801,4662.2,102.4,2.64,154,84,250,,True,1.9
3913,33.055061,-117.074821,4664.6,102.4,2.6,155,83,253,,True,1.9
3914,33.055045,-117.074839,4667.4,102.4,2.6,155,83,253,,True,0.0
3915,33.055023,-117.074858,4670.1,102.4,2.6,155,84,254,,True,0.0
3916,33.055009,-117.074873,4672.4,102.4,2.62,155,84,256,,True,1.8
3917,33.054983,-117.07489,4675.5,102.4,2.66,155,84,258,,True,3.7
3918,33.054963,-117.074906,4678.3,102.6,2.74,155,83,260,,True,3.4
3919,33.054947,-117.074924,4680.9,102.8,2.7,156,83,262,,True,5.3
3920,33.054917,-117.074943,4684.1,102.8,2.8,156,83,264,,True,5.1
3921,33.0549,-117.074959,4686.8,103.0,2.88,156,84,266,,True,5.2
3922,33.054877,-117.074977,4690.0,103.2,2.9,156,84,270,,True,5.4
3923,33.054858,-117.074992,4692.4,103.4,2.82,157,84,272,,True,3.5
3924,33.05484,-117.075009,4695.2,103.4,2.86,157,84,274,,True,3.7
3925,33.054812,-117.07503,4698.3,103.4,2.84,157,84,278,,True,1.7
3926,33.054795,-117.075044,4700.9,103.6,2.82,158,84,280,,True,3.6
3927,33.054776,-117.075064,4704.2,103.6,2.84,158,84,283,,True,5.2
3928,33.054759,-117.075075,4706.2,103.8,2.76,159,84,289,,True,3.7
3929,33.054745,-117.075084,4708.1,103.8,2.58,159,85,293,,True,4.6
3930,33.054731,-117.075093,4709.9,104.0,2.32,159,85,296,,True,3.4
3931,33.054719,-117.075101,4711.8,104.0,2.18,160,85,298,,True,3.7
3932,33.05471,-117.075108,4712.9,104.0,1.74,160,85,302,,True,3.8
3933,33.054701,-117.075117,4714.0,104.0,1.56,161,85,302,,True,4.0
3934,33.05469,-117.075128,4715.8,104.0,1.54,161,85,232,,True,3.5
3935,33.05468,-117.075136,4717.1,104.2,1.44,161,61,212,,True,5.6
3936,33.054667,-117.075144,4718.6,104.2,1.36,161,60,186,,True,5.5
3937,33.054656,-117.075151,4719.8,104.4,1.38,162,60,189,,True,7.5
3938,33.054646,-117.075161,4721.3,104.4,1.46,165,59,188,,True,7.8
3939,33.054635,-117.075169,4722.6,104.6,1.36,169,59,188,,True,5.8
3940,33.054624,-117.075176,4723.8,104.6,1.34,171,59,181,,True,5.9
3941,33.054615,-117.075182,4724.7,104.8,1.22,171,59,180,,True,5.9
3942,33.054604,-117.075191,4726.1,104.8,1.26,171,59,174,,True,5.9
3943,33.054593,-117.075198,4727.4,104.8,1.22,172,59,170,,True,3.6
3944,33.054583,-117.075203,4728.7,104.8,1.22,172,59,163,,True,5.2
3945,33.054573,-117.07521,4729.9,105.0,1.22,172,57,154,,True,3.8
3946,33.054563,-117.075216,4731.4,105.0,1.34,172,57,151,,True,5.6
3947,33.054555,-117.07522,4732.3,105.0,1.24,172,57,149,,True,7.2
3948,33.054543,-117.075224,4733.6,105.0,1.24,172,57,149,,True,8.9
3949,33.054529,-117.075231,4735.3,105.2,1.32,172,56,151,,True,10.0
3950,33.054517,-117.075239,4736.9,105.4,1.4,172,56,154,,True,10.9
3951,33.054504,-117.075247,4738.5,105.6,1.42,171,56,160,,True,13.8
3952,33.054493,-117.075256,4739.9,105.8,1.52,171,56,161,,True,14.4
3953,33.054481,-117.075265,4741.4,106.0,1.56,169,56,166,,True,17.1
3954,33.054467,-117.075275,4743.3,106.2,1.6,168,56,172,,True,16.0
3955,33.054454,-117.075284,4745.2,106.6,1.66,166,56,180,,True,14.6
3956,33.054444,-117.075292,4746.4,106.8,1.58,165,56,188,,True,9.3
3957,33.054435,-117.075298,4747.4,107.2,1.5,164,57,189,,True,7.9
3958,33.054428,-117.075303,4748.5,107.2,1.42,164,57,183,,True,7.5
3959,33.054419,-117.075308,4749.5,107.2,1.24,164,57,176,,True,5.8
3960,33.054411,-117.075314,4750.6,106.8,1.08,163,56,166,,True,5.6
3961,33.054404,-117.075319,4751.5,106.8,1.02,162,56,162,,True,1.7
3962,33.054394,-117.075326,4752.7,106.8,1.06,162,55,158,,True,1.9
3963,33.054386,-117.075334,4753.9,107.0,1.08,161,55,159,,True,3.7
3964,33.054374,-117.075344,4755.5,107.2,1.2,160,55,160,,True,7.2
3965,33.054361,-117.075354,4757.2,107.4,1.32,160,55,160,,True,9.6
3966,33.05435,-117.075364,4759.0,107.4,1.5,160,55,159,,True,7.8
3967,33.054339,-117.075373,4760.4,107.6,1.54,160,55,158,,True,6.1
3968,33.054329,-117.075382,4761.7,107.6,1.56,160,55,157,,True,7.3
3969,33.054319,-117.07539,4763.1,107.8,1.52,159,55,156,,True,7.5
3970,33.054311,-117.075397,4764.2,107.8,1.4,159,55,154,,True,7.9
3971,33.054302,-117.075405,4765.4,107.8,1.28,159,55,151,,True,7.9
3972,33.054294,-117.075411,4766.5,108.0,1.22,159,55,147,,True,9.7
3973,33.054283,-117.075418,4767.9,108.2,1.24,159,54,141,,True,9.6
3974,33.054273,-117.075424,4769.1,108.2,1.2,158,54,143,,True,11.5
3975,33.054261,-117.075431,4770.5,108.4,1.26,158,54,147,,True,11.5
3976,33.054251,-117.075439,4772.0,108.6,1.32,158,54,150,,True,11.3
3977,33.054239,-117.075446,4773.5,108.8,1.4,157,54,151,,True,9.3
3978,33.05423,-117.075454,4774.6,109.0,1.34,157,54,150,,True,11.1
3979,33.054221,-117.075463,4775.8,109.0,1.34,157,54,150,,True,13.0
3980,33.05421,-117.075471,4777.1,109.2,1.32,158,54,149,,True,15.5
3981,33.054199,-117.07548,4778.7,109.2,1.34,157,54,151,,True,15.5
3982,33.054189,-117.075486,4779.9,109.4,1.28,157,54,157,,True,11.5
3983,33.054179,-117.075491,4781.3,109.8,1.34,157,0,0,,True,9.7
3984,33.05417,-117.075496,4782.3,110.2,1.3,157,0,0,,True,7.1
3985,33.054159,-117.075502,4783.8,110.4,1.34,158,0,0,,True,7.5
3986,33.054151,-117.075509,4785.0,110.2,1.26,157,0,0,,True,7.5
3987,33.054142,-117.075515,4786.1,110.0,1.24,157,0,0,,True,5.8
3988,33.054135,-117.075523,4787.0,110.0,1.14,157,0,0,,True,3.7
3989,33.054126,-117.07553,4788.3,110.0,1.2,157,0,0,,True,3.7
3990,33.054117,-117.075537,4789.4,110.0,1.12,157,55,108,,True,7.2
3991,33.054107,-117.075544,4790.6,110.2,1.12,157,55,119,,True,10.0
3992,33.054097,-117.075551,4791.7,110.4,1.12,157,55,129,,True,9.6
3993,33.054087,-117.07556,4793.2,110.6,1.24,156,54,135,,True,11.7
3994,33.054076,-117.075568,4794.5,110.8,1.24,155,54,142,,True,11.4
3995,33.054065,-117.075574,4796.1,111.0,1.34,154,54,150,,True,11.3
3996,33.054055,-117.075582,4797.4,111.0,1.36,154,54,150,,True,10.9
3997,33.054046,-117.075589,4798.6,111.2,1.38,154,54,151,,True,13.0
3998,33.054036,-117.075598,4799.9,111.2,1.34,154,54,151,,True,13.5
3999,33.054027,-117.075606,4801.2,111.4,1.34,154,54,152,,True,12.0
4000,33.054015,-117.075614,4802.7,111.6,1.32,154,54,151,,True,12.3
4001,33.054007,-117.075623,4804.0,112.0,1.32,154,53,153,,True,11.8
4002,33.054001,-117.075628,4804.9,112.2,1.26,154,53,152,,True,11.7
4003,33.05399,-117.075634,4806.1,112.2,1.24,154,53,152,,True,9.6
4004,33.053979,-117.075641,4807.3,112.4,1.22,153,55,156,,True,7.9
4005,33.053968,-117.075648,4808.8,112.4,1.22,153,55,156,,True,6.0
4006,33.053957,-117.075655,4810.2,112.4,1.24,153,55,156,,True,5.8
4007,33.053947,-117.075663,4811.6,112.4,1.34,153,55,154,,True,7.6
4008,33.05394,-117.075671,4812.8,112.4,1.34,153,54,153,,True,7.7
4009,33.05393,-117.075678,4814.0,112.6,1.34,154,54,152,,True,7.8
4010,33.05392,-117.075687,4815.3,112.8,1.3,154,54,151,,True,9.6
4011,33.053911,-117.075694,4816.6,113.0,1.28,154,54,152,,True,11.1
4012,33.053901,-117.075702,4817.7,113.2,1.22,154,54,151,,True,12.2
4013,33.05389,-117.07571,4819.1,113.2,1.26,155,53,150,,True,11.7
4014,33.053878,-117.075718,4820.6,113.4,1.32,154,53,149,,True,12.1
4015,33.053866,-117.075729,4822.4,113.6,1.42,154,53,150,,True,12.6
4016,33.053854,-117.075739,4824.3,113.8,1.54,154,53,152,,True,12.5
4017,33.053844,-117.075745,4825.6,114.0,1.58,155,53,155,,True,10.9
4018,33.053836,-117.075751,4826.5,114.2,1.48,155,53,153,,True,11.1
4019,33.053827,-117.075756,4827.7,114.4,1.42,155,53,152,,True,13.0
4020,33.053819,-117.075763,4828.7,114.4,1.26,155,53,154,,True,13.3
4021,33.053805,-117.075769,4830.1,114.4,1.16,155,53,154,,True,11.3
4022,33.053796,-117.075775,4831.4,114.6,1.16,155,53,156,,True,7.3
4023,33.05379,-117.075782,4832.2,114.8,1.14,154,53,157,,True,3.6
4024,33.053782,-117.075789,4833.2,115.0,1.1,154,53,157,,True,4.0
4025,33.053771,-117.075797,4834.8,115.2,1.22,154,53,156,,True,5.4
4026,33.05376,-117.075803,4836.2,115.2,1.22,154,53,154,,True,5.5
4027,33.05375,-117.075811,4837.5,115.0,1.22,154,53,152,,True,3.9
4028,33.053742,-117.075818,4838.7,114.8,1.3,153,53,151,,True,3.8
4029,33.053732,-117.075825,4839.9,114.8,1.34,153,53,149,,True,4.0
4030,33.053721,-117.075832,4841.3,115.0,1.3,153,55,150,,True,4.0
4031,33.053712,-117.075838,4842.4,115.2,1.24,153,55,149,,True,7.9
4032,33.053701,-117.075845,4843.6,115.4,1.22,153,55,148,,True,11.8
4033,33.053692,-117.075853,4844.9,115.6,1.24,153,54,148,,True,13.5
4034,33.053681,-117.07586,4846.2,115.6,1.26,152,54,147,,True,13.5
4035,33.053672,-117.075866,4847.6,115.8,1.26,151,54,147,,True,11.1
4036,33.053661,-117.075874,4848.9,116.0,1.3,150,54,152,,True,10.8
4037,33.05365,-117.075881,4850.3,116.2,1.34,150,54,152,,True,9.1
4038,33.05364,-117.07589,4851.7,116.4,1.36,149,54,151,,True,10.6
4039,33.053629,-117.075899,4853.2,116.4,1.4,149,54,149,,True,10.8
4040,33.053619,-117.075908,4854.7,116.6,1.42,149,54,149,,True,12.7
4041,33.053609,-117.075916,4855.9,116.6,1.4,148,53,146,,True,13.0
4042,33.053598,-117.075926,4857.5,116.8,1.44,147,53,146,,True,13.2
4043,33.053588,-117.075931,4858.7,117.0,1.4,147,54,155,,True,13.7
4044,33.053579,-117.075939,4859.9,117.4,1.34,147,55,157,,True,12.0
4045,33.05357,-117.075946,4861.1,117.6,1.28,148,55,157,,True,11.5
4046,33.053562,-117.075952,4862.3,117.8,1.28,147,56,159,,True,9.9
4047,33.053552,-117.07596,4863.4,117.8,1.18,147,56,158,,True,7.6
4048,33.053542,-117.075966,4864.7,117.8,1.2,148,55,154,,True,5.5
4049,33.05353,-117.075974,4866.3,117.8,1.28,147,55,153,,True,5.3
4050,33.053518,-117.07598,4867.6,117.8,1.3,147,55,152,,True,7.3
4051,33.053506,-117.075988,4869.2,117.8,1.38,147,55,152,,True,9.6
4052,33.053492,-117.075997,4870.9,118.0,1.5,148,56,151,,True,12.1
4053,33.053479,-117.076007,4872.5,118.2,1.56,147,56,157,,True,10.9
4054,33.053468,-117.076018,4874.3,118.6,1.6,147,55,157,,True,10.8
4055,33.05346,-117.076023,4875.1,118.8,1.5,147,54,155,,True,11.1
4056,33.053451,-117.076029,4876.2,119.0,1.4,147,0,0,,True,9.3
4057,33.053443,-117.076037,4877.3,119.0,1.28,147,0,0,,True,9.6
4058,33.053434,-117.076045,4878.7,119.0,1.24,147,0,0,,True,7.7
4059,33.053423,-117.076052,4880.0,119.0,1.14,147,0,0,,True,5.4
4060,33.053412,-117.076058,4881.6,119.0,1.3,147,0,0,,True,5.7
4061,33.053401,-117.076066,4882.9,119.2,1.34,147,0,0,,True,3.8
4062,33.053386,-117.076074,4884.7,119.4,1.48,147,54,109,,True,3.8
4063,33.053374,-117.076081,4886.3,119.4,1.52,147,54,122,,True,4.0
4064,33.053362,-117.076087,4887.8,119.6,1.56,148,56,138,,True,5.2
4065,33.05335,-117.076093,4889.1,119.4,1.5,150,56,147,,True,4.3
4066,33.053341,-117.076101,4890.4,119.4,1.5,152,54,153,,True,5.7
4067,33.05333,-117.076106,4891.5,119.4,1.36,153,54,153,,True,7.9
4068,33.053318,-117.076113,4893.1,119.6,1.36,154,54,153,,True,6.0
4069,33.05331,-117.076118,4894.1,119.8,1.26,155,54,154,,True,7.8
4070,33.053302,-117.076124,4895.2,120.0,1.22,155,54,154,,True,7.6
4071,33.053293,-117.07613,4896.4,120.2,1.2,156,57,158,,True,7.5
4072,33.053281,-117.076138,4897.8,120.2,1.26,155,57,157,,True,7.8
4073,33.053269,-117.076146,4899.4,120.2,1.26,155,55,155,,True,5.5
4074,33.053258,-117.076154,4900.9,120.2,1.36,155,54,155,,True,5.3
4075,33.053247,-117.07616,4902.2,120.2,1.4,156,54,155,,True,3.8
4076,33.053236,-117.076166,4903.3,120.4,1.38,156,54,154,,True,5.9
4077,33.053222,-117.076172,4905.0,120.4,1.44,156,55,155,,True,6.1
4078,33.053209,-117.07618,4906.5,120.6,1.42,156,55,153,,True,7.4
4079,33.053196,-117.076188,4908.2,120.6,1.46,155,54,152,,True,7.4
4080,33.053186,-117.076196,4909.5,120.8,1.46,155,54,152,,True,7.1
4081,33.053177,-117.076202,4910.8,120.8,1.5,155,55,155,,True,7.1
4082,33.053169,-117.076208,4911.7,121.0,1.34,155,56,157,,True,5.4
4083,33.053158,-117.076215,4913.0,121.0,1.3,156,56,157,,True,5.6
4084,33.053148,-117.076223,4914.5,121.2,1.26,155,56,158,,True,5.5
4085,33.053136,-117.076231,4916.2,121.2,1.34,155,56,160,,True,5.5
4086,33.053124,-117.076237,4917.7,121.2,1.38,155,55,155,,True,5.8
4087,33.053113,-117.076241,4919.0,121.2,1.46,154,55,155,,True,3.9
4088,33.053101,-117.076246,4920.4,121.4,1.48,154,56,157,,True,5.9
4089,33.053088,-117.076253,4921.8,121.4,1.46,153,56,155,,True,8.2
4090,33.053075,-117.07626,4923.3,121.6,1.42,153,55,155,,True,9.3
4091,33.053062,-117.076266,4924.8,121.6,1.42,152,55,154,,True,9.3
4092,33.053047,-117.076273,4926.4,121.8,1.48,151,55,152,,True,9.3
4093,33.053039,-117.076277,4927.5,122.0,1.42,151,55,152,,True,7.3
4094,33.053029,-117.076282,4928.5,122.2,1.34,150,57,150,,True,3.7
4095,33.053019,-117.076288,4929.7,122.2,1.28,150,57,143,,True,3.7
4096,33.053008,-117.076293,4931.2,122.4,1.28,149,54,134,,True,1.8
4097,33.052996,-117.076298,4932.8,122.2,1.28,149,54,132,,True,1.8
4098,33.052986,-117.076305,4934.1,122.0,1.32,149,54,131,,True,0.0
4099,33.052974,-117.076312,4935.7,122.0,1.44,148,54,131,,True,0.0
4100,33.052961,-117.07632,4937.3,122.0,1.52,147,56,136,,True,3.7
4101,33.052948,-117.076325,4938.9,122.2,1.54,147,56,135,,True,7.7
4102,33.052936,-117.076332,4940.4,122.2,1.52,146,56,133,,True,9.9
4103,33.052922,-117.076338,4942.0,122.4,1.58,146,56,134,,True,10.2
4104,33.052911,-117.076343,4943.5,122.6,1.56,146,56,138,,True,9.1
4105,33.0529,-117.076347,4944.5,122.8,1.44,145,56,143,,True,5.6
4106,33.052888,-117.076353,4945.8,123.0,1.38,145,56,141,,True,5.7
4107,33.052877,-117.076359,4947.1,123.0,1.34,144,55,136,,True,3.9
4108,33.052866,-117.076365,4948.3,123.0,1.26,144,55,128,,True,1.8
4109,33.052855,-117.076372,4949.6,122.8,1.22,144,55,121,,True,0.0
4110,33.052845,-117.076377,4951.0,122.8,1.3,144,55,116,,True,0.0
4111,33.052836,-117.076381,4952.2,122.8,1.28,144,55,114,,True,1.8
4112,33.052827,-117.076386,4953.2,122.8,1.22,144,54,113,,True,3.9
4113,33.052812,-117.076393,4954.9,122.8,1.32,144,54,114,,True,5.9
4114,33.052798,-117.0764,4956.8,123.0,1.44,144,56,119,,True,7.9
4115,33.052784,-117.076403,4958.5,123.2,1.5,144,56,121,,True,8.8
4116,33.052773,-117.076406,4959.8,123.2,1.52,143,56,123,,True,10.8
4117,33.052759,-117.076407,4961.1,123.4,1.58,144,55,122,,True,10.9
4118,33.052747,-117.076411,4962.3,123.6,1.48,144,54,120,,True,10.5
