t,lat,lng,distance_m,altitude_m,velocity_ms,heartrate,cadence,watts,temp_c,moving,grade_pct
0,32.941322,-117.153985,0.0,84.8,0.0,81,0,0,,False,-6.5
1,32.941318,-117.153959,0.0,84.6,0.0,81,0,0,,False,-6.2
2,32.941303,-117.153974,2.2,84.4,1.1,83,0,0,,True,-4.6
3,32.941268,-117.153986,6.2,84.4,2.067,83,0,0,,True,-3.1
4,32.941239,-117.154003,9.6,84.2,2.4,82,0,0,,True,0.0
5,32.941217,-117.154027,13.0,84.2,2.6,82,0,0,,True,1.4
6,32.941187,-117.154058,17.2,84.4,3.44,82,82,367,,True,4.1
7,32.941163,-117.154083,20.8,84.6,3.72,81,82,373,,True,5.9
8,32.941141,-117.154103,24.1,84.8,3.58,82,82,377,,True,5.3
9,32.941114,-117.154116,26.5,85.0,3.38,83,82,356,,True,2.0
10,32.941102,-117.154127,28.5,85.0,3.1,84,83,333,,True,-2.0
11,32.941077,-117.154125,30.9,84.8,2.74,85,83,287,,True,-5.6
12,32.941043,-117.154118,34.1,84.6,2.66,86,83,255,,True,-8.3
13,32.94102,-117.154113,37.2,84.4,2.62,87,82,251,,True,-6.2
14,32.940991,-117.154107,40.5,84.0,2.8,88,81,282,,True,-4.8
15,32.940959,-117.154101,43.8,84.0,3.06,89,81,294,,True,-4.7
16,32.940938,-117.154098,46.6,84.0,3.14,89,81,320,,True,-3.1
17,32.940907,-117.154095,49.9,83.8,3.16,90,80,319,,True,-4.7
18,32.940871,-117.154094,53.5,83.6,3.26,91,80,310,,True,-5.9
19,32.940844,-117.154094,56.6,83.4,3.22,93,79,301,,True,-5.7
20,32.940814,-117.154094,60.2,83.2,3.28,94,79,305,,True,-4.5
21,32.940783,-117.154081,64.0,83.0,3.48,95,79,303,,True,-4.4
22,32.940757,-117.154075,66.9,83.0,3.4,96,79,307,,True,-4.3
23,32.940734,-117.154065,70.1,82.8,3.32,97,79,311,,True,-4.5
24,32.940692,-117.154053,74.0,82.6,3.48,98,79,306,,True,-6.0
25,32.940669,-117.154054,77.2,82.4,3.4,99,79,304,,True,-4.3
26,32.940635,-117.154052,80.3,82.2,3.26,100,80,301,,True,-3.0
27,32.940605,-117.154052,84.0,82.2,3.42,101,80,298,,True,0.0
28,32.940577,-117.154057,87.5,82.2,3.48,102,80,299,,True,1.4
29,32.940538,-117.154058,91.0,82.4,3.4,104,81,312,,True,1.5
30,32.940515,-117.154058,94.1,82.4,3.38,105,83,308,,True,1.5
31,32.940486,-117.154057,97.4,82.4,3.42,106,82,308,,True,-1.6
32,32.940451,-117.154056,100.7,82.4,3.34,107,82,299,,True,-3.2
33,32.940431,-117.154062,103.4,82.2,3.18,108,82,299,,True,-4.7
34,32.9404,-117.154074,106.7,82.0,3.14,109,81,301,,True,-4.9
35,32.940371,-117.154085,110.1,81.8,3.2,110,81,298,,True,-4.7
36,32.940349,-117.154098,113.0,81.8,3.12,111,81,294,,True,-4.8
37,32.940322,-117.154103,116.1,81.6,3.08,112,81,290,,True,-6.6
38,32.940289,-117.154099,119.3,81.4,3.18,112,82,283,,True,-7.9
39,32.940265,-117.154101,122.3,81.0,3.12,113,80,275,,True,-6.1
40,32.940234,-117.154097,125.7,80.8,3.12,114,80,272,,True,-5.9
41,32.940198,-117.154093,129.3,80.8,3.26,114,78,269,,True,-2.8
42,32.940169,-117.154091,132.9,80.6,3.36,115,78,266,,True,-2.8
43,32.940139,-117.154092,136.4,80.6,3.42,115,78,270,,True,-2.9
44,32.940104,-117.154096,140.0,80.4,3.54,116,78,274,,True,-4.3
45,32.940073,-117.154092,143.3,80.4,3.52,117,78,272,,True,-8.9
46,32.940047,-117.154095,146.8,80.0,3.5,117,78,274,,True,-11.8
47,32.940012,-117.154101,149.9,79.4,3.4,118,78,270,,True,-14.4
48,32.939979,-117.154103,153.6,78.8,3.44,119,78,263,,True,-15.4
49,32.93995,-117.154104,157.2,78.4,3.44,120,78,257,,True,-13.4
50,32.939913,-117.154101,161.1,77.8,3.56,120,79,249,,True,-10.8
51,32.93988,-117.154091,164.8,77.4,3.6,121,79,245,,True,-9.2
52,32.939852,-117.15409,168.4,77.2,3.7,121,79,247,,True,-6.7
53,32.939811,-117.154088,172.5,77.0,3.78,122,79,247,,True,-5.5
54,32.939781,-117.154091,176.1,76.8,3.78,123,80,244,,True,-4.1
55,32.939755,-117.154077,179.4,76.6,3.66,123,80,246,,True,-2.8
56,32.939722,-117.154053,183.2,76.6,3.68,124,80,245,,True,-1.5
57,32.939699,-117.154038,186.6,76.6,3.64,124,81,245,,True,0.0
58,32.93968,-117.154015,189.5,76.6,3.4,125,81,245,,True,0.0
59,32.939654,-117.153983,193.3,76.6,3.44,125,81,244,,True,-1.4
60,32.939637,-117.153957,196.6,76.6,3.44,125,81,245,,True,-1.3
61,32.939614,-117.153928,200.5,76.4,3.46,126,80,250,,True,-2.8
62,32.939589,-117.153892,204.4,76.4,3.56,126,80,253,,True,-2.7
63,32.939572,-117.153867,207.8,76.2,3.66,127,80,257,,True,-1.4
64,32.939553,-117.153837,211.5,76.2,3.64,127,80,264,,True,-2.9
65,32.93954,-117.153794,215.2,76.2,3.72,128,80,268,,True,-1.4
66,32.939522,-117.153773,218.4,76.0,3.58,128,80,271,,True,-2.9
67,32.939501,-117.153749,221.8,76.0,3.48,128,80,274,,True,-3.1
68,32.939485,-117.153713,225.1,75.8,3.46,129,80,274,,True,-3.1
69,32.93947,-117.153689,228.3,75.8,3.36,129,80,276,,True,-4.8
70,32.939452,-117.153659,231.5,75.6,3.26,130,80,278,,True,-5.5
71,32.939434,-117.153637,234.2,75.4,3.16,130,80,278,,True,-5.7
72,32.939415,-117.153631,236.1,75.2,2.86,131,80,277,,True,-5.9
73,32.939384,-117.153632,238.9,75.2,2.76,131,81,277,,True,-3.9
74,32.939357,-117.153637,241.7,75.0,2.68,131,81,282,,True,-3.5
75,32.939337,-117.15365,244.4,75.0,2.58,132,81,288,,True,-3.4
76,32.939309,-117.153667,247.4,74.8,2.64,132,80,288,,True,-1.6
77,32.939284,-117.153682,250.6,74.8,2.9,133,80,282,,True,0.0
78,32.939262,-117.153702,253.9,74.8,3.0,133,81,287,,True,1.5
79,32.939236,-117.153729,257.4,75.0,3.14,133,81,296,,True,1.5
80,32.939218,-117.153752,260.5,75.0,3.22,134,81,301,,True,0.0
81,32.9392,-117.153774,263.7,75.0,3.26,134,81,306,,True,-3.3
82,32.939178,-117.153803,266.7,74.8,3.22,134,81,304,,True,-5.0
83,32.939164,-117.153825,269.5,74.6,3.12,135,81,302,,True,-6.6
84,32.939146,-117.153849,272.6,74.4,3.04,135,81,296,,True,-6.7
85,32.939126,-117.15388,275.8,74.2,3.06,135,81,292,,True,-4.8
86,32.939113,-117.153903,278.7,74.0,3.0,136,81,290,,True,-4.8
87,32.939096,-117.153931,282.1,74.0,3.08,136,81,290,,True,-3.3
88,32.939083,-117.153965,285.2,73.8,3.14,136,80,292,,True,-3.2
89,32.939077,-117.15399,288.0,73.8,3.08,136,80,299,,True,-3.3
90,32.939065,-117.154024,291.2,73.6,3.08,137,80,298,,True,-1.7
91,32.939057,-117.154057,294.2,73.6,3.1,137,80,295,,True,-3.1
92,32.939055,-117.154084,297.1,73.6,3.0,137,81,294,,True,-3.2
93,32.939048,-117.154126,300.8,73.4,3.12,137,81,295,,True,-3.1
94,32.939044,-117.154158,303.8,73.2,3.16,137,81,294,,True,-3.1
95,32.939045,-117.15419,307.1,73.2,3.18,138,81,298,,True,0.0
96,32.939041,-117.154225,310.2,73.2,3.2,138,81,301,,True,1.7
97,32.939037,-117.154256,313.0,73.4,3.18,138,81,300,,True,0.0
98,32.939037,-117.154283,315.8,73.4,3.0,138,80,298,,True,-1.7
99,32.939034,-117.154327,319.4,73.2,3.12,138,80,296,,True,-4.6
100,32.939033,-117.154359,322.3,73.0,3.04,138,80,294,,True,-5.8
101,32.939028,-117.154393,326.0,72.8,3.16,138,80,291,,True,-7.8
102,32.939004,-117.154426,329.6,72.6,3.32,138,80,293,,True,-5.8
103,32.938983,-117.15444,332.3,72.2,3.3,138,80,296,,True,-4.4
104,32.938944,-117.154447,336.0,72.2,3.32,138,80,298,,True,-1.6
105,32.938915,-117.154446,339.5,72.2,3.44,139,81,304,,True,3.1
106,32.938892,-117.154452,342.2,72.4,3.24,138,82,302,,True,5.0
107,32.938867,-117.154475,345.2,72.6,3.12,139,82,303,,True,9.1
108,32.938853,-117.154495,347.9,72.8,3.12,139,83,302,,True,8.8
109,32.938837,-117.154515,350.5,73.2,2.9,139,83,302,,True,7.3
110,32.938818,-117.154544,353.5,73.4,2.8,139,82,307,,True,3.6
111,32.938803,-117.154565,356.2,73.4,2.8,139,82,304,,True,-3.3
112,32.93879,-117.154587,358.9,73.2,2.74,139,80,309,,True,-11.9
113,32.938772,-117.154619,362.6,72.8,2.94,138,79,310,,True,-13.4
114,32.938755,-117.154646,365.3,72.0,2.96,139,79,307,,True,-13.4
115,32.93874,-117.154667,368.1,71.8,2.92,139,79,304,,True,-12.7
116,32.938719,-117.154682,370.8,71.6,2.92,139,78,301,,True,-7.7
117,32.938694,-117.154697,373.6,71.4,2.94,139,79,293,,True,-5.9
118,32.938678,-117.154706,375.7,71.2,2.62,139,79,283,,True,-9.4
119,32.938654,-117.154705,378.3,71.2,2.6,139,79,274,,True,-10.0
120,32.938635,-117.154697,380.6,70.8,2.5,139,79,261,,True,-10.6
121,32.93861,-117.154697,383.6,70.4,2.56,139,77,254,,True,-12.1
122,32.938575,-117.154689,387.0,70.0,2.68,139,76,245,,True,-12.1
123,32.938556,-117.154684,389.9,69.8,2.84,139,76,238,,True,-11.8
124,32.938533,-117.154683,392.2,69.4,2.78,138,76,235,,True,-11.9
125,32.938501,-117.154681,395.5,69.0,2.98,139,76,232,,True,-12.1
126,32.938473,-117.154677,398.8,68.6,3.04,139,77,227,,True,-11.5
127,32.938451,-117.154681,401.5,68.4,2.9,139,77,223,,True,-9.9
128,32.938423,-117.154675,404.4,68.0,2.9,139,77,221,,True,-6.7
129,32.938393,-117.154664,407.6,67.8,3.08,139,77,215,,True,-6.6
130,32.93837,-117.154659,410.8,67.8,3.06,140,77,213,,True,-5.0
131,32.938345,-117.154652,413.6,67.6,2.96,139,77,213,,True,-5.3
132,32.938315,-117.154646,416.4,67.4,2.98,139,78,212,,True,-7.2
133,32.938294,-117.154646,418.9,67.2,2.9,139,78,211,,True,-6.7
134,32.938267,-117.15464,421.9,67.0,2.86,139,78,212,,True,-6.6
135,32.938232,-117.154631,425.5,66.8,2.94,139,78,214,,True,-4.6
136,32.938208,-117.154632,428.5,66.6,2.98,138,79,216,,True,-4.3
137,32.938176,-117.154627,432.0,66.6,3.12,138,80,218,,True,-4.3
138,32.938138,-117.154623,435.9,66.4,3.4,138,80,221,,True,-2.9
139,32.938114,-117.154625,439.3,66.2,3.48,138,80,223,,True,-4.4
140,32.938087,-117.154617,442.2,66.2,3.34,138,79,228,,True,-4.8
141,32.938052,-117.154617,445.6,66.0,3.42,138,79,231,,True,-3.3
142,32.938031,-117.154616,448.5,65.8,3.3,138,79,232,,True,-3.1
143,32.938005,-117.154613,451.4,65.8,3.1,138,79,233,,True,-3.3
144,32.937969,-117.15461,454.9,65.8,3.12,138,79,234,,True,-3.3
145,32.937947,-117.154606,457.7,65.6,3.1,138,79,235,,True,-3.2
146,32.937922,-117.154604,460.6,65.4,3.0,138,79,238,,True,-5.0
147,32.937888,-117.154601,463.8,65.4,3.06,138,79,240,,True,-3.3
148,32.937865,-117.154599,466.9,65.2,3.1,138,79,241,,True,-3.1
149,32.937837,-117.154595,469.9,65.2,3.0,138,80,243,,True,-4.7
150,32.9378,-117.154589,473.6,65.0,3.18,139,80,245,,True,-4.7
151,32.937777,-117.154589,476.7,64.8,3.22,138,80,246,,True,-4.6
152,32.93775,-117.154589,479.8,64.6,3.2,138,80,250,,True,-5.0
153,32.937718,-117.154586,482.9,64.6,3.2,139,80,251,,True,-3.4
154,32.937697,-117.15459,485.7,64.4,3.16,139,80,254,,True,-3.5
155,32.93767,-117.154595,488.5,64.4,2.98,139,80,256,,True,-5.6
156,32.937644,-117.154601,491.2,64.2,2.9,139,80,255,,True,-3.8
157,32.937625,-117.154611,493.6,64.0,2.76,139,80,255,,True,-3.7
158,32.937598,-117.154615,496.3,64.0,2.68,139,81,257,,True,-3.9
159,32.937567,-117.154617,499.3,64.0,2.72,139,81,257,,True,-1.9
160,32.937552,-117.154629,501.5,63.8,2.6,139,81,257,,True,-1.7
161,32.937538,-117.154659,504.4,63.8,2.64,139,81,261,,True,-3.4
162,32.937534,-117.1547,507.9,63.8,2.86,139,79,263,,True,-1.5
163,32.937533,-117.154729,511.1,63.6,2.96,139,79,266,,True,-1.5
164,32.937522,-117.154769,514.9,63.6,3.12,140,79,268,,True,-1.5
165,32.937516,-117.154803,518.0,63.6,3.3,139,79,269,,True,0.0
166,32.937514,-117.154833,521.0,63.6,3.32,140,81,274,,True,0.0
167,32.937513,-117.154872,524.3,63.6,3.28,140,81,273,,True,1.6
168,32.93752,-117.154899,527.2,63.6,3.22,140,81,273,,True,1.6
169,32.937524,-117.154929,530.4,63.8,3.1,140,81,276,,True,3.4
170,32.937525,-117.154967,533.5,63.8,3.1,140,81,280,,True,5.2
171,32.93752,-117.154989,535.9,64.0,2.98,141,81,283,,True,5.1
172,32.937521,-117.15502,538.8,64.2,2.9,141,81,287,,True,3.5
173,32.937526,-117.155059,542.2,64.4,3.0,141,80,292,,True,0.0
174,32.937531,-117.155085,544.9,64.2,2.9,141,80,291,,True,-3.3
175,32.937529,-117.155114,547.9,64.0,2.88,141,80,292,,True,-7.0
176,32.937525,-117.155153,551.1,63.8,3.04,141,80,293,,True,-5.1
177,32.937521,-117.155177,553.6,63.6,2.96,141,81,294,,True,-5.0
178,32.937514,-117.155209,556.7,63.6,2.9,141,81,293,,True,-3.5
179,32.93751,-117.155246,559.8,63.4,2.98,141,81,293,,True,-3.3
180,32.937511,-117.155271,562.5,63.4,2.92,141,81,290,,True,-5.0
181,32.937508,-117.155305,565.6,63.2,2.9,142,80,288,,True,-3.4
182,32.937502,-117.155341,568.8,63.0,3.04,142,80,284,,True,-4.8
183,32.937498,-117.155369,571.7,63.0,3.0,142,80,281,,True,-3.2
184,32.937494,-117.155406,575.0,62.8,3.04,142,80,281,,True,-1.7
185,32.937494,-117.155438,578.0,62.8,3.1,142,80,282,,True,0.0
186,32.9375,-117.155461,580.4,62.8,2.96,142,80,282,,True,3.5
187,32.937507,-117.155499,583.7,63.0,2.98,142,80,282,,True,5.5
188,32.937512,-117.155527,586.3,63.2,2.92,142,80,281,,True,5.2
189,32.937518,-117.155553,589.0,63.4,2.8,142,81,281,,True,5.4
190,32.937524,-117.155587,592.0,63.4,2.8,142,81,282,,True,3.4
191,32.937528,-117.155615,594.8,63.6,2.88,142,81,282,,True,1.6
192,32.937532,-117.155644,597.9,63.6,2.84,142,81,283,,True,0.0
193,32.937536,-117.155684,601.2,63.6,2.98,142,80,285,,True,-1.7
194,32.937538,-117.155711,603.8,63.4,2.96,143,80,286,,True,-3.3
195,32.937546,-117.155737,606.8,63.4,2.96,143,80,286,,True,-5.2
196,32.937544,-117.155772,609.9,63.2,3.02,143,80,285,,True,-5.1
197,32.937542,-117.155806,612.7,63.0,2.96,142,80,283,,True,-5.0
198,32.93754,-117.155834,615.6,62.8,2.88,143,80,284,,True,-3.4
199,32.937535,-117.155869,618.7,62.8,2.98,143,79,286,,True,-1.7
200,32.937527,-117.1559,621.6,62.8,2.96,143,79,287,,True,1.6
201,32.937522,-117.155926,624.5,62.8,2.92,143,80,287,,True,1.6
202,32.937515,-117.155965,627.9,63.0,3.04,143,80,289,,True,0.0
203,32.9375,-117.155993,631.0,63.0,3.08,142,80,288,,True,0.0
204,32.937488,-117.156019,633.9,62.8,3.04,143,79,289,,True,-3.2
205,32.937471,-117.156051,637.3,62.8,3.14,143,79,288,,True,-5.0
206,32.937463,-117.156083,640.4,62.6,3.18,143,79,287,,True,-4.8
207,32.937458,-117.156108,643.1,62.4,3.04,142,79,286,,True,-5.0
208,32.93745,-117.156147,646.5,62.2,3.1,142,79,285,,True,-1.7
209,32.937442,-117.156175,649.2,62.2,3.06,142,79,286,,True,1.6
210,32.937439,-117.156204,652.2,62.4,2.98,143,79,285,,True,3.4
211,32.937439,-117.156242,655.5,62.6,3.02,142,79,285,,True,5.2
212,32.937436,-117.156268,658.1,62.6,3.0,143,80,284,,True,3.4
213,32.937437,-117.156296,660.8,62.8,2.86,143,81,285,,True,1.8
214,32.937437,-117.156335,664.0,62.8,2.96,143,81,284,,True,0.0
215,32.937437,-117.156361,666.7,62.8,2.9,142,81,283,,True,-3.5
216,32.937437,-117.156388,669.3,62.6,2.76,143,81,281,,True,-5.5
217,32.937436,-117.156424,672.3,62.4,2.84,143,80,281,,True,-5.5
218,32.937432,-117.15645,674.9,62.2,2.82,142,80,280,,True,-3.4
219,32.937425,-117.156477,677.6,62.2,2.72,143,80,280,,True,-3.5
220,32.937415,-117.156513,680.9,62.2,2.84,143,80,280,,True,-1.7
221,32.937408,-117.156542,683.7,62.0,2.88,142,79,278,,True,-1.5
222,32.9374,-117.156572,687.0,62.0,2.94,143,79,278,,True,-3.1
223,32.937384,-117.156612,690.7,62.0,3.16,142,79,279,,True,-1.5
224,32.937368,-117.156639,694.0,61.8,3.28,142,79,279,,True,-1.5
225,32.937357,-117.156663,696.9,61.8,3.2,142,79,282,,True,-1.6
226,32.937335,-117.156698,700.2,61.8,3.3,143,79,282,,True,0.0
227,32.937314,-117.156719,703.3,61.8,3.26,142,80,281,,True,0.0
228,32.937297,-117.156745,706.6,61.8,3.18,142,80,279,,True,-1.6
229,32.937278,-117.156777,709.9,61.8,3.18,142,80,280,,True,-1.6
230,32.937266,-117.1568,712.7,61.6,3.16,142,80,279,,True,0.0
231,32.937258,-117.15683,715.9,61.6,3.14,143,80,282,,True,-1.7
232,32.93726,-117.156867,718.8,61.8,3.1,142,81,286,,True,0.0
233,32.937263,-117.15689,721.4,61.6,2.96,142,81,285,,True,0.0
234,32.937259,-117.156921,724.0,61.6,2.82,142,81,285,,True,-3.7
235,32.937255,-117.15695,726.6,61.6,2.78,142,81,283,,True,-1.7
236,32.937253,-117.15698,729.5,61.4,2.72,143,81,281,,True,-1.5
237,32.937244,-117.157021,733.5,61.4,2.94,142,81,281,,True,-3.0
238,32.937239,-117.157059,737.0,61.4,3.12,142,80,282,,True,-1.4
239,32.937234,-117.157085,740.1,61.2,3.22,142,80,285,,True,-1.6
240,32.937222,-117.15712,743.5,61.2,3.38,142,81,287,,True,-1.7
241,32.937216,-117.157152,746.4,61.2,3.38,142,81,286,,True,0.0
242,32.937212,-117.157175,748.9,61.2,3.08,142,81,287,,True,1.7
243,32.937195,-117.157209,752.1,61.2,3.02,142,80,289,,True,0.0
244,32.937182,-117.157241,755.3,61.4,3.04,142,80,289,,True,0.0
245,32.937173,-117.157264,758.2,61.2,2.94,142,80,289,,True,0.0
246,32.93716,-117.157299,761.5,61.2,3.02,142,80,290,,True,-1.7
247,32.937148,-117.157327,764.4,61.2,3.1,142,80,292,,True,1.7
248,32.937141,-117.157351,767.1,61.2,3.0,142,80,293,,True,1.7
249,32.937128,-117.157382,769.9,61.4,2.92,143,80,295,,True,3.4
250,32.937108,-117.157412,773.2,61.4,3.0,145,80,294,,True,3.3
251,32.937099,-117.157435,776.2,61.6,2.94,146,80,296,,True,1.7
252,32.937083,-117.157467,779.1,61.6,2.94,147,80,298,,True,1.8
253,32.937076,-117.15749,781.6,61.6,2.9,148,80,297,,True,0.0
254,32.937063,-117.157515,784.5,61.6,2.92,148,80,298,,True,0.0
255,32.937046,-117.157552,787.9,61.6,2.94,148,81,295,,True,-1.6
256,32.937035,-117.157574,790.7,61.6,2.9,148,81,294,,True,-3.1
257,32.937021,-117.1576,793.9,61.4,2.96,149,81,295,,True,-3.3
258,32.936994,-117.157629,797.2,61.2,3.12,148,81,295,,True,-3.2
259,32.936978,-117.157649,800.0,61.2,3.1,148,81,293,,True,-1.6
260,32.936961,-117.157673,803.2,61.2,3.06,148,81,294,,True,0.0
261,32.936943,-117.157704,806.3,61.2,3.12,148,81,296,,True,-1.6
262,32.936932,-117.157726,809.0,61.2,3.02,148,81,295,,True,-1.6
263,32.936911,-117.157754,812.3,61.0,3.02,149,81,293,,True,-1.7
264,32.936893,-117.157783,815.8,61.0,3.16,148,81,292,,True,-1.6
265,32.936882,-117.157803,818.2,61.0,3.0,148,81,292,,True,0.0
266,32.936859,-117.157826,821.4,61.0,3.02,149,80,293,,True,1.7
267,32.936835,-117.157847,824.4,61.0,3.08,149,81,294,,True,1.6
268,32.936817,-117.157864,827.4,61.2,3.02,149,81,294,,True,1.7
269,32.936789,-117.157876,830.4,61.2,2.92,149,81,293,,True,1.7
270,32.936763,-117.157894,833.5,61.2,3.06,148,81,292,,True,0.0
271,32.936748,-117.157912,836.3,61.2,2.98,149,80,294,,True,0.0
272,32.936732,-117.157943,839.3,61.2,2.98,149,80,295,,True,0.0
273,32.936726,-117.157969,841.9,61.2,2.9,149,80,296,,True,1.7
274,32.936718,-117.157995,844.7,61.2,2.86,149,80,296,,True,1.8
275,32.936711,-117.158029,847.8,61.4,2.86,149,81,296,,True,1.8
276,32.936701,-117.158052,850.3,61.4,2.8,149,81,296,,True,0.0
277,32.936686,-117.158075,853.2,61.4,2.78,149,81,297,,True,-1.8
278,32.936665,-117.158104,856.2,61.2,2.86,149,81,295,,True,-3.4
279,32.93665,-117.158128,859.0,61.2,2.86,149,81,294,,True,-5.0
280,32.936638,-117.158154,862.0,61.0,2.84,149,81,294,,True,-3.4
281,32.936626,-117.158188,865.2,60.8,2.98,149,81,291,,True,-3.3
282,32.936617,-117.158212,868.0,60.8,2.96,150,81,290,,True,0.0
283,32.936602,-117.15824,871.2,60.8,3.0,149,81,291,,True,3.5
284,32.936588,-117.158272,874.3,61.0,3.06,149,81,292,,True,5.3
285,32.936584,-117.158293,876.7,61.2,2.94,150,81,295,,True,5.4
286,32.936569,-117.158321,879.4,61.4,2.84,150,81,292,,True,3.8
287,32.936554,-117.158349,882.3,61.4,2.86,150,81,290,,True,1.7
288,32.93655,-117.158374,884.9,61.4,2.74,150,81,290,,True,0.0
289,32.936541,-117.158413,888.2,61.4,2.78,149,81,290,,True,0.0
290,32.93654,-117.158442,891.1,61.4,2.88,150,81,288,,True,0.0
291,32.936535,-117.158473,894.5,61.4,3.02,150,81,288,,True,0.0
292,32.93652,-117.158511,897.9,61.4,3.12,149,81,289,,True,0.0
293,32.936511,-117.158536,900.8,61.4,3.18,150,81,291,,True,1.6
294,32.936504,-117.158565,903.7,61.4,3.1,150,81,294,,True,1.7
295,32.9365,-117.158605,907.0,61.6,3.18,150,81,297,,True,1.6
296,32.936499,-117.158633,910.0,61.6,3.1,150,81,298,,True,1.6
297,32.936489,-117.158666,913.1,61.6,3.04,150,81,297,,True,-1.6
298,32.936469,-117.1587,916.5,61.6,3.14,150,81,296,,True,-3.2
299,32.936459,-117.158724,919.3,61.4,3.12,150,81,295,,True,-3.2
300,32.936442,-117.158749,922.4,61.2,3.08,151,81,298,,True,-3.5
301,32.93642,-117.158775,925.5,61.2,3.1,151,80,299,,True,0.0
302,32.936411,-117.158794,928.0,61.2,2.98,151,81,302,,True,1.8
303,32.936406,-117.158827,931.0,61.4,2.9,151,81,303,,True,1.8
304,32.936405,-117.158854,933.3,61.4,2.8,152,81,300,,True,1.7
305,32.936403,-117.158888,936.6,61.4,2.84,152,81,300,,True,-1.7
306,32.9364,-117.158927,939.7,61.4,2.84,152,81,298,,True,-3.1
307,32.936396,-117.158955,942.8,61.2,2.96,152,81,293,,True,-4.8
308,32.936392,-117.158987,946.2,61.0,3.04,152,81,292,,True,-6.7
309,32.936378,-117.15902,949.0,60.8,3.14,151,81,291,,True,-6.6
310,32.936372,-117.159047,951.7,60.6,3.02,152,82,288,,True,-5.0
311,32.936361,-117.159076,954.9,60.4,3.04,152,82,289,,True,-3.3
312,32.936348,-117.159112,958.1,60.4,3.06,151,81,288,,True,-1.6
313,32.936342,-117.159137,961.0,60.4,2.96,152,81,287,,True,0.0
314,32.936328,-117.159168,964.2,60.4,3.04,151,81,288,,True,0.0
315,32.936317,-117.159202,967.4,60.4,3.14,151,80,289,,True,0.0
316,32.936309,-117.159228,970.3,60.4,3.08,151,80,289,,True,0.0
317,32.936298,-117.159254,973.0,60.4,2.98,152,80,289,,True,0.0
318,32.93628,-117.159284,975.9,60.4,2.98,151,81,289,,True,1.7
319,32.936268,-117.159308,978.6,60.4,2.88,151,81,288,,True,0.0
320,32.936253,-117.159338,981.8,60.6,2.88,152,81,287,,True,0.0
321,32.936239,-117.159365,984.7,60.4,2.88,151,81,287,,True,0.0
322,32.936228,-117.159389,987.4,60.4,2.88,151,80,286,,True,-3.5
323,32.936224,-117.15942,989.9,60.4,2.8,152,80,286,,True,-3.5
324,32.936226,-117.15945,993.1,60.2,2.9,151,80,284,,True,-3.4
325,32.936231,-117.159486,996.2,60.0,2.88,151,80,282,,True,-1.7
326,32.936236,-117.159513,999.0,60.0,2.86,152,78,281,,True,0.0
327,32.93624,-117.15954,1001.8,60.2,2.88,151,78,282,,True,1.8
328,32.936249,-117.159572,1004.6,60.2,2.94,151,78,281,,True,1.9
329,32.93626,-117.159597,1007.3,60.2,2.84,151,81,275,,True,-1.8
330,32.936264,-117.159625,1009.8,60.2,2.72,151,81,274,,True,-1.9
331,32.936268,-117.159662,1012.7,60.0,2.74,151,81,274,,True,-1.7
332,32.936269,-117.159691,1015.4,60.0,2.72,151,79,273,,True,0.0
333,32.936265,-117.159727,1018.8,60.0,2.84,151,80,275,,True,1.6
334,32.936253,-117.159763,1022.4,60.2,3.02,151,80,279,,True,3.1
335,32.936232,-117.159783,1025.4,60.2,3.12,151,80,281,,True,1.5
336,32.93621,-117.159807,1028.5,60.4,3.16,151,80,285,,True,-1.5
337,32.936184,-117.159841,1032.1,60.2,3.34,150,80,286,,True,-2.9
338,32.936165,-117.159864,1035.6,60.0,3.36,150,80,286,,True,-5.6
339,32.936145,-117.159895,1039.2,59.8,3.36,150,80,288,,True,-4.3
340,32.93613,-117.159933,1042.7,59.6,3.46,150,80,289,,True,-2.8
341,32.936118,-117.159961,1046.2,59.6,3.54,151,81,290,,True,0.0
342,32.936106,-117.159998,1050.0,59.6,3.58,150,80,293,,True,3.0
343,32.936096,-117.160031,1053.3,59.8,3.54,150,80,295,,True,3.1
344,32.93609,-117.160057,1055.9,60.0,3.34,150,80,300,,True,3.2
345,32.936075,-117.160093,1059.3,60.0,3.32,151,81,299,,True,1.6
346,32.936059,-117.160121,1062.6,60.0,3.28,150,81,300,,True,0.0
347,32.936048,-117.16015,1065.8,60.0,3.16,150,81,299,,True,-1.6
348,32.936037,-117.160184,1068.9,60.0,3.12,151,81,297,,True,-1.6
349,32.936022,-117.160216,1072.2,59.8,3.26,151,81,300,,True,-1.6
350,32.936013,-117.160244,1075.4,59.8,3.22,151,81,299,,True,-1.7
351,32.936005,-117.160277,1078.3,59.8,3.14,151,81,301,,True,-1.6
352,32.935998,-117.160301,1080.8,59.8,3.0,151,81,299,,True,-1.7
353,32.935979,-117.160332,1084.5,59.6,3.12,151,80,300,,True,-1.7
354,32.935962,-117.160362,1087.4,59.6,3.04,151,80,300,,True,-1.6
355,32.935951,-117.160387,1090.4,59.6,3.0,152,80,300,,True,0.0
356,32.93594,-117.160415,1093.5,59.6,3.04,152,81,299,,True,0.0
357,32.935933,-117.160449,1096.3,59.6,3.1,152,81,298,,True,0.0
358,32.935931,-117.160471,1098.8,59.6,2.86,152,81,298,,True,0.0
359,32.935919,-117.160502,1101.9,59.6,2.9,152,81,299,,True,0.0
360,32.935907,-117.160533,1104.8,59.6,2.88,152,81,298,,True,0.0
361,32.935903,-117.160555,1107.2,59.6,2.74,151,81,298,,True,2.0
362,32.935894,-117.160584,1109.9,59.6,2.72,152,81,298,,True,0.0
363,32.935886,-117.160603,1111.9,59.8,2.62,152,81,297,,True,0.0
364,32.935881,-117.160628,1114.2,59.8,2.46,151,81,296,,True,0.0
365,32.935873,-117.160662,1117.2,59.6,2.48,151,81,294,,True,-1.8
366,32.935865,-117.160691,1120.1,59.6,2.58,151,81,293,,True,-3.3
367,32.935855,-117.16072,1122.9,59.6,2.6,151,81,292,,True,-1.6
368,32.935842,-117.160759,1126.4,59.4,2.9,151,82,290,,True,-3.0
369,32.935832,-117.16079,1130.0,59.4,3.16,151,81,290,,True,-2.9
370,32.935823,-117.160822,1133.3,59.2,3.22,151,81,290,,True,-3.0
371,32.935814,-117.160859,1136.5,59.2,3.28,151,81,292,,True,-3.0
372,32.935805,-117.160887,1139.6,59.0,3.34,151,81,291,,True,0.0
373,32.93579,-117.16092,1143.2,59.0,3.36,151,81,290,,True,0.0
374,32.935779,-117.160954,1146.5,59.2,3.3,151,81,291,,True,1.5
375,32.935768,-117.160982,1149.9,59.2,3.32,151,81,293,,True,1.6
376,32.935757,-117.161011,1152.9,59.2,3.28,151,80,294,,True,1.8
377,32.935756,-117.161039,1155.5,59.2,3.18,151,80,296,,True,0.0
378,32.935759,-117.161067,1157.9,59.4,2.94,151,80,295,,True,0.0
379,32.935767,-117.161106,1161.1,59.2,2.92,151,81,291,,True,-1.8
380,32.935766,-117.16113,1163.5,59.2,2.72,151,81,288,,True,-3.5
381,32.935755,-117.161156,1166.5,59.0,2.72,151,82,288,,True,-3.8
382,32.935736,-117.161183,1169.2,59.0,2.74,151,82,288,,True,-5.4
383,32.935724,-117.161202,1171.5,58.8,2.72,151,82,288,,True,-3.4
384,32.935708,-117.161227,1174.6,58.6,2.7,151,81,288,,True,-5.1
385,32.935687,-117.16126,1178.1,58.6,2.92,150,81,287,,True,-1.6
386,32.935682,-117.161284,1180.9,58.4,2.88,151,81,287,,True,0.0
387,32.935667,-117.161316,1184.2,58.6,3.0,151,81,287,,True,1.6
388,32.935645,-117.161342,1187.3,58.6,3.16,151,81,287,,True,4.8
389,32.935633,-117.161367,1190.3,58.8,3.14,151,81,289,,True,4.9
390,32.935614,-117.161396,1193.5,59.0,3.08,150,81,290,,True,4.9
391,32.935593,-117.16142,1196.5,59.2,3.12,151,81,292,,True,3.3
392,32.935578,-117.161441,1199.5,59.2,3.06,151,81,292,,True,0.0
393,32.935561,-117.161472,1202.6,59.2,3.06,150,81,293,,True,-4.9
394,32.935543,-117.161498,1205.6,59.0,3.06,150,81,295,,True,-6.6
395,32.935533,-117.161524,1208.7,58.6,3.04,150,81,295,,True,-10.3
396,32.935522,-117.161558,1211.7,58.4,3.04,150,81,294,,True,-10.1
397,32.935518,-117.161581,1214.2,58.0,2.94,151,81,292,,True,-6.7
398,32.935506,-117.161618,1217.5,57.8,2.98,150,80,292,,True,-3.5
399,32.935498,-117.16165,1220.6,57.8,3.0,151,80,292,,True,1.6
400,32.935491,-117.161675,1223.2,58.0,2.9,151,82,291,,True,4.8
401,32.935481,-117.161717,1226.8,58.2,3.02,151,82,288,,True,5.0
402,32.935473,-117.161745,1230.0,58.4,3.16,151,82,287,,True,4.8
403,32.935466,-117.161771,1232.7,58.4,3.04,151,81,290,,True,3.5
404,32.935456,-117.161803,1235.6,58.6,3.0,151,81,291,,True,1.8
405,32.935452,-117.16183,1238.2,58.6,3.0,151,81,290,,True,1.7
406,32.935447,-117.161858,1241.2,58.6,2.88,151,81,289,,True,-1.8
407,32.93544,-117.161894,1244.3,58.6,2.86,151,81,289,,True,-1.7
408,32.935435,-117.161919,1246.9,58.4,2.84,151,81,289,,True,-1.6
409,32.935425,-117.16195,1250.1,58.4,2.9,152,81,290,,True,0.0
410,32.935417,-117.161988,1253.5,58.4,3.06,151,81,289,,True,1.6
411,32.935416,-117.162011,1255.9,58.6,2.94,151,80,289,,True,1.6
412,32.935405,-117.162045,1259.5,58.6,3.04,151,80,290,,True,1.7
413,32.935395,-117.162083,1262.7,58.6,3.16,151,80,292,,True,0.0
414,32.935395,-117.162107,1265.4,58.6,3.06,151,80,293,,True,1.7
415,32.935389,-117.16214,1268.4,58.6,2.98,151,81,293,,True,1.8
416,32.935383,-117.162169,1271.1,58.8,3.04,151,81,293,,True,3.6
417,32.935385,-117.162193,1273.6,58.8,2.82,150,81,295,,True,3.7
418,32.935383,-117.162229,1276.6,59.0,2.78,151,81,296,,True,1.9
419,32.935377,-117.162255,1279.2,59.0,2.76,151,80,295,,True,0.0
420,32.935375,-117.162281,1281.8,59.0,2.68,151,80,294,,True,-1.8
421,32.935367,-117.162319,1285.0,58.8,2.78,152,80,292,,True,-1.7
422,32.93536,-117.162343,1287.6,58.8,2.8,152,80,292,,True,-1.6
423,32.935353,-117.162373,1290.7,58.8,2.82,152,81,295,,True,0.0
424,32.935343,-117.162413,1294.1,58.8,2.98,152,81,296,,True,0.0
425,32.935345,-117.162436,1296.6,58.8,2.96,153,81,295,,True,0.0
426,32.935338,-117.162469,1299.7,58.8,2.94,153,81,296,,True,0.0
427,32.935328,-117.162506,1303.0,58.8,3.08,153,81,297,,True,0.0
428,32.935328,-117.162532,1305.9,58.8,3.04,153,81,296,,True,1.6
429,32.935319,-117.162566,1309.1,58.8,3.0,153,81,295,,True,3.3
430,32.935307,-117.162597,1312.3,59.0,3.14,153,81,299,,True,3.3
431,32.9353,-117.162622,1315.1,59.2,3.08,153,81,303,,True,5.1
432,32.935291,-117.162658,1318.1,59.2,3.02,154,81,304,,True,1.7
433,32.935283,-117.162683,1320.8,59.4,2.98,154,81,305,,True,0.0
434,32.935272,-117.162711,1323.9,59.2,2.96,154,81,303,,True,-3.3
435,32.935254,-117.162744,1327.3,59.2,3.0,155,81,303,,True,-6.3
436,32.93524,-117.162768,1330.2,58.8,3.02,155,81,301,,True,-6.2
437,32.935221,-117.162795,1333.4,58.6,3.06,156,81,303,,True,-6.6
438,32.935203,-117.162828,1336.8,58.4,3.2,156,81,301,,True,-4.7
439,32.935195,-117.16285,1339.5,58.4,3.12,156,81,299,,True,-1.7
440,32.935177,-117.162882,1342.9,58.2,3.12,157,81,296,,True,0.0
441,32.935163,-117.162904,1345.5,58.4,3.06,157,81,295,,True,0.0
442,32.935148,-117.162926,1348.3,58.4,2.98,157,82,293,,True,0.0
443,32.935124,-117.162954,1351.6,58.4,2.96,158,82,292,,True,-1.6
444,32.935105,-117.162973,1354.3,58.2,2.96,158,82,290,,True,-3.1
445,32.935084,-117.162996,1357.8,58.2,2.98,158,82,289,,True,-6.8
446,32.935067,-117.163029,1361.1,58.0,3.12,158,82,287,,True,-5.0
447,32.935065,-117.16305,1363.4,57.6,3.02,159,81,287,,True,-5.2
448,32.935053,-117.163081,1366.2,57.6,2.92,159,81,287,,True,-3.5
449,32.935041,-117.163117,1369.4,57.6,3.02,159,81,285,,True,0.0
450,32.935038,-117.163143,1372.4,57.6,2.92,159,81,286,,True,3.1
451,32.93503,-117.163179,1375.6,57.6,2.9,159,81,285,,True,3.2
452,32.935021,-117.163212,1378.9,58.0,3.1,159,81,285,,True,3.1
453,32.935013,-117.16324,1381.9,58.0,3.14,158,81,286,,True,3.1
454,32.935001,-117.163276,1385.1,58.0,3.14,159,82,286,,True,0.0
455,32.934985,-117.163302,1388.3,58.0,3.18,159,82,286,,True,-3.2
456,32.93497,-117.163329,1391.2,58.0,3.12,159,82,287,,True,-8.1
457,32.934956,-117.163362,1394.4,57.6,3.1,159,82,287,,True,-11.4
458,32.934945,-117.163388,1397.4,57.0,3.1,158,82,285,,True,-11.1
459,32.934932,-117.163417,1400.6,56.6,3.1,159,82,283,,True,-8.2
460,32.934922,-117.163454,1403.8,56.6,3.1,159,82,283,,True,-1.6
461,32.934915,-117.163479,1406.6,56.6,3.08,159,81,284,,True,3.3
462,32.9349,-117.163511,1410.1,56.8,3.14,158,80,279,,True,6.8
463,32.934888,-117.163541,1412.9,57.0,3.1,159,80,281,,True,8.1
464,32.934885,-117.163566,1415.6,57.4,3.0,159,80,282,,True,8.5
465,32.934874,-117.163605,1419.0,57.6,3.04,158,81,284,,True,6.7
466,32.934867,-117.163631,1421.8,57.8,3.04,159,81,280,,True,0.0
467,32.934862,-117.163659,1424.8,57.8,2.94,158,82,281,,True,-1.8
468,32.934858,-117.163691,1427.4,57.4,2.9,158,82,281,,True,-3.4
469,32.934854,-117.163718,1430.2,57.4,2.92,156,82,283,,True,-5.4
470,32.934843,-117.163749,1433.4,57.4,2.88,152,82,284,,True,0.0
471,32.934834,-117.16378,1436.0,57.2,2.84,151,82,283,,True,0.0
472,32.93483,-117.163807,1438.9,57.4,2.82,150,82,283,,True,1.7
473,32.934821,-117.16384,1442.0,57.4,2.92,150,82,285,,True,5.2
474,32.934816,-117.163873,1444.9,57.6,2.94,150,81,288,,True,5.1
475,32.934817,-117.163897,1447.6,57.8,2.84,150,81,290,,True,6.9
476,32.934823,-117.163934,1450.7,58.0,2.94,150,81,291,,True,6.8
477,32.934821,-117.163965,1453.6,58.2,2.94,149,81,292,,True,5.1
478,32.934822,-117.16399,1456.6,58.4,2.92,150,81,294,,True,1.9
479,32.934817,-117.164021,1459.3,58.4,2.88,150,80,292,,True,-1.5
480,32.934816,-117.164043,1461.4,58.2,2.76,150,80,292,,True,-4.0
481,32.934813,-117.164064,1463.4,58.2,2.54,150,80,293,,True,-5.6
482,32.934812,-117.164104,1466.7,58.0,2.62,150,80,295,,True,-4.9
483,32.934796,-117.164135,1470.0,57.8,2.68,150,80,295,,True,-7.2
484,32.934786,-117.164168,1473.6,57.6,2.86,150,80,294,,True,-8.8
485,32.934771,-117.164207,1477.3,57.2,3.18,150,80,294,,True,-8.7
486,32.934762,-117.164236,1480.3,56.8,3.38,150,79,294,,True,-8.8
487,32.934747,-117.164267,1483.8,56.6,3.42,150,79,296,,True,-4.5
488,32.934731,-117.164302,1487.2,56.4,3.44,150,80,294,,True,0.0
489,32.934722,-117.164332,1490.5,56.6,3.38,150,81,295,,True,4.6
490,32.93471,-117.164368,1494.1,56.8,3.36,150,83,297,,True,9.8
491,32.934701,-117.164396,1496.8,57.2,3.3,150,83,296,,True,8.3
492,32.934698,-117.16442,1499.5,57.6,3.14,150,83,296,,True,7.5
493,32.934695,-117.164455,1502.6,57.6,3.08,150,82,298,,True,3.7
494,32.934688,-117.164477,1504.7,57.6,2.84,150,82,295,,True,-1.8
495,32.934675,-117.164503,1507.7,57.6,2.72,150,82,292,,True,-3.6
496,32.93466,-117.164536,1510.8,57.4,2.8,150,82,290,,True,-3.4
497,32.934656,-117.164562,1513.8,57.2,2.86,150,82,290,,True,-1.7
498,32.934648,-117.164595,1516.6,57.2,2.8,150,82,291,,True,0.0
499,32.934651,-117.164627,1519.2,57.4,2.9,150,82,290,,True,3.4
500,32.934655,-117.164656,1522.3,57.4,2.92,150,82,290,,True,1.7
501,32.934664,-117.164695,1525.6,57.6,2.96,150,82,288,,True,0.0
502,32.934668,-117.164723,1528.4,57.4,2.92,150,81,286,,True,-3.2
503,32.93467,-117.164756,1531.5,57.4,2.98,150,81,286,,True,-8.5
504,32.934667,-117.164795,1534.8,57.0,3.12,150,81,284,,True,-8.1
505,32.934666,-117.16482,1537.4,56.6,3.02,150,82,283,,True,-7.8
506,32.934657,-117.164855,1540.8,56.4,3.04,150,82,284,,True,-4.8
507,32.934644,-117.164895,1544.4,56.4,3.2,150,82,285,,True,0.0
508,32.934635,-117.16492,1547.3,56.4,3.16,150,81,288,,True,1.5
509,32.93462,-117.164949,1550.7,56.6,3.18,149,80,294,,True,3.2
510,32.934595,-117.164974,1553.8,56.6,3.28,150,80,293,,True,1.5
511,32.934572,-117.164991,1557.0,56.8,3.24,150,80,292,,True,0.0
512,32.934545,-117.16501,1560.3,56.6,3.18,149,80,293,,True,-1.5
513,32.934518,-117.165036,1563.6,56.6,3.26,150,81,290,,True,-4.2
514,32.934499,-117.165062,1567.4,56.4,3.34,150,80,290,,True,-4.3
515,32.934483,-117.165099,1571.2,56.2,3.48,150,80,290,,True,-4.5
516,32.934469,-117.165127,1574.1,56.0,3.42,150,80,292,,True,-3.1
517,32.934465,-117.165152,1577.0,56.0,3.34,150,81,292,,True,-1.7
518,32.934467,-117.165192,1580.1,56.0,3.3,150,83,292,,True,0.0
519,32.934473,-117.165219,1583.1,56.0,3.14,150,83,289,,True,1.7
520,32.934466,-117.16525,1586.1,56.0,2.98,150,83,288,,True,1.7
521,32.934439,-117.165278,1589.1,56.2,3.0,150,82,289,,True,1.6
522,32.93442,-117.165303,1592.1,56.2,3.02,150,82,290,,True,1.5
523,32.934396,-117.165327,1595.8,56.2,3.14,150,81,291,,True,1.5
524,32.934367,-117.165349,1599.2,56.2,3.22,150,81,293,,True,1.4
525,32.934346,-117.165368,1602.6,56.4,3.3,150,81,295,,True,1.5
526,32.934318,-117.165393,1606.1,56.4,3.4,150,81,296,,True,1.5
527,32.934293,-117.165417,1609.4,56.4,3.46,150,81,297,,True,0.0
528,32.934273,-117.16544,1612.9,56.4,3.42,150,81,302,,True,-1.5
529,32.934252,-117.165476,1616.6,56.4,3.48,150,81,303,,True,-3.0
530,32.934244,-117.165505,1619.5,56.2,3.38,150,81,302,,True,-4.7
531,32.934236,-117.165535,1622.6,56.0,3.3,150,81,303,,True,-5.0
532,32.93423,-117.165573,1625.7,55.8,3.26,150,82,302,,True,-1.6
533,32.934228,-117.165601,1628.7,55.8,3.16,150,82,302,,True,0.0
534,32.934225,-117.165638,1632.1,56.0,3.1,151,82,303,,True,1.6
535,32.934218,-117.165674,1635.2,56.0,3.14,152,82,304,,True,1.5
536,32.934216,-117.165702,1638.3,56.0,3.14,152,82,305,,True,0.0
537,32.93421,-117.165742,1641.9,56.0,3.24,153,81,305,,True,-1.5
538,32.934209,-117.165776,1644.9,56.0,3.24,153,81,307,,True,-3.0
539,32.93421,-117.165806,1648.3,55.8,3.24,153,81,307,,True,-3.2
540,32.934211,-117.165847,1651.5,55.6,3.26,153,81,306,,True,-3.2
541,32.934222,-117.165872,1654.3,55.6,3.2,154,81,306,,True,0.0
542,32.93423,-117.165903,1657.5,55.6,3.12,153,81,304,,True,3.2
543,32.934237,-117.165943,1660.8,55.8,3.18,153,81,301,,True,3.1
544,32.934245,-117.16597,1663.9,56.0,3.12,153,81,301,,True,4.7
545,32.934255,-117.166002,1667.2,56.0,3.14,154,81,302,,True,4.9
546,32.934269,-117.166033,1670.3,56.2,3.2,153,81,303,,True,3.3
547,32.934281,-117.166055,1673.1,56.4,3.12,153,81,304,,True,1.7
548,32.934289,-117.166092,1676.1,56.4,3.06,152,82,305,,True,-1.7
549,32.934296,-117.16612,1678.9,56.2,3.0,152,82,304,,True,-6.6
550,32.934298,-117.166152,1682.3,56.0,3.02,152,82,303,,True,-8.3
551,32.934301,-117.166189,1685.2,55.6,2.98,152,81,305,,True,-6.6
552,32.934307,-117.166216,1688.1,55.4,3.0,152,82,302,,True,-5.0
553,32.934307,-117.16625,1691.0,55.4,2.98,152,82,303,,True,0.0
554,32.934288,-117.166281,1694.2,55.4,3.06,152,82,304,,True,3.3
555,32.934277,-117.166305,1697.3,55.6,3.0,152,82,306,,True,5.0
556,32.934257,-117.166331,1700.3,55.8,3.02,152,82,307,,True,6.8
557,32.934237,-117.166352,1703.1,56.0,3.0,153,81,308,,True,5.0
558,32.934224,-117.166375,1706.0,56.2,3.0,152,81,309,,True,5.2
559,32.934205,-117.166406,1709.4,56.2,3.04,153,81,309,,True,3.7
560,32.934199,-117.166429,1711.8,56.4,2.9,153,80,310,,True,3.9
561,32.934203,-117.16645,1713.8,56.4,2.7,153,80,311,,True,1.7
562,32.93421,-117.166479,1716.3,56.6,2.64,153,80,312,,True,-1.7
563,32.934216,-117.166501,1718.4,56.6,2.48,153,81,307,,True,-2.0
564,32.934212,-117.166527,1721.1,56.4,2.34,153,81,302,,True,-5.8
565,32.934198,-117.166556,1723.8,56.2,2.4,153,81,298,,True,-5.5
566,32.934175,-117.166573,1726.7,56.0,2.58,153,81,302,,True,-3.8
567,32.93416,-117.166591,1729.3,56.0,2.6,153,80,292,,True,-1.7
568,32.934157,-117.166619,1731.5,56.0,2.62,153,81,291,,True,0.0
569,32.934168,-117.166636,1733.3,56.0,2.44,153,81,280,,True,-1.7
570,32.934188,-117.166654,1735.3,56.0,2.3,153,81,263,,True,-1.6
571,32.934208,-117.166686,1738.5,56.0,2.36,153,80,241,,True,-1.9
572,32.934222,-117.166709,1741.3,55.8,2.4,153,80,236,,True,-1.8
573,32.934229,-117.166739,1744.1,55.8,2.52,153,80,252,,True,0.0
574,32.934227,-117.166769,1746.6,55.8,2.66,152,80,263,,True,3.8
575,32.934228,-117.166795,1749.2,56.0,2.78,152,82,271,,True,5.7
576,32.934222,-117.166824,1751.9,56.2,2.68,152,82,274,,True,5.6
577,32.934212,-117.166853,1754.7,56.4,2.68,152,82,267,,True,3.6
578,32.934206,-117.166876,1757.4,56.4,2.66,153,82,271,,True,0.0
579,32.934197,-117.166908,1760.2,56.4,2.72,152,81,274,,True,-1.9
580,32.934185,-117.166933,1762.7,56.2,2.7,152,81,274,,True,-1.9
581,32.934173,-117.166956,1765.2,56.2,2.66,152,81,276,,True,-3.8
582,32.934148,-117.166973,1768.0,56.2,2.66,153,80,274,,True,-1.8
583,32.934128,-117.166989,1770.7,56.0,2.66,152,81,273,,True,-1.7
584,32.934105,-117.167001,1773.6,56.0,2.68,152,81,271,,True,-3.3
585,32.93407,-117.16701,1777.0,56.0,2.86,153,81,268,,True,-1.6
586,32.934046,-117.167019,1780.1,55.8,2.98,152,81,264,,True,0.0
587,32.934016,-117.167029,1783.6,55.8,3.12,152,81,269,,True,0.0
588,32.933991,-117.167045,1786.9,56.0,3.24,153,81,271,,True,3.5
589,32.933982,-117.167062,1789.3,56.0,3.14,152,81,283,,True,5.7
590,32.933969,-117.167088,1791.6,56.2,2.92,152,81,286,,True,3.3
591,32.933958,-117.16711,1794.1,56.4,2.8,153,81,280,,True,3.3
592,32.933948,-117.167129,1796.3,56.4,2.54,152,81,273,,True,1.7
593,32.93393,-117.167153,1799.0,56.4,2.42,153,81,275,,True,0.0
594,32.933916,-117.167175,1801.4,56.4,2.42,152,81,273,,True,0.0
595,32.933905,-117.167196,1803.7,56.4,2.42,152,81,273,,True,0.0
596,32.933894,-117.167222,1806.3,56.4,2.44,152,80,272,,True,0.0
597,32.933872,-117.167238,1808.8,56.4,2.5,153,80,270,,True,1.9
598,32.933849,-117.167246,1811.4,56.4,2.48,152,80,269,,True,1.9
599,32.933823,-117.167248,1814.2,56.6,2.56,152,81,269,,True,3.7
600,32.933801,-117.167244,1816.6,56.6,2.58,152,81,268,,True,3.7
601,32.933777,-117.167243,1819.5,56.8,2.64,152,81,267,,True,1.8
602,32.933748,-117.167244,1822.2,56.8,2.68,152,80,268,,True,1.8
603,32.933724,-117.167243,1825.4,56.8,2.8,153,80,267,,True,0.0
604,32.9337,-117.167244,1828.0,56.8,2.76,152,80,266,,True,0.0
605,32.933669,-117.167248,1831.0,56.8,2.88,152,80,269,,True,-1.8
606,32.933649,-117.167248,1833.8,56.8,2.86,153,80,269,,True,-3.4
607,32.933623,-117.167251,1836.7,56.6,2.9,153,80,270,,True,-3.6
608,32.933595,-117.167259,1839.7,56.4,2.86,153,80,269,,True,-3.6
609,32.933578,-117.167265,1842.1,56.4,2.82,153,80,269,,True,0.0
610,32.933556,-117.167282,1844.8,56.4,2.76,153,80,272,,True,1.8
611,32.933532,-117.167304,1847.9,56.6,2.82,153,80,273,,True,3.5
612,32.933523,-117.167324,1850.6,56.6,2.78,153,80,275,,True,3.6
613,32.933509,-117.167352,1853.4,56.8,2.74,153,80,279,,True,3.8
614,32.933506,-117.16738,1855.9,56.8,2.76,154,81,278,,True,4.0
615,32.933499,-117.1674,1858.3,57.0,2.7,153,80,281,,True,0.0
616,32.933476,-117.167418,1860.6,57.0,2.54,154,80,279,,True,0.0
617,32.933459,-117.167439,1863.3,56.8,2.54,154,80,279,,True,-1.9
618,32.933449,-117.167463,1866.2,56.8,2.56,154,81,276,,True,-3.6
619,32.933445,-117.1675,1869.1,56.8,2.64,154,80,275,,True,-1.8
620,32.933445,-117.167526,1871.6,56.6,2.66,154,80,275,,True,-3.7
621,32.933446,-117.167553,1874.2,56.6,2.72,154,80,273,,True,-3.8
622,32.933448,-117.167586,1877.0,56.4,2.74,154,81,271,,True,-1.9
623,32.93345,-117.167614,1879.7,56.4,2.7,154,81,269,,True,0.0
624,32.933451,-117.16764,1882.3,56.4,2.64,154,81,267,,True,3.8
625,32.933445,-117.167677,1885.1,56.6,2.7,155,81,267,,True,3.5
626,32.933441,-117.167703,1887.6,56.8,2.68,154,81,267,,True,5.0
627,32.933426,-117.167736,1891.0,56.8,2.8,154,81,269,,True,3.1
628,32.933394,-117.167758,1894.4,57.0,2.94,155,81,272,,True,1.4
629,32.933367,-117.167771,1898.1,57.0,3.16,154,80,277,,True,1.4
630,32.933327,-117.16778,1902.0,57.0,3.38,155,81,279,,True,-1.4
631,32.933298,-117.167788,1905.2,57.0,3.52,155,81,280,,True,-1.4
632,32.933268,-117.167795,1908.8,56.8,3.56,155,81,276,,True,-1.4
633,32.933229,-117.167792,1912.8,56.8,3.68,154,81,275,,True,-1.4
634,32.933205,-117.167791,1915.8,56.8,3.54,155,83,286,,True,0.0
635,32.933175,-117.16779,1919.3,56.8,3.46,155,82,292,,True,-1.5
636,32.933139,-117.167787,1922.9,56.8,3.54,155,82,307,,True,-2.9
637,32.933113,-117.167786,1926.0,56.6,3.44,155,82,320,,True,-2.9
638,32.93308,-117.167785,1929.5,56.4,3.34,156,81,313,,True,-2.9
639,32.933043,-117.167786,1933.3,56.4,3.5,156,81,304,,True,-1.4
640,32.933022,-117.167794,1936.5,56.4,3.44,156,81,301,,True,-1.5
641,32.932988,-117.167805,1940.0,56.4,3.42,157,81,302,,True,-1.5
642,32.932964,-117.167818,1943.0,56.2,3.4,157,81,308,,True,-3.1
643,32.932943,-117.167837,1946.3,56.2,3.36,157,81,306,,True,-6.7
644,32.932918,-117.167861,1949.2,56.0,3.18,157,81,301,,True,-6.0
645,32.932902,-117.167882,1952.0,55.6,3.1,157,81,300,,True,-5.9
646,32.932877,-117.167914,1956.3,55.4,3.26,158,81,295,,True,-5.9
647,32.932854,-117.167943,1959.8,55.4,3.36,158,82,290,,True,-1.4
648,32.932843,-117.167968,1962.7,55.2,3.28,158,82,290,,True,0.0
649,32.932823,-117.167994,1966.1,55.4,3.38,158,82,292,,True,1.7
650,32.932804,-117.168019,1969.2,55.4,3.44,157,82,293,,True,3.4
651,32.932788,-117.168035,1971.7,55.6,3.08,158,82,297,,True,1.8
652,32.932765,-117.168054,1974.6,55.6,2.96,158,82,297,,True,1.8
653,32.932739,-117.168069,1977.3,55.6,2.92,158,82,290,,True,-1.7
654,32.932725,-117.168087,1980.1,55.6,2.8,158,82,289,,True,-3.6
655,32.932705,-117.16812,1983.2,55.4,2.8,158,81,287,,True,-3.4
656,32.93269,-117.168141,1985.8,55.2,2.82,158,81,286,,True,-4.7
657,32.932673,-117.168167,1989.0,55.2,2.88,158,81,283,,True,-3.1
658,32.932643,-117.168192,1992.8,55.0,3.1,159,81,281,,True,-1.5
659,32.932626,-117.16821,1996.0,55.0,3.18,159,81,279,,True,0.0
660,32.932606,-117.168232,1999.2,55.0,3.2,159,81,297,,True,1.8
661,32.932591,-117.168257,2001.8,55.2,3.2,159,81,298,,True,1.8
662,32.932584,-117.168282,2004.2,55.2,3.04,159,81,302,,True,1.8
663,32.932567,-117.168307,2007.2,55.2,2.88,159,81,295,,True,0.0
664,32.932542,-117.168329,2010.4,55.2,2.88,158,81,283,,True,0.0
665,32.932524,-117.168345,2013.1,55.2,2.78,159,81,282,,True,-1.8
666,32.932504,-117.168367,2016.0,55.2,2.84,159,81,283,,True,-1.9
667,32.932486,-117.168382,2018.5,55.0,2.86,159,81,281,,True,-3.7
668,32.932473,-117.168398,2020.9,55.0,2.74,158,81,280,,True,-3.8
669,32.932449,-117.168425,2023.9,54.8,2.7,158,81,277,,True,-1.8
670,32.932432,-117.168445,2026.5,54.8,2.68,158,81,274,,True,-3.2
671,32.932415,-117.168467,2029.9,54.8,2.78,158,81,273,,True,-1.7
672,32.932384,-117.16849,2033.3,54.6,2.96,158,81,274,,True,-1.5
673,32.932366,-117.16851,2036.0,54.6,3.02,158,81,275,,True,-3.1
674,32.932344,-117.168529,2039.5,54.6,3.12,158,81,274,,True,-1.6
675,32.932316,-117.168553,2042.9,54.4,3.28,158,81,277,,True,-1.6
676,32.932301,-117.16857,2045.5,54.4,3.12,157,81,278,,True,-1.6
677,32.932281,-117.168595,2048.6,54.4,3.06,157,80,278,,True,0.0
678,32.932254,-117.168612,2051.7,54.4,3.14,157,80,280,,True,1.7
679,32.932236,-117.168628,2054.6,54.4,3.02,157,80,281,,True,1.7
680,32.932215,-117.168645,2057.5,54.6,2.92,157,80,281,,True,1.8
681,32.932193,-117.168662,2060.2,54.6,2.94,157,81,282,,True,1.9
682,32.932178,-117.168677,2062.7,54.6,2.82,157,81,282,,True,0.0
683,32.932157,-117.168697,2065.4,54.6,2.74,157,81,283,,True,0.0
684,32.932136,-117.168715,2068.1,54.6,2.7,157,81,283,,True,0.0
685,32.932121,-117.168734,2070.8,54.6,2.66,156,81,283,,True,-1.7
686,32.932096,-117.168761,2074.0,54.6,2.76,156,81,283,,True,-1.6
687,32.932075,-117.168782,2077.3,54.4,2.92,156,81,283,,True,-3.0
688,32.932054,-117.168802,2080.5,54.4,3.02,156,81,281,,True,-4.6
689,32.932026,-117.168832,2084.1,54.2,3.2,156,81,282,,True,-4.4
690,32.93201,-117.168852,2087.1,54.0,3.26,156,82,284,,True,-4.4
691,32.931988,-117.168878,2090.8,53.8,3.36,157,82,285,,True,-3.1
692,32.931968,-117.168908,2094.0,53.8,3.34,156,82,285,,True,0.0
693,32.93196,-117.168935,2097.1,53.8,3.32,157,81,289,,True,1.6
694,32.931944,-117.168965,2100.3,54.0,3.24,157,81,292,,True,3.4
695,32.93193,-117.168991,2103.0,54.0,3.18,157,81,292,,True,3.5
696,32.931922,-117.169014,2105.7,54.2,2.98,157,81,294,,True,0.0
697,32.931909,-117.169048,2108.6,54.2,2.92,157,81,291,,True,0.0
698,32.931899,-117.169071,2111.3,54.0,2.84,157,81,289,,True,-3.3
699,32.931882,-117.169099,2114.6,54.0,2.86,157,81,290,,True,-3.4
700,32.931862,-117.169127,2117.7,53.8,2.94,157,81,291,,True,-1.7
701,32.931854,-117.169153,2120.4,53.8,2.94,157,82,290,,True,-1.7
702,32.93184,-117.169181,2123.3,53.8,2.94,157,82,290,,True,-1.7
703,32.931821,-117.169212,2126.6,53.8,3.06,157,82,288,,True,-1.7
704,32.931808,-117.169232,2129.5,53.6,2.98,157,82,288,,True,-1.8
705,32.931792,-117.169261,2132.5,53.6,2.96,157,81,289,,True,-1.9
706,32.931782,-117.169282,2134.7,53.6,2.86,157,81,289,,True,0.0
707,32.931771,-117.169303,2137.3,53.6,2.8,157,81,290,,True,0.0
708,32.931752,-117.169333,2140.4,53.6,2.76,158,81,287,,True,-1.8
709,32.93174,-117.169356,2143.1,53.6,2.72,157,81,285,,True,-3.4
710,32.931727,-117.169381,2145.8,53.4,2.66,158,81,284,,True,-3.5
711,32.93171,-117.169412,2149.0,53.2,2.86,158,81,283,,True,-1.7
712,32.931701,-117.169432,2151.7,53.2,2.88,158,81,283,,True,0.0
713,32.931683,-117.169461,2154.8,53.4,2.88,158,82,283,,True,3.5
714,32.931668,-117.169487,2157.7,53.4,2.92,158,82,284,,True,5.2
715,32.931656,-117.16951,2160.5,53.6,2.94,157,82,285,,True,1.8
716,32.931639,-117.169537,2163.3,53.8,2.86,158,82,285,,True,0.0
717,32.931629,-117.169561,2165.8,53.6,2.82,158,82,284,,True,-3.4
718,32.931608,-117.169585,2169.0,53.4,2.84,158,82,283,,True,-6.8
719,32.931588,-117.169611,2172.2,53.2,2.9,158,82,283,,True,-6.5
720,32.931572,-117.169628,2175.1,53.0,2.92,158,82,282,,True,-7.0
721,32.931555,-117.169655,2178.1,52.8,2.96,158,81,283,,True,-7.2
722,32.931542,-117.169681,2180.5,52.6,2.94,158,81,279,,True,-7.0
723,32.931529,-117.169706,2183.3,52.4,2.86,158,81,279,,True,-5.1
724,32.931509,-117.169733,2186.6,52.2,2.88,158,81,278,,True,-1.6
725,32.931488,-117.169759,2189.9,52.2,2.96,158,81,276,,True,1.6
726,32.931474,-117.169784,2193.1,52.4,3.0,159,81,276,,True,4.7
727,32.931457,-117.169815,2196.2,52.6,3.14,158,81,278,,True,4.5
728,32.93144,-117.169843,2199.5,52.8,3.24,158,81,279,,True,3.0
729,32.931424,-117.169871,2203.1,52.8,3.3,158,81,280,,True,1.5
730,32.931405,-117.169903,2206.5,52.8,3.32,158,81,279,,True,1.5
731,32.931384,-117.169928,2209.8,52.8,3.34,158,81,282,,True,1.6
732,32.931369,-117.16995,2212.8,53.0,3.32,158,81,285,,True,0.0
733,32.931352,-117.169979,2215.8,53.0,3.26,158,81,287,,True,1.7
734,32.931342,-117.169999,2218.1,52.8,3.0,158,81,288,,True,0.0
735,32.93132,-117.170027,2221.5,53.0,3.0,158,82,288,,True,1.7
736,32.931304,-117.170055,2224.6,53.0,2.96,158,82,288,,True,3.1
737,32.931292,-117.170078,2227.7,53.2,2.98,159,82,289,,True,1.7
738,32.931266,-117.170105,2231.0,53.2,3.04,158,82,291,,True,1.7
739,32.931257,-117.170127,2233.5,53.2,3.08,159,83,291,,True,-1.7
740,32.931242,-117.17015,2236.2,53.2,2.94,159,83,291,,True,-1.8
741,32.931219,-117.170177,2239.4,53.0,2.96,159,83,291,,True,-3.5
742,32.931206,-117.170197,2242.0,53.0,2.86,159,83,289,,True,-3.4
743,32.931185,-117.17022,2244.9,52.8,2.78,159,82,289,,True,0.0
744,32.931165,-117.17024,2248.0,52.8,2.9,159,82,291,,True,0.0
745,32.931151,-117.170259,2250.7,53.0,2.9,159,82,290,,True,1.6
746,32.931127,-117.170291,2254.2,53.0,2.96,159,82,291,,True,1.7
747,32.931112,-117.170313,2257.1,53.0,3.02,159,81,291,,True,0.0
748,32.931094,-117.170336,2259.9,53.0,3.0,159,81,293,,True,-1.8
749,32.931079,-117.170361,2262.8,53.0,2.96,159,81,293,,True,-3.7
750,32.931077,-117.170386,2265.1,52.8,2.88,159,81,291,,True,-5.7
751,32.931067,-117.170412,2267.8,52.6,2.72,160,81,292,,True,-5.8
752,32.931046,-117.170436,2270.4,52.4,2.66,159,81,290,,True,-5.4
753,32.931035,-117.170455,2273.1,52.4,2.64,159,80,287,,True,-3.6
754,32.931013,-117.17048,2276.3,52.2,2.7,160,80,286,,True,0.0
755,32.930995,-117.170499,2278.9,52.2,2.76,159,80,286,,True,1.7
756,32.930984,-117.170516,2281.4,52.4,2.72,159,82,285,,True,5.2
757,32.930958,-117.170549,2284.7,52.6,2.86,159,82,285,,True,4.9
758,32.930942,-117.170574,2287.8,52.8,2.94,160,82,284,,True,3.0
759,32.930929,-117.170604,2291.2,52.8,2.98,159,82,285,,True,0.0
760,32.930919,-117.170643,2294.8,52.8,3.18,159,82,286,,True,-3.1
761,32.930914,-117.170671,2297.8,52.6,3.28,159,81,287,,True,-3.1
762,32.930901,-117.170701,2300.9,52.4,3.24,159,81,289,,True,-5.1
763,32.930877,-117.170724,2304.1,52.4,3.26,159,82,288,,True,-3.4
764,32.930861,-117.170739,2306.5,52.2,3.06,159,82,287,,True,-1.8
765,32.930838,-117.170758,2309.5,52.2,2.94,159,81,286,,True,0.0
766,32.930827,-117.170785,2312.1,52.2,2.86,159,81,285,,True,1.8
767,32.93082,-117.170809,2314.9,52.4,2.8,159,81,285,,True,1.9
768,32.930801,-117.170842,2317.9,52.4,2.76,158,81,285,,True,1.9
769,32.930789,-117.170855,2320.3,52.4,2.76,159,81,285,,True,0.0
770,32.930767,-117.170862,2322.6,52.4,2.62,159,81,285,,True,0.0
771,32.930733,-117.17086,2325.6,52.4,2.7,159,82,282,,True,-1.8
772,32.930712,-117.17086,2328.2,52.4,2.66,158,82,277,,True,-1.7
773,32.930688,-117.17088,2331.6,52.2,2.74,159,81,275,,True,-3.5
774,32.930663,-117.170902,2334.5,52.2,2.84,159,81,275,,True,-3.3
775,32.930647,-117.170919,2337.1,52.0,2.9,159,81,275,,True,-3.3
776,32.930621,-117.170935,2340.3,52.0,2.94,158,81,277,,True,-3.5
777,32.930607,-117.170968,2343.6,51.8,3.08,159,81,278,,True,0.0
778,32.930603,-117.17099,2345.9,51.8,2.86,159,81,278,,True,0.0
779,32.930594,-117.171026,2349.2,52.0,2.94,159,81,279,,True,1.8
780,32.930582,-117.171053,2352.1,52.0,3.0,158,81,278,,True,1.7
781,32.930575,-117.171075,2354.7,52.0,2.88,159,81,282,,True,1.8
782,32.930559,-117.171111,2357.7,52.0,2.82,159,81,285,,True,3.6
783,32.930551,-117.171131,2360.1,52.2,2.84,159,81,284,,True,3.5
784,32.930541,-117.171157,2363.1,52.4,2.78,159,81,285,,True,3.5
785,32.930525,-117.171192,2366.2,52.4,2.82,159,81,286,,True,1.7
786,32.930509,-117.171214,2369.1,52.4,2.88,158,80,285,,True,-1.7
787,32.930494,-117.171239,2372.0,52.4,2.86,158,80,285,,True,-1.7
788,32.930478,-117.171269,2375.0,52.2,2.98,158,81,285,,True,-3.3
789,32.930469,-117.171292,2377.7,52.2,2.92,158,81,284,,True,-1.7
790,32.930453,-117.171323,2381.1,52.0,2.98,158,81,284,,True,0.0
791,32.930435,-117.171348,2384.0,52.2,2.98,158,82,282,,True,1.7
792,32.930425,-117.17137,2386.7,52.2,2.94,158,82,284,,True,5.4
793,32.930407,-117.171396,2389.7,52.4,2.94,158,82,285,,True,3.7
794,32.93039,-117.171417,2392.2,52.6,2.9,158,82,284,,True,3.6
795,32.93038,-117.171437,2394.7,52.6,2.72,158,81,286,,True,0.0
796,32.930366,-117.171471,2397.9,52.6,2.78,159,81,286,,True,-3.4
797,32.930348,-117.171495,2400.7,52.4,2.8,158,81,285,,True,-5.0
798,32.930333,-117.171523,2404.0,52.2,2.86,158,81,284,,True,-7.3
799,32.930328,-117.171555,2406.8,52.0,2.92,159,81,283,,True,-5.8
800,32.930324,-117.171575,2408.9,51.8,2.84,158,81,282,,True,-6.0
801,32.930315,-117.171599,2411.1,51.8,2.64,158,81,281,,True,-1.6
802,32.930305,-117.17163,2414.0,51.6,2.66,159,82,280,,True,0.0
803,32.930305,-117.171654,2416.6,51.6,2.52,158,82,277,,True,0.0
804,32.930302,-117.171689,2419.4,51.8,2.52,158,82,277,,True,3.5
805,32.9303,-117.171722,2422.6,51.8,2.74,158,82,276,,True,3.4
806,32.9303,-117.171746,2425.3,52.0,2.84,158,82,276,,True,3.5
807,32.9303,-117.171784,2428.3,52.0,2.86,158,82,276,,True,3.4
808,32.930298,-117.171811,2430.8,52.2,2.84,158,82,276,,True,1.7
809,32.930292,-117.171843,2434.3,52.2,2.98,157,82,275,,True,1.7
810,32.930287,-117.171879,2437.4,52.2,2.96,157,82,276,,True,-1.6
811,32.930282,-117.171904,2440.2,52.2,2.98,157,82,277,,True,-3.5
812,32.930278,-117.171934,2443.0,52.0,2.94,157,81,277,,True,-3.7
813,32.930274,-117.171968,2445.8,51.8,3.0,157,81,276,,True,-5.6
814,32.930269,-117.171991,2448.2,51.8,2.78,158,81,276,,True,-3.8
815,32.930262,-117.172018,2450.9,51.6,2.7,157,81,276,,True,0.0
816,32.930252,-117.172046,2453.5,51.6,2.66,157,81,275,,True,0.0
817,32.930245,-117.172069,2456.1,51.8,2.62,158,81,276,,True,1.9
818,32.930232,-117.1721,2458.9,51.8,2.62,157,81,274,,True,3.7
819,32.930226,-117.172125,2461.3,51.8,2.62,157,82,274,,True,1.9
820,32.930217,-117.172153,2464.2,52.0,2.66,158,82,273,,True,0.0
821,32.930203,-117.172177,2466.8,52.0,2.66,158,82,273,,True,0.0
822,32.930199,-117.172201,2469.1,51.8,2.6,158,82,273,,True,-1.9
823,32.930193,-117.172229,2471.8,51.8,2.58,158,82,273,,True,-2.0
824,32.930181,-117.172259,2474.6,51.8,2.66,157,82,271,,True,0.0
825,32.930176,-117.17228,2476.9,51.8,2.54,158,82,271,,True,0.0
826,32.930166,-117.172307,2479.7,51.8,2.58,158,82,270,,True,2.0
827,32.930149,-117.172335,2482.4,51.8,2.66,158,82,268,,True,3.8
828,32.930143,-117.172354,2484.6,52.0,2.56,158,81,269,,True,3.7
829,32.930131,-117.172383,2487.4,52.2,2.56,158,81,272,,True,5.8
830,32.930119,-117.172411,2490.5,52.2,2.72,158,80,272,,True,5.5
831,32.930112,-117.172431,2492.8,52.4,2.62,158,80,273,,True,3.7
832,32.930097,-117.172457,2495.6,52.6,2.64,158,80,274,,True,5.8
833,32.93008,-117.172482,2498.3,52.6,2.74,158,80,276,,True,3.7
834,32.930072,-117.1725,2500.9,52.8,2.7,159,80,279,,True,1.9
835,32.930058,-117.172526,2503.6,52.8,2.62,159,80,280,,True,2.0
836,32.930046,-117.172551,2506.1,52.8,2.66,159,80,280,,True,0.0
837,32.930043,-117.17257,2508.4,52.8,2.56,159,80,281,,True,0.0
838,32.930037,-117.172604,2511.3,52.8,2.6,158,80,280,,True,1.8
839,32.930028,-117.172632,2513.8,52.8,2.58,159,80,280,,True,1.7
840,32.93002,-117.172658,2517.0,53.0,2.68,159,80,282,,True,1.7
841,32.930001,-117.172691,2520.2,53.0,2.82,158,80,283,,True,1.6
842,32.929989,-117.172717,2523.1,53.0,2.94,159,80,284,,True,0.0
843,32.929974,-117.17274,2526.3,53.0,3.0,158,81,287,,True,0.0
844,32.929947,-117.172768,2529.7,53.0,3.18,158,81,288,,True,0.0
845,32.929932,-117.172793,2532.8,53.0,3.16,158,81,290,,True,0.0
846,32.929915,-117.172814,2535.9,53.0,3.14,159,81,293,,True,0.0
847,32.92989,-117.172843,2539.1,53.0,3.2,158,81,294,,True,0.0
848,32.929875,-117.172863,2541.9,53.0,3.12,159,81,295,,True,0.0
849,32.929851,-117.172888,2545.4,53.0,3.14,159,81,295,,True,0.0
850,32.929828,-117.172911,2548.7,53.0,3.18,159,80,294,,True,-1.5
851,32.929808,-117.172935,2551.9,53.0,3.2,158,80,298,,True,-1.6
852,32.929785,-117.172966,2555.4,52.8,3.26,159,80,301,,True,-1.6
853,32.929769,-117.172986,2558.2,52.8,3.26,159,81,298,,True,-3.1
854,32.929754,-117.173009,2561.3,52.8,3.18,159,81,295,,True,-3.4
855,32.929736,-117.173045,2564.6,52.6,3.18,159,81,292,,True,-5.0
856,32.929732,-117.17307,2567.0,52.4,3.02,159,81,290,,True,-5.0
857,32.92972,-117.173098,2570.2,52.2,2.96,159,82,286,,True,-5.2
858,32.929698,-117.173128,2573.4,52.2,3.04,159,82,284,,True,-3.3
859,32.92969,-117.17315,2576.1,52.0,2.96,159,81,281,,True,0.0
860,32.929674,-117.173181,2579.3,52.0,2.94,159,81,281,,True,0.0
861,32.929657,-117.173209,2582.4,52.2,3.08,159,81,281,,True,1.7
862,32.929649,-117.173232,2585.2,52.2,3.0,159,81,281,,True,1.8
863,32.929634,-117.173265,2588.1,52.2,2.94,159,81,280,,True,-1.8
864,32.929628,-117.173289,2590.7,52.2,2.92,159,81,278,,True,-3.4
865,32.929615,-117.173314,2593.7,52.0,2.88,159,83,276,,True,-7.0
866,32.929593,-117.173347,2597.0,51.8,2.92,159,83,274,,True,-6.6
867,32.929584,-117.173368,2599.6,51.4,2.88,159,82,273,,True,-6.4
868,32.929567,-117.173396,2602.9,51.4,2.96,159,82,273,,True,-3.4
869,32.929548,-117.173426,2606.2,51.2,3.1,159,82,274,,True,0.0
870,32.929539,-117.173448,2608.6,51.4,2.98,159,82,274,,True,0.0
871,32.929519,-117.173477,2611.8,51.4,2.96,159,81,274,,True,1.7
872,32.929505,-117.173504,2614.8,51.4,3.04,159,81,274,,True,0.0
873,32.92949,-117.173528,2618.1,51.4,3.04,159,81,273,,True,-1.6
874,32.929468,-117.173557,2621.3,51.4,3.02,159,82,273,,True,-3.2
875,32.929454,-117.173578,2624.1,51.2,3.1,159,82,273,,True,-3.4
876,32.929434,-117.1736,2627.2,51.0,3.08,159,82,272,,True,-5.2
877,32.929414,-117.173622,2630.0,51.0,3.04,159,82,269,,True,-1.7
878,32.929399,-117.173644,2632.9,50.8,2.96,159,82,269,,True,0.0
879,32.929376,-117.173671,2636.0,51.0,2.94,159,82,268,,True,1.7
880,32.929356,-117.173692,2639.2,51.0,3.02,159,81,270,,True,3.3
881,32.929342,-117.173709,2641.8,51.2,2.92,159,81,270,,True,1.7
882,32.929321,-117.173739,2645.0,51.2,3.0,159,81,269,,True,0.0
883,32.929305,-117.173758,2647.5,51.2,2.92,158,81,269,,True,-1.7
884,32.929286,-117.173779,2650.7,51.0,2.94,159,81,269,,True,-3.7
885,32.929267,-117.173806,2653.6,51.0,2.88,159,81,270,,True,-3.7
886,32.92926,-117.173825,2655.7,50.8,2.78,159,81,271,,True,-1.9
887,32.929245,-117.173852,2658.3,50.8,2.66,159,81,271,,True,0.0
888,32.929236,-117.173885,2661.4,50.8,2.78,158,81,272,,True,1.8
889,32.929238,-117.173907,2664.0,51.0,2.66,159,81,272,,True,3.6
890,32.929234,-117.17394,2666.9,51.0,2.66,158,81,274,,True,3.8
891,32.929227,-117.173966,2669.3,51.2,2.72,158,81,275,,True,3.8
892,32.929224,-117.173988,2671.8,51.2,2.7,158,81,278,,True,4.0
893,32.929221,-117.174024,2674.4,51.4,2.6,158,81,279,,True,0.0
894,32.929218,-117.17405,2676.9,51.4,2.58,158,81,279,,True,-1.8
895,32.929218,-117.17408,2680.1,51.2,2.64,157,81,279,,True,-5.5
896,32.929225,-117.174113,2683.0,51.0,2.74,157,81,275,,True,-7.1
897,32.929225,-117.174136,2685.4,50.8,2.72,157,81,273,,True,-7.3
898,32.929218,-117.174164,2688.1,50.6,2.74,157,81,273,,True,-5.5
899,32.929213,-117.1742,2691.1,50.4,2.84,158,81,272,,True,-3.6
900,32.929208,-117.174224,2693.9,50.4,2.76,157,81,272,,True,-1.8
901,32.929201,-117.174251,2696.5,50.4,2.7,157,81,275,,True,0.0
902,32.929196,-117.174288,2699.5,50.4,2.82,157,80,274,,True,0.0
903,32.929195,-117.174307,2701.9,50.4,2.76,157,80,274,,True,0.0
904,32.929189,-117.174335,2704.5,50.4,2.68,157,80,274,,True,0.0
905,32.92918,-117.174366,2707.1,50.4,2.64,157,81,270,,True,1.8
906,32.929181,-117.174392,2709.8,50.4,2.66,157,81,270,,True,1.7
907,32.929171,-117.174425,2713.0,50.6,2.7,157,81,270,,True,1.8
908,32.929166,-117.174457,2716.1,50.6,2.84,157,81,271,,True,0.0
909,32.929171,-117.174477,2718.1,50.6,2.72,157,81,270,,True,-1.9
910,32.929164,-117.174507,2720.8,50.4,2.74,157,80,269,,True,-1.6
911,32.92916,-117.174536,2723.3,50.4,2.7,157,80,270,,True,-1.9
912,32.929163,-117.174556,2725.6,50.4,2.52,157,80,269,,True,0.0
913,32.929153,-117.174588,2728.6,50.4,2.5,156,80,269,,True,3.2
914,32.929152,-117.174615,2731.0,50.4,2.58,157,80,268,,True,3.9
915,32.929157,-117.174635,2733.2,50.6,2.48,157,80,268,,True,4.9
916,32.929155,-117.174667,2735.8,50.8,2.5,157,80,268,,True,6.3
917,32.929153,-117.174694,2738.4,51.0,2.56,156,80,269,,True,5.7
918,32.929158,-117.174719,2740.9,51.0,2.46,156,80,271,,True,3.9
919,32.929161,-117.174751,2743.7,51.2,2.54,156,81,273,,True,3.9
920,32.929152,-117.174777,2746.1,51.2,2.58,156,80,274,,True,1.8
921,32.929148,-117.174801,2748.7,51.4,2.58,157,80,276,,True,1.9
922,32.929143,-117.174839,2751.8,51.2,2.68,156,80,278,,True,1.8
923,32.929145,-117.174862,2754.1,51.4,2.64,156,80,278,,True,0.0
924,32.929149,-117.17489,2757.0,51.4,2.66,156,81,279,,True,3.9
925,32.929156,-117.174924,2759.8,51.4,2.74,156,81,279,,True,1.9
926,32.929162,-117.174943,2762.1,51.6,2.68,156,81,277,,True,2.0
927,32.929168,-117.174964,2764.4,51.6,2.52,156,80,276,,True,1.7
928,32.929173,-117.174998,2767.2,51.6,2.62,156,80,274,,True,0.0
929,32.929176,-117.175015,2769.2,51.6,2.44,156,80,273,,True,0.0
930,32.929177,-117.175043,2771.9,51.6,2.42,156,80,274,,True,1.6
931,32.929174,-117.175078,2774.9,51.6,2.56,156,79,276,,True,1.9
932,32.929171,-117.1751,2777.0,51.8,2.52,156,79,277,,True,3.8
933,32.929172,-117.175127,2779.9,51.8,2.54,156,80,279,,True,5.0
934,32.929165,-117.175158,2782.5,52.0,2.66,156,80,280,,True,3.2
935,32.929161,-117.175175,2784.3,52.0,2.48,156,80,287,,True,3.3
936,32.929157,-117.175197,2786.8,52.2,2.38,156,80,291,,True,3.4
937,32.92914,-117.175225,2789.6,52.2,2.52,156,80,290,,True,4.0
938,32.929127,-117.175244,2791.9,52.2,2.4,156,80,292,,True,0.0
939,32.929118,-117.175265,2794.3,52.4,2.36,155,79,294,,True,0.0
940,32.929103,-117.175292,2797.2,52.2,2.58,156,78,295,,True,0.0
941,32.929088,-117.175311,2799.7,52.2,2.58,156,78,295,,True,0.0
942,32.929075,-117.175329,2802.1,52.2,2.5,156,78,298,,True,1.9
943,32.92905,-117.175353,2805.3,52.4,2.68,156,78,297,,True,2.0
944,32.929038,-117.175369,2807.5,52.4,2.64,156,79,294,,True,1.9
945,32.929026,-117.175388,2809.8,52.4,2.52,155,80,292,,True,0.0
946,32.929005,-117.175413,2812.9,52.4,2.64,156,80,290,,True,0.0
947,32.928994,-117.175428,2814.8,52.4,2.54,156,80,288,,True,0.0
948,32.928979,-117.175446,2817.5,52.4,2.44,156,81,286,,True,-1.6
949,32.928957,-117.175473,2820.5,52.4,2.6,156,81,280,,True,-1.9
950,32.928941,-117.175486,2822.8,52.4,2.6,156,81,273,,True,-3.7
951,32.928927,-117.175505,2825.5,52.2,2.52,156,81,269,,True,-5.9
952,32.928906,-117.175531,2828.4,52.0,2.72,156,80,264,,True,-5.8
953,32.928897,-117.175549,2830.7,51.8,2.64,156,80,262,,True,-3.8
954,32.928881,-117.175568,2833.1,51.8,2.52,156,80,260,,True,-1.6
955,32.92886,-117.175591,2835.9,51.8,2.62,155,81,256,,True,0.0
956,32.928849,-117.175608,2838.1,51.8,2.52,155,81,254,,True,0.0
957,32.928831,-117.17563,2840.9,51.8,2.5,155,81,252,,True,0.0
958,32.928815,-117.175655,2843.6,51.8,2.58,155,81,251,,True,1.8
959,32.928809,-117.175674,2845.9,51.8,2.56,154,81,250,,True,3.6
960,32.92879,-117.175704,2849.0,52.0,2.62,154,81,251,,True,5.5
961,32.928778,-117.175729,2851.9,52.2,2.76,154,81,251,,True,6.8
962,32.92877,-117.175751,2854.6,52.4,2.74,154,81,255,,True,5.2
963,32.928754,-117.175781,2857.6,52.6,2.8,154,81,256,,True,3.7
964,32.928737,-117.175804,2860.6,52.6,2.94,154,81,256,,True,0.0
965,32.928732,-117.175821,2862.7,52.6,2.74,154,81,256,,True,-2.0
966,32.928722,-117.175854,2865.4,52.4,2.7,154,81,255,,True,-4.7
967,32.928713,-117.175875,2867.7,52.4,2.62,154,80,254,,True,-5.7
968,32.928701,-117.175897,2870.3,52.2,2.54,154,80,253,,True,-4.0
969,32.928688,-117.175926,2873.3,52.0,2.54,154,80,252,,True,-3.8
970,32.928676,-117.175946,2875.4,52.0,2.54,154,80,251,,True,-3.8
971,32.928662,-117.175966,2878.1,52.0,2.54,155,81,251,,True,-2.0
972,32.928645,-117.175994,2880.9,51.8,2.64,154,80,250,,True,-3.7
973,32.928634,-117.176016,2883.4,51.8,2.62,154,80,250,,True,-5.3
974,32.92862,-117.176036,2886.1,51.6,2.56,154,80,249,,True,-3.5
975,32.928595,-117.176062,2889.4,51.4,2.8,154,80,248,,True,-5.1
976,32.92858,-117.176082,2892.2,51.4,2.82,154,80,246,,True,-3.3
977,32.928558,-117.176099,2895.1,51.2,2.84,155,80,248,,True,-3.4
978,32.928533,-117.176121,2898.3,51.2,2.98,154,80,245,,True,-4.9
979,32.928514,-117.176139,2901.3,51.0,3.04,154,80,245,,True,-4.8
980,32.928488,-117.176156,2904.5,50.8,3.02,154,80,245,,True,-4.8
981,32.928461,-117.176172,2907.7,50.6,3.1,155,80,244,,True,-3.1
982,32.92844,-117.17619,2910.8,50.6,3.14,155,80,245,,True,-3.1
983,32.928413,-117.176219,2914.2,50.6,3.18,156,81,246,,True,-1.6
984,32.928395,-117.17624,2917.3,50.4,3.2,157,81,244,,True,0.0
985,32.928373,-117.176258,2920.4,50.4,3.18,158,81,246,,True,-1.6
986,32.928346,-117.176278,2923.7,50.6,3.2,159,81,246,,True,0.0
987,32.928328,-117.176299,2926.6,50.4,3.16,159,81,244,,True,0.0
988,32.928307,-117.176321,2929.9,50.4,3.14,159,81,255,,True,-1.7
989,32.928289,-117.176346,2932.7,50.4,3.08,159,81,256,,True,-1.8
990,32.928278,-117.17637,2935.3,50.4,2.98,160,81,259,,True,0.0
991,32.928265,-117.176397,2937.8,50.2,2.82,159,82,261,,True,0.0
992,32.928251,-117.176428,2940.8,50.4,2.84,159,82,250,,True,-1.7
993,32.928244,-117.176456,2943.9,50.4,2.8,159,82,252,,True,-1.7
994,32.928236,-117.176486,2946.9,50.2,2.84,160,82,252,,True,-5.0
995,32.928231,-117.176519,2949.8,50.0,2.9,159,81,255,,True,-6.6
996,32.928225,-117.176547,2952.8,49.8,3.0,159,81,258,,True,-6.9
997,32.928214,-117.176582,2956.0,49.6,3.04,159,81,259,,True,-6.7
998,32.92821,-117.176604,2958.5,49.4,2.92,160,81,258,,True,-5.1
999,32.928194,-117.176634,2961.7,49.2,2.96,159,82,255,,True,-1.8
1000,32.928186,-117.176664,2964.5,49.2,2.94,159,82,261,,True,0.0
1001,32.928185,-117.176688,2967.0,49.4,2.84,159,82,256,,True,3.7
1002,32.928183,-117.176723,2969.8,49.4,2.76,159,82,259,,True,7.8
1003,32.928178,-117.176749,2972.5,49.6,2.8,160,82,257,,True,5.7
1004,32.928176,-117.176771,2974.8,50.0,2.62,159,82,261,,True,9.8
1005,32.92817,-117.176805,2977.6,50.0,2.62,159,82,261,,True,11.9
1006,32.928168,-117.176824,2979.6,50.4,2.52,159,81,263,,True,10.1
1007,32.928157,-117.176844,2982.0,50.6,2.44,159,81,261,,True,12.3
1008,32.928141,-117.176865,2984.3,51.0,2.36,159,81,252,,True,8.0
1009,32.928124,-117.176881,2986.7,51.2,2.38,159,80,258,,True,7.9
1010,32.92811,-117.176894,2989.0,51.4,2.28,158,80,263,,True,3.8
1011,32.928085,-117.176919,2992.1,51.4,2.5,157,80,264,,True,1.9
1012,32.928071,-117.176939,2994.7,51.4,2.54,156,80,266,,True,-1.8
1013,32.928056,-117.176958,2997.4,51.4,2.62,156,80,273,,True,-1.9
1014,32.928035,-117.176979,3000.2,51.2,2.7,155,81,274,,True,-1.8
1015,32.928018,-117.176995,3002.6,51.2,2.72,155,81,276,,True,0.0
1016,32.927995,-117.177011,3005.6,51.2,2.7,156,81,279,,True,1.9
1017,32.927971,-117.177025,3008.3,51.4,2.72,156,80,280,,True,3.7
1018,32.927956,-117.177035,3010.6,51.4,2.64,156,81,282,,True,5.5
1019,32.927926,-117.177038,3013.5,51.6,2.66,157,81,282,,True,1.8
1020,32.927899,-117.177031,3016.5,51.8,2.78,157,81,281,,True,1.7
1021,32.927877,-117.17703,3019.2,51.6,2.72,157,81,278,,True,0.0
1022,32.927847,-117.177025,3022.3,51.6,2.8,157,82,281,,True,-3.4
1023,32.92782,-117.177016,3025.4,51.6,2.96,157,80,280,,True,-1.7
1024,32.927797,-117.177016,3028.3,51.4,2.96,158,80,285,,True,-3.3
1025,32.927768,-117.177001,3031.3,51.4,2.96,158,80,286,,True,-3.2
1026,32.927743,-117.176983,3034.5,51.2,3.06,158,79,282,,True,-3.1
1027,32.927719,-117.176972,3037.8,51.2,3.1,158,79,281,,True,-4.8
1028,32.927684,-117.176962,3041.4,51.0,3.2,158,80,277,,True,-4.9
1029,32.927662,-117.176957,3043.9,50.8,3.12,158,80,272,,True,-6.5
1030,32.927638,-117.176951,3046.8,50.6,3.1,158,81,270,,True,-6.8
1031,32.927605,-117.17694,3050.1,50.4,3.12,159,81,267,,True,-6.8
1032,32.927584,-117.176932,3053.2,50.2,3.08,158,81,264,,True,-5.0
1033,32.927562,-117.176924,3055.7,50.0,2.86,158,80,263,,True,-5.1
1034,32.927529,-117.176918,3058.9,50.0,3.0,158,80,261,,True,-5.4
1035,32.927506,-117.176917,3061.8,49.8,3.0,158,80,260,,True,-5.1
1036,32.927483,-117.176921,3064.3,49.6,2.84,158,80,260,,True,-7.2
1037,32.927454,-117.176935,3067.4,49.4,2.84,158,79,261,,True,-5.3
1038,32.927435,-117.176941,3070.0,49.2,2.86,158,79,261,,True,-5.1
1039,32.927411,-117.176947,3073.1,49.2,2.84,158,79,261,,True,-5.0
1040,32.927376,-117.176951,3076.0,49.0,2.84,158,79,260,,True,-3.1
1041,32.927349,-117.176956,3079.5,48.8,3.04,158,80,257,,True,-4.7
1042,32.927321,-117.17696,3082.8,48.8,3.08,158,80,254,,True,-4.8
1043,32.927288,-117.176975,3086.0,48.6,3.2,158,80,251,,True,-5.0
1044,32.927269,-117.176984,3088.5,48.4,3.08,157,80,248,,True,-6.9
1045,32.927242,-117.176997,3091.6,48.2,3.12,158,81,245,,True,-5.7
1046,32.927223,-117.177021,3094.4,48.0,2.98,157,81,243,,True,-3.7
1047,32.927215,-117.177038,3096.6,48.0,2.76,157,81,241,,True,-1.9
1048,32.927198,-117.177065,3099.4,48.0,2.68,157,81,242,,True,0.0
1049,32.927174,-117.177082,3102.3,48.0,2.76,158,82,241,,True,1.8
1050,32.927163,-117.177101,3104.7,48.0,2.62,157,82,242,,True,3.7
1051,32.927156,-117.177141,3107.9,48.2,2.7,157,82,246,,True,3.8
1052,32.927152,-117.177164,3110.3,48.4,2.74,157,82,248,,True,3.7
1053,32.927142,-117.177187,3112.8,48.4,2.68,157,81,252,,True,1.8
1054,32.927122,-117.177213,3115.5,48.4,2.64,157,81,253,,True,-1.7
1055,32.92711,-117.177248,3118.9,48.4,2.84,157,81,253,,True,-3.5
1056,32.927102,-117.177273,3121.8,48.2,2.78,157,81,254,,True,-18.8
1057,32.927094,-117.177298,3124.1,48.0,2.76,157,81,254,,True,-15.5
1058,32.927084,-117.1773,3125.1,47.8,2.46,157,81,255,,True,-10.5
1164,32.927081,-117.177287,3125.1,46.6,0.009,124,0,0,,False,-5.2
1165,32.927084,-117.177273,3125.8,46.8,0.007,124,52,21,,False,-3.3
1166,32.927091,-117.177242,3127.9,47.0,0.026,124,0,94,,True,-1.8
1167,32.927098,-117.177216,3130.3,47.2,0.048,123,0,76,,True,7.7
1168,32.927105,-117.177189,3133.3,47.6,0.075,123,0,76,,True,7.2
1169,32.927116,-117.177161,3136.2,47.6,0.075,122,79,77,,True,5.3
1170,32.927123,-117.177132,3139.0,47.8,2.64,122,79,293,,True,0.0
1171,32.92713,-117.177103,3141.6,47.8,2.74,122,79,300,,True,0.0
1172,32.927146,-117.177067,3145.2,47.6,2.98,124,79,309,,True,-3.1
1173,32.927162,-117.177047,3148.2,47.6,2.98,125,79,319,,True,-1.4
1174,32.927186,-117.17701,3151.9,47.4,3.14,126,79,331,,True,0.0
1175,32.927199,-117.176977,3155.6,47.6,3.32,127,79,350,,True,1.4
1176,32.927224,-117.176956,3159.2,47.6,3.52,127,79,394,,True,2.8
1177,32.927255,-117.176935,3162.9,47.8,3.54,128,87,387,,True,1.4
1178,32.927277,-117.176918,3166.2,47.8,3.6,128,87,387,,True,2.7
1179,32.927316,-117.176906,3170.2,47.8,3.66,129,87,390,,True,0.0
1180,32.927348,-117.176913,3174.0,48.0,3.68,130,86,392,,True,1.3
1181,32.927383,-117.176918,3178.0,47.8,3.76,131,86,397,,True,2.7
1182,32.927415,-117.176914,3181.3,48.0,3.68,131,86,406,,True,1.4
1183,32.927441,-117.176904,3184.8,48.2,3.72,132,86,409,,True,4.5
1184,32.927475,-117.176891,3188.3,48.2,3.62,133,86,403,,True,4.4
1185,32.927496,-117.176882,3191.2,48.4,3.44,134,85,395,,True,4.6
1186,32.927532,-117.176879,3194.9,48.6,3.38,135,85,390,,True,6.2
1187,32.92756,-117.176886,3197.9,48.8,3.32,137,85,385,,True,6.0
1188,32.927585,-117.176891,3201.2,49.0,3.28,138,84,389,,True,6.6
1189,32.927619,-117.176899,3204.6,49.2,3.26,139,84,390,,True,6.7
1190,32.927637,-117.176896,3207.1,49.4,3.18,140,84,389,,True,6.7
1191,32.927661,-117.1769,3209.9,49.6,3.0,142,84,389,,True,7.3
1192,32.927689,-117.176919,3213.1,49.8,3.04,143,83,392,,True,6.8
1193,32.927708,-117.176927,3215.6,50.0,2.88,144,83,392,,True,5.1
1194,32.927739,-117.176941,3218.9,50.2,2.86,145,83,393,,True,5.3
1195,32.927758,-117.176948,3221.6,50.2,2.9,146,83,381,,True,5.0
1196,32.927785,-117.176961,3224.5,50.4,2.92,147,83,379,,True,5.2
1197,32.927813,-117.176977,3227.5,50.6,2.88,148,83,372,,True,6.8
1198,32.927832,-117.176983,3230.4,50.8,2.96,149,83,373,,True,7.1
1199,32.927864,-117.176988,3233.4,51.0,2.9,150,83,372,,True,7.3
1200,32.927883,-117.17699,3235.8,51.2,2.84,151,84,369,,True,7.5
1201,32.927905,-117.176998,3238.4,51.4,2.78,152,84,366,,True,6.3
1202,32.927932,-117.177001,3241.0,51.6,2.7,153,84,359,,True,5.8
1203,32.927949,-117.176991,3243.3,51.8,2.58,154,84,353,,True,5.7
1204,32.927978,-117.176974,3246.1,51.8,2.54,155,83,350,,True,3.5
1205,32.927999,-117.176957,3249.0,52.0,2.64,156,83,343,,True,1.6
1206,32.928021,-117.176935,3252.3,52.0,2.78,157,83,338,,True,0.0
1207,32.928046,-117.176908,3255.9,52.0,2.98,158,82,337,,True,-1.6
1208,32.928067,-117.176891,3258.8,51.8,3.1,158,82,345,,True,-1.5
1209,32.92809,-117.176869,3261.9,51.8,3.16,159,82,346,,True,-3.2
1210,32.928118,-117.176847,3265.4,51.8,3.28,160,82,341,,True,-1.5
1211,32.928134,-117.176825,3268.5,51.6,3.24,161,82,332,,True,-1.6
1212,32.928159,-117.176796,3272.2,51.6,3.26,162,82,321,,True,-3.4
1213,32.928171,-117.176773,3274.7,51.6,3.18,164,82,323,,True,-3.3
1214,32.928176,-117.176749,3277.1,51.4,3.04,164,82,306,,True,-5.2
1215,32.928184,-117.176707,3280.6,51.2,3.04,165,82,290,,True,-8.0
1216,32.928187,-117.176678,3283.8,51.0,3.06,165,81,278,,True,-7.6
1217,32.928199,-117.176644,3287.2,50.6,3.0,166,81,270,,True,-6.2
1218,32.928208,-117.176611,3290.2,50.4,3.1,166,81,270,,True,-6.1
1219,32.928214,-117.176582,3293.5,50.4,3.28,166,82,272,,True,-1.6
1220,32.928226,-117.176543,3296.9,50.2,3.26,166,83,274,,True,0.0
1221,32.92823,-117.176519,3299.4,50.4,3.12,166,84,272,,True,0.0
1222,32.928234,-117.176489,3302.2,50.4,3.0,167,84,268,,True,3.7
1223,32.928239,-117.176455,3305.3,50.4,3.02,166,84,262,,True,3.5
1224,32.928238,-117.176429,3307.8,50.6,2.86,166,85,260,,True,5.3
1225,32.928247,-117.176388,3310.9,50.8,2.8,167,85,260,,True,5.4
1226,32.928249,-117.176366,3313.5,51.0,2.82,166,84,259,,True,5.1
1227,32.928262,-117.176339,3316.5,51.0,2.86,166,84,258,,True,3.5
1228,32.928278,-117.17631,3319.5,51.2,2.84,167,83,257,,True,3.3
1229,32.928289,-117.176288,3322.3,51.2,2.9,166,83,258,,True,3.4
1230,32.928317,-117.176259,3325.8,51.4,2.98,166,83,259,,True,1.7
1231,32.928331,-117.176245,3328.2,51.4,2.94,166,82,261,,True,3.3
1232,32.928348,-117.176225,3331.0,51.4,2.9,166,82,262,,True,1.8
1233,32.928375,-117.176196,3334.3,51.6,2.96,166,82,262,,True,1.6
1234,32.92839,-117.176177,3337.2,51.6,2.98,166,82,263,,True,1.5
1235,32.928416,-117.176153,3340.8,51.6,3.0,166,82,266,,True,0.0
1236,32.928441,-117.176136,3344.1,51.6,3.18,166,82,268,,True,1.5
1237,32.928456,-117.176119,3346.8,51.6,3.16,166,82,272,,True,1.6
1238,32.928487,-117.17609,3350.3,51.8,3.2,166,83,273,,True,3.4
1239,32.928503,-117.176076,3353.1,51.8,3.18,166,83,276,,True,3.3
1240,32.92852,-117.176059,3356.0,52.0,3.04,166,82,280,,True,3.6
1241,32.928548,-117.176036,3358.9,52.0,2.96,166,82,281,,True,3.4
1242,32.928562,-117.176023,3361.4,52.2,2.92,166,82,282,,True,1.7
1243,32.928586,-117.176001,3364.7,52.2,2.88,166,82,284,,True,1.8
1244,32.928607,-117.17598,3367.6,52.2,2.9,166,82,285,,True,1.7
1245,32.928617,-117.175961,3369.9,52.2,2.78,166,82,287,,True,1.8
1246,32.928635,-117.175928,3373.3,52.4,2.88,166,81,289,,True,1.9
1247,32.928649,-117.175911,3375.7,52.4,2.86,167,82,287,,True,3.5
1248,32.92866,-117.17589,3378.2,52.4,2.7,166,82,288,,True,1.9
1249,32.928679,-117.175855,3381.4,52.6,2.76,166,82,290,,True,3.5
1250,32.928685,-117.175831,3384.0,52.6,2.82,167,82,289,,True,3.4
1251,32.9287,-117.175801,3387.2,52.8,2.78,167,81,290,,True,1.7
1252,32.928715,-117.175772,3390.1,52.8,2.88,167,81,291,,True,3.2
1253,32.928724,-117.175747,3393.0,52.8,2.96,167,81,297,,True,1.7
1254,32.928742,-117.175712,3396.4,53.0,3.0,167,82,301,,True,1.6
1255,32.928751,-117.175686,3399.3,53.0,3.06,167,83,302,,True,1.6
1256,32.928767,-117.175656,3402.6,53.0,3.08,167,83,303,,True,0.0
1257,32.928785,-117.175627,3405.8,53.0,3.14,168,83,303,,True,0.0
1258,32.928794,-117.175599,3408.9,53.0,3.18,168,84,304,,True,0.0
1259,32.928817,-117.175565,3412.5,53.0,3.22,168,83,307,,True,0.0
1260,32.928828,-117.175543,3415.3,53.0,3.2,168,83,305,,True,0.0
1261,32.928842,-117.175521,3418.0,53.0,3.08,169,83,307,,True,0.0
1262,32.928861,-117.17549,3421.2,53.0,3.08,169,82,308,,True,1.7
1263,32.928875,-117.175468,3423.9,53.0,3.0,169,82,308,,True,1.6
1264,32.928897,-117.175442,3427.3,53.2,2.96,169,82,305,,True,1.7
1265,32.928916,-117.17542,3430.3,53.2,3.0,170,82,302,,True,1.6
1266,32.928932,-117.175402,3433.1,53.2,3.02,170,82,302,,True,0.0
1267,32.928956,-117.17537,3436.5,53.2,3.06,170,82,301,,True,0.0
1268,32.928971,-117.175356,3439.0,53.2,3.02,170,82,297,,True,0.0
1269,32.92899,-117.175334,3442.1,53.2,2.96,170,82,294,,True,0.0
1270,32.929013,-117.175313,3444.9,53.2,2.92,170,82,292,,True,0.0
1271,32.929023,-117.175293,3447.4,53.2,2.86,171,82,289,,True,0.0
1272,32.929046,-117.175271,3450.6,53.2,2.82,171,82,285,,True,0.0
1273,32.929065,-117.175258,3452.9,53.2,2.78,171,82,283,,True,0.0
1274,32.92908,-117.175237,3455.5,53.2,2.68,170,82,279,,True,0.0
1275,32.929098,-117.175202,3458.7,53.2,2.76,171,82,275,,True,0.0
1276,32.929104,-117.17518,3461.3,53.2,2.78,171,82,271,,True,-1.8
1277,32.929115,-117.175156,3463.7,53.2,2.62,170,82,270,,True,-1.9
1278,32.929126,-117.175122,3466.8,53.0,2.78,170,82,269,,True,-3.6
1279,32.929129,-117.175097,3469.4,53.0,2.78,170,82,266,,True,-3.4
1280,32.929137,-117.175062,3472.5,52.8,2.76,171,82,262,,True,-1.7
1281,32.929141,-117.175032,3475.6,52.8,2.86,170,82,260,,True,-1.7
1282,32.929142,-117.175006,3478.3,52.8,2.92,170,82,258,,True,0.0
1283,32.929138,-117.174964,3481.5,52.8,2.94,170,82,257,,True,-1.7
1284,32.929133,-117.174937,3484.4,52.8,3.0,170,82,256,,True,-1.6
1285,32.92913,-117.174906,3487.2,52.6,2.94,170,82,256,,True,-3.4
1286,32.929124,-117.174869,3490.6,52.6,3.0,170,82,255,,True,-3.2
1287,32.929116,-117.174842,3493.4,52.4,3.02,170,82,255,,True,-3.1
1288,32.929117,-117.174802,3496.8,52.4,3.06,170,82,252,,True,-5.0
1289,32.929114,-117.174774,3500.0,52.2,3.12,170,82,252,,True,-3.2
1290,32.929114,-117.174745,3502.7,52.0,3.1,170,83,252,,True,-3.4
1291,32.929116,-117.174706,3505.8,52.0,3.04,170,83,251,,True,-1.8
1292,32.929114,-117.174681,3508.5,52.0,3.02,170,83,251,,True,-1.7
1293,32.929119,-117.17465,3511.4,52.0,2.92,171,82,250,,True,-1.7
1294,32.929126,-117.174617,3514.6,51.8,2.92,170,82,248,,True,-1.6
1295,32.929126,-117.174591,3517.3,51.8,2.92,170,82,250,,True,-1.6
1296,32.929131,-117.174551,3520.7,51.8,2.98,170,82,250,,True,0.0
1297,32.929136,-117.17452,3523.8,51.8,3.06,169,82,249,,True,0.0
1298,32.929144,-117.174492,3526.7,51.8,3.06,169,82,249,,True,-1.7
1299,32.929153,-117.174458,3529.9,51.8,3.06,169,82,247,,True,-1.6
1300,32.929155,-117.174429,3532.7,51.6,3.08,169,82,246,,True,-1.6
1301,32.929159,-117.174392,3536.2,51.6,3.1,169,83,243,,True,-3.3
1302,32.929163,-117.174361,3539.2,51.6,3.08,169,84,240,,True,0.0
1303,32.929168,-117.17433,3542.1,51.4,3.08,169,83,241,,True,0.0
1304,32.929178,-117.174301,3545.0,51.6,3.02,168,83,242,,True,0.0
1305,32.929179,-117.174278,3547.2,51.6,2.9,168,83,243,,True,0.0
1306,32.929186,-117.174237,3550.3,51.6,2.82,168,82,245,,True,-1.8
1307,32.929187,-117.174208,3553.4,51.4,2.84,168,82,242,,True,-1.6
1308,32.929188,-117.17418,3556.2,51.4,2.82,168,82,244,,True,-1.6
1309,32.929197,-117.17414,3559.6,51.4,2.92,168,82,245,,True,0.0
1310,32.929197,-117.174115,3562.5,51.4,3.06,169,83,245,,True,0.0
1311,32.929201,-117.174085,3565.1,51.4,2.96,169,81,246,,True,0.0
1312,32.929202,-117.174053,3568.1,51.4,2.94,170,81,248,,True,0.0
1313,32.929199,-117.174026,3570.7,51.4,2.9,170,81,250,,True,1.7
1314,32.929203,-117.173985,3574.0,51.4,2.88,170,82,250,,True,1.7
1315,32.929207,-117.173957,3577.1,51.6,2.92,170,82,250,,True,1.6
1316,32.929218,-117.173929,3580.2,51.6,3.02,169,82,251,,True,1.7
1317,32.929223,-117.173898,3583.2,51.6,3.02,169,82,252,,True,0.0
1318,32.929225,-117.173874,3585.5,51.6,2.96,169,83,254,,True,0.0
1319,32.929233,-117.173839,3588.3,51.6,2.86,169,83,254,,True,0.0
1320,32.929243,-117.173817,3590.9,51.6,2.76,169,83,253,,True,0.0
1321,32.929256,-117.173791,3593.7,51.6,2.7,169,83,253,,True,0.0
1322,32.929274,-117.173763,3596.7,51.6,2.7,169,83,252,,True,0.0
1323,32.929287,-117.173741,3599.3,51.6,2.76,168,83,253,,True,0.0
1324,32.92931,-117.173711,3602.8,51.6,2.9,169,83,253,,True,0.0
1325,32.929329,-117.173691,3605.9,51.6,3.0,169,83,253,,True,0.0
1326,32.929345,-117.173671,3608.9,51.6,3.04,169,83,256,,True,0.0
1327,32.929369,-117.173642,3612.1,51.6,3.08,168,83,257,,True,1.6
1328,32.929384,-117.17362,3614.9,51.6,3.12,169,83,257,,True,1.7
1329,32.929404,-117.1736,3618.3,51.8,3.1,169,83,259,,True,1.8
1330,32.929424,-117.173578,3620.9,51.8,3.0,168,83,261,,True,1.7
1331,32.929438,-117.173559,3623.5,51.8,2.92,168,83,262,,True,0.0
1332,32.92946,-117.173529,3626.8,51.8,2.94,168,82,264,,True,0.0
1333,32.929472,-117.173511,3629.3,51.8,2.88,168,82,265,,True,0.0
1334,32.929483,-117.17349,3631.9,51.8,2.72,168,82,266,,True,0.0
1335,32.929501,-117.173463,3634.6,51.8,2.74,169,82,267,,True,0.0
1336,32.929509,-117.173441,3637.1,51.8,2.72,168,82,266,,True,1.8
1337,32.929528,-117.173412,3640.2,51.8,2.68,168,83,266,,True,1.9
1338,32.929542,-117.173391,3642.9,52.0,2.72,168,83,268,,True,1.8
1339,32.92955,-117.173369,3645.3,52.0,2.68,168,83,269,,True,1.9
1340,32.929564,-117.173337,3648.2,52.0,2.72,168,83,269,,True,0.0
1341,32.929574,-117.173315,3650.8,52.0,2.74,168,83,267,,True,0.0
1342,32.929586,-117.173291,3653.5,52.0,2.66,168,83,267,,True,0.0
1343,32.929603,-117.173262,3656.5,52.0,2.72,168,83,266,,True,0.0
1344,32.929607,-117.173242,3658.6,52.0,2.66,168,82,266,,True,0.0
1345,32.929621,-117.173215,3661.4,52.0,2.64,168,82,267,,True,1.9
1346,32.929636,-117.173189,3664.2,52.0,2.68,168,82,267,,True,1.7
1347,32.929643,-117.173164,3667.0,52.2,2.7,168,82,266,,True,1.7
1348,32.929658,-117.173127,3670.3,52.2,2.76,168,82,266,,True,3.5
1349,32.929667,-117.173107,3672.9,52.2,2.86,168,82,266,,True,1.7
1350,32.92968,-117.173083,3675.6,52.4,2.84,168,82,267,,True,1.7
1351,32.929697,-117.173047,3679.0,52.4,2.96,168,82,269,,True,1.7
1352,32.929708,-117.173022,3682.1,52.4,3.02,168,82,269,,True,0.0
1353,32.929721,-117.172989,3684.9,52.4,2.92,167,82,267,,True,0.0
1354,32.929737,-117.172968,3687.8,52.4,2.98,168,83,269,,True,1.8
1355,32.92975,-117.172948,3690.3,52.4,2.94,167,83,270,,True,3.6
1356,32.929768,-117.172918,3693.3,52.6,2.86,167,83,271,,True,3.6
1357,32.929786,-117.172905,3696.0,52.8,2.78,167,83,272,,True,5.1
1358,32.929805,-117.172889,3698.8,52.8,2.78,167,83,277,,True,3.6
1359,32.929828,-117.172861,3702.0,53.0,2.84,167,83,283,,True,1.8
1360,32.929839,-117.172845,3704.3,53.0,2.8,168,82,286,,True,1.8
1361,32.929856,-117.172824,3707.0,53.0,2.74,167,81,287,,True,0.0
1362,32.929878,-117.172802,3709.8,53.0,2.76,167,81,287,,True,1.8
1363,32.929889,-117.172783,3712.3,53.0,2.7,167,81,288,,True,1.8
1364,32.929911,-117.172757,3715.4,53.2,2.68,167,81,287,,True,1.8
1365,32.92993,-117.172737,3718.2,53.2,2.78,168,81,287,,True,1.7
1366,32.929945,-117.172714,3721.2,53.2,2.84,167,81,287,,True,0.0
1367,32.929964,-117.172691,3724.1,53.2,2.86,167,81,287,,True,1.8
1368,32.929973,-117.172671,3726.5,53.2,2.84,167,82,286,,True,1.8
1369,32.929988,-117.172648,3729.4,53.4,2.8,168,82,285,,True,2.0
1370,32.930006,-117.172626,3732.1,53.4,2.78,168,82,283,,True,0.0
1371,32.930013,-117.172606,3734.2,53.4,2.6,168,82,280,,True,-1.9
1372,32.930019,-117.172577,3736.9,53.2,2.56,168,82,278,,True,-1.6
1373,32.930033,-117.172549,3739.7,53.2,2.64,168,82,275,,True,-1.9
1374,32.930044,-117.172529,3742.0,53.2,2.52,168,82,273,,True,-1.9
1375,32.930064,-117.172503,3745.0,53.2,2.58,169,82,270,,True,-1.9
1376,32.930078,-117.172482,3747.6,53.0,2.68,169,82,262,,True,-1.8
1377,32.930088,-117.172459,3750.4,53.0,2.7,169,82,257,,True,-1.8
1378,32.930104,-117.17243,3753.3,53.0,2.72,169,83,256,,True,0.0
1379,32.930116,-117.172404,3756.3,53.0,2.86,168,83,254,,True,0.0
1380,32.930129,-117.172381,3758.8,53.0,2.76,169,83,252,,True,-1.8
1381,32.930145,-117.172352,3761.6,53.0,2.8,169,82,250,,True,-1.8
1382,32.930153,-117.172327,3764.4,52.8,2.8,169,82,249,,True,-1.7
1383,32.930164,-117.172295,3767.4,52.8,2.82,168,82,247,,True,-3.4
1384,32.930175,-117.172266,3770.3,52.8,2.8,168,83,245,,True,-1.6
1385,32.930182,-117.172233,3773.2,52.6,2.88,168,83,243,,True,-1.6
1386,32.930199,-117.172196,3776.9,52.6,3.06,168,82,243,,True,-1.5
1387,32.930209,-117.172168,3780.1,52.6,3.14,168,82,242,,True,0.0
1388,32.930224,-117.172132,3783.8,52.6,3.28,168,82,245,,True,0.0
1389,32.930238,-117.1721,3786.9,52.6,3.32,168,82,245,,True,0.0
1390,32.930244,-117.17207,3790.2,52.6,3.4,168,82,246,,True,0.0
1391,32.930256,-117.172034,3793.8,52.6,3.38,168,82,248,,True,-1.6
1392,32.930262,-117.172006,3796.4,52.6,3.26,167,82,246,,True,-1.6
1393,32.930265,-117.171976,3799.4,52.4,3.12,167,83,246,,True,-1.7
1394,32.930268,-117.171939,3802.6,52.4,3.14,167,83,247,,True,0.0
1395,32.930263,-117.171911,3805.5,52.4,3.06,167,83,247,,True,1.6
1396,32.930266,-117.171872,3808.8,52.6,3.0,167,82,248,,True,3.2
1397,32.930266,-117.171842,3811.9,52.6,3.1,168,83,248,,True,3.1
1398,32.930265,-117.171811,3815.0,52.8,3.12,167,84,249,,True,1.7
1399,32.93027,-117.171774,3818.5,52.8,3.18,167,84,250,,True,1.8
1400,32.93027,-117.171752,3820.8,52.8,3.06,167,84,251,,True,0.0
1401,32.930273,-117.171722,3823.3,52.8,2.9,167,83,253,,True,-1.9
1402,32.930279,-117.171688,3826.5,52.8,2.92,167,82,253,,True,-1.7
1403,32.930283,-117.17166,3829.2,52.6,2.84,167,82,254,,True,-1.7
1404,32.930291,-117.171622,3832.4,52.6,2.78,167,82,253,,True,-1.7
1405,32.930299,-117.1716,3835.1,52.6,2.86,167,82,254,,True,0.0
1406,32.930307,-117.171571,3838.1,52.6,2.96,167,82,254,,True,0.0
1407,32.930317,-117.171536,3841.1,52.6,2.92,167,82,254,,True,0.0
1408,32.930318,-117.17151,3844.0,52.6,2.96,167,82,254,,True,1.8
1409,32.930328,-117.171479,3847.1,52.6,2.94,167,83,253,,True,1.8
1410,32.930342,-117.171456,3849.4,52.8,2.86,166,83,253,,True,1.7
1411,32.930353,-117.17143,3852.4,52.8,2.86,167,83,254,,True,3.6
1412,32.930371,-117.171399,3855.5,52.8,2.88,167,82,256,,True,1.7
1413,32.930384,-117.171379,3858.3,53.0,2.86,166,82,257,,True,3.3
1414,32.930398,-117.171353,3861.4,53.0,2.86,167,82,257,,True,1.7
1415,32.930418,-117.17132,3864.6,53.2,3.04,167,82,259,,True,0.0
1416,32.930424,-117.171297,3867.3,53.0,2.98,167,82,260,,True,0.0
1417,32.930438,-117.171272,3869.9,53.0,2.88,167,82,263,,True,0.0
1418,32.930453,-117.171244,3872.9,53.0,2.92,166,82,265,,True,1.7
1419,32.930459,-117.171221,3875.5,53.2,2.82,167,82,266,,True,3.4
1420,32.930475,-117.171185,3878.8,53.2,2.84,166,82,267,,True,3.4
1421,32.930491,-117.171163,3881.7,53.4,2.88,166,82,268,,True,1.6
1422,32.930506,-117.171137,3884.8,53.4,2.98,166,81,270,,True,0.0
1423,32.930522,-117.171102,3888.1,53.4,3.04,167,81,273,,True,-1.6
1424,32.930529,-117.17108,3890.8,53.2,3.06,166,81,272,,True,-1.7
1425,32.930545,-117.171048,3894.1,53.2,3.06,166,83,270,,True,-1.8
1426,32.930557,-117.171025,3896.6,53.2,2.98,167,83,270,,True,0.0
1427,32.930563,-117.171,3899.1,53.2,2.86,166,83,271,,True,1.8
1428,32.93057,-117.170958,3902.6,53.2,2.9,166,83,272,,True,1.8
1429,32.930575,-117.170937,3905.1,53.4,2.86,167,83,272,,True,1.7
1430,32.930588,-117.170912,3907.8,53.4,2.74,166,83,271,,True,1.9
1431,32.930619,-117.170897,3910.8,53.4,2.84,166,83,271,,True,0.0
1432,32.930635,-117.170883,3913.2,53.4,2.82,166,83,270,,True,0.0
1433,32.930658,-117.170866,3916.4,53.4,2.76,167,82,271,,True,0.0
1434,32.930686,-117.170846,3919.6,53.4,2.9,166,82,270,,True,0.0
1435,32.930707,-117.170834,3922.4,53.4,2.92,167,82,271,,True,0.0
1436,32.930731,-117.170836,3925.0,53.4,2.84,167,81,272,,True,1.9
1437,32.930754,-117.170832,3927.3,53.4,2.82,167,81,274,,True,3.8
1438,32.930779,-117.170821,3930.4,53.6,2.8,167,81,275,,True,3.8
1439,32.930794,-117.170794,3932.9,53.8,2.66,167,81,274,,True,3.6
1440,32.930803,-117.170772,3935.4,53.8,2.6,167,82,273,,True,1.8
1441,32.930819,-117.170743,3938.4,53.8,2.68,168,82,272,,True,-1.8
1442,32.930841,-117.170725,3941.4,53.8,2.82,168,82,271,,True,-3.4
1443,32.930858,-117.170707,3944.2,53.6,2.76,168,82,270,,True,-3.6
1444,32.930878,-117.170681,3947.1,53.4,2.84,168,82,268,,True,-3.7
1445,32.93089,-117.170663,3949.4,53.4,2.8,169,83,265,,True,-1.9
1446,32.930898,-117.170638,3952.1,53.4,2.74,169,83,264,,True,0.0
1447,32.930905,-117.170606,3954.6,53.4,2.64,169,83,262,,True,0.0
1448,32.930904,-117.170586,3956.9,53.4,2.54,169,83,260,,True,0.0
1449,32.930919,-117.170558,3959.5,53.4,2.48,169,82,260,,True,0.0
1450,32.930933,-117.170533,3962.5,53.4,2.62,169,82,259,,True,1.8
1451,32.930946,-117.170515,3965.1,53.4,2.6,169,82,258,,True,1.8
1452,32.930965,-117.170483,3968.1,53.6,2.7,170,82,258,,True,0.0
1453,32.930984,-117.170469,3970.9,53.6,2.8,169,83,255,,True,0.0
1454,32.931002,-117.170447,3973.4,53.4,2.78,169,83,253,,True,-1.8
1455,32.931024,-117.170426,3976.5,53.4,2.8,169,83,253,,True,-1.8
1456,32.931039,-117.170406,3979.1,53.4,2.8,169,83,252,,True,0.0
1457,32.931056,-117.170378,3982.0,53.4,2.78,169,83,252,,True,1.8
1458,32.931067,-117.170353,3984.9,53.4,2.8,169,83,252,,True,1.7
1459,32.931081,-117.170331,3987.6,53.6,2.84,170,83,253,,True,3.6
1460,32.931101,-117.1703,3990.7,53.6,2.84,169,83,254,,True,3.4
1461,32.931107,-117.170277,3993.2,53.8,2.82,169,83,255,,True,3.3
1462,32.931128,-117.170247,3996.6,53.8,2.92,170,82,255,,True,3.4
1463,32.93115,-117.17023,3999.6,54.0,2.94,170,82,259,,True,3.2
1464,32.931165,-117.170213,4002.4,54.0,2.96,170,82,261,,True,3.5
1465,32.931189,-117.170183,4005.8,54.2,3.02,170,83,261,,True,1.9
1466,32.9312,-117.170169,4007.9,54.2,2.94,169,82,264,,True,1.9
1467,32.931213,-117.170152,4010.3,54.2,2.74,169,82,263,,True,-1.6
1468,32.931232,-117.170125,4013.0,54.2,2.68,169,82,265,,True,-1.9
1469,32.931246,-117.170111,4015.2,54.2,2.56,170,82,265,,True,-1.8
1470,32.931267,-117.170084,4018.2,54.0,2.48,170,82,264,,True,-1.8
1471,32.931285,-117.170057,4021.5,54.0,2.72,170,82,263,,True,-1.6
1472,32.931296,-117.170031,4024.3,54.0,2.8,169,81,263,,True,0.0
1473,32.931313,-117.169998,4027.6,54.0,2.92,170,82,263,,True,1.7
1474,32.931322,-117.169977,4030.1,54.0,2.98,170,82,262,,True,1.7
1475,32.931337,-117.169955,4033.1,54.2,2.98,169,82,261,,True,0.0
1476,32.931357,-117.169928,4035.9,54.2,2.88,170,82,261,,True,0.0
1477,32.931365,-117.16991,4038.2,54.0,2.78,170,82,260,,True,0.0
1478,32.931378,-117.169885,4041.0,54.0,2.68,170,82,260,,True,0.0
1479,32.931394,-117.169862,4043.6,54.2,2.7,170,82,259,,True,1.8
1480,32.931405,-117.169842,4046.1,54.2,2.6,170,82,260,,True,1.8
1481,32.931427,-117.169815,4049.3,54.2,2.68,170,82,259,,True,1.9
1482,32.931442,-117.169795,4052.0,54.2,2.76,170,81,259,,True,1.8
1483,32.931454,-117.169776,4054.4,54.4,2.68,170,81,259,,True,0.0
1484,32.931472,-117.16975,4057.0,54.4,2.68,171,81,261,,True,0.0
1485,32.931489,-117.16973,4059.9,54.2,2.76,171,81,260,,True,0.0
1486,32.931503,-117.16971,4062.3,54.2,2.6,171,81,259,,True,0.0
1487,32.931521,-117.169681,4065.5,54.4,2.7,171,81,259,,True,1.9
1488,32.931533,-117.169657,4068.2,54.4,2.76,171,81,259,,True,1.7
1489,32.931544,-117.169634,4070.7,54.4,2.74,171,80,259,,True,1.8
1490,32.931562,-117.169602,4073.8,54.4,2.78,171,80,260,,True,1.8
1491,32.931574,-117.16958,4076.7,54.6,2.88,171,80,260,,True,1.7
1492,32.931588,-117.169559,4079.4,54.6,2.78,171,80,261,,True,3.6
1493,32.931613,-117.169535,4082.4,54.6,2.84,171,80,263,,True,1.8
1494,32.931626,-117.169517,4085.0,54.8,2.86,171,81,264,,True,3.5
1495,32.931642,-117.169493,4088.1,54.8,2.86,171,81,266,,True,3.7
1496,32.931657,-117.169469,4090.8,55.0,2.82,171,81,266,,True,3.8
1497,32.931664,-117.169449,4093.1,55.0,2.74,170,81,269,,True,4.0
1498,32.931676,-117.169422,4095.5,55.2,2.62,171,81,270,,True,2.0
1499,32.93169,-117.169399,4098.2,55.2,2.64,171,81,268,,True,1.9
1500,32.931699,-117.169378,4100.8,55.2,2.54,171,81,268,,True,-1.9
1501,32.931715,-117.169348,4103.6,55.2,2.56,170,81,268,,True,-1.9
1502,32.931726,-117.169328,4106.1,55.0,2.6,171,81,267,,True,-1.9
1503,32.931737,-117.169306,4108.6,55.0,2.62,170,81,267,,True,-2.0
1504,32.931755,-117.169277,4111.4,55.0,2.64,170,81,267,,True,0.0
1505,32.931763,-117.169258,4113.6,55.0,2.56,170,82,267,,True,0.0
1506,32.931778,-117.169235,4116.5,55.0,2.58,170,82,266,,True,0.0
1507,32.931798,-117.169212,4119.4,55.0,2.66,171,82,265,,True,1.8
1508,32.931809,-117.169189,4122.3,55.0,2.74,170,82,268,,True,1.9
1509,32.931825,-117.169166,4124.9,55.2,2.7,170,81,269,,True,1.9
1510,32.931836,-117.169144,4127.2,55.2,2.72,170,81,267,,True,3.9
1511,32.931844,-117.169121,4129.7,55.2,2.64,171,81,269,,True,2.0
1512,32.93186,-117.169091,4132.5,55.4,2.62,170,81,270,,True,1.8
1513,32.931873,-117.169065,4135.1,55.4,2.56,170,81,265,,True,0.0
1514,32.931881,-117.169036,4138.2,55.4,2.66,170,81,262,,True,-1.7
1515,32.931896,-117.169003,4141.5,55.2,2.86,171,81,259,,True,-3.3
1516,32.931904,-117.16898,4144.3,55.2,2.92,170,81,257,,True,-3.3
1517,32.931918,-117.168949,4147.3,55.0,2.96,171,82,254,,True,-1.8
1518,32.931931,-117.168921,4150.3,55.0,3.04,171,82,252,,True,-1.7
1519,32.931942,-117.168901,4152.9,55.0,2.94,171,82,251,,True,0.0
1520,32.931961,-117.168871,4156.2,55.0,2.94,170,82,250,,True,0.0
1521,32.931976,-117.168849,4158.8,55.0,2.9,171,81,249,,True,0.0
1522,32.931986,-117.168831,4161.1,55.0,2.76,171,81,250,,True,0.0
1523,32.932009,-117.168805,4164.0,55.0,2.74,171,81,250,,True,0.0
1524,32.932022,-117.168785,4166.8,55.0,2.78,171,81,246,,True,0.0
1525,32.932037,-117.168767,4169.5,55.0,2.66,171,80,246,,True,0.0
1526,32.932058,-117.168749,4172.0,55.0,2.64,171,80,247,,True,1.6
1527,32.93207,-117.168735,4174.1,55.0,2.6,171,80,246,,True,1.6
1528,32.932088,-117.168713,4176.7,55.2,2.54,171,81,245,,True,1.5
1529,32.932111,-117.168697,4179.4,55.2,2.52,171,81,244,,True,1.8
1530,32.932122,-117.16868,4181.9,55.2,2.48,171,81,243,,True,1.8
1531,32.932149,-117.168661,4185.1,55.2,2.62,171,81,245,,True,1.9
1532,32.932168,-117.168647,4187.6,55.4,2.7,171,81,244,,True,1.7
1533,32.932181,-117.16863,4190.1,55.4,2.68,171,81,244,,True,1.8
1534,32.932205,-117.1686,4193.4,55.4,2.8,171,81,246,,True,0.0
1535,32.932227,-117.168589,4196.2,55.4,2.86,171,81,247,,True,0.0
1536,32.932246,-117.16857,4199.1,55.4,2.8,170,81,249,,True,0.0
1537,32.932273,-117.168535,4203.0,55.4,3.08,170,81,250,,True,0.0
1538,32.932287,-117.168513,4206.1,55.4,3.2,170,81,250,,True,1.5
1539,32.932317,-117.168492,4209.6,55.4,3.24,170,80,252,,True,1.6
1540,32.932338,-117.168472,4212.6,55.6,3.28,170,82,252,,True,3.2
1541,32.932356,-117.168453,4215.5,55.6,3.28,170,82,256,,True,3.4
1542,32.93238,-117.16843,4218.6,55.8,3.12,170,82,260,,True,3.6
1543,32.9324,-117.168419,4221.4,55.8,3.06,170,82,259,,True,3.5
1544,32.932413,-117.1684,4223.8,56.0,2.84,169,83,260,,True,0.0
1545,32.932437,-117.168376,4227.0,56.0,2.88,168,82,261,,True,0.0
1546,32.932451,-117.168365,4229.2,55.8,2.74,166,82,261,,True,-2.0
1547,32.932464,-117.168348,4231.4,55.8,2.56,165,82,261,,True,-1.6
1548,32.932487,-117.16833,4233.9,55.8,2.5,164,81,261,,True,0.0
1549,32.932502,-117.168314,4236.2,55.8,2.48,163,81,261,,True,1.9
1550,32.932522,-117.168294,4239.2,55.8,2.44,163,81,263,,True,3.6
1551,32.932543,-117.168274,4242.0,56.0,2.56,163,81,263,,True,5.2
1552,32.932562,-117.168259,4244.9,56.2,2.7,162,82,264,,True,5.4
1553,32.932584,-117.168237,4247.7,56.4,2.76,162,82,265,,True,3.6
1554,32.932598,-117.168216,4250.4,56.4,2.84,162,82,266,,True,1.9
1555,32.932612,-117.168196,4253.0,56.4,2.76,163,82,268,,True,0.0
1556,32.932634,-117.168173,4255.6,56.4,2.72,163,82,268,,True,-1.8
1557,32.932646,-117.168152,4258.3,56.4,2.68,163,82,269,,True,-1.7
1558,32.932667,-117.168127,4261.7,56.2,2.8,162,82,271,,True,0.0
1559,32.93269,-117.168106,4264.6,56.2,2.84,163,82,271,,True,0.0
1560,32.932702,-117.168086,4267.3,56.4,2.86,163,82,274,,True,1.7
1561,32.932725,-117.168058,4270.5,56.4,2.98,163,82,274,,True,1.7
1562,32.932745,-117.16804,4273.6,56.4,3.06,163,82,273,,True,0.0
1563,32.932762,-117.168025,4276.3,56.4,2.92,163,82,272,,True,0.0
1564,32.932787,-117.168,4279.3,56.4,2.94,163,82,273,,True,0.0
1565,32.932798,-117.167982,4281.9,56.4,2.92,163,82,273,,True,0.0
1566,32.932813,-117.16796,4284.3,56.4,2.76,163,82,273,,True,1.9
1567,32.932835,-117.167934,4287.2,56.4,2.72,163,83,272,,True,1.7
1568,32.932845,-117.167913,4290.0,56.6,2.74,164,82,273,,True,1.7
1569,32.932871,-117.167885,4293.4,56.6,2.82,164,82,273,,True,1.7
1570,32.932887,-117.167869,4296.0,56.6,2.82,164,82,273,,True,0.0
1571,32.932902,-117.167852,4299.0,56.6,2.94,164,81,275,,True,0.0
1572,32.932927,-117.167825,4302.1,56.6,2.98,164,81,276,,True,1.8
1573,32.93294,-117.167808,4304.3,56.6,2.86,164,81,274,,True,1.8
1574,32.93296,-117.167795,4307.1,56.8,2.74,164,81,273,,True,1.9
1575,32.932989,-117.167779,4310.1,56.8,2.82,164,81,273,,True,1.8
1576,32.933006,-117.167764,4312.6,56.8,2.72,164,80,273,,True,0.0
1577,32.933027,-117.167756,4315.5,56.8,2.68,164,80,272,,True,0.0
1578,32.933054,-117.16775,4318.1,56.8,2.76,164,80,272,,True,0.0
1579,32.933071,-117.167738,4320.4,56.8,2.66,164,80,270,,True,0.0
1580,32.933095,-117.16774,4323.4,56.8,2.66,164,81,268,,True,1.9
1581,32.933127,-117.167746,4326.5,56.8,2.78,164,81,268,,True,3.6
1582,32.933142,-117.167746,4328.8,57.0,2.66,164,81,271,,True,3.8
1583,32.933163,-117.167755,4331.5,57.2,2.68,165,81,273,,True,5.3
1584,32.933189,-117.167761,4334.0,57.2,2.72,164,81,273,,True,3.5
1585,32.933204,-117.167762,4335.9,57.2,2.5,164,80,272,,True,3.7
1586,32.933217,-117.167765,4337.9,57.4,2.28,164,80,275,,True,4.4
1587,32.933242,-117.167773,4340.2,57.4,2.28,164,80,276,,True,5.3
1588,32.93326,-117.167774,4342.2,57.6,2.14,164,80,278,,True,5.5
1589,32.933271,-117.167773,4343.1,57.6,1.82,165,80,278,,True,3.6
1590,32.933297,-117.167777,4345.3,57.8,1.88,164,80,278,,True,3.5
1591,32.933312,-117.167777,4346.8,57.8,1.78,165,80,279,,True,3.4
1592,32.933334,-117.167775,4349.1,57.8,1.78,165,80,273,,True,3.8
1593,32.933362,-117.167773,4351.7,57.8,1.9,165,80,258,,True,3.9
1594,32.93338,-117.167768,4354.0,58.0,2.18,165,80,259,,True,4.3
1595,32.933391,-117.167761,4355.8,58.2,2.1,165,80,261,,True,3.6
1596,32.933397,-117.167752,4357.0,58.2,2.04,165,80,258,,True,1.8
1597,32.933407,-117.16774,4358.3,58.2,1.84,165,80,245,,True,0.0
1598,32.933417,-117.167717,4360.1,58.2,1.68,166,80,228,,True,-1.7
1599,32.933426,-117.16769,4362.8,58.0,1.76,166,79,220,,True,-1.7
1600,32.93343,-117.167668,4364.7,58.0,1.78,166,79,220,,True,-1.6
1601,32.933432,-117.167637,4367.4,58.0,2.08,165,79,227,,True,0.0
1602,32.933426,-117.167604,4370.0,58.0,2.34,165,79,227,,True,0.0
1603,32.933425,-117.167574,4372.7,58.0,2.52,165,81,236,,True,0.0
1604,32.93343,-117.167532,4375.9,58.0,2.62,165,82,242,,True,-1.6
1605,32.933433,-117.167502,4378.7,58.0,2.8,165,82,244,,True,-1.6
1606,32.933445,-117.167466,4382.3,57.8,2.98,164,82,259,,True,-1.6
1607,32.933469,-117.16744,4385.6,57.8,3.12,164,83,255,,True,0.0
1608,32.933485,-117.16742,4388.8,57.8,3.22,164,83,272,,True,1.6
1609,32.933496,-117.16739,4391.8,58.0,3.18,164,83,276,,True,1.8
1610,32.933496,-117.167358,4394.5,58.0,3.16,165,83,267,,True,1.9
1611,32.9335,-117.167332,4396.8,58.0,2.9,165,83,263,,True,0.0
1612,32.933514,-117.167304,4399.6,58.0,2.8,165,82,250,,True,0.0
1613,32.933528,-117.167283,4402.2,58.0,2.68,165,82,241,,True,-1.9
1614,32.933544,-117.167265,4404.9,58.0,2.62,165,82,239,,True,-1.9
1615,32.933568,-117.167248,4407.5,57.8,2.6,164,81,238,,True,-2.0
1616,32.933588,-117.167238,4410.0,57.8,2.64,165,82,236,,True,-1.7
1617,32.933607,-117.16723,4412.4,57.8,2.56,165,82,233,,True,0.0
1618,32.93363,-117.167225,4414.6,57.8,2.48,165,82,231,,True,0.0
1619,32.933646,-117.167225,4416.4,57.8,2.3,164,81,228,,True,0.0
1620,32.933667,-117.167227,4418.8,57.8,2.26,165,80,224,,True,1.7
1621,32.933694,-117.167236,4421.0,57.8,2.2,164,80,216,,True,2.0
1622,32.933713,-117.167242,4423.8,57.8,2.28,164,80,215,,True,2.0
1623,32.933734,-117.167253,4426.6,58.0,2.4,164,80,216,,True,1.6
1624,32.933753,-117.167258,4428.8,58.0,2.48,164,81,221,,True,0.0
1625,32.933775,-117.167264,4430.9,58.0,2.42,164,81,225,,True,-1.7
1626,32.933801,-117.167269,4433.6,58.0,2.52,164,81,224,,True,-1.6
1627,32.933824,-117.167264,4436.0,57.8,2.44,164,81,222,,True,-1.9
1628,32.933843,-117.167248,4438.4,57.8,2.36,164,80,219,,True,-3.8
1629,32.933856,-117.16722,4441.2,57.8,2.48,164,80,218,,True,-3.5
1630,32.933871,-117.167197,4444.1,57.6,2.64,164,80,217,,True,-3.3
1631,32.933888,-117.167172,4447.5,57.4,2.78,163,80,220,,True,-5.1
1632,32.933908,-117.167145,4450.4,57.4,2.88,163,81,226,,True,-3.5
1633,32.93392,-117.167128,4452.9,57.2,2.9,163,81,239,,True,-1.9
1634,32.933933,-117.167108,4455.5,57.2,2.86,163,81,240,,True,0.0
1635,32.933946,-117.167081,4458.1,57.2,2.8,163,81,237,,True,2.0
1636,32.933958,-117.167064,4460.4,57.4,2.58,164,82,233,,True,1.7
1637,32.933979,-117.167047,4463.0,57.4,2.52,163,82,228,,True,1.6
1638,32.934001,-117.167039,4465.3,57.4,2.48,163,82,226,,True,0.0
1639,32.934019,-117.167036,4467.5,57.4,2.4,163,81,227,,True,1.6
1640,32.934047,-117.167031,4470.5,57.4,2.48,163,81,226,,True,1.6
1641,32.934069,-117.167021,4472.8,57.6,2.48,163,80,226,,True,1.9
1642,32.934088,-117.16701,4475.2,57.6,2.44,163,80,225,,True,0.0
1643,32.934114,-117.166994,4478.2,57.6,2.58,163,80,225,,True,-2.0
1644,32.93413,-117.166982,4480.6,57.4,2.62,163,80,224,,True,-3.8
1645,32.934141,-117.166959,4482.9,57.4,2.48,162,81,222,,True,-3.8
1646,32.934153,-117.166924,4485.8,57.2,2.6,162,81,222,,True,-1.7
1647,32.934159,-117.166896,4488.8,57.2,2.72,162,81,222,,True,-1.6
1648,32.934176,-117.166863,4492.5,57.2,2.86,162,81,222,,True,1.6
1649,32.934192,-117.166837,4495.5,57.2,2.98,162,81,224,,True,3.2
1650,32.934202,-117.166812,4498.5,57.4,3.12,161,81,229,,True,3.6
1651,32.934213,-117.166784,4501.2,57.6,3.08,161,82,231,,True,3.9
1652,32.934217,-117.16676,4503.5,57.6,2.94,161,82,232,,True,-1.6
1653,32.934217,-117.166736,4505.7,57.6,2.64,161,81,232,,True,-4.7
1654,32.934195,-117.166709,4508.4,57.4,2.58,162,81,231,,True,-5.8
1655,32.934176,-117.166691,4510.9,57.2,2.48,161,81,229,,True,-7.8
1656,32.934158,-117.166677,4513.9,57.0,2.54,161,80,230,,True,-3.4
1657,32.934143,-117.166656,4516.0,56.8,2.5,161,80,230,,True,0.0
1658,32.934132,-117.166637,4518.3,56.8,2.52,161,80,231,,True,1.9
1659,32.934132,-117.16662,4520.1,57.0,2.34,161,80,230,,True,5.5
1660,32.934147,-117.166596,4521.9,57.2,2.2,160,81,228,,True,5.3
1661,32.934162,-117.166583,4524.4,57.2,2.1,160,81,225,,True,3.4
1662,32.934178,-117.166565,4526.9,57.4,2.18,160,81,224,,True,0.0
1663,32.934184,-117.166532,4529.6,57.4,2.26,160,80,226,,True,0.0
1664,32.93418,-117.166508,4531.8,57.4,2.34,159,78,226,,True,-1.7
1665,32.934169,-117.16649,4534.1,57.2,2.44,159,78,226,,True,0.0
1666,32.934158,-117.166462,4536.3,57.2,2.38,159,78,224,,True,0.0
1667,32.93415,-117.166443,4538.5,57.2,2.32,159,79,224,,True,1.6
1668,32.934149,-117.166418,4540.9,57.4,2.26,159,81,220,,True,1.9
1669,32.934163,-117.166382,4544.0,57.4,2.44,159,81,218,,True,1.7
1670,32.934174,-117.166357,4547.0,57.4,2.58,159,81,218,,True,0.0
1671,32.93419,-117.166326,4550.3,57.4,2.8,158,80,223,,True,-1.6
1672,32.934207,-117.166299,4553.3,57.4,2.96,158,81,228,,True,-1.6
1673,32.934217,-117.166276,4556.2,57.2,3.06,158,81,235,,True,-1.7
1674,32.934235,-117.166243,4559.5,57.2,3.1,158,81,236,,True,-3.6
1675,32.934245,-117.166223,4562.0,57.2,3.0,158,82,237,,True,-1.8
1676,32.934253,-117.1662,4564.4,57.0,2.82,158,82,238,,True,-1.7
1677,32.934253,-117.166166,4567.1,57.0,2.76,158,82,236,,True,0.0
1678,32.934249,-117.166149,4569.0,57.0,2.56,157,82,234,,True,1.6
1679,32.934249,-117.166124,4571.5,57.0,2.4,157,82,234,,True,1.7
1680,32.93425,-117.166088,4574.2,57.2,2.44,157,81,232,,True,2.0
1681,32.934248,-117.166067,4576.6,57.2,2.44,157,81,232,,True,1.8
1682,32.934246,-117.166043,4579.0,57.2,2.38,157,81,232,,True,0.0
1683,32.934231,-117.166022,4580.9,57.2,2.38,157,81,232,,True,0.0
1684,32.934219,-117.166007,4582.7,57.2,2.24,157,80,232,,True,0.0
1685,32.934209,-117.165981,4585.2,57.2,2.2,157,80,230,,True,0.0
1686,32.934204,-117.165949,4588.1,57.2,2.3,157,80,228,,True,0.0
1687,32.934196,-117.165925,4590.9,57.2,2.38,157,80,229,,True,0.0
1688,32.934191,-117.165889,4594.1,57.2,2.64,158,81,230,,True,0.0
1689,32.934185,-117.165864,4596.9,57.2,2.84,157,81,231,,True,0.0
1690,32.934181,-117.16584,4599.3,57.2,2.82,157,81,234,,True,0.0
1691,32.93418,-117.165806,4602.0,57.2,2.78,158,81,234,,True,0.0
1692,32.934176,-117.165779,4604.6,57.2,2.74,158,81,232,,True,1.7
1693,32.934179,-117.165751,4607.6,57.2,2.7,158,81,233,,True,1.8
1694,32.934185,-117.165712,4610.8,57.4,2.78,157,82,232,,True,0.0
1695,32.934188,-117.16569,4613.3,57.4,2.8,158,82,232,,True,0.0
1696,32.934198,-117.165663,4616.3,57.2,2.86,158,81,234,,True,-1.9
1697,32.934202,-117.165628,4619.2,57.2,2.92,157,81,236,,True,-1.9
1698,32.934204,-117.165607,4621.5,57.2,2.78,158,80,237,,True,0.0
1699,32.93421,-117.165578,4624.1,57.2,2.66,158,80,236,,True,0.0
1700,32.934219,-117.165547,4627.0,57.2,2.74,157,81,235,,True,1.8
1701,32.934225,-117.165523,4629.5,57.2,2.64,158,81,236,,True,1.7
1702,32.934235,-117.165484,4632.8,57.4,2.72,158,81,236,,True,1.8
1703,32.934243,-117.165459,4635.7,57.4,2.84,157,81,237,,True,1.7
1704,32.934252,-117.165436,4638.1,57.4,2.8,158,81,239,,True,0.0
1705,32.934272,-117.165408,4641.1,57.4,2.82,158,81,239,,True,0.0
1706,32.934288,-117.165397,4643.5,57.4,2.8,157,81,239,,True,0.0
1707,32.93431,-117.165383,4646.6,57.4,2.76,158,81,237,,True,0.0
1708,32.934334,-117.16536,4649.2,57.4,2.7,157,80,241,,True,0.0
1709,32.934343,-117.165339,4651.5,57.4,2.68,158,80,242,,True,0.0
1710,32.934363,-117.16532,4654.5,57.4,2.68,158,80,242,,True,1.8
1711,32.934388,-117.165298,4657.4,57.4,2.78,158,81,243,,True,1.6
1712,32.934406,-117.165278,4660.5,57.6,2.78,158,81,242,,True,1.7
1713,32.934421,-117.165249,4663.9,57.6,2.94,158,81,244,,True,3.6
1714,32.934427,-117.165226,4666.2,57.6,2.94,158,81,246,,True,1.9
1715,32.934431,-117.1652,4668.5,57.8,2.8,158,82,248,,True,0.0
1716,32.934435,-117.165165,4671.3,57.8,2.78,159,82,247,,True,-1.9
1717,32.934439,-117.16514,4674.0,57.6,2.7,159,82,245,,True,-3.5
1718,32.934448,-117.165109,4676.9,57.4,2.6,159,82,243,,True,-5.0
1719,32.934469,-117.165078,4680.0,57.4,2.76,159,82,241,,True,-3.2
1720,32.93448,-117.165055,4683.2,57.2,2.94,159,82,241,,True,0.0
1721,32.934499,-117.165024,4686.4,57.2,3.02,159,82,244,,True,0.0
1722,32.934516,-117.165006,4688.9,57.4,2.98,159,82,245,,True,3.6
1723,32.934531,-117.164989,4691.7,57.4,2.96,159,82,249,,True,6.5
1724,32.934555,-117.164977,4694.3,57.6,2.86,159,83,249,,True,6.6
1725,32.934572,-117.16497,4696.3,57.8,2.62,159,83,250,,True,7.0
1726,32.934587,-117.164956,4698.7,58.0,2.46,159,82,253,,True,7.2
1727,32.934605,-117.164933,4701.1,58.2,2.44,159,82,253,,True,7.0
1728,32.934614,-117.164914,4703.2,58.2,2.3,159,81,254,,True,5.3
1729,32.934619,-117.164894,4705.4,58.4,2.22,160,81,256,,True,5.2
1730,32.934628,-117.164866,4707.7,58.6,2.28,160,81,257,,True,5.1
1731,32.934633,-117.164844,4710.1,58.6,2.28,160,81,258,,True,3.5
1732,32.934644,-117.164819,4712.7,58.8,2.32,160,80,260,,True,3.4
1733,32.934651,-117.164794,4715.0,58.8,2.36,160,80,262,,True,3.5
1734,32.934653,-117.164775,4716.9,58.8,2.3,160,80,263,,True,1.8
1735,32.934651,-117.164746,4719.3,59.0,2.32,161,81,264,,True,1.7
1736,32.934649,-117.164721,4721.6,59.0,2.3,161,81,263,,True,2.0
1737,32.934645,-117.164696,4723.9,59.0,2.24,162,81,267,,True,0.0
1738,32.934638,-117.164657,4727.1,59.0,2.42,162,81,269,,True,0.0
1739,32.934633,-117.164634,4729.7,59.0,2.56,163,81,271,,True,0.0
1740,32.934634,-117.164605,4732.5,59.0,2.64,163,81,273,,True,-1.8
1741,32.934642,-117.164569,4735.6,59.0,2.8,163,81,275,,True,0.0
1742,32.934646,-117.164544,4738.3,58.8,2.88,164,81,275,,True,0.0
1743,32.934657,-117.164519,4741.0,59.0,2.78,164,81,274,,True,0.0
1744,32.934669,-117.164494,4743.5,59.0,2.76,165,82,275,,True,4.0
1745,32.934677,-117.164475,4745.9,59.0,2.68,165,82,276,,True,2.0
1746,32.934687,-117.164441,4748.4,59.2,2.56,165,82,275,,True,3.9
1747,32.934685,-117.164418,4751.1,59.2,2.56,166,82,272,,True,1.9
1748,32.934684,-117.164391,4753.7,59.4,2.54,166,81,272,,True,0.0
1749,32.934688,-117.164357,4756.3,59.2,2.56,166,81,270,,True,-1.8
1750,32.934691,-117.16433,4759.0,59.2,2.62,167,81,265,,True,-3.4
1751,32.934698,-117.164297,4762.3,59.0,2.78,167,81,259,,True,-1.6
1752,32.934709,-117.164263,4765.5,59.0,2.88,168,81,256,,True,-1.6
1753,32.934715,-117.164238,4768.5,59.0,2.96,168,81,255,,True,0.0
1754,32.934731,-117.164205,4771.6,59.0,3.06,168,81,253,,True,0.0
1755,32.934739,-117.164182,4774.2,59.0,3.04,169,82,251,,True,0.0
1756,32.934747,-117.164155,4777.0,59.0,2.94,169,82,251,,True,0.0
1757,32.934759,-117.164126,4779.7,59.0,2.84,169,82,249,,True,1.9
1758,32.934765,-117.164101,4782.2,59.0,2.74,169,82,247,,True,1.9
1759,32.934771,-117.164079,4784.7,59.2,2.62,170,82,247,,True,3.3
1760,32.934785,-117.164049,4787.5,59.2,2.66,170,81,247,,True,5.1
1761,32.934785,-117.164033,4789.5,59.4,2.5,170,81,249,,True,3.4
1762,32.934785,-117.16401,4791.8,59.4,2.42,170,81,251,,True,3.5
1763,32.934787,-117.163981,4794.0,59.6,2.36,170,81,250,,True,1.7
1764,32.934785,-117.163956,4796.4,59.6,2.34,170,80,251,,True,0.0
1765,32.934784,-117.16393,4799.0,59.6,2.3,171,80,250,,True,-2.0
1766,32.934784,-117.163899,4801.6,59.6,2.42,170,80,249,,True,-2.0
1767,32.934786,-117.163875,4804.0,59.4,2.44,170,81,247,,True,-4.0
1768,32.934788,-117.163848,4806.4,59.4,2.48,170,81,246,,True,-4.0
1769,32.934795,-117.163817,4809.0,59.2,2.52,171,81,244,,True,-1.9
1770,32.934796,-117.163793,4811.7,59.2,2.54,170,81,243,,True,-3.5
1771,32.934809,-117.16376,4814.4,59.2,2.56,170,81,240,,True,-1.8
1772,32.934816,-117.163732,4817.7,59.0,2.74,170,81,237,,True,-1.8
1773,32.934821,-117.16371,4820.1,59.0,2.74,170,81,236,,True,-3.6
1774,32.934826,-117.163676,4822.8,59.0,2.76,170,81,236,,True,-1.9
1775,32.934826,-117.163646,4825.5,58.8,2.76,170,81,235,,True,-3.3
1776,32.93483,-117.163615,4828.3,58.8,2.78,170,81,233,,True,-3.2
1777,32.934846,-117.163578,4832.2,58.6,2.9,170,81,231,,True,-3.1
1778,32.934855,-117.16355,4835.3,58.6,3.04,170,81,231,,True,-3.0
1779,32.934866,-117.163514,4838.5,58.4,3.14,170,81,231,,True,-1.7
1780,32.934874,-117.163486,4841.5,58.4,3.2,170,82,231,,True,-3.2
1781,32.934884,-117.163459,4844.1,58.4,3.16,170,82,230,,True,-1.6
1782,32.934904,-117.163423,4847.9,58.2,3.14,171,82,229,,True,-1.5
1783,32.934916,-117.163398,4850.9,58.2,3.12,170,82,228,,True,-1.4
1784,32.934935,-117.163363,4854.6,58.2,3.22,170,82,231,,True,0.0
1785,32.934946,-117.163331,4858.1,58.2,3.32,170,82,232,,True,0.0
1786,32.934955,-117.163307,4860.8,58.2,3.34,170,82,251,,True,1.6
1787,32.934971,-117.163269,4864.0,58.2,3.22,171,82,255,,True,1.6
1788,32.93498,-117.163239,4867.4,58.4,3.3,170,82,262,,True,1.6
1789,32.934988,-117.163211,4870.6,58.4,3.2,170,82,276,,True,1.7
1790,32.935001,-117.163179,4873.7,58.4,3.12,171,82,270,,True,0.0
1791,32.935005,-117.163156,4876.0,58.4,3.04,171,82,267,,True,0.0
1792,32.935014,-117.163128,4878.7,58.4,2.94,171,82,260,,True,0.0
1793,32.935023,-117.163097,4881.5,58.4,2.82,170,82,238,,True,0.0
1794,32.935027,-117.163072,4884.0,58.4,2.68,171,82,238,,True,0.0
1795,32.935038,-117.16304,4887.1,58.4,2.68,171,81,238,,True,0.0
1796,32.935051,-117.163011,4890.3,58.4,2.86,170,81,243,,True,0.0
1797,32.935062,-117.162992,4892.8,58.4,2.82,170,81,251,,True,0.0
1798,32.935085,-117.162962,4895.9,58.4,2.88,170,81,252,,True,1.9
1799,32.935093,-117.162947,4898.0,58.4,2.8,170,81,255,,True,1.8
1800,32.935113,-117.162926,4901.0,58.6,2.78,171,81,248,,True,1.9
1801,32.935135,-117.162904,4904.0,58.6,2.74,170,81,248,,True,3.7
1802,32.935144,-117.162884,4906.5,58.6,2.74,170,81,249,,True,1.9
1803,32.93516,-117.162864,4908.9,58.8,2.6,171,81,251,,True,1.7
1804,32.935175,-117.162841,4911.5,58.8,2.7,170,81,251,,True,1.7
1805,32.935181,-117.162822,4913.7,58.8,2.54,170,81,249,,True,1.7
1806,32.935196,-117.1628,4916.1,58.8,2.42,170,81,249,,True,1.7
1807,32.93521,-117.162778,4918.5,58.8,2.4,170,81,249,,True,1.7
1808,32.935216,-117.16276,4920.5,59.0,2.32,170,81,249,,True,1.7
1809,32.935232,-117.162733,4923.2,59.0,2.34,170,81,249,,True,1.7
1810,32.935243,-117.162713,4925.6,59.0,2.38,170,81,246,,True,0.0
1811,32.935245,-117.162689,4928.0,59.0,2.38,170,80,250,,True,0.0
1812,32.935255,-117.16266,4930.5,59.0,2.4,170,80,251,,True,1.9
1813,32.935264,-117.162635,4933.3,59.0,2.56,169,80,251,,True,1.9
1814,32.935269,-117.162612,4935.9,59.2,2.54,169,80,252,,True,1.9
1815,32.935276,-117.16258,4938.4,59.2,2.56,169,80,253,,True,1.6
1816,32.935285,-117.162559,4940.8,59.2,2.56,169,80,254,,True,0.0
1817,32.935286,-117.162537,4943.0,59.2,2.5,169,80,255,,True,0.0
1818,32.935292,-117.162502,4945.7,59.2,2.48,169,80,255,,True,0.0
1819,32.935294,-117.162482,4948.2,59.2,2.46,169,81,253,,True,0.0
1820,32.935298,-117.16246,4950.2,59.2,2.36,169,81,254,,True,0.0
1821,32.935304,-117.162431,4952.7,59.2,2.38,169,81,253,,True,0.0
1822,32.935311,-117.16241,4955.1,59.2,2.42,168,81,251,,True,0.0
1823,32.935315,-117.162389,4957.0,59.2,2.26,168,81,251,,True,1.6
1824,32.935326,-117.162354,4959.9,59.2,2.34,168,80,251,,True,3.1
1825,32.935329,-117.162335,4962.3,59.2,2.42,168,80,250,,True,3.7
1826,32.93534,-117.162308,4964.9,59.4,2.44,168,80,250,,True,3.8
1827,32.935354,-117.162278,4967.9,59.6,2.56,169,80,253,,True,3.8
1828,32.935353,-117.162255,4970.3,59.6,2.66,168,81,255,,True,1.9
1829,32.935357,-117.162227,4972.7,59.6,2.56,168,81,257,,True,0.0
1830,32.935361,-117.162194,4975.4,59.6,2.62,168,80,257,,True,-1.9
1831,32.935357,-117.162168,4978.3,59.6,2.68,167,81,256,,True,-1.7
1832,32.93536,-117.162137,4981.1,59.4,2.64,168,81,255,,True,-3.4
1833,32.935362,-117.162101,4984.4,59.4,2.82,168,81,253,,True,-3.4
1834,32.935361,-117.162076,4987.2,59.2,2.9,167,81,250,,True,-1.7
1835,32.935369,-117.162047,4989.9,59.2,2.9,167,80,250,,True,-3.6
1836,32.935381,-117.162018,4992.7,59.2,2.88,167,79,247,,True,-1.7
1837,32.935384,-117.161989,4995.4,59.0,2.86,167,79,246,,True,0.0
1838,32.935399,-117.161956,4998.9,59.0,2.9,168,79,244,,True,0.0
1839,32.935408,-117.161932,5001.6,59.2,2.88,167,80,241,,True,1.7
1840,32.935413,-117.161905,5004.3,59.2,2.88,167,80,245,,True,3.8
1841,32.935419,-117.161873,5007.0,59.2,2.86,168,80,244,,True,2.0
1842,32.935424,-117.16185,5009.4,59.4,2.8,167,81,244,,True,1.9
1843,32.935426,-117.161827,5011.8,59.4,2.58,167,81,243,,True,0.0
1844,32.93543,-117.16179,5014.6,59.4,2.6,167,81,241,,True,-1.5
1845,32.935436,-117.161768,5016.8,59.2,2.5,168,81,240,,True,-1.9
1846,32.935442,-117.161742,5019.3,59.2,2.46,167,81,240,,True,-1.9
1847,32.935454,-117.161707,5022.6,59.2,2.64,167,80,240,,True,0.0
1848,32.935462,-117.161685,5025.3,59.2,2.7,167,81,240,,True,1.7
1849,32.935472,-117.161654,5028.2,59.2,2.72,167,81,240,,True,1.9
1850,32.93548,-117.161627,5030.9,59.4,2.82,167,81,240,,True,1.9
1851,32.935482,-117.161603,5033.2,59.4,2.78,167,82,239,,True,1.8
1852,32.935491,-117.161572,5035.8,59.4,2.64,167,82,240,,True,0.0
1853,32.935502,-117.16154,5039.1,59.4,2.76,167,82,239,,True,0.0
1854,32.935508,-117.161519,5041.7,59.4,2.7,167,82,240,,True,0.0
1855,32.935522,-117.161491,5044.5,59.4,2.72,167,82,241,,True,1.9
1856,32.935537,-117.161469,5047.2,59.4,2.8,166,81,242,,True,1.9
1857,32.935548,-117.161451,5049.6,59.6,2.76,167,81,242,,True,1.8
1858,32.935567,-117.161424,5052.5,59.6,2.68,167,81,243,,True,1.8
1859,32.935585,-117.161402,5055.5,59.6,2.76,166,81,243,,True,0.0
1860,32.935597,-117.161384,5058.2,59.6,2.74,167,80,244,,True,0.0
1861,32.935614,-117.161354,5061.0,59.6,2.76,167,80,246,,True,0.0
1862,32.935626,-117.161333,5063.6,59.6,2.8,166,80,246,,True,0.0
1863,32.935636,-117.161311,5066.1,59.6,2.72,167,80,245,,True,-1.9
1864,32.935654,-117.161281,5069.1,59.6,2.72,167,80,245,,True,-1.9
1865,32.935662,-117.161263,5071.5,59.4,2.66,166,80,243,,True,-1.8
1866,32.935677,-117.161238,5074.0,59.4,2.6,167,80,242,,True,-2.0
1867,32.935698,-117.161216,5077.1,59.4,2.7,167,81,242,,True,0.0
1868,32.935707,-117.1612,5079.3,59.4,2.64,166,81,242,,True,1.9
1869,32.935727,-117.16118,5082.1,59.4,2.6,166,81,242,,True,1.6
1870,32.935749,-117.161165,5084.5,59.6,2.6,166,81,243,,True,2.0
1871,32.935761,-117.161149,5087.0,59.6,2.6,167,81,242,,True,3.7
1872,32.93577,-117.161125,5089.3,59.6,2.44,166,80,241,,True,0.0
1873,32.935769,-117.161098,5091.3,59.8,2.4,166,80,243,,True,2.1
1874,32.935766,-117.161079,5093.0,59.8,2.18,167,80,244,,True,1.6
1875,32.935762,-117.16106,5094.8,59.6,2.06,166,81,243,,True,1.6
1876,32.935758,-117.161029,5096.7,59.8,1.94,167,80,243,,True,0.0
1877,32.935758,-117.161005,5099.2,59.8,1.98,167,80,245,,True,3.3
1878,32.935762,-117.160978,5101.7,59.8,2.08,167,80,239,,True,1.9
1879,32.935773,-117.160951,5104.6,59.8,2.32,166,79,238,,True,1.9
1880,32.935778,-117.160929,5107.0,60.0,2.44,167,79,238,,True,2.0
1881,32.935789,-117.160905,5109.5,60.0,2.56,167,79,238,,True,3.5
1882,32.935798,-117.160882,5111.8,60.0,2.52,166,80,238,,True,1.8
1883,32.9358,-117.16086,5114.0,60.0,2.46,166,80,237,,True,1.9
1884,32.935808,-117.160839,5116.0,60.2,2.28,166,80,236,,True,1.8
1885,32.935818,-117.160816,5118.1,60.2,2.22,166,80,231,,True,1.7
1886,32.935821,-117.160795,5120.3,60.2,2.16,166,81,226,,True,1.6
1887,32.935831,-117.160766,5122.9,60.2,2.22,167,80,224,,True,1.9
1888,32.935844,-117.160742,5125.8,60.2,2.36,166,80,224,,True,1.9
1889,32.935854,-117.160719,5128.4,60.4,2.48,166,79,231,,True,1.7
1890,32.93586,-117.160697,5130.8,60.4,2.54,166,79,244,,True,1.7
1891,32.935864,-117.160672,5132.8,60.4,2.5,166,80,244,,True,0.0
1892,32.935869,-117.16065,5134.8,60.4,2.38,165,80,243,,True,0.0
1893,32.935879,-117.160624,5137.3,60.4,2.3,166,80,231,,True,1.7
1894,32.93589,-117.160598,5140.0,60.4,2.32,166,80,230,,True,2.0
1895,32.935894,-117.160575,5142.3,60.4,2.3,165,80,234,,True,2.0
1896,32.935902,-117.160546,5144.9,60.6,2.42,166,80,239,,True,0.0
1897,32.935909,-117.160524,5147.3,60.6,2.5,166,80,241,,True,0.0
1898,32.935915,-117.160499,5149.8,60.4,2.5,165,80,242,,True,-2.0
1899,32.935926,-117.160471,5152.6,60.4,2.52,166,80,243,,True,0.0
1900,32.935931,-117.160449,5155.1,60.4,2.56,166,80,240,,True,1.6
1901,32.935933,-117.160424,5157.2,60.6,2.46,166,80,245,,True,3.2
1902,32.93594,-117.160395,5159.6,60.6,2.46,166,80,246,,True,3.1
1903,32.935942,-117.16037,5162.3,60.6,2.5,165,81,242,,True,1.9
1904,32.935949,-117.160347,5165.0,60.8,2.48,166,81,242,,True,1.8
1905,32.935967,-117.160318,5167.9,60.8,2.56,166,81,243,,True,1.9
1906,32.93598,-117.160297,5170.5,60.8,2.66,166,81,242,,True,0.0
1907,32.93599,-117.160274,5173.1,60.8,2.7,166,81,245,,True,0.0
1908,32.936003,-117.160244,5175.8,60.8,2.7,166,81,247,,True,0.0
1909,32.936009,-117.160224,5178.4,60.8,2.68,166,80,246,,True,0.0
1910,32.936013,-117.160201,5180.5,60.8,2.52,166,80,245,,True,1.5
1911,32.936025,-117.160169,5183.0,60.8,2.5,166,80,244,,True,1.9
1912,32.936031,-117.160145,5185.7,60.8,2.52,167,79,242,,True,1.8
1913,32.936047,-117.160118,5188.8,61.0,2.6,167,79,242,,True,1.8
1914,32.936064,-117.160091,5191.9,61.0,2.7,167,79,241,,True,1.8
1915,32.936071,-117.160071,5194.3,61.0,2.76,167,80,242,,True,1.8
1916,32.936087,-117.160044,5197.0,61.0,2.8,167,80,245,,True,2.0
1917,32.936091,-117.16002,5199.7,61.2,2.8,168,81,246,,True,1.9
1918,32.936095,-117.159998,5202.0,61.2,2.64,168,81,245,,True,1.9
1919,32.936103,-117.159969,5204.6,61.2,2.54,168,81,244,,True,-1.8
1920,32.936111,-117.159943,5207.5,61.2,2.64,168,81,242,,True,-1.8
1921,32.936119,-117.159927,5209.6,61.2,2.52,167,81,241,,True,-1.9
1922,32.936128,-117.159905,5211.1,61.0,2.28,168,81,240,,True,0.0
1923,32.93614,-117.159883,5213.4,61.0,2.28,168,81,238,,True,0.0
1924,32.936152,-117.159866,5215.4,61.0,2.16,168,81,236,,True,3.4
1925,32.936171,-117.159847,5217.8,61.2,2.06,168,80,236,,True,3.3
1926,32.936187,-117.159831,5220.3,61.2,2.14,168,80,235,,True,4.0
1927,32.936205,-117.159811,5223.0,61.4,2.38,168,80,236,,True,3.5
1928,32.936221,-117.159793,5225.4,61.4,2.4,168,80,237,,True,3.7
1929,32.936231,-117.159776,5227.5,61.6,2.42,168,80,237,,True,4.0
1930,32.936235,-117.159758,5229.2,61.6,2.28,168,81,237,,True,4.3
1931,32.936238,-117.159733,5231.2,61.6,2.18,168,81,237,,True,5.2
1932,32.936235,-117.159716,5233.0,61.8,2.0,168,81,237,,True,3.5
1933,32.936233,-117.159695,5234.6,61.8,1.84,169,81,237,,True,3.2
1934,32.936235,-117.15967,5236.9,62.0,1.88,168,81,237,,True,1.8
1935,32.936237,-117.159648,5238.9,62.0,1.94,169,81,236,,True,3.4
1936,32.936237,-117.15962,5241.6,62.0,2.08,169,81,236,,True,1.7
1937,32.936236,-117.15959,5244.1,62.0,2.22,169,80,236,,True,2.0
1938,32.936232,-117.159569,5246.4,62.2,2.36,169,80,243,,True,1.7
1939,32.936227,-117.159542,5248.9,62.2,2.4,168,80,245,,True,0.0
1940,32.93622,-117.159515,5251.3,62.2,2.48,169,80,244,,True,-2.0
1941,32.936218,-117.159491,5253.7,62.2,2.42,169,80,243,,True,-3.7
1942,32.936212,-117.159457,5256.6,62.0,2.5,169,80,241,,True,-3.6
1943,32.936213,-117.159423,5259.7,61.8,2.66,169,79,236,,True,-5.5
1944,32.936214,-117.159401,5262.5,61.8,2.72,169,79,235,,True,-1.9
1945,32.936217,-117.159376,5264.7,61.6,2.68,169,79,234,,True,1.7
1946,32.936227,-117.15935,5267.0,61.8,2.66,169,80,234,,True,3.3
1947,32.936233,-117.159331,5269.4,61.8,2.56,168,80,237,,True,4.9
1948,32.936243,-117.15931,5271.7,62.0,2.4,169,80,237,,True,3.2
1949,32.936258,-117.159284,5274.6,62.2,2.42,169,80,236,,True,4.0
1950,32.936267,-117.159263,5276.9,62.2,2.44,169,79,237,,True,2.0
1951,32.936276,-117.159236,5279.4,62.2,2.48,168,79,238,,True,0.0
1952,32.936285,-117.15921,5281.9,62.2,2.5,169,79,237,,True,1.6
1953,32.936292,-117.159189,5284.4,62.2,2.54,169,79,239,,True,2.0
1954,32.9363,-117.159165,5286.7,62.2,2.42,168,80,238,,True,1.7
1955,32.936307,-117.159138,5289.5,62.4,2.52,168,80,237,,True,1.7
1956,32.936313,-117.159119,5291.7,62.4,2.46,168,80,240,,True,1.7
1957,32.936323,-117.159098,5293.8,62.4,2.38,168,79,242,,True,0.0
1958,32.936338,-117.159073,5296.5,62.4,2.42,168,79,241,,True,0.0
1959,32.936343,-117.159054,5298.5,62.4,2.36,168,80,238,,True,1.7
1960,32.93635,-117.159031,5300.6,62.4,2.22,169,80,237,,True,1.7
1961,32.936362,-117.158999,5303.3,62.4,2.32,169,80,237,,True,1.6
1962,32.936366,-117.158978,5305.6,62.6,2.36,169,79,236,,True,1.9
1963,32.936372,-117.158956,5308.0,62.6,2.3,169,79,237,,True,3.9
1964,32.936379,-117.158922,5310.9,62.6,2.48,169,79,238,,True,1.6
1965,32.936384,-117.158899,5313.5,62.8,2.58,168,78,237,,True,2.0
1966,32.936386,-117.15888,5315.5,62.8,2.44,169,78,239,,True,1.8
1967,32.936388,-117.15885,5318.0,62.8,2.48,168,78,240,,True,-1.9
1968,32.936391,-117.158828,5320.3,62.8,2.46,168,78,237,,True,-1.9
1969,32.936391,-117.15881,5322.0,62.8,2.22,168,78,234,,True,-2.0
1970,32.936393,-117.158782,5323.9,62.6,2.08,169,79,234,,True,-1.9
1971,32.9364,-117.158765,5325.9,62.6,2.08,169,79,229,,True,0.0
1972,32.936411,-117.158746,5328.1,62.6,2.02,169,79,227,,True,1.7
1973,32.936433,-117.158724,5330.9,62.6,2.12,169,79,226,,True,2.0
1974,32.936444,-117.158705,5333.3,62.8,2.26,169,80,223,,True,1.9
1975,32.936456,-117.158687,5335.9,62.8,2.4,169,80,222,,True,2.0
1976,32.936469,-117.158659,5338.4,62.8,2.5,169,80,222,,True,0.0
1977,32.936476,-117.158638,5340.9,62.8,2.56,169,80,221,,True,0.0
1978,32.936479,-117.158617,5342.6,62.8,2.34,169,80,220,,True,0.0
1979,32.936487,-117.158585,5345.1,62.8,2.36,168,80,220,,True,1.7
1980,32.936487,-117.158563,5347.4,62.8,2.3,169,80,219,,True,1.9
1981,32.936489,-117.158535,5350.2,62.8,2.36,168,80,219,,True,1.9
1982,32.936497,-117.158503,5352.9,63.0,2.4,168,80,219,,True,1.9
1983,32.936502,-117.158478,5355.5,63.0,2.58,168,79,219,,True,1.9
1984,32.936505,-117.158453,5358.2,63.0,2.62,169,79,220,,True,0.0
1985,32.936518,-117.158425,5360.9,63.0,2.7,168,79,220,,True,-2.0
1986,32.936524,-117.158405,5363.3,63.0,2.62,168,80,219,,True,-2.0
1987,32.936533,-117.158384,5365.5,62.8,2.52,168,80,218,,True,-4.0
1988,32.936545,-117.158355,5368.2,62.8,2.54,168,80,217,,True,-4.0
1989,32.936551,-117.15833,5371.0,62.6,2.56,168,80,215,,True,-1.9
1990,32.936563,-117.158307,5373.3,62.6,2.48,168,81,213,,True,-3.3
1991,32.936578,-117.158286,5375.8,62.6,2.5,168,81,213,,True,-1.7
1992,32.936585,-117.158268,5377.9,62.4,2.48,168,81,212,,True,-1.7
1993,32.936595,-117.158241,5380.5,62.4,2.46,168,81,212,,True,-1.7
1994,32.936607,-117.158217,5382.9,62.4,2.38,168,80,212,,True,0.0
1995,32.936609,-117.158198,5384.8,62.4,2.3,168,80,212,,True,0.0
1996,32.936623,-117.15817,5387.6,62.4,2.36,168,80,211,,True,0.0
1997,32.936634,-117.158144,5390.4,62.4,2.5,168,79,211,,True,-1.8
1998,32.93664,-117.158122,5392.9,62.4,2.48,168,80,210,,True,-1.8
1999,32.936657,-117.158088,5396.0,62.2,2.62,168,80,211,,True,-1.9
2000,32.936668,-117.158066,5398.9,62.2,2.82,167,80,210,,True,-1.9
2001,32.936675,-117.158044,5401.1,62.2,2.7,167,81,211,,True,0.0
2002,32.936689,-117.158017,5403.6,62.2,2.64,167,81,212,,True,-1.6
2003,32.936698,-117.157995,5406.1,62.2,2.64,167,80,211,,True,-2.0
2004,32.936703,-117.157973,5408.5,62.0,2.5,167,80,211,,True,-4.0
2005,32.936713,-117.157937,5411.3,62.0,2.48,166,80,210,,True,-3.9
2006,32.936723,-117.157919,5413.7,61.8,2.52,166,80,210,,True,0.0
2007,32.936733,-117.157895,5416.3,61.8,2.54,166,81,210,,True,0.0
2008,32.936759,-117.157866,5419.6,62.0,2.7,166,81,211,,True,1.7
2009,32.93678,-117.157854,5422.5,62.0,2.8,166,80,211,,True,1.6
2010,32.936803,-117.157843,5425.6,62.0,2.86,166,80,215,,True,0.0
2011,32.936827,-117.157822,5428.5,62.0,2.96,166,81,217,,True,0.0
2012,32.936843,-117.157809,5431.0,62.0,2.94,166,81,219,,True,1.9
2013,32.936857,-117.157791,5433.4,62.0,2.76,165,81,220,,True,0.0
2014,32.936878,-117.157769,5436.1,62.2,2.72,165,81,220,,True,0.0
2015,32.936887,-117.157751,5438.6,62.0,2.6,165,81,220,,True,0.0
2016,32.9369,-117.157731,5440.6,62.0,2.42,166,81,220,,True,-4.6
2017,32.936918,-117.157704,5443.6,62.0,2.52,165,80,221,,True,-3.8
2018,32.936927,-117.157683,5445.9,61.8,2.5,165,80,221,,True,-3.6
2019,32.936945,-117.157657,5449.1,61.6,2.6,165,80,220,,True,-3.9
2020,32.93696,-117.157636,5451.7,61.6,2.62,165,80,220,,True,-2.0
2021,32.936967,-117.157618,5453.8,61.6,2.64,165,80,221,,True,0.0
2022,32.936984,-117.157597,5456.0,61.6,2.48,166,80,221,,True,0.0
2023,32.936999,-117.157579,5458.6,61.6,2.54,165,81,220,,True,0.0
2024,32.937007,-117.157559,5461.0,61.6,2.38,165,81,220,,True,0.0
2025,32.937027,-117.157532,5463.9,61.6,2.44,165,81,219,,True,-2.0
2026,32.937038,-117.157511,5466.5,61.6,2.54,165,81,218,,True,-1.6
2027,32.937044,-117.15749,5468.6,61.4,2.52,165,80,220,,True,0.0
2028,32.937056,-117.157464,5470.9,61.4,2.46,165,80,220,,True,0.0
2029,32.937071,-117.157448,5473.2,61.4,2.44,165,80,219,,True,1.7
2030,32.937084,-117.157428,5475.9,61.6,2.4,165,81,218,,True,1.6
2031,32.937092,-117.1574,5478.2,61.6,2.34,165,81,218,,True,1.9
2032,32.937097,-117.157378,5480.6,61.6,2.4,165,81,219,,True,0.0
2033,32.937116,-117.157351,5483.5,61.6,2.52,165,82,219,,True,0.0
2034,32.937131,-117.157324,5486.5,61.6,2.66,164,82,219,,True,0.0
2035,32.937139,-117.157304,5488.8,61.6,2.58,164,82,219,,True,0.0
2036,32.93715,-117.157275,5491.4,61.6,2.64,164,82,221,,True,0.0
2037,32.937158,-117.15725,5494.0,61.6,2.68,165,81,222,,True,0.0
2038,32.937166,-117.157228,5496.3,61.6,2.56,164,81,222,,True,0.0
2039,32.937177,-117.157196,5499.1,61.6,2.52,164,81,222,,True,0.0
2040,32.937183,-117.157175,5501.5,61.6,2.54,164,81,222,,True,0.0
2041,32.937192,-117.157152,5504.3,61.6,2.58,164,81,223,,True,0.0
2042,32.937204,-117.157119,5507.0,61.6,2.6,164,81,225,,True,0.0
2043,32.93721,-117.157101,5509.3,61.6,2.6,164,81,225,,True,0.0
2044,32.937217,-117.157078,5511.6,61.6,2.5,164,81,225,,True,0.0
2045,32.937228,-117.157046,5514.5,61.6,2.6,164,81,225,,True,0.0
2046,32.937237,-117.157016,5517.6,61.6,2.66,164,80,226,,True,0.0
2047,32.937241,-117.156992,5520.3,61.6,2.66,163,80,227,,True,0.0
2048,32.937254,-117.156956,5523.5,61.6,2.84,163,79,228,,True,1.8
2049,32.937254,-117.156929,5526.2,61.6,2.92,163,79,229,,True,0.0
2050,32.937258,-117.156901,5528.9,61.8,2.88,163,80,230,,True,0.0
2051,32.937266,-117.156867,5531.8,61.6,2.84,163,80,232,,True,0.0
2052,32.937264,-117.156844,5534.2,61.6,2.78,164,81,232,,True,0.0
2053,32.937262,-117.15681,5537.0,61.6,2.7,163,81,233,,True,1.9
2054,32.93727,-117.156776,5539.7,61.8,2.7,163,81,233,,True,1.8
2055,32.93728,-117.156758,5542.3,61.8,2.68,163,81,235,,True,1.8
2056,32.937298,-117.156729,5545.2,61.8,2.68,163,82,234,,True,0.0
2057,32.937311,-117.156706,5547.9,61.8,2.74,163,82,233,,True,0.0
2058,32.937326,-117.156681,5551.0,61.8,2.8,163,81,235,,True,0.0
2059,32.937347,-117.156651,5554.3,61.8,2.92,163,81,236,,True,1.7
2060,32.937354,-117.156629,5557.0,61.8,2.94,163,81,239,,True,1.8
2061,32.937361,-117.156605,5559.4,62.0,2.84,163,81,245,,True,3.6
2062,32.937375,-117.15657,5562.4,62.0,2.9,163,81,246,,True,3.6
2063,32.937384,-117.156546,5565.4,62.2,2.88,163,81,247,,True,1.8
2064,32.937391,-117.156519,5568.0,62.2,2.74,163,81,248,,True,1.9
2065,32.937402,-117.156491,5570.7,62.2,2.74,163,80,251,,True,0.0
2066,32.937407,-117.156467,5573.2,62.2,2.76,163,80,253,,True,0.0
2067,32.937414,-117.156441,5575.8,62.2,2.68,163,80,253,,True,0.0
2068,32.937418,-117.156415,5578.2,62.2,2.56,162,80,253,,True,0.0
2069,32.937416,-117.156393,5580.4,62.4,2.48,162,80,254,,True,0.0
2070,32.937417,-117.156362,5582.9,62.2,2.44,163,80,253,,True,0.0
2071,32.937417,-117.156338,5585.3,62.2,2.42,163,80,252,,True,-2.0
2072,32.937417,-117.156314,5587.6,62.2,2.36,163,80,252,,True,0.0
2073,32.93742,-117.156277,5590.5,62.2,2.46,163,81,251,,True,0.0
2074,32.937417,-117.156256,5593.0,62.2,2.52,163,81,250,,True,0.0
2075,32.937418,-117.156232,5595.2,62.2,2.46,163,81,249,,True,0.0
2076,32.937419,-117.156191,5598.3,62.2,2.6,163,81,249,,True,0.0
2077,32.93742,-117.15617,5600.7,62.2,2.62,164,82,245,,True,0.0
2078,32.937421,-117.156143,5603.1,62.2,2.52,164,81,245,,True,0.0
2079,32.937431,-117.156104,5606.9,62.2,2.78,164,81,245,,True,0.0
2080,32.937429,-117.156085,5609.3,62.2,2.82,164,80,247,,True,0.0
2081,32.93743,-117.156066,5611.0,62.2,2.54,164,81,246,,True,0.0
2082,32.937439,-117.156029,5614.0,62.2,2.66,164,81,246,,True,0.0
2083,32.937445,-117.15601,5616.4,62.2,2.66,164,81,245,,True,0.0
2084,32.937459,-117.155986,5619.1,62.2,2.44,164,80,243,,True,0.0
2085,32.937475,-117.155951,5622.5,62.2,2.64,165,80,243,,True,0.0
2086,32.937479,-117.155931,5625.1,62.2,2.82,165,79,244,,True,1.9
2087,32.937485,-117.15591,5626.9,62.2,2.58,165,79,245,,True,1.9
2088,32.93749,-117.155881,5629.4,62.4,2.6,165,79,247,,True,2.0
2089,32.937492,-117.155865,5631.1,62.4,2.4,165,80,244,,True,0.0
2090,32.937497,-117.155845,5633.0,62.4,2.1,165,80,244,,True,-2.1
2091,32.937501,-117.15582,5635.2,62.4,2.02,164,80,241,,True,-3.4
2092,32.937499,-117.155806,5637.2,62.2,2.06,165,80,239,,True,-2.0
2093,32.937506,-117.155782,5639.0,62.2,1.92,165,80,239,,True,-2.0
2094,32.937514,-117.155756,5641.2,62.0,2.02,165,80,239,,True,0.0
2095,32.937507,-117.155738,5643.2,62.2,2.04,165,80,238,,True,3.8
2096,32.937503,-117.15572,5645.0,62.2,1.96,165,80,226,,True,7.4
2097,32.937501,-117.155689,5647.4,62.4,2.04,165,80,214,,True,5.2
2098,32.937494,-117.155672,5649.5,62.6,2.1,165,79,215,,True,5.0
2099,32.937494,-117.155645,5652.0,62.8,2.16,165,79,218,,True,3.3
2100,32.9375,-117.155614,5654.8,62.8,2.32,165,79,223,,True,1.6
2101,32.937494,-117.155593,5656.9,62.8,2.38,165,79,234,,True,0.0
2102,32.937491,-117.155567,5659.4,62.8,2.4,165,79,235,,True,0.0
2103,32.937485,-117.155536,5661.9,62.8,2.48,165,79,235,,True,0.0
2104,32.937474,-117.155517,5664.2,62.8,2.44,165,80,233,,True,-1.7
2105,32.937465,-117.155495,5666.6,62.8,2.36,166,80,231,,True,-1.7
2106,32.937463,-117.155462,5669.1,62.8,2.44,166,79,231,,True,-1.6
2107,32.93746,-117.155446,5671.0,62.6,2.32,166,79,230,,True,0.0
2108,32.937461,-117.15542,5673.6,62.6,2.34,166,79,229,,True,0.0
2109,32.937461,-117.155386,5676.4,62.6,2.44,166,79,226,,True,2.0
2110,32.937461,-117.155366,5678.6,62.8,2.4,166,80,226,,True,2.0
2111,32.937469,-117.155341,5681.1,62.8,2.4,166,80,228,,True,3.6
2112,32.937472,-117.155309,5683.8,62.8,2.56,166,80,229,,True,1.7
2113,32.937473,-117.155294,5685.6,63.0,2.4,166,80,230,,True,1.9
2114,32.937474,-117.155273,5687.5,63.0,2.22,166,80,230,,True,2.0
2115,32.937478,-117.155242,5690.1,63.0,2.3,166,80,229,,True,1.6
2116,32.937476,-117.155229,5691.9,63.0,2.16,167,80,227,,True,0.0
2117,32.937479,-117.15521,5693.6,63.0,1.96,166,79,227,,True,0.0
2118,32.937486,-117.155181,5696.0,63.0,2.08,166,79,221,,True,0.0
2119,32.937494,-117.155164,5698.2,63.0,2.14,167,79,217,,True,0.0
2120,32.937491,-117.155147,5700.0,63.0,1.98,167,79,217,,True,0.0
2121,32.937489,-117.15512,5701.6,63.0,1.94,167,79,217,,True,0.0
2122,32.937489,-117.155101,5703.7,63.0,2.02,167,79,212,,True,0.0
2123,32.937486,-117.155084,5705.6,63.0,1.92,167,79,208,,True,1.9
2124,32.937485,-117.155056,5707.6,63.0,1.88,167,79,210,,True,1.9
2125,32.937485,-117.155033,5710.0,63.0,2.0,167,79,209,,True,1.8
2126,32.937482,-117.155014,5712.1,63.2,2.1,167,79,212,,True,3.5
2127,32.937487,-117.154986,5714.3,63.2,2.12,167,79,215,,True,3.7
2128,32.937495,-117.154961,5716.7,63.2,2.22,168,79,217,,True,1.8
2129,32.937496,-117.154942,5719.0,63.4,2.28,168,79,218,,True,1.8
2130,32.937501,-117.154919,5720.9,63.4,2.18,168,79,219,,True,1.8
2131,32.9375,-117.15489,5723.3,63.4,2.24,167,79,219,,True,-1.8
2132,32.937495,-117.15487,5725.5,63.4,2.24,167,79,218,,True,0.0
2133,32.937497,-117.154846,5727.9,63.4,2.24,167,79,216,,True,-1.7
2134,32.937501,-117.154817,5730.2,63.2,2.24,167,79,216,,True,-1.7
2135,32.937502,-117.154796,5732.6,63.4,2.34,167,79,215,,True,-1.8
2136,32.937512,-117.154774,5734.8,63.2,2.3,167,79,215,,True,0.0
2137,32.937517,-117.154746,5737.2,63.2,2.34,167,79,213,,True,-1.8
2138,32.937517,-117.154727,5739.2,63.2,2.26,167,79,213,,True,0.0
2139,32.93752,-117.154699,5741.5,63.2,2.26,167,79,213,,True,-1.9
2140,32.937524,-117.154673,5744.0,63.2,2.28,167,79,212,,True,-1.9
2141,32.937525,-117.154651,5746.3,63.2,2.3,167,80,209,,True,0.0
2142,32.937529,-117.154637,5747.7,63.0,2.1,167,80,208,,True,1.9
2143,32.937538,-117.154623,5749.5,63.0,2.06,168,80,206,,True,2.0
2144,32.937543,-117.154614,5750.5,63.2,1.8,167,80,205,,True,1.6
2145,32.937553,-117.154603,5751.8,63.4,1.56,167,80,204,,True,1.7
2146,32.937558,-117.154596,5752.7,63.4,1.28,167,45,202,,True,2.0
2147,32.937569,-117.154592,5753.9,63.4,1.24,167,45,106,,True,0.0
2148,32.937596,-117.154585,5756.5,63.4,1.4,167,45,104,,True,-1.7
2149,32.937621,-117.154581,5759.5,63.2,1.8,167,45,103,,True,-1.9
2150,32.937634,-117.154571,5761.9,63.2,2.02,167,45,107,,True,0.0
2151,32.937662,-117.154567,5764.6,63.2,2.38,167,45,108,,True,1.9
2152,32.937687,-117.154568,5767.3,63.4,2.68,166,79,231,,True,3.6
2153,32.93771,-117.154563,5770.2,63.4,2.74,167,79,228,,True,3.7
2154,32.937741,-117.154559,5773.0,63.6,2.7,167,79,232,,True,3.8
2155,32.937758,-117.154564,5775.4,63.6,2.7,167,79,242,,True,3.8
2156,32.937779,-117.154562,5777.9,63.8,2.66,167,80,235,,True,2.0
2157,32.937807,-117.154566,5780.6,63.8,2.66,168,81,219,,True,3.9
2158,32.937827,-117.154569,5783.1,63.8,2.58,168,81,220,,True,1.9
2159,32.937847,-117.154572,5785.6,64.0,2.52,168,81,223,,True,3.5
2160,32.937875,-117.154573,5788.3,64.0,2.58,168,81,227,,True,3.5
2161,32.937891,-117.154575,5790.4,64.2,2.5,168,80,230,,True,1.9
2162,32.937903,-117.154573,5792.1,64.2,2.3,168,80,232,,True,4.1
2163,32.93793,-117.154572,5794.4,64.2,2.26,168,80,227,,True,3.3
2164,32.937946,-117.154577,5796.4,64.2,2.16,168,80,220,,True,1.9
2165,32.937959,-117.154576,5798.1,64.4,1.96,169,79,223,,True,3.8
2166,32.937986,-117.154582,5800.5,64.4,2.02,169,79,222,,True,5.6
2167,32.938005,-117.154586,5802.9,64.4,2.16,169,79,221,,True,5.4
2168,32.93802,-117.154588,5804.8,64.6,2.08,168,79,224,,True,7.7
2169,32.938041,-117.15459,5807.2,64.8,2.16,169,79,233,,True,7.9
2170,32.938059,-117.154592,5809.2,65.0,2.22,169,79,240,,True,5.8
2171,32.938073,-117.154588,5810.9,65.2,2.08,168,79,244,,True,4.4
2172,32.938092,-117.154594,5813.0,65.2,2.02,168,79,247,,True,5.3
2173,32.938113,-117.154603,5815.2,65.2,2.08,168,78,247,,True,3.4
2174,32.938124,-117.1546,5816.3,65.2,1.82,168,78,247,,True,3.4
2175,32.938143,-117.154604,5818.5,65.4,1.86,168,78,249,,True,3.4
2176,32.938166,-117.154607,5820.8,65.4,1.98,167,79,250,,True,5.0
2177,32.938181,-117.154608,5822.5,65.6,1.9,167,79,253,,True,5.6
2178,32.938199,-117.15461,5824.8,65.6,1.92,167,78,255,,True,5.9
2179,32.938223,-117.154612,5827.2,65.8,2.18,168,78,257,,True,5.5
2180,32.93824,-117.154615,5829.2,66.0,2.14,168,78,259,,True,5.5
2181,32.938254,-117.154614,5830.9,66.0,2.02,167,79,260,,True,4.0
2182,32.938281,-117.15462,5833.5,66.2,2.2,168,77,259,,True,2.0
2183,32.938297,-117.154624,5835.8,66.2,2.2,168,77,259,,True,2.0
2184,32.938309,-117.154621,5837.2,66.2,2.0,168,77,259,,True,0.0
2185,32.938329,-117.154626,5839.4,66.2,2.04,168,78,257,,True,1.8
2186,32.938346,-117.154632,5841.1,66.2,2.04,169,79,251,,True,1.8
2187,32.93836,-117.154631,5842.8,66.2,1.86,169,79,248,,True,3.5
2188,32.938373,-117.154634,5844.6,66.4,1.76,169,79,245,,True,5.5
2189,32.938398,-117.154639,5846.9,66.4,1.94,169,78,243,,True,5.2
2190,32.938414,-117.154649,5848.7,66.6,1.86,169,78,241,,True,6.8
2191,32.938426,-117.154646,5850.4,66.8,1.86,168,78,240,,True,8.6
2192,32.938445,-117.154651,5852.7,66.8,1.98,168,78,240,,True,7.8
2193,32.938463,-117.154654,5854.6,67.0,2.0,168,77,242,,True,5.1
2194,32.938476,-117.154656,5856.2,67.2,1.86,168,77,243,,True,4.0
2195,32.938488,-117.154654,5857.1,67.2,1.68,167,77,241,,True,6.1
2196,32.938503,-117.154651,5858.6,67.2,1.64,167,77,237,,True,7.3
2197,32.938518,-117.154651,5860.5,67.2,1.56,167,77,236,,True,7.8
2198,32.938527,-117.154652,5861.5,67.4,1.38,166,77,237,,True,8.3
2199,32.938538,-117.154655,5862.6,67.4,1.28,166,77,238,,True,11.7
2200,32.938545,-117.154655,5863.6,67.6,1.3,166,64,219,,True,13.5
2201,32.938551,-117.154659,5864.5,67.6,1.18,165,57,163,,True,15.8
2202,32.938557,-117.154663,5864.9,67.8,0.88,165,57,155,,False,16.0
2203,32.938566,-117.154667,5865.8,68.0,0.86,165,57,151,,True,13.6
2204,32.938572,-117.154663,5866.5,68.4,0.78,164,57,144,,True,13.6
2205,32.938583,-117.154668,5867.5,68.6,0.78,163,56,137,,True,11.4
2206,32.938593,-117.154673,5868.7,68.8,0.84,162,56,133,,True,11.1
2207,32.938607,-117.154675,5870.5,68.8,1.12,162,56,130,,True,9.6
2208,32.938618,-117.154675,5871.8,68.8,1.2,161,56,131,,True,7.0
2209,32.93863,-117.154675,5872.9,68.8,1.28,161,56,144,,True,5.8
2210,32.938641,-117.154674,5874.1,68.8,1.32,161,56,147,,True,5.8
2211,32.938651,-117.154673,5875.3,68.8,1.32,161,56,143,,True,10.0
2212,32.938663,-117.154677,5876.2,69.0,1.14,160,51,133,,True,10.2
2213,32.938676,-117.154678,5877.9,69.2,1.22,161,51,131,,True,11.4
2214,32.938685,-117.154675,5879.0,69.4,1.22,162,51,132,,True,13.0
2215,32.938694,-117.154674,5879.8,69.6,1.14,163,51,130,,True,14.0
2216,32.938701,-117.154671,5880.5,69.8,1.04,163,48,130,,True,13.1
2217,32.938709,-117.154666,5881.6,69.8,1.08,163,48,126,,True,13.3
2218,32.938715,-117.154661,5882.3,70.0,0.88,162,48,123,,True,10.4
2219,32.938725,-117.154651,5883.7,70.2,0.94,162,48,121,,True,8.0
2220,32.938735,-117.154634,5885.5,70.4,1.14,163,49,120,,True,8.8
2221,32.938754,-117.154607,5888.4,70.6,1.58,163,49,120,,True,5.0
2222,32.93876,-117.154591,5890.5,70.6,1.78,163,49,128,,True,4.0
2223,32.938766,-117.15457,5892.9,70.8,2.12,163,79,183,,True,3.5
2224,32.938785,-117.154544,5895.6,70.8,2.38,163,79,199,,True,3.4
2225,32.938801,-117.154532,5897.9,70.8,2.48,162,80,278,,True,1.7
2226,32.938809,-117.154516,5899.8,71.0,2.28,162,80,282,,True,3.9
2227,32.938826,-117.154491,5902.3,71.0,2.36,162,80,284,,True,4.5
2228,32.938838,-117.154473,5904.5,71.0,2.32,162,79,285,,True,1.9
2229,32.938839,-117.15446,5905.8,71.2,2.04,163,79,258,,True,0.0
2230,32.938842,-117.154449,5906.8,71.2,1.78,163,79,255,,True,0.0
2231,32.93885,-117.154439,5908.2,71.0,1.68,164,79,218,,True,0.0
2232,32.938859,-117.154434,5909.4,71.0,1.42,164,79,193,,True,-1.9
2233,32.938873,-117.154429,5910.9,71.0,1.28,165,79,187,,True,-1.8
2234,32.938891,-117.154427,5912.7,71.0,1.38,166,79,174,,True,-1.9
2235,32.938909,-117.154429,5914.8,71.0,1.6,166,79,165,,True,-1.8
2236,32.938917,-117.154426,5916.1,71.0,1.58,167,79,166,,True,0.0
2237,32.938927,-117.154411,5917.7,71.0,1.66,166,79,170,,True,0.0
2238,32.938939,-117.154397,5918.9,70.8,1.6,166,79,166,,True,0.0
2239,32.938951,-117.154384,5920.8,70.8,1.62,166,79,164,,True,0.0
2240,32.938964,-117.154354,5923.7,71.0,1.78,166,79,162,,True,3.3
2241,32.938975,-117.154331,5926.2,71.0,2.02,165,79,159,,True,3.9
2242,32.938979,-117.154308,5928.4,71.0,2.14,165,79,163,,True,1.6
2243,32.938986,-117.154276,5931.1,71.2,2.44,164,80,171,,True,3.1
2244,32.938992,-117.154254,5933.5,71.4,2.54,164,80,177,,True,3.7
2245,32.938996,-117.15423,5935.9,71.2,2.44,164,80,232,,True,1.9
2246,32.939002,-117.154192,5939.2,71.4,2.6,163,80,233,,True,0.0
2247,32.939004,-117.154172,5941.4,71.4,2.6,164,80,233,,True,1.8
2248,32.939006,-117.154147,5943.8,71.4,2.54,164,80,239,,True,1.6
2249,32.939007,-117.154112,5946.8,71.4,2.66,164,81,227,,True,2.0
2250,32.939009,-117.154093,5948.9,71.4,2.6,163,81,227,,True,2.0
2251,32.93901,-117.154069,5951.4,71.6,2.44,163,81,227,,True,3.5
2252,32.939014,-117.154038,5954.0,71.6,2.52,164,81,227,,True,3.3
2253,32.939018,-117.15402,5956.0,71.6,2.44,164,81,227,,True,1.7
2254,32.939027,-117.154001,5958.1,71.8,2.26,164,81,230,,True,1.7
2255,32.939045,-117.15397,5961.0,71.8,2.42,164,80,233,,True,1.7
2256,32.939052,-117.153953,5963.3,71.8,2.38,164,80,234,,True,0.0
2257,32.939065,-117.153932,5965.6,71.8,2.32,164,80,234,,True,0.0
2258,32.939082,-117.153912,5968.1,71.8,2.42,164,80,231,,True,0.0
2259,32.939093,-117.153896,5970.2,71.8,2.42,164,81,231,,True,0.0
2260,32.939109,-117.153871,5972.9,71.8,2.38,164,81,230,,True,0.0
2261,32.939125,-117.153851,5975.6,71.8,2.46,164,81,230,,True,1.9
2262,32.939134,-117.15383,5978.1,71.8,2.5,164,81,230,,True,1.7
2263,32.939147,-117.153806,5980.5,72.0,2.48,163,81,232,,True,1.8
2264,32.939158,-117.153791,5982.5,72.0,2.46,164,81,230,,True,1.8
2265,32.939169,-117.153777,5984.4,72.0,2.3,163,81,230,,True,1.8
2266,32.939187,-117.153754,5986.8,72.0,2.24,163,81,230,,True,1.7
2267,32.939202,-117.153737,5989.4,72.0,2.26,163,80,226,,True,2.0
2268,32.939214,-117.153719,5991.9,72.2,2.28,164,81,226,,True,3.3
2269,32.93923,-117.153693,5994.4,72.2,2.38,163,81,232,,True,3.4
2270,32.939241,-117.153676,5996.7,72.4,2.46,163,81,235,,True,3.4
2271,32.939255,-117.153663,5998.8,72.4,2.4,163,81,237,,True,3.6
2272,32.939277,-117.153645,6001.3,72.4,2.38,163,80,237,,True,3.6
2273,32.939287,-117.153629,6003.5,72.6,2.32,164,80,234,,True,3.7
2274,32.939305,-117.153621,6005.5,72.6,2.22,163,80,235,,True,3.7
2275,32.939327,-117.153612,6007.8,72.8,2.22,163,80,238,,True,3.6
2276,32.93934,-117.153602,6009.7,72.8,2.18,163,80,236,,True,3.6
2277,32.939362,-117.153593,6012.0,72.8,2.14,163,80,237,,True,3.5
2278,32.939388,-117.1536,6014.7,73.0,2.24,163,80,236,,True,3.3
2279,32.939401,-117.153598,6016.6,73.0,2.22,164,80,237,,True,3.3
2280,32.939425,-117.153602,6019.1,73.2,2.26,164,80,239,,True,3.4
2281,32.93945,-117.153615,6021.9,73.2,2.44,164,80,241,,True,3.3
2282,32.939464,-117.153616,6024.0,73.2,2.4,164,80,242,,True,3.4
2283,32.939488,-117.153625,6026.5,73.4,2.36,164,80,245,,True,3.4
2284,32.93951,-117.153636,6028.9,73.4,2.46,164,80,248,,True,4.7
2285,32.939526,-117.153642,6030.9,73.6,2.36,165,80,249,,True,3.9
2286,32.939553,-117.153657,6033.8,73.6,2.38,165,80,253,,True,5.6
2287,32.939575,-117.153678,6036.8,73.8,2.56,165,80,255,,True,4.1
2288,32.939591,-117.153685,6038.6,74.0,2.42,166,81,257,,True,1.8
2289,32.939599,-117.153685,6039.7,74.0,2.16,166,81,255,,True,1.9
2290,32.939613,-117.153688,6040.7,74.0,1.96,166,81,253,,True,0.0
2291,32.939624,-117.153699,6042.3,73.8,1.7,166,81,251,,True,0.0
2292,32.939636,-117.15371,6044.2,73.8,1.48,167,0,0,,True,0.0
2293,32.939639,-117.153721,6045.8,73.8,1.44,167,0,0,,True,0.0
2294,32.939644,-117.153736,6047.1,73.8,1.48,167,0,0,,True,3.4
2295,32.939654,-117.153769,6050.3,74.0,1.92,167,0,0,,True,3.9
2296,32.939662,-117.153798,6053.3,74.0,2.2,166,0,0,,True,5.1
2297,32.93967,-117.153819,6056.0,74.2,2.36,166,0,0,,True,3.7
2298,32.93968,-117.153846,6058.8,74.4,2.6,166,0,0,,True,6.7
2299,32.939687,-117.153869,6061.0,74.4,2.78,167,79,261,,True,5.2
2300,32.939695,-117.15389,6063.0,74.6,2.54,167,80,263,,True,5.3
2301,32.939704,-117.153915,6065.3,74.8,2.4,167,81,246,,True,5.2
2302,32.93971,-117.153937,6067.6,74.8,2.32,167,81,243,,True,3.5
2303,32.939715,-117.15396,6070.2,75.0,2.28,168,81,248,,True,3.6
2304,32.939728,-117.153986,6072.6,75.0,2.32,168,80,253,,True,5.6
2305,32.939731,-117.154004,6074.5,75.0,2.3,168,81,265,,True,5.8
2306,32.939737,-117.154021,6076.4,75.2,2.22,168,81,273,,True,5.9
2307,32.939752,-117.154041,6078.3,75.4,2.14,168,81,263,,True,5.8
2308,32.939765,-117.154059,6080.5,75.6,2.06,168,81,261,,True,2.0
2309,32.939781,-117.154072,6082.7,75.6,2.02,169,81,261,,True,0.0
2310,32.939808,-117.154075,6084.9,75.6,2.08,169,81,258,,True,-1.8
2311,32.939822,-117.154073,6086.6,75.4,2.04,169,81,254,,True,-1.9
2312,32.939842,-117.154073,6089.0,75.4,2.14,169,80,251,,True,-2.4
2313,32.939864,-117.154075,6091.5,75.4,2.2,169,80,249,,True,0.0
2314,32.939878,-117.154078,6093.4,75.4,2.14,169,80,248,,True,0.0
