t,lat,lng,distance_m,altitude_m,velocity_ms,heartrate,cadence,watts,temp_c,moving,grade_pct
0,32.941252,-117.154101,1.6,83.4,0.0,89,51,0,,False,4.2
4,32.941158,-117.154129,1.6,83.4,0.0,88,0,0,,False,2.8
5,32.94114,-117.154133,3.9,83.6,0.46,90,80,0,,True,2.2
6,32.941118,-117.154139,6.4,83.6,0.8,90,80,145,,True,3.4
7,32.941098,-117.154143,8.7,83.6,1.014,91,80,209,,True,0.0
8,32.941079,-117.154137,10.7,83.6,1.138,92,82,202,,True,-1.7
9,32.941057,-117.154129,13.2,83.8,2.32,93,82,216,,True,-3.1
10,32.941035,-117.154133,15.5,83.6,2.32,95,82,219,,True,-3.7
11,32.941008,-117.154135,18.1,83.4,2.34,96,82,214,,True,-6.9
12,32.94098,-117.154128,21.4,83.2,2.54,97,82,230,,True,-7.8
13,32.940951,-117.154122,24.8,83.0,2.82,98,82,234,,True,-7.1
14,32.94092,-117.154124,28.4,82.6,3.04,98,82,285,,True,-7.1
15,32.940882,-117.154122,32.2,82.4,3.34,98,82,303,,True,-7.4
16,32.940858,-117.154119,35.5,82.2,3.48,98,82,327,,True,-6.0
17,32.940831,-117.154108,38.4,82.0,3.4,99,81,328,,True,-6.5
18,32.9408,-117.154099,41.7,81.8,3.38,100,81,329,,True,-6.3
19,32.940777,-117.154098,44.6,81.6,3.24,100,81,290,,True,-4.8
20,32.940743,-117.154094,48.2,81.4,3.2,101,81,283,,True,-5.3
21,32.940721,-117.154085,50.8,81.4,3.06,101,81,282,,True,-3.9
22,32.940704,-117.15408,53.0,81.2,2.92,102,81,275,,True,-3.3
23,32.940689,-117.15408,54.8,81.2,2.62,102,81,266,,True,-3.1
24,32.940657,-117.154084,57.5,81.0,2.58,103,81,251,,True,-1.9
25,32.940634,-117.154087,60.5,81.0,2.46,103,80,244,,True,-1.7
26,32.940608,-117.154085,63.5,81.0,2.54,103,79,234,,True,0.0
27,32.940575,-117.154072,66.7,81.0,2.74,104,79,233,,True,1.6
28,32.94055,-117.154066,69.8,81.0,3.0,105,79,234,,True,1.5
29,32.940522,-117.15405,73.1,81.2,3.12,105,79,252,,True,3.0
30,32.940496,-117.154019,76.7,81.2,3.24,106,80,262,,True,1.4
31,32.940477,-117.153996,80.0,81.4,3.3,107,80,269,,True,0.0
32,32.940458,-117.153961,83.7,81.2,3.4,108,80,278,,True,-1.5
33,32.940451,-117.153926,87.0,81.2,3.44,109,81,284,,True,-4.3
34,32.940443,-117.153896,90.1,81.0,3.4,110,81,274,,True,-4.5
35,32.940435,-117.153852,93.8,80.8,3.42,111,81,270,,True,-5.8
36,32.940435,-117.153819,97.0,80.6,3.4,111,80,266,,True,-4.2
37,32.940432,-117.153784,100.8,80.4,3.42,112,80,265,,True,-3.0
38,32.940431,-117.153741,104.4,80.4,3.48,113,81,270,,True,-1.5
39,32.940431,-117.153715,107.2,80.4,3.42,114,81,276,,True,0.0
40,32.94043,-117.153681,110.5,80.4,3.34,115,81,277,,True,0.0
41,32.940434,-117.153642,113.7,80.4,3.34,116,81,272,,True,0.0
42,32.940433,-117.153616,116.5,80.4,3.14,116,81,270,,True,0.0
43,32.940431,-117.153585,119.6,80.4,3.04,117,81,272,,True,0.0
44,32.940435,-117.153547,122.6,80.4,3.08,118,81,270,,True,-1.6
45,32.940432,-117.15352,125.4,80.4,2.98,119,82,270,,True,-3.1
46,32.940435,-117.153482,129.0,80.2,3.06,120,82,267,,True,-4.7
47,32.940436,-117.153445,132.3,80.0,3.16,120,81,266,,True,-4.4
48,32.940434,-117.153414,135.5,79.8,3.18,121,81,267,,True,-3.1
49,32.940436,-117.153376,138.9,79.8,3.26,121,81,269,,True,-1.6
50,32.940435,-117.153344,141.8,79.8,3.28,122,81,270,,True,0.0
51,32.940432,-117.153313,145.1,79.8,3.22,123,81,272,,True,0.0
52,32.94043,-117.153276,148.1,79.8,3.16,123,81,271,,True,0.0
53,32.940427,-117.153249,150.9,79.8,3.08,124,81,271,,True,0.0
54,32.940424,-117.153221,153.9,79.8,3.0,124,81,270,,True,0.0
55,32.940429,-117.153182,157.1,79.8,3.06,125,81,269,,True,0.0
56,32.940425,-117.153155,159.8,79.8,2.94,125,81,270,,True,0.0
57,32.940427,-117.153123,162.8,79.8,2.94,126,81,272,,True,-1.7
58,32.940428,-117.153085,166.0,79.8,3.02,126,81,271,,True,-1.6
59,32.940421,-117.153058,169.0,79.6,3.02,126,80,270,,True,-3.2
60,32.940418,-117.153026,172.1,79.6,3.0,126,80,271,,True,-4.8
61,32.940421,-117.15299,175.2,79.4,3.08,127,80,270,,True,-3.2
62,32.940415,-117.15296,178.4,79.2,3.12,127,81,269,,True,-5.1
63,32.940407,-117.152925,181.4,79.2,3.08,127,81,268,,True,-3.5
64,32.940403,-117.1529,183.8,79.0,2.96,127,81,267,,True,-1.8
65,32.940401,-117.152873,186.7,79.0,2.92,127,81,266,,True,-1.9
66,32.940401,-117.15284,189.6,79.0,2.88,127,81,265,,True,0.0
67,32.940402,-117.152816,191.8,79.0,2.68,127,81,265,,True,-1.8
68,32.940403,-117.152786,194.8,79.0,2.68,128,81,262,,True,-1.9
69,32.940402,-117.152754,197.6,78.8,2.76,128,81,257,,True,-3.7
70,32.940397,-117.152729,199.9,78.8,2.64,128,80,256,,True,-5.6
71,32.940396,-117.152695,202.7,78.6,2.62,129,80,257,,True,-3.6
72,32.940396,-117.152667,205.6,78.4,2.76,129,80,255,,True,-3.3
73,32.940394,-117.152636,208.6,78.4,2.76,129,82,254,,True,-1.6
74,32.940392,-117.152595,212.1,78.4,2.9,129,83,254,,True,0.0
75,32.940391,-117.152564,215.0,78.4,3.02,130,83,255,,True,0.0
76,32.940387,-117.152531,218.3,78.4,3.12,130,83,258,,True,0.0
77,32.940385,-117.15249,221.9,78.4,3.26,130,81,263,,True,-1.5
78,32.940378,-117.152461,224.7,78.4,3.22,130,81,264,,True,0.0
79,32.940373,-117.152428,228.0,78.2,3.18,131,81,264,,True,-1.6
80,32.94037,-117.152387,231.6,78.4,3.32,131,81,266,,True,-1.5
81,32.940372,-117.152357,234.7,78.2,3.28,131,80,265,,True,0.0
82,32.940367,-117.152323,238.1,78.2,3.24,132,80,270,,True,-1.6
83,32.940364,-117.152285,241.3,78.2,3.32,132,81,272,,True,-1.6
84,32.940358,-117.152257,244.2,78.2,3.24,133,81,271,,True,-1.6
85,32.940358,-117.152221,247.4,78.0,3.16,133,81,270,,True,-3.2
86,32.940356,-117.152186,250.6,78.0,3.18,133,82,267,,True,-3.0
87,32.940351,-117.152154,253.8,77.8,3.14,134,81,266,,True,-1.6
88,32.940346,-117.152112,257.5,77.8,3.24,134,81,266,,True,-1.6
89,32.940345,-117.152085,260.3,77.8,3.22,134,81,268,,True,1.6
90,32.94034,-117.152056,263.3,77.8,3.18,135,82,271,,True,1.7
91,32.94034,-117.152017,266.5,78.0,3.18,135,82,271,,True,1.7
92,32.940335,-117.15199,269.3,78.0,3.1,135,82,270,,True,0.0
93,32.940334,-117.15196,272.0,78.0,2.9,135,82,269,,True,-1.8
94,32.940336,-117.151931,274.6,77.8,2.86,135,81,268,,True,-1.8
95,32.940339,-117.151903,277.4,77.8,2.82,135,81,270,,True,-1.8
96,32.940337,-117.151867,280.5,77.8,2.8,136,81,270,,True,0.0
97,32.940336,-117.151839,283.3,77.8,2.8,135,82,267,,True,0.0
98,32.940333,-117.151809,286.4,77.8,2.88,135,82,268,,True,0.0
99,32.940331,-117.151773,289.4,77.8,2.96,135,82,269,,True,1.7
100,32.940332,-117.151745,292.2,77.8,2.96,135,82,270,,True,1.8
101,32.940326,-117.151718,294.9,78.0,2.88,136,81,272,,True,0.0
102,32.940327,-117.151683,297.7,78.0,2.88,136,81,272,,True,0.0
103,32.940323,-117.151654,300.5,77.8,2.82,136,81,270,,True,-1.6
104,32.940324,-117.151618,304.0,77.8,2.92,136,81,270,,True,-1.5
105,32.940322,-117.151573,307.7,77.8,3.1,136,81,270,,True,-1.4
106,32.940319,-117.151544,311.0,77.8,3.22,136,81,271,,True,-1.5
107,32.940317,-117.151511,314.3,77.6,3.32,136,81,271,,True,-1.7
108,32.940315,-117.151473,317.5,77.6,3.4,136,81,273,,True,-1.8
109,32.940313,-117.151454,319.6,77.6,3.12,136,81,274,,True,0.0
110,32.940311,-117.151426,322.0,77.6,2.86,137,81,274,,True,0.0
111,32.940309,-117.151386,325.5,77.6,2.9,137,80,271,,True,-1.8
112,32.940309,-117.151363,328.0,77.6,2.74,137,80,271,,True,-1.7
113,32.940307,-117.151331,331.0,77.4,2.7,137,80,270,,True,-3.5
114,32.940308,-117.151295,334.0,77.4,2.88,137,80,269,,True,-3.3
115,32.940305,-117.151268,337.0,77.2,3.0,137,81,267,,True,-1.7
116,32.940306,-117.151236,340.0,77.2,2.9,137,81,266,,True,0.0
117,32.940303,-117.151208,342.6,77.2,2.92,137,81,266,,True,1.9
118,32.940299,-117.151184,345.2,77.4,2.84,137,80,268,,True,3.9
119,32.940299,-117.151153,347.6,77.4,2.72,137,80,268,,True,3.8
120,32.9403,-117.151125,350.2,77.6,2.64,137,80,267,,True,1.8
121,32.940298,-117.151098,353.0,77.6,2.6,138,80,267,,True,1.7
122,32.940297,-117.151057,356.3,77.6,2.74,138,81,264,,True,-1.7
123,32.940293,-117.151031,359.1,77.6,2.78,138,81,264,,True,-1.6
124,32.940294,-117.150999,362.1,77.4,2.9,138,81,265,,True,-3.4
125,32.940293,-117.150963,365.5,77.4,3.06,137,81,264,,True,-3.4
126,32.940291,-117.150937,368.2,77.2,3.04,138,81,262,,True,-1.7
127,32.940288,-117.150902,371.0,77.2,2.94,138,81,262,,True,-1.8
128,32.940286,-117.150875,373.7,77.2,2.92,138,81,262,,True,0.0
129,32.940279,-117.150845,376.6,77.2,2.9,138,81,263,,True,1.7
130,32.94028,-117.150806,379.9,77.2,2.88,138,81,262,,True,1.6
131,32.940278,-117.150772,383.1,77.4,2.98,138,82,261,,True,1.5
132,32.940279,-117.150739,386.4,77.4,3.08,138,82,263,,True,1.6
133,32.940277,-117.1507,389.7,77.4,3.2,138,82,263,,True,-1.6
134,32.940274,-117.150673,392.6,77.4,3.2,138,82,265,,True,-1.6
135,32.940273,-117.150638,395.7,77.2,3.16,138,82,265,,True,-1.6
136,32.940276,-117.150602,399.1,77.2,3.2,138,82,265,,True,-1.6
137,32.940274,-117.150574,402.0,77.2,3.12,139,82,265,,True,0.0
138,32.94027,-117.150538,405.1,77.2,3.08,139,82,266,,True,0.0
139,32.940268,-117.150509,408.0,77.2,3.08,139,81,265,,True,0.0
140,32.940265,-117.150483,410.8,77.2,3.02,139,81,265,,True,0.0
141,32.940261,-117.150451,413.5,77.2,2.88,139,81,265,,True,0.0
142,32.940257,-117.150419,416.3,77.2,2.86,139,81,265,,True,0.0
143,32.940253,-117.150393,419.2,77.2,2.82,139,81,265,,True,0.0
144,32.940253,-117.150356,422.3,77.2,2.86,139,81,265,,True,0.0
145,32.940249,-117.150329,425.0,77.2,2.84,139,81,264,,True,0.0
146,32.940246,-117.150298,427.9,77.2,2.88,139,81,263,,True,0.0
147,32.940244,-117.15026,431.0,77.2,2.94,139,82,264,,True,0.0
148,32.940234,-117.150239,433.3,77.2,2.82,140,82,263,,True,-5.2
149,32.940218,-117.150231,435.1,77.2,2.56,140,82,263,,True,-7.2
150,32.940191,-117.15023,437.3,77.0,2.46,140,82,260,,True,-10.4
151,32.94017,-117.150228,439.5,76.6,2.32,140,82,259,,True,-11.5
152,32.940149,-117.150223,442.1,76.4,2.22,140,79,257,,True,-12.0
153,32.940125,-117.150201,444.8,76.0,2.3,142,78,256,,True,-11.5
154,32.940109,-117.150185,447.3,75.8,2.44,143,78,252,,True,-13.3
155,32.94009,-117.150171,449.9,75.4,2.52,144,78,247,,True,-11.9
156,32.940077,-117.150158,452.0,75.2,2.5,144,79,240,,True,-14.4
157,32.940064,-117.150144,454.1,74.8,2.4,144,80,229,,True,-14.7
158,32.940049,-117.150126,456.6,74.6,2.36,144,80,210,,True,-15.5
159,32.94004,-117.150113,458.4,74.2,2.22,144,81,197,,True,-14.7
160,32.940021,-117.150091,460.8,73.8,2.18,144,82,188,,True,-18.5
161,32.940011,-117.150084,462.3,73.6,2.06,144,85,174,,True,-16.5
162,32.939991,-117.15006,465.0,73.2,2.18,143,85,165,,True,-13.5
163,32.939977,-117.150043,467.4,72.6,2.16,143,86,160,,True,-13.6
164,32.939965,-117.15001,470.5,72.2,2.42,143,86,161,,True,-13.0
165,32.939951,-117.149971,474.1,72.0,2.66,143,84,168,,True,-8.9
166,32.939938,-117.149945,477.3,71.6,3.0,143,84,185,,True,-5.8
167,32.939927,-117.149907,480.9,71.4,3.18,143,84,200,,True,-5.8
168,32.939923,-117.149872,484.4,71.4,3.4,144,84,204,,True,-4.4
169,32.939919,-117.149838,487.8,71.2,3.46,143,84,218,,True,-3.1
170,32.939927,-117.149798,491.0,71.0,3.38,144,84,215,,True,-3.3
171,32.939936,-117.149776,493.7,71.0,3.28,144,82,208,,True,0.0
172,32.939953,-117.149752,496.7,71.0,3.16,144,82,203,,True,3.4
173,32.939976,-117.149722,500.0,71.2,3.12,144,82,191,,True,4.9
174,32.939992,-117.149703,502.9,71.4,3.02,143,82,196,,True,6.5
175,32.940016,-117.149684,506.0,71.6,3.0,143,82,206,,True,7.3
176,32.940037,-117.149656,509.0,71.8,3.06,143,81,214,,True,8.0
177,32.940046,-117.149639,511.0,72.0,2.86,142,81,224,,True,8.8
178,32.940049,-117.149617,512.9,72.2,2.58,142,81,231,,True,7.5
179,32.940035,-117.149589,515.3,72.4,2.48,142,81,227,,True,5.2
180,32.940022,-117.149578,517.3,72.6,2.26,141,80,225,,True,3.3
181,32.940002,-117.149565,519.6,72.6,2.12,141,80,229,,True,0.0
182,32.939974,-117.14955,522.5,72.6,2.3,141,80,231,,True,-1.8
183,32.939954,-117.149542,525.1,72.6,2.44,141,80,234,,True,-1.7
184,32.939934,-117.149517,528.2,72.4,2.58,141,79,236,,True,-3.4
185,32.939916,-117.14949,531.4,72.4,2.82,140,79,237,,True,-4.7
186,32.939899,-117.149467,534.3,72.2,2.94,140,79,240,,True,-4.6
187,32.939879,-117.14943,538.0,72.0,3.1,140,79,244,,True,-4.6
188,32.939866,-117.149403,541.3,71.8,3.24,140,82,246,,True,-2.9
189,32.939854,-117.149374,544.4,71.8,3.24,140,82,251,,True,-1.6
190,32.939844,-117.149336,547.9,71.8,3.3,140,83,255,,True,1.6
191,32.939835,-117.149309,550.8,71.8,3.3,139,83,258,,True,1.6
192,32.939829,-117.149277,553.8,72.0,3.16,140,83,266,,True,1.7
193,32.939826,-117.149242,557.0,72.0,3.14,140,83,266,,True,0.0
194,32.939819,-117.149216,559.9,72.0,3.1,140,83,265,,True,-3.3
195,32.939816,-117.149181,563.1,71.8,3.04,140,81,266,,True,-3.5
196,32.939813,-117.14915,566.0,71.6,3.04,140,81,263,,True,-3.5
197,32.939807,-117.149126,568.5,71.6,2.94,140,81,263,,True,-1.8
198,32.939802,-117.14909,571.4,71.6,2.88,140,81,263,,True,0.0
199,32.939798,-117.149064,574.0,71.6,2.82,141,81,260,,True,0.0
200,32.93979,-117.149032,577.1,71.6,2.8,141,81,258,,True,0.0
201,32.939787,-117.148993,580.4,71.6,2.88,141,80,257,,True,0.0
202,32.939786,-117.148964,583.4,71.6,2.98,140,80,257,,True,0.0
203,32.939783,-117.148931,586.6,71.6,3.04,141,80,258,,True,0.0
204,32.939782,-117.148891,590.0,71.6,3.2,141,81,258,,True,0.0
205,32.939779,-117.148866,592.7,71.6,3.12,141,81,259,,True,-1.7
206,32.939775,-117.14883,596.1,71.6,3.14,141,81,259,,True,-1.8
207,32.939776,-117.148804,598.4,71.4,3.0,140,81,260,,True,-1.8
208,32.93977,-117.148777,601.2,71.4,2.92,141,81,259,,True,0.0
209,32.939764,-117.148742,604.1,71.4,2.82,140,83,256,,True,1.8
210,32.939761,-117.148718,606.7,71.6,2.8,140,83,255,,True,3.6
211,32.939762,-117.148689,609.5,71.6,2.68,140,83,256,,True,5.7
212,32.939768,-117.148654,612.4,71.8,2.8,140,82,257,,True,3.8
213,32.939765,-117.148633,614.6,72.0,2.68,140,82,258,,True,5.7
214,32.939764,-117.148605,617.3,72.0,2.64,140,82,259,,True,3.1
215,32.939764,-117.148575,620.0,72.2,2.66,140,82,260,,True,1.9
216,32.939759,-117.148552,622.2,72.2,2.54,140,82,262,,True,1.9
217,32.939757,-117.148519,625.3,72.2,2.58,140,82,262,,True,0.0
218,32.939757,-117.148491,627.7,72.2,2.62,140,81,262,,True,0.0
219,32.939752,-117.148462,630.5,72.2,2.64,140,81,262,,True,0.0
220,32.939752,-117.148427,633.8,72.2,2.76,140,80,263,,True,0.0
221,32.939754,-117.148398,636.4,72.2,2.84,140,80,263,,True,0.0
222,32.939754,-117.148371,639.5,72.2,2.84,140,81,264,,True,1.9
223,32.939757,-117.148335,642.4,72.2,2.94,140,81,265,,True,1.9
224,32.939759,-117.148317,644.3,72.4,2.76,140,81,264,,True,4.0
225,32.939758,-117.14829,646.8,72.4,2.6,140,81,267,,True,3.3
226,32.939762,-117.148257,649.6,72.6,2.64,141,80,267,,True,2.0
227,32.939761,-117.148238,651.8,72.6,2.46,141,80,266,,True,2.0
228,32.939759,-117.148213,654.5,72.6,2.42,141,80,266,,True,0.0
229,32.939759,-117.148178,657.0,72.6,2.54,141,80,266,,True,0.0
230,32.939759,-117.148153,659.5,72.6,2.54,141,80,265,,True,0.0
231,32.939763,-117.148128,662.3,72.6,2.54,141,80,265,,True,2.0
232,32.939768,-117.148093,664.9,72.6,2.62,141,80,266,,True,1.9
233,32.939766,-117.148074,667.2,72.8,2.54,141,81,265,,True,3.8
234,32.93977,-117.148045,670.0,72.8,2.6,141,81,265,,True,3.9
235,32.939775,-117.148009,672.9,73.0,2.68,141,81,265,,True,1.8
236,32.939774,-117.147989,675.1,73.0,2.56,141,80,266,,True,1.8
237,32.939781,-117.147958,678.1,73.0,2.64,141,80,267,,True,0.0
238,32.93979,-117.147924,681.2,73.0,2.8,142,80,267,,True,1.8
239,32.939791,-117.147902,683.8,73.0,2.76,142,80,266,,True,0.0
240,32.939799,-117.147872,686.5,73.2,2.72,142,80,267,,True,0.0
241,32.939808,-117.147842,689.3,73.0,2.84,142,80,270,,True,1.8
242,32.939808,-117.147817,691.8,73.0,2.74,142,81,270,,True,0.0
243,32.939816,-117.14778,695.1,73.2,2.78,142,81,270,,True,1.8
244,32.939825,-117.147757,697.7,73.2,2.78,142,81,272,,True,1.7
245,32.939829,-117.14773,700.3,73.2,2.76,142,81,275,,True,1.8
246,32.939838,-117.147693,703.4,73.2,2.82,142,81,277,,True,1.8
247,32.939839,-117.147671,706.1,73.4,2.86,143,81,277,,True,1.7
248,32.939842,-117.147634,709.0,73.4,2.78,143,81,277,,True,1.7
249,32.939851,-117.147603,712.1,73.4,2.88,143,81,278,,True,0.0
250,32.939859,-117.147573,715.2,73.4,2.98,143,82,278,,True,0.0
251,32.939871,-117.147532,718.9,73.4,3.1,143,83,274,,True,0.0
252,32.939878,-117.147501,722.2,73.4,3.22,143,83,270,,True,0.0
253,32.939891,-117.147468,725.8,73.4,3.36,144,84,273,,True,0.0
254,32.939905,-117.147435,729.0,73.4,3.38,144,84,276,,True,1.6
255,32.93991,-117.147411,731.6,73.4,3.28,144,84,279,,True,1.8
256,32.939921,-117.147382,734.4,73.6,3.1,144,84,278,,True,1.9
257,32.939932,-117.147358,737.0,73.6,2.96,144,83,279,,True,1.8
258,32.93994,-117.147335,739.6,73.6,2.76,144,82,278,,True,0.0
259,32.939954,-117.147304,742.6,73.6,2.72,145,81,273,,True,0.0
260,32.939959,-117.147289,744.4,73.6,2.56,145,81,273,,True,0.0
261,32.939961,-117.147269,746.4,73.6,2.4,145,81,273,,True,0.0
262,32.939963,-117.147237,748.6,73.6,2.32,145,81,269,,True,-1.8
263,32.939958,-117.147218,750.8,73.6,2.24,145,81,263,,True,-3.3
264,32.939954,-117.147195,753.0,73.6,2.08,145,81,259,,True,-3.1
265,32.939951,-117.14716,755.8,73.4,2.28,145,81,255,,True,-3.8
266,32.939947,-117.147135,758.5,73.2,2.42,145,80,251,,True,-5.5
267,32.939946,-117.147107,761.3,73.2,2.54,145,80,250,,True,-3.8
268,32.939943,-117.147075,763.9,73.0,2.62,145,80,247,,True,-3.8
269,32.939934,-117.147054,766.4,73.0,2.68,145,80,242,,True,-5.7
270,32.939926,-117.147025,769.1,72.8,2.66,145,80,241,,True,-3.8
271,32.939919,-117.146996,771.8,72.6,2.66,145,81,239,,True,-5.6
272,32.939908,-117.146973,774.4,72.6,2.62,145,81,237,,True,-3.8
273,32.939901,-117.146945,777.1,72.4,2.64,144,81,235,,True,-3.8
274,32.939898,-117.146918,779.6,72.4,2.64,145,82,234,,True,-3.7
275,32.939893,-117.146891,782.2,72.2,2.62,144,82,232,,True,-1.8
276,32.939895,-117.146858,785.2,72.2,2.68,144,82,231,,True,-3.7
277,32.939898,-117.146829,788.1,72.2,2.74,144,82,229,,True,-1.8
278,32.939894,-117.146803,790.5,72.0,2.68,144,80,231,,True,-1.9
279,32.939894,-117.146768,793.4,72.0,2.76,144,79,230,,True,-1.9
280,32.939893,-117.146742,795.9,72.0,2.74,144,79,231,,True,0.0
281,32.939891,-117.146713,798.6,72.0,2.68,144,79,230,,True,0.0
282,32.939888,-117.146676,802.0,72.0,2.78,144,81,227,,True,0.0
283,32.939891,-117.146661,803.9,72.0,2.68,144,81,226,,True,2.0
284,32.939892,-117.146636,806.2,72.0,2.56,143,81,226,,True,1.7
285,32.939898,-117.146602,808.7,72.2,2.56,143,81,226,,True,2.0
286,32.939895,-117.146581,811.2,72.2,2.52,143,81,223,,True,3.8
287,32.939897,-117.146551,814.1,72.2,2.42,143,81,224,,True,2.0
288,32.939901,-117.146519,816.8,72.4,2.58,143,81,226,,True,1.9
289,32.939898,-117.146499,818.7,72.4,2.5,143,81,226,,True,1.9
290,32.939899,-117.146464,821.8,72.4,2.62,143,81,226,,True,0.0
291,32.939899,-117.146434,824.6,72.4,2.68,144,81,225,,True,-1.7
292,32.939895,-117.146405,827.6,72.4,2.7,144,81,225,,True,-1.8
293,32.939888,-117.146369,830.6,72.2,2.76,144,81,227,,True,-1.9
294,32.939887,-117.146349,833.2,72.2,2.9,144,82,227,,True,0.0
295,32.939887,-117.146325,835.4,72.2,2.72,144,82,230,,True,0.0
296,32.93989,-117.146292,838.1,72.4,2.7,144,82,230,,True,0.0
297,32.93989,-117.146274,840.4,72.2,2.56,144,82,230,,True,0.0
298,32.939888,-117.146251,842.3,72.2,2.34,144,81,230,,True,-1.7
299,32.939888,-117.146221,844.9,72.2,2.34,144,80,231,,True,0.0
300,32.939887,-117.146203,846.8,72.2,2.28,143,81,231,,True,0.0
301,32.939889,-117.146172,849.7,72.2,2.32,143,81,229,,True,0.0
302,32.939891,-117.146143,852.2,72.2,2.36,143,81,229,,True,0.0
303,32.939891,-117.14612,854.4,72.2,2.42,143,81,228,,True,1.9
304,32.939889,-117.146083,857.4,72.2,2.5,143,81,229,,True,1.9
305,32.939889,-117.146059,860.0,72.4,2.64,143,81,230,,True,1.9
306,32.939887,-117.146033,862.5,72.4,2.56,143,81,229,,True,2.0
307,32.939882,-117.146,865.1,72.4,2.58,143,81,229,,True,0.0
308,32.939876,-117.145982,867.4,72.4,2.6,143,81,230,,True,0.0
309,32.939873,-117.145956,869.8,72.6,2.48,143,81,231,,True,0.0
310,32.93988,-117.145918,873.1,72.4,2.62,142,81,231,,True,0.0
311,32.939879,-117.145898,875.5,72.4,2.6,142,81,230,,True,-1.8
312,32.939882,-117.145868,878.1,72.4,2.6,142,81,231,,True,0.0
313,32.939885,-117.145836,880.8,72.4,2.68,142,81,231,,True,0.0
314,32.939882,-117.145812,883.4,72.4,2.72,142,81,232,,True,0.0
315,32.939879,-117.145773,886.7,72.4,2.72,143,82,233,,True,1.9
316,32.939879,-117.145752,889.0,72.4,2.7,142,82,233,,True,0.0
317,32.939877,-117.145727,891.4,72.6,2.66,142,82,235,,True,0.0
318,32.939873,-117.145693,894.1,72.4,2.66,142,82,235,,True,0.0
319,32.939873,-117.145669,896.7,72.4,2.66,142,82,234,,True,-1.9
320,32.939869,-117.145642,899.4,72.4,2.54,142,81,234,,True,0.0
321,32.939862,-117.145608,902.2,72.4,2.64,142,80,233,,True,0.0
322,32.939858,-117.14559,904.3,72.4,2.58,142,80,233,,True,0.0
323,32.939858,-117.14556,907.3,72.4,2.64,142,80,233,,True,-1.9
324,32.939859,-117.145526,910.2,72.4,2.7,142,80,233,,True,-1.9
325,32.939857,-117.145503,912.5,72.2,2.62,142,81,233,,True,-2.0
326,32.939856,-117.145475,915.0,72.2,2.56,142,81,232,,True,-1.6
327,32.939857,-117.145448,917.5,72.2,2.64,142,81,231,,True,0.0
328,32.939852,-117.145427,919.7,72.2,2.48,142,81,231,,True,1.9
329,32.939846,-117.14539,922.6,72.2,2.48,142,81,232,,True,1.9
330,32.939844,-117.145366,925.4,72.4,2.58,141,81,232,,True,1.7
331,32.939843,-117.145338,928.2,72.4,2.64,141,81,232,,True,1.8
332,32.939841,-117.1453,931.3,72.4,2.76,141,82,233,,True,0.0
333,32.939835,-117.145279,933.7,72.4,2.8,141,82,233,,True,-1.8
334,32.939834,-117.145247,936.6,72.4,2.8,142,82,234,,True,-1.9
335,32.939837,-117.145216,939.4,72.2,2.8,141,82,233,,True,-1.7
336,32.939835,-117.145189,942.1,72.2,2.78,141,81,232,,True,-1.8
337,32.939835,-117.14515,945.4,72.2,2.82,142,81,233,,True,0.0
338,32.939834,-117.145127,947.7,72.2,2.8,141,81,233,,True,0.0
339,32.939834,-117.145097,950.9,72.2,2.86,142,81,234,,True,0.0
340,32.939833,-117.145061,953.8,72.2,2.88,142,81,234,,True,0.0
341,32.939828,-117.145038,956.3,72.2,2.84,141,81,234,,True,0.0
342,32.939826,-117.14501,958.9,72.2,2.7,141,81,235,,True,0.0
343,32.939825,-117.144973,962.2,72.2,2.9,141,82,235,,True,0.0
344,32.93982,-117.14495,964.6,72.2,2.74,141,82,233,,True,-1.8
345,32.939821,-117.144921,967.4,72.2,2.72,141,81,234,,True,-1.9
346,32.939825,-117.144888,970.3,72.0,2.8,141,81,234,,True,-1.8
347,32.939821,-117.144864,972.7,72.0,2.76,142,81,236,,True,-1.8
348,32.939822,-117.144824,975.9,72.0,2.74,141,81,236,,True,0.0
349,32.93982,-117.144804,978.3,72.0,2.74,141,81,235,,True,0.0
350,32.93982,-117.144772,981.3,72.0,2.78,141,81,236,,True,0.0
351,32.939819,-117.144732,984.8,72.0,2.9,141,81,236,,True,0.0
352,32.939816,-117.144706,987.5,72.0,2.96,141,82,237,,True,0.0
353,32.939817,-117.144666,990.8,72.0,2.98,141,82,239,,True,-1.7
354,32.939815,-117.144634,994.1,72.0,3.16,140,82,238,,True,-1.6
355,32.93981,-117.144606,996.8,71.8,3.1,141,82,240,,True,-1.7
356,32.939809,-117.144567,1000.0,71.8,3.04,141,82,241,,True,-1.8
357,32.939806,-117.144544,1002.5,71.8,3.0,140,83,240,,True,0.0
358,32.939806,-117.144513,1005.5,71.8,2.94,141,82,241,,True,1.7
359,32.939808,-117.144477,1008.7,71.8,2.92,140,82,242,,True,1.6
360,32.939804,-117.14445,1011.5,72.0,2.94,140,82,242,,True,1.6
361,32.939807,-117.144408,1015.0,72.0,3.0,140,82,243,,True,1.7
362,32.939807,-117.144382,1017.8,72.0,3.06,141,82,244,,True,0.0
363,32.939806,-117.144354,1020.6,72.0,3.02,140,82,246,,True,0.0
364,32.939798,-117.14432,1023.4,72.0,2.94,140,82,246,,True,1.8
365,32.939794,-117.144292,1026.2,72.0,2.94,140,83,245,,True,1.7
366,32.939803,-117.144263,1029.1,72.2,2.82,140,82,248,,True,1.8
367,32.939806,-117.144227,1032.2,72.2,2.88,139,82,248,,True,1.8
368,32.939801,-117.144204,1034.7,72.2,2.82,139,82,249,,True,0.0
369,32.939797,-117.144168,1037.6,72.2,2.84,139,82,250,,True,0.0
370,32.939795,-117.14414,1040.4,72.2,2.84,140,82,249,,True,1.8
371,32.939791,-117.144116,1042.9,72.2,2.76,140,82,250,,True,1.9
372,32.939785,-117.144078,1046.1,72.4,2.78,140,82,251,,True,1.9
373,32.939788,-117.144054,1048.4,72.4,2.74,140,82,252,,True,3.5
374,32.939791,-117.144028,1051.1,72.4,2.7,141,81,254,,True,2.0
375,32.939794,-117.143992,1054.2,72.6,2.76,141,81,255,,True,1.9
376,32.939792,-117.143973,1056.2,72.6,2.66,142,81,256,,True,2.0
377,32.939794,-117.143946,1058.7,72.6,2.52,142,82,257,,True,0.0
378,32.939791,-117.143917,1061.2,72.6,2.56,143,82,258,,True,0.0
379,32.939784,-117.143894,1063.5,72.6,2.48,143,82,258,,True,-1.9
380,32.939781,-117.143861,1066.7,72.6,2.5,143,82,257,,True,-1.9
381,32.939781,-117.143837,1069.1,72.4,2.58,143,81,257,,True,-1.8
382,32.939781,-117.143809,1071.5,72.4,2.56,143,81,256,,True,-1.8
383,32.939784,-117.143772,1074.8,72.4,2.72,143,81,256,,True,0.0
384,32.93978,-117.143745,1077.6,72.4,2.82,144,81,256,,True,1.6
385,32.939783,-117.143716,1080.5,72.4,2.76,144,82,255,,True,1.8
386,32.939789,-117.143679,1083.7,72.6,2.92,144,82,256,,True,1.9
387,32.939785,-117.143662,1085.7,72.6,2.84,144,82,256,,True,1.9
388,32.939784,-117.143633,1088.2,72.6,2.68,144,82,256,,True,0.0
389,32.939784,-117.143603,1090.9,72.6,2.66,144,82,256,,True,0.0
390,32.939782,-117.14358,1093.1,72.6,2.52,144,81,256,,True,0.0
391,32.939781,-117.143544,1096.1,72.6,2.48,144,81,256,,True,0.0
392,32.939782,-117.143514,1099.0,72.6,2.66,144,81,255,,True,0.0
393,32.93978,-117.143485,1102.1,72.6,2.78,144,81,255,,True,0.0
394,32.939775,-117.14345,1105.0,72.6,2.82,143,82,255,,True,0.0
395,32.939774,-117.143427,1107.8,72.6,2.94,144,82,255,,True,0.0
396,32.939776,-117.1434,1110.4,72.6,2.86,144,82,256,,True,0.0
397,32.939783,-117.143368,1113.2,72.6,2.84,144,82,256,,True,0.0
398,32.93978,-117.143348,1115.1,72.6,2.6,144,82,255,,True,0.0
399,32.939782,-117.143322,1117.5,72.6,2.5,145,82,255,,True,-1.7
400,32.939783,-117.143292,1120.0,72.6,2.44,145,82,254,,True,-2.0
401,32.939779,-117.14327,1122.5,72.6,2.42,145,82,254,,True,-1.9
402,32.939776,-117.143236,1125.3,72.4,2.42,146,82,252,,True,-1.6
403,32.939768,-117.143214,1127.8,72.4,2.54,146,81,250,,True,-1.9
404,32.939761,-117.143191,1129.9,72.4,2.48,146,81,250,,True,0.0
405,32.939753,-117.143155,1132.9,72.4,2.58,146,81,248,,True,0.0
406,32.93975,-117.143134,1135.3,72.4,2.56,146,82,247,,True,1.9
407,32.939752,-117.143111,1137.8,72.4,2.5,146,82,245,,True,2.0
408,32.939751,-117.143076,1140.5,72.6,2.54,147,82,245,,True,2.0
409,32.939742,-117.143056,1142.9,72.6,2.6,147,82,244,,True,2.0
410,32.939741,-117.143029,1145.3,72.6,2.48,147,81,244,,True,0.0
411,32.939736,-117.143002,1147.9,72.6,2.52,147,81,242,,True,0.0
412,32.93973,-117.142979,1150.1,72.6,2.46,147,81,241,,True,-1.9
413,32.939721,-117.142941,1153.3,72.6,2.56,147,81,240,,True,-1.9
414,32.939714,-117.142918,1155.8,72.4,2.58,147,82,238,,True,-1.7
415,32.939703,-117.142895,1158.6,72.4,2.66,148,82,238,,True,-2.0
416,32.939689,-117.142863,1161.6,72.4,2.74,149,82,238,,True,1.7
417,32.93968,-117.142851,1163.4,72.4,2.66,150,82,238,,True,1.9
418,32.939667,-117.142833,1165.5,72.6,2.44,151,81,238,,True,2.0
419,32.939651,-117.142814,1167.6,72.6,2.36,151,81,238,,True,1.8
420,32.939639,-117.142804,1169.3,72.6,2.14,151,81,238,,True,1.8
421,32.939627,-117.142774,1171.8,72.6,2.04,151,81,237,,True,1.6
422,32.939621,-117.142746,1174.5,72.6,2.22,152,81,235,,True,1.8
423,32.939618,-117.142723,1176.9,72.8,2.28,152,81,233,,True,3.7
424,32.939621,-117.142686,1180.2,72.8,2.52,152,81,227,,True,3.7
425,32.939623,-117.142662,1182.6,73.0,2.66,151,81,235,,True,3.6
426,32.939627,-117.142637,1185.2,73.0,2.68,152,82,236,,True,4.0
427,32.939635,-117.142601,1187.9,73.2,2.68,152,82,237,,True,3.8
428,32.939634,-117.14258,1190.3,73.2,2.68,152,82,240,,True,3.7
429,32.939644,-117.142551,1193.1,73.4,2.58,153,82,238,,True,1.9
430,32.939655,-117.142519,1196.0,73.4,2.68,153,81,244,,True,1.9
431,32.939653,-117.142496,1198.5,73.4,2.66,153,81,245,,True,-1.9
432,32.939649,-117.142466,1201.0,73.4,2.62,153,81,248,,True,-1.9
433,32.939644,-117.142436,1203.9,73.2,2.72,153,81,247,,True,-1.8
434,32.939637,-117.142411,1206.5,73.2,2.68,153,82,245,,True,-1.9
435,32.939633,-117.142375,1209.4,73.2,2.68,153,82,246,,True,0.0
436,32.939629,-117.142355,1211.8,73.2,2.66,153,82,246,,True,1.8
437,32.939627,-117.142329,1214.3,73.2,2.66,154,82,246,,True,1.9
438,32.939629,-117.142293,1217.4,73.4,2.7,154,82,246,,True,1.9
439,32.939625,-117.142272,1219.8,73.4,2.66,154,81,245,,True,3.7
440,32.939629,-117.142243,1222.4,73.4,2.6,154,82,246,,True,0.0
441,32.939637,-117.142214,1225.2,73.6,2.68,153,82,247,,True,0.0
442,32.939642,-117.14219,1227.6,73.4,2.66,154,82,247,,True,0.0
443,32.939653,-117.142157,1230.6,73.4,2.64,154,82,247,,True,-1.9
444,32.939662,-117.142131,1233.4,73.4,2.72,154,82,248,,True,0.0
445,32.93967,-117.142109,1235.9,73.4,2.7,154,82,248,,True,0.0
446,32.939688,-117.142078,1239.0,73.4,2.76,154,82,248,,True,1.9
447,32.939697,-117.142056,1241.6,73.4,2.8,154,80,249,,True,1.8
448,32.939709,-117.142037,1244.2,73.6,2.72,154,80,251,,True,1.8
449,32.939731,-117.142008,1247.2,73.6,2.76,154,80,252,,True,3.6
450,32.93974,-117.141986,1249.9,73.6,2.8,153,80,252,,True,1.8
451,32.939759,-117.141969,1252.6,73.8,2.72,154,81,257,,True,1.8
452,32.939786,-117.141951,1255.4,73.8,2.76,154,81,260,,True,3.7
453,32.939801,-117.141936,1258.1,73.8,2.78,153,81,260,,True,1.8
454,32.939821,-117.141922,1260.6,74.0,2.68,153,81,264,,True,3.7
455,32.939848,-117.1419,1263.8,74.0,2.78,153,81,267,,True,5.5
456,32.93986,-117.141885,1266.3,74.2,2.74,153,81,269,,True,3.7
457,32.939882,-117.141871,1269.0,74.4,2.72,153,81,273,,True,4.8
458,32.939905,-117.14186,1271.5,74.4,2.68,154,81,276,,True,4.0
459,32.939918,-117.141848,1273.6,74.6,2.6,153,80,277,,True,2.0
460,32.939941,-117.141829,1276.4,74.6,2.52,152,81,276,,True,2.0
461,32.939963,-117.141821,1279.0,74.6,2.54,152,81,275,,True,0.0
462,32.939978,-117.141808,1281.5,74.6,2.5,152,81,273,,True,0.0
463,32.940004,-117.14179,1284.4,74.6,2.58,151,80,273,,True,1.9
464,32.940024,-117.141776,1286.8,74.6,2.64,151,80,274,,True,1.8
465,32.940042,-117.14176,1289.6,74.8,2.64,151,80,277,,True,3.8
466,32.940068,-117.141742,1292.5,74.8,2.7,151,81,277,,True,5.9
467,32.940085,-117.141734,1294.8,75.0,2.66,151,82,275,,True,4.0
468,32.940104,-117.141734,1297.0,75.2,2.52,150,82,276,,True,3.3
469,32.940132,-117.141741,1299.6,75.2,2.56,150,82,278,,True,3.3
470,32.940149,-117.141733,1302.0,75.2,2.48,150,82,278,,True,2.0
471,32.940175,-117.141718,1304.7,75.2,2.44,149,82,277,,True,1.6
472,32.940189,-117.141705,1307.0,75.4,2.44,149,82,277,,True,2.0
473,32.940206,-117.141692,1309.2,75.4,2.44,150,82,277,,True,3.2
474,32.94023,-117.141672,1312.2,75.4,2.52,150,82,275,,True,2.0
475,32.940245,-117.141658,1314.5,75.6,2.5,150,81,274,,True,3.8
476,32.940261,-117.14164,1317.2,75.6,2.5,150,81,273,,True,4.0
477,32.940282,-117.141619,1319.8,75.8,2.56,149,81,273,,True,2.0
478,32.940294,-117.141605,1322.2,75.8,2.6,149,81,271,,True,3.4
479,32.940311,-117.141591,1324.6,75.8,2.48,149,81,273,,True,3.5
480,32.940337,-117.141582,1327.0,76.0,2.5,149,81,274,,True,3.5
481,32.940347,-117.141572,1328.8,76.0,2.32,150,81,274,,True,3.6
482,32.940368,-117.141564,1331.3,76.2,2.3,149,81,273,,True,1.7
483,32.940391,-117.141555,1333.6,76.2,2.28,149,81,272,,True,2.0
484,32.940405,-117.141542,1335.8,76.2,2.24,149,80,272,,True,1.9
485,32.940435,-117.141526,1338.8,76.2,2.36,149,81,271,,True,1.9
486,32.940451,-117.141508,1341.6,76.4,2.56,149,81,273,,True,3.6
487,32.94047,-117.141498,1344.2,76.4,2.58,149,81,274,,True,5.8
488,32.940496,-117.14148,1347.0,76.6,2.68,149,81,275,,True,4.0
489,32.940507,-117.141468,1349.1,76.8,2.66,149,81,273,,True,5.5
490,32.940524,-117.141456,1351.6,76.8,2.56,148,81,275,,True,3.8
491,32.940546,-117.141447,1353.6,77.0,2.4,149,82,274,,True,3.8
492,32.940552,-117.141434,1355.1,77.0,2.18,149,82,273,,True,4.0
493,32.940571,-117.141416,1357.5,77.0,2.1,148,81,273,,True,3.2
494,32.940589,-117.141408,1359.7,77.2,2.12,148,81,273,,True,3.6
495,32.940599,-117.141394,1361.5,77.2,1.98,148,81,270,,True,3.6
496,32.940621,-117.141372,1364.1,77.2,2.1,148,81,269,,True,3.5
497,32.940634,-117.141359,1366.3,77.4,2.24,148,81,268,,True,5.1
498,32.940645,-117.141344,1368.5,77.4,2.2,148,81,268,,True,7.4
499,32.940666,-117.14132,1371.2,77.6,2.3,148,81,269,,True,5.4
500,32.940673,-117.141306,1373.2,77.8,2.34,148,81,269,,True,7.5
501,32.94068,-117.141291,1374.9,78.0,2.16,149,81,271,,True,6.1
502,32.940695,-117.141262,1377.4,78.0,2.22,148,81,269,,True,5.0
503,32.940697,-117.141251,1379.1,78.2,2.12,148,81,266,,True,3.4
504,32.940706,-117.14123,1381.1,78.2,1.98,148,79,267,,True,2.0
505,32.940711,-117.141203,1383.1,78.2,1.98,148,79,265,,True,0.0
506,32.94071,-117.141185,1385.1,78.2,2.04,149,79,261,,True,1.9
507,32.940718,-117.141161,1387.6,78.2,2.04,149,80,260,,True,1.9
508,32.940722,-117.141135,1389.7,78.2,2.12,149,80,260,,True,1.8
509,32.940719,-117.141117,1391.7,78.4,2.12,149,81,257,,True,3.7
510,32.940723,-117.141094,1393.6,78.4,2.1,149,81,255,,True,3.7
511,32.940729,-117.141067,1396.0,78.4,2.18,150,81,253,,True,1.7
512,32.940727,-117.141046,1398.3,78.6,2.14,150,81,249,,True,0.0
513,32.940731,-117.141021,1400.6,78.6,2.18,150,81,248,,True,0.0
514,32.940735,-117.140993,1403.2,78.6,2.3,149,81,245,,True,-1.6
515,32.940735,-117.140972,1405.3,78.4,2.34,150,81,242,,True,-2.0
516,32.940738,-117.140941,1408.0,78.4,2.4,150,81,237,,True,-1.6
517,32.940741,-117.140914,1410.6,78.4,2.46,150,80,232,,True,0.0
518,32.940739,-117.14089,1412.8,78.4,2.44,149,80,228,,True,0.0
519,32.940738,-117.140853,1415.9,78.4,2.54,150,80,225,,True,0.0
520,32.940739,-117.140826,1418.4,78.4,2.62,150,81,222,,True,0.0
521,32.940739,-117.140794,1421.7,78.4,2.74,149,80,223,,True,0.0
522,32.940746,-117.140754,1425.1,78.4,2.9,149,80,222,,True,1.6
523,32.940745,-117.140734,1427.3,78.4,2.9,149,80,222,,True,1.6
524,32.940752,-117.1407,1430.8,78.6,2.98,150,81,222,,True,1.7
525,32.94076,-117.140662,1434.1,78.6,3.14,150,81,222,,True,1.6
526,32.94076,-117.140636,1436.8,78.6,3.02,150,81,223,,True,0.0
527,32.940763,-117.140598,1440.2,78.6,3.02,150,81,236,,True,0.0
528,32.940766,-117.140569,1443.1,78.6,3.16,150,82,236,,True,0.0
529,32.940769,-117.140542,1445.9,78.6,3.02,150,82,258,,True,0.0
530,32.940777,-117.140503,1449.1,78.6,3.0,150,82,258,,True,0.0
531,32.940776,-117.14048,1451.6,78.6,2.96,150,82,253,,True,1.7
532,32.940778,-117.14045,1454.4,78.6,2.84,150,82,244,,True,0.0
533,32.940779,-117.140411,1457.5,78.8,2.88,150,81,241,,True,0.0
534,32.940781,-117.140392,1459.8,78.6,2.78,150,81,240,,True,0.0
535,32.940788,-117.14036,1462.4,78.6,2.66,151,81,239,,True,-3.5
536,32.940792,-117.140322,1465.8,78.6,2.84,151,81,230,,True,-3.3
537,32.940792,-117.140296,1468.9,78.4,2.9,151,81,228,,True,-3.2
538,32.9408,-117.140262,1471.9,78.2,2.88,151,81,248,,True,-4.9
539,32.940804,-117.140231,1474.8,78.2,3.0,151,81,247,,True,-4.7
540,32.94081,-117.1402,1478.1,78.0,3.14,151,82,251,,True,-3.2
541,32.940823,-117.140158,1481.8,77.8,3.2,152,82,251,,True,-4.7
542,32.940817,-117.140133,1484.3,77.8,3.08,152,82,245,,True,-3.3
543,32.940819,-117.140095,1487.6,77.6,3.14,153,82,249,,True,-1.9
544,32.940819,-117.14007,1490.2,77.6,3.08,153,83,249,,True,0.0
545,32.94082,-117.140049,1492.3,77.6,2.84,154,84,247,,True,5.1
546,32.940825,-117.140018,1494.8,77.8,2.6,153,84,245,,True,5.0
547,32.940829,-117.139997,1497.0,78.0,2.54,153,84,240,,True,4.8
548,32.94083,-117.139972,1499.4,78.2,2.36,153,83,240,,True,4.0
549,32.940835,-117.139938,1502.2,78.2,2.4,153,82,239,,True,1.9
550,32.940838,-117.139916,1504.8,78.2,2.5,153,82,238,,True,0.0
551,32.940841,-117.139887,1507.4,78.2,2.52,152,82,239,,True,0.0
552,32.940843,-117.139861,1509.8,78.2,2.56,152,83,237,,True,0.0
553,32.940845,-117.139835,1512.2,78.2,2.56,152,83,236,,True,0.0
554,32.940847,-117.139799,1515.4,78.2,2.64,152,83,234,,True,1.7
555,32.94085,-117.13977,1518.1,78.2,2.66,151,83,234,,True,1.6
556,32.940856,-117.139729,1521.7,78.4,2.86,151,83,234,,True,1.6
557,32.940859,-117.139697,1525.0,78.4,3.04,151,84,234,,True,1.5
558,32.940858,-117.139667,1528.3,78.4,3.22,150,83,244,,True,1.7
559,32.940861,-117.139631,1531.1,78.4,3.14,150,83,250,,True,1.7
560,32.94086,-117.139607,1533.8,78.6,3.14,150,83,255,,True,3.5
561,32.94086,-117.139575,1536.5,78.6,2.96,150,84,255,,True,3.5
562,32.940861,-117.139542,1539.8,78.8,2.96,150,84,253,,True,1.8
563,32.940861,-117.13952,1542.5,78.8,2.84,149,84,253,,True,1.8
564,32.94086,-117.139488,1545.1,78.8,2.8,149,83,257,,True,0.0
565,32.940865,-117.139462,1547.7,78.8,2.78,149,83,259,,True,0.0
566,32.940868,-117.139438,1550.2,78.8,2.74,149,82,260,,True,0.0
567,32.940877,-117.139402,1553.1,78.8,2.66,150,82,260,,True,0.0
568,32.940877,-117.139373,1555.7,78.8,2.64,149,82,259,,True,0.0
569,32.940867,-117.13934,1558.7,78.8,2.72,149,82,259,,True,-1.9
570,32.940848,-117.13932,1561.3,78.8,2.72,150,82,260,,True,0.0
571,32.94083,-117.139308,1563.7,78.6,2.7,150,82,259,,True,0.0
572,32.940802,-117.139294,1566.5,78.8,2.68,150,82,259,,True,2.0
573,32.940784,-117.139287,1569.0,78.8,2.66,150,82,260,,True,5.5
574,32.940764,-117.139277,1571.4,79.0,2.54,151,81,262,,True,3.8
575,32.940735,-117.139259,1574.6,79.2,2.66,151,81,265,,True,3.7
576,32.940719,-117.13925,1577.1,79.2,2.68,151,81,265,,True,1.8
577,32.940698,-117.139238,1579.7,79.2,2.64,151,81,265,,True,-1.9
578,32.940672,-117.139226,1582.4,79.2,2.68,151,81,263,,True,-1.9
579,32.940653,-117.139222,1584.9,79.0,2.7,151,81,261,,True,-1.9
580,32.940628,-117.13921,1587.8,79.0,2.64,151,81,261,,True,-1.9
581,32.940606,-117.139194,1590.5,79.0,2.68,151,81,262,,True,-1.8
582,32.940586,-117.13919,1593.1,79.0,2.68,152,80,260,,True,-1.9
583,32.940556,-117.139189,1595.9,78.8,2.7,152,80,258,,True,-3.8
584,32.940534,-117.139186,1598.6,78.8,2.74,152,80,256,,True,-3.4
585,32.940511,-117.139184,1601.1,78.6,2.66,153,80,255,,True,-3.4
586,32.940476,-117.139179,1604.7,78.6,2.84,153,81,254,,True,-3.4
587,32.940453,-117.139171,1607.6,78.4,2.9,153,81,252,,True,-1.6
588,32.94043,-117.139171,1610.2,78.4,2.86,153,81,252,,True,-3.4
589,32.940395,-117.139171,1613.4,78.4,2.96,153,81,250,,True,-1.7
590,32.940373,-117.139171,1616.4,78.2,3.06,152,80,249,,True,-1.6
591,32.940347,-117.139166,1619.5,78.2,2.96,153,81,250,,True,-3.3
592,32.940313,-117.139157,1622.8,78.2,3.04,153,81,250,,True,-1.7
593,32.940292,-117.139157,1625.5,78.0,3.06,153,81,249,,True,-3.3
594,32.940263,-117.139161,1628.5,78.0,3.02,153,82,248,,True,-5.3
595,32.940234,-117.139165,1631.8,77.8,3.08,153,82,247,,True,-3.4
596,32.940215,-117.139173,1634.2,77.6,2.94,153,82,246,,True,-3.4
597,32.940186,-117.139181,1637.3,77.6,2.9,153,82,247,,True,-1.8
598,32.940161,-117.139187,1640.2,77.6,2.94,153,80,247,,True,-1.7
599,32.940142,-117.139193,1642.7,77.6,2.84,153,80,247,,True,-1.8
600,32.94011,-117.1392,1645.8,77.4,2.8,153,80,246,,True,-1.9
601,32.94009,-117.139203,1648.4,77.4,2.84,153,80,245,,True,-1.7
602,32.94007,-117.139201,1650.8,77.4,2.7,153,81,244,,True,0.0
603,32.940034,-117.139192,1654.4,77.4,2.84,153,81,242,,True,0.0
604,32.940014,-117.139185,1656.8,77.4,2.82,153,81,242,,True,0.0
605,32.939986,-117.139178,1660.1,77.4,2.86,153,81,243,,True,-1.7
606,32.939956,-117.139161,1663.6,77.4,3.04,153,81,244,,True,-3.2
607,32.939935,-117.139156,1666.0,77.2,3.04,153,81,242,,True,-4.8
608,32.939906,-117.139144,1669.2,77.0,2.96,153,81,239,,True,-5.0
609,32.939877,-117.139132,1672.6,76.8,3.16,152,81,239,,True,-4.8
610,32.939855,-117.139128,1675.6,76.8,3.1,152,81,237,,True,-3.3
611,32.939827,-117.139126,1678.4,76.6,2.96,152,80,238,,True,-3.6
612,32.939801,-117.13912,1681.3,76.6,3.06,152,80,236,,True,-3.6
613,32.939781,-117.139119,1683.8,76.4,2.92,151,80,235,,True,-3.6
614,32.939752,-117.139121,1686.6,76.4,2.8,151,81,234,,True,-3.6
615,32.939728,-117.139123,1689.5,76.2,2.78,151,81,233,,True,-3.4
616,32.939705,-117.139124,1692.3,76.2,2.78,150,81,232,,True,-3.3
617,32.939672,-117.139117,1695.7,76.0,2.88,150,81,232,,True,-3.3
618,32.939648,-117.139117,1698.6,76.0,2.96,149,80,232,,True,-3.2
619,32.939624,-117.139116,1701.6,75.8,3.0,149,81,235,,True,-3.4
620,32.939588,-117.139114,1704.7,75.8,3.04,148,81,235,,True,-3.4
621,32.939568,-117.13912,1707.5,75.6,3.04,148,81,234,,True,-1.7
622,32.939539,-117.139119,1710.4,75.6,2.94,147,82,234,,True,-3.4
623,32.939512,-117.139109,1713.5,75.6,2.98,147,82,234,,True,-1.7
624,32.93949,-117.139109,1716.4,75.4,2.96,147,82,234,,True,-3.3
625,32.939454,-117.139108,1719.5,75.4,2.96,147,82,235,,True,-4.8
626,32.93943,-117.139102,1722.7,75.2,3.04,147,82,236,,True,-3.1
627,32.939404,-117.139098,1726.0,75.0,3.12,147,82,235,,True,-3.1
628,32.939369,-117.139095,1729.1,75.0,3.12,146,82,236,,True,-1.6
629,32.939344,-117.139098,1732.3,75.0,3.18,146,82,238,,True,0.0
630,32.93932,-117.1391,1735.0,75.0,3.1,146,82,241,,True,0.0
631,32.939287,-117.139101,1738.1,75.0,3.08,146,81,243,,True,0.0
632,32.93927,-117.139104,1740.6,75.0,2.92,146,81,245,,True,0.0
633,32.939243,-117.139101,1743.1,75.0,2.8,146,81,247,,True,-13.0
634,32.939221,-117.13909,1745.7,75.0,2.68,147,81,248,,True,-8.9
635,32.939215,-117.139079,1747.3,75.0,2.46,147,80,250,,True,-6.8
713,32.939212,-117.139148,1747.3,73.8,0.02,112,0,0,,False,-6.2
714,32.939212,-117.139155,1747.7,73.8,0.005,115,0,0,,False,-7.8
715,32.939205,-117.139176,1749.3,74.0,0.025,117,0,0,,True,-8.3
716,32.939193,-117.139214,1752.4,74.2,0.063,118,0,0,,True,1.7
717,32.939189,-117.139244,1756.0,74.2,0.106,119,0,0,,True,1.5
718,32.939179,-117.139282,1759.4,74.0,0.106,119,83,0,,True,0.0
719,32.939171,-117.139318,1762.8,74.2,3.02,120,83,311,,True,0.0
720,32.939164,-117.139356,1766.4,74.2,3.42,120,83,323,,True,2.8
721,32.939156,-117.139398,1770.4,74.2,3.6,121,84,330,,True,1.4
722,32.939155,-117.139427,1773.6,74.4,3.52,122,84,333,,True,2.9
723,32.939146,-117.139466,1776.9,74.4,3.5,123,84,312,,True,3.1
724,32.939142,-117.139497,1780.2,74.6,3.48,124,84,305,,True,3.1
725,32.939139,-117.139528,1783.3,74.6,3.38,125,84,305,,True,3.1
726,32.939132,-117.139568,1786.7,74.8,3.26,126,83,306,,True,1.6
727,32.939132,-117.139594,1789.6,74.8,3.2,127,83,305,,True,1.6
728,32.939121,-117.139629,1792.7,74.8,3.16,128,83,298,,True,-1.6
729,32.939114,-117.139661,1795.7,74.8,3.1,129,83,290,,True,-1.5
730,32.939109,-117.139693,1799.0,74.6,3.14,130,83,289,,True,-1.5
731,32.939105,-117.139741,1803.0,74.6,3.26,131,83,290,,True,-1.4
732,32.939106,-117.139773,1806.4,74.6,3.36,131,83,289,,True,0.0
733,32.9391,-117.139812,1810.4,74.6,3.54,132,83,314,,True,-1.5
734,32.939092,-117.139849,1813.7,74.6,3.6,133,83,317,,True,-3.1
735,32.939091,-117.139874,1816.3,74.4,3.46,134,83,326,,True,-5.0
736,32.93909,-117.139911,1819.4,74.2,3.28,135,83,324,,True,-6.7
737,32.939089,-117.139944,1822.5,74.0,3.22,136,82,305,,True,-6.2
738,32.93909,-117.139976,1825.7,73.8,3.06,137,82,296,,True,-6.6
739,32.939095,-117.140016,1829.2,73.6,3.1,137,82,294,,True,-5.0
740,32.939099,-117.140039,1831.6,73.4,3.06,138,82,294,,True,-5.2
741,32.9391,-117.140068,1834.4,73.4,3.0,138,82,293,,True,-3.6
742,32.939099,-117.140104,1837.3,73.2,2.96,139,82,268,,True,-3.3
743,32.939104,-117.140131,1840.2,73.2,2.9,139,81,267,,True,-4.8
744,32.939107,-117.140168,1843.6,73.0,2.88,139,81,269,,True,-4.8
745,32.939105,-117.140204,1847.0,72.8,3.08,138,82,268,,True,-6.2
746,32.939108,-117.140231,1849.9,72.6,3.1,138,82,282,,True,-6.2
747,32.939108,-117.140273,1853.1,72.4,3.16,138,82,285,,True,-4.6
748,32.93911,-117.140308,1856.6,72.2,3.28,138,82,281,,True,-4.3
749,32.939109,-117.140342,1860.0,72.2,3.28,138,81,277,,True,-2.9
750,32.939109,-117.140387,1863.8,72.0,3.36,138,81,275,,True,-2.9
751,32.939109,-117.140415,1866.8,72.0,3.38,139,81,272,,True,-4.4
752,32.939112,-117.140454,1870.2,71.8,3.42,139,81,270,,True,-3.1
753,32.939117,-117.140491,1873.7,71.6,3.42,140,82,269,,True,-4.5
754,32.939121,-117.14052,1876.9,71.6,3.38,140,82,264,,True,-3.1
755,32.939122,-117.140555,1880.1,71.4,3.26,140,82,264,,True,-1.7
756,32.939123,-117.140585,1883.0,71.4,3.24,140,82,262,,True,-1.7
757,32.939121,-117.140617,1885.8,71.4,3.12,140,82,260,,True,-1.7
758,32.939118,-117.14065,1888.5,71.4,2.96,140,82,258,,True,-1.6
759,32.93912,-117.140682,1892.0,71.2,3.02,140,83,257,,True,-1.7
760,32.93912,-117.140717,1895.3,71.2,3.04,141,83,256,,True,-1.7
761,32.939124,-117.140745,1897.5,71.2,2.9,141,83,258,,True,0.0
762,32.939123,-117.140775,1900.4,71.2,2.92,141,83,261,,True,0.0
763,32.93912,-117.140818,1904.1,71.2,3.12,141,83,262,,True,0.0
764,32.93912,-117.140846,1907.0,71.2,3.0,140,83,263,,True,0.0
765,32.939115,-117.140889,1910.9,71.2,3.12,140,82,265,,True,-1.5
766,32.939109,-117.140924,1914.3,71.2,3.36,140,82,267,,True,-2.8
767,32.939109,-117.140955,1917.4,71.0,3.4,140,82,269,,True,-3.0
768,32.939105,-117.140995,1921.1,70.8,3.4,140,82,270,,True,-1.5
769,32.939109,-117.141029,1924.1,70.8,3.42,140,82,277,,True,0.0
770,32.939108,-117.141063,1927.6,71.0,3.34,141,82,269,,True,3.1
771,32.939101,-117.141102,1931.2,71.0,3.38,140,82,289,,True,4.7
772,32.939101,-117.14113,1934.1,71.2,3.34,140,83,293,,True,3.2
773,32.939099,-117.141164,1936.8,71.4,3.14,140,83,292,,True,1.7
774,32.939098,-117.141199,1940.1,71.4,3.2,141,83,285,,True,0.0
775,32.9391,-117.141226,1943.0,71.2,3.08,141,83,281,,True,-1.5
776,32.939094,-117.141267,1946.4,71.2,3.04,141,82,279,,True,-1.5
777,32.939095,-117.141301,1949.8,71.2,3.14,141,82,283,,True,0.0
778,32.939086,-117.141332,1953.2,71.2,3.28,142,82,285,,True,1.6
779,32.939082,-117.141368,1956.2,71.2,3.22,143,83,292,,True,1.6
780,32.939084,-117.141396,1959.2,71.4,3.24,143,83,296,,True,1.8
781,32.939082,-117.141427,1962.2,71.4,3.16,143,83,295,,True,1.9
782,32.939083,-117.141454,1964.5,71.4,2.94,144,83,293,,True,0.0
783,32.939085,-117.141478,1966.9,71.4,2.74,144,83,292,,True,0.0
784,32.939079,-117.141515,1969.8,71.4,2.72,145,82,290,,True,0.0
785,32.939081,-117.141541,1972.5,71.4,2.66,145,82,288,,True,0.0
786,32.93908,-117.141577,1975.9,71.4,2.74,145,82,288,,True,0.0
787,32.939077,-117.141611,1979.1,71.4,2.92,145,82,287,,True,0.0
788,32.939081,-117.141635,1981.5,71.4,2.92,146,82,287,,True,0.0
789,32.939083,-117.141672,1984.8,71.4,3.0,146,82,287,,True,0.0
790,32.939083,-117.141704,1987.8,71.4,3.06,146,82,286,,True,0.0
791,32.939084,-117.141735,1990.7,71.4,2.96,147,82,286,,True,0.0
792,32.939083,-117.141771,1993.7,71.4,2.92,147,81,287,,True,0.0
793,32.939084,-117.1418,1996.4,71.4,2.98,148,81,286,,True,-1.6
794,32.939077,-117.141838,2000.2,71.4,3.08,148,81,286,,True,-1.5
795,32.939061,-117.141873,2003.6,71.2,3.16,148,82,286,,True,-1.5
796,32.939052,-117.141903,2006.8,71.2,3.22,148,82,286,,True,-1.6
797,32.939032,-117.141932,2010.0,71.2,3.26,149,82,287,,True,0.0
798,32.93901,-117.141952,2013.0,71.2,3.32,149,82,285,,True,0.0
799,32.938986,-117.141969,2016.4,71.2,3.24,149,82,286,,True,0.0
800,32.938949,-117.141984,2020.3,71.2,3.34,149,82,284,,True,0.0
801,32.938929,-117.141995,2023.4,71.2,3.32,149,82,284,,True,-1.5
802,32.938901,-117.141998,2026.3,71.2,3.26,149,82,286,,True,-1.5
803,32.938865,-117.14199,2029.9,71.0,3.38,149,82,284,,True,-2.9
804,32.938838,-117.141989,2033.3,71.0,3.38,150,82,283,,True,-4.3
805,32.9388,-117.141983,2037.0,70.8,3.34,150,82,284,,True,-2.9
806,32.938771,-117.141982,2040.4,70.6,3.4,151,81,283,,True,-2.8
807,32.938745,-117.141978,2043.9,70.6,3.52,152,82,284,,True,0.0
808,32.93871,-117.141972,2047.5,70.6,3.52,152,82,285,,True,1.6
809,32.938688,-117.141968,2050.3,70.8,3.4,152,82,285,,True,1.6
810,32.938661,-117.141972,2053.3,70.8,3.26,153,82,286,,True,1.8
811,32.93863,-117.141975,2056.3,70.8,3.18,153,82,284,,True,-1.8
812,32.938614,-117.141982,2058.6,70.8,2.94,153,82,284,,True,-1.9
813,32.938592,-117.14199,2061.2,70.6,2.74,153,82,284,,True,-3.9
814,32.938564,-117.141996,2064.0,70.6,2.74,153,81,282,,True,-5.6
815,32.938545,-117.142006,2066.5,70.4,2.64,152,81,281,,True,-3.6
816,32.938515,-117.142008,2069.4,70.2,2.62,152,81,279,,True,-5.3
817,32.938491,-117.142001,2072.4,70.2,2.76,152,81,277,,True,-3.3
818,32.938467,-117.141992,2075.3,70.0,2.82,152,81,275,,True,-1.6
819,32.938433,-117.141979,2078.5,70.0,2.9,151,82,273,,True,-1.7
820,32.938407,-117.141975,2081.6,70.0,3.02,151,83,272,,True,0.0
821,32.93838,-117.141971,2084.2,70.0,2.96,150,83,270,,True,0.0
822,32.938357,-117.141983,2086.8,70.0,2.88,150,83,270,,True,0.0
823,32.938349,-117.142,2088.7,70.0,2.68,149,83,268,,True,-1.7
824,32.93835,-117.142028,2090.8,70.0,2.46,149,81,268,,True,-1.7
825,32.938356,-117.142057,2093.3,70.0,2.34,149,81,270,,True,-1.7
826,32.938365,-117.14208,2095.8,69.8,2.32,148,81,269,,True,-1.6
827,32.938376,-117.142107,2098.5,69.8,2.34,148,81,266,,True,-1.6
828,32.938387,-117.142125,2100.6,69.8,2.38,148,81,247,,True,0.0
829,32.938406,-117.142141,2103.1,69.8,2.46,148,81,244,,True,0.0
830,32.938422,-117.142165,2105.6,69.8,2.46,148,81,232,,True,-1.7
831,32.938431,-117.14218,2107.7,69.8,2.38,148,81,229,,True,-1.7
832,32.938436,-117.14221,2110.1,69.8,2.32,149,82,228,,True,-1.7
833,32.938435,-117.142241,2112.5,69.6,2.38,148,82,222,,True,-2.0
834,32.938433,-117.142266,2115.0,69.6,2.38,148,82,222,,True,-1.9
835,32.938421,-117.142299,2117.7,69.6,2.42,148,82,226,,True,1.9
836,32.938401,-117.14232,2120.5,69.6,2.56,148,82,231,,True,1.8
837,32.938382,-117.142337,2123.1,69.8,2.6,148,82,239,,True,1.8
838,32.938361,-117.142358,2126.1,69.8,2.72,148,82,243,,True,1.8
839,32.93835,-117.14238,2128.8,69.8,2.76,148,82,244,,True,0.0
840,32.938341,-117.142403,2131.4,69.8,2.74,148,81,246,,True,0.0
841,32.938335,-117.142438,2134.0,69.8,2.7,149,81,245,,True,0.0
842,32.938328,-117.142464,2136.9,69.8,2.76,150,81,245,,True,0.0
843,32.938307,-117.142481,2139.4,69.8,2.66,150,82,245,,True,-1.9
844,32.938284,-117.142498,2142.2,69.8,2.68,151,82,243,,True,-1.8
845,32.938264,-117.142511,2144.8,69.6,2.68,151,81,244,,True,-1.8
846,32.938236,-117.142531,2148.1,69.6,2.82,152,81,243,,True,-1.8
847,32.938224,-117.142549,2150.3,69.6,2.68,152,81,244,,True,0.0
848,32.938212,-117.142579,2153.2,69.6,2.76,152,81,243,,True,0.0
849,32.938207,-117.142618,2156.5,69.6,2.86,151,81,247,,True,-1.6
850,32.938209,-117.142647,2159.7,69.6,2.98,151,81,248,,True,-1.6
851,32.93821,-117.142681,2163.2,69.4,3.02,151,81,258,,True,-3.4
852,32.938206,-117.142712,2165.9,69.4,3.12,151,81,265,,True,-3.5
853,32.938202,-117.142734,2168.3,69.2,3.02,152,81,267,,True,-1.9
854,32.938192,-117.142765,2171.0,69.2,2.9,151,81,266,,True,-2.0
855,32.938184,-117.14279,2173.5,69.2,2.76,151,82,249,,True,-1.9
856,32.938171,-117.142813,2176.1,69.2,2.58,150,82,245,,True,-2.0
857,32.93816,-117.142843,2178.9,69.0,2.6,150,82,243,,True,-3.8
858,32.938158,-117.142863,2181.2,69.0,2.58,150,82,241,,True,-3.7
859,32.938159,-117.142898,2183.9,68.8,2.58,150,82,240,,True,-1.9
860,32.938174,-117.142924,2187.0,68.8,2.7,150,82,234,,True,-1.8
861,32.938185,-117.142946,2189.7,68.8,2.72,150,82,234,,True,0.0
862,32.938193,-117.142976,2192.1,68.8,2.64,150,82,238,,True,0.0
863,32.938195,-117.142999,2194.5,68.8,2.66,150,82,238,,True,1.9
864,32.93819,-117.143035,2197.4,68.8,2.7,150,82,237,,True,1.8
865,32.938183,-117.143065,2200.5,69.0,2.7,150,82,236,,True,0.0
866,32.938177,-117.143087,2203.1,69.0,2.68,150,82,236,,True,0.0
867,32.938173,-117.14312,2205.9,68.8,2.76,150,82,237,,True,-1.9
868,32.938176,-117.143143,2208.2,68.8,2.74,151,82,238,,True,-1.9
869,32.938177,-117.143171,2211.0,68.8,2.72,151,82,239,,True,0.0
870,32.938187,-117.143205,2213.8,68.8,2.66,151,82,239,,True,0.0
871,32.938193,-117.143226,2216.1,68.8,2.6,151,82,237,,True,0.0
872,32.938194,-117.14326,2219.3,68.8,2.68,151,82,238,,True,-1.9
873,32.938188,-117.143289,2221.9,68.8,2.74,151,82,238,,True,-1.9
874,32.938184,-117.14331,2224.1,68.6,2.62,151,82,239,,True,-1.7
875,32.938177,-117.143335,2226.6,68.6,2.56,151,82,239,,True,-1.8
876,32.938176,-117.143361,2228.7,68.8,2.52,151,82,238,,True,1.7
877,32.938174,-117.143382,2230.9,68.6,2.32,151,81,237,,True,1.8
878,32.938175,-117.14341,2233.3,68.6,2.28,152,81,236,,True,0.0
879,32.938186,-117.143433,2235.6,68.8,2.3,151,81,235,,True,1.7
880,32.938193,-117.143456,2237.7,68.8,2.22,151,81,235,,True,0.0
881,32.938198,-117.143486,2240.5,68.8,2.36,150,81,234,,True,-1.6
882,32.938201,-117.143506,2242.7,68.8,2.36,150,81,234,,True,-2.0
883,32.9382,-117.143536,2245.4,68.6,2.42,150,81,233,,True,-4.0
884,32.938192,-117.143567,2247.9,68.6,2.46,149,82,232,,True,-3.7
885,32.938194,-117.143593,2250.5,68.4,2.56,149,81,232,,True,-1.7
886,32.938199,-117.143627,2253.5,68.4,2.6,149,81,231,,True,-1.8
887,32.938211,-117.143659,2256.9,68.4,2.84,149,81,232,,True,1.7
888,32.938219,-117.143679,2259.3,68.4,2.78,149,81,233,,True,1.7
889,32.938235,-117.143712,2262.5,68.6,2.92,149,81,233,,True,1.8
890,32.938247,-117.143738,2265.4,68.6,2.98,149,81,234,,True,0.0
891,32.938258,-117.143759,2268.1,68.6,2.92,149,81,235,,True,-1.7
892,32.93827,-117.143794,2271.1,68.4,2.84,149,81,235,,True,-1.7
893,32.938277,-117.14382,2274.0,68.4,2.94,148,81,236,,True,-1.7
894,32.93828,-117.14385,2277.1,68.4,2.92,148,81,237,,True,0.0
895,32.938276,-117.143886,2280.2,68.4,2.96,148,81,237,,True,0.0
896,32.938277,-117.143908,2282.6,68.4,2.9,148,81,239,,True,0.0
897,32.938275,-117.143937,2285.0,68.4,2.78,148,81,240,,True,1.7
898,32.938275,-117.143968,2287.5,68.4,2.7,148,82,240,,True,1.6
899,32.938279,-117.143991,2290.0,68.4,2.58,148,82,237,,True,2.0
900,32.938289,-117.144015,2292.3,68.6,2.42,148,82,238,,True,2.0
901,32.938303,-117.144037,2295.1,68.6,2.5,147,82,238,,True,3.8
902,32.938315,-117.14406,2297.6,68.6,2.52,147,82,238,,True,1.8
903,32.938324,-117.144097,2300.6,68.8,2.62,147,82,239,,True,1.8
904,32.938326,-117.14412,2303.3,68.8,2.66,147,81,240,,True,1.8
905,32.938328,-117.144153,2306.2,68.8,2.78,147,82,241,,True,0.0
906,32.938323,-117.144179,2308.7,68.8,2.72,147,82,242,,True,0.0
907,32.938319,-117.144201,2311.0,68.8,2.68,147,82,243,,True,-2.0
908,32.938313,-117.144237,2313.9,68.8,2.66,147,84,241,,True,-3.7
909,32.938307,-117.144262,2316.4,68.6,2.62,147,83,240,,True,-3.3
910,32.938308,-117.144295,2319.5,68.4,2.66,147,81,241,,True,-5.1
911,32.938313,-117.144333,2323.0,68.4,2.86,147,81,243,,True,-3.2
912,32.938313,-117.144358,2325.6,68.2,2.92,147,81,244,,True,-1.7
913,32.93831,-117.144395,2328.8,68.2,2.98,147,82,249,,True,-1.8
914,32.938314,-117.144421,2331.5,68.2,3.02,147,83,248,,True,0.0
915,32.938322,-117.144446,2334.1,68.2,2.92,147,83,249,,True,0.0
916,32.938326,-117.144479,2336.7,68.2,2.74,147,83,248,,True,0.0
917,32.938327,-117.144502,2339.2,68.2,2.72,147,83,244,,True,0.0
918,32.938323,-117.144532,2342.1,68.2,2.66,147,82,245,,True,0.0
919,32.938317,-117.144565,2345.0,68.2,2.7,147,82,245,,True,0.0
920,32.938315,-117.144585,2347.3,68.2,2.64,147,82,245,,True,-2.0
921,32.938315,-117.144616,2350.0,68.2,2.66,147,82,244,,True,-2.0
922,32.938317,-117.144642,2352.1,68.0,2.58,148,82,243,,True,-1.9
923,32.938321,-117.144669,2355.1,68.0,2.6,147,82,243,,True,0.0
924,32.938332,-117.144705,2358.0,68.0,2.6,147,82,240,,True,1.7
925,32.938335,-117.144732,2360.8,68.2,2.7,147,82,241,,True,3.5
926,32.93833,-117.14476,2363.9,68.2,2.78,147,82,242,,True,3.8
927,32.93832,-117.144796,2366.6,68.4,2.9,147,82,243,,True,1.8
928,32.938314,-117.144816,2368.6,68.4,2.7,147,82,245,,True,2.1
929,32.938323,-117.144829,2370.3,68.4,2.46,147,82,245,,True,3.4
930,32.938342,-117.144819,2371.9,68.4,2.22,147,82,242,,True,3.6
931,32.938353,-117.144806,2373.6,68.4,1.94,147,81,243,,True,5.6
932,32.938378,-117.1448,2375.8,68.6,1.84,147,81,243,,True,8.5
933,32.938394,-117.144813,2377.7,68.8,1.82,147,81,244,,True,11.2
934,32.938405,-117.144826,2379.4,69.0,1.82,147,80,246,,True,11.7
935,32.938414,-117.144855,2382.0,69.4,2.02,147,81,238,,True,11.4
936,32.938418,-117.144879,2384.3,69.6,2.14,146,81,234,,True,12.5
937,32.938422,-117.144894,2386.1,69.8,2.06,146,81,239,,True,11.5
938,32.938426,-117.144916,2388.2,70.0,2.1,146,81,245,,True,11.1
939,32.938436,-117.144943,2390.6,70.4,2.24,145,80,247,,True,10.4
940,32.93844,-117.144957,2392.4,70.6,2.08,145,80,259,,True,8.6
941,32.938449,-117.144983,2395.1,70.8,2.16,145,80,268,,True,3.5
942,32.938456,-117.145012,2397.6,71.0,2.3,145,77,282,,True,1.7
943,32.938462,-117.145031,2399.8,71.0,2.32,145,77,290,,True,0.0
944,32.938464,-117.145056,2402.1,70.8,2.3,146,77,293,,True,-1.8
945,32.938457,-117.145085,2404.4,70.8,2.4,147,78,292,,True,-1.8
946,32.938455,-117.145102,2406.4,70.8,2.26,148,80,286,,True,0.0
947,32.938457,-117.145128,2408.6,70.8,2.2,149,80,285,,True,0.0
948,32.93846,-117.145157,2411.2,70.8,2.28,150,80,278,,True,0.0
949,32.938461,-117.14518,2413.8,70.8,2.34,151,81,276,,True,0.0
950,32.93846,-117.145209,2416.2,70.8,2.36,151,80,281,,True,0.0
951,32.938465,-117.145235,2418.6,70.8,2.44,151,80,280,,True,0.0
952,32.93847,-117.145261,2421.3,70.8,2.54,151,80,279,,True,-1.9
953,32.938478,-117.145296,2424.6,70.8,2.68,152,81,272,,True,0.0
954,32.938481,-117.145316,2426.8,70.6,2.6,152,81,268,,True,-1.9
955,32.938472,-117.145339,2428.9,70.8,2.54,152,81,273,,True,-2.0
956,32.938457,-117.145374,2431.9,70.6,2.66,152,81,271,,True,0.0
957,32.938455,-117.145398,2434.6,70.6,2.66,152,81,266,,True,-1.8
958,32.93845,-117.145434,2438.0,70.6,2.68,152,81,264,,True,0.0
959,32.938448,-117.14546,2440.3,70.6,2.7,152,81,258,,True,0.0
960,32.938453,-117.145482,2442.5,70.6,2.72,153,81,263,,True,0.0
961,32.938459,-117.145515,2445.4,70.6,2.7,153,81,261,,True,0.0
962,32.938464,-117.145542,2448.1,70.6,2.7,153,81,249,,True,0.0
963,32.938474,-117.145562,2450.4,70.6,2.48,153,81,245,,True,0.0
964,32.938479,-117.145594,2453.2,70.6,2.58,153,81,240,,True,1.7
965,32.93848,-117.145618,2455.6,70.6,2.62,152,81,239,,True,1.7
966,32.938483,-117.14564,2457.7,70.8,2.46,152,80,240,,True,1.8
967,32.938487,-117.145669,2460.0,70.8,2.38,152,80,239,,True,0.0
968,32.938488,-117.14569,2462.2,70.8,2.36,152,80,233,,True,-1.8
969,32.938485,-117.145714,2464.6,70.8,2.28,152,80,231,,True,-1.8
970,32.938474,-117.145745,2466.9,70.6,2.26,152,81,227,,True,-3.7
971,32.938469,-117.145762,2469.1,70.6,2.28,152,81,223,,True,-5.8
972,32.938461,-117.145781,2471.3,70.6,2.26,151,81,221,,True,-5.5
973,32.938453,-117.145797,2473.0,70.4,2.16,151,81,219,,True,-10.6
974,32.938441,-117.145816,2475.0,70.2,2.08,151,81,218,,True,-13.7
975,32.938425,-117.145841,2477.8,70.0,2.18,150,81,213,,True,-14.0
976,32.938416,-117.145864,2480.4,69.4,2.26,149,81,210,,True,-15.0
977,32.938394,-117.145906,2484.4,68.8,2.62,149,81,209,,True,-14.4
978,32.938373,-117.145939,2488.3,68.2,3.06,148,79,206,,True,-12.2
979,32.938355,-117.145977,2493.1,67.8,3.62,148,79,200,,True,-10.6
980,32.938333,-117.14601,2496.8,67.4,3.8,148,83,195,,True,-8.1
981,32.938323,-117.146034,2499.5,67.2,3.82,148,83,185,,True,-6.3
982,32.938308,-117.146073,2503.2,67.0,3.76,148,83,206,,True,-3.4
983,32.938295,-117.146096,2505.8,67.0,3.5,148,83,204,,True,-1.6
984,32.938286,-117.146118,2508.6,67.0,3.1,148,83,216,,True,-1.8
985,32.938274,-117.146155,2511.8,67.0,3.0,148,83,212,,True,0.0
986,32.938269,-117.14618,2514.6,66.8,3.02,148,83,201,,True,-1.8
987,32.938257,-117.146203,2517.3,67.0,2.82,148,82,198,,True,-2.0
988,32.938236,-117.146219,2519.8,66.8,2.8,148,82,196,,True,-1.7
989,32.93822,-117.146233,2521.9,66.8,2.66,149,82,196,,True,-5.2
990,32.9382,-117.146243,2524.3,66.8,2.5,149,82,192,,True,-5.3
991,32.938177,-117.146257,2526.7,66.6,2.42,149,81,186,,True,-7.1
992,32.938159,-117.146271,2528.9,66.4,2.32,149,80,186,,True,-7.0
993,32.938153,-117.146295,2531.2,66.2,2.28,149,80,186,,True,-3.4
994,32.938151,-117.146318,2533.2,66.0,2.26,149,80,185,,True,0.0
995,32.938152,-117.146345,2535.8,66.0,2.3,148,81,186,,True,3.3
996,32.938154,-117.146379,2538.4,66.2,2.34,148,83,189,,True,5.9
997,32.938157,-117.146401,2540.7,66.4,2.36,148,83,191,,True,5.8
998,32.938154,-117.146432,2543.4,66.6,2.44,147,83,195,,True,5.7
999,32.938127,-117.14645,2546.2,66.6,2.6,148,82,202,,True,3.6
1000,32.938106,-117.146464,2549.0,66.8,2.64,148,81,204,,True,1.8
1001,32.938086,-117.146478,2551.8,66.8,2.68,148,81,215,,True,0.0
1002,32.938063,-117.146502,2554.7,66.8,2.8,148,81,222,,True,-3.5
1003,32.938052,-117.146522,2557.0,66.6,2.72,148,81,225,,True,-5.3
1004,32.938037,-117.146552,2560.3,66.4,2.82,148,81,226,,True,-5.8
1005,32.938031,-117.146585,2563.1,66.2,2.82,147,81,229,,True,-3.8
1006,32.93803,-117.146606,2565.1,66.2,2.66,148,81,232,,True,-1.7
1007,32.938029,-117.146636,2567.5,66.2,2.56,148,81,232,,True,0.0
1008,32.93803,-117.146664,2570.1,66.2,2.62,148,81,220,,True,1.7
1009,32.938036,-117.146679,2572.1,66.2,2.36,148,81,220,,True,1.8
1010,32.938049,-117.146702,2574.3,66.2,2.24,148,81,220,,True,3.4
1011,32.938068,-117.14672,2576.6,66.4,2.3,147,80,218,,True,3.2
1012,32.938082,-117.146731,2578.8,66.4,2.26,147,79,218,,True,3.8
1013,32.938112,-117.146741,2581.7,66.6,2.32,147,79,219,,True,3.7
1014,32.938133,-117.146766,2584.7,66.6,2.52,147,79,221,,True,1.7
1015,32.938147,-117.146788,2587.5,66.8,2.64,147,79,226,,True,0.0
1016,32.938157,-117.146816,2590.4,66.6,2.76,146,80,232,,True,0.0
1017,32.938162,-117.146846,2593.0,66.6,2.84,147,80,236,,True,-1.9
1018,32.93817,-117.146868,2595.5,66.6,2.76,147,80,239,,True,0.0
1019,32.938181,-117.146898,2598.3,66.6,2.72,147,80,239,,True,0.0
1020,32.938194,-117.146927,2601.2,66.6,2.74,147,81,239,,True,1.8
1021,32.938204,-117.146949,2604.0,66.6,2.72,147,81,240,,True,0.0
1022,32.938212,-117.146982,2606.7,66.8,2.74,147,81,242,,True,0.0
1023,32.938217,-117.147014,2609.6,66.6,2.82,147,80,244,,True,0.0
1024,32.938218,-117.147046,2613.0,66.6,2.94,148,80,243,,True,-3.4
1025,32.938225,-117.147082,2616.2,66.6,3.0,148,80,244,,True,-1.6
1026,32.938228,-117.147107,2618.6,66.4,2.92,149,80,248,,True,-3.3
1027,32.938219,-117.14714,2622.0,66.4,3.06,149,80,248,,True,-3.5
1028,32.938204,-117.147173,2625.0,66.2,3.08,150,81,247,,True,-3.5
1029,32.938194,-117.147193,2627.6,66.2,2.92,150,81,247,,True,-3.7
1030,32.938176,-117.147222,2630.0,66.0,2.76,150,81,243,,True,-1.8
1031,32.93817,-117.147251,2632.8,66.0,2.84,150,82,242,,True,-1.8
1032,32.938164,-117.147282,2636.0,66.0,2.8,150,82,241,,True,0.0
1033,32.938158,-117.14731,2638.6,66.0,2.72,150,83,239,,True,0.0
1034,32.938158,-117.147336,2641.2,66.0,2.72,150,83,240,,True,1.8
1035,32.938157,-117.14737,2644.4,66.0,2.88,150,83,240,,True,1.8
1036,32.938157,-117.147404,2647.3,66.2,2.9,150,83,241,,True,3.5
1037,32.93816,-117.147424,2649.8,66.2,2.76,150,83,242,,True,3.7
1038,32.938157,-117.147457,2652.5,66.4,2.78,150,83,242,,True,3.8
1039,32.938147,-117.147485,2655.3,66.4,2.82,150,83,243,,True,1.8
1040,32.938144,-117.147505,2657.8,66.6,2.68,151,81,244,,True,-1.9
1041,32.938143,-117.147544,2660.7,66.4,2.68,151,81,244,,True,-3.5
1042,32.93814,-117.14757,2663.3,66.2,2.7,151,81,243,,True,-5.0
1043,32.938133,-117.147606,2666.7,66.0,2.84,151,81,242,,True,-5.1
1044,32.938138,-117.147643,2669.8,66.0,2.9,151,82,242,,True,-3.4
1045,32.938143,-117.147665,2672.4,65.8,2.92,151,82,244,,True,0.0
1046,32.938158,-117.147697,2675.2,65.8,2.9,151,82,244,,True,0.0
1047,32.938165,-117.147727,2678.0,66.0,2.94,151,82,244,,True,1.6
1048,32.938172,-117.147758,2681.3,66.0,2.92,152,82,244,,True,1.7
1049,32.938173,-117.147797,2684.6,66.0,2.96,152,82,244,,True,0.0
1050,32.938168,-117.147821,2687.3,66.0,2.98,153,82,247,,True,0.0
1051,32.938164,-117.147851,2690.1,66.0,2.98,153,82,248,,True,0.0
1052,32.938161,-117.147886,2693.2,66.0,3.04,154,82,247,,True,0.0
1053,32.938162,-117.147907,2695.4,66.0,2.82,155,82,246,,True,-1.9
1054,32.938175,-117.147933,2697.9,66.0,2.66,155,82,247,,True,0.0
1055,32.938197,-117.147948,2700.4,65.8,2.62,155,82,246,,True,0.0
1056,32.938215,-117.147962,2702.9,66.0,2.56,156,81,247,,True,1.7
1057,32.938237,-117.147978,2705.5,66.0,2.46,156,82,247,,True,3.5
1058,32.938247,-117.147991,2707.6,66.2,2.44,156,82,246,,True,1.8
1059,32.938259,-117.148009,2709.6,66.2,2.34,156,82,245,,True,1.9
1060,32.938273,-117.148031,2711.8,66.2,2.28,156,83,245,,True,-1.8
1061,32.938281,-117.148049,2713.8,66.2,2.18,156,82,243,,True,-1.7
1062,32.938293,-117.148067,2716.1,66.2,2.12,155,82,245,,True,-3.3
1063,32.938301,-117.148103,2719.0,66.0,2.28,155,82,244,,True,-3.9
1064,32.938308,-117.148123,2721.4,66.0,2.36,155,80,245,,True,-5.5
1065,32.938315,-117.148153,2724.1,65.8,2.46,155,79,244,,True,-5.6
1066,32.938318,-117.148185,2727.0,65.6,2.64,156,79,244,,True,-5.5
1067,32.938323,-117.14821,2729.7,65.4,2.72,155,79,244,,True,-3.7
1068,32.938324,-117.148242,2732.3,65.4,2.66,154,81,243,,True,-1.9
1069,32.93832,-117.14827,2734.9,65.4,2.7,154,83,240,,True,0.0
1070,32.938318,-117.148294,2737.3,65.4,2.64,154,83,239,,True,0.0
1071,32.938311,-117.148325,2739.9,65.4,2.58,153,83,238,,True,0.0
1072,32.938301,-117.148349,2742.6,65.4,2.58,153,81,237,,True,0.0
1073,32.938292,-117.148367,2744.7,65.4,2.48,153,81,237,,True,0.0
1074,32.938273,-117.148395,2747.6,65.4,2.54,153,81,237,,True,1.9
1075,32.938261,-117.148417,2750.3,65.4,2.6,153,80,238,,True,1.8
1076,32.938251,-117.148438,2752.9,65.6,2.6,153,80,238,,True,1.8
1077,32.938231,-117.148465,2755.9,65.6,2.66,152,79,238,,True,1.9
1078,32.938229,-117.148489,2758.5,65.6,2.76,152,79,238,,True,0.0
1079,32.938224,-117.148512,2760.9,65.6,2.66,152,79,240,,True,0.0
1080,32.938225,-117.148536,2762.9,65.6,2.52,152,80,240,,True,0.0
1081,32.938229,-117.148555,2764.9,65.6,2.4,152,81,239,,True,0.0
1082,32.938232,-117.148582,2767.5,65.6,2.32,151,81,236,,True,-1.6
1083,32.938234,-117.148613,2769.9,65.6,2.28,152,81,234,,True,-1.9
1084,32.938236,-117.148637,2772.1,65.6,2.24,152,81,233,,True,-1.9
1085,32.938239,-117.148667,2775.2,65.4,2.46,151,80,233,,True,-3.3
1086,32.938239,-117.148694,2777.8,65.4,2.58,151,80,233,,True,-3.4
1087,32.938236,-117.148711,2779.8,65.2,2.46,151,80,233,,True,-3.6
1088,32.93823,-117.148734,2781.9,65.2,2.4,151,81,231,,True,-3.4
1089,32.938232,-117.148761,2783.9,65.2,2.36,151,81,230,,True,-1.6
1090,32.938236,-117.148789,2786.4,65.0,2.24,150,81,228,,True,-2.0
1091,32.938232,-117.14882,2789.4,65.0,2.32,150,81,226,,True,-1.9
1092,32.938227,-117.148848,2792.0,65.0,2.44,149,81,226,,True,-1.9
1093,32.938233,-117.14887,2794.5,65.0,2.52,148,80,227,,True,-1.9
1094,32.938245,-117.148894,2796.9,64.8,2.6,148,80,227,,True,-1.9
1095,32.938264,-117.148925,2800.1,64.8,2.74,148,80,225,,True,-2.0
1096,32.938271,-117.148942,2802.3,64.8,2.58,147,81,225,,True,0.0
1097,32.938283,-117.148967,2804.7,64.8,2.54,147,79,226,,True,0.0
1098,32.938295,-117.148991,2807.1,64.8,2.52,147,79,227,,True,0.0
1099,32.938306,-117.149006,2809.4,64.8,2.5,147,79,227,,True,0.0
1100,32.938321,-117.149026,2811.6,64.8,2.3,147,79,227,,True,0.0
1101,32.938335,-117.149044,2813.8,64.8,2.3,147,80,224,,True,2.0
1102,32.938342,-117.149054,2815.6,64.8,2.18,147,80,223,,True,1.9
1103,32.938353,-117.149074,2817.4,64.8,2.06,147,80,223,,True,1.9
1104,32.938366,-117.149095,2819.6,65.0,2.04,147,80,222,,True,1.7
1105,32.938378,-117.149112,2821.9,65.0,2.06,147,80,222,,True,1.6
1106,32.938396,-117.149141,2824.6,65.0,2.16,147,80,222,,True,0.0
1107,32.938406,-117.149161,2827.3,65.0,2.34,147,80,222,,True,2.0
1108,32.938419,-117.14918,2829.6,65.0,2.44,147,80,223,,True,3.4
1109,32.938432,-117.149204,2831.9,65.2,2.46,148,81,224,,True,5.2
1110,32.938433,-117.149225,2834.1,65.2,2.44,148,81,224,,True,5.1
1111,32.938434,-117.149247,2836.3,65.4,2.34,148,81,224,,True,3.3
1112,32.938437,-117.149282,2838.8,65.6,2.3,148,81,225,,True,3.1
1113,32.938438,-117.149305,2841.3,65.6,2.34,149,80,226,,True,1.9
1114,32.938444,-117.149331,2844.0,65.6,2.42,149,80,229,,True,0.0
1115,32.938451,-117.149365,2846.9,65.6,2.56,149,80,231,,True,1.9
1116,32.938455,-117.149383,2849.3,65.6,2.6,149,80,233,,True,2.4
1117,32.938454,-117.149397,2850.5,65.8,2.34,149,80,235,,True,-1.8
1118,32.938449,-117.149409,2851.7,65.8,2.08,149,80,235,,True,-2.2
1119,32.938446,-117.149421,2852.3,65.8,1.66,149,80,233,,False,-3.6
1120,32.938446,-117.149436,2853.7,65.6,1.36,150,80,230,,True,-1.8
1121,32.938446,-117.149451,2855.0,65.4,1.14,149,0,48,,True,-3.3
1122,32.938451,-117.149457,2856.2,65.4,1.14,149,66,48,,True,-3.9
1123,32.938467,-117.149471,2857.9,65.2,1.24,149,66,50,,True,0.0
1124,32.938488,-117.149486,2860.2,65.4,1.58,148,66,147,,True,3.6
1125,32.938503,-117.149495,2862.5,65.4,1.76,147,66,171,,True,6.5
1126,32.938521,-117.149517,2865.1,65.6,2.02,147,66,191,,True,6.0
1127,32.938533,-117.149533,2867.4,65.8,2.24,146,79,223,,True,5.5
1128,32.938552,-117.14955,2870.2,66.0,2.46,145,79,233,,True,3.6
1129,32.938572,-117.149582,2873.4,66.0,2.64,145,81,234,,True,1.7
1130,32.938584,-117.149603,2876.1,66.0,2.72,145,81,238,,True,0.0
1131,32.938596,-117.149627,2879.0,66.0,2.78,146,81,248,,True,0.0
1132,32.938608,-117.14966,2881.8,66.0,2.88,146,81,257,,True,1.8
1133,32.938619,-117.149682,2884.5,66.0,2.86,147,81,256,,True,1.8
1134,32.938632,-117.149708,2887.3,66.2,2.78,148,81,253,,True,1.9
1135,32.938641,-117.149738,2890.0,66.2,2.78,148,81,250,,True,1.8
1136,32.938646,-117.149762,2892.6,66.2,2.72,149,81,249,,True,0.0
1137,32.938647,-117.149801,2895.6,66.2,2.76,149,81,249,,True,0.0
1138,32.938641,-117.149829,2898.4,66.2,2.78,149,81,252,,True,1.7
1139,32.938637,-117.14986,2901.6,66.2,2.86,149,81,260,,True,1.7
1140,32.938636,-117.149895,2904.5,66.4,2.9,149,81,263,,True,1.7
1141,32.93863,-117.149921,2907.1,66.4,2.9,149,81,266,,True,1.7
1142,32.938621,-117.149952,2910.5,66.4,2.98,148,82,269,,True,0.0
1143,32.93861,-117.149987,2913.4,66.4,3.0,148,82,270,,True,0.0
1144,32.938606,-117.150015,2916.6,66.4,3.0,148,82,273,,True,0.0
1145,32.93859,-117.150044,2919.8,66.4,3.06,148,82,270,,True,0.0
1146,32.938572,-117.150074,2923.1,66.4,3.2,148,82,269,,True,-1.6
1147,32.938558,-117.150097,2926.0,66.4,3.1,148,81,274,,True,-1.7
1148,32.938539,-117.150123,2929.0,66.2,3.12,148,81,280,,True,-1.7
1149,32.938524,-117.150145,2931.6,66.2,3.0,148,81,279,,True,-1.7
1150,32.938505,-117.150162,2934.7,66.2,2.98,148,81,278,,True,0.0
1151,32.938478,-117.150186,2938.0,66.2,2.98,147,82,271,,True,1.6
1152,32.938464,-117.150208,2941.0,66.2,3.0,148,82,266,,True,1.6
1153,32.938441,-117.150225,2944.3,66.4,3.06,147,82,269,,True,1.7
1154,32.938415,-117.150227,2947.1,66.4,3.1,147,82,269,,True,1.7
1155,32.938393,-117.150229,2949.6,66.4,2.98,148,83,269,,True,-1.9
1156,32.93836,-117.15023,2952.7,66.4,2.94,148,83,268,,True,-1.8
1157,32.93834,-117.150227,2955.1,66.2,2.82,148,83,263,,True,-1.7
1158,32.938315,-117.150231,2958.0,66.2,2.74,149,82,263,,True,-3.3
1159,32.93828,-117.150238,2961.4,66.2,2.86,150,81,260,,True,-3.0
1160,32.938253,-117.150249,2964.8,66.0,3.04,151,81,258,,True,-4.3
1161,32.938227,-117.150272,2968.3,65.8,3.12,152,81,257,,True,-4.3
1162,32.938203,-117.1503,2971.9,65.6,3.36,153,82,259,,True,-4.3
1163,32.938183,-117.150324,2975.4,65.6,3.48,153,83,262,,True,-3.0
1164,32.938155,-117.150346,2978.6,65.4,3.44,153,83,264,,True,-1.5
1165,32.938136,-117.150362,2981.6,65.4,3.36,153,84,264,,True,-1.7
1166,32.938113,-117.150382,2984.9,65.4,3.32,154,84,265,,True,-1.8
1167,32.938092,-117.150398,2987.5,65.4,3.12,154,85,264,,True,-1.8
1168,32.938075,-117.150408,2989.8,65.2,2.88,154,85,261,,True,0.0
1169,32.938044,-117.150414,2992.7,65.2,2.82,154,85,259,,True,0.0
1170,32.93802,-117.150419,2995.5,65.4,2.78,154,85,254,,True,1.7
1171,32.937997,-117.150425,2998.3,65.4,2.68,155,81,254,,True,0.0
1172,32.937961,-117.150431,3001.8,65.4,2.86,154,81,257,,True,-1.7
1173,32.937943,-117.150439,3004.6,65.2,2.96,154,81,257,,True,-3.4
1174,32.937915,-117.150451,3007.4,65.2,2.94,155,81,260,,True,-5.4
1175,32.937889,-117.15046,3010.2,65.0,2.94,155,81,258,,True,-3.4
1176,32.937864,-117.150469,3013.0,64.8,2.94,155,81,256,,True,-5.0
1177,32.937829,-117.150468,3016.4,64.8,2.92,155,81,255,,True,-3.2
1178,32.937804,-117.150465,3019.4,64.6,2.96,155,82,250,,True,-1.5
1179,32.937779,-117.150456,3022.7,64.6,3.06,155,82,252,,True,-1.6
1180,32.937752,-117.150428,3026.1,64.6,3.18,155,82,251,,True,0.0
1181,32.937731,-117.150417,3029.0,64.6,3.2,155,82,251,,True,0.0
1182,32.937709,-117.150394,3032.2,64.6,3.16,156,82,252,,True,0.0
1183,32.937688,-117.150368,3035.3,64.6,3.18,156,82,249,,True,0.0
1184,32.937674,-117.150349,3038.0,64.6,3.06,156,82,251,,True,0.0
1185,32.937665,-117.15032,3040.6,64.6,2.9,156,82,251,,True,1.9
1186,32.937662,-117.15029,3043.3,64.6,2.86,156,82,251,,True,2.0
1187,32.937651,-117.150277,3045.6,64.8,2.68,156,82,253,,True,3.4
1188,32.937631,-117.150254,3048.1,64.8,2.56,156,83,255,,True,5.0
1189,32.937617,-117.15024,3050.2,65.0,2.44,156,83,255,,True,3.1
1190,32.9376,-117.150219,3052.3,65.0,2.34,156,82,258,,True,3.8
1191,32.93759,-117.150186,3055.2,65.2,2.38,156,81,259,,True,0.0
1192,32.93758,-117.150156,3058.6,65.2,2.6,156,80,257,,True,1.6
1193,32.937569,-117.150126,3062.0,65.0,2.78,155,80,258,,True,0.0
1194,32.937565,-117.150095,3064.9,65.2,2.94,155,80,260,,True,0.0
1195,32.937556,-117.150071,3067.3,65.2,3.0,155,82,261,,True,1.7
1196,32.937543,-117.150038,3070.2,65.2,3.0,156,82,262,,True,0.0
1197,32.937527,-117.150008,3073.6,65.2,3.0,156,82,261,,True,-3.1
1198,32.937513,-117.149977,3076.9,65.2,2.98,156,82,260,,True,-4.4
1199,32.937498,-117.149944,3080.2,64.8,3.06,157,82,259,,True,-6.0
1200,32.937481,-117.149912,3083.7,64.6,3.28,157,82,260,,True,-6.0
1201,32.937467,-117.149888,3086.9,64.4,3.34,157,82,262,,True,-3.1
1202,32.937461,-117.149849,3090.3,64.4,3.34,157,82,265,,True,0.0
1203,32.937457,-117.149826,3093.3,64.4,3.28,156,80,267,,True,1.7
1204,32.937454,-117.149801,3095.6,64.6,3.08,157,80,270,,True,3.4
1205,32.937459,-117.149763,3098.4,64.6,2.94,156,80,269,,True,3.8
1206,32.937453,-117.149751,3100.1,64.6,2.64,156,81,264,,True,1.9
1207,32.937433,-117.149737,3101.9,64.8,2.32,156,82,263,,True,3.7
1208,32.937414,-117.149732,3103.7,64.8,2.08,156,82,259,,True,3.5
1209,32.937395,-117.149738,3105.9,64.8,2.06,157,82,256,,True,3.1
1210,32.937366,-117.14976,3109.3,65.0,2.18,156,82,255,,True,3.5
1211,32.93735,-117.149775,3111.6,65.0,2.3,156,82,257,,True,1.6
1212,32.937324,-117.149791,3115.0,65.2,2.62,156,82,256,,True,0.0
1213,32.937296,-117.149807,3118.3,65.0,2.92,156,82,259,,True,0.0
1214,32.937277,-117.149823,3121.2,65.0,3.06,156,82,290,,True,-1.6
1215,32.937256,-117.14985,3124.4,65.0,3.02,155,81,290,,True,0.0
1216,32.93725,-117.149881,3127.3,65.0,3.14,156,81,288,,True,-1.7
1217,32.937244,-117.149909,3130.1,65.0,3.02,156,81,284,,True,-1.8
1218,32.937229,-117.149938,3132.8,64.8,2.9,156,82,275,,True,0.0
1219,32.937213,-117.14996,3135.6,64.8,2.88,156,83,270,,True,0.0
1220,32.937184,-117.149978,3138.8,65.0,2.88,156,83,268,,True,3.3
1221,32.937162,-117.149993,3141.9,65.0,2.92,156,83,268,,True,3.1
1222,32.937136,-117.150005,3145.1,65.2,3.0,156,83,274,,True,1.6
1223,32.937103,-117.150013,3148.4,65.2,3.12,157,83,279,,True,1.6
1224,32.937082,-117.15002,3151.4,65.2,3.16,157,83,283,,True,0.0
1225,32.937053,-117.150027,3154.4,65.2,3.12,157,83,287,,True,-1.8
1226,32.937028,-117.150027,3156.9,65.2,3.0,157,83,285,,True,-1.8
1227,32.937005,-117.150031,3159.7,65.0,2.92,157,83,283,,True,-1.8
1228,32.936975,-117.150027,3162.7,65.0,2.86,158,83,279,,True,-3.5
1229,32.936954,-117.150026,3165.4,65.0,2.8,158,82,275,,True,-1.8
1230,32.936928,-117.150027,3168.3,64.8,2.78,158,82,276,,True,-3.7
1231,32.936903,-117.15003,3171.1,64.8,2.84,159,82,274,,True,-5.9
1232,32.936883,-117.150033,3173.5,64.6,2.76,159,82,272,,True,-6.0
1233,32.936862,-117.150037,3175.6,64.4,2.58,159,82,268,,True,-5.0
1234,32.936838,-117.150052,3178.3,64.2,2.58,160,82,265,,True,-3.4
1235,32.936823,-117.150066,3180.6,64.2,2.46,160,82,263,,True,0.0
1236,32.93681,-117.150091,3183.2,64.2,2.42,160,80,263,,True,3.4
1237,32.936802,-117.150111,3185.4,64.2,2.38,160,80,262,,True,3.4
1238,32.936794,-117.150134,3187.8,64.4,2.44,161,80,262,,True,5.3
1239,32.936779,-117.150159,3190.2,64.6,2.38,160,81,260,,True,3.2
1240,32.936771,-117.150175,3192.2,64.6,2.32,160,82,258,,True,2.0
1241,32.936754,-117.150193,3194.6,64.8,2.28,160,82,258,,True,-1.7
1242,32.936726,-117.150212,3197.8,64.6,2.48,160,82,251,,True,-2.0
1243,32.936714,-117.150221,3199.8,64.4,2.4,160,81,250,,True,-2.0
1244,32.936695,-117.150238,3202.2,64.4,2.4,159,82,246,,True,1.6
1245,32.936678,-117.150257,3204.7,64.6,2.5,159,82,241,,True,3.7
1246,32.936661,-117.150278,3207.5,64.6,2.58,159,82,238,,True,3.6
1247,32.93664,-117.150303,3210.6,64.8,2.56,159,82,239,,True,1.7
1248,32.936626,-117.150321,3213.2,64.8,2.68,158,83,242,,True,1.7
1249,32.936609,-117.150343,3216.3,64.8,2.82,158,82,248,,True,0.0
1250,32.936581,-117.15036,3219.2,64.8,2.9,158,82,255,,True,0.0
1251,32.936564,-117.150376,3222.0,64.8,2.9,158,82,260,,True,0.0
1252,32.93654,-117.150396,3225.1,64.8,2.9,157,82,258,,True,0.0
1253,32.936518,-117.150403,3227.9,64.8,2.94,157,82,258,,True,0.0
1254,32.936497,-117.150413,3230.5,64.8,2.84,157,82,256,,True,0.0
1255,32.936463,-117.150431,3233.7,64.8,2.9,158,82,253,,True,-1.7
1256,32.93645,-117.15045,3236.4,64.8,2.88,157,82,253,,True,-1.7
1257,32.936433,-117.150479,3239.5,64.6,2.88,157,82,257,,True,-1.8
1258,32.936424,-117.15051,3242.1,64.6,2.84,157,82,262,,True,-1.8
1259,32.936424,-117.150535,3244.8,64.6,2.86,158,82,259,,True,0.0
1260,32.936432,-117.150569,3247.7,64.6,2.8,157,82,255,,True,0.0
1261,32.93644,-117.150594,3250.2,64.6,2.76,156,83,254,,True,0.0
1262,32.936442,-117.150623,3253.1,64.6,2.72,156,83,251,,True,0.0
1263,32.936441,-117.150661,3256.3,64.6,2.84,156,83,250,,True,0.0
1264,32.936446,-117.150688,3259.2,64.6,2.88,156,83,250,,True,0.0
1265,32.936447,-117.150725,3262.7,64.6,3.0,156,83,255,,True,0.0
1266,32.936452,-117.150763,3266.0,64.6,3.16,157,83,257,,True,0.0
1267,32.936456,-117.150791,3269.1,64.6,3.2,157,83,266,,True,-1.6
1268,32.936455,-117.15083,3272.3,64.6,3.2,157,82,269,,True,-3.3
1269,32.936455,-117.150857,3275.0,64.4,3.16,158,82,268,,True,-4.9
1270,32.936452,-117.150891,3278.1,64.2,3.08,158,83,265,,True,-5.1
1271,32.936444,-117.150926,3281.4,64.0,3.08,158,83,264,,True,-3.4
1272,32.936441,-117.150951,3284.0,64.0,2.98,158,83,262,,True,-1.8
1273,32.936431,-117.150983,3286.9,64.0,2.92,159,83,262,,True,0.0
1274,32.936421,-117.151008,3289.5,64.0,2.9,159,83,262,,True,0.0
1275,32.936412,-117.151034,3292.3,64.0,2.84,159,83,261,,True,0.0
1276,32.936404,-117.151062,3294.8,64.0,2.68,159,83,260,,True,-1.9
1277,32.936402,-117.151087,3297.3,64.0,2.66,159,83,259,,True,-1.9
1278,32.936403,-117.151119,3300.0,63.8,2.62,159,83,258,,True,-1.8
1279,32.936412,-117.15115,3302.9,63.8,2.68,159,83,257,,True,-1.7
1280,32.93642,-117.151179,3306.1,63.8,2.76,159,83,256,,True,0.0
1281,32.936432,-117.151212,3309.3,63.8,2.9,159,82,256,,True,1.7
1282,32.936442,-117.151238,3312.0,63.8,2.94,159,82,256,,True,1.7
1283,32.93645,-117.151265,3314.8,64.0,2.96,159,82,258,,True,1.9
1284,32.936448,-117.151297,3317.6,64.0,2.94,160,82,259,,True,1.9
1285,32.936435,-117.151321,3320.1,64.0,2.8,160,81,259,,True,-1.7
1286,32.93642,-117.15134,3322.5,64.0,2.64,160,81,258,,True,-1.7
1287,32.936402,-117.151357,3324.6,64.0,2.52,160,81,257,,True,-1.6
1288,32.93639,-117.151372,3326.7,63.8,2.38,160,81,255,,True,-2.0
1289,32.936375,-117.151407,3329.6,63.8,2.4,159,82,253,,True,-3.5
1290,32.936366,-117.151437,3332.5,63.8,2.48,158,82,252,,True,0.0
1291,32.93636,-117.151468,3336.0,63.6,2.7,158,82,253,,True,0.0
1292,32.936363,-117.151505,3339.2,63.8,2.92,158,83,251,,True,-1.6
1293,32.936361,-117.151533,3342.0,63.8,3.06,158,82,254,,True,0.0
1294,32.936358,-117.151565,3345.4,63.6,3.16,159,81,254,,True,-1.7
1295,32.936352,-117.151597,3348.3,63.6,3.16,159,81,255,,True,-3.4
1296,32.936347,-117.151622,3351.0,63.6,3.0,159,81,257,,True,-1.9
1297,32.936339,-117.151649,3353.6,63.4,2.88,159,81,256,,True,0.0
1298,32.936336,-117.151674,3355.9,63.4,2.78,159,81,256,,True,0.0
1299,32.936335,-117.151695,3358.2,63.4,2.56,159,81,256,,True,1.9
1300,32.936337,-117.151721,3360.2,63.6,2.38,158,81,255,,True,1.9
1301,32.936339,-117.15174,3362.1,63.6,2.22,158,82,252,,True,1.8
1302,32.936343,-117.151761,3364.1,63.6,2.1,158,82,251,,True,0.0
1303,32.936355,-117.151793,3366.7,63.6,2.16,157,82,251,,True,-1.6
1304,32.936358,-117.151818,3369.3,63.6,2.22,157,81,250,,True,-1.9
1305,32.936363,-117.151842,3371.7,63.6,2.3,157,81,250,,True,-1.9
1306,32.936372,-117.151873,3374.6,63.4,2.5,157,81,249,,True,-3.7
1307,32.936381,-117.151902,3377.3,63.4,2.64,156,81,246,,True,-5.2
1308,32.93639,-117.151929,3380.1,63.2,2.68,156,79,245,,True,-3.5
1309,32.936402,-117.151961,3383.3,63.0,2.8,156,79,245,,True,-5.1
1310,32.936411,-117.151987,3386.1,63.0,2.88,157,79,244,,True,-3.4
1311,32.936417,-117.152018,3389.0,62.8,2.88,156,79,250,,True,-1.8
1312,32.936419,-117.152052,3392.0,62.8,2.94,156,79,251,,True,-1.7
1313,32.936417,-117.152079,3394.7,62.8,2.92,156,80,252,,True,-1.7
1314,32.936414,-117.152112,3398.0,62.8,2.94,156,81,250,,True,-1.7
1315,32.93641,-117.152145,3400.7,62.6,2.92,156,81,247,,True,-1.6
1316,32.936411,-117.152175,3404.1,62.6,3.02,157,82,243,,True,-1.7
1317,32.936418,-117.152213,3407.3,62.6,3.06,156,82,252,,True,-1.7
1318,32.936429,-117.152234,3409.7,62.6,3.0,157,83,263,,True,-1.7
1319,32.936444,-117.152262,3412.7,62.4,2.94,157,83,263,,True,-1.8
1320,32.936457,-117.152294,3415.8,62.4,3.02,157,83,250,,True,-1.8
1321,32.936466,-117.152312,3418.3,62.4,2.84,157,82,247,,True,0.0
1322,32.936477,-117.15234,3420.8,62.4,2.7,157,82,248,,True,-1.9
1323,32.936483,-117.152375,3424.0,62.4,2.86,157,81,243,,True,-1.9
1324,32.936486,-117.152398,3426.6,62.2,2.78,157,79,242,,True,-2.0
1325,32.93649,-117.152419,3428.8,62.2,2.6,156,79,240,,True,0.0
1326,32.936492,-117.152447,3430.9,62.2,2.52,156,79,242,,True,1.8
1327,32.936493,-117.152468,3433.2,62.4,2.48,156,79,230,,True,3.8
1328,32.936495,-117.152489,3435.1,62.4,2.22,156,79,224,,True,5.6
1329,32.936497,-117.152516,3437.5,62.4,2.18,156,81,221,,True,5.5
1330,32.936495,-117.152536,3439.4,62.6,2.12,156,81,218,,True,5.3
1331,32.936493,-117.152562,3441.7,62.8,2.16,156,80,222,,True,5.1
1332,32.936482,-117.15259,3444.2,63.0,2.2,156,80,223,,True,3.1
1333,32.936476,-117.152613,3446.5,63.0,2.28,155,80,223,,True,1.9
1334,32.936474,-117.152643,3449.3,63.0,2.36,155,80,224,,True,-1.9
1335,32.936473,-117.152676,3452.2,63.0,2.56,155,80,225,,True,-1.8
1336,32.936476,-117.1527,3454.9,62.8,2.64,155,80,227,,True,-1.8
1337,32.936477,-117.152729,3457.6,62.8,2.68,155,80,230,,True,-1.9
1338,32.936481,-117.152757,3460.2,62.8,2.74,155,80,232,,True,1.9
1339,32.936488,-117.152783,3462.7,62.8,2.68,155,81,233,,True,2.0
1340,32.936494,-117.152813,3465.5,63.0,2.66,154,81,235,,True,2.0
1341,32.936504,-117.152836,3467.8,63.0,2.58,154,81,235,,True,3.9
1342,32.936518,-117.152854,3470.3,63.0,2.54,154,81,236,,True,0.0
1343,32.936534,-117.152881,3472.9,63.2,2.54,154,81,238,,True,0.0
1344,32.936546,-117.1529,3475.3,63.0,2.52,154,81,238,,True,0.0
1345,32.936562,-117.152927,3478.1,63.0,2.52,154,82,237,,True,-3.7
1346,32.936565,-117.152961,3481.2,63.0,2.68,153,81,238,,True,-1.9
1347,32.936564,-117.152985,3483.6,62.8,2.66,153,81,239,,True,-1.8
1348,32.936557,-117.153012,3486.0,62.8,2.62,153,81,241,,True,-3.7
1349,32.936542,-117.153045,3489.3,62.8,2.8,153,81,239,,True,-1.8
1350,32.936533,-117.153066,3491.9,62.6,2.76,153,82,236,,True,-1.8
1351,32.936522,-117.153095,3494.8,62.6,2.72,154,81,237,,True,-1.9
1352,32.936518,-117.153124,3497.4,62.6,2.76,153,81,238,,True,1.9
1353,32.936518,-117.153148,3499.8,62.6,2.76,153,81,240,,True,1.9
1354,32.936523,-117.153179,3502.3,62.8,2.6,153,80,242,,True,1.9
1355,32.936531,-117.153203,3505.1,62.8,2.64,153,81,241,,True,1.8
1356,32.93654,-117.153229,3507.8,62.8,2.6,153,81,241,,True,1.9
1357,32.936547,-117.153262,3510.8,62.8,2.68,153,81,241,,True,1.9
1358,32.936553,-117.153283,3513.1,63.0,2.66,153,82,240,,True,1.7
1359,32.93656,-117.153311,3515.7,63.0,2.68,152,82,241,,True,0.0
1360,32.936573,-117.15335,3519.3,63.0,2.84,153,82,242,,True,-1.7
1361,32.936572,-117.153377,3522.1,62.8,2.86,153,82,242,,True,-1.7
1362,32.936568,-117.153409,3525.1,62.8,2.86,153,82,243,,True,-1.8
1363,32.936556,-117.153437,3527.7,62.8,2.92,152,81,244,,True,-1.8
1364,32.936551,-117.15346,3530.3,62.8,2.92,153,81,244,,True,-2.0
1365,32.936544,-117.153492,3533.1,62.6,2.76,153,81,245,,True,-2.0
1366,32.936543,-117.153515,3535.3,62.6,2.64,153,81,244,,True,-1.9
1367,32.936544,-117.153542,3537.8,62.6,2.54,153,81,243,,True,0.0
1368,32.936549,-117.153574,3540.6,62.6,2.58,153,81,241,,True,0.0
1369,32.936552,-117.153596,3543.0,62.6,2.54,153,81,241,,True,0.0
1370,32.93655,-117.15362,3545.2,62.6,2.42,153,81,239,,True,-1.6
1371,32.936549,-117.153648,3547.6,62.6,2.46,153,81,239,,True,-1.9
1372,32.936539,-117.153674,3550.0,62.6,2.44,153,81,237,,True,-1.7
1373,32.936532,-117.153707,3553.4,62.4,2.56,153,81,237,,True,-3.1
1374,32.936522,-117.153746,3556.9,62.4,2.78,153,81,236,,True,-4.3
1375,32.936514,-117.153779,3560.7,62.2,3.1,152,80,238,,True,-3.1
1376,32.936503,-117.153815,3564.0,62.0,3.28,152,80,240,,True,-3.6
1377,32.936503,-117.153839,3566.1,62.0,3.22,152,80,244,,True,1.7
1378,32.936505,-117.153862,3568.1,62.0,2.94,151,80,243,,True,5.4
1379,32.936517,-117.153888,3570.5,62.2,2.72,151,83,218,,True,5.4
1380,32.936532,-117.153903,3572.7,62.4,2.4,151,83,217,,True,5.6
1381,32.936553,-117.153912,3575.1,62.6,2.22,151,83,216,,True,3.7
1382,32.936571,-117.153922,3577.2,62.6,2.22,151,83,225,,True,1.8
1383,32.936587,-117.153924,3578.9,62.6,2.16,150,81,217,,True,0.0
1384,32.936612,-117.153928,3581.3,62.6,2.16,150,81,216,,True,0.0
1385,32.936634,-117.153943,3583.9,62.6,2.24,150,81,215,,True,0.0
1386,32.936651,-117.153952,3586.1,62.6,2.2,150,81,215,,True,-2.0
1387,32.936674,-117.15397,3588.9,62.6,2.34,151,81,220,,True,-1.6
1388,32.936693,-117.153989,3591.4,62.4,2.5,151,81,227,,True,-1.9
1389,32.936706,-117.154005,3593.7,62.4,2.48,151,81,232,,True,-1.9
1390,32.936721,-117.154033,3596.5,62.4,2.52,152,81,233,,True,-1.9
1391,32.93674,-117.154054,3599.4,62.4,2.66,152,80,233,,True,-1.8
1392,32.936759,-117.154063,3601.8,62.2,2.58,152,80,232,,True,-1.8
1393,32.936785,-117.154084,3604.7,62.2,2.66,152,80,232,,True,-1.8
1394,32.936805,-117.154099,3607.5,62.2,2.76,151,80,233,,True,0.0
1395,32.936827,-117.154116,3610.5,62.2,2.8,152,81,234,,True,-1.8
1396,32.936844,-117.154146,3613.6,62.2,2.84,152,81,234,,True,-1.8
1397,32.936856,-117.154167,3616.0,62.0,2.84,152,81,236,,True,-1.8
1398,32.936863,-117.154194,3618.6,62.0,2.78,152,81,237,,True,-1.9
1399,32.936866,-117.15423,3621.5,62.0,2.8,152,81,238,,True,0.0
1400,32.936865,-117.154254,3623.9,62.0,2.68,152,80,238,,True,0.0
1401,32.936858,-117.154285,3626.8,62.0,2.64,153,80,237,,True,0.0
1402,32.936854,-117.154321,3629.9,62.0,2.78,152,80,239,,True,0.0
1403,32.936851,-117.154341,3632.3,62.0,2.74,152,80,238,,True,0.0
1404,32.93684,-117.15437,3635.3,62.0,2.76,152,80,238,,True,0.0
1405,32.936826,-117.154398,3637.8,62.0,2.78,153,80,240,,True,0.0
1406,32.936819,-117.154422,3640.4,62.0,2.72,153,80,239,,True,0.0
1407,32.936804,-117.154453,3643.8,62.0,2.78,153,81,239,,True,0.0
1408,32.936795,-117.15448,3646.2,62.0,2.78,153,81,238,,True,0.0
1409,32.936787,-117.154506,3649.3,62.0,2.8,153,80,240,,True,0.0
1410,32.936777,-117.15454,3652.4,62.0,2.92,152,80,242,,True,0.0
1411,32.936771,-117.154563,3654.6,62.0,2.84,153,80,243,,True,1.9
1412,32.936762,-117.154586,3657.4,62.0,2.72,153,81,244,,True,0.0
1413,32.936743,-117.154605,3659.7,62.2,2.7,153,81,243,,True,0.0
1414,32.936736,-117.154624,3661.5,62.0,2.44,153,81,242,,True,-1.7
1415,32.936723,-117.154644,3663.9,62.0,2.3,153,81,242,,True,-3.2
1416,32.936698,-117.154667,3667.0,62.0,2.48,153,81,240,,True,-1.9
1417,32.936683,-117.154682,3669.5,61.8,2.42,153,81,240,,True,-1.8
1418,32.936666,-117.154702,3672.2,61.8,2.5,152,81,240,,True,-1.9
1419,32.936645,-117.154721,3674.9,61.8,2.68,152,81,239,,True,0.0
1420,32.936627,-117.154737,3677.6,61.8,2.74,152,82,239,,True,0.0
1421,32.936593,-117.154752,3681.6,61.8,2.92,152,81,239,,True,0.0
1422,32.93657,-117.15478,3685.1,61.8,3.12,153,81,238,,True,0.0
1423,32.936562,-117.154806,3688.0,61.8,3.16,153,81,239,,True,0.0
1424,32.936545,-117.15483,3690.7,61.8,3.16,153,81,243,,True,0.0
1425,32.936527,-117.154846,3693.3,61.8,3.14,153,81,245,,True,0.0
1426,32.936508,-117.154863,3696.1,61.8,2.9,152,81,246,,True,0.0
1427,32.936484,-117.154891,3699.3,61.8,2.84,152,81,246,,True,-1.7
1428,32.936471,-117.154911,3701.9,61.8,2.78,152,83,244,,True,-1.7
1429,32.936452,-117.154942,3705.1,61.6,2.88,152,83,245,,True,-1.8
1430,32.936442,-117.154971,3708.0,61.6,2.94,152,83,245,,True,-1.8
1431,32.936439,-117.154994,3710.6,61.6,2.9,151,82,246,,True,0.0
1432,32.936439,-117.155021,3713.2,61.6,2.78,151,81,248,,True,0.0
1433,32.936445,-117.155044,3715.1,61.6,2.64,152,81,247,,True,0.0
1434,32.936451,-117.155065,3717.4,61.6,2.46,152,81,246,,True,0.0
1435,32.936457,-117.155094,3719.7,61.6,2.34,153,80,245,,True,0.0
1436,32.936459,-117.155118,3722.2,61.6,2.32,153,81,245,,True,0.0
1437,32.936464,-117.15514,3724.5,61.6,2.26,153,81,244,,True,0.0
1438,32.936475,-117.155169,3726.9,61.6,2.36,153,81,243,,True,0.0
1439,32.936484,-117.155189,3729.1,61.6,2.34,153,81,242,,True,0.0
1440,32.936497,-117.155215,3732.0,61.6,2.46,153,81,242,,True,0.0
1441,32.936507,-117.155243,3734.6,61.6,2.48,153,81,242,,True,-1.8
1442,32.936517,-117.155263,3736.9,61.6,2.48,153,81,241,,True,-1.9
1443,32.936529,-117.155295,3740.0,61.4,2.62,153,81,240,,True,-3.7
1444,32.936537,-117.155323,3742.8,61.4,2.74,153,81,240,,True,-3.6
1445,32.936542,-117.155345,3745.4,61.2,2.68,153,81,240,,True,-1.9
1446,32.936544,-117.155378,3748.1,61.2,2.7,154,81,240,,True,-1.9
1447,32.936541,-117.155408,3750.7,61.2,2.76,153,82,238,,True,0.0
1448,32.936538,-117.155438,3753.5,61.2,2.7,153,82,238,,True,0.0
1449,32.93653,-117.155468,3756.2,61.2,2.68,153,80,241,,True,0.0
1450,32.936524,-117.155496,3758.9,61.2,2.7,153,79,241,,True,0.0
1451,32.936522,-117.155525,3761.7,61.2,2.72,153,79,241,,True,0.0
1452,32.936525,-117.155557,3764.5,61.2,2.76,153,80,241,,True,0.0
1453,32.936524,-117.155586,3767.4,61.2,2.78,153,80,241,,True,0.0
1454,32.936526,-117.155619,3770.8,61.2,2.92,152,81,242,,True,0.0
1455,32.936527,-117.155659,3774.0,61.2,3.02,153,81,244,,True,0.0
1456,32.936526,-117.155689,3777.3,61.2,3.12,153,81,248,,True,0.0
1457,32.936524,-117.155724,3780.8,61.2,3.26,153,81,251,,True,-1.6
1458,32.936524,-117.155758,3783.7,61.2,3.26,153,81,254,,True,-1.6
1459,32.936521,-117.155784,3786.6,61.0,3.16,153,81,258,,True,-1.8
1460,32.936513,-117.155818,3789.5,61.0,3.1,153,81,256,,True,-3.7
1461,32.936511,-117.15584,3791.7,61.0,2.88,153,81,256,,True,-1.9
1462,32.936506,-117.155867,3794.5,60.8,2.74,153,81,254,,True,-2.0
1463,32.936499,-117.155899,3797.0,60.8,2.66,152,81,252,,True,-1.8
1464,32.936492,-117.155923,3799.7,60.8,2.62,152,81,252,,True,0.0
1465,32.936483,-117.155954,3802.7,60.8,2.64,152,82,251,,True,0.0
1466,32.936473,-117.15598,3805.4,60.8,2.74,152,82,251,,True,0.0
1467,32.936465,-117.156003,3808.1,60.8,2.72,152,82,252,,True,0.0
1468,32.936455,-117.156028,3810.7,60.8,2.74,152,82,251,,True,-1.6
1469,32.936443,-117.156053,3813.2,60.8,2.7,152,81,250,,True,-1.6
1470,32.936438,-117.156075,3815.2,60.6,2.5,152,81,249,,True,-1.7
1471,32.936433,-117.156106,3817.8,60.6,2.48,151,81,248,,True,-1.6
1472,32.93643,-117.156132,3820.3,60.6,2.44,151,81,247,,True,0.0
1473,32.93643,-117.156157,3822.7,60.6,2.4,151,81,247,,True,0.0
1474,32.936428,-117.156193,3825.5,60.6,2.46,151,81,247,,True,0.0
1475,32.93643,-117.15622,3828.5,60.6,2.66,152,81,246,,True,0.0
1476,32.936432,-117.156249,3831.6,60.6,2.76,151,81,245,,True,0.0
1477,32.936434,-117.156283,3834.3,60.6,2.8,151,81,246,,True,0.0
1478,32.936441,-117.156304,3836.9,60.6,2.84,152,81,246,,True,0.0
1479,32.93645,-117.156331,3839.5,60.6,2.8,151,81,248,,True,-1.6
1480,32.936459,-117.156359,3841.9,60.6,2.68,151,81,246,,True,-1.6
1481,32.936469,-117.156375,3844.0,60.6,2.48,152,81,245,,True,-2.0
1482,32.936484,-117.156406,3846.8,60.4,2.5,152,81,244,,True,-1.9
1483,32.936495,-117.156431,3849.6,60.4,2.54,152,81,242,,True,-1.7
1484,32.936509,-117.156455,3852.6,60.4,2.62,151,81,242,,True,0.0
1485,32.936523,-117.156488,3855.8,60.4,2.78,151,81,243,,True,0.0
1486,32.936533,-117.156509,3858.4,60.4,2.88,152,81,244,,True,0.0
1487,32.93654,-117.156535,3861.1,60.4,2.86,151,81,244,,True,0.0
1488,32.936555,-117.156562,3863.6,60.4,2.8,151,82,245,,True,0.0
1489,32.936562,-117.156582,3866.0,60.4,2.68,151,83,244,,True,0.0
1490,32.936565,-117.15661,3868.6,60.4,2.56,152,82,244,,True,1.6
1491,32.936567,-117.15664,3871.2,60.4,2.56,151,82,245,,True,1.6
1492,32.93657,-117.156662,3873.4,60.4,2.46,151,81,245,,True,1.7
1493,32.936577,-117.15669,3875.9,60.6,2.46,151,81,246,,True,1.7
1494,32.936587,-117.156712,3878.2,60.6,2.44,151,80,245,,True,1.7
1495,32.9366,-117.156727,3880.2,60.6,2.32,151,81,245,,True,0.0
1496,32.936621,-117.156747,3882.9,60.6,2.34,151,81,244,,True,0.0
1497,32.936639,-117.156762,3885.3,60.6,2.38,150,81,241,,True,0.0
1498,32.936658,-117.156776,3888.2,60.6,2.46,150,81,241,,True,-1.7
1499,32.936687,-117.156801,3891.7,60.6,2.7,151,81,240,,True,-1.7
1500,32.936708,-117.156813,3894.6,60.4,2.88,151,80,240,,True,-1.7
1501,32.936727,-117.156829,3897.4,60.4,2.9,151,80,242,,True,-1.9
1502,32.936745,-117.156854,3899.9,60.4,2.92,150,80,244,,True,0.0
1503,32.936757,-117.156872,3902.0,60.4,2.76,150,80,244,,True,0.0
1504,32.936766,-117.156897,3904.6,60.4,2.58,150,80,244,,True,0.0
1505,32.936776,-117.156933,3907.4,60.4,2.56,149,81,242,,True,0.0
1506,32.936783,-117.156958,3910.2,60.4,2.56,149,81,242,,True,0.0
1507,32.936782,-117.156987,3912.9,60.4,2.6,149,80,242,,True,0.0
1508,32.93678,-117.157019,3915.4,60.4,2.68,149,80,243,,True,0.0
1509,32.936779,-117.157042,3917.9,60.4,2.66,149,80,244,,True,0.0
1510,32.93676,-117.157072,3921.0,60.4,2.72,148,81,244,,True,0.0
1511,32.936746,-117.157095,3923.6,60.4,2.68,148,81,244,,True,0.0
1512,32.936734,-117.157115,3926.3,60.4,2.68,148,81,244,,True,0.0
1513,32.936715,-117.157142,3929.1,60.4,2.74,149,81,244,,True,0.0
1514,32.936708,-117.157162,3931.2,60.4,2.66,148,81,243,,True,-1.7
1515,32.9367,-117.157184,3933.7,60.4,2.54,148,81,243,,True,-1.7
1516,32.936694,-117.157215,3936.2,60.4,2.52,148,81,242,,True,-2.0
1517,32.936695,-117.157237,3938.4,60.2,2.42,149,81,242,,True,0.0
1518,32.936694,-117.157263,3941.2,60.2,2.42,148,81,242,,True,-1.5
1519,32.936678,-117.157289,3943.8,60.4,2.52,148,81,241,,True,0.0
1520,32.936668,-117.157313,3946.1,60.4,2.48,149,81,241,,True,0.0
1521,32.936646,-117.157339,3949.6,60.2,2.68,148,81,241,,True,-1.8
1522,32.936624,-117.157359,3952.3,60.2,2.78,149,81,242,,True,-3.3
1523,32.936608,-117.157378,3955.0,60.2,2.76,149,81,242,,True,-1.8
1524,32.936593,-117.157407,3958.2,60.0,2.88,149,81,242,,True,-1.8
1525,32.936583,-117.157432,3960.7,60.0,2.92,149,81,241,,True,-1.8
1526,32.93658,-117.157455,3963.3,60.0,2.74,149,81,241,,True,0.0
1527,32.93658,-117.157487,3965.9,60.0,2.72,149,81,243,,True,-1.9
1528,32.936586,-117.157512,3968.5,60.0,2.7,150,81,241,,True,-1.7
1529,32.936581,-117.157543,3971.5,59.8,2.66,150,81,239,,True,-1.7
1530,32.936577,-117.157563,3973.1,59.8,2.48,150,83,239,,True,-1.7
1531,32.936573,-117.157583,3975.3,59.8,2.4,150,84,238,,True,-1.7
1532,32.936559,-117.157611,3977.8,59.8,2.38,150,84,236,,True,-2.0
1533,32.936548,-117.157633,3980.3,59.8,2.36,151,84,233,,True,-1.9
1534,32.936537,-117.157658,3983.3,59.6,2.36,151,82,233,,True,-3.6
1535,32.936527,-117.15769,3986.1,59.6,2.6,151,82,233,,True,-3.7
1536,32.936521,-117.157715,3988.8,59.4,2.7,151,82,234,,True,-3.8
1537,32.93651,-117.157745,3991.2,59.4,2.68,151,83,232,,True,-3.7
1538,32.936501,-117.15777,3993.9,59.2,2.72,151,83,232,,True,-1.8
1539,32.936482,-117.157794,3997.0,59.2,2.74,151,83,232,,True,-1.9
1540,32.936457,-117.157808,3999.7,59.2,2.72,152,83,232,,True,0.0
1541,32.936438,-117.157812,4001.9,59.2,2.62,152,83,234,,True,0.0
1542,32.93641,-117.157807,4004.8,59.2,2.72,152,82,234,,True,0.0
1543,32.93639,-117.157797,4007.1,59.2,2.64,152,82,232,,True,0.0
1544,32.936367,-117.157792,4009.5,59.2,2.5,152,82,232,,True,1.7
1545,32.936331,-117.157785,4013.3,59.2,2.72,152,82,230,,True,1.6
1546,32.936305,-117.157786,4016.5,59.4,2.92,152,83,230,,True,3.0
1547,32.936277,-117.157785,4019.7,59.4,2.98,152,82,233,,True,3.2
1548,32.936246,-117.157786,4022.9,59.6,3.16,152,82,236,,True,1.7
1549,32.936222,-117.157788,4025.8,59.6,3.26,152,82,240,,True,1.7
1550,32.936194,-117.157792,4028.5,59.6,3.04,153,81,242,,True,0.0
1551,32.936167,-117.157802,4031.3,59.6,2.96,152,82,243,,True,0.0
1552,32.936146,-117.157818,4034.4,59.6,2.94,153,82,243,,True,0.0
1553,32.936129,-117.157852,4037.6,59.6,2.94,153,82,245,,True,0.0
1554,32.936121,-117.15788,4040.3,59.6,2.9,153,83,246,,True,0.0
1555,32.936109,-117.157923,4044.1,59.6,3.12,153,83,247,,True,-1.4
1556,32.936101,-117.157961,4047.8,59.6,3.3,153,83,248,,True,-1.3
1557,32.936097,-117.158002,4051.7,59.4,3.46,153,83,251,,True,-2.7
1558,32.936085,-117.158041,4055.4,59.4,3.56,154,83,254,,True,-2.6
1559,32.936072,-117.158072,4059.1,59.2,3.76,154,85,255,,True,-1.4
1560,32.936045,-117.158103,4063.0,59.2,3.78,154,85,312,,True,-1.4
1561,32.936032,-117.158127,4066.0,59.2,3.64,155,85,320,,True,0.0
1562,32.93601,-117.15816,4069.4,59.2,3.54,155,86,319,,True,0.0
1563,32.935995,-117.158188,4072.6,59.2,3.44,156,87,303,,True,0.0
1564,32.935978,-117.158215,4076.1,59.2,3.4,157,86,277,,True,0.0
1565,32.935949,-117.158245,4080.0,59.2,3.4,157,86,283,,True,0.0
1566,32.935932,-117.158262,4083.2,59.2,3.44,158,84,285,,True,0.0
1567,32.935906,-117.158293,4086.7,59.2,3.46,159,84,296,,True,0.0
1568,32.935892,-117.158321,4090.0,59.2,3.48,159,84,303,,True,0.0
1569,32.935878,-117.158349,4093.3,59.2,3.44,160,84,298,,True,0.0
1570,32.935869,-117.158387,4096.3,59.2,3.26,160,84,295,,True,0.0
1571,32.93586,-117.158417,4099.5,59.2,3.26,160,84,291,,True,0.0
1572,32.935848,-117.158456,4103.4,59.2,3.34,161,83,287,,True,-1.5
1573,32.935837,-117.158487,4106.4,59.2,3.28,161,83,288,,True,-1.5
1574,32.935832,-117.158519,4109.7,59.0,3.28,161,83,294,,True,-1.7
1575,32.935822,-117.158552,4112.8,59.0,3.3,162,83,294,,True,-3.4
1576,32.935818,-117.158574,4115.2,59.0,3.14,162,83,296,,True,-1.8
1577,32.935813,-117.158607,4118.0,58.8,2.92,162,83,294,,True,-1.9
1578,32.935805,-117.158632,4120.6,58.8,2.84,163,83,286,,True,-1.9
1579,32.935801,-117.158659,4123.1,58.8,2.68,163,83,284,,True,0.0
1580,32.935784,-117.158685,4126.0,58.8,2.64,163,84,281,,True,0.0
1581,32.935766,-117.158696,4128.3,58.8,2.62,163,84,277,,True,0.0
1582,32.935737,-117.158711,4131.4,58.8,2.68,163,84,275,,True,0.0
1583,32.935716,-117.158721,4134.0,58.8,2.68,163,84,272,,True,0.0
1584,32.93569,-117.158728,4137.1,58.8,2.8,163,85,271,,True,0.0
1585,32.935665,-117.158742,4140.2,58.8,2.84,164,85,266,,True,0.0
1586,32.935648,-117.158755,4142.8,58.8,2.9,163,85,266,,True,0.0
1587,32.935626,-117.158777,4145.6,58.8,2.84,163,84,267,,True,0.0
1588,32.935605,-117.158799,4148.4,58.8,2.88,163,83,262,,True,-1.8
1589,32.93559,-117.158816,4151.2,58.8,2.82,162,83,264,,True,-1.8
1590,32.935567,-117.158839,4154.1,58.6,2.78,162,82,264,,True,0.0
1591,32.935553,-117.158857,4156.6,58.6,2.76,162,82,263,,True,0.0
1592,32.935539,-117.158881,4159.6,58.8,2.8,162,82,263,,True,1.9
1593,32.935515,-117.158902,4162.5,58.8,2.82,162,82,261,,True,1.9
1594,32.935499,-117.158911,4164.9,58.8,2.74,161,82,261,,True,1.7
1595,32.93548,-117.158923,4167.0,58.8,2.58,161,82,262,,True,1.7
1596,32.935459,-117.158937,4169.2,59.0,2.52,161,82,261,,True,0.0
1597,32.935442,-117.158951,4171.7,59.0,2.42,162,82,258,,True,0.0
1598,32.935429,-117.158977,4174.5,59.0,2.4,161,82,256,,True,-2.0
1599,32.935423,-117.158999,4176.7,58.8,2.36,161,81,254,,True,-1.9
1600,32.935419,-117.159028,4179.2,58.8,2.44,161,81,255,,True,-1.9
1601,32.935411,-117.15906,4182.2,58.8,2.6,161,82,253,,True,0.0
1602,32.935406,-117.159087,4185.0,58.8,2.66,161,82,253,,True,0.0
1603,32.935403,-117.15912,4188.1,58.8,2.72,161,82,253,,True,0.0
1604,32.935403,-117.159148,4190.6,58.8,2.78,160,83,253,,True,0.0
1605,32.9354,-117.159176,4193.4,58.8,2.84,160,83,252,,True,0.0
1606,32.93539,-117.159211,4196.3,58.8,2.82,160,83,253,,True,0.0
1607,32.935388,-117.159238,4199.2,58.8,2.84,160,84,251,,True,0.0
1608,32.935385,-117.159272,4202.5,58.8,2.88,160,82,251,,True,0.0
1609,32.935381,-117.159301,4205.1,58.8,2.9,159,82,255,,True,0.0
1610,32.935373,-117.159325,4207.7,58.8,2.86,159,82,257,,True,1.9
1611,32.935358,-117.159351,4210.4,58.8,2.82,159,82,257,,True,2.0
1612,32.935345,-117.15937,4212.9,59.0,2.74,159,83,255,,True,0.0
1613,32.935339,-117.159389,4215.1,59.0,2.52,160,83,254,,True,0.0
1614,32.935326,-117.159414,4217.4,58.8,2.46,159,83,253,,True,-1.8
1615,32.935318,-117.15943,4219.5,58.8,2.36,159,82,251,,True,-1.8
1616,32.9353,-117.159451,4221.8,58.8,2.28,159,81,251,,True,0.0
1617,32.935283,-117.159468,4224.2,58.8,2.26,159,81,250,,True,0.0
1618,32.93527,-117.159485,4226.5,58.8,2.28,159,81,249,,True,0.0
1619,32.935255,-117.159508,4228.9,58.8,2.3,159,82,248,,True,-1.6
1620,32.93524,-117.159523,4231.3,58.8,2.36,159,83,246,,True,-2.0
1621,32.935227,-117.159542,4233.9,58.8,2.42,158,82,245,,True,-1.6
1622,32.935205,-117.159566,4236.7,58.6,2.5,158,82,245,,True,-1.6
1623,32.935201,-117.159583,4238.6,58.6,2.42,158,82,245,,True,-1.7
1624,32.935195,-117.15961,4241.1,58.6,2.44,159,82,244,,True,0.0
1625,32.935201,-117.159639,4243.5,58.6,2.44,159,82,244,,True,0.0
1626,32.935208,-117.159662,4246.0,58.6,2.42,159,82,242,,True,0.0
1627,32.935216,-117.159692,4248.6,58.6,2.38,158,81,241,,True,0.0
1628,32.93523,-117.159718,4251.5,58.6,2.58,159,81,239,,True,0.0
1629,32.935235,-117.159747,4254.6,58.6,2.7,159,81,240,,True,-1.9
1630,32.935232,-117.159782,4257.5,58.6,2.8,158,81,241,,True,0.0
1631,32.935226,-117.159801,4259.4,58.4,2.68,159,81,240,,True,0.0
1632,32.935209,-117.159825,4262.3,58.6,2.74,159,83,241,,True,-1.9
1633,32.935188,-117.159845,4265.0,58.6,2.7,159,83,238,,True,0.0
1634,32.935174,-117.15987,4267.9,58.4,2.66,159,83,237,,True,-1.8
1635,32.935161,-117.159903,4271.2,58.4,2.74,159,83,237,,True,-3.4
1636,32.935154,-117.159928,4273.7,58.4,2.86,159,82,238,,True,0.0
1637,32.935149,-117.159957,4276.7,58.2,2.88,159,82,240,,True,0.0
1638,32.935147,-117.15999,4279.9,58.4,2.98,159,82,240,,True,-1.8
1639,32.93514,-117.160011,4281.9,58.4,2.8,159,82,240,,True,0.0
1640,32.935124,-117.160036,4284.7,58.2,2.7,159,83,238,,True,-1.8
1641,32.935103,-117.160063,4287.7,58.2,2.8,159,82,239,,True,-1.7
1642,32.935085,-117.160084,4290.8,58.2,2.82,159,82,239,,True,-1.6
1643,32.935059,-117.160106,4293.9,58.2,2.8,159,82,240,,True,-1.6
1644,32.935033,-117.160117,4297.0,58.0,3.02,159,82,239,,True,-1.6
1645,32.935002,-117.160125,4300.6,58.0,3.18,158,83,239,,True,-1.7
1646,32.934978,-117.160141,4303.6,58.0,3.18,159,83,240,,True,-1.8
1647,32.934971,-117.160162,4305.9,58.0,3.02,159,83,243,,True,-1.9
1648,32.934975,-117.160189,4308.2,57.8,2.86,159,81,243,,True,-2.0
1649,32.934988,-117.160219,4311.0,57.8,2.8,159,81,245,,True,-1.9
1650,32.935001,-117.160242,4313.6,57.8,2.6,159,81,244,,True,0.0
1651,32.935005,-117.160277,4316.6,57.8,2.6,158,81,242,,True,0.0
1652,32.935001,-117.160304,4319.3,57.8,2.68,158,81,242,,True,0.0
1653,32.934997,-117.160334,4322.2,57.8,2.8,158,81,242,,True,0.0
1654,32.934987,-117.160373,4325.4,57.8,2.88,158,82,244,,True,1.7
1655,32.934974,-117.160397,4328.4,57.8,2.96,158,82,242,,True,1.7
1656,32.934962,-117.160422,4331.3,58.0,2.94,158,83,244,,True,1.8
1657,32.934952,-117.160451,4333.8,58.0,2.9,158,83,245,,True,1.8
1658,32.934948,-117.160476,4336.6,58.0,2.88,157,82,245,,True,0.0
1659,32.934934,-117.160504,4339.5,58.0,2.82,158,82,245,,True,-1.9
1660,32.934921,-117.160523,4341.7,58.0,2.66,158,82,245,,True,0.0
1661,32.934907,-117.160541,4344.1,57.8,2.56,157,82,245,,True,0.0
1662,32.934889,-117.160563,4346.4,58.0,2.52,157,82,245,,True,0.0
1663,32.934871,-117.160581,4349.0,58.0,2.48,157,82,245,,True,1.9
1664,32.934857,-117.160604,4351.7,58.0,2.44,158,81,244,,True,0.0
1665,32.934841,-117.160631,4354.5,58.0,2.56,158,82,245,,True,0.0
1666,32.934827,-117.160653,4357.3,58.0,2.64,158,82,245,,True,0.0
1667,32.934805,-117.16068,4360.9,58.0,2.9,158,82,245,,True,0.0
1668,32.93479,-117.160702,4363.5,58.0,2.9,157,82,246,,True,0.0
1669,32.934777,-117.160722,4366.3,58.0,2.92,158,82,248,,True,0.0
1670,32.934761,-117.160748,4369.2,58.0,2.94,158,82,249,,True,0.0
1671,32.934753,-117.160764,4371.0,58.0,2.74,158,82,249,,True,0.0
1672,32.934737,-117.160787,4373.5,58.0,2.52,159,82,249,,True,0.0
1673,32.934719,-117.160812,4376.4,58.0,2.58,159,82,246,,True,0.0
1674,32.934706,-117.160834,4379.1,58.0,2.56,159,82,246,,True,-1.8
1675,32.934692,-117.160863,4381.8,58.0,2.52,159,82,246,,True,-1.8
1676,32.934677,-117.160888,4384.7,57.8,2.74,159,82,246,,True,-1.7
1677,32.934663,-117.160913,4387.7,57.8,2.84,159,82,246,,True,-1.6
1678,32.934644,-117.160942,4391.0,57.8,2.92,159,83,246,,True,0.0
1679,32.93463,-117.160965,4394.0,57.8,2.98,159,83,247,,True,0.0
1680,32.934611,-117.161,4397.5,57.8,3.14,159,83,248,,True,0.0
1681,32.934597,-117.161027,4400.8,57.8,3.22,159,83,248,,True,0.0
1682,32.934582,-117.16105,4403.6,57.8,3.18,159,83,250,,True,0.0
1683,32.934566,-117.161079,4406.6,57.8,3.12,159,83,253,,True,0.0
1684,32.934554,-117.161103,4409.5,57.8,3.1,158,83,253,,True,1.6
1685,32.934539,-117.161135,4412.8,57.8,3.06,159,83,254,,True,0.0
1686,32.934525,-117.161165,4416.0,58.0,3.04,159,83,253,,True,0.0
1687,32.934518,-117.161191,4418.5,57.8,2.98,159,83,255,,True,0.0
1688,32.934519,-117.161232,4421.7,57.8,3.02,159,83,255,,True,-1.7
1689,32.934524,-117.16126,4424.6,57.8,3.02,159,83,256,,True,0.0
1690,32.934542,-117.161296,4427.8,57.8,3.0,159,84,256,,True,0.0
1691,32.934556,-117.161333,4431.6,57.8,3.12,159,84,254,,True,-1.4
1692,32.934555,-117.161375,4435.1,57.8,3.32,159,84,255,,True,0.0
1693,32.93453,-117.161406,4438.6,57.6,3.38,159,85,257,,True,0.0
1694,32.934506,-117.161426,4442.3,57.8,3.54,159,85,260,,True,1.4
1695,32.934473,-117.16145,4446.1,57.8,3.66,159,85,264,,True,2.7
1696,32.934451,-117.161466,4449.2,58.0,3.52,159,86,265,,True,2.8
1697,32.934412,-117.161476,4453.2,58.0,3.62,160,86,290,,True,1.4
1698,32.934384,-117.161486,4456.7,58.2,3.62,160,86,325,,True,0.0
1699,32.934353,-117.161488,4460.3,58.0,3.6,161,86,319,,True,0.0
1700,32.93432,-117.161481,4463.9,58.0,3.56,161,86,322,,True,-2.9
1701,32.934296,-117.161482,4466.6,58.0,3.48,162,84,310,,True,-1.5
1702,32.934259,-117.161483,4470.3,57.8,3.42,162,84,300,,True,-1.6
1703,32.934233,-117.161487,4473.4,57.8,3.34,163,84,292,,True,-1.5
1704,32.934207,-117.161493,4476.7,57.8,3.28,163,84,287,,True,0.0
1705,32.934174,-117.1615,4479.9,57.8,3.2,163,83,289,,True,0.0
1706,32.934154,-117.16151,4482.5,57.8,3.18,163,83,289,,True,-1.7
1707,32.934132,-117.161534,4485.6,57.8,3.06,163,84,288,,True,-1.7
1708,32.934111,-117.161559,4488.7,57.6,3.06,164,84,279,,True,-1.8
1709,32.9341,-117.161577,4491.4,57.6,2.94,164,84,279,,True,-1.9
1710,32.934085,-117.161602,4493.8,57.6,2.78,164,82,280,,True,0.0
1711,32.934076,-117.161626,4496.2,57.6,2.74,164,82,278,,True,0.0
1712,32.934064,-117.161652,4499.0,57.6,2.68,164,82,274,,True,-1.9
1713,32.934046,-117.161676,4501.8,57.6,2.62,164,82,271,,True,-3.8
1714,32.934032,-117.161695,4504.1,57.4,2.54,164,83,268,,True,-3.8
1715,32.93402,-117.161721,4506.6,57.2,2.56,164,83,267,,True,-5.6
1716,32.934019,-117.161757,4509.6,57.2,2.68,164,83,264,,True,-3.6
1717,32.934021,-117.161782,4512.6,57.0,2.72,164,83,263,,True,-1.7
1718,32.934029,-117.161816,4515.3,57.0,2.7,164,81,262,,True,0.0
1719,32.934035,-117.161843,4518.2,57.0,2.82,164,81,262,,True,1.8
1720,32.934037,-117.161871,4521.1,57.2,2.9,163,81,261,,True,0.0
1721,32.934033,-117.161905,4524.0,57.2,2.88,164,81,260,,True,0.0
1722,32.934037,-117.16193,4526.5,57.0,2.78,164,82,260,,True,-1.8
1723,32.934037,-117.161965,4529.9,57.0,2.92,164,82,260,,True,0.0
1724,32.93403,-117.161993,4532.4,57.0,2.84,163,82,261,,True,1.8
1725,32.934025,-117.162016,4534.8,57.2,2.74,164,82,260,,True,1.9
1726,32.93401,-117.162047,4537.9,57.2,2.78,164,82,260,,True,1.9
1727,32.934001,-117.162069,4540.4,57.2,2.78,164,83,258,,True,0.0
1728,32.933986,-117.162094,4543.2,57.2,2.66,164,83,257,,True,0.0
1729,32.933964,-117.162117,4546.1,57.2,2.74,163,83,256,,True,-1.8
1730,32.93395,-117.162133,4548.7,57.2,2.78,164,83,256,,True,-1.8
1731,32.93393,-117.162156,4551.6,57.0,2.74,164,83,257,,True,-1.9
1732,32.933909,-117.162169,4554.1,57.0,2.74,164,83,256,,True,-2.0
1733,32.933894,-117.162183,4556.4,57.0,2.64,164,83,255,,True,0.0
1734,32.933882,-117.162211,4558.9,57.0,2.56,163,82,256,,True,0.0
1735,32.933877,-117.162232,4560.8,57.0,2.42,164,82,254,,True,0.0
1736,32.933872,-117.162258,4563.5,57.0,2.38,164,82,253,,True,0.0
1737,32.933863,-117.162292,4566.2,57.0,2.42,163,83,250,,True,0.0
1738,32.933856,-117.162316,4568.8,57.0,2.48,164,83,249,,True,-1.9
1739,32.933854,-117.162346,4571.6,57.0,2.54,163,82,249,,True,-1.9
1740,32.933858,-117.162378,4574.2,56.8,2.68,163,82,249,,True,-1.8
1741,32.933865,-117.162402,4576.9,56.8,2.68,163,81,250,,True,-1.9
1742,32.933878,-117.162427,4579.7,56.8,2.7,164,81,249,,True,1.9
1743,32.933899,-117.162446,4582.2,56.8,2.68,163,81,249,,True,1.9
1744,32.93392,-117.16246,4584.8,57.0,2.64,164,81,249,,True,1.9
1745,32.933943,-117.162477,4587.6,57.0,2.68,164,81,248,,True,2.0
1746,32.933962,-117.162494,4590.3,57.0,2.68,164,80,249,,True,-1.9
1747,32.933978,-117.162501,4592.4,57.0,2.54,163,80,248,,True,-1.9
1748,32.934006,-117.162524,4595.5,56.8,2.66,164,80,248,,True,-3.8
1749,32.934021,-117.162539,4597.9,56.8,2.62,164,80,246,,True,-3.3
1750,32.934042,-117.162566,4600.9,56.6,2.66,163,83,244,,True,-1.6
1751,32.934063,-117.162595,4604.5,56.6,2.84,163,83,243,,True,-1.5
1752,32.934081,-117.162622,4607.9,56.6,3.1,162,83,244,,True,1.5
1753,32.934099,-117.162659,4611.5,56.6,3.2,162,83,250,,True,1.5
1754,32.934107,-117.162688,4614.4,56.8,3.3,162,83,256,,True,3.2
1755,32.934111,-117.16272,4617.8,56.8,3.38,162,83,262,,True,3.4
1756,32.934125,-117.162748,4620.5,57.0,3.2,162,83,263,,True,1.7
1757,32.934137,-117.162772,4623.1,57.0,3.04,161,82,262,,True,1.8
1758,32.934148,-117.162803,4626.0,57.0,2.9,162,82,262,,True,-1.8
1759,32.934159,-117.162829,4628.9,57.0,2.9,162,82,259,,True,-1.8
1760,32.934169,-117.162855,4631.6,56.8,2.76,162,83,259,,True,-1.9
1761,32.934173,-117.162887,4634.3,56.8,2.76,162,83,258,,True,-1.8
1762,32.934183,-117.162911,4636.7,56.8,2.72,162,83,258,,True,0.0
1763,32.93419,-117.162947,4640.3,56.8,2.86,162,83,257,,True,-1.7
1764,32.934197,-117.162983,4643.5,56.8,2.92,163,82,257,,True,-1.6
1765,32.934202,-117.163005,4646.2,56.6,2.92,162,82,257,,True,-1.7
1766,32.934207,-117.163035,4649.0,56.6,2.94,162,82,259,,True,0.0
1767,32.934205,-117.163068,4651.8,56.6,3.02,162,81,259,,True,0.0
1768,32.934203,-117.163092,4654.6,56.8,2.86,162,81,259,,True,0.0
1769,32.934192,-117.163124,4657.2,56.6,2.74,163,81,260,,True,0.0
1770,32.93419,-117.163151,4659.9,56.6,2.74,162,82,260,,True,-1.7
1771,32.934179,-117.163188,4663.5,56.6,2.9,162,83,258,,True,-1.6
1772,32.93417,-117.16322,4666.4,56.6,2.92,162,83,257,,True,-1.6
1773,32.934166,-117.163248,4669.4,56.4,2.96,163,83,258,,True,-1.7
1774,32.934168,-117.163285,4672.4,56.4,3.04,162,83,258,,True,-1.7
1775,32.934173,-117.163313,4675.2,56.4,3.06,162,83,258,,True,0.0
1776,32.934179,-117.163341,4678.1,56.4,2.92,163,83,258,,True,0.0
1777,32.93419,-117.163376,4680.9,56.4,2.9,162,83,257,,True,0.0
1778,32.934192,-117.163399,4683.3,56.4,2.78,162,81,258,,True,0.0
1779,32.934179,-117.163424,4685.6,56.4,2.64,162,81,259,,True,0.0
1780,32.934151,-117.163435,4688.4,56.4,2.64,161,81,258,,True,-1.7
1781,32.934134,-117.163439,4690.4,56.4,2.46,161,81,256,,True,-1.7
1782,32.934114,-117.163444,4692.5,56.4,2.32,161,81,254,,True,-1.7
1783,32.934091,-117.163455,4694.8,56.2,2.3,161,81,253,,True,-1.6
1784,32.934074,-117.163465,4697.2,56.2,2.32,161,81,251,,True,-2.0
1785,32.93405,-117.163476,4699.9,56.2,2.3,160,81,250,,True,0.0
1786,32.934027,-117.163489,4702.6,56.2,2.44,161,81,249,,True,0.0
1787,32.934008,-117.163505,4705.4,56.2,2.58,161,81,249,,True,0.0
1788,32.933992,-117.163538,4708.2,56.2,2.68,160,81,249,,True,0.0
1789,32.933983,-117.163566,4711.3,56.2,2.82,161,81,249,,True,-1.7
1790,32.933975,-117.163594,4714.0,56.2,2.82,161,81,249,,True,-1.7
1791,32.933959,-117.163625,4717.2,56.0,2.92,161,81,249,,True,-1.8
1792,32.933951,-117.163645,4719.7,56.0,2.86,160,81,251,,True,-1.9
1793,32.933938,-117.163668,4722.3,56.0,2.82,161,81,250,,True,0.0
1794,32.933923,-117.163693,4724.8,56.0,2.7,161,81,250,,True,0.0
1795,32.933911,-117.163712,4727.3,56.0,2.66,161,82,249,,True,0.0
1796,32.933898,-117.163738,4729.9,56.0,2.54,160,82,248,,True,0.0
1797,32.93389,-117.163763,4732.4,56.0,2.54,161,82,247,,True,0.0
1798,32.933882,-117.163789,4735.1,56.0,2.56,161,82,248,,True,-1.8
1799,32.933864,-117.163823,4738.4,56.0,2.72,161,82,246,,True,-1.7
1800,32.93386,-117.163849,4741.1,55.8,2.76,160,81,246,,True,-3.3
1801,32.933846,-117.163877,4744.3,55.8,2.88,161,81,246,,True,-3.4
1802,32.933819,-117.163893,4747.2,55.6,2.96,161,81,247,,True,-1.8
1803,32.933803,-117.16391,4750.0,55.6,2.98,162,81,248,,True,-1.7
1804,32.933793,-117.163937,4752.5,55.6,2.82,162,81,248,,True,0.0
1805,32.933779,-117.163971,4755.8,55.6,2.94,161,81,247,,True,0.0
1806,32.93377,-117.163994,4758.5,55.6,2.84,161,81,246,,True,-1.7
1807,32.93376,-117.164029,4761.7,55.6,2.9,161,81,246,,True,-1.8
1808,32.933757,-117.164056,4764.3,55.4,2.86,161,81,248,,True,-1.8
1809,32.93376,-117.164081,4767.0,55.4,2.9,161,81,247,,True,-1.9
1810,32.933765,-117.164114,4769.5,55.4,2.74,161,81,247,,True,-1.9
1811,32.933768,-117.164137,4772.0,55.4,2.7,161,82,244,,True,-1.7
1812,32.933758,-117.164162,4774.7,55.2,2.6,160,82,243,,True,-3.2
1813,32.933748,-117.164189,4776.9,55.2,2.52,161,82,241,,True,-3.1
1814,32.933737,-117.164206,4779.1,55.2,2.42,161,82,240,,True,-2.0
1815,32.933719,-117.164227,4781.9,55.0,2.48,161,82,239,,True,-2.0
1816,32.933711,-117.164258,4784.7,55.0,2.54,161,82,236,,True,-1.8
1817,32.933712,-117.16428,4786.9,55.0,2.44,160,82,235,,True,1.8
1818,32.933715,-117.164317,4790.1,55.0,2.64,161,82,236,,True,1.8
1819,32.933721,-117.164342,4792.8,55.2,2.74,161,82,237,,True,1.8
1820,32.933733,-117.16437,4795.6,55.2,2.74,161,81,239,,True,1.9
1821,32.933727,-117.1644,4798.1,55.2,2.68,160,81,239,,True,0.0
1822,32.933715,-117.164428,4800.9,55.2,2.8,161,81,237,,True,-1.8
1823,32.933691,-117.164445,4804.0,55.2,2.78,161,81,237,,True,-1.8
1824,32.933667,-117.164459,4806.8,55.0,2.8,160,82,237,,True,-1.8
1825,32.933648,-117.164471,4809.4,55.0,2.76,160,81,237,,True,0.0
1826,32.933624,-117.16449,4812.3,55.0,2.84,161,81,238,,True,2.0
1827,32.933606,-117.164503,4814.5,55.2,2.72,161,81,239,,True,3.2
1828,32.933597,-117.164518,4816.8,55.2,2.56,161,82,241,,True,3.2
1829,32.9336,-117.16455,4819.1,55.4,2.46,161,82,242,,True,1.9
1830,32.933601,-117.164578,4821.8,55.4,2.48,161,82,242,,True,2.0
1831,32.933598,-117.164606,4824.8,55.4,2.5,161,82,242,,True,-1.9
1832,32.933588,-117.164634,4827.0,55.4,2.5,162,82,243,,True,-1.9
1833,32.933582,-117.164656,4829.4,55.2,2.52,161,81,243,,True,-2.0
1834,32.933573,-117.164683,4832.1,55.2,2.6,161,81,242,,True,-3.8
1835,32.933564,-117.164713,4834.8,55.2,2.6,161,81,243,,True,-1.9
1836,32.93356,-117.164736,4837.4,55.0,2.52,161,81,243,,True,-3.6
1837,32.93355,-117.16477,4840.1,55.0,2.62,161,81,243,,True,-3.3
1838,32.933542,-117.164799,4843.1,54.8,2.74,161,81,242,,True,-1.6
1839,32.933534,-117.164836,4846.8,54.8,2.94,160,81,241,,True,-1.6
1840,32.933529,-117.164866,4849.8,54.8,3.0,160,83,240,,True,1.7
1841,32.933519,-117.164888,4852.6,54.8,3.04,160,84,243,,True,2.0
1842,32.933511,-117.164913,4855.0,55.0,2.98,160,84,242,,True,1.7
1843,32.933502,-117.164934,4857.0,55.0,2.78,160,85,242,,True,1.9
1844,32.933495,-117.164956,4859.5,55.2,2.54,160,85,241,,True,0.0
1845,32.933494,-117.164981,4861.6,55.0,2.36,160,83,239,,True,0.0
1846,32.933489,-117.165001,4863.4,55.0,2.16,159,83,240,,True,-1.5
1847,32.933487,-117.165035,4866.0,55.0,2.2,160,83,237,,True,0.0
1848,32.933483,-117.165067,4869.2,55.0,2.44,159,83,236,,True,-1.6
1849,32.933487,-117.1651,4872.7,55.0,2.64,159,83,236,,True,0.0
1850,32.933495,-117.165137,4875.7,54.8,2.82,159,83,237,,True,0.0
1851,32.9335,-117.165163,4878.4,55.0,3.0,159,83,240,,True,-1.8
1852,32.933498,-117.165195,4881.5,55.0,3.1,158,83,242,,True,0.0
1853,32.933491,-117.165221,4883.9,54.8,2.94,159,82,242,,True,-2.0
1854,32.933484,-117.165244,4886.3,54.8,2.72,159,82,243,,True,-1.7
1855,32.93347,-117.165262,4888.6,54.8,2.58,158,82,242,,True,0.0
1856,32.933453,-117.165279,4890.6,54.8,2.44,159,82,241,,True,0.0
1857,32.933437,-117.165296,4893.2,54.8,2.34,159,82,239,,True,0.0
1858,32.933417,-117.165316,4895.9,54.8,2.4,159,82,237,,True,0.0
1859,32.933401,-117.16533,4898.3,54.8,2.4,159,80,239,,True,0.0
1860,32.933384,-117.165346,4901.1,54.8,2.5,159,80,238,,True,0.0
1861,32.93336,-117.16536,4903.4,54.8,2.56,159,81,238,,True,1.6
1862,32.933349,-117.165365,4905.1,54.8,2.38,159,81,238,,True,1.7
1863,32.933325,-117.165373,4907.6,54.8,2.34,158,82,236,,True,1.6
1864,32.933297,-117.165374,4910.5,55.0,2.44,159,82,235,,True,1.9
1865,32.933276,-117.165383,4913.2,55.0,2.42,158,81,236,,True,1.8
1866,32.933253,-117.16541,4915.9,55.0,2.5,158,81,236,,True,0.0
1867,32.93324,-117.165438,4918.9,55.0,2.76,158,81,236,,True,0.0
1868,32.933224,-117.165467,4922.4,55.0,2.96,158,82,236,,True,-1.5
1869,32.933201,-117.1655,4926.1,55.0,3.12,158,82,239,,True,-1.4
1870,32.933186,-117.165525,4929.4,54.8,3.24,158,82,242,,True,-1.4
1871,32.933161,-117.165556,4933.0,54.8,3.42,158,82,241,,True,-1.4
1872,32.933143,-117.165583,4936.4,54.8,3.5,158,83,242,,True,-1.4
1873,32.933123,-117.165611,4940.1,54.8,3.54,158,83,242,,True,-1.4
1874,32.933096,-117.165639,4943.8,54.6,3.54,157,83,258,,True,-1.4
1875,32.93308,-117.165661,4946.9,54.6,3.5,158,83,286,,True,-1.5
1876,32.933053,-117.165693,4950.5,54.6,3.5,158,84,284,,True,-1.5
1877,32.933035,-117.165715,4953.7,54.6,3.46,158,85,299,,True,-1.5
1878,32.933017,-117.165739,4957.0,54.4,3.38,159,85,279,,True,-1.6
1879,32.932991,-117.165763,4960.3,54.4,3.3,159,85,273,,True,-1.6
1880,32.932974,-117.165783,4963.1,54.4,3.24,160,84,274,,True,0.0
1881,32.93295,-117.165808,4966.4,54.4,3.18,160,84,271,,True,0.0
1882,32.932929,-117.165823,4969.2,54.4,3.1,160,83,273,,True,0.0
1883,32.932907,-117.165841,4972.3,54.4,3.06,161,83,256,,True,0.0
1884,32.932877,-117.165863,4975.8,54.4,3.1,161,83,266,,True,0.0
1885,32.932859,-117.165881,4978.9,54.4,3.16,161,82,267,,True,0.0
1886,32.932831,-117.165898,4982.3,54.4,3.18,161,82,272,,True,0.0
1887,32.932807,-117.16591,4985.0,54.4,3.16,161,82,290,,True,1.7
1888,32.93279,-117.165923,4987.7,54.4,3.08,162,82,276,,True,1.9
1889,32.932768,-117.165952,4990.8,54.6,3.0,162,84,270,,True,0.0
1890,32.932763,-117.165973,4992.9,54.6,2.8,162,84,263,,True,0.0
1891,32.932751,-117.166004,4996.1,54.4,2.76,163,84,263,,True,-3.7
1892,32.932737,-117.166031,4998.8,54.4,2.76,163,83,264,,True,-5.1
1893,32.932727,-117.166054,5001.7,54.2,2.8,163,83,263,,True,-3.6
1894,32.932705,-117.166083,5004.7,54.0,2.78,163,83,261,,True,-3.5
1895,32.932693,-117.166101,5007.2,54.0,2.86,163,83,260,,True,-1.8
1896,32.932673,-117.166124,5010.3,54.0,2.84,163,83,259,,True,0.0
1897,32.932651,-117.166141,5013.0,54.0,2.84,163,84,256,,True,1.8
1898,32.932635,-117.166156,5015.5,54.0,2.76,164,84,256,,True,1.9
1899,32.932617,-117.166181,5018.3,54.2,2.72,164,84,256,,True,1.8
1900,32.9326,-117.166197,5020.9,54.2,2.74,164,84,253,,True,1.8
1901,32.93258,-117.16622,5024.0,54.2,2.74,165,84,253,,True,-1.8
1902,32.932557,-117.16624,5026.8,54.2,2.76,165,84,253,,True,-1.7
1903,32.932545,-117.166259,5029.3,54.0,2.76,164,84,252,,True,-1.8
1904,32.932522,-117.166282,5032.5,54.0,2.84,164,84,252,,True,-1.8
1905,32.932502,-117.1663,5035.4,54.0,2.9,164,84,252,,True,0.0
1906,32.932487,-117.166317,5037.9,54.0,2.78,164,82,253,,True,0.0
1907,32.932467,-117.166341,5040.8,54.0,2.8,164,82,256,,True,0.0
1908,32.932459,-117.16636,5042.6,54.0,2.66,164,81,255,,True,0.0
1909,32.932443,-117.166379,5045.7,54.0,2.64,164,82,254,,True,0.0
1910,32.93242,-117.166402,5048.6,54.0,2.64,164,82,249,,True,0.0
1911,32.932408,-117.166423,5051.1,54.0,2.64,164,82,250,,True,-1.8
1912,32.932384,-117.166448,5054.3,54.0,2.7,164,82,250,,True,-1.7
1913,32.932369,-117.166471,5057.1,53.8,2.9,164,83,250,,True,-3.3
1914,32.932345,-117.166498,5060.1,53.8,2.88,164,83,251,,True,-3.2
1915,32.932323,-117.166517,5063.4,53.6,2.96,164,83,250,,True,-3.1
1916,32.932301,-117.166539,5066.8,53.6,3.14,164,83,250,,True,-3.2
1917,32.93228,-117.166556,5069.8,53.4,3.1,164,84,252,,True,0.0
1918,32.93226,-117.16657,5072.5,53.4,3.08,164,84,253,,True,0.0
1919,32.93224,-117.166581,5075.0,53.6,2.98,164,84,254,,True,1.8
1920,32.932208,-117.166577,5078.2,53.6,2.96,164,84,254,,True,1.7
1921,32.932186,-117.166578,5080.8,53.6,2.8,164,86,251,,True,0.0
1922,32.932154,-117.166576,5084.0,53.6,2.84,164,83,248,,True,0.0
1923,32.932131,-117.166576,5086.8,53.6,2.86,165,83,251,,True,-1.7
1924,32.932104,-117.166573,5089.7,53.6,2.94,165,83,252,,True,-1.7
1925,32.932073,-117.166565,5092.9,53.4,2.94,167,83,253,,True,0.0
1926,32.932047,-117.166564,5095.9,53.4,3.02,168,85,252,,True,0.0
1927,32.932009,-117.16656,5099.5,53.6,3.1,169,85,253,,True,1.7
1928,32.931982,-117.166568,5102.6,53.6,3.16,169,85,255,,True,3.4
1929,32.931961,-117.166579,5104.9,53.6,3.04,169,84,263,,True,1.9
1930,32.931944,-117.16661,5107.7,53.8,2.96,170,83,265,,True,2.0
1931,32.931943,-117.166639,5110.2,53.8,2.86,170,83,261,,True,0.0
1932,32.931952,-117.166663,5112.7,53.8,2.64,170,83,261,,True,-5.7
1933,32.931974,-117.16669,5115.6,53.6,2.6,170,82,260,,True,-7.1
1934,32.931993,-117.166703,5118.2,53.2,2.66,170,80,260,,True,-8.6
1935,32.932026,-117.166715,5121.4,53.0,2.74,170,80,258,,True,-6.6
1936,32.932047,-117.166729,5124.3,52.8,2.82,170,80,257,,True,-3.0
1937,32.932075,-117.166748,5127.8,52.8,3.02,170,82,253,,True,-3.1
1938,32.932107,-117.166769,5131.6,52.8,3.2,170,83,251,,True,-1.5
1939,32.932127,-117.166779,5134.5,52.6,3.26,170,83,254,,True,-3.0
1940,32.932154,-117.166803,5137.9,52.6,3.3,170,83,260,,True,-3.1
1941,32.932175,-117.166819,5141.0,52.4,3.34,170,83,261,,True,-1.6
1942,32.932199,-117.166836,5144.4,52.4,3.32,170,82,264,,True,-1.7
1943,32.932226,-117.166851,5147.2,52.4,3.12,171,83,262,,True,0.0
1944,32.932242,-117.166866,5149.5,52.4,3.0,170,83,258,,True,0.0
1945,32.932263,-117.166889,5152.5,52.4,2.92,170,84,257,,True,0.0
1946,32.932277,-117.166918,5155.6,52.4,2.92,170,83,253,,True,0.0
1947,32.932282,-117.166946,5158.4,52.4,2.8,170,83,256,,True,0.0
1948,32.932284,-117.166974,5161.1,52.4,2.78,170,83,256,,True,1.8
1949,32.932279,-117.167003,5163.5,52.4,2.8,170,83,255,,True,1.9
1950,32.932285,-117.167033,5166.5,52.6,2.8,170,84,254,,True,1.9
1951,32.932296,-117.16706,5168.9,52.6,2.66,170,84,255,,True,1.8
1952,32.932308,-117.167083,5171.7,52.6,2.66,170,84,255,,True,0.0
1953,32.932325,-117.167114,5174.8,52.6,2.74,169,84,253,,True,-1.7
1954,32.932343,-117.167139,5177.7,52.6,2.84,170,82,253,,True,-1.7
1955,32.932362,-117.167155,5180.5,52.4,2.8,170,80,253,,True,-3.5
1956,32.932383,-117.167181,5183.6,52.4,2.94,169,80,256,,True,-1.8
1957,32.932398,-117.167193,5186.1,52.2,2.88,169,80,256,,True,1.9
1958,32.932421,-117.167208,5188.8,52.4,2.8,169,83,256,,True,4.0
1959,32.932439,-117.167226,5191.1,52.6,2.68,169,83,258,,True,5.8
1960,32.932452,-117.167247,5193.6,52.8,2.62,169,83,257,,True,5.8
1961,32.932463,-117.167277,5196.4,52.8,2.56,169,83,254,,True,3.7
1962,32.93247,-117.167308,5199.2,53.0,2.62,169,82,253,,True,1.8
1963,32.932481,-117.167329,5201.8,53.0,2.6,169,81,256,,True,1.9
1964,32.932499,-117.167357,5204.7,53.0,2.72,168,81,255,,True,0.0
1965,32.932509,-117.167378,5207.2,53.0,2.72,168,81,254,,True,0.0
1966,32.932524,-117.167404,5210.0,53.0,2.72,168,83,254,,True,0.0
1967,32.932545,-117.167426,5213.0,53.0,2.76,168,83,254,,True,0.0
1968,32.932561,-117.167448,5216.0,53.0,2.84,168,82,254,,True,0.0
1969,32.932579,-117.16748,5219.3,53.0,2.92,167,82,254,,True,0.0
1970,32.932592,-117.167503,5222.1,53.0,2.98,167,82,257,,True,0.0
1971,32.932605,-117.167528,5225.7,53.0,3.14,167,82,262,,True,0.0
1972,32.932613,-117.167555,5228.5,53.0,3.1,167,83,261,,True,-1.8
1973,32.932609,-117.167581,5230.6,53.0,2.92,167,83,261,,True,-1.9
1974,32.93261,-117.167612,5233.3,52.8,2.8,167,83,261,,True,-4.0
1975,32.932614,-117.167647,5236.0,52.8,2.78,167,82,257,,True,-3.9
1976,32.932623,-117.167671,5238.5,52.6,2.56,166,81,258,,True,-1.9
1977,32.93264,-117.16769,5240.8,52.6,2.46,167,81,258,,True,-2.0
1978,32.932658,-117.167687,5242.5,52.6,2.38,167,81,257,,True,1.9
1979,32.932679,-117.167674,5243.9,52.6,2.12,167,82,254,,True,1.9
1980,32.932703,-117.16766,5246.2,52.6,2.04,166,82,251,,True,3.4
1981,32.932724,-117.167648,5248.8,52.8,2.06,167,82,248,,True,3.8
1982,32.932747,-117.167642,5251.5,52.8,2.14,167,83,243,,True,3.8
1983,32.932771,-117.167642,5254.3,53.0,2.36,166,83,243,,True,3.8
1984,32.932794,-117.167646,5256.8,53.0,2.58,166,83,245,,True,3.9
1985,32.93282,-117.167654,5259.3,53.2,2.62,166,83,244,,True,4.0
1986,32.932841,-117.167656,5261.8,53.2,2.6,166,83,243,,True,3.7
1987,32.932862,-117.167664,5264.4,53.4,2.58,166,82,242,,True,3.6
1988,32.93289,-117.167687,5267.6,53.4,2.66,166,82,243,,True,3.3
1989,32.932907,-117.167703,5270.5,53.6,2.74,165,82,244,,True,1.5
1990,32.932932,-117.167732,5274.1,53.6,2.96,165,82,256,,True,3.1
1991,32.932955,-117.16775,5277.5,53.6,3.14,165,82,261,,True,1.5
1992,32.932977,-117.167764,5280.7,53.8,3.26,165,82,282,,True,3.3
1993,32.933004,-117.167779,5283.5,53.8,3.18,166,82,292,,True,3.4
1994,32.933024,-117.167784,5286.3,54.0,3.16,166,82,289,,True,1.8
1995,32.93305,-117.167789,5289.2,54.0,3.02,166,83,285,,True,3.6
1996,32.933077,-117.167795,5292.0,54.0,2.9,166,83,275,,True,1.9
1997,32.933095,-117.167795,5294.5,54.2,2.76,166,83,276,,True,3.3
1998,32.933121,-117.167802,5297.0,54.2,2.7,167,83,278,,True,4.9
1999,32.93314,-117.167802,5299.0,54.2,2.54,167,84,271,,True,3.2
2000,32.933162,-117.167804,5301.2,54.4,2.4,167,84,268,,True,4.5
2001,32.933193,-117.167812,5304.3,54.6,2.46,167,84,261,,True,5.3
2002,32.933214,-117.167814,5306.9,54.6,2.48,167,84,268,,True,3.3
2003,32.933252,-117.16782,5310.4,54.8,2.68,168,84,279,,True,1.5
2004,32.933278,-117.167819,5313.5,54.8,2.9,168,84,282,,True,1.5
2005,32.933318,-117.167817,5317.3,54.8,3.22,168,84,307,,True,1.6
2006,32.933344,-117.167804,5320.6,54.8,3.26,168,85,309,,True,1.6
2007,32.933357,-117.167779,5323.2,55.0,3.26,169,86,329,,True,1.6
2008,32.933371,-117.167748,5326.1,55.0,3.14,170,85,332,,True,1.6
2009,32.933384,-117.16772,5329.8,55.0,3.26,170,85,319,,True,1.6
2010,32.933394,-117.167684,5333.0,55.0,3.14,171,85,321,,True,0.0
2011,32.933399,-117.167655,5335.8,55.2,3.04,171,86,317,,True,0.0
2012,32.933405,-117.167615,5339.1,55.0,3.18,172,86,311,,True,0.0
2013,32.93341,-117.167584,5341.9,55.0,3.16,172,86,306,,True,-1.6
2014,32.933416,-117.167546,5345.6,55.0,3.16,172,86,298,,True,-1.6
2015,32.93342,-117.167509,5348.6,55.0,3.12,171,86,294,,True,-1.6
2016,32.933431,-117.16748,5351.8,54.8,3.2,172,86,293,,True,-1.7
2017,32.933444,-117.167454,5354.3,54.8,3.04,172,85,289,,True,-1.8
2018,32.93345,-117.167429,5357.1,54.8,3.04,171,85,286,,True,0.0
2019,32.933453,-117.167399,5359.6,54.8,2.8,172,85,281,,True,0.0
2020,32.93346,-117.167367,5362.6,54.8,2.8,172,85,278,,True,0.0
2021,32.933472,-117.167341,5365.6,54.8,2.76,171,85,276,,True,0.0
2022,32.933496,-117.16732,5368.5,54.8,2.84,172,85,273,,True,1.8
2023,32.933509,-117.167299,5371.0,54.8,2.78,172,85,270,,True,1.8
2024,32.933531,-117.167281,5373.8,55.0,2.84,171,83,271,,True,1.9
2025,32.933559,-117.167273,5376.8,55.0,2.84,172,83,268,,True,1.9
2026,32.93358,-117.167265,5379.2,55.0,2.72,172,83,269,,True,0.0
2027,32.933605,-117.16726,5381.7,55.0,2.64,172,83,269,,True,0.0
2028,32.933627,-117.167256,5384.2,55.0,2.64,171,83,266,,True,0.0
2029,32.933651,-117.167254,5387.1,55.0,2.66,172,83,266,,True,0.0
2030,32.933682,-117.167262,5390.2,55.0,2.68,171,83,265,,True,0.0
2031,32.9337,-117.167267,5392.7,55.0,2.7,171,83,264,,True,0.0
2032,32.933727,-117.167282,5396.0,55.0,2.86,171,82,263,,True,0.0
2033,32.933748,-117.167293,5398.3,55.0,2.82,171,82,264,,True,0.0
2034,32.933764,-117.167297,5400.6,55.0,2.7,172,82,263,,True,-1.8
2035,32.933787,-117.167302,5403.0,55.0,2.56,171,82,262,,True,-1.7
2036,32.933805,-117.167297,5405.0,54.8,2.46,171,82,259,,True,-3.4
2037,32.93382,-117.167279,5407.2,54.8,2.24,171,81,256,,True,-3.3
2038,32.933833,-117.167249,5409.9,54.8,2.32,171,81,253,,True,-2.0
2039,32.933845,-117.167227,5412.5,54.6,2.38,171,81,250,,True,-1.8
2040,32.933863,-117.167202,5415.2,54.6,2.44,171,82,248,,True,-3.5
2041,32.933875,-117.167173,5418.3,54.6,2.66,171,82,246,,True,-1.6
2042,32.933892,-117.167151,5421.4,54.4,2.84,170,82,244,,True,-1.6
2043,32.933909,-117.167118,5424.7,54.4,2.96,171,83,244,,True,-1.6
2044,32.933921,-117.167095,5427.5,54.4,3.0,171,83,244,,True,0.0
2045,32.933944,-117.167071,5430.7,54.4,3.1,170,83,244,,True,-1.6
2046,32.933974,-117.167062,5433.8,54.4,3.1,170,83,245,,True,-1.6
2047,32.934,-117.167061,5436.9,54.2,3.1,170,83,244,,True,-1.6
2048,32.934035,-117.167059,5440.3,54.2,3.12,170,83,245,,True,-1.5
2049,32.934061,-117.167054,5443.3,54.2,3.16,171,83,245,,True,1.5
2050,32.934098,-117.16704,5447.0,54.2,3.26,170,84,247,,True,1.4
2051,32.934123,-117.167017,5450.6,54.4,3.36,170,84,246,,True,1.3
2052,32.934145,-117.166987,5454.6,54.4,3.54,169,85,246,,True,1.4
2053,32.934156,-117.166949,5458.2,54.4,3.58,169,85,249,,True,0.0
2054,32.934168,-117.166919,5461.5,54.4,3.64,169,85,251,,True,0.0
2055,32.934186,-117.166883,5465.1,54.4,3.62,169,85,261,,True,0.0
2056,32.934196,-117.166857,5468.1,54.4,3.5,169,85,267,,True,0.0
2057,32.934208,-117.166829,5471.0,54.4,3.28,169,85,266,,True,0.0
2058,32.93421,-117.166796,5473.8,54.4,3.12,169,85,264,,True,-1.7
2059,32.934201,-117.16677,5476.7,54.4,3.04,169,85,253,,True,-3.3
2060,32.93418,-117.166733,5480.1,54.2,3.0,169,85,252,,True,-4.8
2061,32.934159,-117.166715,5483.0,54.0,2.98,169,83,252,,True,-4.9
2062,32.934138,-117.166694,5486.2,53.8,3.04,168,82,261,,True,-1.8
2063,32.934124,-117.166668,5488.9,53.8,3.02,168,82,269,,True,3.2
2064,32.934117,-117.16665,5491.0,54.0,2.86,169,82,268,,True,5.2
2065,32.93413,-117.16663,5492.9,54.2,2.56,169,85,257,,True,5.2
2066,32.93415,-117.166612,5495.4,54.4,2.48,169,85,244,,True,3.5
2067,32.934165,-117.166595,5497.8,54.4,2.32,169,85,234,,True,1.8
2068,32.934174,-117.166565,5500.5,54.4,2.32,168,85,234,,True,0.0
2069,32.934168,-117.166547,5502.3,54.4,2.26,168,80,238,,True,1.8
2070,32.934157,-117.166527,5504.2,54.4,2.26,168,80,238,,True,1.8
2071,32.934144,-117.166499,5506.7,54.4,2.26,168,80,234,,True,3.3
2072,32.934137,-117.166479,5509.0,54.6,2.24,168,81,231,,True,3.9
2073,32.934137,-117.166449,5511.7,54.6,2.24,168,82,232,,True,2.0
2074,32.934151,-117.166421,5514.4,54.8,2.42,168,82,233,,True,0.0
2075,32.934162,-117.1664,5516.9,54.6,2.54,167,82,234,,True,0.0
2076,32.934182,-117.166367,5520.2,54.6,2.7,167,82,234,,True,-1.7
2077,32.934192,-117.166342,5523.0,54.6,2.8,167,81,234,,True,-1.6
2078,32.934206,-117.166313,5526.3,54.6,2.92,167,81,240,,True,-1.7
2079,32.934222,-117.16628,5529.6,54.4,3.04,167,81,242,,True,0.0
2080,32.934226,-117.166257,5532.1,54.4,3.04,166,82,263,,True,0.0
2081,32.934232,-117.166224,5535.2,54.6,3.0,167,83,262,,True,2.0
2082,32.93423,-117.166202,5537.1,54.6,2.82,166,83,265,,True,1.9
2083,32.934228,-117.166178,5539.6,54.6,2.66,167,83,259,,True,1.6
2084,32.934226,-117.166142,5542.4,54.6,2.56,167,84,238,,True,1.9
2085,32.934224,-117.166121,5544.7,54.8,2.52,167,83,238,,True,1.9
2086,32.934224,-117.16609,5547.7,54.8,2.5,166,83,240,,True,1.6
2087,32.934216,-117.166064,5550.2,54.8,2.62,166,83,248,,True,0.0
2088,32.934204,-117.16605,5552.1,54.8,2.5,166,83,248,,True,1.8
2089,32.93419,-117.166024,5554.6,54.8,2.44,166,82,248,,True,1.7
2090,32.934184,-117.166003,5556.8,54.8,2.42,167,82,236,,True,1.6
2091,32.934177,-117.16598,5559.1,55.0,2.28,167,82,235,,True,1.6
2092,32.934174,-117.165947,5561.9,55.0,2.34,167,82,234,,True,2.0
2093,32.934169,-117.165924,5564.3,55.0,2.44,166,81,234,,True,1.9
2094,32.934164,-117.165898,5566.8,55.0,2.44,166,81,243,,True,0.0
2095,32.934159,-117.165861,5569.9,55.2,2.62,166,81,245,,True,0.0
2096,32.934154,-117.165836,5572.7,55.0,2.72,166,81,244,,True,0.0
2097,32.934153,-117.165804,5575.3,55.0,2.68,166,81,252,,True,-3.6
2098,32.934157,-117.165776,5578.1,55.0,2.76,166,82,248,,True,-1.8
2099,32.934158,-117.165747,5581.0,54.8,2.84,165,82,249,,True,-1.8
2100,32.934159,-117.165709,5583.8,54.8,2.78,165,82,249,,True,-1.8
2101,32.934164,-117.165687,5586.4,54.8,2.74,165,82,248,,True,0.0
2102,32.934169,-117.165659,5589.5,54.8,2.84,165,82,249,,True,1.9
2103,32.934172,-117.165626,5592.1,54.8,2.8,166,82,249,,True,1.8
2104,32.934173,-117.165601,5594.6,55.0,2.72,165,82,249,,True,1.7
2105,32.93418,-117.165566,5597.7,55.0,2.78,165,82,247,,True,1.8
2106,32.934191,-117.165536,5601.0,55.0,2.92,165,82,246,,True,0.0
2107,32.934194,-117.16551,5603.5,55.0,2.8,165,82,246,,True,-1.8
2108,32.934201,-117.165474,5606.7,55.0,2.92,165,82,246,,True,-2.0
2109,32.934209,-117.165459,5608.8,54.8,2.84,164,82,246,,True,-1.9
2110,32.934228,-117.165444,5611.2,54.8,2.7,165,82,245,,True,0.0
2111,32.93425,-117.16542,5614.0,54.8,2.6,165,82,245,,True,2.0
2112,32.934262,-117.165411,5616.2,54.8,2.54,164,82,243,,True,1.9
2113,32.934283,-117.165394,5618.9,55.0,2.44,165,82,244,,True,2.0
2114,32.934306,-117.165377,5621.7,55.0,2.58,165,81,244,,True,3.7
2115,32.934317,-117.165357,5624.1,55.0,2.58,166,81,245,,True,1.9
2116,32.93434,-117.165333,5627.1,55.2,2.62,166,81,245,,True,1.9
2117,32.934358,-117.165319,5629.7,55.2,2.7,166,81,245,,True,2.0
2118,32.934371,-117.165302,5632.2,55.2,2.66,165,82,246,,True,-1.8
2119,32.934383,-117.165279,5634.1,55.2,2.48,166,82,245,,True,-1.8
2120,32.934385,-117.16526,5635.9,55.0,2.36,166,82,243,,True,-3.6
2121,32.934391,-117.165235,5638.3,55.0,2.24,165,82,241,,True,-3.3
2122,32.934392,-117.165203,5640.7,55.0,2.2,165,82,239,,True,-1.9
2123,32.934394,-117.16518,5643.2,54.8,2.2,165,82,237,,True,-3.5
2124,32.934406,-117.16515,5646.3,54.8,2.44,165,82,235,,True,-3.3
2125,32.934424,-117.165114,5649.6,54.6,2.74,165,82,233,,True,-1.5
2126,32.934435,-117.165088,5652.8,54.6,2.9,165,82,234,,True,-1.6
2127,32.934459,-117.165059,5656.3,54.6,3.12,165,82,235,,True,1.6
2128,32.934475,-117.165038,5659.2,54.6,3.2,165,82,237,,True,3.3
2129,32.934494,-117.165022,5661.9,54.8,3.12,164,82,240,,True,5.5
2130,32.934521,-117.165005,5664.8,55.0,3.04,164,82,242,,True,7.4
2131,32.934537,-117.164993,5667.2,55.2,2.88,164,82,243,,True,5.5
2132,32.934554,-117.164971,5670.0,55.4,2.74,164,83,244,,True,5.9
2133,32.934569,-117.164942,5672.9,55.4,2.74,164,83,244,,True,3.8
2134,32.934575,-117.164923,5675.0,55.6,2.62,164,83,245,,True,3.8
2135,32.934587,-117.164893,5677.8,55.6,2.6,164,82,248,,True,5.0
2136,32.934592,-117.164868,5680.4,55.8,2.64,164,81,250,,True,4.0
2137,32.934598,-117.164849,5682.8,55.8,2.56,164,81,253,,True,5.1
2138,32.934607,-117.16482,5685.0,56.0,2.42,164,81,256,,True,5.1
2139,32.934609,-117.164798,5687.3,56.2,2.46,164,81,257,,True,5.1
2140,32.934613,-117.164777,5689.5,56.2,2.34,163,81,257,,True,3.1
2141,32.934614,-117.164743,5692.2,56.4,2.36,164,81,258,,True,1.9
2142,32.934611,-117.164719,5694.6,56.4,2.36,164,81,260,,True,1.8
2143,32.93461,-117.164685,5697.7,56.4,2.54,164,81,261,,True,0.0
2144,32.93461,-117.164654,5700.5,56.4,2.64,163,81,262,,True,0.0
2145,32.934607,-117.16463,5703.1,56.4,2.72,164,81,262,,True,0.0
2146,32.934608,-117.164597,5706.1,56.4,2.78,164,82,263,,True,0.0
2147,32.934612,-117.164572,5708.5,56.4,2.78,164,83,263,,True,0.0
2148,32.934619,-117.164551,5710.7,56.4,2.6,164,82,266,,True,1.6
2149,32.934632,-117.164524,5713.3,56.4,2.56,165,82,268,,True,2.0
2150,32.93464,-117.164502,5715.7,56.4,2.52,165,81,268,,True,1.9
2151,32.934652,-117.164477,5718.7,56.6,2.52,165,81,271,,True,1.9
2152,32.934654,-117.164442,5721.4,56.6,2.58,165,81,275,,True,1.8
2153,32.934655,-117.164418,5723.9,56.6,2.64,166,81,276,,True,0.0
2154,32.93466,-117.164385,5727.0,56.6,2.74,166,81,274,,True,-1.8
2155,32.934668,-117.164351,5730.1,56.6,2.88,166,82,271,,True,-1.6
2156,32.934673,-117.164325,5732.8,56.4,2.82,166,82,270,,True,-1.7
2157,32.934682,-117.164287,5736.2,56.4,2.96,166,82,268,,True,-1.8
2158,32.934685,-117.164262,5738.8,56.4,2.98,166,81,263,,True,0.0
2159,32.934693,-117.164237,5741.4,56.4,2.88,166,81,262,,True,0.0
2160,32.934709,-117.164199,5744.9,56.4,2.96,166,82,260,,True,-1.6
2161,32.934719,-117.164173,5748.0,56.4,3.04,167,82,256,,True,0.0
2162,32.934731,-117.164139,5751.3,56.2,3.02,166,82,256,,True,0.0
2163,32.934741,-117.164112,5753.9,56.4,3.02,166,82,256,,True,1.8
2164,32.934747,-117.164089,5756.6,56.4,3.04,165,83,259,,True,5.7
2165,32.934752,-117.164057,5759.3,56.6,2.88,165,83,260,,True,5.7
2166,32.93475,-117.164033,5761.8,56.8,2.76,165,83,260,,True,5.4
2167,32.934748,-117.164004,5764.5,57.0,2.64,164,83,259,,True,1.8
2168,32.93475,-117.163964,5767.7,57.0,2.76,164,82,257,,True,0.0
2169,32.934748,-117.163935,5770.5,56.8,2.78,164,82,255,,True,-1.5
2170,32.934752,-117.163894,5774.2,56.8,2.98,164,82,256,,True,-1.4
2171,32.934762,-117.163856,5777.8,56.8,3.2,164,82,256,,True,0.0
2172,32.934771,-117.163825,5781.5,56.8,3.4,164,82,259,,True,0.0
2173,32.934783,-117.163785,5785.0,56.8,3.46,163,83,261,,True,0.0
2174,32.934787,-117.163757,5787.9,56.8,3.48,163,83,259,,True,0.0
2175,32.934788,-117.163722,5791.1,56.8,3.38,163,83,261,,True,0.0
2176,32.934795,-117.163684,5794.6,56.8,3.36,163,83,260,,True,-1.5
2177,32.9348,-117.163653,5798.1,56.8,3.32,164,83,264,,True,-1.5
2178,32.934813,-117.163616,5801.3,56.6,3.26,163,83,278,,True,-3.0
2179,32.934817,-117.163585,5804.5,56.6,3.32,163,83,286,,True,-4.5
2180,32.93483,-117.163548,5808.0,56.4,3.38,163,83,283,,True,-3.1
2181,32.934842,-117.163516,5811.3,56.2,3.34,164,83,280,,True,-4.7
2182,32.934851,-117.16349,5814.2,56.2,3.22,164,83,284,,True,-3.3
2183,32.934868,-117.163454,5817.4,56.0,3.22,164,84,279,,True,0.0
2184,32.934877,-117.16343,5820.1,56.0,3.12,164,84,272,,True,0.0
2185,32.934889,-117.1634,5823.1,56.2,3.02,165,83,268,,True,1.7
2186,32.934903,-117.163369,5826.3,56.2,3.0,165,83,263,,True,1.6
2187,32.934909,-117.163344,5829.2,56.2,3.0,165,83,263,,True,1.7
2188,32.934924,-117.16331,5832.3,56.2,2.98,165,83,262,,True,1.7
2189,32.934934,-117.163285,5835.2,56.4,3.02,164,83,264,,True,1.6
2190,32.934942,-117.163256,5838.3,56.4,3.04,165,83,262,,True,1.7
2191,32.934956,-117.163221,5841.4,56.4,3.02,165,83,265,,True,0.0
2192,32.934961,-117.163199,5843.9,56.4,2.94,165,83,266,,True,0.0
2193,32.934974,-117.163169,5847.0,56.4,2.94,165,83,265,,True,0.0
2194,32.934986,-117.163141,5849.8,56.4,2.92,165,83,261,,True,1.8
2195,32.934991,-117.163119,5852.2,56.4,2.78,165,83,259,,True,1.9
2196,32.934999,-117.163087,5855.0,56.6,2.72,165,82,260,,True,2.0
2197,32.935002,-117.163065,5857.3,56.6,2.68,165,82,255,,True,3.8
2198,32.935012,-117.163042,5859.8,56.6,2.56,165,82,253,,True,2.0
2199,32.935025,-117.163012,5862.7,56.8,2.58,165,82,246,,True,1.9
2200,32.935031,-117.16299,5865.2,56.8,2.6,166,82,247,,True,1.9
2201,32.935052,-117.162968,5868.0,56.8,2.6,165,82,250,,True,0.0
2202,32.935073,-117.162955,5870.6,56.8,2.66,165,82,253,,True,0.0
2203,32.935085,-117.162938,5872.8,56.8,2.6,165,82,253,,True,1.6
2204,32.935105,-117.162913,5875.7,56.8,2.6,166,82,254,,True,3.2
2205,32.935117,-117.162896,5877.9,57.0,2.54,165,82,251,,True,3.9
2206,32.935125,-117.162875,5880.3,57.0,2.46,165,82,251,,True,3.3
2207,32.935141,-117.162845,5883.0,57.2,2.48,166,82,252,,True,1.6
2208,32.935152,-117.162829,5885.3,57.2,2.5,165,81,251,,True,2.0
2209,32.935164,-117.162808,5887.8,57.2,2.42,165,81,253,,True,0.0
2210,32.935179,-117.162779,5890.4,57.2,2.5,165,81,252,,True,0.0
2211,32.935186,-117.162762,5892.6,57.2,2.46,166,81,251,,True,0.0
2212,32.9352,-117.16274,5895.2,57.2,2.44,165,81,252,,True,1.7
2213,32.935212,-117.162714,5897.8,57.2,2.5,165,81,251,,True,3.2
2214,32.935216,-117.162696,5899.8,57.4,2.4,165,81,251,,True,3.3
2215,32.935226,-117.162668,5902.3,57.4,2.38,165,81,253,,True,3.3
2216,32.935235,-117.162641,5905.1,57.6,2.5,165,81,254,,True,1.9
2217,32.935237,-117.162619,5907.4,57.6,2.44,165,81,255,,True,2.0
2218,32.935246,-117.162592,5910.1,57.6,2.46,165,81,254,,True,0.0
2219,32.935252,-117.162569,5912.4,57.6,2.52,165,81,255,,True,1.7
2220,32.935254,-117.162549,5914.3,57.6,2.4,165,81,255,,True,1.7
2221,32.935258,-117.162514,5917.0,57.6,2.38,165,81,254,,True,1.6
2222,32.935257,-117.162495,5919.2,57.8,2.36,165,81,253,,True,1.9
2223,32.935265,-117.162471,5921.7,57.8,2.32,165,81,253,,True,1.7
2224,32.935273,-117.162438,5924.6,57.8,2.44,165,81,252,,True,0.0
2225,32.935269,-117.162419,5926.6,57.8,2.46,165,81,251,,True,0.0
2226,32.935276,-117.162394,5929.0,57.8,2.4,165,82,252,,True,0.0
2227,32.935287,-117.162368,5931.6,57.8,2.48,164,82,253,,True,0.0
2228,32.935288,-117.162349,5933.7,57.8,2.4,165,82,252,,True,0.0
2229,32.935301,-117.162325,5935.9,57.8,2.26,165,82,252,,True,0.0
2230,32.935313,-117.162304,5938.2,57.8,2.32,164,82,251,,True,1.8
2231,32.935316,-117.162282,5940.4,57.8,2.28,164,82,251,,True,1.7
2232,32.93532,-117.16225,5942.9,57.8,2.26,164,81,251,,True,1.7
2233,32.93532,-117.162229,5945.1,58.0,2.28,163,81,250,,True,1.6
2234,32.935321,-117.162206,5947.4,58.0,2.3,163,80,250,,True,1.6
2235,32.935321,-117.16217,5950.3,58.0,2.42,162,80,250,,True,0.0
2236,32.93532,-117.16215,5952.7,58.0,2.46,162,80,247,,True,-1.9
2237,32.935325,-117.162125,5955.3,58.0,2.48,161,81,245,,True,-1.9
2238,32.935335,-117.162089,5958.1,57.8,2.6,161,81,241,,True,-3.6
2239,32.935339,-117.162065,5960.8,57.8,2.68,161,81,237,,True,-3.5
2240,32.93535,-117.162033,5963.7,57.6,2.68,161,81,234,,True,-1.8
2241,32.93536,-117.162004,5966.8,57.6,2.82,160,82,233,,True,0.0
2242,32.935366,-117.161979,5969.5,57.6,2.84,160,82,234,,True,1.8
2243,32.935372,-117.161943,5972.3,57.8,2.84,160,82,233,,True,1.7
2244,32.935377,-117.161919,5974.8,57.8,2.8,160,82,232,,True,1.8
2245,32.935387,-117.161889,5978.3,57.8,2.92,161,82,230,,True,0.0
2246,32.935396,-117.161857,5980.9,57.8,2.82,161,82,229,,True,-1.7
2247,32.935396,-117.161832,5983.5,57.8,2.8,161,82,233,,True,-1.9
2248,32.935402,-117.161802,5986.3,57.6,2.8,161,82,232,,True,-1.9
2249,32.935408,-117.161775,5989.0,57.6,2.84,161,82,231,,True,-1.9
2250,32.935412,-117.161752,5991.4,57.6,2.62,161,82,231,,True,0.0
2251,32.935419,-117.161721,5993.8,57.6,2.58,160,82,229,,True,-1.6
2252,32.935429,-117.161703,5995.9,57.6,2.48,161,82,228,,True,-2.0
2253,32.935438,-117.16168,5998.5,57.6,2.44,161,82,227,,True,-1.6
2254,32.935445,-117.161646,6001.4,57.4,2.48,161,82,227,,True,-1.9
2255,32.935444,-117.161626,6003.4,57.4,2.4,160,82,226,,True,-1.9
2256,32.935453,-117.161597,6006.3,57.4,2.5,160,82,225,,True,0.0
2257,32.935468,-117.16157,6008.9,57.4,2.6,160,82,226,,True,1.8
2258,32.935477,-117.161545,6011.6,57.4,2.62,160,82,225,,True,1.8
2259,32.935487,-117.161509,6014.7,57.6,2.66,161,82,225,,True,1.7
2260,32.9355,-117.16149,6017.6,57.6,2.84,160,82,225,,True,1.7
2261,32.935518,-117.161466,6020.6,57.6,2.86,160,82,226,,True,0.0
2262,32.935534,-117.161435,6023.5,57.6,2.92,160,82,228,,True,1.8
2263,32.935542,-117.161418,6026.0,57.6,2.88,160,82,229,,True,1.8
2264,32.935561,-117.161391,6029.0,57.8,2.86,160,82,230,,True,1.7
2265,32.93558,-117.161365,6032.0,57.8,2.88,160,82,231,,True,1.6
2266,32.935591,-117.161342,6035.0,57.8,2.88,160,81,232,,True,-1.7
2267,32.935605,-117.161306,6038.3,57.8,2.96,160,81,232,,True,-1.7
2268,32.935617,-117.161285,6041.0,57.6,3.0,160,81,233,,True,-1.7
2269,32.935635,-117.161267,6043.9,57.6,2.98,160,82,235,,True,-1.9
2270,32.935658,-117.161247,6046.6,57.6,2.92,160,82,235,,True,0.0
2271,32.935672,-117.161232,6049.0,57.6,2.8,161,82,236,,True,0.0
2272,32.93569,-117.161211,6051.5,57.6,2.64,161,82,235,,True,1.6
2273,32.935709,-117.161194,6054.1,57.6,2.62,161,83,235,,True,1.7
2274,32.93572,-117.161176,6056.4,57.8,2.5,161,82,235,,True,1.7
2275,32.935733,-117.161153,6058.9,57.8,2.46,161,82,235,,True,1.8
2276,32.935737,-117.161132,6060.8,57.8,2.36,161,82,235,,True,0.0
2277,32.935731,-117.161104,6063.1,57.8,2.32,161,82,234,,True,-1.8
2278,32.935727,-117.161079,6065.0,57.8,2.18,161,83,234,,True,-1.8
2279,32.935726,-117.161059,6067.5,57.8,2.22,161,83,234,,True,-1.7
2280,32.935734,-117.161032,6069.9,57.6,2.2,162,83,232,,True,-1.6
2281,32.935743,-117.16101,6072.1,57.6,2.26,161,83,233,,True,-2.0
2282,32.93575,-117.160987,6074.6,57.6,2.3,161,82,234,,True,1.7
2283,32.935761,-117.160957,6077.5,57.6,2.5,161,82,234,,True,1.6
2284,32.935765,-117.160937,6079.4,57.8,2.38,161,81,233,,True,1.7
2285,32.93577,-117.160913,6082.0,57.8,2.42,161,81,234,,True,1.7
2286,32.935783,-117.160883,6084.4,57.8,2.46,160,81,233,,True,0.0
2287,32.935787,-117.160861,6086.6,57.8,2.4,161,81,233,,True,0.0
2288,32.935796,-117.160834,6089.1,57.8,2.32,161,81,232,,True,0.0
2289,32.935809,-117.1608,6092.4,57.8,2.6,160,81,232,,True,1.7
2290,32.935816,-117.160777,6095.2,57.8,2.64,161,81,232,,True,1.7
2291,32.93582,-117.160745,6098.1,58.0,2.74,160,81,232,,True,1.8
2292,32.935826,-117.160716,6100.6,58.0,2.8,160,81,233,,True,1.8
2293,32.935831,-117.16069,6103.4,58.0,2.86,160,81,235,,True,0.0
2294,32.935842,-117.160661,6106.1,58.0,2.74,161,82,235,,True,0.0
2295,32.935854,-117.160637,6108.8,58.0,2.72,160,82,235,,True,0.0
2296,32.935861,-117.160615,6111.2,58.0,2.62,160,82,235,,True,0.0
2297,32.935868,-117.160587,6113.7,58.0,2.62,161,82,236,,True,0.0
2298,32.93587,-117.160562,6116.0,57.8,2.52,161,82,235,,True,0.0
2299,32.935875,-117.160534,6118.7,58.0,2.52,161,81,236,,True,0.0
2300,32.935888,-117.160501,6122.1,58.0,2.66,161,82,235,,True,1.7
2301,32.935895,-117.160478,6124.7,58.0,2.7,161,82,234,,True,0.0
2302,32.935903,-117.160446,6127.6,58.0,2.78,161,82,236,,True,0.0
2303,32.935912,-117.160416,6130.9,58.0,2.98,161,82,237,,True,1.6
2304,32.935919,-117.160389,6134.0,58.0,3.06,161,82,240,,True,1.6
2305,32.935937,-117.160356,6137.1,58.2,3.0,161,82,242,,True,1.7
2306,32.935947,-117.160334,6139.8,58.2,3.02,162,81,243,,True,1.7
2307,32.935957,-117.16031,6142.4,58.2,2.96,162,81,245,,True,0.0
2308,32.93597,-117.160275,6145.5,58.2,2.92,161,81,245,,True,0.0
2309,32.935977,-117.160253,6148.2,58.2,2.84,161,81,245,,True,0.0
2310,32.935982,-117.160226,6150.6,58.2,2.7,161,81,248,,True,1.9
2311,32.935993,-117.160193,6153.5,58.2,2.74,161,81,246,,True,1.9
2312,32.936,-117.16017,6156.3,58.4,2.78,161,81,246,,True,1.8
2313,32.936012,-117.16014,6158.9,58.4,2.68,161,81,246,,True,1.9
2314,32.936023,-117.160115,6161.7,58.4,2.7,161,81,247,,True,0.0
2315,32.936034,-117.160096,6164.3,58.4,2.74,161,81,248,,True,0.0
2316,32.936048,-117.160063,6167.3,58.4,2.76,161,81,249,,True,0.0
2317,32.936052,-117.160043,6169.5,58.4,2.64,161,81,249,,True,0.0
2318,32.936061,-117.160013,6172.2,58.4,2.66,161,81,248,,True,0.0
2319,32.936072,-117.159983,6175.1,58.4,2.68,161,82,247,,True,-1.8
2320,32.936081,-117.15996,6177.7,58.4,2.68,161,82,247,,True,-1.7
2321,32.936098,-117.159926,6180.9,58.2,2.72,161,82,246,,True,0.0
2322,32.936112,-117.159906,6183.8,58.2,2.86,161,82,247,,True,0.0
2323,32.936123,-117.159885,6186.3,58.4,2.82,161,83,247,,True,3.9
2324,32.936138,-117.15986,6188.9,58.4,2.76,161,83,248,,True,5.2
2325,32.93615,-117.159844,6191.2,58.6,2.7,162,82,249,,True,5.2
2326,32.936163,-117.159826,6193.1,58.6,2.44,161,82,251,,True,5.3
2327,32.936182,-117.159808,6195.3,58.8,2.3,162,82,252,,True,5.3
2328,32.936195,-117.159792,6197.8,59.0,2.3,162,81,252,,True,6.8
2329,32.936205,-117.159765,6200.2,59.0,2.26,162,81,254,,True,5.0
2330,32.93621,-117.159741,6202.5,59.2,2.26,162,81,256,,True,3.3
2331,32.93621,-117.159718,6204.9,59.4,2.36,162,82,257,,True,3.3
2332,32.93621,-117.159687,6207.4,59.4,2.42,162,82,257,,True,1.6
2333,32.93621,-117.159662,6209.8,59.4,2.4,162,81,257,,True,0.0
2334,32.93621,-117.159636,6212.3,59.4,2.42,162,81,259,,True,0.0
2335,32.936202,-117.159603,6215.1,59.4,2.52,162,81,259,,True,-1.9
2336,32.936196,-117.159582,6217.6,59.4,2.54,162,82,258,,True,-1.9
2337,32.936191,-117.159552,6220.3,59.2,2.58,162,82,257,,True,-3.7
2338,32.936189,-117.159518,6223.1,59.2,2.66,163,82,255,,True,-5.2
2339,32.936184,-117.159489,6225.8,59.0,2.7,163,82,252,,True,-3.4
2340,32.936186,-117.159454,6229.1,58.8,2.8,163,82,249,,True,-3.4
2341,32.936189,-117.159427,6232.0,58.8,2.88,162,82,245,,True,-1.7
2342,32.936196,-117.159399,6234.9,58.8,2.92,163,82,246,,True,1.8
2343,32.936208,-117.15937,6237.5,58.8,2.88,162,82,247,,True,3.6
2344,32.936216,-117.159348,6240.1,59.0,2.86,162,83,248,,True,3.6
2345,32.936229,-117.159318,6243.1,59.2,2.8,162,83,247,,True,3.7
2346,32.936236,-117.159289,6245.9,59.2,2.78,162,83,246,,True,1.8
2347,32.93624,-117.159266,6248.3,59.2,2.68,161,83,247,,True,0.0
2348,32.936254,-117.159234,6251.2,59.2,2.74,161,82,246,,True,0.0
2349,32.936264,-117.159211,6254.1,59.2,2.8,161,82,246,,True,0.0
2350,32.936269,-117.159184,6256.7,59.2,2.72,161,82,247,,True,0.0
2351,32.936278,-117.159153,6259.3,59.2,2.68,161,82,249,,True,0.0
2352,32.936283,-117.159131,6262.0,59.2,2.74,161,82,248,,True,1.8
2353,32.936292,-117.159104,6264.9,59.2,2.74,161,82,249,,True,1.9
2354,32.936308,-117.159073,6267.6,59.4,2.7,161,82,248,,True,1.8
2355,32.936312,-117.159052,6270.0,59.4,2.66,161,82,249,,True,1.9
2356,32.936323,-117.159022,6272.9,59.4,2.72,162,82,250,,True,1.9
2357,32.936328,-117.158994,6275.4,59.4,2.68,161,82,252,,True,1.8
2358,32.936331,-117.158971,6277.9,59.6,2.6,161,82,252,,True,1.9
2359,32.936336,-117.158936,6280.9,59.6,2.66,161,81,253,,True,3.6
2360,32.93634,-117.158909,6283.6,59.6,2.72,161,81,253,,True,1.8
2361,32.936341,-117.158885,6286.4,59.8,2.7,162,81,254,,True,2.0
2362,32.936346,-117.158852,6289.2,59.8,2.76,162,81,256,,True,1.7
2363,32.936346,-117.158834,6291.1,59.8,2.64,162,81,256,,True,0.0
2364,32.936352,-117.158808,6293.3,59.8,2.48,162,81,256,,True,0.0
2365,32.936368,-117.158788,6295.6,59.8,2.4,162,81,255,,True,0.0
2366,32.936378,-117.158765,6298.2,59.8,2.36,162,81,255,,True,0.0
2367,32.936394,-117.158736,6301.0,59.8,2.36,162,81,253,,True,0.0
2368,32.936413,-117.158718,6303.8,59.8,2.54,162,82,254,,True,0.0
2369,32.936421,-117.158695,6306.5,59.8,2.64,162,82,256,,True,0.0
2370,32.936432,-117.158658,6309.6,59.8,2.8,162,82,255,,True,0.0
2371,32.936434,-117.158632,6312.3,59.8,2.82,162,82,255,,True,0.0
2372,32.936448,-117.1586,6315.6,59.8,2.92,162,82,257,,True,0.0
2373,32.936457,-117.158566,6318.8,59.8,3.0,162,82,257,,True,1.6
2374,32.936461,-117.158544,6321.3,59.8,2.96,163,82,260,,True,1.7
2375,32.936467,-117.158507,6324.5,60.0,2.98,162,82,261,,True,1.7
2376,32.936477,-117.15848,6327.5,60.0,3.04,163,83,262,,True,1.7
2377,32.936483,-117.158456,6330.4,60.0,2.96,163,83,264,,True,0.0
2378,32.936491,-117.158417,6333.2,60.0,2.88,163,82,263,,True,-1.8
2379,32.936494,-117.158395,6335.6,60.0,2.86,163,82,258,,True,-1.8
2380,32.936507,-117.158364,6338.8,59.8,2.86,163,82,254,,True,-1.9
2381,32.936521,-117.158342,6341.5,59.8,2.8,163,82,253,,True,-1.9
2382,32.93653,-117.158319,6343.6,59.8,2.64,164,82,252,,True,0.0
2383,32.936539,-117.158291,6346.1,59.8,2.58,164,82,252,,True,0.0
2384,32.93654,-117.158265,6348.5,59.8,2.58,164,83,250,,True,0.0
2385,32.936555,-117.158236,6351.9,59.8,2.62,163,83,248,,True,0.0
2386,32.93657,-117.158198,6355.4,59.8,2.78,164,82,248,,True,-1.5
2387,32.936579,-117.158175,6358.1,59.8,2.9,163,82,248,,True,-1.6
2388,32.936596,-117.158145,6361.5,59.6,3.08,163,82,248,,True,-3.1
2389,32.936616,-117.158116,6364.8,59.6,3.26,163,82,247,,True,-2.9
2390,32.936629,-117.158087,6368.2,59.4,3.26,164,82,248,,True,-1.4
2391,32.936645,-117.158046,6372.1,59.4,3.34,163,82,249,,True,-1.4
2392,32.936655,-117.158015,6375.5,59.4,3.48,163,82,250,,True,0.0
2393,32.936674,-117.157984,6379.2,59.4,3.54,164,82,250,,True,0.0
2394,32.936691,-117.157945,6383.1,59.4,3.66,163,82,258,,True,-1.3
2395,32.936706,-117.157918,6386.5,59.4,3.66,163,83,278,,True,-1.3
2396,32.936737,-117.15788,6390.8,59.2,3.74,163,83,297,,True,-1.3
2397,32.936759,-117.157865,6394.3,59.2,3.76,164,83,297,,True,-1.4
2398,32.936793,-117.15784,6398.1,59.2,3.78,164,83,294,,True,1.4
2399,32.936817,-117.157825,6401.3,59.2,3.64,164,83,286,,True,1.5
2400,32.936837,-117.157803,6404.7,59.4,3.64,164,85,286,,True,1.6
2401,32.93686,-117.157772,6408.0,59.4,3.44,164,85,286,,True,1.6
2402,32.936873,-117.157751,6410.8,59.4,3.3,164,85,284,,True,0.0
2403,32.936894,-117.157725,6414.1,59.4,3.2,165,85,284,,True,0.0
2404,32.93691,-117.157698,6417.1,59.4,3.16,165,85,276,,True,-1.6
2405,32.936921,-117.157674,6420.0,59.4,3.06,165,83,274,,True,-1.7
2406,32.93694,-117.15764,6423.5,59.2,3.1,165,82,274,,True,-1.7
2407,32.936957,-117.157621,6426.2,59.2,3.08,165,82,274,,True,-1.7
2408,32.936972,-117.157603,6428.7,59.2,2.92,166,82,271,,True,0.0
2409,32.936989,-117.157569,6432.0,59.2,2.98,166,83,272,,True,0.0
2410,32.936998,-117.157546,6434.9,59.2,2.98,166,83,269,,True,0.0
2411,32.937016,-117.15752,6437.7,59.2,2.84,166,83,266,,True,0.0
2412,32.93703,-117.157497,6440.4,59.2,2.84,166,83,266,,True,0.0
2413,32.937037,-117.157475,6442.8,59.2,2.82,166,82,264,,True,0.0
2414,32.937054,-117.157439,6446.0,59.2,2.8,165,82,262,,True,0.0
2415,32.937062,-117.157415,6448.8,59.2,2.78,166,82,262,,True,0.0
2416,32.937077,-117.157381,6452.1,59.2,2.88,166,82,261,,True,0.0
2417,32.937092,-117.157343,6456.1,59.2,3.14,166,83,261,,True,0.0
2418,32.9371,-117.157314,6459.4,59.2,3.32,166,83,272,,True,0.0
2419,32.937115,-117.157273,6463.0,59.2,3.4,166,83,295,,True,0.0
2420,32.937125,-117.157243,6466.1,59.2,3.46,166,83,299,,True,0.0
2421,32.937144,-117.157212,6469.9,59.2,3.56,167,83,296,,True,0.0
2422,32.937158,-117.157179,6473.3,59.2,3.44,167,84,298,,True,0.0
2423,32.937167,-117.15715,6476.2,59.2,3.36,167,84,292,,True,0.0
2424,32.937179,-117.157113,6479.6,59.2,3.32,167,84,291,,True,0.0
2425,32.937183,-117.157085,6482.4,59.2,3.26,167,84,286,,True,1.6
2426,32.937194,-117.157057,6485.6,59.2,3.14,168,83,285,,True,1.7
2427,32.937202,-117.157018,6488.8,59.4,3.1,168,83,285,,True,1.7
2428,32.937206,-117.156992,6491.6,59.4,3.08,168,83,284,,True,1.7
2429,32.937216,-117.156962,6494.4,59.4,2.96,168,82,286,,True,0.0
2430,32.937221,-117.156932,6497.1,59.4,2.94,168,82,284,,True,0.0
2431,32.937221,-117.156905,6500.0,59.4,2.88,168,82,282,,True,0.0
2432,32.937224,-117.156866,6503.1,59.4,2.86,168,82,279,,True,0.0
2433,32.937224,-117.15684,6505.6,59.4,2.8,168,82,278,,True,0.0
2434,32.937227,-117.156807,6508.7,59.4,2.86,169,83,278,,True,0.0
2435,32.93724,-117.156774,6512.0,59.4,2.98,168,83,278,,True,0.0
2436,32.937255,-117.156748,6515.2,59.4,3.04,168,83,279,,True,0.0
2437,32.937276,-117.156721,6518.3,59.4,3.04,169,83,278,,True,0.0
2438,32.937294,-117.156699,6521.4,59.4,3.16,169,83,278,,True,0.0
2439,32.937308,-117.156681,6524.0,59.4,3.06,169,83,278,,True,0.0
2440,32.93732,-117.156646,6526.9,59.4,2.98,169,82,280,,True,0.0
2441,32.937331,-117.156618,6529.7,59.4,2.9,169,82,280,,True,0.0
2442,32.937342,-117.156588,6532.9,59.4,2.92,169,82,281,,True,1.6
2443,32.937352,-117.156551,6536.2,59.4,2.96,169,82,281,,True,1.6
2444,32.937359,-117.156524,6539.4,59.6,3.08,169,82,282,,True,1.7
2445,32.937372,-117.156488,6542.6,59.6,3.14,169,82,283,,True,1.7
2446,32.937374,-117.156465,6545.0,59.6,3.06,169,82,283,,True,1.7
2447,32.937375,-117.156433,6548.1,59.6,3.04,169,82,285,,True,1.7
2448,32.937378,-117.156393,6551.5,59.8,3.06,170,83,283,,True,1.6
2449,32.937373,-117.156367,6554.1,59.8,2.94,170,83,283,,True,0.0
2450,32.937376,-117.156328,6557.6,59.8,3.0,170,83,283,,True,-1.6
2451,32.937385,-117.156299,6560.5,59.6,3.1,170,83,284,,True,-1.6
2452,32.937384,-117.156266,6563.8,59.6,3.14,169,83,285,,True,0.0
2453,32.937384,-117.156229,6567.0,59.6,3.1,170,83,285,,True,1.7
2454,32.937382,-117.156209,6569.2,59.8,3.02,170,83,285,,True,1.8
2455,32.937384,-117.156181,6572.0,59.8,2.88,170,82,286,,True,1.9
2456,32.937392,-117.156148,6574.7,59.8,2.84,170,82,286,,True,0.0
2457,32.937392,-117.156125,6577.3,59.8,2.7,170,82,286,,True,0.0
2458,32.937394,-117.15609,6580.2,59.8,2.64,170,81,286,,True,0.0
2459,32.937404,-117.156063,6583.1,59.8,2.78,171,82,285,,True,0.0
2460,32.937415,-117.156039,6585.7,59.8,2.74,170,82,285,,True,1.9
2461,32.937432,-117.156008,6588.7,59.8,2.8,170,82,285,,True,1.8
2462,32.937444,-117.155989,6591.0,60.0,2.74,171,82,283,,True,1.8
2463,32.937456,-117.15596,6594.1,60.0,2.78,171,82,284,,True,3.6
2464,32.937459,-117.155922,6597.1,60.0,2.8,171,81,283,,True,1.7
2465,32.937456,-117.155899,6599.7,60.2,2.8,170,81,284,,True,1.8
2466,32.937461,-117.155868,6602.9,60.2,2.84,171,81,285,,True,1.9
2467,32.937469,-117.15584,6605.4,60.2,2.88,171,81,282,,True,0.0
2468,32.937473,-117.155817,6607.9,60.2,2.76,171,81,281,,True,-1.9
2469,32.937479,-117.155785,6610.6,60.2,2.7,170,81,280,,True,0.0
2470,32.937484,-117.155758,6613.2,60.0,2.7,171,82,278,,True,0.0
2471,32.937486,-117.155736,6615.6,60.2,2.54,171,82,277,,True,0.0
2472,32.937479,-117.155702,6618.4,60.2,2.6,171,81,277,,True,3.8
2473,32.937477,-117.155679,6620.7,60.2,2.56,170,81,275,,True,1.9
2474,32.937474,-117.155651,6623.7,60.4,2.62,171,81,274,,True,2.0
2475,32.937472,-117.155616,6626.4,60.4,2.64,171,81,273,,True,1.8
2476,32.937462,-117.155596,6628.6,60.4,2.6,171,80,273,,True,0.0
2477,32.937458,-117.155581,6630.3,60.4,2.38,171,80,271,,True,-1.7
2478,32.937455,-117.155562,6631.6,60.4,2.18,171,80,271,,True,-1.8
2479,32.93746,-117.15558,6631.6,60.4,1.58,170,80,271,,False,-1.6
2480,32.937476,-117.155594,6633.4,60.2,1.4,170,80,270,,True,-1.9
2481,32.937488,-117.155598,6635.2,60.2,1.32,170,80,267,,True,0.0
2482,32.937511,-117.155584,6637.6,60.2,1.46,169,80,246,,True,1.8
2483,32.937537,-117.15556,6641.0,60.2,1.88,169,80,239,,True,3.1
2484,32.937559,-117.155542,6644.4,60.4,2.56,168,83,238,,True,3.1
2485,32.937594,-117.155529,6647.9,60.6,2.9,168,83,256,,True,4.7
2486,32.937614,-117.155525,6650.6,60.6,3.08,168,83,279,,True,4.7
2487,32.937644,-117.155519,6653.9,60.8,3.26,167,83,285,,True,3.4
2488,32.937678,-117.155506,6657.2,61.0,3.24,167,84,299,,True,4.9
2489,32.937693,-117.155491,6659.8,61.0,3.08,167,84,292,,True,3.4
2490,32.937705,-117.155458,6662.9,61.2,3.0,168,84,286,,True,1.9
2491,32.937709,-117.155429,6665.5,61.2,2.98,168,84,276,,True,1.7
2492,32.937711,-117.155404,6668.0,61.2,2.82,168,82,269,,True,0.0
2493,32.937714,-117.155365,6671.3,61.2,2.82,167,81,274,,True,0.0
2494,32.937715,-117.155343,6673.6,61.2,2.76,168,81,275,,True,0.0
2495,32.937721,-117.155311,6676.9,61.2,2.8,168,81,273,,True,0.0
2496,32.937728,-117.155279,6679.6,61.2,2.82,167,83,283,,True,1.8
2497,32.937727,-117.15526,6681.7,61.2,2.74,168,83,282,,True,1.9
2498,32.937733,-117.155225,6684.7,61.4,2.68,168,83,285,,True,1.9
2499,32.937739,-117.155198,6687.3,61.4,2.74,168,82,284,,True,3.6
2500,32.937743,-117.155172,6690.0,61.4,2.62,168,82,283,,True,1.9
2501,32.937746,-117.155138,6692.9,61.6,2.66,168,82,283,,True,1.9
2502,32.937745,-117.155115,6695.1,61.6,2.68,168,82,281,,True,1.8
2503,32.937749,-117.155085,6698.1,61.6,2.68,168,82,280,,True,0.0
2504,32.937754,-117.15505,6701.0,61.6,2.74,168,82,278,,True,0.0
2505,32.937755,-117.155029,6703.4,61.6,2.68,168,82,275,,True,0.0
2506,32.937759,-117.154997,6706.4,61.6,2.7,169,82,274,,True,0.0
2507,32.937764,-117.154967,6709.1,61.6,2.8,169,82,272,,True,0.0
2508,32.937761,-117.154941,6711.7,61.6,2.72,169,81,270,,True,0.0
2509,32.937764,-117.154904,6715.0,61.6,2.8,168,81,267,,True,0.0
2510,32.937763,-117.154879,6717.4,61.6,2.8,168,81,264,,True,0.0
2511,32.937763,-117.154856,6719.8,61.6,2.68,168,81,263,,True,0.0
2512,32.937766,-117.15482,6722.7,61.6,2.72,168,81,261,,True,0.0
2513,32.937767,-117.154798,6725.1,61.6,2.68,169,81,256,,True,0.0
2514,32.93777,-117.154773,6727.5,61.6,2.5,168,81,254,,True,0.0
2515,32.937779,-117.154738,6730.6,61.6,2.64,168,82,253,,True,1.9
2516,32.937779,-117.154713,6733.3,61.6,2.7,168,81,251,,True,1.9
2517,32.937788,-117.154691,6735.7,61.8,2.6,168,81,252,,True,1.7
2518,32.9378,-117.15467,6737.8,61.8,2.54,168,81,252,,True,3.4
2519,32.937804,-117.15465,6739.9,61.8,2.48,167,81,249,,True,1.7
2520,32.937821,-117.154619,6742.7,61.8,2.42,167,81,245,,True,1.7
2521,32.937835,-117.154605,6745.1,62.0,2.36,167,81,244,,True,3.4
2522,32.937852,-117.154592,6747.4,62.0,2.34,167,81,244,,True,3.4
2523,32.93788,-117.154593,6749.8,62.0,2.4,167,81,245,,True,1.6
2524,32.937896,-117.154594,6751.8,62.2,2.38,167,82,244,,True,1.7
2525,32.937918,-117.154594,6754.4,62.2,2.34,168,80,245,,True,3.3
2526,32.937947,-117.154598,6757.3,62.2,2.44,167,80,245,,True,2.0
2527,32.937963,-117.154598,6759.4,62.2,2.4,167,80,245,,True,2.0
2528,32.937985,-117.154603,6761.9,62.4,2.42,167,81,247,,True,3.4
2529,32.938012,-117.154603,6764.6,62.4,2.56,167,81,247,,True,4.7
2530,32.938027,-117.154599,6766.5,62.6,2.42,166,81,246,,True,3.8
2531,32.93805,-117.154608,6769.2,62.6,2.38,166,81,248,,True,3.2
2532,32.938076,-117.154622,6772.3,62.8,2.58,166,81,249,,True,1.9
2533,32.938091,-117.154623,6774.5,62.8,2.52,166,81,250,,True,3.3
2534,32.938116,-117.154624,6777.0,62.8,2.48,166,81,251,,True,3.6
2535,32.938136,-117.154628,6779.1,63.0,2.52,166,81,252,,True,3.7
2536,32.938152,-117.154626,6781.2,63.0,2.4,166,81,252,,True,5.8
2537,32.938174,-117.154632,6783.5,63.2,2.24,165,80,253,,True,3.8
2538,32.938192,-117.154639,6785.3,63.2,2.16,165,80,254,,True,5.6
2539,32.938208,-117.154636,6787.4,63.4,2.08,164,80,259,,True,3.8
2540,32.938232,-117.154641,6789.7,63.4,2.12,164,80,263,,True,3.6
2541,32.938251,-117.154648,6792.0,63.6,2.16,164,80,267,,True,3.6
2542,32.938267,-117.154644,6794.1,63.6,2.12,164,80,269,,True,3.9
2543,32.938287,-117.154651,6796.4,63.6,2.22,164,80,272,,True,4.2
2544,32.938306,-117.15466,6798.6,63.8,2.24,164,80,273,,True,5.3
2545,32.938315,-117.154657,6800.0,63.8,2.06,164,79,274,,True,5.5
2546,32.938329,-117.154659,6801.5,64.0,1.9,164,79,276,,True,7.6
2547,32.938349,-117.154673,6803.3,64.2,1.84,164,79,279,,True,5.8
2548,32.938363,-117.154681,6805.1,64.2,1.74,164,79,278,,True,7.3
2549,32.938377,-117.154685,6806.9,64.4,1.66,164,79,267,,True,7.3
2550,32.938397,-117.154687,6808.9,64.4,1.78,163,78,261,,True,5.4
2551,32.938415,-117.15469,6810.9,64.6,1.88,164,78,256,,True,7.0
2552,32.938426,-117.154684,6812.5,64.8,1.84,164,77,255,,True,5.0
2553,32.938445,-117.154684,6814.5,64.8,1.88,163,77,255,,True,4.2
2554,32.938464,-117.154689,6816.5,65.0,1.92,163,77,253,,True,3.7
2555,32.938484,-117.154688,6819.0,65.0,2.02,162,77,251,,True,3.6
2556,32.938496,-117.154686,6820.5,65.0,1.92,161,78,246,,True,3.9
2557,32.938506,-117.154688,6821.7,65.0,1.84,160,78,242,,True,7.3
2558,32.938526,-117.154696,6823.6,65.2,1.82,160,78,237,,True,12.0
2559,32.938533,-117.154698,6824.7,65.2,1.64,160,72,232,,True,14.6
2560,32.938545,-117.1547,6825.9,65.6,1.38,159,72,229,,True,14.2
2561,32.938564,-117.1547,6827.4,65.8,1.38,159,0,0,,True,14.6
2562,32.93858,-117.154706,6829.0,66.2,1.46,160,0,0,,True,15.0
2563,32.938591,-117.154704,6830.1,66.4,1.3,160,78,0,,True,14.7
2564,32.938606,-117.154699,6831.8,66.6,1.42,159,78,183,,True,13.1
2565,32.938619,-117.1547,6833.2,66.6,1.46,159,78,191,,True,11.8
2566,32.938627,-117.154697,6834.3,66.8,1.38,159,77,200,,True,11.0
2567,32.938637,-117.1547,6835.6,66.8,1.32,159,77,210,,True,11.1
2568,32.938646,-117.154699,6836.6,67.0,1.3,159,77,215,,True,12.4
2569,32.938657,-117.154698,6837.6,67.0,1.16,159,77,217,,True,12.6
2570,32.938668,-117.154696,6838.7,67.2,1.1,159,77,210,,True,11.2
2571,32.938679,-117.154688,6839.9,67.4,1.12,158,77,207,,True,11.9
2572,32.938685,-117.154683,6840.9,67.6,1.06,159,77,207,,True,10.7
2573,32.938687,-117.154677,6841.5,67.8,0.98,159,51,152,,False,9.8
2574,32.938697,-117.154662,6842.9,68.0,1.06,158,51,151,,True,9.0
2575,32.938717,-117.154637,6845.7,68.0,1.4,158,51,153,,True,6.4
2576,32.938725,-117.15462,6847.8,68.2,1.58,158,51,153,,True,5.4
2577,32.93874,-117.154592,6851.0,68.4,2.02,158,51,200,,True,7.8
2578,32.93876,-117.154565,6854.0,68.6,2.5,158,77,319,,True,7.1
2579,32.938768,-117.154552,6855.9,68.8,2.6,159,80,355,,True,5.7
2580,32.938789,-117.154527,6859.0,69.0,2.66,159,80,359,,True,5.7
2581,32.938804,-117.154503,6861.6,69.0,2.76,160,80,363,,True,3.4
2582,32.938812,-117.154481,6864.5,69.2,2.7,160,81,333,,True,1.9
2583,32.93883,-117.154453,6867.5,69.2,2.7,161,81,331,,True,1.6
2584,32.93885,-117.154448,6869.6,69.2,2.74,161,81,330,,True,0.0
2585,32.93887,-117.154446,6871.5,69.2,2.5,162,81,326,,True,-1.7
2586,32.938892,-117.154439,6873.8,69.2,2.44,162,82,301,,True,-1.6
2587,32.938911,-117.15442,6876.5,69.2,2.4,162,81,274,,True,-1.8
2588,32.938925,-117.154395,6879.2,69.0,2.34,163,81,268,,True,-1.8
2589,32.93894,-117.15436,6882.5,69.0,2.58,162,81,272,,True,0.0
2590,32.938941,-117.154338,6884.9,69.0,2.68,162,80,275,,True,1.7
2591,32.93895,-117.154309,6888.0,69.2,2.84,163,80,292,,True,3.8
2592,32.938963,-117.154277,6890.9,69.2,2.88,163,80,289,,True,3.6
2593,32.938962,-117.154257,6893.1,69.4,2.78,163,81,287,,True,1.9
2594,32.938972,-117.154231,6896.0,69.4,2.7,163,81,281,,True,1.6
2595,32.938977,-117.154201,6898.4,69.4,2.7,163,81,273,,True,0.0
2596,32.938977,-117.15418,6900.7,69.4,2.54,163,81,269,,True,2.0
2597,32.938987,-117.15415,6903.4,69.4,2.5,163,81,263,,True,1.9
2598,32.938995,-117.154121,6906.1,69.6,2.6,163,81,258,,True,1.9
2599,32.938994,-117.154098,6908.7,69.6,2.54,163,81,257,,True,4.0
2600,32.939003,-117.154068,6911.3,69.6,2.58,163,81,257,,True,3.9
2601,32.939009,-117.154044,6913.5,69.8,2.56,164,81,256,,True,3.8
2602,32.939019,-117.154021,6916.3,70.0,2.58,164,81,257,,True,3.9
2603,32.93903,-117.153987,6919.3,70.0,2.64,164,81,254,,True,3.6
2604,32.939033,-117.153966,6921.5,70.0,2.56,165,81,253,,True,1.8
2605,32.939047,-117.153939,6924.5,70.2,2.64,166,81,255,,True,1.9
2606,32.93906,-117.153911,6927.5,70.2,2.8,167,82,258,,True,3.7
2607,32.939063,-117.15389,6929.6,70.2,2.66,167,82,260,,True,2.0
2608,32.939077,-117.153863,6932.2,70.4,2.58,167,82,260,,True,3.2
2609,32.93909,-117.153842,6934.5,70.4,2.6,168,82,259,,True,3.8
2610,32.9391,-117.153822,6937.0,70.4,2.5,168,82,259,,True,1.9
2611,32.939118,-117.153791,6940.1,70.6,2.52,168,82,258,,True,1.9
2612,32.939127,-117.15377,6942.8,70.6,2.64,167,82,257,,True,3.7
2613,32.939142,-117.153752,6945.3,70.6,2.62,168,82,260,,True,2.0
2614,32.93916,-117.153728,6947.8,70.8,2.66,168,82,261,,True,2.0
2615,32.939172,-117.153711,6950.1,70.8,2.62,167,81,258,,True,2.0
2616,32.939191,-117.153691,6952.8,70.8,2.54,168,81,258,,True,0.0
2617,32.939209,-117.153672,6955.4,70.8,2.52,168,81,257,,True,1.8
2618,32.939224,-117.153652,6958.1,70.8,2.56,167,81,255,,True,1.8
2619,32.939253,-117.153631,6961.2,71.0,2.68,168,82,254,,True,3.3
2620,32.939276,-117.153619,6964.1,71.0,2.8,168,82,256,,True,4.7
2621,32.939302,-117.153603,6967.7,71.2,2.98,167,82,262,,True,3.3
2622,32.93933,-117.153589,6970.8,71.4,3.08,168,82,268,,True,4.9
2623,32.939351,-117.153581,6973.4,71.4,3.06,168,82,268,,True,3.5
2624,32.939382,-117.153582,6976.4,71.6,3.04,167,82,270,,True,1.9
2625,32.939406,-117.153589,6979.2,71.6,3.02,168,82,269,,True,1.8
2626,32.939428,-117.153593,6981.6,71.6,2.78,168,82,271,,True,1.9
2627,32.939459,-117.153609,6984.7,71.6,2.78,167,83,272,,True,1.7
2628,32.939477,-117.15362,6987.2,71.8,2.76,168,83,271,,True,3.1
2629,32.939504,-117.153638,6990.9,71.8,2.9,168,83,275,,True,3.1
2630,32.939533,-117.153666,6994.7,72.0,3.1,168,82,277,,True,2.8
2631,32.939554,-117.153679,6997.8,72.0,3.24,167,82,278,,True,2.9
2632,32.939578,-117.153706,7001.3,72.2,3.32,168,82,280,,True,3.1
2633,32.939593,-117.153733,7004.5,72.2,3.46,168,82,280,,True,3.1
2634,32.939608,-117.153755,7007.6,72.4,3.34,168,82,283,,True,1.7
2635,32.939628,-117.15378,7010.5,72.4,3.16,168,82,291,,True,3.6
2636,32.939642,-117.153797,7013.0,72.4,3.04,168,82,298,,True,1.9
2637,32.939648,-117.153822,7015.7,72.6,2.88,169,82,302,,True,3.9
2638,32.939662,-117.153853,7018.4,72.6,2.78,169,82,295,,True,3.8
2639,32.939675,-117.153867,7020.7,72.8,2.62,169,82,290,,True,3.1
2640,32.939686,-117.153892,7023.4,72.8,2.58,169,83,289,,True,4.0
2641,32.939691,-117.153919,7025.6,73.0,2.52,169,83,281,,True,0.0
2642,32.939704,-117.153943,7028.5,73.0,2.56,169,83,277,,True,1.8
2643,32.939716,-117.153981,7031.7,72.8,2.66,170,82,276,,True,0.0
2644,32.939715,-117.154008,7034.4,73.0,2.74,169,82,276,,True,0.0
2645,32.939726,-117.154037,7037.2,73.0,2.76,169,82,284,,True,1.6
2646,32.93975,-117.154067,7040.4,73.0,2.96,169,82,285,,True,0.0
2647,32.939775,-117.154088,7044.0,73.0,3.1,170,83,281,,True,0.0
2648,32.939813,-117.154098,7047.9,73.0,3.24,169,83,291,,True,1.4
2649,32.93984,-117.154097,7051.3,73.0,3.38,169,83,304,,True,2.9
2650,32.93988,-117.154098,7055.0,73.2,3.56,170,84,322,,True,4.7
2651,32.939896,-117.154097,7057.7,73.4,3.46,170,86,324,,True,6.9
2652,32.939924,-117.154103,7060.8,73.6,3.36,170,87,324,,True,9.8
2653,32.939943,-117.1541,7062.9,73.8,3.0,170,87,303,,True,9.3
2654,32.939964,-117.154097,7065.2,74.2,2.78,171,87,301,,True,10.0
2655,32.939997,-117.154094,7068.4,74.4,2.68,171,86,289,,True,9.8
2656,32.940014,-117.154092,7070.8,74.6,2.62,171,85,294,,True,7.9
2657,32.940036,-117.154093,7073.1,74.8,2.46,171,85,300,,True,12.1
2658,32.940058,-117.154096,7075.3,75.0,2.48,171,84,310,,True,12.2
2659,32.940072,-117.154096,7077.4,75.4,2.44,171,84,313,,True,14.5
2660,32.940101,-117.154094,7080.0,75.8,2.32,172,84,318,,True,15.1
2661,32.940118,-117.154094,7082.3,76.0,2.3,172,84,323,,True,13.6
2662,32.940131,-117.154091,7084.1,76.4,2.2,172,84,325,,True,13.5
2663,32.940152,-117.154092,7085.9,76.6,2.12,172,82,331,,True,13.1
2664,32.940165,-117.154097,7087.7,76.8,2.06,171,82,333,,True,14.0
2665,32.940175,-117.154096,7088.9,77.0,1.78,172,82,336,,True,14.0
2666,32.940195,-117.154098,7090.7,77.2,1.68,172,80,335,,True,13.5
2667,32.94021,-117.154098,7092.3,77.4,1.64,172,79,313,,True,13.3
2668,32.940222,-117.154093,7094.1,77.8,1.64,172,79,315,,True,12.3
2669,32.940247,-117.154089,7096.3,78.0,1.72,172,79,309,,True,11.9
2670,32.940261,-117.154082,7098.2,78.2,1.86,171,79,306,,True,10.2
2671,32.940277,-117.154077,7100.3,78.4,1.92,172,80,312,,True,8.4
2672,32.9403,-117.154071,7102.5,78.6,2.04,172,80,322,,True,7.1
2673,32.940314,-117.154066,7103.9,78.8,1.96,172,80,319,,True,5.4
2674,32.940331,-117.154061,7106.0,78.8,1.94,172,81,318,,True,5.5
2675,32.940346,-117.154062,7107.6,78.8,1.88,172,81,303,,True,3.9
2676,32.940361,-117.154068,7109.3,78.8,1.8,172,81,289,,True,1.9
2677,32.940378,-117.154073,7111.3,79.0,1.76,171,81,290,,True,3.8
2678,32.940391,-117.154072,7112.8,79.0,1.78,172,81,288,,True,3.4
2679,32.940397,-117.154072,7113.7,79.0,1.54,172,81,281,,True,3.2
2680,32.940406,-117.15407,7114.7,79.0,1.42,171,64,274,,True,1.9
2681,32.940425,-117.154066,7116.6,79.2,1.46,172,64,242,,True,1.6
2682,32.940453,-117.154061,7119.2,79.2,1.58,171,64,237,,True,1.9
2683,32.940471,-117.154056,7121.7,79.2,1.78,172,64,242,,True,1.8
2684,32.940502,-117.154053,7125.0,79.2,2.26,173,64,281,,True,1.7
2685,32.940526,-117.15406,7127.8,79.4,2.62,173,81,286,,True,3.2
2686,32.94055,-117.15406,7130.9,79.4,2.86,173,81,304,,True,3.4
2687,32.940586,-117.154066,7134.3,79.6,3.02,172,82,311,,True,1.6
2688,32.940607,-117.154066,7136.9,79.6,3.04,172,82,301,,True,1.6
2689,32.940638,-117.154071,7140.4,79.6,3.08,172,82,296,,True,0.0
2690,32.940667,-117.154077,7143.6,79.6,3.16,172,82,304,,True,0.0
2691,32.940687,-117.154075,7146.2,79.6,3.06,172,82,284,,True,0.0
2692,32.940716,-117.15407,7149.2,79.6,2.98,171,83,280,,True,1.9
2693,32.940736,-117.154072,7151.5,79.6,2.92,172,83,274,,True,1.9
2694,32.940756,-117.154077,7153.9,79.8,2.7,172,83,254,,True,5.1
2695,32.940783,-117.154076,7156.6,79.8,2.6,171,83,252,,True,6.7
2696,32.940801,-117.154071,7158.8,80.0,2.52,172,83,251,,True,5.1
2697,32.940821,-117.154071,7161.0,80.2,2.36,172,82,251,,True,7.1
2698,32.940845,-117.154079,7163.5,80.4,2.4,171,82,248,,True,5.2
2699,32.940862,-117.154075,7165.6,80.4,2.34,172,82,250,,True,5.2
2700,32.940885,-117.154076,7167.8,80.6,2.24,172,82,249,,True,5.5
2701,32.940906,-117.154085,7170.3,80.6,2.3,172,82,252,,True,7.3
2702,32.940922,-117.154083,7172.5,80.8,2.3,173,82,254,,True,7.7
2703,32.94094,-117.154088,7174.5,81.0,2.2,173,82,258,,True,10.4
2704,32.940961,-117.154093,7176.5,81.2,2.18,173,81,262,,True,10.3
2705,32.940974,-117.154091,7178.2,81.4,2.08,173,80,262,,True,10.3
2706,32.940988,-117.154089,7179.9,81.6,1.92,174,80,265,,True,8.8
2707,32.941011,-117.154099,7181.9,81.8,1.88,172,79,264,,True,2.0
2708,32.941027,-117.154113,7184.1,82.0,1.92,172,79,264,,True,4.3
2709,32.941042,-117.15412,7185.8,82.0,1.86,172,79,264,,True,4.3
2916,32.941264,-117.154062,7186.7,81.4,0.012,121,0,0,,False,1.9
2917,32.941261,-117.154065,7187.3,81.6,0.007,121,0,0,,False,-3.4
2918,32.941257,-117.154067,7187.6,81.8,0.009,121,0,0,,False,-5.6
2919,32.941258,-117.154066,7187.6,82.0,0.009,120,0,0,,False,-9.6
2920,32.941254,-117.154066,7187.6,81.8,0.009,120,0,0,,False,-5.4
2921,32.94126,-117.154053,7188.6,81.6,0.38,119,0,0,,True,-8.7
2922,32.941272,-117.154018,7191.8,81.2,0.9,119,0,0,,True,-8.7
2923,32.941285,-117.153973,7196.2,81.0,1.72,118,0,0,,True,-6.5
2924,32.941299,-117.153918,7201.4,80.6,2.76,117,0,0,,True,-5.5
2925,32.941314,-117.153862,7207.0,80.4,3.88,117,0,0,,True,-4.1
2926,32.941335,-117.153798,7213.5,80.0,4.98,117,0,0,,True,-3.1
2927,32.941365,-117.153732,7220.5,80.0,5.74,119,0,0,,True,-1.5
2928,32.9414,-117.15367,7227.4,79.8,6.24,120,0,0,,True,0.0
2929,32.941432,-117.153609,7234.0,80.0,6.52,120,111,482,,True,1.6
2930,32.941457,-117.153558,7240.0,80.0,6.6,120,112,495,,True,3.7
2931,32.941482,-117.15351,7245.2,80.4,6.34,121,112,496,,True,5.4
2932,32.941503,-117.153475,7249.3,80.6,5.76,122,114,438,,True,8.6
2933,32.941517,-117.153451,7252.4,81.0,5.0,124,114,388,,True,13.6
2934,32.941524,-117.153434,7254.0,81.2,4.0,124,114,351,,True,11.9
2935,32.941523,-117.153435,7254.0,81.6,2.8,125,114,334,,False,6.7
2936,32.941519,-117.153447,7254.0,81.6,1.76,124,114,333,,False,3.9
2937,32.941513,-117.15346,7255.3,81.6,1.2,125,114,378,,True,0.0
2938,32.941509,-117.153474,7256.7,81.4,0.86,126,42,350,,True,-2.1
2939,32.941502,-117.153484,7258.2,81.2,0.84,125,42,68,,True,-2.0
2940,32.941496,-117.153496,7259.6,81.0,1.12,125,42,62,,True,-5.9
2941,32.94149,-117.153511,7261.1,81.0,1.42,125,42,60,,True,-6.0
2942,32.941484,-117.153526,7262.5,81.0,1.44,125,47,70,,True,-2.0
2943,32.941481,-117.153536,7263.4,81.0,1.34,126,47,68,,True,0.0
2944,32.941479,-117.153546,7264.2,81.0,1.2,126,49,71,,False,1.8
2945,32.941475,-117.153555,7265.3,81.0,1.14,125,50,66,,True,1.9
2946,32.941468,-117.153564,7266.7,81.2,1.12,125,51,64,,True,2.0
2947,32.94146,-117.153572,7268.0,81.2,1.1,125,51,64,,True,2.0
2948,32.941451,-117.153583,7269.3,81.2,1.18,124,51,74,,True,2.0
2949,32.941445,-117.153599,7270.9,81.2,1.34,124,51,77,,True,1.9
2950,32.94144,-117.15361,7271.9,81.2,1.32,123,51,80,,True,0.0
2951,32.941438,-117.153617,7272.6,81.2,1.18,123,51,79,,False,0.0
2952,32.941434,-117.153624,7273.4,81.2,1.08,123,52,76,,False,2.0
2953,32.94143,-117.153633,7274.4,81.2,1.02,123,52,70,,True,1.8
2954,32.941424,-117.153644,7275.6,81.2,0.94,122,52,68,,True,1.8
2955,32.941419,-117.153655,7276.7,81.2,0.96,122,53,71,,True,1.8
2956,32.941412,-117.153668,7278.0,81.2,1.08,122,52,70,,True,3.8
2957,32.941407,-117.153679,7279.2,81.4,1.16,121,52,71,,True,3.6
2958,32.941403,-117.153691,7280.5,81.4,1.22,121,51,71,,True,3.6
2959,32.941398,-117.153701,7281.8,81.4,1.24,120,51,71,,True,4.0
2960,32.941392,-117.15371,7282.8,81.4,1.22,120,51,72,,True,3.8
2961,32.941386,-117.153719,7283.8,81.6,1.16,120,50,73,,True,1.9
2962,32.941379,-117.153733,7285.4,81.6,1.24,119,50,75,,True,1.9
2963,32.941375,-117.153746,7286.7,81.6,1.24,119,50,74,,True,1.9
2964,32.941371,-117.153756,7287.6,81.6,1.16,119,50,75,,True,3.6
2965,32.941367,-117.153767,7288.4,81.6,1.12,118,50,75,,False,2.0
2966,32.941365,-117.15378,7289.7,81.6,1.18,117,51,76,,True,2.0
2967,32.94136,-117.153792,7291.0,81.6,1.12,116,51,78,,True,1.9
2968,32.941354,-117.153805,7292.6,81.6,1.18,116,52,81,,True,1.9
2969,32.941345,-117.153815,7293.9,81.8,1.26,116,52,86,,True,3.7
2970,32.941337,-117.153831,7295.6,81.8,1.44,116,52,93,,True,3.8
2971,32.94133,-117.153845,7297.1,81.8,1.48,116,52,96,,True,4.0
2972,32.941326,-117.153855,7298.0,81.8,1.4,118,52,98,,True,8.6
2973,32.941322,-117.153866,7299.1,82.0,1.3,136,52,97,,True,7.6
2974,32.941316,-117.153878,7300.2,82.0,1.26,143,52,96,,True,4.8
2975,32.941311,-117.153891,7301.0,82.0,1.08,143,52,96,,True,4.3
2976,32.941303,-117.153902,7301.9,82.2,0.96,142,52,97,,True,4.6
2977,32.9413,-117.153898,7301.9,82.4,0.78,141,52,103,,False,3.7
2978,32.941305,-117.15388,7303.1,82.4,0.8,141,51,104,,True,-1.3
2979,32.941314,-117.153847,7306.3,82.4,1.22,141,0,38,,True,-2.7
2980,32.941335,-117.153797,7311.1,82.4,2.02,140,0,38,,True,-3.9
2981,32.941357,-117.153739,7316.9,82.0,3.0,140,60,39,,True,-5.0
2982,32.941388,-117.153674,7323.6,81.6,4.34,140,60,373,,True,-5.3
2983,32.941419,-117.15361,7330.5,81.2,5.48,140,60,470,,True,-3.7
2984,32.941451,-117.153546,7337.5,81.0,6.24,141,103,485,,True,-2.3
2985,32.94148,-117.153489,7344.0,81.0,6.58,141,103,529,,True,-0.8
2986,32.941511,-117.153441,7349.8,81.0,6.58,142,120,527,,True,0.9
2987,32.941544,-117.153387,7355.7,81.0,6.42,143,120,527,,True,2.0
2988,32.941568,-117.153347,7360.3,81.2,5.96,144,120,470,,True,4.7
2989,32.941588,-117.153315,7364.2,81.4,5.34,145,120,432,,True,9.1
2990,32.941597,-117.153295,7366.7,81.8,4.54,146,113,381,,True,16.3
2991,32.941596,-117.153296,7366.7,82.0,3.38,147,113,358,,False,13.5
2992,32.941587,-117.153307,7366.7,82.4,2.2,148,113,289,,False,8.4
2993,32.94158,-117.153327,7368.9,82.6,1.72,149,0,0,,True,5.6
2994,32.941574,-117.153347,7370.7,82.6,1.3,150,0,0,,True,1.9
2995,32.941569,-117.153365,7372.3,82.4,1.12,150,0,0,,True,0.0
2996,32.941565,-117.153379,7373.7,82.2,1.4,150,0,0,,True,-6.3
2997,32.941563,-117.15339,7374.9,82.0,1.64,150,0,0,,True,-5.4
2998,32.94156,-117.153404,7376.2,82.0,1.46,150,48,84,,True,-5.5
2999,32.941558,-117.153412,7377.1,82.0,1.28,150,51,81,,True,-3.8
3000,32.941552,-117.153424,7378.4,82.0,1.22,150,51,79,,True,-1.9
3001,32.941542,-117.153439,7380.1,82.0,1.28,150,52,78,,True,-2.0
3002,32.941535,-117.153453,7381.7,82.0,1.36,149,52,78,,True,-1.8
3003,32.941528,-117.153464,7382.8,82.0,1.32,150,52,85,,True,-2.0
3004,32.941524,-117.153476,7384.0,82.0,1.38,154,52,86,,True,-2.0
3005,32.94152,-117.153483,7384.9,81.8,1.3,160,52,84,,True,-1.8
3006,32.941514,-117.15349,7385.8,81.8,1.14,161,52,82,,True,-1.9
3007,32.941505,-117.153499,7387.2,81.8,1.1,162,52,78,,True,-2.0
3008,32.941498,-117.15351,7388.5,81.8,1.14,162,52,78,,True,-2.0
3009,32.941489,-117.153523,7390.0,81.8,1.2,162,52,78,,True,-1.8
3010,32.941482,-117.153535,7391.4,81.8,1.3,162,52,79,,True,-1.9
3011,32.941477,-117.153542,7392.3,81.8,1.3,162,52,81,,True,-1.9
3012,32.941474,-117.153549,7392.9,81.8,1.14,162,52,80,,False,-1.9
3013,32.941469,-117.153557,7393.8,81.8,1.06,161,51,79,,True,-1.9
3014,32.941464,-117.153567,7395.0,81.8,1.0,160,51,75,,True,-2.0
3015,32.941456,-117.15358,7396.4,81.6,1.0,159,51,75,,True,0.0
3016,32.941449,-117.153595,7398.0,81.6,1.14,158,51,75,,True,0.0
3017,32.941444,-117.153608,7399.2,81.6,1.26,157,51,75,,True,0.0
3018,32.941438,-117.153621,7400.3,81.6,1.3,156,51,76,,True,0.0
3019,32.941437,-117.153629,7401.4,81.6,1.28,155,51,77,,True,1.9
3020,32.941435,-117.153639,7402.6,81.8,1.24,154,51,77,,True,2.0
3021,32.94143,-117.153648,7403.8,81.8,1.16,152,51,76,,True,2.1
3022,32.941421,-117.153656,7405.0,81.8,1.16,151,51,76,,True,3.6
3023,32.941413,-117.153668,7406.1,81.8,1.16,149,52,77,,True,3.8
3024,32.941411,-117.153678,7407.0,81.8,1.12,149,52,77,,True,1.9
3025,32.941408,-117.153689,7408.1,81.8,1.1,149,52,77,,True,1.8
3026,32.941403,-117.153697,7408.9,81.8,1.02,149,52,75,,False,1.9
3027,32.941397,-117.153708,7410.3,82.0,1.06,149,51,74,,True,1.9
3028,32.941389,-117.153721,7411.8,82.0,1.14,149,50,75,,True,1.9
3029,32.941383,-117.153733,7413.2,82.0,1.24,148,50,75,,True,1.9
3030,32.941375,-117.15375,7414.8,82.0,1.34,147,51,76,,True,1.8
3031,32.941373,-117.153761,7415.6,82.0,1.34,147,51,78,,False,1.7
3032,32.941368,-117.153771,7416.7,82.0,1.28,145,51,80,,True,2.0
3033,32.941367,-117.153779,7417.6,82.0,1.16,144,51,80,,True,1.8
3034,32.941363,-117.15379,7418.8,82.0,1.12,143,50,80,,True,1.9
3035,32.941356,-117.153802,7420.1,82.0,1.06,141,50,79,,True,1.9
3036,32.941348,-117.153818,7421.8,82.2,1.24,141,51,80,,True,1.9
3037,32.941342,-117.153835,7423.1,82.2,1.28,140,51,82,,True,3.5
3038,32.941339,-117.153844,7424.3,82.2,1.34,140,51,85,,True,3.9
3039,32.941336,-117.153852,7425.3,82.2,1.3,140,51,85,,True,3.9
3040,32.941334,-117.15386,7426.1,82.2,1.2,140,51,85,,False,1.9
3041,32.941328,-117.153871,7427.3,82.2,1.1,139,50,85,,True,4.0
3042,32.94132,-117.153886,7429.0,82.4,1.18,139,50,84,,True,3.9
3043,32.941314,-117.153901,7430.3,82.4,1.2,139,51,85,,True,7.8
3044,32.941309,-117.15391,7431.3,82.4,1.2,138,51,87,,True,7.4
3045,32.941304,-117.153921,7432.3,82.4,1.24,137,50,88,,True,8.0
3046,32.941304,-117.153928,7433.0,82.6,1.14,136,50,88,,False,5.1
3047,32.941302,-117.153936,7433.4,82.6,0.88,136,50,92,,False,1.6
3048,32.941295,-117.153937,7433.9,82.8,0.72,134,50,97,,False,1.7
3049,32.941294,-117.153927,7434.5,83.0,0.64,134,50,101,,False,-2.7
3050,32.941295,-117.153912,7436.1,83.0,0.76,133,0,0,,True,-2.7
3051,32.941304,-117.153873,7439.0,82.8,1.2,133,0,0,,True,-5.9
3052,32.941314,-117.153835,7442.8,82.6,1.88,132,0,0,,True,-8.9
3053,32.941332,-117.153782,7448.0,82.2,2.82,131,0,0,,True,-7.7
3054,32.941355,-117.153722,7454.1,81.4,3.92,130,0,0,,True,-8.6
3055,32.941377,-117.153667,7459.9,81.2,4.76,130,0,0,,True,-5.8
3056,32.941402,-117.153611,7466.0,80.6,5.4,130,0,0,,True,-2.5
3057,32.941427,-117.153555,7472.0,80.8,5.84,130,0,0,,True,0.0
3058,32.941471,-117.153505,7478.3,80.8,6.06,131,0,0,,True,3.4
3059,32.941501,-117.153457,7484.1,81.2,6.0,131,102,475,,True,3.6
3060,32.941529,-117.153412,7489.3,81.4,5.88,131,102,472,,True,5.0
3061,32.941557,-117.153369,7494.2,81.6,5.64,132,102,466,,True,4.5
3062,32.941603,-117.153305,7498.5,81.8,5.3,133,106,403,,True,6.5
3063,32.941621,-117.153284,7502.0,82.0,4.74,132,106,389,,True,9.3
3064,32.941623,-117.153282,7504.7,82.4,4.12,133,106,369,,True,12.5
3065,32.941617,-117.153288,7504.9,82.6,3.12,134,106,328,,False,20.7
