t,lat,lng,distance_m,altitude_m,velocity_ms,heartrate,cadence,watts,temp_c,moving,grade_pct
0,33.403568,-117.585813,1.4,19.6,0.0,93,0,0,,False,-3.8
1,33.403565,-117.585847,3.8,19.4,0.0,93,0,0,,True,-2.3
2,33.403578,-117.585875,6.6,19.4,2.6,92,0,0,,True,0.0
3,33.403617,-117.585892,10.0,19.4,2.867,92,0,0,,True,3.0
4,33.403647,-117.585895,13.1,19.6,2.925,92,0,0,,True,4.3
5,33.403688,-117.58589,17.1,19.8,3.14,92,83,0,,True,5.7
6,33.403711,-117.585876,20.4,20.0,3.32,93,84,323,,True,5.6
7,33.40374,-117.585862,24.0,20.2,3.48,94,84,327,,True,4.3
8,33.403769,-117.585848,27.3,20.4,3.46,95,85,342,,True,4.2
9,33.403802,-117.585842,30.9,20.4,3.56,96,85,323,,True,4.3
10,33.403838,-117.585841,34.6,20.6,3.5,97,85,330,,True,4.1
11,33.403862,-117.585832,38.0,20.8,3.52,97,85,335,,True,4.3
12,33.403903,-117.585831,41.9,21.0,3.58,98,85,332,,True,2.9
13,33.403926,-117.585835,44.8,21.0,3.5,99,85,354,,True,2.9
14,33.403958,-117.585835,48.4,21.0,3.5,100,85,336,,True,3.1
15,33.403992,-117.585831,52.0,21.2,3.48,101,85,335,,True,4.4
16,33.404012,-117.58582,55.0,21.4,3.4,103,85,339,,True,6.3
17,33.404047,-117.58581,58.5,21.6,3.32,103,83,344,,True,6.6
18,33.404069,-117.585805,61.2,21.8,3.28,104,83,343,,True,4.9
19,33.404092,-117.585797,64.1,22.0,3.14,106,83,345,,True,5.3
20,33.404125,-117.585789,67.2,22.0,3.04,107,83,346,,True,5.1
21,33.404145,-117.585781,69.9,22.2,2.98,108,83,353,,True,4.9
22,33.404172,-117.585773,73.0,22.4,2.9,110,82,361,,True,8.3
23,33.404206,-117.58577,76.3,22.6,3.02,111,82,365,,True,8.0
24,33.404227,-117.585761,79.3,23.0,3.04,113,82,375,,True,7.9
25,33.404255,-117.585752,82.4,23.2,3.04,114,82,381,,True,8.1
26,33.404287,-117.585751,85.6,23.4,3.14,115,81,385,,True,4.7
27,33.40431,-117.585744,88.6,23.6,3.12,116,81,389,,True,3.1
28,33.404344,-117.585739,92.1,23.6,3.16,118,81,389,,True,1.6
29,33.404367,-117.585733,95.1,23.6,3.16,119,81,389,,True,1.6
30,33.404388,-117.585725,97.8,23.6,3.08,120,81,388,,True,3.4
31,33.404424,-117.585721,101.1,23.8,3.1,121,81,387,,True,5.0
32,33.404445,-117.585715,103.9,24.0,3.06,122,81,386,,True,6.6
33,33.404469,-117.585709,107.0,24.2,2.98,123,81,381,,True,7.2
34,33.404499,-117.585704,110.0,24.4,2.98,124,81,383,,True,7.5
35,33.404514,-117.585698,112.2,24.6,2.88,125,81,384,,True,7.8
36,33.404537,-117.585691,114.5,24.8,2.68,127,81,382,,True,6.2
37,33.404564,-117.585687,117.2,25.0,2.66,128,81,377,,True,5.6
38,33.404584,-117.585681,119.6,25.2,2.52,129,81,375,,True,3.4
39,33.404616,-117.585675,122.9,25.2,2.58,131,81,370,,True,3.3
40,33.404644,-117.585669,126.3,25.2,2.82,132,81,365,,True,1.5
41,33.404669,-117.58566,129.4,25.4,2.98,133,81,362,,True,3.1
42,33.404702,-117.585653,132.7,25.4,3.1,134,81,364,,True,3.2
43,33.404725,-117.585642,135.7,25.6,3.22,135,81,362,,True,3.2
44,33.40475,-117.585632,138.8,25.6,3.18,136,81,359,,True,5.1
45,33.404784,-117.585625,142.0,25.8,3.14,137,82,357,,True,5.4
46,33.404799,-117.585615,144.4,26.0,3.0,138,82,355,,True,5.7
47,33.40482,-117.585606,146.8,26.2,2.82,139,82,352,,True,5.9
48,33.404848,-117.585601,149.4,26.2,2.74,140,82,348,,True,3.8
49,33.404868,-117.585592,152.1,26.4,2.66,141,81,346,,True,1.8
50,33.404893,-117.585586,154.9,26.4,2.58,141,81,341,,True,1.8
51,33.404919,-117.585579,157.7,26.4,2.66,142,81,338,,True,0.0
52,33.40494,-117.58557,160.5,26.4,2.74,143,81,333,,True,1.9
53,33.404967,-117.585562,163.4,26.4,2.8,143,80,327,,True,1.9
54,33.404988,-117.585558,165.7,26.6,2.72,144,80,323,,True,1.8
55,33.405007,-117.585545,168.3,26.6,2.68,145,80,318,,True,2.0
56,33.405035,-117.585531,171.4,26.6,2.74,145,81,312,,True,2.0
57,33.405051,-117.585529,173.6,26.6,2.62,146,81,308,,True,1.9
58,33.40507,-117.585519,175.8,26.8,2.48,147,80,303,,True,5.2
59,33.405096,-117.585506,178.8,26.8,2.62,147,80,300,,True,6.7
60,33.40511,-117.585499,180.8,27.0,2.5,148,80,300,,True,6.6
61,33.405128,-117.585488,182.9,27.2,2.3,148,80,302,,True,8.4
62,33.40516,-117.585479,185.6,27.4,2.4,148,80,303,,True,7.4
63,33.40518,-117.585472,188.0,27.6,2.44,149,80,305,,True,7.0
64,33.405203,-117.585487,190.7,27.8,2.38,149,80,308,,True,7.0
65,33.405231,-117.585516,194.4,28.0,2.72,149,81,312,,True,5.0
66,33.405243,-117.585534,197.1,28.2,2.84,150,81,314,,True,6.4
67,33.405252,-117.585562,200.0,28.2,2.88,150,81,315,,True,7.3
68,33.405258,-117.585599,203.2,28.6,3.04,150,81,319,,True,7.4
69,33.40527,-117.58561,205.4,28.8,2.94,151,80,322,,True,11.3
70,33.405275,-117.585642,207.9,29.0,2.7,151,80,324,,True,7.9
71,33.405273,-117.585672,210.6,29.4,2.7,151,80,327,,True,7.7
72,33.405273,-117.585693,212.9,29.4,2.58,152,80,330,,True,7.5
73,33.405267,-117.585729,215.8,29.6,2.52,152,81,332,,True,5.8
74,33.405257,-117.585753,218.6,29.8,2.64,153,81,335,,True,7.3
75,33.405248,-117.585775,221.0,30.0,2.62,153,81,339,,True,7.6
76,33.40524,-117.585808,223.9,30.2,2.66,154,81,343,,True,5.8
77,33.405229,-117.585828,226.3,30.4,2.68,154,81,342,,True,5.4
78,33.405214,-117.585851,229.0,30.4,2.64,155,81,341,,True,5.7
79,33.405196,-117.585881,232.1,30.6,2.7,155,81,345,,True,5.6
80,33.40519,-117.585899,234.4,30.8,2.68,156,81,349,,True,7.4
81,33.405178,-117.585924,237.1,31.0,2.64,156,81,348,,True,7.9
82,33.405161,-117.585952,239.8,31.2,2.7,157,81,348,,True,7.8
83,33.405153,-117.585968,242.0,31.4,2.6,157,81,348,,True,7.5
84,33.405136,-117.585993,244.7,31.6,2.52,158,81,345,,True,5.8
85,33.40512,-117.586018,247.7,31.8,2.66,158,81,343,,True,5.5
86,33.405111,-117.586039,250.1,31.8,2.6,159,80,341,,True,3.6
87,33.405094,-117.586068,252.9,32.0,2.62,159,80,339,,True,1.9
88,33.405081,-117.586092,255.8,32.0,2.76,160,80,336,,True,3.7
89,33.405071,-117.586109,258.0,32.0,2.66,160,81,332,,True,2.0
90,33.405055,-117.586138,260.8,32.2,2.62,160,81,328,,True,3.3
91,33.405042,-117.586154,263.1,32.2,2.6,161,81,325,,True,4.0
92,33.40503,-117.586175,265.6,32.4,2.54,161,81,324,,True,5.0
93,33.405014,-117.586199,268.1,32.4,2.46,162,80,323,,True,6.2
94,33.405002,-117.586218,270.5,32.6,2.5,162,80,320,,True,5.8
95,33.40499,-117.586239,272.8,32.8,2.4,162,80,318,,True,5.7
96,33.404974,-117.586272,276.0,33.0,2.58,162,81,317,,True,5.8
97,33.404963,-117.58629,278.7,33.0,2.62,162,81,315,,True,3.7
98,33.404952,-117.58631,280.9,33.2,2.56,162,81,312,,True,3.4
99,33.404934,-117.586337,283.6,33.2,2.62,163,81,312,,True,5.2
100,33.404926,-117.586351,285.7,33.2,2.58,163,80,311,,True,5.4
101,33.404914,-117.58637,287.6,33.4,2.32,163,80,309,,True,5.3
102,33.4049,-117.586396,290.3,33.6,2.32,163,80,308,,True,6.5
103,33.404895,-117.586412,292.1,33.8,2.24,163,80,308,,True,5.8
104,33.404876,-117.586436,295.0,33.8,2.28,163,80,307,,True,5.5
105,33.404852,-117.58646,298.0,34.0,2.46,163,81,305,,True,3.4
106,33.404836,-117.58648,301.2,34.2,2.72,163,80,305,,True,5.0
107,33.404817,-117.586497,304.0,34.2,2.74,163,80,301,,True,3.5
108,33.404794,-117.586511,306.9,34.4,2.96,163,80,299,,True,1.8
109,33.404778,-117.586525,309.3,34.4,2.86,163,81,299,,True,3.6
110,33.40475,-117.586542,312.3,34.4,2.86,163,81,300,,True,3.8
111,33.40473,-117.586547,315.0,34.6,2.76,163,81,302,,True,5.5
112,33.40471,-117.586552,317.4,34.8,2.68,163,81,303,,True,7.8
113,33.40468,-117.586562,320.3,35.0,2.68,164,81,304,,True,6.7
114,33.404667,-117.586568,322.6,35.2,2.66,165,81,305,,True,6.8
115,33.404649,-117.586568,324.4,35.4,2.42,165,81,303,,True,7.3
116,33.404621,-117.586568,327.0,35.4,2.4,165,81,304,,True,5.3
117,33.404606,-117.586572,329.1,35.6,2.34,165,81,304,,True,5.1
118,33.404585,-117.58657,331.3,35.8,2.2,165,81,301,,True,5.1
119,33.404558,-117.586568,333.9,35.8,2.26,165,81,301,,True,3.2
120,33.404543,-117.58657,336.2,36.0,2.36,165,81,300,,True,1.9
121,33.404515,-117.586568,338.8,36.0,2.36,166,80,295,,True,3.1
122,33.404491,-117.586563,341.6,36.0,2.5,166,80,292,,True,1.9
123,33.404475,-117.586567,343.8,36.0,2.5,166,80,290,,True,1.8
124,33.404443,-117.586568,346.9,36.2,2.6,166,80,286,,True,2.0
125,33.404419,-117.58657,349.7,36.2,2.7,166,81,283,,True,1.8
126,33.404403,-117.586575,351.8,36.2,2.6,167,81,280,,True,0.0
127,33.404371,-117.58659,354.9,36.2,2.66,167,81,278,,True,0.0
128,33.40435,-117.586595,357.7,36.2,2.78,167,81,276,,True,1.7
129,33.404331,-117.586606,360.3,36.2,2.68,167,80,273,,True,3.6
130,33.404301,-117.586627,363.3,36.4,2.72,168,80,272,,True,3.7
131,33.404284,-117.58664,366.1,36.6,2.86,168,80,271,,True,5.4
132,33.404264,-117.586653,368.4,36.6,2.7,168,80,270,,True,4.0
133,33.404242,-117.586677,371.5,36.8,2.76,168,81,271,,True,4.0
134,33.404236,-117.586692,373.4,36.8,2.62,167,81,273,,True,5.7
135,33.404213,-117.586714,376.2,37.0,2.58,168,81,271,,True,4.7
136,33.404195,-117.586737,378.9,37.2,2.56,168,81,272,,True,5.5
137,33.404185,-117.586753,381.3,37.2,2.58,168,81,274,,True,3.7
138,33.40416,-117.586779,384.4,37.4,2.58,168,81,274,,True,3.8
139,33.404144,-117.586796,387.0,37.4,2.72,168,81,274,,True,3.7
140,33.404134,-117.586814,389.3,37.6,2.62,168,81,274,,True,1.8
141,33.404121,-117.586841,392.0,37.6,2.62,168,81,276,,True,3.4
142,33.404111,-117.586854,393.8,37.6,2.5,168,81,277,,True,3.4
143,33.404101,-117.586872,395.8,37.6,2.28,168,81,276,,True,5.0
144,33.40408,-117.586901,398.9,37.8,2.38,168,81,278,,True,5.9
145,33.404072,-117.586918,401.0,38.0,2.34,168,80,281,,True,7.3
146,33.404056,-117.586942,403.9,38.2,2.38,169,80,280,,True,5.9
147,33.404038,-117.586969,406.7,38.4,2.58,169,80,281,,True,5.4
148,33.40403,-117.586987,409.0,38.4,2.64,169,80,279,,True,3.6
149,33.404013,-117.587018,412.2,38.6,2.66,168,81,276,,True,3.6
150,33.403998,-117.587045,415.1,38.6,2.82,168,82,278,,True,3.4
151,33.403993,-117.587067,417.8,38.8,2.78,168,82,281,,True,1.8
152,33.403978,-117.587097,420.8,38.8,2.82,168,82,282,,True,1.9
153,33.403962,-117.587121,423.6,38.8,2.92,169,81,282,,True,0.0
154,33.403956,-117.587137,425.7,38.8,2.7,168,81,283,,True,0.0
155,33.403944,-117.587162,428.1,38.8,2.6,168,81,281,,True,1.9
156,33.403932,-117.58718,430.2,38.8,2.48,168,81,279,,True,1.8
157,33.403927,-117.587194,431.9,38.8,2.22,168,81,278,,True,3.6
158,33.403911,-117.587224,434.3,39.0,2.14,169,81,274,,True,5.1
159,33.403905,-117.587244,436.8,39.0,2.22,168,80,271,,True,5.9
160,33.403896,-117.587266,439.1,39.2,2.2,168,80,273,,True,5.8
161,33.403885,-117.587301,442.0,39.4,2.36,168,80,278,,True,6.3
162,33.403876,-117.587321,444.6,39.6,2.54,168,81,279,,True,5.8
163,33.40387,-117.587341,446.7,39.6,2.48,168,81,280,,True,3.4
164,33.403862,-117.587374,449.4,39.8,2.52,168,81,281,,True,1.7
165,33.40386,-117.587392,451.5,39.8,2.48,168,81,278,,True,3.5
166,33.403853,-117.587414,453.8,39.8,2.36,168,80,274,,True,1.9
167,33.403843,-117.587443,456.4,39.8,2.36,168,80,273,,True,3.6
168,33.403838,-117.587456,458.1,40.0,2.28,168,80,273,,True,5.5
169,33.403836,-117.587478,460.2,40.0,2.16,167,80,271,,True,7.2
170,33.403837,-117.587511,462.6,40.2,2.22,168,80,273,,True,6.7
171,33.403836,-117.587533,464.8,40.4,2.2,168,80,275,,True,8.5
172,33.403836,-117.587559,467.5,40.6,2.22,167,80,275,,True,7.0
173,33.403831,-117.587592,470.0,40.8,2.38,168,80,276,,True,6.8
174,33.403835,-117.587607,472.0,41.0,2.36,168,80,279,,True,7.1
175,33.403834,-117.58763,474.1,41.0,2.3,167,80,279,,True,5.3
176,33.403831,-117.587662,476.6,41.2,2.36,168,80,280,,True,5.1
177,33.403832,-117.587682,478.8,41.4,2.26,168,80,282,,True,4.9
178,33.403832,-117.587707,481.4,41.4,2.28,167,80,280,,True,4.8
179,33.403826,-117.587737,483.8,41.6,2.36,167,80,280,,True,3.9
180,33.403824,-117.587759,486.3,41.6,2.44,167,80,281,,True,3.4
181,33.403817,-117.587786,489.0,41.8,2.48,168,81,279,,True,1.7
182,33.403807,-117.587811,491.3,41.8,2.5,168,81,276,,True,1.7
183,33.403806,-117.587827,493.3,41.8,2.38,168,81,273,,True,0.0
184,33.403797,-117.587857,495.8,41.8,2.4,168,81,269,,True,0.0
185,33.403787,-117.587883,498.4,41.8,2.42,168,81,266,,True,0.0
186,33.403778,-117.587903,500.8,41.8,2.36,168,81,265,,True,0.0
187,33.403766,-117.587938,503.9,41.8,2.52,167,80,263,,True,0.0
188,33.403757,-117.587963,506.6,41.8,2.66,168,80,261,,True,0.0
189,33.40375,-117.587986,509.1,41.8,2.66,168,80,260,,True,0.0
190,33.403727,-117.588025,512.8,41.8,2.88,167,81,257,,True,0.0
191,33.403715,-117.588046,515.7,41.8,2.98,168,81,256,,True,1.6
192,33.403703,-117.588073,518.6,41.8,2.94,167,81,252,,True,1.6
193,33.403687,-117.588109,521.9,42.0,3.06,167,80,252,,True,1.6
194,33.403673,-117.588134,525.0,42.0,3.18,167,80,250,,True,1.6
195,33.40366,-117.588162,528.2,42.0,3.08,167,81,247,,True,0.0
196,33.403641,-117.588194,531.4,42.0,3.14,168,81,251,,True,0.0
197,33.403635,-117.588212,533.6,42.0,3.0,167,81,262,,True,1.8
198,33.403619,-117.588239,536.7,42.0,2.96,167,81,259,,True,2.0
199,33.403606,-117.588265,539.3,42.2,2.86,167,81,263,,True,1.8
200,33.403597,-117.588283,541.4,42.2,2.64,167,81,256,,True,1.9
201,33.40358,-117.588313,544.5,42.2,2.62,166,81,250,,True,0.0
202,33.403564,-117.588334,547.2,42.2,2.72,166,80,246,,True,0.0
203,33.403554,-117.588357,549.8,42.2,2.62,166,81,245,,True,0.0
204,33.403539,-117.588391,553.0,42.2,2.74,166,81,246,,True,2.0
205,33.403533,-117.588411,555.3,42.2,2.78,166,81,248,,True,1.9
206,33.403526,-117.588428,557.3,42.4,2.56,166,81,243,,True,3.6
207,33.403518,-117.588461,560.1,42.4,2.58,166,81,241,,True,5.4
208,33.403508,-117.588478,562.3,42.6,2.5,166,81,236,,True,5.4
209,33.403502,-117.588492,564.1,42.6,2.22,165,81,236,,True,7.4
210,33.403491,-117.58852,566.5,42.8,2.24,165,80,243,,True,7.1
211,33.403477,-117.588534,568.5,43.0,2.24,165,80,242,,True,8.7
212,33.403464,-117.588553,570.9,43.2,2.16,165,80,242,,True,7.1
213,33.40345,-117.588581,573.5,43.4,2.24,165,80,247,,True,4.8
214,33.403447,-117.588602,575.6,43.6,2.3,165,81,250,,True,4.0
215,33.403437,-117.58862,577.8,43.6,2.26,165,81,253,,True,4.8
216,33.403421,-117.588654,580.9,43.6,2.48,165,81,257,,True,3.8
217,33.403414,-117.588674,583.4,43.8,2.5,165,81,262,,True,5.5
218,33.403398,-117.588694,586.0,44.0,2.5,165,81,281,,True,7.7
219,33.403382,-117.588721,588.8,44.2,2.64,165,81,287,,True,7.6
220,33.403372,-117.588742,591.3,44.4,2.7,165,81,293,,True,7.6
221,33.403354,-117.588764,593.9,44.6,2.6,165,80,299,,True,5.0
222,33.403342,-117.588787,596.5,44.8,2.62,165,80,295,,True,5.0
223,33.403335,-117.588803,598.4,44.8,2.48,166,81,295,,True,3.4
224,33.403322,-117.588828,600.7,44.8,2.38,166,81,295,,True,3.4
225,33.403309,-117.58885,603.3,45.0,2.4,166,80,291,,True,5.0
226,33.403299,-117.588869,605.6,45.0,2.34,166,81,289,,True,6.8
227,33.403287,-117.588901,608.3,45.2,2.36,167,81,291,,True,8.5
228,33.403278,-117.588916,610.3,45.4,2.38,167,81,294,,True,12.2
229,33.403267,-117.588935,612.5,45.6,2.36,167,81,296,,True,12.4
230,33.403252,-117.588965,615.1,46.0,2.36,167,81,300,,True,11.7
231,33.403247,-117.588979,617.1,46.4,2.3,167,81,304,,True,13.6
232,33.403234,-117.588998,619.6,46.6,2.26,168,81,306,,True,12.5
233,33.403218,-117.589025,622.3,46.8,2.4,168,81,310,,True,10.3
234,33.403208,-117.589038,624.3,47.2,2.36,168,81,315,,True,13.0
235,33.403195,-117.589054,626.3,47.4,2.24,168,80,320,,True,13.7
236,33.403177,-117.589073,628.8,47.6,2.34,169,80,327,,True,13.3
237,33.403168,-117.589079,630.4,48.0,2.16,169,80,331,,True,15.7
238,33.403153,-117.589093,632.5,48.2,2.04,169,80,336,,True,18.6
239,33.403134,-117.589111,634.8,48.6,2.1,170,80,342,,True,18.6
240,33.403128,-117.58912,636.5,49.0,2.04,170,80,339,,True,17.8
241,33.403112,-117.589128,638.5,49.4,1.94,171,80,336,,True,20.2
242,33.403092,-117.589137,640.6,49.8,2.04,171,80,344,,True,18.5
243,33.403081,-117.589144,642.6,50.0,2.02,171,80,341,,True,18.9
244,33.40307,-117.589144,643.7,50.4,1.78,172,80,338,,True,17.5
245,33.403049,-117.589145,645.6,50.6,1.82,172,80,336,,True,15.2
246,33.403036,-117.589145,647.1,51.0,1.72,172,79,332,,True,15.1
247,33.403017,-117.589143,648.8,51.2,1.64,171,79,328,,True,13.9
248,33.402994,-117.589127,651.1,51.4,1.7,172,79,321,,True,14.0
249,33.402981,-117.589127,653.2,51.6,1.9,172,79,318,,True,12.0
250,33.402962,-117.589127,655.2,52.0,1.92,172,80,317,,True,11.8
251,33.402944,-117.589111,657.0,52.2,1.98,172,80,317,,True,11.7
252,33.40293,-117.589102,658.8,52.4,2.0,172,80,315,,True,11.5
253,33.40291,-117.589096,661.3,52.6,2.04,172,80,312,,True,11.1
254,33.40289,-117.589082,663.5,52.8,2.06,172,80,313,,True,10.8
255,33.402875,-117.589073,665.6,53.2,2.08,173,79,316,,True,11.5
256,33.402861,-117.589066,667.8,53.4,2.16,173,79,317,,True,11.7
257,33.402839,-117.589053,669.9,53.6,2.22,173,79,315,,True,7.4
258,33.402826,-117.589044,671.7,53.8,2.08,172,79,315,,True,7.0
259,33.40281,-117.589034,673.8,54.0,2.06,173,79,312,,True,6.6
260,33.402792,-117.589008,676.4,54.0,2.16,173,79,310,,True,5.8
261,33.402776,-117.588987,679.2,54.2,2.28,172,79,309,,True,3.7
262,33.402758,-117.588974,682.1,54.4,2.44,173,79,314,,True,3.7
263,33.40274,-117.588947,684.7,54.4,2.6,172,80,328,,True,1.9
264,33.402727,-117.588929,687.3,54.4,2.7,172,80,340,,True,1.9
265,33.40271,-117.588913,689.8,54.4,2.68,172,80,336,,True,2.0
266,33.402694,-117.588882,692.5,54.6,2.66,173,80,333,,True,3.8
267,33.402682,-117.588868,694.8,54.6,2.54,172,80,331,,True,5.5
268,33.402662,-117.588851,697.8,54.8,2.62,172,80,326,,True,3.9
269,33.402651,-117.58882,700.8,55.0,2.7,173,80,328,,True,6.7
270,33.402639,-117.588809,702.8,55.0,2.6,172,81,330,,True,7.1
271,33.402625,-117.588799,704.6,55.2,2.42,172,81,329,,True,5.8
272,33.402603,-117.588781,706.8,55.4,2.4,173,81,328,,True,7.3
273,33.402587,-117.588773,709.0,55.6,2.24,172,80,318,,True,7.2
274,33.402569,-117.588765,711.2,55.6,2.08,172,80,312,,True,5.5
275,33.402548,-117.588748,713.7,55.8,2.18,173,80,308,,True,5.8
276,33.402536,-117.58874,715.7,56.0,2.22,172,80,307,,True,8.0
277,33.40252,-117.588736,717.8,56.0,2.2,172,80,306,,True,10.3
278,33.402501,-117.58873,719.4,56.2,2.08,173,79,304,,True,8.5
279,33.402482,-117.588731,721.2,56.4,2.0,172,79,304,,True,8.5
280,33.402467,-117.588736,723.4,56.8,1.94,172,79,301,,True,10.3
281,33.402449,-117.58874,725.5,56.8,1.96,173,79,298,,True,8.0
282,33.402428,-117.588739,727.4,57.0,1.92,173,78,298,,True,6.3
283,33.402414,-117.588745,729.4,57.2,2.0,173,78,294,,True,7.5
284,33.402395,-117.588743,731.2,57.2,2.0,173,78,290,,True,9.6
285,33.402378,-117.588741,732.9,57.4,1.9,172,78,289,,True,9.4
286,33.402371,-117.588746,734.1,57.6,1.72,172,78,287,,True,9.9
287,33.402353,-117.588749,735.9,57.8,1.7,172,78,285,,True,13.3
288,33.402332,-117.588746,738.0,58.0,1.72,173,78,283,,True,13.3
289,33.402323,-117.588747,739.5,58.2,1.66,172,78,284,,True,14.3
290,33.402304,-117.588745,741.7,58.6,1.76,172,78,285,,True,14.3
291,33.402282,-117.588746,743.4,58.8,1.86,172,79,288,,True,14.0
292,33.40227,-117.588752,745.3,59.2,1.88,172,79,291,,True,13.9
293,33.402255,-117.58876,747.1,59.4,1.82,171,79,290,,True,12.2
294,33.40223,-117.588766,749.4,59.6,1.98,171,79,287,,True,10.0
295,33.402219,-117.58877,751.0,59.8,1.86,171,78,289,,True,8.1
296,33.402205,-117.588777,753.2,60.0,1.96,171,78,284,,True,8.5
297,33.402179,-117.588787,755.4,60.0,2.02,170,78,285,,True,8.7
298,33.402169,-117.58879,757.0,60.2,1.98,170,78,286,,True,8.9
299,33.402156,-117.588798,758.8,60.4,1.88,169,78,286,,True,7.4
300,33.402139,-117.588815,760.9,60.6,1.98,169,79,286,,True,9.4
301,33.402129,-117.588822,762.2,60.8,1.8,169,79,281,,True,9.5
302,33.402119,-117.588833,764.0,60.8,1.72,169,79,279,,True,7.7
303,33.402102,-117.588848,766.0,61.0,1.8,169,79,276,,True,5.5
304,33.402089,-117.588857,767.5,61.2,1.74,169,78,275,,True,3.5
305,33.40208,-117.588869,769.2,61.2,1.66,170,78,271,,True,5.1
306,33.40206,-117.588888,771.9,61.2,1.94,169,78,265,,True,4.8
307,33.402045,-117.588903,773.7,61.2,1.94,169,78,263,,True,5.4
308,33.402039,-117.588919,775.7,61.4,1.94,169,79,263,,True,7.8
309,33.402022,-117.588943,778.4,61.6,2.18,168,79,262,,True,9.4
310,33.40201,-117.588961,780.3,61.8,2.22,168,79,263,,True,9.3
311,33.402009,-117.588976,782.1,62.0,2.04,168,79,264,,True,7.8
312,33.401995,-117.588996,784.3,62.2,2.12,168,79,263,,True,7.5
313,33.40198,-117.589015,786.5,62.4,2.16,168,79,263,,True,5.3
314,33.401977,-117.589033,788.6,62.4,2.04,168,80,261,,True,5.4
315,33.40196,-117.589058,791.0,62.6,2.14,167,80,259,,True,3.4
316,33.401948,-117.589077,793.4,62.6,2.26,167,80,258,,True,3.4
317,33.401941,-117.589095,795.5,62.8,2.24,167,80,258,,True,1.7
318,33.401928,-117.589121,798.1,62.8,2.32,167,80,256,,True,1.7
319,33.401918,-117.589144,800.5,62.8,2.38,166,80,253,,True,0.0
320,33.401911,-117.589162,802.7,62.8,2.34,166,80,251,,True,0.0
321,33.401897,-117.589192,805.5,62.8,2.42,166,80,249,,True,0.0
322,33.401883,-117.589216,808.2,62.8,2.54,166,80,245,,True,0.0
323,33.401876,-117.589239,810.8,62.8,2.54,166,80,240,,True,-1.7
324,33.401862,-117.589275,814.1,62.8,2.72,165,80,233,,True,-1.6
325,33.401849,-117.589306,817.4,62.6,2.94,165,80,230,,True,-2.9
326,33.401838,-117.589332,820.5,62.6,3.0,165,80,224,,True,-4.3
327,33.401817,-117.58937,824.4,62.4,3.24,165,80,216,,True,-4.3
328,33.401797,-117.589401,828.0,62.2,3.44,164,80,234,,True,-5.2
329,33.401783,-117.589431,831.4,62.0,3.46,164,80,225,,True,-6.8
330,33.401765,-117.589471,835.8,61.8,3.68,164,80,213,,True,-7.2
331,33.401746,-117.589499,839.1,61.4,3.72,163,79,211,,True,-8.6
332,33.401733,-117.58952,841.8,61.2,3.48,163,79,205,,True,-10.9
333,33.40171,-117.589555,845.4,60.8,3.48,163,79,235,,True,-9.4
334,33.401688,-117.589579,848.7,60.4,3.46,163,79,233,,True,-7.3
335,33.401674,-117.589604,851.9,60.2,3.22,162,80,231,,True,-4.5
336,33.401652,-117.58964,855.5,60.2,3.28,162,80,238,,True,-3.1
337,33.401636,-117.589663,858.7,60.2,3.38,162,80,228,,True,-1.5
338,33.401619,-117.589688,861.6,60.0,3.24,162,81,237,,True,-3.1
339,33.401594,-117.58972,865.2,60.0,3.3,162,81,233,,True,-4.6
340,33.401579,-117.589744,868.3,59.8,3.28,162,81,225,,True,-4.4
341,33.401559,-117.589774,871.8,59.6,3.26,161,81,220,,True,-6.2
342,33.401539,-117.589801,875.2,59.4,3.3,162,81,235,,True,-5.7
343,33.401528,-117.589825,878.1,59.2,3.3,162,81,232,,True,-7.3
344,33.401501,-117.589868,882.3,59.0,3.42,162,81,229,,True,-5.8
345,33.401489,-117.589894,885.5,58.6,3.44,162,81,232,,True,-4.1
346,33.401473,-117.589925,888.9,58.6,3.42,161,81,229,,True,-2.9
347,33.40145,-117.589962,892.8,58.6,3.52,162,82,230,,True,-1.4
348,33.401439,-117.589988,895.9,58.6,3.56,161,82,232,,True,-2.7
349,33.401419,-117.590028,900.0,58.4,3.54,161,82,229,,True,-5.8
350,33.401402,-117.590059,903.5,58.2,3.6,161,82,243,,True,-8.2
351,33.401393,-117.590089,906.7,57.8,3.56,161,82,240,,True,-8.7
352,33.401376,-117.590133,910.6,57.4,3.56,161,82,238,,True,-7.2
353,33.401366,-117.590159,913.8,57.2,3.58,161,82,236,,True,-4.2
354,33.401349,-117.590193,917.4,57.2,3.48,161,82,223,,True,0.0
355,33.401327,-117.590226,920.9,57.2,3.48,161,82,240,,True,2.9
356,33.40131,-117.590241,923.9,57.4,3.44,160,82,243,,True,4.7
357,33.401279,-117.590267,927.4,57.6,3.36,160,82,248,,True,4.8
358,33.401259,-117.590281,930.3,57.8,3.3,160,82,255,,True,4.8
359,33.401232,-117.590291,933.5,57.8,3.22,160,84,238,,True,3.2
360,33.401203,-117.590302,936.5,58.0,3.12,160,84,243,,True,0.0
361,33.401178,-117.590313,939.8,58.0,3.18,160,84,245,,True,-1.4
362,33.401138,-117.59033,943.8,57.8,3.28,160,84,248,,True,-2.7
363,33.401112,-117.590341,947.3,57.6,3.4,160,83,253,,True,-2.6
364,33.401079,-117.590351,951.1,57.6,3.52,160,83,271,,True,-1.4
365,33.401044,-117.590364,954.9,57.6,3.68,160,83,277,,True,0.0
366,33.401019,-117.590379,958.5,57.6,3.74,159,83,284,,True,0.0
367,33.400981,-117.590394,962.3,57.6,3.7,160,83,292,,True,-1.4
368,33.400956,-117.590406,965.7,57.6,3.68,160,83,292,,True,-1.4
369,33.400929,-117.590417,969.0,57.4,3.58,160,83,296,,True,-1.5
370,33.400893,-117.590428,972.8,57.4,3.58,160,83,296,,True,-1.5
371,33.400869,-117.590432,975.8,57.4,3.46,160,83,294,,True,-1.5
372,33.400837,-117.590431,979.2,57.4,3.38,160,83,290,,True,-1.6
373,33.400805,-117.590429,982.6,57.2,3.38,160,83,291,,True,-3.0
374,33.400782,-117.590436,985.7,57.2,3.34,160,83,291,,True,-3.0
375,33.400747,-117.590438,989.3,57.0,3.3,160,82,291,,True,-3.1
376,33.400719,-117.590437,992.4,57.0,3.32,161,81,290,,True,-4.4
377,33.400697,-117.590441,995.3,56.8,3.22,160,81,286,,True,-4.5
378,33.400655,-117.590446,999.3,56.6,3.34,161,81,283,,True,-6.1
379,33.40063,-117.590448,1002.6,56.4,3.38,161,81,280,,True,-4.4
380,33.400603,-117.590451,1005.5,56.2,3.24,161,81,280,,True,-3.2
381,33.400569,-117.590459,1008.9,56.2,3.3,161,81,283,,True,-1.6
382,33.400548,-117.590468,1011.8,56.2,3.3,161,82,282,,True,0.0
383,33.400513,-117.590479,1015.4,56.2,3.22,161,82,281,,True,-1.5
384,33.400484,-117.590488,1018.8,56.2,3.24,162,82,281,,True,-1.4
385,33.400457,-117.590502,1022.3,56.0,3.36,163,82,278,,True,-3.0
386,33.400425,-117.590515,1025.8,56.0,3.38,164,82,277,,True,-3.1
387,33.4004,-117.590523,1028.8,55.8,3.4,164,82,278,,True,0.0
388,33.400376,-117.590533,1031.8,55.8,3.28,164,82,280,,True,0.0
389,33.400343,-117.590551,1035.4,56.0,3.32,163,82,281,,True,1.6
390,33.400325,-117.590567,1038.3,56.0,3.2,163,82,282,,True,0.0
391,33.4003,-117.590581,1041.3,56.0,3.1,162,82,280,,True,-1.6
392,33.400273,-117.590599,1044.7,55.8,3.18,162,82,281,,True,-3.2
393,33.400255,-117.590613,1047.7,55.8,3.18,162,82,281,,True,-3.1
394,33.40022,-117.590629,1050.9,55.6,3.1,162,82,283,,True,-1.6
395,33.400197,-117.590641,1054.1,55.6,3.16,162,82,283,,True,-1.6
396,33.400173,-117.590653,1056.9,55.6,3.12,161,82,283,,True,-1.6
397,33.40014,-117.590669,1060.3,55.6,3.12,162,82,284,,True,-1.5
398,33.400117,-117.590682,1063.6,55.4,3.18,163,82,284,,True,0.0
399,33.400082,-117.590692,1067.3,55.4,3.28,163,82,283,,True,1.4
400,33.400051,-117.590702,1070.9,55.6,3.36,164,82,285,,True,1.4
401,33.400026,-117.590714,1074.2,55.8,3.46,164,82,289,,True,0.0
402,33.399982,-117.590735,1078.4,55.6,3.62,164,82,289,,True,-1.3
403,33.399957,-117.590745,1082.0,55.4,3.68,164,83,288,,True,-3.9
404,33.399921,-117.590751,1086.0,55.4,3.74,165,83,289,,True,-4.1
405,33.399889,-117.59076,1089.6,55.2,3.74,164,83,289,,True,-2.7
406,33.399863,-117.590771,1092.9,55.0,3.74,164,83,290,,True,-4.2
407,33.399827,-117.590787,1096.9,55.0,3.7,165,84,288,,True,-4.3
408,33.3998,-117.590798,1100.3,54.8,3.66,165,84,288,,True,-1.4
409,33.399773,-117.590809,1103.7,54.6,3.54,165,84,289,,True,-1.5
410,33.39974,-117.590822,1107.1,54.8,3.5,165,84,292,,True,0.0
411,33.39972,-117.590833,1110.0,54.8,3.42,165,83,295,,True,1.6
412,33.399685,-117.590843,1113.7,54.8,3.36,165,83,295,,True,0.0
413,33.399659,-117.590848,1116.5,54.8,3.24,165,82,296,,True,0.0
414,33.399636,-117.590859,1119.5,54.8,3.16,165,82,296,,True,-1.6
415,33.399602,-117.590875,1123.2,54.8,3.22,165,82,295,,True,-3.2
416,33.399579,-117.590879,1126.2,54.6,3.24,165,82,293,,True,-3.1
417,33.399553,-117.590886,1129.0,54.4,3.06,165,82,292,,True,-3.2
418,33.399521,-117.590902,1132.6,54.4,3.22,165,82,292,,True,-3.0
419,33.399498,-117.59091,1135.7,54.4,3.24,165,82,292,,True,-2.8
420,33.39946,-117.59092,1139.6,54.2,3.28,166,81,291,,True,-2.9
421,33.39943,-117.590924,1143.1,54.0,3.38,165,81,290,,True,-4.1
422,33.399405,-117.590933,1146.2,54.0,3.44,165,81,290,,True,-4.3
423,33.399364,-117.590946,1150.3,53.8,3.54,165,81,289,,True,-2.8
424,33.39934,-117.590955,1153.6,53.6,3.58,166,82,288,,True,-2.7
425,33.399307,-117.590962,1157.2,53.6,3.52,165,82,288,,True,-1.5
426,33.399277,-117.59097,1160.8,53.6,3.54,165,82,286,,True,-1.5
427,33.399254,-117.590976,1163.7,53.6,3.5,165,83,288,,True,-1.5
428,33.399217,-117.590988,1167.3,53.4,3.4,165,83,287,,True,-1.5
429,33.399194,-117.590992,1170.3,53.4,3.34,166,83,286,,True,-2.9
430,33.399161,-117.591001,1173.9,53.4,3.34,165,83,283,,True,-1.5
431,33.399129,-117.591007,1177.5,53.2,3.34,165,84,282,,True,-1.4
432,33.399104,-117.591014,1180.7,53.2,3.4,165,83,281,,True,-2.8
433,33.399062,-117.591023,1184.7,53.2,3.48,165,83,281,,True,-1.5
434,33.399036,-117.591025,1188.2,53.0,3.58,165,83,283,,True,-1.5
435,33.39901,-117.59103,1190.8,53.0,3.38,165,83,286,,True,-3.3
436,33.398981,-117.591034,1194.0,53.0,3.3,165,83,289,,True,-1.7
437,33.39896,-117.591042,1196.7,52.8,3.2,165,83,287,,True,-3.1
438,33.398925,-117.591045,1200.1,52.8,3.08,165,83,287,,True,-4.6
439,33.398894,-117.591047,1203.6,52.6,3.08,165,83,288,,True,-2.8
440,33.398867,-117.591056,1207.0,52.4,3.24,165,83,291,,True,-2.8
441,33.398828,-117.591065,1210.9,52.4,3.38,165,83,291,,True,-2.8
442,33.3988,-117.591073,1214.3,52.4,3.52,165,83,300,,True,-1.4
443,33.39877,-117.591076,1218.0,52.2,3.58,165,83,301,,True,-2.8
444,33.398733,-117.591083,1221.8,52.2,3.64,165,82,305,,True,-2.7
445,33.398707,-117.591094,1225.0,52.0,3.6,165,82,305,,True,-2.8
446,33.398672,-117.591103,1228.9,52.0,3.6,165,82,299,,True,-2.9
447,33.398642,-117.591106,1232.2,51.8,3.58,166,82,300,,True,-2.7
448,33.398613,-117.591114,1235.8,51.8,3.56,166,82,292,,True,-2.9
449,33.398575,-117.59112,1239.7,51.6,3.58,166,82,294,,True,-1.4
450,33.398554,-117.59112,1242.5,51.6,3.5,166,82,293,,True,-1.5
451,33.398522,-117.591118,1246.0,51.6,3.42,166,83,293,,True,0.0
452,33.398494,-117.591116,1249.0,51.6,3.36,166,82,290,,True,-1.6
453,33.398474,-117.591116,1251.3,51.6,3.1,166,82,289,,True,-1.7
454,33.398436,-117.591121,1254.8,51.4,3.02,166,82,284,,True,-1.7
455,33.398417,-117.591123,1257.5,51.4,3.0,166,83,286,,True,-1.5
456,33.398384,-117.591122,1260.9,51.4,2.98,166,83,288,,True,1.6
457,33.398354,-117.591119,1264.3,51.4,3.06,166,82,288,,True,1.5
458,33.39833,-117.591125,1267.3,51.6,3.2,166,82,290,,True,3.0
459,33.398289,-117.591129,1271.2,51.6,3.28,166,83,292,,True,3.1
460,33.398265,-117.591135,1274.4,51.8,3.38,166,84,293,,True,1.5
461,33.398242,-117.591129,1277.2,51.8,3.26,166,84,297,,True,3.2
462,33.398208,-117.591125,1280.6,51.8,3.26,166,84,299,,True,1.5
463,33.398183,-117.591131,1283.6,52.0,3.26,166,84,301,,True,1.4
464,33.398141,-117.591132,1287.7,52.0,3.3,166,84,302,,True,2.9
465,33.398116,-117.591131,1291.1,52.0,3.34,166,84,304,,True,1.5
466,33.398089,-117.591128,1294.2,52.2,3.4,166,84,308,,True,3.3
467,33.398059,-117.591123,1297.1,52.2,3.3,166,84,312,,True,5.0
468,33.398039,-117.591125,1299.8,52.4,3.24,167,84,314,,True,3.3
469,33.398003,-117.591125,1303.2,52.6,3.1,167,84,315,,True,5.0
470,33.397978,-117.591121,1306.2,52.6,3.02,167,84,315,,True,3.2
471,33.397957,-117.591121,1309.0,52.8,2.96,167,83,319,,True,3.5
472,33.397922,-117.591121,1312.3,52.8,3.04,167,83,320,,True,3.7
473,33.397905,-117.591121,1314.6,53.0,2.96,166,82,322,,True,3.7
474,33.397883,-117.591114,1317.1,53.0,2.78,167,82,325,,True,6.3
475,33.397856,-117.591113,1319.7,53.2,2.7,167,82,327,,True,5.8
476,33.397839,-117.591117,1322.0,53.6,2.6,167,82,329,,True,5.5
477,33.39781,-117.591113,1324.9,53.6,2.52,167,82,299,,True,3.6
478,33.397783,-117.591104,1328.0,53.6,2.68,168,82,303,,True,0.0
479,33.397761,-117.591106,1330.8,53.6,2.74,168,82,312,,True,-1.6
480,33.397722,-117.591103,1334.3,53.6,2.92,168,82,313,,True,-1.6
481,33.397699,-117.591098,1337.5,53.4,3.1,168,82,344,,True,-1.6
482,33.397676,-117.591096,1340.2,53.4,3.06,167,82,344,,True,-1.7
483,33.397644,-117.591092,1343.3,53.4,3.06,168,82,340,,True,0.0
484,33.397623,-117.591087,1346.1,53.4,3.06,168,82,324,,True,0.0
485,33.397597,-117.591077,1349.0,53.4,2.94,169,81,313,,True,-1.7
486,33.397568,-117.591067,1352.1,53.4,2.92,169,81,314,,True,-1.6
487,33.397544,-117.591065,1355.1,53.2,2.98,169,81,311,,True,-3.2
488,33.397514,-117.591056,1358.3,53.2,3.0,168,81,305,,True,-4.9
489,33.397485,-117.591045,1361.6,53.0,3.1,168,81,299,,True,-4.7
490,33.397464,-117.591044,1364.4,52.8,3.08,168,81,293,,True,-4.7
491,33.397429,-117.591033,1367.9,52.6,3.16,168,81,290,,True,-4.9
492,33.397403,-117.59102,1371.1,52.6,3.2,168,81,288,,True,-3.1
493,33.397381,-117.591015,1373.9,52.4,3.12,167,81,287,,True,-1.6
494,33.397348,-117.591002,1377.2,52.4,3.12,167,81,283,,True,-3.3
495,33.397328,-117.590993,1380.1,52.4,3.14,167,81,280,,True,-1.6
496,33.397301,-117.590977,1383.4,52.2,3.1,167,82,276,,True,-3.4
497,33.397274,-117.590965,1386.3,52.2,3.04,166,81,275,,True,-3.2
498,33.397252,-117.59096,1389.1,52.0,3.04,166,82,272,,True,-3.2
499,33.397214,-117.590951,1392.7,52.0,3.1,166,82,270,,True,-3.2
500,33.39719,-117.590943,1395.8,51.8,3.14,166,82,269,,True,-1.5
501,33.397165,-117.590943,1398.9,51.8,3.1,166,82,267,,True,-1.6
502,33.397125,-117.590942,1402.6,51.8,3.26,165,82,267,,True,0.0
503,33.397103,-117.590938,1405.5,51.8,3.28,165,82,267,,True,-1.6
504,33.397078,-117.590931,1408.5,51.8,3.16,165,82,268,,True,-1.7
505,33.397045,-117.590927,1411.8,51.6,3.2,165,82,267,,True,-1.5
506,33.397023,-117.590923,1414.7,51.6,3.16,166,82,267,,True,-1.5
507,33.396986,-117.590929,1418.6,51.6,3.2,165,82,266,,True,-1.5
508,33.396957,-117.59093,1421.8,51.6,3.26,165,82,265,,True,-1.4
509,33.396932,-117.590933,1424.8,51.4,3.26,165,82,268,,True,-1.5
510,33.396892,-117.590942,1428.8,51.4,3.4,165,82,267,,True,-3.0
511,33.396863,-117.590947,1432.3,51.4,3.52,165,82,267,,True,-1.4
512,33.396838,-117.590952,1435.3,51.2,3.34,165,82,269,,True,-1.6
513,33.396806,-117.590959,1438.6,51.2,3.36,164,81,267,,True,-3.3
514,33.396785,-117.590966,1441.2,51.2,3.28,164,82,267,,True,-1.6
515,33.396753,-117.590968,1444.5,51.0,3.14,164,82,265,,True,-3.3
516,33.396724,-117.590972,1447.8,51.0,3.1,164,82,260,,True,-4.6
517,33.396703,-117.590981,1450.7,50.8,3.08,165,82,258,,True,-4.7
518,33.396664,-117.590988,1454.3,50.6,3.14,164,82,255,,True,-4.8
519,33.39664,-117.590986,1457.2,50.4,3.2,164,82,255,,True,-4.7
520,33.396614,-117.590993,1460.3,50.4,3.16,164,82,254,,True,-4.9
521,33.396583,-117.591,1463.6,50.2,3.16,164,82,254,,True,-3.3
522,33.396557,-117.59101,1466.6,50.0,3.18,165,82,253,,True,-5.0
523,33.396536,-117.591024,1469.4,50.0,3.02,165,82,252,,True,-6.9
524,33.396513,-117.591035,1472.2,49.8,3.0,165,82,250,,True,-7.1
525,33.396487,-117.591051,1475.2,49.4,2.98,165,80,250,,True,-10.6
526,33.396472,-117.591071,1477.9,49.2,2.86,165,80,248,,True,-11.6
527,33.396451,-117.591092,1480.7,48.8,2.82,165,80,245,,True,-11.3
528,33.396419,-117.591114,1484.3,48.4,2.98,165,77,243,,True,-12.5
529,33.396399,-117.591137,1487.6,48.0,3.08,165,77,239,,True,-11.3
530,33.396378,-117.591155,1490.7,47.6,3.1,165,77,235,,True,-11.3
531,33.396343,-117.591182,1494.8,47.2,3.38,165,77,231,,True,-11.3
532,33.396322,-117.591205,1498.4,46.8,3.54,165,77,228,,True,-10.8
533,33.396298,-117.591228,1501.7,46.4,3.48,164,79,228,,True,-11.0
534,33.396269,-117.591257,1505.5,46.0,3.58,164,79,227,,True,-10.9
535,33.396244,-117.591288,1509.3,45.6,3.72,164,79,224,,True,-10.5
536,33.396231,-117.59132,1513.1,45.2,3.66,164,79,223,,True,-10.5
537,33.396221,-117.591367,1517.0,44.8,3.72,163,79,218,,True,-11.6
538,33.396214,-117.591404,1520.8,44.4,3.82,163,79,213,,True,-13.0
539,33.396211,-117.591449,1524.8,43.8,3.86,163,79,217,,True,-13.5
540,33.396201,-117.591488,1528.5,43.2,3.84,163,80,217,,True,-13.3
541,33.396193,-117.59152,1531.8,42.8,3.74,163,80,220,,True,-9.7
542,33.396167,-117.59156,1535.8,42.4,3.76,163,80,222,,True,-7.1
543,33.396144,-117.591582,1539.3,42.4,3.7,162,80,223,,True,-4.2
544,33.396117,-117.591597,1542.5,42.2,3.54,162,82,227,,True,-1.5
545,33.396081,-117.59161,1546.2,42.2,3.54,162,83,223,,True,-2.9
546,33.396059,-117.591623,1549.4,42.2,3.52,163,83,223,,True,-2.7
547,33.396021,-117.591627,1553.2,42.0,3.48,162,83,215,,True,-4.2
548,33.395988,-117.591627,1557.1,41.8,3.56,162,84,220,,True,-4.1
549,33.395961,-117.591628,1560.6,41.6,3.62,162,83,227,,True,-4.2
550,33.395922,-117.591623,1564.2,41.6,3.6,162,82,234,,True,-2.8
551,33.395894,-117.59161,1567.6,41.4,3.64,162,82,243,,True,-1.4
552,33.395865,-117.5916,1571.3,41.4,3.62,163,82,244,,True,-1.4
553,33.395829,-117.591591,1575.0,41.4,3.58,162,82,246,,True,0.0
554,33.395805,-117.591587,1578.1,41.4,3.5,162,81,250,,True,-1.5
555,33.395771,-117.591582,1581.5,41.4,3.46,162,81,255,,True,-3.0
556,33.395741,-117.591574,1584.8,41.2,3.44,162,81,252,,True,-2.8
557,33.395714,-117.591571,1588.3,41.0,3.4,162,82,255,,True,-2.9
558,33.395675,-117.591564,1592.3,41.0,3.46,162,83,260,,True,-1.4
559,33.395649,-117.591557,1595.5,41.0,3.48,162,83,263,,True,0.0
560,33.395624,-117.591554,1598.6,41.0,3.42,162,83,273,,True,0.0
561,33.39559,-117.591547,1601.9,41.0,3.42,162,82,278,,True,-1.6
562,33.395567,-117.591542,1604.8,41.0,3.3,162,82,274,,True,-1.6
563,33.395542,-117.591538,1607.8,40.8,3.1,162,82,277,,True,-3.4
564,33.395512,-117.591525,1610.9,40.8,3.08,162,81,275,,True,-3.3
565,33.395488,-117.591523,1613.6,40.6,3.0,162,81,274,,True,-3.1
566,33.39546,-117.591505,1617.0,40.6,3.02,161,81,274,,True,-3.1
567,33.395435,-117.591476,1620.6,40.4,3.16,161,81,275,,True,-2.9
568,33.395415,-117.591458,1623.7,40.4,3.18,161,81,276,,True,-4.2
569,33.395392,-117.591429,1627.3,40.2,3.28,161,81,277,,True,-4.4
570,33.395377,-117.591388,1631.2,40.0,3.52,162,81,277,,True,-7.2
571,33.395362,-117.591364,1634.2,39.8,3.44,161,81,277,,True,-7.2
572,33.395343,-117.591337,1637.5,39.4,3.38,162,81,278,,True,-9.2
573,33.395321,-117.591305,1641.1,39.2,3.48,162,81,275,,True,-10.7
574,33.395298,-117.591293,1644.2,38.8,3.38,162,80,272,,True,-9.0
575,33.395273,-117.591278,1647.3,38.4,3.22,162,79,269,,True,-11.0
576,33.395238,-117.591267,1650.8,38.2,3.32,162,79,266,,True,-10.9
577,33.395214,-117.591267,1653.8,37.8,3.26,162,79,262,,True,-9.2
578,33.395185,-117.591261,1657.0,37.4,3.18,163,78,257,,True,-9.4
579,33.395152,-117.591256,1660.3,37.2,3.22,163,79,254,,True,-9.1
580,33.395126,-117.591249,1663.5,37.0,3.24,163,79,251,,True,-8.7
581,33.395095,-117.591235,1667.0,36.6,3.24,163,80,245,,True,-10.1
582,33.395065,-117.591208,1670.8,36.2,3.4,163,80,241,,True,-11.0
583,33.395041,-117.591194,1674.1,35.8,3.42,163,80,237,,True,-10.8
584,33.395012,-117.591171,1678.0,35.4,3.54,162,80,233,,True,-11.3
585,33.394988,-117.591138,1681.8,35.0,3.66,162,80,232,,True,-11.3
586,33.39497,-117.591118,1684.9,34.6,3.58,162,80,231,,True,-10.4
587,33.394944,-117.591099,1688.2,34.2,3.48,162,80,229,,True,-10.2
588,33.39492,-117.59108,1691.4,34.0,3.46,162,80,227,,True,-10.4
589,33.394903,-117.591071,1693.6,33.8,3.12,162,80,224,,True,-12.7
590,33.394874,-117.591061,1696.4,33.4,2.92,162,80,221,,True,-15.1
591,33.394851,-117.591053,1699.2,32.8,2.86,162,81,218,,True,-15.5
592,33.394829,-117.591047,1702.0,32.4,2.76,163,81,212,,True,-15.7
593,33.3948,-117.591027,1705.2,32.0,2.76,163,81,214,,True,-15.7
594,33.394782,-117.591014,1707.9,31.6,2.86,163,80,211,,True,-15.8
595,33.394761,-117.590994,1710.7,31.0,2.86,163,80,213,,True,-18.0
596,33.394737,-117.590985,1713.4,30.6,2.84,162,80,206,,True,-17.2
597,33.394713,-117.590982,1716.3,30.0,2.86,162,80,202,,True,-17.5
598,33.394683,-117.590972,1719.5,29.6,2.86,162,84,191,,True,-18.0
599,33.394662,-117.590966,1722.1,29.0,2.84,162,84,192,,True,-15.8
600,33.394643,-117.590959,1724.5,28.6,2.76,162,84,190,,True,-17.9
601,33.39461,-117.590954,1727.7,28.2,2.86,161,84,185,,True,-15.7
602,33.394585,-117.590944,1730.7,27.6,2.88,161,84,185,,True,-16.4
603,33.394558,-117.590945,1733.6,27.2,2.82,161,84,185,,True,-15.3
604,33.394531,-117.590938,1736.7,26.6,2.92,161,84,185,,True,-13.2
605,33.39451,-117.590937,1739.5,26.4,3.0,161,79,192,,True,-15.0
606,33.394476,-117.590938,1742.8,26.0,3.02,161,81,188,,True,-14.9
607,33.394451,-117.590936,1745.6,25.4,2.98,161,81,188,,True,-18.9
608,33.394422,-117.590935,1748.8,24.8,3.04,161,81,184,,True,-20.0
609,33.394392,-117.590928,1752.2,24.0,3.1,161,81,187,,True,-18.5
610,33.394358,-117.590915,1755.8,23.4,3.26,161,86,187,,True,-18.3
611,33.394337,-117.590909,1758.6,23.0,3.16,160,86,184,,True,-16.9
612,33.39432,-117.590907,1760.8,22.6,3.04,160,86,183,,True,-17.9
613,33.394286,-117.590907,1764.0,22.0,3.04,160,85,177,,True,-17.7
614,33.394259,-117.590895,1767.0,21.4,2.96,160,83,170,,True,-18.3
615,33.394235,-117.590895,1769.9,21.0,2.82,159,83,167,,True,-16.7
616,33.39421,-117.590894,1772.8,20.4,2.84,159,83,166,,True,-14.9
617,33.394178,-117.590889,1776.0,20.0,3.04,159,83,163,,True,-14.2
618,33.394151,-117.590886,1779.1,19.6,3.02,159,79,166,,True,-12.0
619,33.394118,-117.590876,1782.6,19.2,3.12,158,79,170,,True,-10.5
620,33.394087,-117.590875,1786.1,18.8,3.24,158,79,170,,True,-10.1
621,33.394061,-117.590879,1789.3,18.6,3.3,160,79,176,,True,-10.0
622,33.394027,-117.590881,1792.9,18.2,3.38,160,78,181,,True,-8.6
623,33.393993,-117.590869,1796.6,17.8,3.5,160,78,181,,True,-9.5
624,33.393963,-117.590863,1800.1,17.6,3.5,160,78,183,,True,-9.7
625,33.39393,-117.590855,1804.0,17.2,3.58,160,79,182,,True,-9.9
626,33.393898,-117.590847,1807.4,16.8,3.62,160,80,182,,True,-9.7
627,33.393871,-117.590841,1810.8,16.4,3.58,159,80,185,,True,-8.7
628,33.393834,-117.590832,1814.6,16.2,3.6,159,80,185,,True,-7.5
629,33.393808,-117.590832,1817.8,16.0,3.54,159,80,187,,True,-4.5
630,33.393783,-117.590831,1820.8,15.8,3.36,158,81,189,,True,-4.9
631,33.393749,-117.590829,1824.0,15.8,3.32,158,81,188,,True,-5.1
632,33.393729,-117.59083,1826.8,15.6,3.2,158,81,189,,True,-5.0
633,33.393699,-117.590822,1829.6,15.4,3.0,158,81,191,,True,-6.6
634,33.393669,-117.590819,1832.8,15.2,3.0,158,81,193,,True,-4.3
635,33.393645,-117.590822,1836.1,15.0,3.06,158,81,195,,True,-4.3
636,33.393599,-117.590812,1840.7,15.0,3.34,157,81,196,,True,-1.4
637,33.393575,-117.590813,1843.6,14.8,3.36,157,81,200,,True,0.0
638,33.393547,-117.590812,1847.0,15.0,3.48,157,81,204,,True,1.6
639,33.393515,-117.590809,1849.9,15.0,3.42,158,82,208,,True,3.0
640,33.393492,-117.59081,1852.9,15.2,3.36,157,82,210,,True,1.6
641,33.393456,-117.590808,1856.9,15.2,3.24,157,82,213,,True,1.5
642,33.393428,-117.590808,1859.7,15.2,3.22,157,83,216,,True,0.0
643,33.3934,-117.59081,1863.0,15.2,3.2,157,83,220,,True,-1.6
644,33.393367,-117.59081,1866.3,15.2,3.28,157,83,225,,True,-1.5
645,33.393343,-117.590811,1869.2,15.0,3.26,156,83,230,,True,-1.6
646,33.393313,-117.590808,1873.0,15.0,3.22,156,82,234,,True,-3.3
647,33.393284,-117.590803,1875.6,15.0,3.18,156,82,237,,True,-1.5
648,33.39326,-117.590804,1878.5,14.8,3.1,156,82,241,,True,-3.2
649,33.393226,-117.590793,1882.2,14.8,3.18,155,82,244,,True,-3.1
650,33.3932,-117.590783,1885.4,14.6,3.24,154,82,248,,True,-1.5
651,33.393174,-117.590771,1888.6,14.6,3.12,153,82,251,,True,-1.6
652,33.393143,-117.590756,1892.0,14.6,3.28,152,82,256,,True,0.0
653,33.393123,-117.590746,1894.8,14.6,3.26,152,82,260,,True,1.8
654,33.393098,-117.590736,1897.5,14.6,3.06,151,83,261,,True,1.8
655,33.393072,-117.590723,1900.0,14.8,2.92,151,83,264,,True,1.7
656,33.39305,-117.590714,1903.1,14.8,2.9,151,83,266,,True,1.8
657,33.393021,-117.590694,1906.6,14.8,2.92,151,83,267,,True,0.0
658,33.393005,-117.590678,1908.9,14.8,2.82,152,82,272,,True,1.6
659,33.392983,-117.590659,1912.6,14.8,3.02,152,82,276,,True,3.7
660,33.392957,-117.590633,1915.4,15.0,3.08,152,82,278,,True,3.3
661,33.392942,-117.590627,1917.5,15.2,2.88,152,82,282,,True,3.4
662,33.392916,-117.590605,1921.1,15.2,2.9,152,83,286,,True,0.0
663,33.392888,-117.59058,1924.4,15.2,3.1,152,82,285,,True,-1.4
664,33.392865,-117.590564,1928.2,15.0,3.12,153,82,286,,True,-1.5
665,33.392837,-117.590544,1931.3,15.0,3.18,153,82,287,,True,-1.5
666,33.392813,-117.590529,1934.1,15.0,3.32,153,82,290,,True,0.0
667,33.39279,-117.59051,1937.8,15.0,3.34,153,82,292,,True,0.0
668,33.392759,-117.590485,1941.3,15.0,3.38,153,82,294,,True,0.0
669,33.392736,-117.590478,1944.1,15.0,3.18,153,82,294,,True,1.6
670,33.392708,-117.590474,1947.5,15.0,3.24,153,82,294,,True,1.6
671,33.392675,-117.590469,1950.7,15.2,3.32,154,81,295,,True,1.5
672,33.392653,-117.590472,1953.6,15.2,3.16,154,81,295,,True,3.3
673,33.392617,-117.590475,1957.2,15.2,3.18,154,81,297,,True,1.5
674,33.392595,-117.590481,1959.8,15.4,3.14,154,81,299,,True,1.5
675,33.392562,-117.590488,1963.9,15.4,3.28,154,82,299,,True,1.6
676,33.392537,-117.5905,1966.8,15.4,3.22,155,82,302,,True,0.0
677,33.392517,-117.590511,1969.4,15.4,3.16,155,82,303,,True,0.0
678,33.39249,-117.590522,1972.4,15.4,3.04,155,83,301,,True,-1.8
679,33.392469,-117.59054,1974.8,15.4,3.0,155,83,300,,True,-1.8
680,33.392451,-117.590547,1977.8,15.2,2.78,156,82,300,,True,-1.9
681,33.392427,-117.590555,1980.6,15.2,2.76,156,82,299,,True,-3.4
682,33.392407,-117.590571,1983.1,15.2,2.74,156,82,299,,True,-1.6
683,33.392381,-117.590581,1986.6,15.0,2.84,156,82,297,,True,-1.5
684,33.392349,-117.590583,1990.3,15.0,3.1,156,82,296,,True,-2.8
685,33.392321,-117.590598,1993.6,15.0,3.16,157,82,295,,True,-2.8
686,33.39229,-117.590608,1997.6,14.8,3.4,157,82,293,,True,-4.2
687,33.392255,-117.59062,2001.1,14.6,3.6,157,82,291,,True,-4.2
688,33.39223,-117.59064,2004.5,14.4,3.58,156,82,290,,True,-2.9
689,33.3922,-117.590655,2007.8,14.4,3.5,157,82,287,,True,-1.6
690,33.392173,-117.590669,2011.2,14.4,3.52,157,82,286,,True,1.8
691,33.392156,-117.590685,2013.3,14.4,3.14,156,82,287,,True,2.0
692,33.392138,-117.590699,2015.8,14.6,2.94,157,82,286,,True,0.0
693,33.39212,-117.59071,2017.9,14.6,2.68,157,82,284,,True,0.0
694,33.392094,-117.590726,2020.2,14.6,2.48,156,82,283,,True,-1.9
695,33.392074,-117.590743,2023.0,14.4,2.36,157,82,282,,True,-1.7
696,33.392049,-117.590754,2026.4,14.4,2.62,157,82,281,,True,-1.5
697,33.392019,-117.590779,2029.8,14.4,2.8,156,82,280,,True,1.4
698,33.391998,-117.5908,2033.3,14.4,3.08,157,83,278,,True,3.1
699,33.391962,-117.590815,2037.0,14.6,3.36,157,84,276,,True,4.9
700,33.391955,-117.59084,2039.3,14.8,3.26,157,84,277,,True,7.5
701,33.391943,-117.590868,2042.0,15.0,3.12,156,84,277,,True,13.6
702,33.391935,-117.590885,2044.0,15.2,2.84,157,85,277,,True,15.7
703,33.391938,-117.590894,2045.3,15.6,2.4,157,86,281,,True,19.6
704,33.391925,-117.59092,2047.3,16.0,2.06,157,86,283,,True,21.6
705,33.391915,-117.590937,2049.5,16.4,2.04,157,86,290,,True,19.4
706,33.391908,-117.590959,2052.2,17.0,2.04,158,85,296,,True,19.2
707,33.391889,-117.59099,2055.1,17.6,2.22,158,82,294,,True,18.9
708,33.391879,-117.591008,2057.7,18.0,2.48,158,81,314,,True,15.0
709,33.391867,-117.591024,2060.1,18.4,2.56,158,81,332,,True,11.4
710,33.391837,-117.591034,2062.9,18.6,2.68,159,81,342,,True,7.5
711,33.391821,-117.591052,2065.6,18.8,2.68,159,81,352,,True,3.7
712,33.391806,-117.591075,2068.3,18.8,2.64,159,81,361,,True,1.8
713,33.391792,-117.591104,2070.9,18.8,2.64,160,81,365,,True,0.0
714,33.391779,-117.59113,2074.2,18.8,2.82,160,81,363,,True,-1.6
715,33.391757,-117.591162,2077.7,18.8,2.96,161,81,364,,True,-1.5
716,33.391734,-117.59118,2080.7,18.6,3.02,161,81,380,,True,-1.5
717,33.391714,-117.591198,2083.9,18.6,3.12,161,81,389,,True,-1.6
718,33.391683,-117.591218,2087.3,18.6,3.28,162,81,386,,True,0.0
719,33.391661,-117.591232,2090.1,18.6,3.18,163,80,380,,True,-1.5
720,33.391636,-117.591249,2093.7,18.6,3.2,164,80,364,,True,-1.6
721,33.391603,-117.591274,2097.5,18.4,3.36,164,80,356,,True,-3.1
722,33.391589,-117.59129,2100.2,18.4,3.26,165,81,348,,True,-4.7
723,33.391567,-117.591307,2103.2,18.2,3.18,165,81,338,,True,-5.2
724,33.39154,-117.591332,2106.6,18.0,3.3,166,81,326,,True,-6.8
725,33.391526,-117.591348,2109.1,17.8,3.08,166,81,315,,True,-6.7
726,33.391502,-117.591366,2112.0,17.6,2.9,167,81,302,,True,-5.2
727,33.391478,-117.591389,2115.1,17.4,2.98,167,81,291,,True,-4.8
728,33.391465,-117.591415,2118.1,17.4,2.98,167,81,278,,True,-4.6
729,33.391439,-117.59144,2121.7,17.2,3.02,167,81,269,,True,-4.6
730,33.391414,-117.591462,2125.1,17.0,3.2,167,81,270,,True,-5.8
731,33.391397,-117.591486,2128.2,16.8,3.24,167,80,277,,True,-6.0
732,33.391369,-117.591512,2131.9,16.6,3.36,167,80,275,,True,-6.0
733,33.391347,-117.591532,2135.0,16.4,3.38,167,80,275,,True,-5.8
734,33.391325,-117.591552,2138.4,16.2,3.34,167,80,278,,True,-6.0
735,33.391297,-117.59158,2141.9,16.0,3.36,167,81,275,,True,-5.7
736,33.391273,-117.591598,2145.3,15.8,3.42,167,81,272,,True,-5.6
737,33.391246,-117.591621,2149.1,15.6,3.44,167,81,267,,True,-4.2
738,33.391217,-117.591645,2152.7,15.4,3.54,167,81,261,,True,-4.3
739,33.3912,-117.591667,2156.2,15.4,3.56,167,81,260,,True,-4.5
740,33.391177,-117.591688,2159.1,15.2,3.44,167,81,257,,True,-4.8
741,33.391153,-117.591711,2162.4,15.0,3.42,167,81,252,,True,-7.9
742,33.391136,-117.591732,2165.2,14.8,3.22,167,81,245,,True,-7.6
743,33.391106,-117.591757,2168.9,14.4,3.24,166,81,239,,True,-7.8
744,33.391084,-117.591776,2172.2,14.2,3.2,166,81,235,,True,-9.0
745,33.391065,-117.591797,2175.3,14.0,3.24,166,81,234,,True,-8.0
746,33.391038,-117.591822,2178.5,13.6,3.22,166,81,232,,True,-7.9
747,33.391022,-117.591839,2181.4,13.4,3.24,166,81,229,,True,-7.8
748,33.390997,-117.591864,2184.8,13.2,3.18,166,82,225,,True,-7.8
749,33.390973,-117.591891,2188.2,13.0,3.2,166,81,222,,True,-7.5
750,33.39096,-117.591915,2191.3,12.6,3.2,166,81,223,,True,-7.5
751,33.390934,-117.591944,2194.7,12.4,3.24,166,81,222,,True,-7.5
752,33.390914,-117.591968,2198.2,12.2,3.36,166,82,223,,True,-4.3
753,33.390895,-117.59199,2201.6,12.0,3.36,165,82,223,,True,-4.3
754,33.390866,-117.592023,2205.3,12.0,3.42,165,82,225,,True,-4.1
755,33.39085,-117.592049,2208.7,11.8,3.48,165,82,225,,True,-4.1
756,33.390823,-117.592084,2212.8,11.6,3.62,166,82,226,,True,-5.6
757,33.390799,-117.592109,2216.3,11.4,3.62,165,82,227,,True,-4.1
758,33.390783,-117.592131,2219.5,11.2,3.58,165,82,232,,True,-2.9
759,33.390753,-117.592162,2223.4,11.2,3.62,165,83,236,,True,-2.9
760,33.390738,-117.592186,2226.6,11.2,3.58,165,83,238,,True,-1.5
761,33.39071,-117.592215,2230.1,11.0,3.46,166,83,243,,True,-1.5
762,33.390693,-117.592235,2233.1,11.0,3.36,165,83,245,,True,-2.9
763,33.390666,-117.592259,2237.0,11.0,3.5,166,83,246,,True,-1.4
764,33.390639,-117.592284,2240.5,10.8,3.42,166,84,248,,True,-1.4
765,33.390618,-117.592304,2243.9,10.8,3.46,166,84,251,,True,-1.4
766,33.390591,-117.592331,2247.4,10.8,3.46,165,84,256,,True,-1.4
767,33.39057,-117.592355,2250.9,10.8,3.56,165,84,260,,True,-1.4
768,33.390547,-117.592379,2254.3,10.6,3.46,165,85,261,,True,-2.9
769,33.390523,-117.592407,2257.7,10.6,3.44,165,84,263,,True,-2.9
770,33.390506,-117.592431,2261.1,10.4,3.44,165,84,267,,True,-3.0
771,33.390476,-117.592463,2264.6,10.4,3.44,165,84,269,,True,-3.0
772,33.390458,-117.592478,2267.7,10.2,3.36,165,84,271,,True,-3.0
773,33.390433,-117.592497,2270.9,10.2,3.32,165,84,273,,True,-4.5
774,33.390402,-117.592522,2274.6,10.0,3.38,165,84,272,,True,-2.8
775,33.39038,-117.592545,2278.0,9.8,3.38,164,84,271,,True,-2.9
776,33.390353,-117.592577,2281.8,9.8,3.44,164,83,274,,True,-2.8
777,33.390336,-117.592593,2284.7,9.8,3.4,164,83,277,,True,-1.4
778,33.390307,-117.592623,2288.7,9.6,3.56,164,83,277,,True,-1.4
779,33.390277,-117.592642,2292.5,9.6,3.58,164,83,278,,True,-1.3
780,33.390253,-117.59266,2296.3,9.6,3.66,164,85,279,,True,0.0
781,33.390218,-117.592681,2300.0,9.6,3.64,164,85,279,,True,0.0
782,33.390198,-117.592697,2303.3,9.6,3.72,165,85,282,,True,0.0
783,33.390171,-117.592719,2306.5,9.6,3.56,164,85,285,,True,0.0
784,33.390151,-117.592737,2309.6,9.6,3.42,165,85,286,,True,0.0
785,33.390129,-117.592754,2312.7,9.6,3.28,165,84,290,,True,0.0
786,33.390098,-117.592777,2316.0,9.6,3.2,165,84,292,,True,0.0
787,33.390083,-117.5928,2319.0,9.6,3.14,165,84,293,,True,0.0
788,33.39006,-117.592829,2322.6,9.6,3.22,165,85,292,,True,-1.5
789,33.390037,-117.592853,2325.8,9.6,3.24,165,85,291,,True,-1.5
790,33.39002,-117.592875,2329.1,9.4,3.28,165,85,291,,True,-1.6
791,33.389991,-117.592901,2332.5,9.4,3.3,165,84,293,,True,-1.6
792,33.389975,-117.592917,2335.5,9.4,3.3,165,84,295,,True,0.0
793,33.389952,-117.592932,2338.6,9.4,3.2,165,83,297,,True,0.0
794,33.389927,-117.592947,2341.4,9.4,3.12,165,83,297,,True,0.0
795,33.389905,-117.592959,2344.1,9.4,3.0,165,83,295,,True,-1.8
796,33.389884,-117.592981,2346.9,9.4,2.88,165,82,296,,True,-1.9
797,33.389864,-117.592994,2349.7,9.2,2.84,166,82,296,,True,-1.8
798,33.389848,-117.593004,2351.9,9.2,2.66,165,82,296,,True,0.0
799,33.389817,-117.593023,2355.1,9.2,2.74,165,82,296,,True,1.8
800,33.389798,-117.593038,2357.9,9.4,2.76,166,82,295,,True,1.6
801,33.389773,-117.593055,2361.1,9.4,2.84,165,82,295,,True,1.7
802,33.389746,-117.593073,2364.2,9.4,2.9,165,82,291,,True,-1.6
803,33.389728,-117.593094,2367.1,9.4,3.04,166,82,289,,True,-1.6
804,33.389702,-117.593117,2370.5,9.2,3.08,165,83,284,,True,-1.6
805,33.389683,-117.593135,2373.5,9.2,3.12,165,83,285,,True,-3.2
806,33.389663,-117.593156,2376.6,9.2,3.1,166,83,283,,True,-1.7
807,33.389634,-117.593174,2379.7,9.0,3.1,165,83,282,,True,-1.6
808,33.389616,-117.593192,2382.6,9.0,3.1,165,84,278,,True,-1.6
809,33.389587,-117.59322,2386.1,9.0,3.12,165,84,276,,True,0.0
810,33.389566,-117.593239,2389.4,9.0,3.18,165,84,278,,True,0.0
811,33.38954,-117.593258,2393.0,9.0,3.28,164,84,284,,True,0.0
812,33.389512,-117.593277,2396.4,9.0,3.34,164,84,287,,True,0.0
813,33.389498,-117.593297,2399.2,9.0,3.32,164,84,294,,True,-1.6
814,33.389469,-117.593317,2402.5,9.0,3.28,164,84,294,,True,-1.6
815,33.389444,-117.593332,2405.5,8.8,3.22,164,84,282,,True,-1.6
816,33.38942,-117.593348,2409.1,8.8,3.22,164,82,280,,True,-1.6
817,33.389395,-117.593365,2412.0,8.8,3.12,164,82,282,,True,0.0
818,33.389374,-117.593384,2415.0,8.8,3.16,165,82,282,,True,-1.6
819,33.389352,-117.593399,2418.1,8.8,3.12,164,82,280,,True,-1.6
820,33.389322,-117.59342,2421.5,8.6,3.2,164,83,276,,True,-1.6
821,33.389304,-117.593433,2424.2,8.6,3.02,164,82,275,,True,-1.6
822,33.389278,-117.593451,2427.3,8.6,3.06,164,82,277,,True,0.0
823,33.389254,-117.59347,2430.4,8.6,3.08,164,82,275,,True,1.6
824,33.389233,-117.593486,2433.6,8.6,3.1,164,82,276,,True,1.6
825,33.389205,-117.59351,2436.9,8.8,3.08,164,83,276,,True,0.0
826,33.389184,-117.593523,2440.0,8.8,3.16,164,83,277,,True,0.0
827,33.389156,-117.593542,2443.3,8.6,3.2,163,83,278,,True,-1.7
828,33.389133,-117.59356,2446.3,8.6,3.18,164,83,279,,True,-1.6
829,33.389115,-117.593576,2449.0,8.6,3.08,164,83,278,,True,0.0
830,33.389087,-117.593596,2452.2,8.6,3.06,163,83,278,,True,0.0
831,33.389067,-117.593613,2455.3,8.6,3.06,163,83,275,,True,0.0
832,33.389036,-117.593636,2458.8,8.6,3.1,163,84,274,,True,0.0
833,33.389019,-117.593654,2461.8,8.6,3.1,164,84,274,,True,0.0
834,33.388992,-117.593669,2464.9,8.6,3.18,163,85,274,,True,0.0
835,33.388966,-117.593695,2468.3,8.6,3.22,163,85,274,,True,0.0
836,33.388947,-117.593713,2471.6,8.6,3.26,164,85,275,,True,0.0
837,33.388913,-117.59374,2475.6,8.6,3.36,163,85,276,,True,0.0
838,33.388893,-117.593758,2478.9,8.6,3.42,163,84,278,,True,0.0
839,33.388864,-117.59378,2482.3,8.6,3.48,164,84,284,,True,0.0
840,33.388837,-117.593799,2485.8,8.6,3.5,163,84,286,,True,0.0
841,33.38882,-117.593816,2488.9,8.6,3.46,163,85,287,,True,-1.6
842,33.388794,-117.593844,2492.0,8.6,3.28,164,85,287,,True,-1.6
843,33.388778,-117.593865,2495.0,8.4,3.22,163,85,287,,True,-3.2
844,33.388757,-117.593892,2498.2,8.4,3.18,163,85,285,,True,-3.1
845,33.388734,-117.593918,2501.5,8.2,3.14,164,84,284,,True,-3.0
846,33.388717,-117.593939,2504.8,8.2,3.18,163,83,283,,True,-3.0
847,33.388691,-117.59397,2508.4,8.0,3.28,163,83,284,,True,0.0
848,33.388672,-117.593988,2511.5,8.0,3.3,164,83,284,,True,0.0
849,33.388651,-117.594006,2514.8,8.2,3.32,163,83,285,,True,1.6
850,33.388632,-117.594037,2517.7,8.2,3.24,163,83,284,,True,1.6
851,33.388617,-117.59406,2520.9,8.2,3.22,164,83,284,,True,0.0
852,33.388596,-117.594088,2524.2,8.2,3.16,163,83,285,,True,0.0
853,33.388579,-117.594111,2527.3,8.2,3.16,163,83,285,,True,1.7
854,33.388565,-117.594126,2529.7,8.2,2.98,164,83,286,,True,1.8
855,33.388549,-117.594166,2532.7,8.4,3.0,163,83,287,,True,1.9
856,33.388537,-117.59418,2535.2,8.4,2.86,163,83,287,,True,1.8
857,33.388516,-117.594201,2537.6,8.4,2.68,163,83,286,,True,0.0
858,33.388503,-117.594231,2540.7,8.4,2.68,164,83,285,,True,0.0
859,33.38849,-117.594252,2543.5,8.4,2.76,163,83,283,,True,0.0
860,33.388469,-117.594282,2546.6,8.4,2.78,163,82,284,,True,0.0
861,33.388454,-117.594302,2549.3,8.4,2.82,163,82,282,,True,-1.6
862,33.388433,-117.594324,2552.7,8.4,3.02,163,82,280,,True,-1.6
863,33.388412,-117.594355,2555.9,8.2,3.04,163,82,278,,True,-1.5
864,33.388399,-117.594376,2558.9,8.2,3.08,163,83,277,,True,-1.6
865,33.388376,-117.594405,2562.3,8.2,3.14,163,83,277,,True,0.0
866,33.388357,-117.594427,2565.2,8.2,3.18,163,83,277,,True,0.0
867,33.388342,-117.594449,2568.4,8.2,3.14,162,83,277,,True,0.0
868,33.388321,-117.594479,2571.4,8.2,3.1,162,83,277,,True,0.0
869,33.388309,-117.5945,2574.1,8.2,3.04,162,82,275,,True,0.0
870,33.388292,-117.594521,2577.0,8.2,2.94,163,82,275,,True,-1.8
871,33.388273,-117.594546,2579.6,8.2,2.88,162,82,274,,True,-1.8
872,33.38826,-117.594565,2582.3,8.0,2.78,162,82,273,,True,-1.7
873,33.388239,-117.594597,2585.5,8.0,2.82,162,83,271,,True,0.0
874,33.388224,-117.594621,2588.6,8.0,2.9,162,82,270,,True,1.7
875,33.388212,-117.594639,2591.0,8.2,2.8,162,82,273,,True,3.7
876,33.388191,-117.594668,2593.9,8.2,2.86,162,82,275,,True,3.8
877,33.388186,-117.594688,2596.4,8.4,2.82,162,82,274,,True,0.0
878,33.388172,-117.594713,2599.1,8.4,2.72,162,81,273,,True,0.0
879,33.388152,-117.594737,2601.9,8.2,2.66,161,81,272,,True,-3.6
880,33.388142,-117.594758,2604.6,8.2,2.72,161,81,271,,True,-3.6
881,33.388121,-117.594785,2607.6,8.0,2.74,161,82,270,,True,-1.8
882,33.388105,-117.594802,2610.2,8.0,2.76,161,82,274,,True,-1.7
883,33.388086,-117.594823,2613.3,8.0,2.84,161,82,274,,True,0.0
884,33.388062,-117.594849,2616.3,8.0,2.88,161,82,273,,True,0.0
885,33.388051,-117.594867,2619.0,8.0,2.88,161,82,272,,True,1.7
886,33.388027,-117.594894,2622.2,8.0,2.92,161,83,270,,True,0.0
887,33.38801,-117.594916,2624.9,8.2,2.94,161,83,269,,True,0.0
888,33.387995,-117.594938,2627.8,8.0,2.9,161,83,269,,True,0.0
889,33.387972,-117.594965,2631.0,8.0,2.94,161,83,268,,True,0.0
890,33.38796,-117.594982,2633.4,8.0,2.88,160,83,268,,True,1.7
891,33.387937,-117.595005,2636.6,8.2,2.88,161,82,269,,True,3.4
892,33.387914,-117.595024,2639.7,8.2,2.96,161,82,269,,True,3.1
893,33.3879,-117.595045,2642.7,8.4,2.98,160,82,270,,True,1.7
894,33.387872,-117.595073,2646.2,8.4,3.04,160,83,269,,True,3.3
895,33.387856,-117.595088,2648.6,8.4,3.04,160,83,269,,True,1.6
896,33.387833,-117.595101,2651.9,8.6,3.06,160,83,270,,True,1.8
897,33.3878,-117.595115,2655.0,8.6,3.06,160,83,273,,True,1.7
898,33.387782,-117.595127,2657.6,8.6,2.98,161,83,273,,True,0.0
899,33.387757,-117.595142,2660.7,8.6,2.9,160,82,272,,True,1.8
900,33.387736,-117.595163,2663.6,8.6,3.0,160,82,272,,True,1.8
901,33.387727,-117.595186,2666.0,8.8,2.82,160,82,274,,True,1.9
902,33.387723,-117.595223,2668.9,8.8,2.78,160,82,274,,True,4.8
903,33.387725,-117.595243,2671.0,8.8,2.68,161,82,274,,True,4.0
904,33.387729,-117.595266,2673.1,9.0,2.48,160,82,275,,True,8.5
905,33.387736,-117.595304,2676.0,9.2,2.48,161,83,275,,True,7.5
906,33.387734,-117.595326,2678.1,9.4,2.42,161,83,275,,True,9.3
907,33.387724,-117.595321,2678.3,9.6,1.88,161,83,274,,False,5.4
908,33.387714,-117.595304,2679.6,9.6,1.72,161,83,240,,True,1.9
909,33.387703,-117.59528,2681.7,9.8,1.72,161,83,158,,True,-1.8
910,33.38768,-117.595262,2684.2,9.6,1.64,161,79,161,,True,-6.2
911,33.387659,-117.595262,2686.3,9.4,1.64,160,79,232,,True,-9.3
912,33.387634,-117.595282,2689.2,9.2,2.18,160,79,238,,True,-8.8
913,33.387618,-117.595313,2692.4,8.8,2.56,160,79,262,,True,-7.9
914,33.387607,-117.595339,2695.5,8.6,2.76,160,79,270,,True,-7.8
915,33.387595,-117.595383,2699.0,8.4,2.96,161,80,282,,True,-4.6
916,33.387597,-117.595419,2702.1,8.2,3.16,161,80,277,,True,-3.3
917,33.387607,-117.595442,2705.4,8.2,3.24,161,81,282,,True,0.0
918,33.387625,-117.595456,2707.5,8.2,3.02,161,82,278,,True,1.9
919,33.387648,-117.595477,2710.1,8.4,2.92,161,82,269,,True,6.4
920,33.387665,-117.595486,2712.5,8.4,2.7,161,82,252,,True,7.7
921,33.387685,-117.595509,2715.3,8.6,2.64,161,81,251,,True,10.3
922,33.387701,-117.595529,2717.9,9.0,2.5,160,79,251,,True,13.8
923,33.38771,-117.595536,2719.6,9.2,2.42,161,79,253,,True,16.4
924,33.38772,-117.595558,2721.8,9.6,2.34,160,79,255,,True,14.0
925,33.387726,-117.595586,2724.1,10.0,2.32,160,80,253,,True,12.6
926,33.387736,-117.595602,2726.3,10.4,2.2,160,81,253,,True,11.4
927,33.387755,-117.595634,2729.3,10.6,2.28,160,80,255,,True,11.9
928,33.387764,-117.595661,2732.3,10.8,2.54,160,80,261,,True,10.0
929,33.387773,-117.595676,2734.2,11.2,2.48,160,79,277,,True,19.8
930,33.387778,-117.595702,2736.3,11.4,2.44,160,80,292,,True,19.0
931,33.387784,-117.595719,2738.2,11.8,2.38,160,81,306,,True,17.8
1076,33.387826,-117.595882,2738.4,12.4,0.014,113,0,0,,False,12.3
1077,33.387812,-117.595868,2739.8,12.6,0.011,113,0,0,,True,7.5
1078,33.387804,-117.595833,2742.4,12.6,0.029,113,0,0,,True,0.0
1079,33.387791,-117.595806,2745.6,12.6,0.05,113,0,0,,True,-2.9
1080,33.387771,-117.595773,2749.6,12.4,0.077,113,0,0,,True,-4.0
1081,33.387749,-117.595732,2753.7,12.2,0.077,113,0,0,,True,-6.7
1082,33.387739,-117.595702,2757.3,12.0,3.5,113,79,0,,True,-9.5
1083,33.387727,-117.595666,2760.6,11.6,3.64,114,80,355,,True,-11.2
1084,33.387713,-117.595626,2764.4,11.0,3.76,115,80,339,,True,-12.6
1085,33.3877,-117.595592,2768.0,10.6,3.68,116,80,335,,True,-13.0
1086,33.387689,-117.595551,2771.6,10.2,3.58,118,80,303,,True,-12.2
1087,33.387674,-117.595535,2774.4,9.8,3.42,121,81,299,,True,-13.2
1088,33.387651,-117.595514,2777.5,9.4,3.38,123,81,290,,True,-14.0
1089,33.387634,-117.595498,2780.1,9.0,3.14,126,81,256,,True,-13.7
1090,33.387607,-117.595478,2783.0,8.6,3.0,128,86,237,,True,-13.4
1091,33.387585,-117.595458,2786.1,8.2,2.9,129,86,215,,True,-12.8
1092,33.387568,-117.595429,2789.4,7.8,3.0,130,86,209,,True,-9.4
1093,33.387569,-117.59539,2792.6,7.4,3.02,130,86,211,,True,-7.4
1094,33.387568,-117.595357,2795.7,7.4,3.12,130,86,217,,True,-4.4
1095,33.38758,-117.595311,2799.7,7.2,3.34,131,86,221,,True,0.0
1096,33.387596,-117.595283,2803.1,7.2,3.4,132,86,220,,True,1.3
1097,33.38763,-117.595245,2808.1,7.4,3.74,132,86,227,,True,3.9
1098,33.387647,-117.595223,2811.3,7.6,3.74,133,86,230,,True,4.9
1099,33.387672,-117.595195,2815.2,7.8,3.9,134,86,240,,True,4.1
1100,33.387707,-117.595169,2819.4,8.0,3.94,135,87,248,,True,3.8
1101,33.387728,-117.59515,2822.9,8.0,3.96,135,87,256,,True,2.6
1102,33.387765,-117.59512,2827.2,8.2,3.82,136,87,273,,True,1.3
1103,33.387783,-117.595096,2830.8,8.2,3.9,137,86,279,,True,0.0
1104,33.387808,-117.595072,2834.3,8.2,3.82,138,86,291,,True,-1.4
1105,33.387838,-117.595048,2838.0,8.0,3.72,139,86,293,,True,-1.4
1106,33.387858,-117.595024,2841.7,8.0,3.76,140,86,291,,True,-2.9
1107,33.387885,-117.594993,2845.3,8.0,3.62,141,85,295,,True,-1.4
1108,33.387902,-117.594973,2848.3,7.8,3.5,142,85,300,,True,-2.9
1109,33.387932,-117.594942,2852.2,7.8,3.58,143,85,302,,True,-2.9
1110,33.387949,-117.594917,2855.5,7.6,3.5,144,84,298,,True,-1.4
1111,33.387972,-117.594891,2858.9,7.6,3.44,145,84,295,,True,-1.5
1112,33.387996,-117.594864,2862.5,7.6,3.44,145,84,298,,True,0.0
1113,33.388011,-117.59484,2865.7,7.6,3.48,145,84,299,,True,0.0
1114,33.388037,-117.594804,2869.3,7.6,3.42,145,84,298,,True,0.0
1115,33.388051,-117.594779,2872.8,7.6,3.46,146,84,301,,True,0.0
1116,33.388077,-117.594752,2876.5,7.6,3.52,146,84,302,,True,0.0
1117,33.388098,-117.594724,2879.9,7.6,3.48,147,84,304,,True,0.0
1118,33.388113,-117.594696,2883.3,7.6,3.52,148,84,306,,True,0.0
1119,33.388136,-117.594651,2887.5,7.6,3.64,148,84,306,,True,-1.4
1120,33.388149,-117.594625,2890.9,7.6,3.62,149,84,308,,True,-1.5
1121,33.388168,-117.594595,2894.4,7.4,3.58,149,84,321,,True,-1.7
1122,33.388182,-117.594574,2896.9,7.4,3.4,150,84,322,,True,-1.7
1123,33.388199,-117.594555,2899.6,7.4,3.26,151,84,321,,True,0.0
1124,33.388224,-117.594527,2902.7,7.4,3.04,152,84,302,,True,0.0
1125,33.388238,-117.594505,2905.9,7.4,3.0,153,84,292,,True,1.5
1126,33.388266,-117.594473,2909.5,7.4,3.02,153,86,292,,True,1.4
1127,33.388284,-117.594445,2913.1,7.6,3.24,153,86,291,,True,1.3
1128,33.388309,-117.594415,2917.1,7.6,3.5,153,87,295,,True,1.3
1129,33.388336,-117.594383,2921.3,7.6,3.72,154,87,303,,True,0.0
1130,33.388352,-117.594356,2924.7,7.6,3.76,154,85,319,,True,0.0
1131,33.388379,-117.594325,2928.4,7.6,3.78,155,85,327,,True,0.0
1132,33.388395,-117.594299,2931.7,7.6,3.72,155,84,326,,True,1.5
1133,33.388417,-117.594272,2934.9,7.6,3.56,156,84,328,,True,1.6
1134,33.388435,-117.594246,2938.3,7.8,3.4,157,84,325,,True,1.5
1135,33.38845,-117.594222,2941.3,7.8,3.32,157,84,320,,True,1.6
1136,33.388475,-117.594191,2944.8,7.8,3.28,158,84,319,,True,0.0
1137,33.38849,-117.594172,2947.8,7.8,3.22,159,84,317,,True,0.0
1138,33.388517,-117.59414,2951.2,7.8,3.26,159,86,316,,True,0.0
1139,33.388531,-117.594114,2954.5,7.8,3.24,160,86,316,,True,0.0
1140,33.388554,-117.594084,2957.9,7.8,3.32,160,86,315,,True,0.0
1141,33.388575,-117.594057,2961.4,7.8,3.32,161,86,315,,True,0.0
1142,33.388594,-117.594032,2964.6,7.8,3.36,161,85,315,,True,0.0
1143,33.388616,-117.594003,2968.2,7.8,3.4,162,85,317,,True,0.0
1144,33.388635,-117.593983,2971.4,7.8,3.38,162,86,316,,True,0.0
1145,33.388657,-117.593952,2974.7,7.8,3.36,163,86,315,,True,0.0
1146,33.388672,-117.593928,2977.9,7.8,3.3,164,85,314,,True,0.0
1147,33.388694,-117.593902,2981.1,7.8,3.3,164,85,315,,True,0.0
1148,33.388725,-117.593882,2984.8,7.8,3.32,165,85,314,,True,0.0
1149,33.388742,-117.593864,2987.7,7.8,3.26,166,85,315,,True,0.0
1150,33.388778,-117.593839,2991.5,7.8,3.36,166,85,315,,True,0.0
1151,33.3888,-117.593821,2995.0,7.8,3.42,167,85,315,,True,-1.4
1152,33.388829,-117.593798,2998.9,7.8,3.56,167,85,314,,True,0.0
1153,33.388852,-117.593772,3002.4,7.6,3.52,168,85,314,,True,0.0
1154,33.388876,-117.593742,3006.5,7.8,3.76,169,85,313,,True,0.0
1155,33.388902,-117.593722,3009.8,7.8,3.66,169,85,315,,True,1.5
1156,33.388923,-117.593704,3012.8,7.8,3.56,169,85,317,,True,0.0
1157,33.388949,-117.593681,3016.1,7.8,3.44,170,86,315,,True,0.0
1158,33.388967,-117.593655,3019.3,7.8,3.38,170,86,312,,True,-1.6
1159,33.388987,-117.593631,3022.5,7.8,3.2,170,86,308,,True,-1.7
1160,33.38901,-117.593614,3025.6,7.6,3.16,171,86,307,,True,-3.4
1161,33.389029,-117.593594,3027.9,7.6,3.02,171,86,307,,True,-3.7
1162,33.389049,-117.593575,3030.9,7.4,2.96,171,85,308,,True,0.0
1163,33.389066,-117.593557,3033.4,7.4,2.82,171,85,306,,True,1.9
1164,33.389088,-117.593545,3036.0,7.6,2.7,172,85,306,,True,5.7
1165,33.389104,-117.593527,3038.6,7.8,2.6,172,85,307,,True,7.1
1166,33.389125,-117.593508,3041.4,8.0,2.7,172,85,301,,True,5.2
1167,33.389151,-117.593485,3044.7,8.2,2.76,171,86,284,,True,3.3
1168,33.389169,-117.593467,3047.5,8.2,2.82,172,86,283,,True,1.6
1169,33.389199,-117.593443,3050.8,8.2,2.96,172,86,284,,True,0.0
1170,33.389216,-117.593423,3053.9,8.2,3.06,171,83,305,,True,0.0
1171,33.389237,-117.593403,3056.8,8.2,3.08,171,83,298,,True,0.0
1172,33.389265,-117.593377,3060.6,8.2,3.18,171,83,298,,True,0.0
1173,33.389287,-117.593357,3064.0,8.2,3.3,171,83,298,,True,0.0
1174,33.389314,-117.593334,3067.4,8.2,3.32,171,83,314,,True,0.0
1175,33.389337,-117.593318,3070.9,8.2,3.4,172,83,319,,True,0.0
1176,33.389357,-117.593299,3073.8,8.2,3.4,172,83,318,,True,0.0
1177,33.389387,-117.593282,3077.1,8.2,3.3,172,83,317,,True,1.7
1178,33.389404,-117.593269,3079.9,8.2,3.18,172,83,304,,True,1.6
1179,33.38943,-117.593248,3082.9,8.4,3.1,172,83,304,,True,1.7
1180,33.389455,-117.593237,3086.1,8.4,3.04,172,83,301,,True,1.7
1181,33.389473,-117.593224,3088.6,8.4,2.96,171,83,300,,True,0.0
1182,33.389505,-117.593201,3092.0,8.4,2.98,172,83,301,,True,1.7
1183,33.389525,-117.593186,3095.2,8.4,3.06,172,83,301,,True,1.6
1184,33.389548,-117.593169,3098.2,8.6,3.06,172,83,301,,True,1.7
1185,33.389572,-117.593155,3101.1,8.6,3.0,172,83,301,,True,3.5
1186,33.389589,-117.59314,3103.8,8.6,3.04,172,83,302,,True,1.8
1187,33.389615,-117.593119,3106.6,8.8,2.92,171,83,301,,True,1.7
1188,33.389632,-117.593105,3109.2,8.8,2.8,172,83,301,,True,1.6
1189,33.38966,-117.593089,3112.6,8.8,2.88,172,83,300,,True,1.6
1190,33.389688,-117.593072,3116.1,8.8,3.0,172,83,300,,True,1.6
1191,33.389704,-117.593055,3118.8,9.0,3.0,171,84,298,,True,1.6
1192,33.389729,-117.593028,3122.1,9.0,3.1,172,84,301,,True,1.7
1193,33.389746,-117.593011,3125.0,9.0,3.16,172,84,303,,True,0.0
1194,33.389765,-117.592994,3127.6,9.0,3.0,172,83,301,,True,0.0
1195,33.389792,-117.592972,3130.9,9.0,2.96,171,82,301,,True,0.0
1196,33.389809,-117.592953,3133.7,9.0,2.98,171,82,303,,True,0.0
1197,33.389841,-117.592934,3137.2,9.0,3.02,171,82,302,,True,-1.6
1198,33.389863,-117.592922,3140.2,9.0,3.04,171,83,299,,True,-1.6
1199,33.389889,-117.592908,3143.4,8.8,3.16,170,83,299,,True,-1.7
1200,33.389913,-117.592884,3146.6,8.8,3.14,170,83,302,,True,-1.6
1201,33.389927,-117.592864,3149.3,8.8,3.12,170,83,303,,True,1.7
1202,33.389953,-117.592843,3152.6,8.8,3.08,170,83,299,,True,1.7
1203,33.389975,-117.592829,3155.3,9.0,3.02,170,83,298,,True,1.6
1204,33.389995,-117.592813,3158.3,9.0,2.98,169,83,297,,True,1.7
1205,33.390027,-117.59279,3161.8,9.0,3.04,169,83,296,,True,0.0
1206,33.390042,-117.592774,3164.6,9.0,3.06,169,83,294,,True,-1.6
1207,33.390071,-117.592753,3168.1,9.0,3.1,169,83,290,,True,-1.6
1208,33.390095,-117.592738,3171.2,8.8,3.18,168,83,289,,True,-1.5
1209,33.390116,-117.592719,3174.4,8.8,3.22,168,83,288,,True,-1.6
1210,33.390144,-117.592696,3177.6,8.8,3.16,168,83,288,,True,0.0
1211,33.390158,-117.592678,3180.3,8.8,3.14,168,84,287,,True,0.0
1212,33.390187,-117.592658,3183.6,8.8,3.1,168,84,285,,True,0.0
1213,33.390209,-117.592645,3186.5,8.8,3.06,167,84,283,,True,0.0
1214,33.390238,-117.592625,3190.2,8.8,3.16,167,84,283,,True,0.0
1215,33.390268,-117.592603,3193.8,8.8,3.24,167,84,282,,True,0.0
1216,33.390294,-117.592581,3197.8,8.8,3.5,167,84,283,,True,1.4
1217,33.390324,-117.592561,3201.4,8.8,3.56,166,84,286,,True,1.4
1218,33.390342,-117.59254,3204.3,9.0,3.56,166,85,288,,True,1.5
1219,33.390373,-117.592513,3208.1,9.0,3.58,166,86,288,,True,1.4
1220,33.390394,-117.592492,3211.4,9.0,3.52,166,87,289,,True,1.4
1221,33.390421,-117.592466,3215.3,9.0,3.5,166,87,289,,True,1.5
1222,33.390441,-117.592441,3218.5,9.2,3.42,165,87,289,,True,2.9
1223,33.390462,-117.592422,3221.7,9.2,3.48,165,87,292,,True,4.6
1224,33.39049,-117.592398,3225.1,9.4,3.4,166,87,296,,True,4.5
1225,33.390509,-117.592375,3228.4,9.6,3.4,166,87,297,,True,4.7
1226,33.390536,-117.592349,3231.9,9.8,3.32,166,86,298,,True,4.8
1227,33.390547,-117.59233,3234.6,9.8,3.22,166,85,301,,True,3.4
1228,33.390569,-117.592308,3237.6,10.0,3.18,167,85,303,,True,1.8
1229,33.390589,-117.592292,3240.3,10.0,3.04,168,85,305,,True,3.5
1230,33.390603,-117.592273,3242.9,10.0,2.9,168,85,306,,True,1.9
1231,33.390627,-117.592246,3246.1,10.2,2.84,168,85,307,,True,1.9
1232,33.390637,-117.592231,3248.2,10.2,2.72,168,85,307,,True,1.8
1233,33.390657,-117.592207,3251.0,10.2,2.68,168,85,307,,True,0.0
1234,33.390679,-117.592187,3254.0,10.2,2.74,168,85,306,,True,0.0
1235,33.390696,-117.592162,3257.0,10.2,2.82,168,84,306,,True,0.0
1236,33.390715,-117.592132,3260.4,10.2,2.86,169,84,306,,True,0.0
1237,33.390731,-117.592113,3263.3,10.2,3.02,169,84,307,,True,0.0
1238,33.390752,-117.592089,3266.3,10.2,3.06,169,84,307,,True,1.7
1239,33.390775,-117.592068,3269.3,10.2,3.06,169,83,310,,True,1.6
1240,33.390792,-117.592045,3272.4,10.4,3.08,168,83,316,,True,1.7
1241,33.390813,-117.592017,3275.6,10.4,3.04,169,83,318,,True,1.7
1242,33.390825,-117.591994,3278.3,10.4,3.0,169,83,318,,True,0.0
1243,33.390845,-117.591971,3281.2,10.4,2.98,168,83,317,,True,1.8
1244,33.390867,-117.591949,3284.4,10.4,3.02,168,84,320,,True,1.7
1245,33.390875,-117.591926,3287.0,10.6,2.92,168,84,321,,True,3.4
1246,33.390896,-117.591902,3290.0,10.6,2.88,169,84,322,,True,3.6
1247,33.39092,-117.591886,3292.8,10.8,2.9,169,84,322,,True,3.6
1248,33.390935,-117.591868,3295.6,10.8,2.88,169,83,322,,True,3.9
1249,33.390956,-117.591846,3298.2,11.0,2.76,169,83,324,,True,3.9
1250,33.390967,-117.591832,3300.3,11.0,2.66,169,82,323,,True,6.8
1251,33.390985,-117.591814,3303.0,11.2,2.6,169,82,323,,True,4.9
1252,33.391006,-117.591803,3305.4,11.4,2.52,169,82,323,,True,5.9
1253,33.391017,-117.591788,3307.4,11.6,2.36,169,82,326,,True,6.0
1254,33.391042,-117.591764,3310.4,11.6,2.44,170,82,327,,True,6.7
1255,33.391055,-117.591748,3313.0,11.8,2.54,170,82,320,,True,6.6
1256,33.391067,-117.591734,3314.9,12.0,2.38,170,82,323,,True,8.3
1257,33.391089,-117.591713,3317.3,12.2,2.38,170,82,311,,True,9.8
1258,33.391102,-117.5917,3319.6,12.4,2.44,170,82,302,,True,9.7
1259,33.391124,-117.591682,3322.5,12.6,2.42,170,82,300,,True,7.8
1260,33.391143,-117.591663,3325.2,13.0,2.44,169,82,309,,True,7.2
1261,33.391155,-117.591645,3327.6,13.0,2.54,170,82,326,,True,7.5
1262,33.391177,-117.591618,3330.7,13.2,2.68,170,82,333,,True,3.8
1263,33.391195,-117.591603,3333.2,13.4,2.72,170,82,337,,True,5.5
1264,33.39121,-117.591586,3335.7,13.4,2.64,170,82,332,,True,6.4
1265,33.391232,-117.591563,3338.6,13.6,2.68,170,82,330,,True,6.0
1266,33.391238,-117.591547,3340.6,13.8,2.6,170,82,330,,True,7.9
1267,33.391253,-117.591526,3343.2,14.0,2.5,170,83,329,,True,6.3
1268,33.391279,-117.591519,3345.8,14.2,2.52,170,82,326,,True,5.6
1269,33.391293,-117.591502,3348.2,14.4,2.5,170,82,325,,True,3.8
1270,33.391315,-117.59148,3351.3,14.4,2.54,170,82,321,,True,1.6
1271,33.391332,-117.591469,3353.6,14.4,2.6,170,82,318,,True,0.0
1272,33.391344,-117.591455,3355.5,14.4,2.46,170,82,317,,True,3.5
1273,33.391367,-117.591434,3358.3,14.4,2.5,170,82,316,,True,6.8
1274,33.391378,-117.591418,3360.7,14.6,2.5,170,82,316,,True,8.3
1275,33.391391,-117.5914,3362.8,14.8,2.3,170,82,316,,True,10.3
1276,33.391412,-117.591381,3365.4,15.2,2.36,171,82,318,,True,8.5
1277,33.391419,-117.591364,3367.6,15.4,2.42,170,82,317,,True,6.9
1278,33.39144,-117.591347,3370.0,15.6,2.34,170,82,315,,True,3.4
1279,33.391458,-117.591331,3372.5,15.6,2.36,170,82,306,,True,3.5
1280,33.391469,-117.591319,3374.4,15.6,2.32,170,82,303,,True,1.8
1281,33.39149,-117.591301,3377.0,15.6,2.32,170,82,300,,True,5.5
1282,33.3915,-117.591289,3378.9,15.8,2.26,170,82,295,,True,7.0
1283,33.391517,-117.591274,3380.9,15.8,2.18,169,82,292,,True,6.6
1284,33.391539,-117.591257,3383.5,16.2,2.2,169,82,292,,True,5.9
1285,33.391549,-117.591239,3385.9,16.4,2.3,169,82,291,,True,7.6
1286,33.391576,-117.591215,3389.1,16.4,2.42,169,82,289,,True,4.8
1287,33.391592,-117.591209,3391.4,16.6,2.5,170,83,288,,True,3.9
1288,33.391607,-117.591197,3393.4,16.8,2.5,169,83,291,,True,5.0
1289,33.391631,-117.591177,3396.1,16.8,2.52,169,83,291,,True,3.3
1290,33.391641,-117.591162,3398.4,16.8,2.5,169,83,286,,True,2.0
1291,33.391666,-117.591145,3401.1,17.0,2.4,170,83,282,,True,3.3
1292,33.391682,-117.591132,3403.5,17.0,2.42,169,83,283,,True,3.3
1293,33.391695,-117.591117,3405.7,17.0,2.46,169,83,282,,True,3.2
1294,33.391718,-117.591098,3408.1,17.2,2.4,169,83,278,,True,4.0
1295,33.39173,-117.591084,3410.5,17.2,2.42,169,83,274,,True,3.7
1296,33.391753,-117.591069,3413.6,17.4,2.5,169,82,273,,True,1.8
1297,33.391775,-117.591052,3416.4,17.4,2.58,169,82,273,,True,3.4
1298,33.391791,-117.591032,3419.1,17.4,2.68,169,82,273,,True,0.0
1299,33.391815,-117.591003,3422.2,17.6,2.82,169,82,272,,True,0.0
1300,33.391825,-117.59098,3424.9,17.4,2.88,169,83,268,,True,0.0
1301,33.39184,-117.590962,3427.5,17.4,2.78,169,83,264,,True,-3.6
1302,33.391862,-117.590929,3430.8,17.4,2.88,169,84,260,,True,-1.9
1303,33.391874,-117.590912,3433.4,17.2,2.86,169,84,255,,True,-8.5
1304,33.391882,-117.590902,3435.2,17.2,2.6,169,83,248,,True,-14.0
1305,33.391903,-117.590882,3437.2,16.8,2.46,169,83,238,,True,-16.7
1306,33.391911,-117.590864,3439.3,16.4,2.36,169,82,223,,True,-19.6
1307,33.391926,-117.590838,3442.2,15.8,2.28,168,81,216,,True,-17.1
1308,33.391942,-117.590811,3445.4,15.2,2.4,168,81,213,,True,-16.6
1309,33.391967,-117.590778,3450.1,14.6,2.98,168,81,208,,True,-14.2
1310,33.391998,-117.590748,3453.8,14.0,3.32,167,81,202,,True,-11.2
1311,33.392024,-117.590729,3457.7,13.6,3.68,167,83,195,,True,-8.9
1312,33.392051,-117.590702,3461.5,13.4,3.86,167,84,192,,True,-6.2
1313,33.392073,-117.590682,3463.6,13.4,3.64,166,84,191,,True,-3.4
1314,33.392101,-117.590684,3466.7,13.2,3.32,166,84,190,,True,-1.8
1315,33.392126,-117.590673,3469.3,13.2,3.1,166,84,192,,True,-1.6
1316,33.392153,-117.590657,3472.6,13.2,2.98,165,84,190,,True,0.0
1317,33.392177,-117.590641,3475.8,13.2,2.86,165,84,189,,True,0.0
1318,33.392197,-117.590624,3478.6,13.2,3.0,165,84,194,,True,-1.6
1319,33.392219,-117.590609,3479.7,13.2,2.6,165,83,195,,True,-1.4
1320,33.39223,-117.5906,3482.5,13.2,2.64,164,83,195,,True,-1.8
1321,33.392247,-117.590591,3485.4,13.0,2.56,164,83,183,,True,-1.5
1322,33.392287,-117.59057,3489.6,13.0,2.76,164,83,185,,True,-1.3
1323,33.392315,-117.59056,3492.7,13.0,2.82,164,83,190,,True,0.0
1324,33.392353,-117.590554,3497.4,13.0,3.54,164,83,209,,True,0.0
1325,33.392385,-117.590539,3500.8,13.0,3.66,165,83,219,,True,0.0
1326,33.392412,-117.590527,3504.5,13.0,3.82,166,84,223,,True,1.4
1327,33.39245,-117.590516,3508.3,13.0,3.74,166,84,240,,True,2.7
1328,33.392473,-117.590506,3511.9,13.2,3.84,166,85,254,,True,4.2
1329,33.392509,-117.59049,3515.5,13.4,3.62,167,85,274,,True,4.3
1330,33.392532,-117.590479,3518.8,13.6,3.6,167,85,282,,True,2.9
1331,33.392569,-117.590469,3522.4,13.6,3.58,167,87,278,,True,2.8
1332,33.392596,-117.590453,3525.9,13.6,3.52,167,87,274,,True,1.4
1333,33.392628,-117.590442,3529.6,13.8,3.54,168,87,272,,True,1.4
1334,33.392664,-117.590442,3533.3,13.8,3.56,168,87,275,,True,0.0
1335,33.39269,-117.590435,3536.8,13.8,3.6,168,85,288,,True,-1.4
1336,33.392726,-117.590438,3540.4,13.6,3.6,168,85,296,,True,-2.9
1337,33.392754,-117.590444,3543.8,13.6,3.58,169,85,300,,True,-2.9
1338,33.392779,-117.590457,3547.1,13.4,3.5,169,84,300,,True,-1.5
1339,33.392808,-117.590481,3550.6,13.4,3.46,169,83,293,,True,-2.8
1340,33.39283,-117.590499,3554.1,13.4,3.46,169,83,292,,True,-1.4
1341,33.392861,-117.590528,3557.9,13.2,3.5,170,83,293,,True,-1.5
1342,33.392882,-117.590543,3561.0,13.2,3.44,170,84,294,,True,-1.5
1343,33.392903,-117.590567,3564.2,13.2,3.42,170,85,296,,True,0.0
1344,33.392924,-117.59059,3567.1,13.2,3.3,170,85,294,,True,1.7
1345,33.392937,-117.590611,3570.0,13.2,3.18,170,85,290,,True,1.8
1346,33.392956,-117.590638,3572.9,13.4,3.0,170,85,284,,True,1.7
1347,33.392974,-117.590652,3575.5,13.4,2.9,170,85,279,,True,0.0
1348,33.392997,-117.590674,3578.7,13.4,2.9,170,84,277,,True,-1.7
1349,33.39302,-117.590696,3581.8,13.2,2.94,170,84,275,,True,-3.3
1350,33.39304,-117.590704,3584.5,13.2,2.9,170,84,274,,True,-3.4
1351,33.393074,-117.590721,3587.6,13.0,2.94,170,84,274,,True,-1.7
1352,33.393092,-117.590729,3590.4,13.0,2.98,170,82,273,,True,-1.8
1353,33.393114,-117.590736,3593.3,13.0,2.92,170,82,271,,True,-2.0
1354,33.393139,-117.590742,3595.5,13.0,2.74,170,82,270,,True,-3.2
1355,33.393155,-117.590746,3597.7,12.8,2.64,170,83,268,,True,-4.8
1356,33.393178,-117.590753,3600.1,12.8,2.5,170,83,257,,True,-5.9
1357,33.393205,-117.590763,3602.9,12.6,2.5,170,83,248,,True,-3.4
1358,33.39323,-117.59077,3605.7,12.4,2.48,170,82,249,,True,-3.2
1359,33.393264,-117.590782,3609.4,12.4,2.78,170,82,250,,True,0.0
1360,33.393289,-117.590786,3612.6,12.4,2.98,170,82,251,,True,1.6
1361,33.393312,-117.590786,3615.3,12.6,3.04,169,82,260,,True,1.9
1362,33.393338,-117.590789,3617.9,12.6,3.0,169,83,262,,True,2.0
1363,33.393358,-117.590787,3620.1,12.6,2.88,169,83,261,,True,2.0
1364,33.393382,-117.590782,3622.7,12.6,2.66,169,83,258,,True,2.0
1365,33.393405,-117.590779,3625.4,12.8,2.56,170,83,253,,True,3.7
1366,33.393428,-117.590775,3628.0,12.8,2.54,169,83,252,,True,5.3
1367,33.393461,-117.590781,3631.0,13.0,2.62,169,83,253,,True,3.3
1368,33.393482,-117.59078,3634.0,13.2,2.78,169,82,254,,True,3.1
1369,33.393514,-117.590782,3637.4,13.2,2.94,169,82,254,,True,1.6
1370,33.393548,-117.590781,3640.9,13.2,3.1,169,82,256,,True,-1.5
1371,33.39357,-117.590781,3643.9,13.2,3.18,169,82,259,,True,-1.6
1372,33.393604,-117.590784,3647.5,13.0,3.3,169,82,264,,True,-1.6
1373,33.393624,-117.590777,3650.2,13.0,3.24,169,82,264,,True,-1.7
1374,33.393648,-117.590774,3653.1,13.0,3.14,170,82,266,,True,0.0
1375,33.393676,-117.590774,3655.7,13.0,2.96,170,82,265,,True,0.0
1376,33.393697,-117.590775,3658.2,13.0,2.86,170,82,264,,True,-1.9
1377,33.393725,-117.590777,3661.1,13.0,2.72,170,82,263,,True,0.0
1378,33.393746,-117.590782,3663.5,12.8,2.66,170,83,260,,True,0.0
1379,33.393768,-117.590783,3666.0,13.0,2.58,170,83,260,,True,1.9
1380,33.393801,-117.590785,3669.1,13.0,2.68,169,83,260,,True,5.3
1381,33.39382,-117.590779,3671.9,13.2,2.74,170,83,261,,True,3.6
1382,33.393842,-117.590787,3674.8,13.4,2.74,170,83,262,,True,5.6
1383,33.393867,-117.590798,3677.2,13.4,2.74,169,83,264,,True,3.7
1384,33.393889,-117.590802,3679.9,13.6,2.78,170,83,266,,True,3.9
1385,33.393917,-117.59081,3682.7,13.6,2.72,170,83,268,,True,3.8
1386,33.393935,-117.590818,3685.1,13.8,2.64,169,82,271,,True,3.7
1387,33.393955,-117.590826,3687.7,13.8,2.58,170,82,273,,True,6.6
1388,33.393985,-117.590837,3690.7,14.0,2.7,170,82,275,,True,6.6
1389,33.393997,-117.590831,3692.4,14.2,2.5,169,82,278,,True,8.5
1390,33.394019,-117.590836,3694.9,14.4,2.44,170,82,280,,True,9.0
1391,33.394044,-117.590835,3697.3,14.6,2.44,170,81,281,,True,8.7
1392,33.394057,-117.590827,3699.4,14.8,2.34,169,81,284,,True,11.4
1393,33.394079,-117.590825,3701.8,15.0,2.22,170,81,294,,True,11.5
1394,33.394099,-117.590825,3703.9,15.2,2.3,170,81,303,,True,10.9
1395,33.394113,-117.59082,3705.4,15.6,2.1,170,81,312,,True,11.1
1396,33.394134,-117.590822,3707.7,15.8,2.08,170,81,314,,True,10.8
1397,33.394161,-117.590831,3710.4,16.0,2.2,170,81,310,,True,9.7
1398,33.394177,-117.590825,3712.6,16.2,2.16,171,81,318,,True,9.9
1399,33.394199,-117.590831,3715.0,16.4,2.22,171,80,323,,True,9.8
1400,33.394226,-117.590843,3717.8,16.8,2.48,171,79,330,,True,9.8
1401,33.394247,-117.590843,3720.6,17.0,2.58,171,79,338,,True,11.7
1402,33.394266,-117.590849,3722.8,17.2,2.48,171,79,362,,True,10.9
1403,33.39429,-117.590863,3725.3,17.6,2.54,172,79,368,,True,12.4
1404,33.394305,-117.590864,3727.1,17.8,2.42,172,79,358,,True,13.9
1405,33.394318,-117.590868,3728.8,18.0,2.2,172,79,351,,True,16.4
1406,33.394332,-117.590872,3730.3,18.2,1.94,171,79,345,,True,17.3
1407,33.394349,-117.590877,3732.1,18.6,1.86,172,79,335,,True,17.3
1408,33.394361,-117.590876,3733.8,19.0,1.7,172,79,327,,True,17.3
1409,33.394379,-117.590884,3735.7,19.4,1.72,172,79,322,,True,17.1
1410,33.394396,-117.590888,3737.5,19.6,1.74,171,71,319,,True,13.1
1411,33.394411,-117.590894,3739.2,19.8,1.78,172,71,308,,True,12.6
1412,33.394424,-117.590892,3740.8,20.0,1.74,172,72,304,,True,11.2
1413,33.394442,-117.590897,3742.8,20.0,1.8,172,72,300,,True,13.6
1414,33.394464,-117.590902,3744.9,20.4,1.84,171,72,300,,True,15.7
1415,33.394475,-117.590899,3746.4,20.6,1.78,171,77,308,,True,16.5
1416,33.394485,-117.590897,3747.8,21.0,1.72,170,77,309,,True,20.4
1417,33.394499,-117.590899,3748.9,21.4,1.62,169,77,300,,True,19.0
1418,33.394516,-117.590909,3750.7,21.6,1.58,170,77,291,,True,18.0
1419,33.394525,-117.590906,3751.7,21.8,1.36,170,77,287,,True,18.6
1420,33.394534,-117.590904,3752.6,22.0,1.24,170,76,280,,True,17.9
1421,33.39454,-117.590906,3753.3,22.0,1.1,170,76,276,,True,15.0
1422,33.394546,-117.590909,3754.1,22.2,1.04,170,76,251,,True,15.4
1423,33.394551,-117.590913,3754.9,22.2,0.84,170,68,238,,True,14.7
1424,33.394563,-117.590918,3756.1,22.4,0.88,170,68,204,,True,14.0
1425,33.394576,-117.59092,3757.6,22.6,1.0,171,68,200,,True,13.6
1426,33.394593,-117.590926,3759.8,22.8,1.3,171,63,202,,True,13.2
1427,33.394606,-117.590933,3761.1,23.2,1.4,171,63,216,,True,14.8
1428,33.394618,-117.590935,3762.6,23.4,1.54,171,56,224,,True,15.2
1429,33.39463,-117.590934,3763.6,23.4,1.5,170,56,205,,True,18.5
1430,33.394641,-117.590935,3764.7,23.6,1.42,170,56,201,,True,19.6
1431,33.39465,-117.590936,3765.7,23.8,1.18,170,56,186,,True,17.5
1432,33.394658,-117.590935,3766.6,24.0,1.1,170,55,182,,True,17.6
1433,33.394664,-117.590933,3767.4,24.2,0.96,170,55,180,,True,19.4
1434,33.394672,-117.590933,3768.4,24.6,0.96,170,54,176,,True,19.2
1435,33.394687,-117.590936,3770.0,24.8,1.06,169,55,175,,True,21.2
1436,33.3947,-117.590936,3771.4,25.0,1.14,170,55,177,,True,20.6
1437,33.39471,-117.59094,3772.8,25.2,1.24,170,55,180,,True,21.2
1438,33.394721,-117.590943,3773.9,25.4,1.3,170,53,181,,True,19.4
1439,33.39473,-117.590945,3775.1,25.6,1.34,170,53,184,,True,20.4
1440,33.394739,-117.590949,3776.1,26.0,1.22,171,54,185,,True,21.8
1441,33.394752,-117.590951,3777.3,26.2,1.18,170,54,186,,True,20.2
1442,33.394759,-117.590957,3778.7,26.6,1.18,170,54,186,,True,17.5
1443,33.394767,-117.590964,3779.7,27.0,1.16,170,53,186,,True,15.0
1444,33.394776,-117.590968,3780.8,27.0,1.14,170,51,184,,True,12.4
1445,33.394782,-117.590974,3781.5,27.2,1.08,170,51,179,,True,11.9
1446,33.394793,-117.590981,3782.7,27.2,1.08,170,51,177,,True,9.5
1447,33.394805,-117.590989,3784.2,27.2,1.1,169,56,184,,True,7.1
1448,33.394818,-117.590998,3785.8,27.2,1.22,169,56,186,,True,8.5
1449,33.39483,-117.591008,3787.4,27.4,1.32,169,56,187,,True,9.5
1450,33.394844,-117.591013,3789.2,27.6,1.54,169,56,188,,True,12.6
1451,33.394858,-117.59102,3790.9,27.8,1.64,170,0,55,,True,15.8
1452,33.394876,-117.591029,3793.2,28.2,1.8,170,71,55,,True,15.7
1453,33.394893,-117.59104,3795.3,28.6,1.9,170,71,57,,True,15.9
1454,33.394909,-117.591043,3797.2,29.0,1.96,170,75,206,,True,18.0
1455,33.39492,-117.591051,3798.9,29.2,1.94,170,75,219,,True,18.0
1456,33.394934,-117.591061,3800.5,29.4,1.92,169,75,234,,True,16.7
1457,33.394949,-117.591073,3802.0,29.8,1.76,169,75,250,,True,15.0
1458,33.394956,-117.591072,3803.2,30.0,1.58,169,75,260,,True,16.4
1459,33.39497,-117.591075,3804.6,30.2,1.48,170,75,264,,True,15.9
1460,33.394981,-117.591085,3806.1,30.4,1.44,170,75,254,,True,13.4
1461,33.395,-117.591099,3807.9,30.6,1.48,170,75,254,,True,13.1
1462,33.395012,-117.591111,3809.9,31.0,1.58,170,74,257,,True,10.1
1463,33.395024,-117.591118,3811.8,31.2,1.72,169,73,264,,True,12.1
1464,33.39504,-117.591136,3813.9,31.4,1.86,170,73,279,,True,10.7
1465,33.395055,-117.591155,3816.5,31.4,2.08,171,73,291,,True,8.9
1466,33.395063,-117.591161,3817.8,31.8,1.98,171,74,305,,True,9.1
1467,33.395073,-117.591167,3819.1,31.8,1.84,171,76,308,,True,11.0
1468,33.39509,-117.591183,3821.1,32.0,1.86,171,76,305,,True,15.1
1469,33.395103,-117.591195,3822.8,32.2,1.78,171,76,303,,True,13.0
1470,33.395109,-117.591195,3823.8,32.4,1.46,172,76,298,,True,15.0
1471,33.395118,-117.5912,3824.8,32.6,1.4,171,76,299,,True,13.2
1472,33.39514,-117.591216,3827.1,33.0,1.6,172,76,289,,True,12.8
1473,33.395149,-117.591227,3828.6,33.2,1.5,172,76,290,,True,12.0
1474,33.39516,-117.591226,3829.8,33.4,1.4,172,76,290,,True,11.2
1475,33.395174,-117.591233,3831.7,33.4,1.58,172,76,289,,True,8.8
1476,33.395195,-117.59124,3833.7,33.6,1.78,173,76,288,,True,8.5
1477,33.395208,-117.591242,3835.5,33.8,1.68,173,76,287,,True,7.6
1478,33.39522,-117.591238,3836.8,33.8,1.64,172,76,293,,True,10.0
1479,33.395232,-117.591237,3838.4,34.0,1.72,172,74,291,,True,11.5
1480,33.395249,-117.591245,3840.3,34.2,1.72,172,74,280,,True,10.1
1481,33.395261,-117.591253,3841.7,34.4,1.6,172,74,279,,True,9.7
1482,33.395273,-117.591258,3843.4,34.6,1.58,172,74,278,,True,10.4
1483,33.395281,-117.591259,3844.1,34.8,1.46,172,75,277,,True,9.6
1484,33.395292,-117.591269,3845.4,34.8,1.4,171,75,275,,True,9.0
1485,33.395318,-117.591286,3847.9,35.0,1.52,171,75,267,,True,8.5
1486,33.39533,-117.591287,3849.9,35.2,1.64,171,75,265,,True,10.3
1487,33.395353,-117.591305,3852.8,35.4,1.88,170,75,267,,True,10.3
1488,33.39537,-117.591326,3855.2,35.6,2.22,169,79,267,,True,10.0
1489,33.395385,-117.591332,3857.1,36.0,2.34,168,79,270,,True,12.5
1490,33.395403,-117.591353,3859.6,36.2,2.34,167,79,295,,True,11.1
1491,33.395409,-117.591374,3861.9,36.4,2.4,166,80,312,,True,9.3
1492,33.395421,-117.591391,3864.0,36.8,2.24,165,81,313,,True,7.9
1493,33.395431,-117.591408,3866.0,36.8,2.16,165,81,313,,True,6.1
1494,33.395442,-117.591427,3867.8,37.0,2.14,164,81,299,,True,6.8
1495,33.395454,-117.591442,3869.7,37.0,2.02,165,80,285,,True,5.3
1496,33.395471,-117.591459,3871.8,37.0,1.98,165,79,279,,True,6.7
1497,33.395485,-117.591469,3873.7,37.2,1.94,165,79,280,,True,7.8
1498,33.395501,-117.59147,3875.4,37.4,1.88,165,79,280,,True,9.4
1499,33.395526,-117.591475,3877.9,37.6,2.02,165,80,278,,True,7.1
1500,33.395543,-117.59148,3880.0,37.8,2.06,167,81,281,,True,7.0
1501,33.395563,-117.591486,3882.4,38.0,2.12,167,81,287,,True,6.8
1502,33.395588,-117.591495,3885.0,38.0,2.26,168,81,286,,True,6.6
1503,33.395602,-117.591496,3886.9,38.2,2.3,168,81,294,,True,5.0
1504,33.395623,-117.591503,3889.6,38.4,2.34,168,81,293,,True,5.1
1505,33.39565,-117.591514,3892.2,38.6,2.44,168,81,300,,True,3.4
1506,33.395665,-117.591513,3894.4,38.6,2.4,168,81,300,,True,3.6
1507,33.395685,-117.591518,3896.8,38.6,2.36,169,80,303,,True,1.8
1508,33.395707,-117.591526,3898.8,38.6,2.38,169,80,300,,True,1.8
1509,33.395722,-117.591523,3900.8,38.8,2.24,170,81,299,,True,3.7
1510,33.395748,-117.591527,3903.2,38.8,2.2,170,81,296,,True,3.5
1511,33.395766,-117.591528,3905.4,38.8,2.2,170,81,292,,True,1.7
1512,33.395784,-117.59153,3907.6,39.0,2.16,171,81,289,,True,1.6
1513,33.395812,-117.591537,3910.3,39.0,2.3,172,81,286,,True,2.0
1514,33.395832,-117.591541,3912.7,39.0,2.38,172,81,280,,True,0.0
1515,33.395853,-117.591548,3915.5,39.0,2.46,172,81,285,,True,-1.6
1516,33.39588,-117.591557,3918.1,39.0,2.54,172,81,278,,True,-2.0
1517,33.395896,-117.591554,3920.2,38.8,2.52,172,81,279,,True,1.7
1518,33.395919,-117.591567,3922.8,38.8,2.5,172,82,275,,True,1.7
1519,33.395936,-117.591582,3925.1,39.0,2.48,172,81,269,,True,3.4
1520,33.395954,-117.591586,3927.3,39.2,2.36,172,81,266,,True,5.2
1521,33.395979,-117.591592,3929.8,39.2,2.34,171,81,260,,True,3.3
1522,33.395998,-117.591595,3931.9,39.2,2.34,171,81,256,,True,3.4
1523,33.396017,-117.591592,3934.4,39.4,2.32,171,81,253,,True,5.2
1524,33.396045,-117.591584,3937.2,39.4,2.42,171,81,253,,True,6.7
1525,33.396061,-117.591584,3938.9,39.6,2.32,171,81,252,,True,5.3
1526,33.39608,-117.59158,3941.3,39.8,2.3,171,81,250,,True,5.6
1527,33.396106,-117.591567,3943.9,40.0,2.4,171,81,251,,True,5.3
1528,33.396118,-117.59156,3945.8,40.0,2.28,170,81,250,,True,3.5
1529,33.396135,-117.59155,3947.9,40.0,2.14,170,81,246,,True,1.8
1530,33.396156,-117.591531,3950.2,40.2,2.26,170,81,245,,True,3.3
1531,33.396165,-117.591513,3952.6,40.2,2.26,169,81,244,,True,3.3
1532,33.396181,-117.591487,3955.2,40.2,2.26,169,81,242,,True,2.0
1533,33.396189,-117.591457,3957.8,40.4,2.4,169,80,243,,True,1.9
1534,33.396186,-117.591435,3960.2,40.4,2.46,169,80,242,,True,3.9
1535,33.396186,-117.591402,3962.9,40.4,2.54,169,81,242,,True,3.3
1536,33.39619,-117.591375,3965.4,40.6,2.56,168,81,243,,True,5.6
1537,33.396192,-117.591357,3967.5,40.8,2.46,169,81,246,,True,8.4
1538,33.396195,-117.591329,3969.8,40.8,2.4,168,81,251,,True,8.5
1539,33.396197,-117.591319,3971.0,41.0,2.16,168,81,256,,True,10.6
1540,33.3962,-117.591305,3972.4,41.2,1.9,168,81,257,,True,10.6
1541,33.396213,-117.59128,3974.7,41.4,1.86,168,81,261,,True,13.6
1542,33.396223,-117.591262,3976.7,41.8,1.84,167,81,266,,True,11.9
1543,33.396232,-117.591249,3978.8,42.0,1.8,167,80,272,,True,12.5
1544,33.396254,-117.591223,3981.6,42.4,2.12,167,80,277,,True,10.4
1545,33.396268,-117.591204,3984.2,42.6,2.36,167,80,283,,True,8.8
1546,33.396276,-117.591192,3985.9,42.8,2.24,167,80,287,,True,10.0
1547,33.396293,-117.59117,3988.2,43.0,2.3,168,80,290,,True,10.9
1548,33.396308,-117.591162,3990.2,43.0,2.28,167,80,293,,True,10.6
1549,33.396314,-117.591149,3991.6,43.4,2.0,167,80,297,,True,10.7
1550,33.396326,-117.591135,3993.4,43.6,1.84,167,79,298,,True,11.2
1551,33.396348,-117.591122,3995.5,43.8,1.92,167,79,301,,True,15.1
1552,33.396354,-117.591112,3997.1,44.0,1.78,167,79,304,,True,12.5
1553,33.396364,-117.591097,3998.9,44.2,1.74,168,79,306,,True,15.4
1554,33.396379,-117.591083,4000.8,44.6,1.84,167,79,307,,True,15.1
1555,33.396396,-117.591075,4002.8,44.8,1.88,167,76,313,,True,15.5
1556,33.396402,-117.59107,4003.8,45.2,1.66,168,76,318,,True,15.2
1557,33.396412,-117.591062,4005.3,45.4,1.64,168,76,317,,True,13.9
1558,33.396434,-117.591049,4007.4,45.6,1.7,168,76,296,,True,11.9
1559,33.396452,-117.591046,4009.4,45.8,1.72,168,76,292,,True,9.3
1560,33.39646,-117.591033,4010.9,46.0,1.62,168,76,290,,True,9.3
1561,33.396469,-117.591024,4012.4,46.0,1.72,168,76,286,,True,10.9
1562,33.396487,-117.59101,4014.6,46.2,1.86,169,76,279,,True,10.7
1563,33.396503,-117.591008,4016.1,46.4,1.74,169,76,285,,True,10.2
1564,33.396508,-117.590998,4017.2,46.6,1.56,169,76,280,,True,11.7
1565,33.396514,-117.590988,4018.4,46.8,1.5,169,76,278,,True,12.4
1566,33.396533,-117.590976,4020.6,47.0,1.64,168,75,264,,True,11.5
1567,33.396554,-117.590974,4022.7,47.2,1.62,168,74,263,,True,10.8
1568,33.396561,-117.590967,4023.8,47.4,1.54,169,74,273,,True,10.0
1569,33.396576,-117.590956,4025.9,47.6,1.74,169,74,270,,True,8.8
1570,33.396599,-117.590943,4028.3,47.8,1.98,169,74,275,,True,8.3
1571,33.396615,-117.590941,4030.4,48.0,1.96,169,75,279,,True,5.2
1572,33.396627,-117.590933,4031.9,48.0,1.84,169,76,291,,True,3.7
1573,33.396653,-117.590931,4034.8,48.2,2.2,168,76,293,,True,3.6
1574,33.396676,-117.59093,4037.4,48.2,2.3,168,76,292,,True,3.4
1575,33.396689,-117.590928,4039.1,48.2,2.16,168,77,305,,True,1.8
1576,33.396714,-117.590927,4041.4,48.4,2.2,168,77,300,,True,1.8
1577,33.396733,-117.590926,4043.7,48.4,2.36,168,77,295,,True,3.4
1578,33.396751,-117.590921,4045.7,48.4,2.18,169,78,292,,True,1.7
1579,33.396777,-117.59091,4048.4,48.4,2.2,168,80,284,,True,1.6
1580,33.396798,-117.59091,4050.9,48.6,2.36,168,80,283,,True,1.9
1581,33.396818,-117.590903,4053.2,48.6,2.36,168,80,283,,True,4.0
1582,33.396849,-117.590898,4056.2,48.6,2.5,169,79,285,,True,4.8
1583,33.396864,-117.590892,4058.4,48.8,2.54,169,81,282,,True,5.9
1584,33.396882,-117.590886,4060.8,49.0,2.48,169,81,278,,True,7.0
1585,33.39691,-117.590885,4063.3,49.2,2.48,168,81,274,,True,5.1
1586,33.396924,-117.590877,4065.2,49.2,2.4,169,81,270,,True,3.6
1587,33.396941,-117.590871,4067.6,49.4,2.28,168,81,267,,True,3.6
1588,33.396969,-117.590872,4070.1,49.4,2.34,168,81,264,,True,3.4
1589,33.396982,-117.590866,4072.0,49.4,2.24,168,81,262,,True,3.6
1590,33.397002,-117.590864,4074.4,49.6,2.22,169,81,259,,True,3.7
1591,33.397029,-117.590865,4077.0,49.6,2.36,168,80,257,,True,3.4
1592,33.397042,-117.590862,4078.7,49.8,2.22,168,80,254,,True,1.7
1593,33.397063,-117.590861,4081.0,49.8,2.18,168,80,249,,True,1.7
1594,33.397092,-117.590867,4083.8,49.8,2.36,169,80,248,,True,0.0
1595,33.397112,-117.590864,4086.3,49.8,2.38,169,80,248,,True,1.8
1596,33.397135,-117.59087,4089.1,49.8,2.42,170,80,247,,True,1.9
1597,33.397164,-117.590881,4092.1,50.0,2.68,170,80,247,,True,2.0
1598,33.39718,-117.590875,4094.3,50.0,2.66,170,80,249,,True,2.0
1599,33.397199,-117.590883,4096.5,50.0,2.54,170,80,247,,True,0.0
1600,33.397226,-117.590896,4099.2,50.0,2.58,171,80,244,,True,1.6
1601,33.397245,-117.590897,4101.5,50.0,2.48,170,80,239,,True,1.9
1602,33.397268,-117.590902,4104.1,50.0,2.4,170,80,237,,True,2.0
1603,33.397294,-117.590917,4107.0,50.2,2.54,170,80,235,,True,1.9
1604,33.397313,-117.590916,4109.4,50.2,2.58,169,80,236,,True,1.7
1605,33.397337,-117.590928,4112.1,50.2,2.58,169,81,236,,True,0.0
1606,33.397366,-117.590943,4115.6,50.2,2.82,169,81,239,,True,0.0
1607,33.397382,-117.590945,4117.9,50.2,2.76,169,81,242,,True,1.7
1608,33.397416,-117.590964,4121.3,50.2,2.86,169,81,243,,True,3.3
1609,33.397438,-117.59097,4124.0,50.4,2.92,169,81,240,,True,2.9
1610,33.39747,-117.590976,4127.6,50.6,3.1,169,81,243,,True,3.0
1611,33.397506,-117.590991,4131.6,50.6,3.2,169,82,241,,True,1.4
1612,33.397529,-117.590998,4134.8,50.6,3.38,169,83,238,,True,1.4
1613,33.397566,-117.591016,4138.6,50.6,3.46,169,83,246,,True,2.9
1614,33.397587,-117.591022,4141.8,50.8,3.56,169,83,273,,True,5.9
1615,33.397625,-117.591029,4145.3,51.0,3.54,169,84,307,,True,7.5
1616,33.397652,-117.591032,4148.4,51.4,3.36,168,85,313,,True,7.6
1617,33.397684,-117.591036,4152.0,51.6,3.44,169,85,323,,True,7.9
1618,33.397712,-117.591036,4155.0,51.8,3.28,169,85,328,,True,6.1
1619,33.397735,-117.591035,4157.9,52.0,3.22,170,86,319,,True,6.6
1620,33.397771,-117.591046,4161.5,52.2,3.24,170,85,325,,True,6.3
1621,33.397793,-117.591043,4164.1,52.4,3.14,170,85,330,,True,4.7
1622,33.397827,-117.591045,4167.7,52.6,3.14,171,85,329,,True,3.4
1623,33.397854,-117.591051,4170.8,52.6,3.16,171,85,338,,True,3.2
1624,33.397875,-117.591049,4173.4,52.6,3.1,171,85,336,,True,1.7
1625,33.397909,-117.591047,4176.5,52.8,3.0,172,84,338,,True,0.0
1626,33.397931,-117.591048,4179.2,52.8,3.02,172,84,330,,True,0.0
1627,33.397952,-117.591047,4181.9,52.6,2.84,172,83,323,,True,-3.5
1628,33.397984,-117.591054,4185.1,52.6,2.86,171,83,316,,True,-5.0
1629,33.398005,-117.591049,4187.9,52.4,2.9,172,82,308,,True,-4.8
1630,33.39804,-117.591043,4191.3,52.2,2.96,172,82,302,,True,-4.8
1631,33.398066,-117.59105,4194.4,52.0,3.04,171,82,298,,True,-4.7
1632,33.39809,-117.591047,4197.5,52.0,3.12,172,82,299,,True,-3.3
1633,33.398123,-117.59105,4200.7,51.8,3.12,172,82,292,,True,-1.7
1634,33.398143,-117.591048,4203.4,51.8,3.1,171,82,286,,True,-1.7
1635,33.398169,-117.591053,4206.4,51.8,3.02,172,82,277,,True,0.0
1636,33.398196,-117.59106,4209.2,51.8,2.96,172,83,265,,True,-1.7
1637,33.398219,-117.591056,4211.7,51.8,2.84,171,83,262,,True,0.0
1638,33.398253,-117.59105,4215.0,51.6,2.86,171,83,260,,True,0.0
1639,33.398277,-117.591045,4218.1,51.8,2.94,171,83,260,,True,-1.6
1640,33.3983,-117.591045,4220.9,51.8,2.9,171,82,265,,True,-1.7
1641,33.398334,-117.59105,4224.2,51.6,3.0,172,82,266,,True,-3.2
1642,33.398359,-117.591046,4227.1,51.4,3.08,171,82,267,,True,-6.2
1643,33.39839,-117.591048,4230.6,51.4,3.12,171,82,269,,True,-4.6
1644,33.398422,-117.591056,4233.9,51.0,3.16,170,82,270,,True,-4.3
1645,33.398449,-117.591054,4237.3,51.0,3.28,170,82,272,,True,-4.6
1646,33.398485,-117.59105,4241.0,50.8,3.36,170,82,275,,True,-1.6
1647,33.398506,-117.591055,4243.7,50.8,3.32,170,82,278,,True,-1.7
1648,33.398528,-117.59106,4246.3,50.8,3.14,170,82,275,,True,0.0
1649,33.398559,-117.59106,4249.3,50.8,3.08,170,82,272,,True,0.0
1650,33.398581,-117.591056,4252.0,50.8,2.94,170,82,265,,True,-1.8
1651,33.398613,-117.591049,4255.2,50.8,2.84,169,83,264,,True,0.0
1652,33.398633,-117.591047,4257.6,50.6,2.78,169,83,263,,True,0.0
1653,33.398651,-117.591047,4260.1,50.8,2.76,169,83,261,,True,0.0
1654,33.398682,-117.591044,4262.9,50.8,2.72,169,83,261,,True,3.7
1655,33.398701,-117.591036,4265.3,50.8,2.66,169,83,259,,True,1.8
1656,33.398733,-117.591032,4268.5,51.0,2.66,169,83,259,,True,1.8
1657,33.398757,-117.591023,4271.4,51.0,2.76,169,83,259,,True,3.3
1658,33.398778,-117.591019,4274.0,51.0,2.78,169,83,261,,True,3.5
1659,33.398812,-117.591015,4277.3,51.2,2.88,169,83,264,,True,3.3
1660,33.398831,-117.591008,4279.9,51.4,2.92,169,83,266,,True,5.0
1661,33.398861,-117.591003,4283.4,51.4,2.98,170,83,266,,True,5.2
1662,33.398888,-117.591005,4286.0,51.6,2.92,169,83,269,,True,3.3
1663,33.398907,-117.590996,4288.8,51.8,2.96,169,83,270,,True,3.7
1664,33.398939,-117.590989,4292.0,51.8,2.94,169,83,271,,True,2.0
1665,33.398952,-117.590978,4294.1,51.8,2.84,169,83,273,,True,1.9
1666,33.39897,-117.590974,4296.1,51.8,2.54,169,83,273,,True,1.5
1667,33.399003,-117.590973,4299.2,52.0,2.64,169,83,275,,True,1.8
1668,33.399022,-117.590965,4301.8,52.0,2.6,169,83,276,,True,3.4
1669,33.399055,-117.590962,4305.2,52.0,2.64,169,83,277,,True,1.8
1670,33.399079,-117.590962,4307.8,52.2,2.74,169,83,279,,True,1.8
1671,33.399098,-117.590955,4310.4,52.2,2.86,169,83,280,,True,4.0
1672,33.399125,-117.59095,4313.1,52.2,2.78,169,82,282,,True,4.7
1673,33.39914,-117.590946,4315.2,52.4,2.68,169,82,284,,True,5.9
1674,33.399163,-117.590941,4317.6,52.6,2.48,169,82,286,,True,4.8
1675,33.39919,-117.590938,4320.5,52.8,2.54,169,82,286,,True,3.8
1676,33.399205,-117.590932,4322.9,52.8,2.5,170,82,288,,True,1.9
1677,33.399234,-117.590922,4325.7,52.8,2.52,169,82,289,,True,0.0
1678,33.399256,-117.590917,4327.9,52.8,2.54,169,82,289,,True,0.0
1679,33.399276,-117.590913,4330.5,52.8,2.58,169,82,289,,True,0.0
1680,33.399307,-117.590905,4333.5,52.8,2.6,169,82,288,,True,0.0
1681,33.399324,-117.590898,4336.0,52.8,2.62,169,82,289,,True,0.0
1682,33.399353,-117.590896,4338.6,52.8,2.58,169,82,289,,True,0.0
1683,33.399375,-117.590889,4341.2,52.8,2.66,168,82,289,,True,1.8
1684,33.3994,-117.590883,4344.4,52.8,2.78,168,83,288,,True,1.8
1685,33.399429,-117.590874,4347.3,53.0,2.76,169,83,290,,True,1.8
1686,33.399443,-117.59086,4349.6,53.0,2.72,169,83,293,,True,3.8
1687,33.399467,-117.590858,4352.3,53.0,2.74,169,83,294,,True,2.0
1688,33.399496,-117.590854,4354.9,53.2,2.74,169,83,295,,True,1.9
1689,33.399513,-117.590843,4357.5,53.2,2.62,170,83,298,,True,3.8
1690,33.399542,-117.590831,4360.4,53.2,2.62,170,83,300,,True,3.8
1691,33.399558,-117.590824,4362.7,53.4,2.62,170,83,301,,True,3.9
1692,33.399579,-117.590815,4365.4,53.6,2.62,170,83,300,,True,3.2
1693,33.399604,-117.590809,4367.8,53.6,2.58,170,83,295,,True,2.0
1694,33.39962,-117.590798,4370.0,53.6,2.5,170,83,290,,True,0.0
1695,33.399647,-117.590794,4372.8,53.6,2.48,170,83,284,,True,-1.9
1696,33.399671,-117.590792,4375.5,53.6,2.56,170,83,281,,True,-1.8
1697,33.39969,-117.590783,4378.3,53.4,2.58,171,83,278,,True,-1.9
1698,33.399719,-117.590771,4381.1,53.4,2.66,170,83,275,,True,-2.0
1699,33.399733,-117.590767,4383.3,53.4,2.66,170,82,275,,True,0.0
1700,33.399753,-117.590762,4385.6,53.4,2.56,170,82,273,,True,3.2
1701,33.399785,-117.590758,4388.4,53.4,2.58,170,81,273,,True,3.9
1702,33.3998,-117.590752,4390.8,53.6,2.5,170,81,273,,True,5.7
1703,33.399827,-117.59075,4393.5,53.8,2.48,170,81,274,,True,8.0
1704,33.399853,-117.590746,4396.2,54.0,2.58,169,82,275,,True,5.8
1705,33.399869,-117.590733,4398.4,54.2,2.56,169,82,277,,True,5.7
1706,33.399894,-117.590727,4401.1,54.2,2.54,169,82,280,,True,3.9
1707,33.39992,-117.590727,4404.0,54.4,2.64,169,82,283,,True,3.6
1708,33.399939,-117.590721,4406.5,54.4,2.6,169,81,287,,True,3.5
1709,33.399969,-117.590708,4409.6,54.6,2.68,169,81,286,,True,1.7
1710,33.399993,-117.590697,4412.5,54.6,2.82,169,81,285,,True,1.6
1711,33.400019,-117.590688,4415.8,54.6,2.94,169,81,284,,True,1.7
1712,33.400053,-117.590677,4419.1,54.6,3.02,169,81,283,,True,1.7
1713,33.400068,-117.590663,4421.7,54.8,3.04,169,81,284,,True,1.8
1714,33.400093,-117.590648,4424.6,54.8,3.0,170,81,287,,True,1.9
1715,33.400115,-117.59064,4427.1,54.8,2.92,169,82,288,,True,1.9
1716,33.400133,-117.59063,4429.6,54.8,2.76,169,83,285,,True,1.9
1717,33.40016,-117.590611,4432.5,55.0,2.68,170,83,285,,True,1.9
1718,33.400177,-117.590607,4434.9,55.0,2.64,170,83,284,,True,1.9
1719,33.400199,-117.5906,4437.6,55.0,2.6,170,83,280,,True,0.0
1720,33.400225,-117.590587,4440.1,55.0,2.6,170,82,278,,True,0.0
1721,33.400235,-117.590574,4442.2,55.0,2.52,170,82,273,,True,1.7
1722,33.400255,-117.590561,4444.6,55.0,2.42,170,82,271,,True,3.4
1723,33.400278,-117.590548,4447.1,55.0,2.44,170,82,269,,True,3.3
1724,33.400288,-117.59053,4449.2,55.2,2.32,169,82,269,,True,5.1
1725,33.400311,-117.590517,4452.0,55.4,2.38,170,81,270,,True,5.0
1726,33.400332,-117.590506,4454.3,55.4,2.42,170,81,272,,True,3.1
1727,33.400342,-117.590495,4456.4,55.6,2.36,169,81,274,,True,2.0
1728,33.400369,-117.590481,4459.0,55.6,2.38,169,81,274,,True,0.0
1729,33.400395,-117.590474,4462.0,55.6,2.56,169,81,272,,True,-1.9
1730,33.400409,-117.590463,4464.2,55.4,2.44,169,81,269,,True,0.0
1731,33.400437,-117.590451,4467.0,55.4,2.54,169,80,267,,True,0.0
1732,33.40046,-117.590443,4469.9,55.6,2.7,169,80,268,,True,1.8
1733,33.400477,-117.590434,4472.3,55.6,2.66,169,80,268,,True,1.9
1734,33.400506,-117.590421,4475.4,55.6,2.68,168,80,268,,True,0.0
1735,33.400525,-117.590416,4477.7,55.6,2.7,168,80,265,,True,0.0
1736,33.400542,-117.59041,4479.8,55.6,2.56,168,81,259,,True,-1.6
1737,33.400571,-117.590405,4482.8,55.6,2.58,168,81,256,,True,0.0
1738,33.400589,-117.590394,4485.1,55.4,2.56,168,81,256,,True,0.0
1739,33.400612,-117.59039,4487.6,55.4,2.44,168,81,255,,True,0.0
1740,33.40064,-117.590388,4490.6,55.6,2.58,167,81,252,,True,3.9
1741,33.400655,-117.590386,4492.8,55.6,2.6,167,81,253,,True,3.8
1742,33.400682,-117.590383,4495.4,55.8,2.52,167,81,252,,True,1.6
1743,33.400707,-117.590381,4498.1,55.8,2.6,167,81,252,,True,1.9
1744,33.400722,-117.590372,4500.4,55.8,2.56,167,81,249,,True,0.0
1745,33.400756,-117.590367,4503.5,55.8,2.58,167,81,248,,True,0.0
1746,33.400775,-117.590369,4506.0,55.8,2.64,167,81,249,,True,1.9
1747,33.400791,-117.590372,4508.1,55.8,2.54,167,81,250,,True,4.0
1748,33.400823,-117.590376,4511.1,56.0,2.6,166,81,251,,True,3.7
1749,33.400843,-117.590366,4513.5,56.2,2.62,166,81,252,,True,3.6
1750,33.400869,-117.590367,4516.7,56.2,2.64,166,81,252,,True,3.9
1751,33.400894,-117.590366,4519.3,56.2,2.66,166,81,253,,True,1.9
1752,33.40091,-117.59036,4521.3,56.4,2.64,166,81,254,,True,3.4
1753,33.400935,-117.590357,4524.0,56.4,2.58,166,81,255,,True,3.5
1754,33.40096,-117.590353,4526.6,56.4,2.62,166,81,254,,True,0.0
1755,33.400971,-117.590347,4528.3,56.6,2.32,165,81,254,,True,1.7
1756,33.400998,-117.590341,4530.7,56.6,2.28,165,81,253,,True,1.7
1757,33.401016,-117.590337,4532.9,56.4,2.32,165,81,252,,True,0.0
1758,33.401035,-117.590331,4535.5,56.6,2.3,165,81,251,,True,1.7
1759,33.401063,-117.590324,4538.2,56.6,2.32,165,81,251,,True,3.3
1760,33.401074,-117.590311,4540.0,56.6,2.34,165,81,253,,True,0.0
1761,33.401096,-117.590305,4542.5,56.8,2.36,165,81,254,,True,0.0
1762,33.401122,-117.590305,4545.1,56.8,2.44,165,81,253,,True,0.0
1763,33.401138,-117.590293,4547.2,56.6,2.34,165,82,249,,True,-1.6
1764,33.401163,-117.590283,4549.8,56.6,2.32,164,82,247,,True,-1.6
1765,33.401184,-117.590275,4552.4,56.6,2.48,164,82,246,,True,0.0
1766,33.401204,-117.590266,4554.8,56.6,2.46,164,82,245,,True,0.0
1767,33.401233,-117.590259,4557.8,56.6,2.54,164,82,247,,True,1.9
1768,33.401251,-117.590248,4560.3,56.6,2.62,165,82,249,,True,1.8
1769,33.401276,-117.590238,4563.2,56.8,2.68,164,82,248,,True,1.9
1770,33.401299,-117.59022,4566.0,56.8,2.72,164,82,247,,True,1.8
1771,33.401311,-117.5902,4568.5,56.8,2.74,164,82,246,,True,0.0
1772,33.401331,-117.590168,4571.3,56.8,2.7,164,83,246,,True,-1.9
1773,33.401342,-117.59015,4573.9,56.8,2.72,164,83,243,,True,-1.8
1774,33.401355,-117.590127,4576.6,56.6,2.68,164,83,238,,True,-3.8
1775,33.401371,-117.590095,4579.6,56.6,2.72,163,82,238,,True,-3.8
1776,33.401376,-117.590074,4581.8,56.4,2.66,163,82,238,,True,-1.9
1777,33.401384,-117.590046,4584.5,56.4,2.64,163,82,237,,True,0.0
1778,33.401396,-117.590024,4587.0,56.4,2.62,163,82,235,,True,1.9
1779,33.401402,-117.590002,4589.3,56.6,2.54,163,83,234,,True,1.9
1780,33.401417,-117.589969,4592.4,56.6,2.56,163,82,232,,True,4.0
1781,33.401427,-117.589951,4594.8,56.6,2.6,163,82,233,,True,1.9
1782,33.401436,-117.589931,4597.1,56.8,2.52,163,82,233,,True,4.0
1783,33.401452,-117.589898,4600.1,56.8,2.62,163,82,234,,True,5.9
1784,33.401457,-117.589878,4602.4,57.0,2.62,162,82,236,,True,5.8
1785,33.40147,-117.589856,4605.0,57.2,2.52,162,81,238,,True,8.4
1786,33.401488,-117.589833,4607.5,57.4,2.54,162,81,240,,True,8.2
1787,33.401494,-117.589816,4609.5,57.6,2.48,162,81,242,,True,6.7
1788,33.401508,-117.589794,4612.0,57.8,2.38,162,81,243,,True,5.0
1789,33.401528,-117.589773,4614.6,58.0,2.44,162,81,246,,True,4.0
1790,33.401538,-117.589756,4616.9,58.0,2.38,162,81,249,,True,2.0
1791,33.401554,-117.589735,4619.5,58.0,2.4,162,81,251,,True,1.6
1792,33.40157,-117.589715,4622.0,58.0,2.5,162,81,252,,True,1.7
1793,33.40158,-117.5897,4624.3,58.2,2.46,162,81,255,,True,1.7
1794,33.401598,-117.589671,4626.8,58.2,2.44,162,81,256,,True,1.7
1795,33.401607,-117.589656,4628.9,58.2,2.4,162,80,259,,True,1.7
1796,33.401616,-117.589636,4631.2,58.2,2.34,162,80,261,,True,1.7
1797,33.401634,-117.589608,4633.8,58.2,2.36,163,81,262,,True,3.3
1798,33.401646,-117.589592,4636.2,58.4,2.38,163,81,268,,True,5.0
1799,33.401659,-117.589576,4638.6,58.4,2.36,163,81,272,,True,6.9
1800,33.401677,-117.58955,4641.1,58.6,2.44,163,81,276,,True,6.8
1801,33.401686,-117.589535,4643.3,58.8,2.42,164,81,278,,True,9.3
1802,33.401698,-117.589521,4645.4,59.0,2.32,164,81,280,,True,7.3
1803,33.401714,-117.589495,4647.9,59.2,2.34,164,81,284,,True,7.3
1804,33.401718,-117.589482,4649.4,59.4,2.16,164,81,288,,True,9.8
1805,33.401734,-117.589461,4652.0,59.4,2.18,165,81,290,,True,8.0
1806,33.40175,-117.589444,4654.3,59.6,2.2,165,81,292,,True,7.3
1807,33.40175,-117.589429,4655.6,60.0,2.04,165,81,296,,True,7.6
1808,33.401763,-117.589402,4657.9,60.0,2.0,166,81,296,,True,7.2
1809,33.401779,-117.589383,4660.3,60.2,2.18,166,81,298,,True,3.3
1810,33.401786,-117.589362,4662.5,60.2,2.1,166,81,298,,True,5.1
1811,33.401802,-117.589342,4665.4,60.4,2.22,167,81,297,,True,5.2
1812,33.401818,-117.589321,4667.6,60.4,2.4,167,80,298,,True,7.0
1813,33.401819,-117.589304,4669.6,60.6,2.34,167,80,298,,True,7.8
1814,33.401827,-117.58928,4671.9,60.8,2.32,168,80,299,,True,9.7
1815,33.40184,-117.589259,4673.9,61.0,2.28,168,80,300,,True,9.4
1816,33.401843,-117.589244,4675.7,61.2,2.06,168,80,300,,True,9.9
1817,33.401857,-117.589223,4677.9,61.4,2.06,169,79,299,,True,9.3
1818,33.401865,-117.589202,4680.2,61.6,2.12,169,79,300,,True,6.8
1819,33.401869,-117.589184,4682.0,61.8,2.02,169,79,302,,True,6.8
1820,33.401881,-117.589156,4684.6,62.0,2.14,169,79,302,,True,5.1
1821,33.401891,-117.58913,4687.4,62.0,2.34,170,80,299,,True,4.0
1822,33.401896,-117.58911,4689.6,62.2,2.34,170,80,296,,True,0.0
1823,33.40191,-117.589088,4692.0,62.2,2.36,170,80,292,,True,-1.5
1824,33.401921,-117.589067,4694.3,62.0,2.46,170,80,289,,True,-3.7
1825,33.40193,-117.58904,4697.1,62.0,2.5,170,80,282,,True,-5.5
1826,33.40195,-117.589005,4700.5,61.8,2.62,170,80,274,,True,-3.4
1827,33.401962,-117.588987,4703.0,61.6,2.68,170,80,264,,True,-4.9
1828,33.401976,-117.588961,4705.9,61.6,2.78,171,81,254,,True,-5.0
1829,33.401992,-117.588924,4709.4,61.4,3.02,170,81,244,,True,-4.8
1830,33.402008,-117.588899,4712.5,61.2,3.08,170,81,238,,True,-4.5
1831,33.402026,-117.588874,4715.6,61.0,3.02,170,81,228,,True,-4.8
1832,33.402049,-117.588843,4719.2,61.0,3.24,170,81,221,,True,-3.2
1833,33.402061,-117.58882,4721.9,60.8,3.2,169,81,217,,True,-3.1
1834,33.402083,-117.588797,4725.1,60.8,3.14,169,81,214,,True,-4.9
1835,33.402113,-117.588774,4728.6,60.6,3.22,169,81,220,,True,-4.7
1836,33.402127,-117.588755,4731.5,60.4,3.18,169,81,235,,True,-7.8
1837,33.402152,-117.588742,4734.7,60.2,3.1,168,81,249,,True,-7.9
1838,33.402185,-117.588729,4738.0,59.8,3.22,168,81,249,,True,-8.8
1839,33.40221,-117.588722,4741.2,59.6,3.22,168,81,249,,True,-11.1
1840,33.402246,-117.588716,4745.1,59.2,3.3,168,80,248,,True,-10.5
1841,33.402286,-117.588708,4749.1,58.6,3.52,168,80,237,,True,-10.7
1842,33.402319,-117.588701,4753.3,58.2,3.72,168,80,248,,True,-11.4
1843,33.402368,-117.588697,4758.1,57.8,4.02,168,80,255,,True,-9.8
1844,33.402406,-117.588692,4762.6,57.2,4.28,168,81,275,,True,-9.7
1845,33.402451,-117.588696,4767.4,56.8,4.46,168,83,291,,True,-9.7
1846,33.402488,-117.588697,4771.8,56.4,4.54,168,83,355,,True,-8.7
1847,33.40253,-117.588701,4776.7,56.0,4.68,169,84,275,,True,-9.1
1848,33.40257,-117.588715,4781.0,55.6,4.58,169,85,334,,True,-8.9
1849,33.402599,-117.588729,4785.0,55.2,4.48,169,84,238,,True,-9.4
1850,33.402642,-117.588756,4789.7,54.8,4.46,170,84,230,,True,-10.9
1851,33.402671,-117.588772,4793.7,54.4,4.38,170,84,229,,True,-10.9
1852,33.402691,-117.588802,4797.5,53.8,4.16,170,85,208,,True,-11.4
1853,33.402715,-117.588838,4801.5,53.4,4.1,170,85,208,,True,-10.1
1854,33.402734,-117.58887,4805.5,53.0,4.1,170,85,210,,True,-7.5
1855,33.402755,-117.588912,4809.6,52.8,3.98,170,84,214,,True,-5.1
1856,33.402774,-117.588941,4813.5,52.6,3.96,170,84,219,,True,-2.6
1857,33.402798,-117.588974,4817.3,52.6,3.96,170,84,223,,True,-1.4
1858,33.40282,-117.589006,4821.1,52.6,3.92,170,84,217,,True,1.4
1859,33.402841,-117.58902,4824.0,52.6,3.7,170,84,215,,True,0.0
1860,33.402872,-117.589042,4827.5,52.8,3.58,171,84,216,,True,0.0
1861,33.402896,-117.589062,4830.8,52.6,3.46,170,84,211,,True,-1.5
1862,33.402916,-117.589077,4833.9,52.6,3.32,171,84,212,,True,-5.9
1863,33.402947,-117.589099,4837.3,52.4,3.24,171,83,218,,True,-8.7
1864,33.402978,-117.589116,4841.0,52.0,3.4,171,82,216,,True,-11.3
1865,33.403006,-117.589126,4844.6,51.4,3.42,171,81,215,,True,-15.8
1866,33.403045,-117.589134,4848.1,51.0,3.46,171,81,219,,True,-19.3
1867,33.403072,-117.589122,4851.2,50.2,3.46,171,81,217,,True,-18.6
1868,33.403105,-117.589107,4854.5,49.4,3.44,171,81,214,,True,-18.4
1869,33.403133,-117.589078,4858.6,48.8,3.52,171,81,215,,True,-15.7
1870,33.403164,-117.58904,4863.3,48.2,3.74,171,81,206,,True,-12.7
1871,33.403192,-117.589004,4867.8,47.6,3.94,170,82,211,,True,-13.3
1872,33.403213,-117.588974,4871.8,47.2,4.12,170,85,208,,True,-14.8
1873,33.403244,-117.588932,4876.6,46.4,4.42,170,87,217,,True,-14.3
1874,33.403262,-117.588895,4880.9,45.6,4.46,170,87,212,,True,-15.1
1875,33.403294,-117.588843,4886.0,45.0,4.54,170,87,211,,True,-12.0
1876,33.403309,-117.588805,4890.4,44.4,4.52,170,87,216,,True,-11.0
1877,33.403332,-117.58876,4894.9,44.2,4.62,171,86,212,,True,-10.7
1878,33.403348,-117.588726,4899.0,43.6,4.48,170,86,217,,True,-8.4
1879,33.403361,-117.588689,4902.9,43.2,4.4,170,86,231,,True,-10.5
1880,33.403383,-117.588649,4907.0,43.0,4.2,171,86,235,,True,-8.1
1881,33.403393,-117.588621,4910.1,42.6,3.94,171,85,230,,True,-5.6
1882,33.403413,-117.588588,4913.8,42.4,3.78,171,85,230,,True,-6.1
1883,33.40343,-117.588563,4917.1,42.4,3.62,171,85,213,,True,-5.8
1884,33.403442,-117.588535,4920.1,42.2,3.44,171,83,217,,True,-6.0
1885,33.403463,-117.588492,4924.0,41.8,3.4,171,83,214,,True,-5.9
1886,33.403475,-117.588465,4927.2,41.6,3.42,172,83,216,,True,-5.7
1887,33.403491,-117.588432,4930.7,41.6,3.38,172,84,211,,True,-4.3
1888,33.403505,-117.5884,4934.2,41.4,3.42,172,84,214,,True,-4.1
1889,33.403518,-117.588365,4937.8,41.2,3.54,171,83,217,,True,-4.1
1890,33.403543,-117.588322,4942.0,41.0,3.6,172,83,218,,True,-3.7
1891,33.403554,-117.588293,4945.3,41.0,3.62,172,84,226,,True,-3.7
1892,33.403577,-117.588243,4950.4,40.8,3.94,171,84,229,,True,-2.4
1893,33.403593,-117.588207,4954.2,40.6,4.0,172,84,233,,True,-3.6
1894,33.40361,-117.588173,4958.5,40.6,4.14,172,84,235,,True,-4.0
1895,33.403631,-117.588135,4962.2,40.4,4.04,171,84,241,,True,-2.8
1896,33.403641,-117.588107,4965.3,40.2,4.0,172,85,248,,True,-3.1
1897,33.40366,-117.588073,4968.7,40.2,3.66,172,85,251,,True,-1.6
1898,33.403669,-117.588049,4971.4,40.2,3.44,171,85,244,,True,0.0
1899,33.403689,-117.58802,4974.9,40.2,3.28,171,85,245,,True,1.6
1900,33.40371,-117.587992,4978.2,40.2,3.2,171,84,246,,True,1.6
1901,33.403719,-117.58797,4980.9,40.4,3.12,171,84,252,,True,1.8
1902,33.403732,-117.587934,4983.9,40.4,3.04,172,84,259,,True,1.8
1903,33.403735,-117.587914,4986.1,40.4,2.94,171,84,244,,True,1.8
1904,33.40375,-117.587886,4989.2,40.4,2.86,171,84,241,,True,1.8
1905,33.403766,-117.587855,4992.2,40.6,2.8,172,83,256,,True,1.7
1906,33.403772,-117.58783,4994.9,40.6,2.8,171,83,260,,True,1.8
1907,33.403781,-117.587797,4997.9,40.6,2.8,171,83,265,,True,-1.8
1908,33.403791,-117.58777,5000.6,40.6,2.9,172,83,268,,True,-1.6
1909,33.403795,-117.587741,5003.6,40.4,2.88,171,83,262,,True,-3.3
1910,33.403797,-117.587698,5007.3,40.4,3.02,171,83,269,,True,-4.8
1911,33.403796,-117.587671,5009.9,40.2,3.0,172,83,271,,True,-4.6
1912,33.403802,-117.587638,5013.2,40.0,3.06,171,83,279,,True,-6.5
1913,33.40381,-117.587598,5016.6,39.8,3.2,171,83,289,,True,-6.2
1914,33.403807,-117.587569,5019.6,39.6,3.2,171,82,287,,True,-4.5
1915,33.403813,-117.587534,5022.8,39.4,3.1,171,82,286,,True,-4.6
1916,33.403822,-117.587496,5026.5,39.4,3.32,171,81,279,,True,-4.3
1917,33.40382,-117.587465,5029.7,39.2,3.3,172,81,278,,True,-4.1
1918,33.403824,-117.587416,5033.7,39.0,3.42,171,81,282,,True,-5.5
1919,33.403829,-117.587378,5037.5,38.8,3.58,171,81,280,,True,-5.3
1920,33.403839,-117.587345,5041.1,38.6,3.66,171,81,286,,True,-5.3
1921,33.403854,-117.587301,5044.9,38.4,3.68,171,81,287,,True,-5.2
1922,33.403864,-117.58727,5048.8,38.2,3.82,172,81,283,,True,-5.3
1923,33.40388,-117.587223,5053.0,38.0,3.86,171,83,284,,True,-5.3
1924,33.403889,-117.587191,5056.3,37.8,3.76,171,83,281,,True,-4.0
1925,33.403906,-117.587157,5060.1,37.6,3.8,171,83,282,,True,-4.2
1926,33.403923,-117.587118,5063.9,37.6,3.8,172,84,280,,True,-2.6
1927,33.403935,-117.587088,5067.3,37.4,3.7,172,85,278,,True,-2.8
1928,33.403953,-117.587043,5071.5,37.4,3.7,172,85,275,,True,-2.7
1929,33.403962,-117.587014,5074.6,37.2,3.66,172,85,275,,True,-2.7
1930,33.403982,-117.586983,5078.5,37.2,3.68,172,84,274,,True,-2.9
1931,33.404007,-117.58695,5082.0,37.0,3.62,172,84,286,,True,-2.8
1932,33.40402,-117.586924,5085.1,37.0,3.56,172,84,284,,True,-2.9
1933,33.40404,-117.586889,5088.9,36.8,3.48,172,84,284,,True,-2.9
1934,33.404056,-117.586859,5092.2,36.8,3.52,173,84,282,,True,-2.9
1935,33.404074,-117.586832,5095.8,36.6,3.46,172,83,279,,True,-1.5
1936,33.404096,-117.586801,5099.0,36.6,3.4,172,83,281,,True,-1.5
1937,33.40411,-117.586779,5101.9,36.6,3.36,173,83,281,,True,-1.4
1938,33.404134,-117.58675,5105.8,36.6,3.38,172,82,280,,True,-2.9
1939,33.404162,-117.58672,5109.6,36.4,3.48,172,82,278,,True,-4.2
1940,33.404174,-117.586696,5112.8,36.2,3.4,173,82,278,,True,-5.8
1941,33.404202,-117.586668,5116.2,36.0,3.44,172,82,277,,True,-4.5
1942,33.404223,-117.586646,5119.5,35.8,3.52,172,82,277,,True,-4.4
1943,33.404243,-117.586625,5122.9,35.8,3.42,172,82,277,,True,-3.1
1944,33.404272,-117.586598,5126.4,35.6,3.36,172,82,278,,True,-3.1
1945,33.404287,-117.586581,5129.2,35.6,3.28,172,82,279,,True,-4.7
1946,33.404315,-117.586565,5132.4,35.4,3.24,171,82,279,,True,-6.6
1947,33.404343,-117.586553,5135.6,35.2,3.22,171,82,278,,True,-7.6
1948,33.404363,-117.586541,5138.5,34.8,3.12,171,82,278,,True,-6.4
1949,33.4044,-117.586526,5142.3,34.6,3.18,171,82,278,,True,-6.5
1950,33.404418,-117.586511,5144.9,34.6,3.14,170,82,276,,True,-3.1
1951,33.404444,-117.586506,5148.0,34.4,3.12,170,83,273,,True,-1.6
1952,33.40448,-117.586513,5151.6,34.4,3.2,170,83,271,,True,-3.0
1953,33.404503,-117.586512,5154.6,34.4,3.22,170,83,272,,True,-1.5
1954,33.404539,-117.586516,5158.2,34.2,3.18,171,83,273,,True,-3.2
1955,33.404567,-117.58652,5161.4,34.2,3.3,170,83,273,,True,-3.2
1956,33.404588,-117.586524,5164.1,34.0,3.22,170,83,272,,True,-1.7
1957,33.404619,-117.586517,5167.1,34.0,3.1,170,83,273,,True,-3.3
1958,33.404647,-117.586512,5170.2,34.0,3.12,170,82,275,,True,-1.6
1959,33.404674,-117.586514,5173.4,33.8,3.04,170,82,274,,True,-3.2
1960,33.404707,-117.586511,5176.7,33.8,3.06,170,82,273,,True,-4.7
1961,33.40473,-117.586499,5179.6,33.6,3.1,170,82,270,,True,-6.2
1962,33.404761,-117.586483,5183.1,33.4,3.2,169,82,269,,True,-7.8
1963,33.404785,-117.586465,5186.3,33.0,3.22,169,82,267,,True,-7.4
1964,33.404806,-117.586444,5189.6,32.8,3.24,169,82,265,,True,-7.6
1965,33.404832,-117.58641,5193.2,32.6,3.3,170,82,264,,True,-5.8
1966,33.404847,-117.586388,5196.2,32.4,3.32,169,82,263,,True,-5.7
1967,33.40487,-117.586356,5200.0,32.2,3.38,169,82,261,,True,-5.8
1968,33.404889,-117.586324,5203.7,32.0,3.48,169,82,260,,True,-4.1
1969,33.404904,-117.586294,5207.0,31.8,3.48,170,82,258,,True,-4.2
1970,33.404925,-117.586258,5210.8,31.8,3.52,169,82,260,,True,-4.1
1971,33.40494,-117.586226,5214.4,31.6,3.64,169,82,260,,True,-2.6
1972,33.40496,-117.586197,5218.2,31.4,3.64,169,82,260,,True,-4.1
1973,33.404985,-117.586162,5222.1,31.4,3.68,169,82,260,,True,-4.1
1974,33.405,-117.586137,5225.4,31.2,3.68,169,82,261,,True,-4.2
1975,33.405021,-117.5861,5229.1,31.0,3.66,169,84,260,,True,-5.9
1976,33.405036,-117.586073,5232.5,30.8,3.62,169,84,259,,True,-5.8
1977,33.405054,-117.586048,5235.6,30.6,3.48,169,84,259,,True,-6.2
1978,33.405077,-117.586015,5239.2,30.4,3.42,169,84,258,,True,-4.7
1979,33.405084,-117.58599,5242.0,30.2,3.32,169,83,257,,True,-4.6
1980,33.405103,-117.585955,5245.3,30.2,3.24,169,83,259,,True,-4.7
1981,33.40512,-117.585928,5248.6,30.0,3.22,169,83,258,,True,-3.0
1982,33.405135,-117.585902,5251.9,29.8,3.26,169,83,257,,True,-4.6
1983,33.405157,-117.585868,5255.5,29.8,3.26,169,82,257,,True,-4.8
1984,33.40517,-117.585847,5258.3,29.6,3.26,168,82,259,,True,-3.2
1985,33.405187,-117.585823,5261.2,29.4,3.18,168,82,259,,True,-5.2
1986,33.405207,-117.585793,5264.4,29.4,3.16,167,82,258,,True,-6.8
1987,33.405213,-117.585768,5267.1,29.2,3.04,167,82,257,,True,-6.9
1988,33.405228,-117.585738,5270.1,28.8,2.92,168,82,256,,True,-9.0
1989,33.405237,-117.585707,5272.8,28.6,2.9,168,82,254,,True,-8.8
1990,33.405238,-117.58568,5275.5,28.4,2.86,168,82,253,,True,-7.0
1991,33.405238,-117.585644,5278.5,28.2,2.82,169,81,251,,True,-9.0
1992,33.405238,-117.585614,5281.5,28.0,2.88,169,81,250,,True,-9.3
1993,33.405244,-117.585589,5283.9,27.6,2.76,169,81,247,,True,-11.5
1994,33.40525,-117.585558,5286.3,27.4,2.7,169,81,245,,True,-13.4
1995,33.405243,-117.585532,5288.3,27.0,2.56,169,81,233,,True,-10.9
1996,33.405227,-117.585515,5290.7,26.8,2.44,169,81,221,,True,-11.4
1997,33.405198,-117.585498,5293.4,26.4,2.38,169,81,204,,True,-9.2
1998,33.405169,-117.58549,5296.8,26.2,2.58,168,80,204,,True,-9.9
1999,33.405125,-117.585487,5301.3,25.8,3.0,168,80,215,,True,-7.9
2000,33.405096,-117.585494,5304.9,25.4,3.32,167,80,238,,True,-7.6
2001,33.405063,-117.5855,5308.6,25.2,3.58,167,81,265,,True,-8.2
2002,33.405029,-117.58551,5312.5,25.0,3.82,167,85,265,,True,-6.8
2003,33.405003,-117.585518,5315.9,24.6,3.82,167,85,258,,True,-6.9
2004,33.404965,-117.585527,5319.7,24.4,3.68,167,85,245,,True,-7.1
2005,33.404937,-117.585534,5323.0,24.2,3.62,167,85,237,,True,-4.2
2006,33.404909,-117.585538,5326.5,24.0,3.58,167,84,231,,True,-4.4
2007,33.404874,-117.585548,5330.2,24.0,3.54,167,84,232,,True,-4.1
2008,33.404848,-117.585558,5333.4,23.8,3.5,167,84,231,,True,-2.6
2009,33.404809,-117.585575,5337.6,23.6,3.58,167,84,230,,True,-3.8
2010,33.404774,-117.585587,5341.7,23.6,3.74,167,83,239,,True,-3.6
2011,33.404736,-117.585596,5346.0,23.4,3.9,166,83,249,,True,-2.4
2012,33.404701,-117.585606,5350.0,23.2,3.96,166,83,257,,True,-2.4
2013,33.404668,-117.585614,5354.0,23.2,4.12,166,84,268,,True,-1.2
2014,33.404624,-117.58563,5358.5,23.2,4.18,166,84,272,,True,-1.2
2015,33.404598,-117.585643,5362.5,23.2,4.16,167,85,277,,True,0.0
2016,33.404551,-117.585655,5366.8,23.0,4.16,167,85,292,,True,-1.2
2017,33.404521,-117.585666,5370.8,23.2,4.16,167,85,310,,True,-1.2
2018,33.404488,-117.585674,5374.6,23.0,4.12,167,86,294,,True,-1.3
2019,33.404449,-117.58568,5378.7,23.0,4.04,167,85,295,,True,-2.5
2020,33.404419,-117.585696,5382.6,22.8,4.02,167,85,294,,True,-2.6
2021,33.404382,-117.585702,5386.7,22.8,3.98,167,85,297,,True,-4.0
2022,33.404351,-117.585708,5390.2,22.6,3.88,168,84,304,,True,-4.1
2023,33.404321,-117.585704,5393.8,22.4,3.84,168,84,302,,True,-5.8
2024,33.404287,-117.585712,5397.2,22.2,3.7,168,84,299,,True,-5.8
2025,33.404264,-117.585724,5400.4,22.0,3.56,168,83,296,,True,-5.9
2026,33.404228,-117.585736,5403.9,21.8,3.44,168,83,291,,True,-5.8
2027,33.404201,-117.585742,5407.3,21.6,3.42,169,84,285,,True,-5.6
2028,33.404168,-117.585749,5411.1,21.4,3.46,169,84,282,,True,-5.6
2029,33.404131,-117.585751,5414.8,21.2,3.52,169,84,281,,True,-5.4
2030,33.404106,-117.585766,5418.2,21.0,3.56,169,84,282,,True,-4.3
2031,33.40407,-117.58578,5422.1,20.8,3.64,170,83,282,,True,-4.3
2032,33.404043,-117.585788,5425.2,20.8,3.58,170,83,286,,True,-2.8
2033,33.404013,-117.585797,5428.8,20.6,3.54,170,83,284,,True,-2.9
2034,33.403976,-117.585804,5432.5,20.6,3.54,171,84,281,,True,-4.2
2035,33.403953,-117.585817,5435.8,20.4,3.52,171,84,281,,True,-2.9
2036,33.403917,-117.585827,5439.4,20.2,3.46,172,84,280,,True,-4.4
2037,33.40389,-117.585832,5442.7,20.2,3.5,172,84,281,,True,-4.3
2038,33.403861,-117.585837,5446.2,20.0,3.48,172,83,281,,True,-3.0
2039,33.403826,-117.585847,5449.7,19.8,3.44,172,83,280,,True,-4.5
2040,33.403805,-117.585858,5452.8,19.8,3.4,172,83,279,,True,-3.0
2041,33.403773,-117.585871,5456.1,19.6,3.34,172,83,279,,True,-3.1
2042,33.403744,-117.585884,5459.5,19.6,3.36,172,84,276,,True,-2.9
2043,33.403716,-117.585891,5462.8,19.4,3.32,172,84,275,,True,-1.4
2044,33.403681,-117.585906,5466.8,19.4,3.42,172,84,276,,True,-1.4
2045,33.403659,-117.585925,5470.2,19.4,3.48,172,84,277,,True,-1.4
2046,33.403624,-117.585934,5473.7,19.4,3.52,172,83,282,,True,-1.5
2047,33.403598,-117.585939,5476.7,19.2,3.44,172,83,284,,True,-2.9
2048,33.403566,-117.585943,5480.5,19.2,3.54,171,83,284,,True,-4.4
2049,33.40353,-117.585951,5484.2,19.0,3.48,171,83,283,,True,-2.7
2050,33.403503,-117.585959,5487.4,18.8,3.44,171,84,281,,True,-2.8
2051,33.403465,-117.585979,5491.3,18.8,3.52,171,84,284,,True,-1.4
2052,33.403441,-117.585996,5495.0,18.8,3.66,172,84,286,,True,0.0
2053,33.403409,-117.586013,5498.6,18.8,3.62,171,84,288,,True,0.0
2054,33.40338,-117.586033,5502.1,18.8,3.58,171,85,289,,True,0.0
2055,33.403361,-117.586054,5505.1,18.8,3.54,172,85,290,,True,1.7
2056,33.403342,-117.586075,5508.0,18.8,3.34,172,85,290,,True,2.4
2057,33.403327,-117.586088,5510.3,19.0,3.06,172,84,292,,True,3.8
