t,lat,lng,distance_m,altitude_m,velocity_ms,heartrate,cadence,watts,temp_c,moving,grade_pct
0,32.941303,-117.15398,0.0,87.6,0.0,87,0,0,,False,-12.7
1,32.941289,-117.153996,1.9,87.2,1.9,86,0,0,,True,-9.4
2,32.941249,-117.153999,6.3,86.8,3.15,85,0,0,,True,-5.7
3,32.941212,-117.154025,10.6,86.6,3.533,84,0,0,,True,-2.6
4,32.941191,-117.154048,14.0,86.8,3.5,81,81,383,,True,-1.4
5,32.941165,-117.154073,17.5,86.8,3.5,77,83,387,,True,0.0
6,32.941139,-117.154095,21.1,86.6,3.84,75,83,342,,True,-1.5
7,32.941119,-117.154111,23.9,86.6,3.52,75,83,350,,True,-1.6
8,32.941091,-117.154126,27.0,86.6,3.28,75,83,312,,True,0.0
9,32.941063,-117.154124,29.9,86.6,3.18,76,83,287,,True,1.6
10,32.941037,-117.154121,32.9,86.6,3.08,77,83,282,,True,1.6
11,32.941007,-117.154113,36.3,86.8,3.04,77,83,276,,True,1.6
12,32.940981,-117.154107,39.2,86.8,3.06,77,81,276,,True,0.0
13,32.940954,-117.154104,42.3,86.8,3.06,77,80,277,,True,-3.1
14,32.940924,-117.154097,45.5,86.6,3.12,79,80,283,,True,-4.7
15,32.94089,-117.154092,49.1,86.4,3.24,80,80,283,,True,-7.5
16,32.940866,-117.154092,52.0,86.2,3.14,81,80,286,,True,-8.8
17,32.940828,-117.154091,55.6,85.8,3.28,82,80,287,,True,-8.5
18,32.940794,-117.154096,59.1,85.4,3.36,83,80,292,,True,-7.9
19,32.940759,-117.154098,63.3,85.2,3.56,84,80,292,,True,-6.5
20,32.940719,-117.15409,67.2,85.0,3.62,86,80,291,,True,-3.9
21,32.940691,-117.154073,71.0,84.8,3.8,87,80,302,,True,-2.7
22,32.940668,-117.154051,74.4,84.8,3.76,89,80,302,,True,0.0
23,32.940648,-117.154021,77.9,84.8,3.76,90,79,302,,True,1.6
24,32.940645,-117.153983,81.1,85.0,3.56,92,79,300,,True,1.7
25,32.940643,-117.153959,83.6,85.0,3.28,93,79,295,,True,1.7
26,32.940644,-117.153929,86.5,85.0,3.1,95,79,291,,True,0.0
27,32.94065,-117.153888,90.0,85.0,3.12,96,79,288,,True,-1.9
28,32.940646,-117.153868,92.3,85.0,2.88,97,78,286,,True,-3.9
29,32.940633,-117.153851,94.3,84.8,2.64,98,78,280,,True,-5.9
30,32.940608,-117.153831,96.8,84.6,2.64,98,78,261,,True,-7.1
31,32.940586,-117.153808,99.8,84.4,2.66,99,78,247,,True,-4.5
32,32.940562,-117.153784,103.5,84.2,2.7,100,78,246,,True,-2.7
33,32.940534,-117.153748,107.7,84.2,3.08,100,78,255,,True,-1.3
34,32.940509,-117.153729,111.4,84.2,3.42,101,78,295,,True,-1.2
35,32.940482,-117.153698,115.3,84.2,3.7,101,78,310,,True,-1.3
36,32.940457,-117.153657,119.8,84.0,4.0,102,81,312,,True,-2.6
37,32.940438,-117.153634,123.3,84.0,3.96,103,82,309,,True,-4.0
38,32.94042,-117.153598,126.8,83.8,3.82,104,82,293,,True,-3.0
39,32.940419,-117.15356,130.3,83.6,3.78,105,82,287,,True,-4.6
40,32.940415,-117.153535,133.1,83.6,3.56,105,81,275,,True,-4.5
41,32.940414,-117.153496,136.3,83.4,3.3,106,81,269,,True,-3.1
42,32.940419,-117.153457,140.0,83.2,3.34,106,81,256,,True,-4.3
43,32.940419,-117.153424,143.3,83.2,3.3,107,81,257,,True,-2.8
44,32.940421,-117.153383,147.0,83.0,3.34,108,81,269,,True,-1.5
45,32.94042,-117.153347,150.6,83.0,3.5,108,81,279,,True,-2.8
46,32.940419,-117.153315,153.6,83.0,3.46,109,81,285,,True,-1.5
47,32.940421,-117.153271,157.6,82.8,3.52,110,81,285,,True,-3.1
48,32.940419,-117.153241,160.4,82.8,3.42,111,81,278,,True,-2.9
49,32.940417,-117.153209,163.7,82.6,3.34,112,80,266,,True,-3.2
50,32.940415,-117.153169,167.3,82.6,3.34,112,80,266,,True,-3.1
51,32.940412,-117.153141,170.2,82.4,3.32,113,80,266,,True,-1.6
52,32.940412,-117.153112,173.1,82.4,3.1,114,80,267,,True,-1.7
53,32.940416,-117.15307,176.2,82.4,3.16,114,81,266,,True,-1.6
54,32.940414,-117.153042,179.3,82.4,3.12,115,81,265,,True,-1.5
55,32.940413,-117.153006,182.7,82.2,3.08,115,81,264,,True,-1.5
56,32.940411,-117.152964,186.2,82.2,3.2,116,81,266,,True,-2.9
57,32.940411,-117.152932,189.4,82.2,3.26,116,81,267,,True,-1.4
58,32.940414,-117.152892,193.0,82.0,3.36,116,81,269,,True,-2.8
59,32.940414,-117.152846,197.1,82.0,3.56,117,81,269,,True,-2.7
60,32.940409,-117.152814,200.5,81.8,3.56,118,81,271,,True,-2.7
61,32.940406,-117.15277,204.4,81.8,3.64,118,80,276,,True,-4.3
62,32.940408,-117.152733,208.0,81.6,3.72,118,80,275,,True,-2.9
63,32.940406,-117.152704,211.0,81.4,3.6,119,80,279,,True,-4.5
64,32.940408,-117.152664,214.3,81.4,3.44,120,81,280,,True,-3.1
65,32.940403,-117.15263,217.6,81.2,3.42,121,81,276,,True,-1.4
66,32.9404,-117.152598,220.9,81.2,3.3,124,81,278,,True,-1.5
67,32.940397,-117.152553,224.8,81.2,3.36,126,81,277,,True,0.0
68,32.940389,-117.152526,228.0,81.2,3.4,129,81,278,,True,-1.6
69,32.940387,-117.152496,230.8,81.2,3.3,131,81,279,,True,-1.6
70,32.940388,-117.152455,233.8,81.0,3.24,132,80,281,,True,-1.6
71,32.940383,-117.152425,237.1,81.0,3.24,132,80,280,,True,-3.1
72,32.94038,-117.152393,240.2,81.0,3.08,133,80,280,,True,-1.6
73,32.940381,-117.152353,243.5,80.8,3.1,134,80,280,,True,-3.3
74,32.940374,-117.152325,246.4,80.8,3.12,134,81,281,,True,-5.3
75,32.940366,-117.1523,249.1,80.6,3.06,135,81,279,,True,-6.0
76,32.940355,-117.152276,251.5,80.4,2.88,135,81,277,,True,-7.5
77,32.940348,-117.152258,253.5,80.2,2.66,135,81,274,,True,-7.5
78,32.940339,-117.152232,256.1,80.0,2.52,136,81,271,,True,-6.8
79,32.940339,-117.152186,259.8,79.8,2.68,136,81,257,,True,-4.7
80,32.940334,-117.152154,263.3,79.6,2.84,137,78,259,,True,-2.8
81,32.940333,-117.152121,266.3,79.6,2.96,137,78,280,,True,-1.5
82,32.940332,-117.152079,270.3,79.6,3.36,137,78,280,,True,-1.5
83,32.940329,-117.15205,273.4,79.6,3.46,137,78,287,,True,-1.5
84,32.940327,-117.152011,276.6,79.4,3.36,138,82,266,,True,-3.1
85,32.940327,-117.151976,279.5,79.4,3.24,138,82,259,,True,-3.0
86,32.940329,-117.151942,283.2,79.2,3.38,138,82,259,,True,0.0
87,32.940337,-117.151903,286.6,79.2,3.26,138,82,263,,True,0.0
88,32.940343,-117.151871,289.8,79.4,3.28,139,81,274,,True,3.0
89,32.940346,-117.151838,293.0,79.4,3.28,138,81,276,,True,3.0
90,32.940345,-117.151794,296.7,79.6,3.44,139,81,273,,True,0.0
91,32.94034,-117.151764,299.8,79.6,3.32,139,81,275,,True,0.0
92,32.940337,-117.151732,303.4,79.4,3.36,139,81,277,,True,-1.6
93,32.940336,-117.151692,306.4,79.4,3.32,139,81,278,,True,-1.5
94,32.940339,-117.151665,309.1,79.4,3.22,140,81,279,,True,0.0
95,32.940338,-117.151632,312.8,79.4,3.22,140,81,278,,True,-1.7
96,32.940337,-117.151593,316.0,79.4,3.24,140,80,279,,True,-1.6
97,32.940334,-117.151567,318.5,79.2,3.02,140,81,278,,True,0.0
98,32.940331,-117.151533,321.8,79.2,3.08,139,81,279,,True,0.0
99,32.94033,-117.15149,325.3,79.4,3.24,138,81,278,,True,1.6
100,32.940326,-117.151466,328.0,79.4,3.04,138,81,280,,True,1.6
101,32.940322,-117.151435,331.0,79.4,3.0,138,81,280,,True,0.0
102,32.940322,-117.151397,334.0,79.4,3.1,138,81,280,,True,0.0
103,32.940319,-117.15137,337.3,79.4,3.1,138,80,281,,True,0.0
104,32.940316,-117.151338,340.3,79.4,3.0,138,80,283,,True,0.0
105,32.940318,-117.151303,343.3,79.4,3.06,139,80,283,,True,-1.7
106,32.940317,-117.151276,346.1,79.4,3.02,139,81,281,,True,-1.7
107,32.940313,-117.151243,348.9,79.2,2.98,139,81,279,,True,-3.5
108,32.940315,-117.151212,351.8,79.2,2.9,139,81,278,,True,-3.5
109,32.940312,-117.151185,354.8,79.0,2.9,139,81,276,,True,-1.8
110,32.940309,-117.151152,357.5,79.0,2.84,139,81,274,,True,0.0
111,32.940307,-117.151122,360.1,79.0,2.8,139,81,275,,True,1.8
112,32.940303,-117.151096,362.9,79.2,2.8,139,81,274,,True,1.7
113,32.940306,-117.151054,366.1,79.2,2.86,140,81,272,,True,1.6
114,32.940304,-117.15102,369.5,79.2,2.94,140,81,273,,True,0.0
115,32.940298,-117.150989,373.0,79.2,3.1,140,80,273,,True,0.0
116,32.940295,-117.150943,376.6,79.2,3.3,140,80,275,,True,0.0
117,32.94029,-117.150917,379.7,79.2,3.36,140,80,276,,True,0.0
118,32.940287,-117.150886,382.8,79.2,3.34,140,81,278,,True,0.0
119,32.940289,-117.150844,386.0,79.2,3.3,140,81,279,,True,0.0
120,32.940285,-117.150813,389.1,79.2,3.22,140,81,280,,True,0.0
121,32.940281,-117.150773,393.0,79.2,3.28,140,81,280,,True,-1.4
122,32.940284,-117.150731,396.5,79.2,3.36,140,81,280,,True,-1.4
123,32.940282,-117.150704,399.9,79.0,3.42,140,81,280,,True,-1.5
124,32.940272,-117.150664,403.3,79.0,3.46,140,81,281,,True,-1.5
125,32.94027,-117.150628,406.4,79.0,3.46,141,81,283,,True,0.0
126,32.940267,-117.150594,410.1,79.0,3.42,141,81,283,,True,1.5
127,32.940269,-117.150553,413.7,79.0,3.44,141,81,283,,True,1.4
128,32.940269,-117.150522,416.8,79.2,3.38,141,81,283,,True,1.5
129,32.94027,-117.150483,420.5,79.2,3.44,141,82,285,,True,0.0
130,32.940272,-117.150442,423.8,79.2,3.48,141,82,286,,True,-1.4
131,32.940271,-117.150408,427.4,79.0,3.46,142,82,286,,True,-1.4
132,32.940265,-117.150364,431.3,79.0,3.52,142,82,287,,True,-1.4
133,32.940264,-117.150329,434.4,79.0,3.52,142,82,287,,True,-1.4
134,32.940259,-117.150298,438.1,79.0,3.52,142,82,288,,True,0.0
135,32.940256,-117.150254,441.4,78.8,3.52,142,82,287,,True,0.0
136,32.940244,-117.150226,444.3,79.0,3.38,142,82,287,,True,-1.8
137,32.940225,-117.150212,446.6,79.0,3.06,142,82,288,,True,-1.8
138,32.940191,-117.150203,449.5,78.8,3.02,143,83,285,,True,-6.8
139,32.940163,-117.150197,452.6,78.6,2.9,143,83,281,,True,-10.1
140,32.940138,-117.150191,456.0,78.2,2.92,143,83,280,,True,-11.1
141,32.940118,-117.150177,458.5,77.8,2.84,143,80,282,,True,-16.7
142,32.940106,-117.150168,460.3,77.6,2.74,143,77,281,,True,-18.2
143,32.940104,-117.150163,460.9,77.4,2.28,142,77,278,,False,-17.1
144,32.940104,-117.150167,461.0,77.2,1.68,143,77,276,,False,-14.5
145,32.940106,-117.150171,461.0,77.0,1.0,143,77,273,,False,-14.1
146,32.940106,-117.15016,461.4,77.0,0.58,143,0,0,,False,-14.5
147,32.940091,-117.150146,463.1,76.8,0.56,142,0,0,,True,-11.7
148,32.940073,-117.150125,465.6,76.6,0.94,142,0,0,,True,-10.8
149,32.94006,-117.150108,468.4,76.4,1.48,142,0,0,,True,-10.6
150,32.940036,-117.150086,471.3,76.0,2.06,141,0,0,,True,-13.4
151,32.940014,-117.150062,474.4,75.6,2.6,140,75,0,,True,-14.6
152,32.939995,-117.150039,477.5,75.0,2.88,140,75,249,,True,-15.0
153,32.939978,-117.150007,480.7,74.6,3.02,139,75,254,,True,-14.3
154,32.93996,-117.149973,484.6,74.0,3.24,139,75,248,,True,-12.7
155,32.939947,-117.149934,488.4,73.6,3.42,138,75,246,,True,-11.0
156,32.939933,-117.149903,491.7,73.2,3.46,137,75,254,,True,-8.4
157,32.939935,-117.149863,495.2,73.0,3.54,137,84,235,,True,-5.9
158,32.939935,-117.149821,498.9,72.8,3.64,137,85,226,,True,-2.9
159,32.939939,-117.149792,502.0,72.8,3.48,136,85,222,,True,-1.5
160,32.93996,-117.149755,505.7,72.8,3.46,136,85,208,,True,1.5
161,32.939986,-117.149741,508.8,72.8,3.42,135,82,217,,True,0.0
162,32.940001,-117.149718,512.0,73.0,3.36,135,82,209,,True,1.7
163,32.940024,-117.149686,515.2,72.8,3.26,134,81,210,,True,1.7
164,32.940037,-117.14967,517.7,73.0,3.14,134,81,215,,True,1.8
165,32.940049,-117.149646,520.3,73.0,2.92,133,81,218,,True,6.6
166,32.940053,-117.149616,523.0,73.2,2.84,133,81,220,,True,6.3
167,32.940055,-117.14959,525.1,73.4,2.62,133,81,223,,True,7.9
168,32.940036,-117.149574,527.4,73.6,2.44,133,81,227,,True,5.9
169,32.940009,-117.149556,530.4,73.8,2.54,133,80,228,,True,1.9
170,32.939989,-117.149538,533.2,73.8,2.58,133,80,232,,True,0.0
171,32.93997,-117.149523,535.9,73.6,2.58,133,80,237,,True,-1.7
172,32.939949,-117.149497,539.0,73.6,2.78,133,80,241,,True,-1.7
173,32.939929,-117.149477,541.9,73.6,2.9,134,80,246,,True,0.0
174,32.939912,-117.149454,545.1,73.6,2.94,134,79,249,,True,0.0
175,32.939894,-117.14942,548.4,73.6,3.04,134,80,252,,True,-1.6
176,32.939874,-117.149394,551.5,73.6,3.12,134,80,259,,True,-1.5
177,32.939863,-117.149362,554.8,73.4,3.16,134,81,266,,True,-1.5
178,32.939856,-117.149322,558.4,73.4,3.3,134,81,270,,True,-1.5
179,32.939843,-117.149295,561.5,73.4,3.28,134,81,278,,True,-1.4
180,32.939838,-117.149261,565.0,73.4,3.32,134,81,282,,True,-1.5
181,32.939835,-117.149216,568.9,73.2,3.48,134,80,289,,True,-1.4
182,32.939828,-117.149188,572.0,73.2,3.44,134,80,290,,True,-1.4
183,32.939827,-117.14915,575.6,73.2,3.44,135,80,295,,True,0.0
184,32.939826,-117.149113,578.8,73.2,3.46,135,80,298,,True,0.0
185,32.939817,-117.149083,581.9,73.2,3.38,135,80,290,,True,-1.5
186,32.939813,-117.149044,585.5,73.2,3.32,135,81,289,,True,-1.6
187,32.939806,-117.149014,588.6,73.0,3.32,136,81,288,,True,-1.5
188,32.939798,-117.148984,591.7,73.0,3.22,136,81,286,,True,-1.6
189,32.939798,-117.148943,595.1,73.0,3.26,136,82,285,,True,0.0
190,32.939794,-117.148911,598.0,73.0,3.22,137,81,285,,True,0.0
191,32.939794,-117.148874,601.7,73.0,3.24,137,81,283,,True,0.0
192,32.939791,-117.148835,605.0,73.0,3.28,137,81,288,,True,0.0
193,32.939786,-117.148805,608.1,73.0,3.28,137,81,292,,True,0.0
194,32.939784,-117.148765,612.0,73.0,3.38,138,82,291,,True,0.0
195,32.939787,-117.148731,614.9,73.0,3.38,139,82,293,,True,0.0
196,32.939784,-117.148699,618.3,73.0,3.32,139,82,290,,True,0.0
197,32.939784,-117.148662,621.4,73.0,3.28,140,82,290,,True,0.0
198,32.939781,-117.14863,624.3,73.0,3.24,143,82,290,,True,1.6
199,32.939784,-117.148597,627.8,73.0,3.16,145,83,289,,True,1.6
200,32.939781,-117.148559,630.8,73.2,3.18,148,83,293,,True,4.6
201,32.939775,-117.148532,633.7,73.2,3.08,148,82,296,,True,4.9
202,32.939774,-117.148497,637.3,73.6,3.18,149,82,297,,True,4.9
203,32.939771,-117.148464,640.0,73.6,3.14,149,81,297,,True,4.7
204,32.939767,-117.148436,643.0,73.8,3.04,149,81,298,,True,1.6
205,32.939765,-117.148396,646.5,73.8,3.14,149,81,297,,True,0.0
206,32.939758,-117.148362,649.9,73.8,3.24,149,81,298,,True,-1.5
207,32.939759,-117.148333,653.0,73.6,3.14,149,81,297,,True,0.0
208,32.939766,-117.148294,656.0,73.6,3.2,149,81,298,,True,1.5
209,32.939766,-117.148262,659.2,73.8,3.24,150,82,299,,True,3.0
210,32.93977,-117.148224,663.1,74.0,3.32,150,83,299,,True,4.4
211,32.939773,-117.148188,666.3,74.0,3.28,150,83,301,,True,1.5
212,32.93977,-117.148158,669.5,74.2,3.3,150,83,303,,True,0.0
213,32.939771,-117.148117,672.8,74.0,3.36,150,82,304,,True,0.0
214,32.939772,-117.148085,675.8,74.0,3.32,151,82,305,,True,-1.5
215,32.939775,-117.14805,679.3,74.0,3.24,151,82,306,,True,1.5
216,32.939781,-117.14801,682.9,74.0,3.32,151,82,307,,True,3.1
217,32.939781,-117.147984,685.8,74.2,3.26,151,82,311,,True,3.1
218,32.939793,-117.147948,688.8,74.4,3.2,152,82,311,,True,3.4
219,32.939801,-117.147919,692.0,74.4,3.24,152,83,310,,True,1.6
220,32.939803,-117.147892,694.8,74.4,3.1,152,83,309,,True,0.0
221,32.939807,-117.147851,698.0,74.4,3.02,152,83,309,,True,0.0
222,32.93981,-117.147823,701.0,74.4,3.04,153,83,310,,True,0.0
223,32.939822,-117.147794,704.2,74.4,3.08,153,81,311,,True,0.0
224,32.939827,-117.14776,707.2,74.4,3.04,153,81,313,,True,1.7
225,32.939828,-117.147736,709.6,74.4,2.96,153,81,313,,True,3.4
226,32.939841,-117.147704,712.8,74.6,2.96,153,82,314,,True,3.5
227,32.939852,-117.147672,715.8,74.8,2.96,154,82,315,,True,3.2
228,32.939857,-117.147643,718.7,74.8,2.9,154,82,317,,True,1.6
229,32.939868,-117.147602,722.1,74.8,2.98,154,82,316,,True,-1.6
230,32.939877,-117.147576,725.1,74.8,3.1,154,82,315,,True,-1.6
231,32.939882,-117.147547,728.4,74.6,3.12,154,82,313,,True,0.0
232,32.93989,-117.147508,731.5,74.6,3.14,154,82,312,,True,0.0
233,32.939894,-117.147482,734.3,74.8,3.12,154,81,312,,True,3.1
234,32.939905,-117.147447,737.6,74.8,3.1,155,81,311,,True,3.2
235,32.93992,-117.14741,741.2,75.0,3.22,155,82,311,,True,3.1
236,32.939926,-117.147382,744.0,75.0,3.12,155,82,311,,True,3.1
237,32.939938,-117.147349,747.2,75.2,3.14,155,81,311,,True,1.7
238,32.939949,-117.14732,750.4,75.2,3.22,155,81,311,,True,1.7
239,32.939953,-117.147291,753.3,75.2,3.14,155,80,312,,True,0.0
240,32.939962,-117.147258,756.1,75.2,2.98,155,80,311,,True,0.0
241,32.939968,-117.147236,758.6,75.2,2.92,155,81,309,,True,-1.8
242,32.939968,-117.147205,761.3,75.2,2.82,156,81,304,,True,-3.8
243,32.939968,-117.147168,764.3,75.0,2.78,156,81,300,,True,-5.2
244,32.939963,-117.147147,766.6,74.8,2.66,156,81,295,,True,-4.9
245,32.939953,-117.147113,770.1,74.6,2.8,156,81,289,,True,-4.9
246,32.93995,-117.147071,773.5,74.6,2.98,156,81,285,,True,-3.0
247,32.939943,-117.147046,776.5,74.4,3.04,156,81,283,,True,-1.6
248,32.939938,-117.147013,779.8,74.4,3.1,155,81,281,,True,-1.6
249,32.939928,-117.146979,782.7,74.4,3.22,156,81,278,,True,0.0
250,32.939915,-117.146951,785.9,74.4,3.16,155,81,277,,True,-1.7
251,32.939911,-117.146913,789.1,74.4,3.12,155,80,275,,True,-3.2
252,32.939903,-117.146887,791.7,74.2,3.04,155,80,273,,True,-3.1
253,32.939901,-117.146851,795.2,74.0,3.08,155,80,271,,True,-4.4
254,32.939907,-117.146805,798.9,74.0,3.24,155,80,270,,True,-4.1
255,32.939905,-117.146773,802.6,73.8,3.34,155,82,268,,True,-2.8
256,32.939907,-117.146732,806.3,73.6,3.44,155,82,267,,True,-4.3
257,32.93991,-117.146695,809.7,73.6,3.6,155,82,267,,True,-2.9
258,32.939902,-117.146665,812.7,73.4,3.5,155,82,268,,True,-1.5
259,32.9399,-117.146623,816.3,73.4,3.48,155,82,268,,True,-1.5
260,32.9399,-117.146591,819.6,73.4,3.4,155,81,266,,True,0.0
261,32.939898,-117.146559,822.9,73.4,3.32,155,81,267,,True,0.0
262,32.939902,-117.146518,826.3,73.4,3.32,155,81,266,,True,0.0
263,32.939907,-117.146488,829.4,73.4,3.34,155,81,268,,True,0.0
264,32.939907,-117.14646,832.4,73.4,3.22,155,81,268,,True,0.0
265,32.939908,-117.146424,835.5,73.4,3.18,154,81,267,,True,0.0
266,32.939902,-117.146403,837.5,73.4,2.92,154,81,265,,True,0.0
267,32.939903,-117.14637,840.5,73.4,2.84,154,81,263,,True,1.8
268,32.939907,-117.146336,843.5,73.4,2.82,154,81,263,,True,1.6
269,32.939906,-117.146304,846.5,73.6,2.82,154,81,263,,True,1.6
270,32.939907,-117.146263,849.9,73.6,2.88,154,81,263,,True,1.6
271,32.93991,-117.146236,852.7,73.6,3.04,154,82,264,,True,1.6
272,32.939912,-117.146204,855.8,73.6,3.06,154,82,264,,True,1.7
273,32.939907,-117.146166,858.9,73.8,3.08,154,82,265,,True,1.7
274,32.939902,-117.146144,861.4,73.8,2.98,153,82,265,,True,1.8
275,32.939901,-117.146116,864.2,73.8,2.86,154,81,267,,True,1.8
276,32.9399,-117.146079,867.2,73.8,2.9,154,81,270,,True,1.7
277,32.939898,-117.146054,870.2,74.0,2.88,153,81,272,,True,1.7
278,32.939897,-117.146021,873.2,74.0,2.86,153,81,272,,True,1.7
279,32.939898,-117.145984,876.3,74.0,2.98,153,81,273,,True,0.0
280,32.939893,-117.145957,879.2,74.0,3.0,153,81,273,,True,0.0
281,32.939894,-117.145922,882.1,74.0,2.98,154,81,273,,True,-1.7
282,32.939898,-117.145889,885.0,74.0,2.96,153,81,274,,True,-1.6
283,32.939894,-117.145858,888.1,73.8,2.98,153,81,274,,True,-1.7
284,32.939895,-117.145818,891.6,73.8,3.06,154,81,272,,True,-1.6
285,32.939887,-117.145793,894.2,73.8,3.0,154,81,272,,True,0.0
286,32.939883,-117.145762,897.2,73.8,3.02,154,81,272,,True,0.0
287,32.939888,-117.145731,900.2,73.8,3.04,154,81,274,,True,1.8
288,32.939889,-117.145707,902.8,73.8,2.94,154,81,274,,True,1.9
289,32.939887,-117.145682,905.1,74.0,2.7,154,81,273,,True,1.9
290,32.939889,-117.145643,908.0,74.0,2.76,154,81,274,,True,1.7
291,32.939885,-117.145615,911.0,74.0,2.76,154,81,273,,True,0.0
292,32.939885,-117.145577,914.5,74.0,2.86,154,81,273,,True,1.5
293,32.939882,-117.145544,917.5,74.0,2.94,154,81,274,,True,0.0
294,32.939878,-117.145511,921.0,74.2,3.18,154,81,276,,True,0.0
295,32.939878,-117.145474,924.2,74.0,3.24,154,81,276,,True,-1.6
296,32.939873,-117.14545,926.6,74.0,3.12,154,81,276,,True,-3.4
297,32.939869,-117.14542,929.7,73.8,3.04,153,81,275,,True,0.0
298,32.939862,-117.145383,932.6,73.8,3.02,154,81,274,,True,0.0
299,32.939862,-117.145355,935.6,74.0,2.92,154,82,273,,True,1.6
300,32.93986,-117.145317,939.0,74.0,2.96,153,82,272,,True,1.4
301,32.939863,-117.145285,942.4,74.0,3.16,154,82,270,,True,-1.3
302,32.939859,-117.145228,947.2,74.0,3.5,154,82,268,,True,-2.2
303,32.939853,-117.145187,951.6,73.8,3.8,153,82,268,,True,-2.1
304,32.93985,-117.145126,956.9,73.6,4.26,154,93,268,,True,-2.2
305,32.939847,-117.145088,961.1,73.6,4.42,154,93,258,,True,-1.1
306,32.939848,-117.145036,965.5,73.6,4.62,154,93,266,,True,1.2
307,32.939845,-117.144998,969.3,73.6,4.42,154,93,311,,True,1.2
308,32.939845,-117.144951,973.3,73.8,4.34,154,93,332,,True,1.3
309,32.939843,-117.144913,977.3,73.8,4.08,154,93,337,,True,1.3
310,32.939843,-117.144868,981.3,73.8,4.04,155,93,339,,True,0.0
311,32.93984,-117.144831,985.2,73.8,3.94,155,91,327,,True,0.0
312,32.939839,-117.144785,989.1,73.8,3.96,156,91,317,,True,-1.3
313,32.939836,-117.144751,992.8,73.8,3.9,156,91,316,,True,-1.3
314,32.939841,-117.144704,996.7,73.6,3.88,157,90,316,,True,-1.4
315,32.939841,-117.14467,1000.1,73.6,3.76,157,89,316,,True,-1.4
316,32.939838,-117.144627,1003.8,73.6,3.72,158,89,314,,True,0.0
317,32.939835,-117.144588,1007.6,73.6,3.7,158,89,310,,True,0.0
318,32.939829,-117.144541,1011.8,73.6,3.8,158,89,311,,True,0.0
319,32.939822,-117.144507,1015.4,73.6,3.74,158,89,310,,True,0.0
320,32.939817,-117.144464,1019.3,73.6,3.84,158,89,315,,True,0.0
321,32.939817,-117.144434,1022.4,73.6,3.72,158,89,316,,True,0.0
322,32.939821,-117.144384,1026.5,73.6,3.78,158,89,313,,True,0.0
323,32.939819,-117.144347,1030.3,73.6,3.7,158,89,310,,True,0.0
324,32.939814,-117.144306,1034.2,73.6,3.76,158,88,308,,True,1.4
325,32.93981,-117.144265,1037.7,73.6,3.68,158,88,309,,True,0.0
326,32.939808,-117.144234,1040.9,73.8,3.7,159,88,308,,True,0.0
327,32.93981,-117.144195,1044.4,73.6,3.58,158,88,309,,True,0.0
328,32.939808,-117.14416,1047.6,73.6,3.46,158,89,307,,True,-1.5
329,32.939804,-117.144121,1051.2,73.6,3.4,159,89,306,,True,0.0
330,32.939802,-117.144089,1054.4,73.6,3.34,159,87,305,,True,0.0
331,32.939803,-117.144044,1058.2,73.6,3.46,159,87,306,,True,0.0
332,32.939801,-117.144012,1061.7,73.6,3.46,159,87,305,,True,0.0
333,32.939803,-117.143965,1065.4,73.6,3.56,159,87,303,,True,0.0
334,32.939803,-117.143937,1068.7,73.6,3.5,159,87,305,,True,1.4
335,32.939802,-117.143893,1072.8,73.6,3.68,159,87,303,,True,1.4
336,32.939801,-117.143863,1075.8,73.8,3.52,159,87,305,,True,1.4
337,32.939803,-117.143827,1079.3,73.8,3.52,159,87,302,,True,3.0
338,32.939804,-117.143784,1082.7,73.8,3.46,159,87,302,,True,1.4
339,32.939803,-117.143756,1086.1,74.0,3.48,159,87,302,,True,1.6
340,32.939814,-117.143715,1089.8,74.0,3.4,159,86,303,,True,3.2
341,32.939813,-117.143691,1092.2,74.0,3.28,160,86,305,,True,1.6
342,32.939811,-117.143652,1095.1,74.2,3.16,160,86,306,,True,3.3
343,32.939804,-117.143622,1098.4,74.2,3.14,160,87,303,,True,3.0
344,32.9398,-117.143584,1102.0,74.4,3.18,160,87,302,,True,1.5
345,32.939797,-117.143544,1105.5,74.4,3.14,159,87,303,,True,2.9
346,32.939797,-117.143516,1108.8,74.4,3.32,160,87,304,,True,1.5
347,32.9398,-117.143474,1112.3,74.6,3.44,160,86,307,,True,1.5
348,32.939795,-117.143448,1115.0,74.6,3.32,160,85,312,,True,1.5
349,32.939793,-117.143406,1118.5,74.6,3.3,160,85,313,,True,0.0
350,32.939793,-117.143371,1121.8,74.6,3.26,160,85,310,,True,-1.5
351,32.939791,-117.143339,1125.2,74.6,3.28,160,85,309,,True,-3.0
352,32.939791,-117.1433,1128.5,74.4,3.24,160,85,309,,True,-4.4
353,32.939788,-117.143271,1131.9,74.2,3.38,160,85,308,,True,-4.6
354,32.939783,-117.143227,1135.5,74.0,3.4,160,85,306,,True,-4.5
355,32.939775,-117.1432,1138.3,74.0,3.3,160,85,304,,True,-3.2
356,32.939772,-117.143162,1141.7,73.8,3.3,161,85,302,,True,-1.6
357,32.93977,-117.143133,1144.3,73.8,3.16,161,85,299,,True,0.0
358,32.939766,-117.143094,1148.0,73.8,3.22,161,85,299,,True,1.6
359,32.939759,-117.143055,1151.4,74.0,3.18,161,86,296,,True,1.5
360,32.939751,-117.143025,1154.4,74.0,3.22,160,86,296,,True,3.1
361,32.939739,-117.142983,1157.9,74.0,3.24,161,87,296,,True,1.5
362,32.939728,-117.142955,1161.1,74.2,3.36,161,87,295,,True,1.6
363,32.939725,-117.142916,1164.4,74.2,3.28,161,87,294,,True,1.7
364,32.939738,-117.14289,1167.3,74.2,3.18,161,87,293,,True,1.9
365,32.939759,-117.142871,1169.7,74.2,3.06,161,87,294,,True,4.0
366,32.939775,-117.142876,1171.7,74.4,2.76,161,87,294,,True,8.7
367,32.939788,-117.14287,1173.3,74.4,2.44,161,83,299,,True,10.3
368,32.939797,-117.142861,1174.5,74.6,2.02,161,82,302,,True,12.7
369,32.939821,-117.14285,1176.5,75.0,1.84,161,81,307,,True,12.0
370,32.939841,-117.142839,1179.0,75.4,1.86,161,81,298,,True,12.3
371,32.939846,-117.142822,1180.7,75.6,1.8,160,81,274,,True,8.3
372,32.939852,-117.142789,1183.4,75.8,2.02,161,77,273,,True,1.6
373,32.939853,-117.142762,1185.9,76.0,2.28,160,77,271,,True,0.0
374,32.939848,-117.142734,1188.5,76.0,2.4,160,77,271,,True,-3.8
375,32.939845,-117.142702,1191.4,75.6,2.48,160,78,272,,True,-7.3
376,32.939832,-117.142677,1193.9,75.4,2.64,161,79,274,,True,-7.1
377,32.939816,-117.142654,1196.8,75.2,2.68,161,80,276,,True,-3.7
378,32.939797,-117.142626,1199.7,75.2,2.76,161,80,275,,True,-3.5
379,32.93978,-117.142614,1202.1,75.2,2.72,161,80,271,,True,-1.7
380,32.93976,-117.142591,1205.3,75.0,2.78,161,81,266,,True,-1.7
381,32.939734,-117.142559,1208.8,75.0,2.98,161,81,271,,True,-3.1
382,32.939717,-117.142547,1211.6,75.0,2.96,161,81,276,,True,-1.6
383,32.939695,-117.14252,1215.1,74.8,3.08,160,81,285,,True,-1.6
384,32.939677,-117.14249,1218.2,74.8,3.22,160,81,287,,True,-1.6
385,32.939661,-117.14247,1221.1,74.8,3.16,160,81,288,,True,-1.7
386,32.93965,-117.142436,1224.2,74.8,3.08,160,81,285,,True,-1.7
387,32.939644,-117.142404,1227.1,74.6,3.1,160,82,277,,True,-1.7
388,32.939638,-117.142379,1229.9,74.6,2.96,160,81,273,,True,-1.8
389,32.939638,-117.14234,1232.8,74.6,2.92,160,81,270,,True,0.0
390,32.939634,-117.142317,1235.6,74.6,2.9,159,81,267,,True,0.0
391,32.939634,-117.142289,1238.5,74.6,2.86,159,81,266,,True,0.0
392,32.939639,-117.142253,1241.4,74.6,2.86,159,81,264,,True,0.0
393,32.939638,-117.142228,1244.1,74.6,2.84,159,81,264,,True,1.8
394,32.939643,-117.142194,1247.3,74.6,2.9,158,81,262,,True,1.8
395,32.939653,-117.142166,1249.9,74.8,2.86,158,81,262,,True,3.4
396,32.939658,-117.142138,1252.8,74.8,2.86,156,81,262,,True,3.6
397,32.939671,-117.142105,1255.8,75.0,2.88,154,81,259,,True,0.0
398,32.939688,-117.142085,1258.4,75.0,2.86,151,81,259,,True,0.0
399,32.939701,-117.142061,1261.2,74.8,2.78,149,82,256,,True,-3.4
400,32.939726,-117.142029,1264.3,74.8,2.88,148,82,254,,True,-3.2
401,32.939744,-117.142006,1267.7,74.6,2.98,147,82,253,,True,-1.5
402,32.939766,-117.141985,1271.0,74.6,3.04,147,82,255,,True,0.0
403,32.939794,-117.141965,1274.3,74.6,3.18,146,82,259,,True,3.3
404,32.939806,-117.141947,1277.0,74.8,3.16,146,82,265,,True,5.1
405,32.939827,-117.141922,1279.8,75.0,3.1,146,82,267,,True,7.3
406,32.93985,-117.141912,1282.8,75.2,3.02,145,82,267,,True,5.5
407,32.939865,-117.141897,1285.2,75.4,2.84,144,82,266,,True,3.8
408,32.939892,-117.141877,1287.9,75.4,2.72,144,81,265,,True,4.0
409,32.939906,-117.141866,1290.3,75.4,2.66,144,81,266,,True,1.9
410,32.939923,-117.141849,1292.8,75.6,2.6,144,81,266,,True,1.9
411,32.939951,-117.141828,1295.8,75.6,2.6,143,82,266,,True,1.8
412,32.93997,-117.141822,1298.4,75.6,2.64,144,81,265,,True,0.0
413,32.939993,-117.14181,1301.4,75.6,2.7,144,81,266,,True,1.7
414,32.94002,-117.141791,1304.5,75.6,2.84,144,81,267,,True,3.4
415,32.940043,-117.141778,1307.8,75.8,3.0,144,81,271,,True,5.2
416,32.940065,-117.14177,1310.1,76.0,2.86,144,81,274,,True,7.3
417,32.940091,-117.141762,1312.9,76.2,2.9,144,81,277,,True,7.5
418,32.940109,-117.141747,1315.5,76.4,2.82,144,81,279,,True,7.3
419,32.940133,-117.141731,1318.5,76.6,2.8,144,82,281,,True,5.6
420,32.940147,-117.141712,1321.0,76.8,2.64,144,80,282,,True,1.8
421,32.940166,-117.141693,1323.7,76.8,2.72,144,80,283,,True,1.7
422,32.940196,-117.141676,1326.9,76.6,2.8,144,80,284,,True,1.5
423,32.94022,-117.141656,1330.4,76.8,2.98,144,80,290,,True,1.4
424,32.940257,-117.141632,1334.6,77.0,3.22,144,83,296,,True,3.9
425,32.940276,-117.141612,1338.4,77.0,3.48,144,86,304,,True,4.0
426,32.940311,-117.141588,1342.3,77.2,3.72,145,86,306,,True,4.1
427,32.94033,-117.141569,1345.4,77.4,3.7,147,86,316,,True,4.1
428,32.940366,-117.141546,1349.4,77.6,3.8,151,87,330,,True,4.3
429,32.940394,-117.14153,1353.1,77.6,3.7,154,87,331,,True,4.0
430,32.94042,-117.141511,1356.4,77.8,3.6,156,87,352,,True,4.4
431,32.940451,-117.141494,1360.3,78.0,3.6,157,87,362,,True,4.5
432,32.940466,-117.141476,1363.0,78.2,3.52,158,87,362,,True,4.9
433,32.940493,-117.141454,1366.3,78.2,3.38,159,87,359,,True,3.8
434,32.940508,-117.141445,1368.7,78.4,3.12,159,87,348,,True,3.6
435,32.940525,-117.141431,1370.7,78.4,2.86,160,86,349,,True,5.7
436,32.940556,-117.141411,1374.1,78.6,2.76,161,86,340,,True,3.5
437,32.940573,-117.141391,1376.9,78.8,2.78,162,84,340,,True,5.0
438,32.940595,-117.141359,1380.1,78.8,2.76,162,84,339,,True,5.0
439,32.940608,-117.141342,1382.8,79.0,2.82,163,83,341,,True,3.3
440,32.940628,-117.141317,1386.1,79.2,3.08,163,83,338,,True,5.3
441,32.94065,-117.141299,1389.0,79.2,2.98,163,84,345,,True,5.0
442,32.940658,-117.141278,1391.5,79.4,2.92,164,84,345,,True,5.6
443,32.940675,-117.141243,1394.7,79.6,2.92,164,84,345,,True,8.3
444,32.940684,-117.141226,1396.9,79.8,2.82,164,84,344,,True,6.7
445,32.94069,-117.141211,1398.5,80.0,2.48,164,83,337,,True,5.4
446,32.940698,-117.141179,1401.1,80.2,2.42,164,83,335,,True,3.5
447,32.9407,-117.141156,1403.4,80.2,2.38,165,83,333,,True,3.4
448,32.940707,-117.141129,1405.8,80.2,2.22,165,83,326,,True,1.8
449,32.940713,-117.141103,1408.3,80.2,2.28,165,82,316,,True,3.5
450,32.940717,-117.141085,1410.3,80.4,2.36,165,82,312,,True,3.5
451,32.94072,-117.141057,1412.4,80.4,2.26,165,82,307,,True,3.4
452,32.94072,-117.141035,1414.7,80.6,2.26,166,82,296,,True,0.0
453,32.940722,-117.141012,1417.2,80.6,2.28,166,82,286,,True,0.0
454,32.940729,-117.140977,1420.0,80.6,2.34,165,82,275,,True,-1.9
455,32.94073,-117.140956,1422.3,80.4,2.4,165,82,266,,True,0.0
456,32.940736,-117.140929,1425.0,80.4,2.52,165,82,266,,True,1.7
457,32.940741,-117.140902,1427.3,80.6,2.52,165,82,273,,True,5.0
458,32.940741,-117.140882,1429.2,80.6,2.4,165,82,273,,True,5.0
459,32.940748,-117.140849,1431.8,80.8,2.36,165,82,270,,True,3.3
460,32.940753,-117.140827,1434.3,81.0,2.4,165,82,262,,True,3.9
461,32.940753,-117.1408,1437.1,81.0,2.42,165,81,261,,True,0.0
462,32.940753,-117.14077,1439.4,81.0,2.42,165,81,261,,True,-1.9
463,32.940754,-117.140744,1442.1,80.8,2.58,164,81,258,,True,0.0
464,32.940759,-117.140719,1444.7,80.8,2.58,164,82,257,,True,0.0
465,32.940764,-117.140682,1447.6,81.0,2.66,164,81,255,,True,0.0
466,32.94076,-117.140659,1450.0,81.0,2.58,164,81,255,,True,0.0
467,32.940765,-117.140631,1452.6,80.8,2.64,164,81,254,,True,-2.0
468,32.94077,-117.140603,1455.4,80.8,2.66,164,82,250,,True,-1.9
469,32.940768,-117.140581,1457.7,80.8,2.6,163,82,248,,True,0.0
470,32.940775,-117.140548,1460.5,80.8,2.58,163,82,244,,True,0.0
471,32.940773,-117.140524,1462.9,80.8,2.58,163,82,241,,True,0.0
472,32.940769,-117.140499,1465.4,80.8,2.56,162,82,235,,True,-2.0
473,32.940767,-117.140466,1468.1,80.8,2.54,162,81,231,,True,-1.9
474,32.94077,-117.140442,1470.5,80.6,2.56,162,81,229,,True,-1.8
475,32.94077,-117.140414,1473.4,80.6,2.58,161,81,225,,True,-1.9
476,32.94078,-117.140376,1476.4,80.6,2.7,161,80,226,,True,0.0
477,32.940783,-117.140356,1478.9,80.6,2.7,161,81,228,,True,-1.8
478,32.94079,-117.140327,1482.1,80.6,2.8,160,81,229,,True,-2.0
479,32.940794,-117.140295,1484.7,80.4,2.84,160,81,232,,True,-1.9
480,32.940794,-117.140276,1486.4,80.4,2.6,160,81,232,,True,-3.8
481,32.940798,-117.140242,1489.6,80.4,2.64,160,81,230,,True,-1.9
482,32.940805,-117.14021,1492.5,80.2,2.72,160,81,225,,True,-1.7
483,32.940807,-117.140183,1495.1,80.2,2.6,160,81,224,,True,-3.5
484,32.94081,-117.140149,1498.3,80.2,2.72,160,82,223,,True,-3.6
485,32.940816,-117.140122,1501.0,80.0,2.92,161,81,223,,True,-3.6
486,32.940819,-117.140099,1503.5,79.8,2.78,161,80,224,,True,-3.8
487,32.940819,-117.140064,1506.3,79.8,2.76,161,80,224,,True,0.0
488,32.940822,-117.140039,1508.8,79.8,2.74,161,80,223,,True,2.0
489,32.940822,-117.14002,1510.6,79.8,2.46,161,80,223,,True,6.6
490,32.940827,-117.139984,1513.5,80.0,2.5,161,81,224,,True,6.3
491,32.940825,-117.139962,1515.6,80.4,2.42,160,81,223,,True,7.3
492,32.940834,-117.139933,1518.5,80.6,2.44,160,81,222,,True,7.6
493,32.940839,-117.1399,1521.6,80.6,2.56,160,81,224,,True,3.7
494,32.94084,-117.139877,1524.0,80.8,2.68,160,81,225,,True,1.8
495,32.940846,-117.139851,1526.5,80.8,2.6,159,81,227,,True,1.9
496,32.940848,-117.139819,1529.5,80.8,2.78,159,81,228,,True,-1.9
497,32.940847,-117.139797,1532.0,80.8,2.7,159,81,229,,True,-1.9
498,32.94085,-117.139767,1534.3,80.6,2.54,159,81,230,,True,-1.6
499,32.940856,-117.139739,1537.0,80.6,2.6,159,81,230,,True,-1.9
500,32.940857,-117.139718,1539.4,80.6,2.58,158,81,228,,True,1.9
501,32.94086,-117.139677,1542.4,80.6,2.58,158,81,229,,True,1.9
502,32.940857,-117.139653,1544.9,80.8,2.58,158,82,230,,True,3.5
503,32.940859,-117.139625,1547.6,80.8,2.66,159,82,232,,True,3.6
504,32.940861,-117.139587,1550.8,81.0,2.76,159,82,235,,True,3.4
505,32.940859,-117.139562,1553.6,81.0,2.84,159,82,237,,True,5.0
506,32.940858,-117.139532,1556.7,81.2,2.86,159,82,240,,True,3.5
507,32.940862,-117.139497,1559.7,81.4,2.96,159,82,242,,True,3.6
508,32.94086,-117.139477,1562.1,81.4,2.9,159,81,247,,True,1.9
509,32.940859,-117.139449,1564.7,81.4,2.78,159,81,248,,True,-2.0
510,32.940859,-117.139423,1567.0,81.4,2.68,159,81,247,,True,-1.8
511,32.940862,-117.139394,1569.7,81.2,2.6,159,81,247,,True,-1.7
512,32.940864,-117.139349,1573.3,81.2,2.72,159,81,247,,True,-2.7
513,32.940864,-117.139313,1576.7,81.2,2.92,160,81,249,,True,-1.2
514,32.940869,-117.139259,1581.6,81.0,3.38,160,81,252,,True,-1.1
515,32.940873,-117.139214,1586.0,81.0,3.8,160,81,255,,True,-1.0
516,32.940878,-117.139163,1590.8,81.0,4.22,160,86,351,,True,0.0
517,32.940879,-117.139108,1595.9,81.0,4.52,160,89,421,,True,1.0
518,32.940872,-117.139059,1600.5,81.0,4.76,161,89,409,,True,1.1
519,32.940871,-117.139012,1605.4,81.2,4.76,161,89,410,,True,1.2
520,32.940864,-117.138978,1608.9,81.2,4.58,162,91,407,,True,1.2
521,32.940863,-117.138932,1613.0,81.2,4.44,162,92,361,,True,0.0
522,32.94086,-117.138882,1617.4,81.2,4.3,162,92,344,,True,0.0
523,32.940858,-117.138846,1621.4,81.2,4.18,161,92,346,,True,-1.3
524,32.940859,-117.138798,1625.4,81.2,4.0,161,91,353,,True,-1.3
525,32.940859,-117.138761,1629.0,81.0,4.02,161,90,353,,True,0.0
526,32.940851,-117.138715,1632.7,81.0,3.94,160,89,352,,True,0.0
527,32.940846,-117.138684,1636.4,81.2,3.8,160,89,343,,True,1.3
528,32.940846,-117.138633,1640.6,81.2,3.84,161,89,341,,True,2.5
529,32.940843,-117.138597,1644.6,81.2,3.84,161,89,344,,True,1.3
530,32.940841,-117.138549,1648.7,81.4,3.94,162,87,346,,True,1.3
531,32.940833,-117.138519,1652.1,81.4,3.88,162,87,349,,True,1.4
532,32.940828,-117.138473,1655.8,81.4,3.88,163,87,350,,True,0.0
533,32.94082,-117.138444,1658.8,81.4,3.64,163,87,345,,True,0.0
534,32.940814,-117.13841,1662.4,81.4,3.56,164,88,342,,True,0.0
535,32.940813,-117.138371,1665.7,81.4,3.4,164,88,337,,True,1.4
536,32.940811,-117.138335,1669.3,81.4,3.44,165,87,336,,True,1.5
537,32.940809,-117.138294,1672.8,81.6,3.4,166,87,334,,True,1.5
538,32.940803,-117.138268,1675.7,81.6,3.38,166,87,334,,True,1.7
539,32.940793,-117.138233,1678.7,81.6,3.26,166,87,332,,True,1.8
540,32.940783,-117.138208,1681.4,81.6,3.14,167,87,329,,True,1.7
541,32.940778,-117.138175,1684.2,81.8,2.98,167,86,326,,True,1.5
542,32.940779,-117.138134,1687.7,81.8,2.98,168,86,323,,True,1.4
543,32.940777,-117.138095,1691.9,81.8,3.24,168,85,319,,True,0.0
544,32.940779,-117.138051,1695.7,81.8,3.4,168,85,321,,True,0.0
545,32.94077,-117.138024,1698.8,81.8,3.48,169,85,335,,True,0.0
546,32.940764,-117.137985,1702.2,81.8,3.6,169,86,336,,True,1.6
547,32.94076,-117.137957,1704.9,81.8,3.44,169,86,308,,True,1.6
548,32.940756,-117.137922,1708.3,82.0,3.28,170,86,306,,True,1.6
549,32.940762,-117.137885,1711.5,82.0,3.16,170,86,299,,True,1.5
550,32.940763,-117.137856,1714.9,82.0,3.22,170,85,301,,True,0.0
551,32.940768,-117.137811,1718.5,82.0,3.26,170,85,303,,True,1.5
552,32.940765,-117.137785,1721.3,82.0,3.28,170,85,306,,True,1.6
553,32.94077,-117.137752,1724.5,82.2,3.24,170,85,306,,True,1.7
554,32.940775,-117.137718,1727.5,82.2,3.2,170,84,304,,True,3.2
555,32.940776,-117.137689,1730.6,82.2,3.14,170,84,305,,True,1.7
556,32.940776,-117.13765,1733.7,82.4,3.04,171,84,304,,True,1.7
557,32.94078,-117.137625,1736.4,82.4,3.02,171,83,304,,True,1.7
558,32.94078,-117.137599,1739.4,82.4,2.98,171,83,303,,True,0.0
559,32.940781,-117.137561,1742.3,82.4,2.96,171,83,300,,True,0.0
560,32.940778,-117.137534,1745.0,82.4,2.88,171,83,300,,True,0.0
561,32.940778,-117.137502,1748.0,82.4,2.86,170,83,298,,True,0.0
562,32.94078,-117.137474,1750.6,82.4,2.84,171,82,296,,True,0.0
563,32.940779,-117.137445,1753.8,82.4,2.88,171,82,297,,True,0.0
564,32.940782,-117.137406,1757.0,82.4,2.94,171,82,295,,True,-1.6
565,32.940786,-117.137377,1759.8,82.4,2.96,171,83,292,,True,-1.6
566,32.94079,-117.13735,1762.8,82.2,2.96,171,83,290,,True,-3.4
567,32.940798,-117.137308,1766.1,82.2,3.1,170,82,287,,True,-4.9
568,32.940797,-117.137281,1768.8,82.0,3.0,171,82,284,,True,-4.8
569,32.940803,-117.137248,1772.1,81.8,3.02,170,82,280,,True,-4.9
570,32.940807,-117.137209,1775.4,81.6,3.12,170,81,278,,True,-4.6
571,32.940804,-117.137178,1778.4,81.6,3.12,170,81,273,,True,-4.5
572,32.940807,-117.13714,1781.9,81.4,3.16,170,81,270,,True,-4.4
573,32.940813,-117.137101,1785.3,81.2,3.3,170,81,269,,True,-5.8
574,32.940812,-117.137068,1789.0,81.0,3.38,169,81,270,,True,-5.9
575,32.940816,-117.137031,1792.3,80.8,3.38,169,81,271,,True,-6.2
576,32.940818,-117.136997,1795.4,80.6,3.4,168,81,271,,True,-6.3
577,32.940815,-117.13697,1798.2,80.4,3.26,168,80,268,,True,-6.5
578,32.940812,-117.136926,1801.6,80.2,3.26,168,80,266,,True,-6.3
579,32.940807,-117.136897,1804.7,80.0,3.14,168,80,262,,True,-6.1
580,32.940811,-117.136865,1808.2,79.8,3.18,167,80,253,,True,-4.8
581,32.940818,-117.136828,1811.3,79.6,3.18,168,81,249,,True,-4.5
582,32.94082,-117.136801,1814.2,79.6,3.2,167,81,242,,True,-4.4
583,32.940831,-117.136756,1817.9,79.4,3.26,167,82,236,,True,-4.1
584,32.940834,-117.136714,1821.9,79.2,3.44,167,82,232,,True,-4.8
585,32.940844,-117.13667,1826.1,79.0,3.58,167,82,231,,True,-3.6
586,32.940866,-117.136627,1830.7,78.8,3.88,168,84,230,,True,-2.3
587,32.940884,-117.136593,1834.7,78.8,4.1,167,84,231,,True,-1.2
588,32.940904,-117.136546,1839.0,78.8,4.22,167,84,233,,True,0.0
589,32.940915,-117.136513,1842.7,78.8,4.16,167,84,236,,True,0.0
590,32.940934,-117.136474,1846.8,78.8,4.14,167,84,251,,True,0.0
591,32.94096,-117.136445,1850.6,78.8,3.98,166,85,259,,True,0.0
592,32.94097,-117.136419,1853.7,78.8,3.8,166,85,275,,True,0.0
593,32.940991,-117.136383,1857.5,78.8,3.7,165,85,277,,True,1.5
594,32.941014,-117.136365,1860.8,78.8,3.62,165,84,270,,True,1.5
595,32.941034,-117.136342,1864.2,79.0,3.48,165,83,266,,True,3.1
596,32.941058,-117.136314,1867.4,79.0,3.36,165,83,269,,True,2.9
597,32.941069,-117.136288,1870.3,79.2,3.32,166,83,272,,True,1.5
598,32.94109,-117.136251,1874.4,79.2,3.38,165,83,271,,True,1.6
599,32.941103,-117.136226,1877.4,79.2,3.32,165,83,274,,True,-1.5
600,32.94111,-117.136199,1880.2,79.2,3.2,166,83,278,,True,-1.7
601,32.941122,-117.136154,1883.6,79.0,3.24,165,82,283,,True,-1.7
602,32.941128,-117.136129,1886.4,79.0,3.22,165,82,278,,True,-1.6
603,32.941137,-117.136102,1889.3,79.0,2.98,166,83,276,,True,0.0
604,32.941145,-117.136065,1892.4,79.0,3.0,165,83,272,,True,-1.6
605,32.94115,-117.136035,1895.5,79.0,3.06,165,83,270,,True,-1.7
606,32.941153,-117.136,1898.9,78.8,3.06,165,83,269,,True,-1.8
607,32.941146,-117.13597,1901.4,78.8,3.0,165,82,270,,True,-3.5
608,32.941135,-117.13595,1903.8,78.8,2.9,165,82,271,,True,-3.7
609,32.941121,-117.135913,1907.0,78.6,2.92,165,82,262,,True,-3.5
610,32.941118,-117.135885,1909.6,78.4,2.82,165,82,258,,True,-4.9
611,32.941109,-117.135856,1912.8,78.4,2.78,165,82,252,,True,-5.0
612,32.941101,-117.135821,1916.1,78.2,2.94,165,80,255,,True,-3.2
613,32.941089,-117.135792,1918.9,78.0,3.02,165,80,256,,True,-3.2
614,32.941073,-117.135767,1922.0,78.0,3.0,165,80,258,,True,-3.5
615,32.941056,-117.135735,1925.2,78.0,3.12,164,81,261,,True,-1.8
616,32.941043,-117.135716,1927.6,77.8,2.96,164,81,258,,True,-3.7
617,32.941022,-117.135702,1930.3,77.8,2.84,164,81,258,,True,-3.9
618,32.940994,-117.135701,1932.8,77.6,2.78,164,81,249,,True,-3.9
619,32.940973,-117.135705,1935.4,77.6,2.68,165,81,244,,True,-5.9
620,32.940951,-117.135712,1937.9,77.4,2.54,164,81,238,,True,-3.8
621,32.940921,-117.135713,1940.4,77.2,2.56,164,81,237,,True,-5.4
622,32.940901,-117.135719,1943.2,77.2,2.58,164,81,237,,True,-3.4
623,32.940868,-117.135726,1946.5,77.0,2.74,164,81,236,,True,-1.7
624,32.940841,-117.135731,1949.7,77.0,2.86,164,81,235,,True,-1.6
625,32.940818,-117.135732,1952.5,77.0,2.92,164,81,237,,True,0.0
626,32.940786,-117.135731,1955.6,77.0,3.04,164,82,239,,True,0.0
627,32.940762,-117.135733,1958.4,77.0,3.04,164,82,239,,True,-1.7
628,32.940737,-117.135734,1961.6,77.0,3.02,164,82,239,,True,-1.7
629,32.940707,-117.13573,1964.5,76.8,2.96,164,82,238,,True,-3.4
630,32.940689,-117.135733,1967.2,76.8,2.94,164,82,238,,True,-3.6
631,32.940662,-117.135726,1970.0,76.6,2.88,164,81,238,,True,0.0
632,32.940632,-117.135721,1972.8,76.6,2.88,165,81,240,,True,0.0
633,32.940612,-117.135723,1975.5,76.8,2.78,165,81,241,,True,3.4
634,32.940583,-117.135722,1978.6,76.8,2.82,165,81,242,,True,3.5
635,32.940557,-117.135722,1981.6,77.0,2.88,165,81,243,,True,1.7
636,32.940535,-117.135728,1984.1,77.0,2.82,165,81,245,,True,1.8
637,32.940508,-117.135727,1987.1,77.0,2.86,164,81,247,,True,0.0
638,32.940483,-117.13572,1989.7,77.0,2.84,165,80,250,,True,1.8
639,32.940464,-117.135719,1992.3,77.0,2.74,165,80,253,,True,1.8
640,32.940433,-117.135712,1995.4,77.2,2.76,165,80,254,,True,1.8
641,32.940409,-117.135706,1998.1,77.2,2.8,164,80,255,,True,3.4
642,32.940386,-117.135705,2000.8,77.2,2.74,164,80,256,,True,0.0
643,32.940351,-117.135699,2003.9,77.4,2.84,164,81,258,,True,0.0
644,32.940326,-117.135706,2007.0,77.2,2.94,164,81,258,,True,0.0
645,32.940309,-117.135717,2009.4,77.2,2.8,164,81,259,,True,-1.6
646,32.940289,-117.135743,2011.9,77.2,2.76,164,81,263,,True,1.6
647,32.940284,-117.135761,2013.7,77.2,2.58,164,81,264,,True,2.0
648,32.940285,-117.135791,2016.6,77.2,2.54,164,81,266,,True,0.0
649,32.940291,-117.135829,2019.6,77.4,2.52,163,81,268,,True,-3.5
650,32.940295,-117.135853,2022.3,77.2,2.58,163,80,269,,True,-3.6
651,32.940297,-117.135885,2025.2,76.8,2.66,163,80,269,,True,-5.6
652,32.9403,-117.135911,2027.7,76.8,2.8,163,81,268,,True,-3.6
653,32.940301,-117.135936,2030.4,76.8,2.76,164,81,268,,True,0.0
654,32.940301,-117.135972,2033.4,76.8,2.76,163,81,269,,True,0.0
655,32.940297,-117.135993,2035.5,76.8,2.64,162,81,268,,True,0.0
656,32.940291,-117.136023,2038.4,76.8,2.64,161,82,268,,True,0.0
657,32.940292,-117.136057,2041.3,76.8,2.72,160,82,267,,True,0.0
658,32.940298,-117.136089,2044.3,76.8,2.78,159,82,261,,True,0.0
659,32.940296,-117.136129,2048.1,76.8,2.94,159,83,265,,True,0.0
660,32.940294,-117.13616,2051.1,76.8,3.12,158,82,266,,True,0.0
661,32.940299,-117.136185,2053.7,76.8,3.06,158,82,271,,True,0.0
662,32.940304,-117.136224,2056.9,76.8,3.12,157,82,270,,True,0.0
663,32.940298,-117.136247,2059.5,76.8,3.04,157,82,270,,True,0.0
664,32.940291,-117.136281,2062.6,76.8,2.9,157,82,268,,True,0.0
665,32.940289,-117.136319,2065.8,76.8,2.94,157,82,269,,True,1.5
666,32.940294,-117.136348,2069.0,76.8,3.06,157,81,271,,True,1.5
667,32.940289,-117.136391,2072.6,77.0,3.14,157,82,269,,True,0.0
668,32.940281,-117.136421,2075.7,77.0,3.24,158,82,268,,True,0.0
669,32.940282,-117.136448,2078.5,76.8,3.18,157,82,270,,True,-3.3
670,32.94028,-117.136493,2082.1,76.8,3.26,157,82,270,,True,-3.3
671,32.940272,-117.136517,2084.9,76.6,3.18,157,83,270,,True,0.0
672,32.940264,-117.136547,2087.9,76.6,3.06,158,82,271,,True,1.8
673,32.940265,-117.136587,2091.0,76.8,3.06,158,82,271,,True,3.5
674,32.94027,-117.136606,2093.2,77.0,2.94,158,82,271,,True,3.6
675,32.940266,-117.136639,2096.3,77.0,2.84,158,81,270,,True,1.9
676,32.940266,-117.136672,2099.1,77.0,2.84,158,81,274,,True,0.0
677,32.940268,-117.136697,2101.6,77.0,2.74,158,81,275,,True,-1.8
678,32.940267,-117.136729,2104.8,77.0,2.76,159,81,275,,True,-1.9
679,32.940263,-117.136759,2107.5,76.8,2.86,159,80,276,,True,-3.5
680,32.940264,-117.136782,2109.9,76.8,2.72,159,80,275,,True,-3.8
681,32.940272,-117.136818,2113.1,76.6,2.8,159,80,275,,True,-2.0
682,32.940275,-117.13684,2115.4,76.6,2.76,158,81,275,,True,-1.9
683,32.94028,-117.136861,2117.7,76.6,2.58,159,81,273,,True,0.0
684,32.940283,-117.136898,2120.7,76.6,2.64,159,81,273,,True,0.0
685,32.940288,-117.136927,2123.5,76.6,2.72,159,81,271,,True,0.0
686,32.940287,-117.136949,2126.0,76.6,2.58,159,81,269,,True,1.9
687,32.940288,-117.13699,2128.8,76.6,2.68,160,81,269,,True,3.8
688,32.940282,-117.13701,2131.3,76.8,2.72,159,81,270,,True,5.4
689,32.940277,-117.137038,2134.1,77.0,2.68,158,81,272,,True,5.6
690,32.940276,-117.137074,2137.1,77.2,2.72,158,80,271,,True,3.7
691,32.940276,-117.137097,2139.6,77.2,2.72,159,81,271,,True,1.9
692,32.940269,-117.137122,2142.1,77.2,2.66,159,81,270,,True,1.7
693,32.940271,-117.137153,2144.5,77.2,2.64,159,81,270,,True,1.6
694,32.940274,-117.137172,2146.8,77.2,2.54,158,80,272,,True,1.6
695,32.94027,-117.137197,2149.2,77.4,2.42,158,80,271,,True,3.2
696,32.940266,-117.137232,2152.0,77.4,2.48,158,80,271,,True,3.9
697,32.94027,-117.137252,2154.4,77.4,2.46,158,80,274,,True,0.0
698,32.940263,-117.137279,2157.0,77.6,2.5,158,80,273,,True,-1.6
699,32.940257,-117.137314,2159.6,77.4,2.56,157,80,272,,True,-2.0
700,32.94026,-117.137332,2161.9,77.4,2.54,157,80,272,,True,-4.0
701,32.940255,-117.137365,2164.6,77.2,2.52,156,80,271,,True,0.0
702,32.940253,-117.13739,2167.1,77.2,2.54,156,80,268,,True,1.7
703,32.940253,-117.137409,2169.1,77.2,2.42,155,80,269,,True,5.4
704,32.94025,-117.137438,2171.6,77.4,2.4,155,81,268,,True,6.8
705,32.940245,-117.137464,2173.9,77.6,2.4,155,81,267,,True,6.4
706,32.940249,-117.137482,2175.8,77.8,2.24,154,81,267,,True,6.0
707,32.940246,-117.137517,2178.9,78.0,2.36,154,81,268,,True,3.3
708,32.940241,-117.137543,2181.6,78.0,2.5,154,80,271,,True,2.0
709,32.940242,-117.13756,2183.5,78.0,2.38,155,80,273,,True,0.0
710,32.940236,-117.137591,2185.9,78.0,2.4,154,80,274,,True,0.0
711,32.940235,-117.137612,2188.0,78.0,2.44,154,80,272,,True,1.8
712,32.940235,-117.13763,2190.1,78.0,2.24,155,80,272,,True,3.6
713,32.940228,-117.137662,2192.6,78.0,2.2,155,80,272,,True,5.1
714,32.94022,-117.137683,2194.8,78.2,2.26,155,80,272,,True,5.1
715,32.940217,-117.137703,2197.1,78.4,2.24,155,80,272,,True,5.1
716,32.940209,-117.137734,2199.7,78.6,2.34,155,80,273,,True,3.3
717,32.940205,-117.137757,2201.9,78.6,2.36,156,80,274,,True,2.0
718,32.940204,-117.13778,2204.4,78.6,2.36,156,80,272,,True,-1.7
719,32.940201,-117.137815,2207.1,78.6,2.46,156,80,275,,True,-1.6
720,32.9402,-117.137835,2209.2,78.4,2.42,156,79,281,,True,-2.0
721,32.940202,-117.137859,2211.4,78.4,2.34,156,79,284,,True,3.3
722,32.9402,-117.137896,2214.4,78.4,2.5,157,79,285,,True,6.2
723,32.940203,-117.137916,2216.8,78.6,2.48,157,79,287,,True,7.5
724,32.9402,-117.137938,2219.1,79.0,2.4,157,80,287,,True,9.6
725,32.940201,-117.137973,2222.0,79.2,2.56,157,80,291,,True,9.9
726,32.940199,-117.137993,2224.2,79.6,2.56,158,80,293,,True,3.8
727,32.94019,-117.138023,2226.9,79.6,2.5,158,80,292,,True,2.0
728,32.940179,-117.138051,2229.6,79.4,2.56,158,81,287,,True,-5.6
729,32.940178,-117.138074,2232.1,79.4,2.6,159,81,279,,True,-7.8
730,32.94017,-117.138102,2234.9,79.0,2.58,159,81,271,,True,-8.0
731,32.940162,-117.138126,2237.1,78.8,2.58,159,81,266,,True,-7.8
732,32.940158,-117.138148,2239.6,78.6,2.54,159,81,258,,True,0.0
733,32.940151,-117.13818,2242.4,78.6,2.56,159,81,253,,True,3.2
734,32.940145,-117.1382,2244.4,78.8,2.46,159,81,256,,True,5.9
735,32.940142,-117.138223,2246.9,79.0,2.4,158,81,260,,True,6.5
736,32.94013,-117.138257,2249.7,79.2,2.52,158,81,258,,True,5.8
737,32.940122,-117.138278,2252.1,79.4,2.5,158,81,258,,True,1.8
738,32.940113,-117.138303,2254.8,79.4,2.48,158,81,259,,True,-3.6
739,32.940092,-117.138333,2258.0,79.2,2.72,157,80,248,,True,-8.7
740,32.940079,-117.138357,2260.8,78.8,2.78,158,80,242,,True,-10.3
741,32.940067,-117.138382,2263.6,78.4,2.78,158,80,239,,True,-9.2
742,32.940055,-117.138411,2266.5,78.2,2.88,157,80,238,,True,-3.7
743,32.94005,-117.138432,2268.9,78.2,2.82,158,80,238,,True,0.0
744,32.940037,-117.138454,2271.5,78.4,2.7,157,81,236,,True,4.0
745,32.940021,-117.138481,2274.1,78.4,2.66,157,81,237,,True,3.8
746,32.940014,-117.138504,2276.6,78.6,2.6,158,81,236,,True,1.8
747,32.939998,-117.138529,2279.5,78.6,2.6,158,81,233,,True,1.8
748,32.939976,-117.138555,2282.7,78.6,2.76,158,81,231,,True,-1.8
749,32.939967,-117.138574,2285.0,78.6,2.7,158,81,229,,True,-1.8
750,32.93995,-117.138598,2287.8,78.4,2.74,158,80,230,,True,-1.9
751,32.939934,-117.138627,2290.8,78.4,2.84,158,80,230,,True,-1.8
752,32.939929,-117.138647,2293.2,78.4,2.74,158,80,230,,True,0.0
753,32.939913,-117.138676,2296.1,78.4,2.68,158,80,232,,True,1.9
754,32.939893,-117.1387,2299.1,78.4,2.82,158,80,232,,True,1.8
755,32.939885,-117.138719,2301.5,78.6,2.74,158,80,233,,True,0.0
756,32.93987,-117.138751,2304.5,78.6,2.74,157,80,232,,True,0.0
757,32.939853,-117.138772,2307.3,78.4,2.82,157,80,232,,True,-1.7
758,32.939841,-117.138792,2309.8,78.4,2.74,157,80,232,,True,-3.6
759,32.93982,-117.13882,2313.0,78.4,2.78,156,81,233,,True,-1.9
760,32.939806,-117.13884,2315.7,78.2,2.84,156,82,232,,True,-1.8
761,32.9398,-117.138862,2318.0,78.2,2.7,156,82,232,,True,0.0
762,32.939788,-117.138898,2320.9,78.2,2.72,156,82,233,,True,1.9
763,32.939783,-117.138922,2323.5,78.4,2.74,156,81,236,,True,3.6
764,32.939772,-117.138949,2326.1,78.4,2.62,156,80,238,,True,3.7
765,32.93975,-117.138975,2329.2,78.6,2.7,156,80,239,,True,1.9
766,32.939734,-117.138991,2331.6,78.6,2.72,156,80,238,,True,2.0
767,32.939714,-117.139,2334.2,78.6,2.66,156,80,237,,True,-12.0
768,32.939697,-117.139004,2336.2,78.6,2.54,156,81,236,,True,-9.8
769,32.939682,-117.139005,2337.5,78.6,2.28,156,81,232,,True,-9.6
823,32.939648,-117.139003,2337.5,77.6,0.024,117,0,0,,False,-9.6
824,32.939643,-117.139022,2339.4,77.6,0.035,117,0,0,,True,-8.2
825,32.93962,-117.139043,2342.0,77.6,0.08,116,0,0,,True,0.0
826,32.939601,-117.139052,2344.6,77.6,0.125,116,0,0,,True,-1.6
827,32.939562,-117.139062,2348.4,77.6,0.188,115,0,0,,True,-1.5
828,32.939533,-117.139067,2352.2,77.4,0.188,115,83,0,,True,-2.7
829,32.939501,-117.139069,2355.5,77.4,3.22,115,83,321,,True,-2.9
830,32.939467,-117.13907,2359.3,77.2,3.46,116,83,322,,True,0.0
831,32.939441,-117.139071,2362.3,77.2,3.54,116,83,327,,True,1.4
832,32.9394,-117.139069,2366.2,77.4,3.56,116,85,319,,True,2.8
833,32.939367,-117.139071,2370.3,77.6,3.62,117,85,304,,True,2.7
834,32.939335,-117.139074,2373.4,77.6,3.58,117,86,331,,True,1.4
835,32.939302,-117.139082,2377.0,77.6,3.54,117,86,328,,True,-1.5
836,32.939279,-117.139096,2380.0,77.6,3.54,118,85,307,,True,-3.1
837,32.939251,-117.139119,2383.3,77.4,3.42,118,85,301,,True,-4.5
838,32.939235,-117.139144,2386.5,77.2,3.24,120,85,295,,True,-4.5
839,32.939213,-117.139183,2390.3,77.0,3.38,124,85,295,,True,-2.8
840,32.939201,-117.139207,2393.4,77.0,3.28,131,85,296,,True,-1.4
841,32.939194,-117.13925,2397.5,77.0,3.5,133,85,301,,True,0.0
842,32.939191,-117.139288,2400.9,77.0,3.52,134,85,311,,True,2.8
843,32.939183,-117.139323,2404.5,77.0,3.6,134,85,327,,True,4.5
844,32.939174,-117.139364,2407.7,77.4,3.48,135,85,331,,True,7.6
845,32.939166,-117.139397,2410.9,77.6,3.5,135,85,333,,True,10.3
846,32.939143,-117.139433,2414.1,78.0,3.32,136,85,334,,True,9.3
847,32.939119,-117.139429,2416.1,78.2,3.04,137,85,328,,True,8.0
848,32.939106,-117.139405,2418.4,78.4,2.78,138,86,318,,True,2.0
849,32.939098,-117.139378,2420.9,78.4,2.64,139,86,305,,True,0.0
850,32.939109,-117.139342,2424.1,78.2,2.64,140,85,293,,True,-1.4
851,32.939132,-117.139298,2428.7,78.2,2.92,140,81,294,,True,-1.3
852,32.939152,-117.139258,2433.1,78.2,3.4,141,81,296,,True,0.0
853,32.939164,-117.139223,2436.9,78.2,3.7,142,82,330,,True,0.0
854,32.939182,-117.139181,2440.9,78.2,4.0,142,82,337,,True,0.0
855,32.939194,-117.139149,2444.5,78.2,4.08,143,83,342,,True,0.0
856,32.939213,-117.139116,2448.2,78.2,3.9,144,84,338,,True,0.0
857,32.939238,-117.139095,2451.5,78.2,3.68,145,84,324,,True,-1.4
858,32.939261,-117.139075,2454.7,78.2,3.56,146,84,322,,True,-1.5
859,32.9393,-117.139064,2458.3,78.0,3.48,146,85,316,,True,0.0
860,32.939326,-117.139059,2461.5,78.0,3.4,147,84,315,,True,0.0
861,32.939356,-117.139053,2464.9,78.2,3.34,148,84,317,,True,1.5
862,32.939392,-117.139053,2468.5,78.2,3.4,149,83,319,,True,1.4
863,32.93942,-117.139049,2472.0,78.2,3.46,149,84,320,,True,-1.5
864,32.93945,-117.139051,2475.3,78.2,3.4,150,84,318,,True,-1.6
865,32.939476,-117.139055,2478.0,78.0,3.3,150,84,318,,True,-1.6
866,32.9395,-117.139059,2481.2,78.0,3.26,151,83,320,,True,-1.6
867,32.93954,-117.139067,2484.9,78.0,3.28,151,83,318,,True,0.0
868,32.939565,-117.139067,2488.2,78.0,3.24,152,83,319,,True,1.5
869,32.939599,-117.139066,2491.9,78.0,3.32,153,83,317,,True,3.1
870,32.939624,-117.13907,2494.8,78.2,3.36,153,83,317,,True,4.8
871,32.939647,-117.139067,2497.8,78.4,3.32,153,83,317,,True,5.1
872,32.93968,-117.139075,2500.6,78.6,3.14,154,83,317,,True,5.1
873,32.939702,-117.139076,2503.7,78.6,3.1,154,83,317,,True,5.4
874,32.939727,-117.139074,2506.5,78.8,2.92,155,83,317,,True,3.6
875,32.939751,-117.139078,2508.9,79.0,2.82,155,83,318,,True,3.7
876,32.939771,-117.139078,2511.6,79.0,2.76,155,83,317,,True,3.6
877,32.939805,-117.139079,2514.6,79.0,2.8,156,83,314,,True,1.7
878,32.939829,-117.139078,2517.7,79.2,2.8,156,83,314,,True,1.6
879,32.939852,-117.139081,2520.7,79.2,2.84,156,83,315,,True,3.3
880,32.939886,-117.139084,2523.9,79.2,3.0,157,83,314,,True,1.7
881,32.939909,-117.139079,2526.9,79.4,3.06,157,83,312,,True,3.5
882,32.939942,-117.139084,2529.6,79.4,3.0,157,83,312,,True,3.7
883,32.939962,-117.1391,2532.2,79.6,2.9,158,83,312,,True,4.0
884,32.939984,-117.139107,2534.8,79.6,2.82,158,83,309,,True,5.3
885,32.940001,-117.139093,2536.9,79.8,2.6,159,83,304,,True,3.3
886,32.94001,-117.139072,2538.7,80.0,2.36,159,83,299,,True,3.2
887,32.940018,-117.139049,2541.0,80.0,2.28,159,83,291,,True,1.9
888,32.940034,-117.139015,2544.3,80.0,2.42,159,82,285,,True,0.0
889,32.940045,-117.13899,2547.2,80.0,2.48,159,82,290,,True,0.0
890,32.940056,-117.138949,2550.8,80.0,2.78,159,81,302,,True,-1.5
891,32.940067,-117.138918,2554.2,80.0,3.1,159,81,304,,True,-1.5
892,32.940073,-117.138889,2557.4,79.8,3.28,159,81,327,,True,-3.1
893,32.940082,-117.138846,2560.9,79.8,3.32,160,81,328,,True,-4.8
894,32.940085,-117.138824,2563.5,79.6,3.26,160,81,318,,True,-3.2
895,32.940091,-117.138791,2566.6,79.4,3.16,160,81,311,,True,-3.4
896,32.940102,-117.138757,2569.8,79.4,3.12,161,81,296,,True,-1.7
897,32.940106,-117.13873,2572.5,79.4,3.02,161,81,296,,True,0.0
898,32.940113,-117.138698,2575.6,79.4,2.94,161,81,292,,True,0.0
899,32.940123,-117.138669,2578.4,79.4,2.98,161,82,287,,True,1.7
900,32.940124,-117.138645,2581.1,79.4,2.9,161,83,281,,True,1.9
901,32.940129,-117.138605,2584.0,79.6,2.84,161,83,281,,True,3.5
902,32.940129,-117.138583,2586.3,79.6,2.76,162,83,276,,True,3.5
903,32.940133,-117.138551,2589.8,79.8,2.84,161,83,274,,True,3.6
904,32.94014,-117.13852,2592.4,79.8,2.8,161,83,274,,True,3.4
905,32.940143,-117.138493,2595.0,80.0,2.78,162,83,272,,True,1.9
906,32.940144,-117.138462,2597.9,80.0,2.78,161,83,272,,True,3.7
907,32.940146,-117.138432,2600.6,80.0,2.86,161,83,270,,True,0.0
908,32.940148,-117.138408,2603.2,80.2,2.68,162,82,269,,True,0.0
909,32.940152,-117.13837,2606.2,80.0,2.76,161,82,267,,True,0.0
910,32.940151,-117.138345,2608.7,80.0,2.74,161,81,267,,True,0.0
911,32.940152,-117.138318,2611.7,80.0,2.76,162,80,265,,True,1.8
912,32.940158,-117.138284,2614.6,80.2,2.8,161,81,266,,True,3.6
913,32.94016,-117.138256,2617.4,80.2,2.84,161,81,266,,True,3.6
914,32.940162,-117.138233,2619.7,80.4,2.7,161,81,267,,True,1.9
915,32.94017,-117.138197,2622.7,80.4,2.8,161,81,268,,True,1.9
916,32.94017,-117.138171,2625.3,80.4,2.72,161,81,266,,True,0.0
917,32.940172,-117.138136,2628.1,80.4,2.7,161,81,264,,True,-1.8
918,32.94017,-117.138104,2631.2,80.4,2.76,161,82,263,,True,-1.7
919,32.940168,-117.138078,2634.1,80.2,2.88,161,82,261,,True,-3.5
920,32.940167,-117.13804,2637.3,80.2,2.92,161,82,262,,True,-3.7
921,32.940165,-117.138019,2639.6,80.0,2.86,161,82,261,,True,-1.8
922,32.940167,-117.137995,2642.0,80.0,2.78,161,82,259,,True,-3.8
923,32.940172,-117.137956,2645.3,80.0,2.82,161,82,258,,True,-1.7
924,32.940169,-117.137929,2647.9,79.8,2.76,160,82,254,,True,-1.6
925,32.940172,-117.137898,2651.1,79.8,2.76,160,82,251,,True,-3.3
926,32.94018,-117.137861,2654.3,79.8,2.94,160,82,248,,True,-3.2
927,32.940183,-117.137833,2657.5,79.6,3.1,160,82,248,,True,-3.4
928,32.940189,-117.137797,2660.5,79.4,3.04,160,82,248,,True,-5.3
929,32.940193,-117.137773,2662.7,79.4,2.96,160,82,249,,True,-3.5
930,32.940198,-117.137744,2665.7,79.2,2.92,159,82,248,,True,-1.8
931,32.940209,-117.137705,2668.9,79.2,2.92,159,81,246,,True,-3.1
932,32.940214,-117.137681,2671.5,79.2,2.8,159,81,244,,True,0.0
933,32.94022,-117.137644,2675.4,79.0,2.98,159,81,243,,True,-1.5
934,32.940227,-117.137602,2678.8,79.2,3.22,160,81,243,,True,-1.4
935,32.940231,-117.137572,2682.1,79.0,3.28,160,81,247,,True,-1.6
936,32.940233,-117.137537,2685.4,79.0,3.3,160,81,247,,True,-3.2
937,32.940239,-117.137505,2688.3,78.8,3.36,161,81,246,,True,-3.3
938,32.940241,-117.137475,2691.3,78.8,3.18,162,82,248,,True,-5.2
939,32.940244,-117.137438,2694.4,78.6,3.12,163,82,246,,True,-3.5
940,32.940246,-117.137414,2697.0,78.4,2.98,163,82,245,,True,-5.0
941,32.940247,-117.137384,2699.8,78.4,2.88,163,82,245,,True,-3.3
942,32.940257,-117.13734,2703.3,78.2,3.0,164,82,242,,True,-1.5
943,32.940258,-117.137309,2706.5,78.2,3.04,163,81,240,,True,-2.9
944,32.94026,-117.137276,2710.0,78.2,3.12,164,81,238,,True,-1.5
945,32.940266,-117.137235,2713.4,78.0,3.28,164,81,237,,True,-3.0
946,32.940263,-117.137205,2716.4,78.0,3.32,163,81,237,,True,-3.0
947,32.940266,-117.137168,2719.9,77.8,3.32,163,82,236,,True,-3.0
948,32.940271,-117.13713,2723.3,77.8,3.36,163,81,234,,True,-4.5
949,32.940268,-117.137101,2726.6,77.6,3.32,164,81,235,,True,-3.2
950,32.940269,-117.137063,2729.6,77.4,3.24,163,81,234,,True,-4.8
951,32.940271,-117.137032,2732.5,77.4,3.22,163,82,234,,True,-3.3
952,32.940268,-117.137005,2735.8,77.2,3.18,163,82,233,,True,0.0
953,32.940269,-117.136965,2738.8,77.2,3.1,163,82,233,,True,0.0
954,32.940264,-117.136939,2741.6,77.4,3.0,163,82,235,,True,1.6
955,32.940262,-117.1369,2745.1,77.4,3.1,163,82,235,,True,0.0
956,32.940261,-117.136865,2748.0,77.4,3.1,163,83,235,,True,-1.5
957,32.94026,-117.136838,2751.3,77.2,3.1,163,83,237,,True,-1.6
958,32.940258,-117.136793,2754.7,77.2,3.18,163,83,238,,True,-1.5
959,32.94025,-117.136768,2757.4,77.2,3.16,164,82,241,,True,0.0
960,32.940247,-117.136732,2761.0,77.2,3.18,164,81,244,,True,1.5
961,32.940253,-117.136688,2764.8,77.2,3.36,164,81,247,,True,0.0
962,32.940257,-117.136652,2768.4,77.4,3.42,163,82,251,,True,0.0
963,32.940256,-117.136614,2771.9,77.2,3.44,163,82,256,,True,0.0
964,32.94026,-117.136583,2774.9,77.2,3.5,163,82,258,,True,-1.6
965,32.94026,-117.136553,2778.0,77.2,3.4,163,82,259,,True,-1.7
966,32.940263,-117.136514,2781.3,77.2,3.3,163,83,261,,True,-1.6
967,32.940262,-117.136487,2783.9,77.0,3.1,163,83,260,,True,-1.6
968,32.940262,-117.136456,2787.1,77.0,3.04,162,82,261,,True,-1.7
969,32.940264,-117.136417,2790.4,77.0,3.1,162,82,264,,True,0.0
970,32.94026,-117.136391,2793.3,77.0,3.06,162,82,266,,True,1.6
971,32.940262,-117.136354,2796.3,77.0,3.0,162,82,268,,True,3.5
972,32.940265,-117.136324,2799.4,77.2,3.1,162,82,269,,True,3.5
973,32.940266,-117.1363,2801.7,77.4,2.92,162,82,270,,True,3.5
974,32.940268,-117.136261,2804.7,77.4,2.86,162,82,271,,True,1.8
975,32.940268,-117.136233,2807.7,77.4,2.88,163,83,270,,True,0.0
976,32.940272,-117.136202,2810.4,77.4,2.82,162,83,271,,True,1.6
977,32.940273,-117.136168,2813.5,77.4,2.82,162,82,271,,True,1.6
978,32.940271,-117.136134,2816.9,77.6,3.04,162,82,274,,True,1.6
979,32.94027,-117.136092,2820.4,77.6,3.14,162,82,275,,True,1.5
980,32.940263,-117.136066,2823.2,77.6,3.1,162,83,275,,True,0.0
981,32.940262,-117.13603,2826.9,77.6,3.3,162,83,278,,True,1.6
982,32.940268,-117.13599,2830.5,77.6,3.4,162,83,280,,True,1.6
983,32.940267,-117.135966,2833.1,77.8,3.24,162,83,284,,True,1.7
984,32.940268,-117.135933,2835.9,77.8,3.1,163,83,285,,True,1.9
985,32.940271,-117.135902,2838.8,77.8,3.12,163,83,285,,True,0.0
986,32.940264,-117.135878,2841.2,77.8,2.86,163,82,286,,True,-1.9
987,32.940258,-117.13584,2844.1,77.8,2.72,163,82,284,,True,-1.9
988,32.940252,-117.135814,2846.6,77.6,2.7,163,81,283,,True,-1.7
989,32.940249,-117.135785,2849.4,77.6,2.7,163,81,284,,True,-1.7
990,32.940254,-117.135742,2852.8,77.6,2.8,163,81,283,,True,1.5
991,32.940257,-117.135707,2856.0,77.6,2.96,163,81,283,,True,1.4
992,32.940284,-117.135673,2860.0,77.8,3.18,164,82,283,,True,1.4
993,32.94032,-117.135669,2863.5,77.8,3.38,164,82,284,,True,2.7
994,32.940348,-117.135666,2867.0,77.8,3.52,164,82,287,,True,1.5
995,32.940386,-117.135668,2870.7,78.0,3.58,164,82,292,,True,1.4
996,32.940409,-117.13567,2873.5,78.0,3.5,164,82,296,,True,1.3
997,32.940444,-117.135674,2877.8,78.0,3.56,164,83,299,,True,0.0
998,32.940481,-117.135679,2882.0,78.0,3.7,164,83,301,,True,1.3
999,32.940504,-117.135679,2884.8,78.0,3.56,164,83,304,,True,1.4
1000,32.940538,-117.135681,2888.7,78.2,3.6,164,82,304,,True,1.5
1001,32.940568,-117.135687,2892.0,78.2,3.7,164,82,323,,True,0.0
1002,32.940592,-117.135684,2895.0,78.2,3.44,165,82,327,,True,-1.5
1003,32.940629,-117.135672,2898.5,78.0,3.3,165,82,325,,True,-1.6
1004,32.940653,-117.135676,2901.7,78.0,3.38,165,82,325,,True,0.0
1005,32.940675,-117.135676,2904.6,78.0,3.18,165,82,310,,True,1.7
1006,32.940708,-117.135684,2907.5,78.2,3.1,166,82,310,,True,3.5
1007,32.940729,-117.135683,2910.1,78.2,3.02,166,81,304,,True,3.4
1008,32.940756,-117.135686,2913.0,78.4,2.9,166,82,301,,True,1.7
1009,32.940787,-117.135691,2916.2,78.4,2.9,165,82,294,,True,0.0
1010,32.940811,-117.135685,2919.3,78.4,2.94,165,82,293,,True,0.0
1011,32.940844,-117.135683,2922.6,78.2,3.02,165,82,295,,True,0.0
1012,32.940865,-117.135688,2925.2,78.4,3.02,165,82,295,,True,0.0
1013,32.940891,-117.135687,2928.1,78.4,3.02,164,81,297,,True,3.6
1014,32.94092,-117.135687,2931.0,78.4,2.96,164,81,297,,True,1.8
1015,32.940943,-117.135682,2933.8,78.6,2.9,164,82,296,,True,3.5
1016,32.940969,-117.135677,2936.6,78.6,2.8,164,82,295,,True,3.5
1017,32.940997,-117.135676,2939.6,78.8,2.88,164,83,294,,True,1.7
1018,32.94102,-117.135669,2942.4,78.8,2.86,164,83,293,,True,1.7
1019,32.94105,-117.135681,2945.4,78.8,2.88,165,83,295,,True,0.0
1020,32.941065,-117.135711,2948.6,78.8,2.96,165,82,296,,True,0.0
1021,32.941082,-117.135742,2952.3,78.8,3.14,165,81,301,,True,0.0
1022,32.941105,-117.135778,2956.1,78.8,3.3,165,81,306,,True,0.0
1023,32.941122,-117.135798,2959.2,78.8,3.36,165,81,322,,True,0.0
1024,32.941137,-117.135832,2962.7,78.8,3.46,165,82,330,,True,0.0
1025,32.941156,-117.135869,2966.6,78.8,3.6,165,83,333,,True,-1.3
1026,32.94117,-117.135897,2970.1,78.8,3.56,165,83,333,,True,-1.3
1027,32.941177,-117.135944,2974.1,78.6,3.6,165,83,335,,True,-1.3
1028,32.941185,-117.135978,2977.7,78.6,3.7,165,84,334,,True,-1.3
1029,32.941187,-117.136022,2981.6,78.6,3.78,165,85,339,,True,2.7
1030,32.941187,-117.136056,2985.0,78.6,3.68,164,85,339,,True,4.1
1031,32.941177,-117.136092,2988.7,79.0,3.72,165,85,349,,True,4.3
1032,32.941166,-117.136135,2992.3,79.2,3.64,164,85,350,,True,5.8
1033,32.941163,-117.136163,2995.6,79.2,3.58,164,84,354,,True,4.7
1034,32.941151,-117.136195,2998.7,79.4,3.42,164,84,355,,True,3.3
1035,32.941139,-117.136221,3001.4,79.6,3.28,164,84,349,,True,4.8
1036,32.941126,-117.136246,3004.6,79.6,3.18,164,83,343,,True,4.6
1037,32.941104,-117.136286,3008.2,79.8,3.18,164,83,333,,True,2.8
1038,32.941089,-117.136312,3011.7,80.0,3.22,164,83,333,,True,2.8
1039,32.941069,-117.136346,3015.6,80.0,3.38,164,83,344,,True,0.0
1040,32.941052,-117.136376,3018.9,80.0,3.5,164,83,346,,True,-2.5
1041,32.941027,-117.136416,3023.4,79.8,3.76,164,83,366,,True,-3.6
1042,32.941008,-117.136453,3027.9,79.6,3.94,165,83,376,,True,-3.4
1043,32.94098,-117.136496,3032.5,79.4,4.16,165,83,397,,True,-2.3
1044,32.940957,-117.136526,3036.8,79.4,4.24,165,86,434,,True,-1.2
1045,32.940932,-117.136564,3041.1,79.4,4.44,165,90,433,,True,0.0
1046,32.94092,-117.136598,3044.9,79.4,4.3,165,90,427,,True,0.0
1047,32.940907,-117.136637,3048.6,79.4,4.14,166,91,404,,True,-1.4
1048,32.940891,-117.136667,3052.2,79.4,3.94,166,90,365,,True,-1.4
1049,32.940873,-117.136698,3055.7,79.2,3.78,166,89,356,,True,0.0
1050,32.940855,-117.136732,3059.1,79.2,3.6,166,89,357,,True,1.5
1051,32.940842,-117.136761,3062.2,79.4,3.46,167,89,347,,True,3.3
1052,32.940833,-117.136793,3065.3,79.6,3.34,167,89,346,,True,3.4
1053,32.94083,-117.136814,3067.9,79.6,3.14,167,88,336,,True,3.6
1054,32.940828,-117.136857,3070.9,79.6,3.04,167,88,331,,True,3.8
1055,32.940831,-117.136876,3073.2,79.8,2.82,167,87,323,,True,5.6
1056,32.940824,-117.136906,3075.9,80.0,2.74,167,86,326,,True,8.0
1057,32.940826,-117.136937,3078.7,80.2,2.68,168,86,319,,True,9.4
1058,32.94083,-117.136957,3080.9,80.4,2.6,168,86,318,,True,10.0
1059,32.940834,-117.136994,3083.8,80.8,2.58,168,85,320,,True,8.1
1060,32.940835,-117.137011,3085.9,81.0,2.54,167,84,320,,True,7.8
1061,32.940832,-117.137038,3088.3,81.0,2.48,168,83,321,,True,5.2
1062,32.940832,-117.137071,3091.1,81.2,2.48,168,83,317,,True,5.1
1063,32.940835,-117.137088,3093.2,81.4,2.46,168,83,321,,True,5.2
1064,32.940828,-117.137114,3095.4,81.4,2.32,168,83,321,,True,3.4
1065,32.940824,-117.137139,3097.7,81.6,2.36,169,83,307,,True,3.4
1066,32.940824,-117.137159,3099.9,81.6,2.32,169,83,311,,True,3.5
1067,32.940819,-117.137192,3102.7,81.6,2.32,170,82,316,,True,1.7
1068,32.940814,-117.137217,3104.9,81.8,2.34,171,81,322,,True,1.8
1069,32.940817,-117.137236,3106.9,81.8,2.3,172,81,320,,True,3.8
1070,32.94082,-117.137262,3109.2,81.8,2.3,173,81,322,,True,3.6
1071,32.940816,-117.137284,3111.3,81.8,2.28,173,81,315,,True,5.5
1072,32.940818,-117.137301,3113.2,82.0,2.1,173,81,311,,True,7.5
1073,32.940819,-117.137335,3116.0,82.2,2.22,174,80,313,,True,10.8
1074,32.940817,-117.137352,3117.9,82.4,2.2,174,80,317,,True,9.4
1075,32.940815,-117.137369,3119.9,82.6,2.14,174,80,316,,True,10.1
1076,32.94081,-117.137403,3122.4,83.0,2.22,174,80,316,,True,9.4
1077,32.940809,-117.137413,3123.8,83.0,2.12,174,80,318,,True,7.5
1078,32.940806,-117.137435,3125.9,83.2,1.98,174,80,317,,True,5.7
1079,32.94081,-117.137471,3128.7,83.4,2.16,173,80,316,,True,6.8
1080,32.940807,-117.137485,3130.6,83.4,2.14,174,81,317,,True,6.8
1081,32.940801,-117.13751,3132.9,83.6,2.1,173,81,314,,True,3.4
1082,32.940806,-117.137543,3135.6,83.8,2.36,173,81,328,,True,3.2
1083,32.940808,-117.137562,3137.7,84.0,2.36,173,81,332,,True,2.0
1084,32.940805,-117.137595,3140.5,83.8,2.36,173,81,330,,True,0.0
1085,32.940803,-117.137621,3143.1,83.8,2.5,173,80,342,,True,-3.6
1086,32.940807,-117.137646,3145.7,83.8,2.56,173,80,329,,True,-3.7
1087,32.940803,-117.137684,3148.7,83.6,2.62,173,80,326,,True,-5.0
1088,32.940805,-117.13771,3151.4,83.4,2.74,173,80,318,,True,-4.6
1089,32.940805,-117.137752,3155.0,83.2,2.9,173,82,315,,True,-4.2
1090,32.940806,-117.137792,3158.8,83.2,3.14,173,82,305,,True,-5.2
1091,32.940802,-117.137833,3162.9,83.0,3.44,173,82,312,,True,-3.8
1092,32.940797,-117.137878,3166.8,82.6,3.62,173,83,357,,True,-2.5
1093,32.940796,-117.137913,3170.6,82.6,3.84,173,85,361,,True,-1.3
1094,32.940795,-117.137967,3174.9,82.8,3.98,172,85,354,,True,1.3
1095,32.940798,-117.137998,3178.4,82.8,3.92,172,86,355,,True,2.8
1096,32.940796,-117.138037,3181.9,82.8,3.8,172,86,326,,True,3.1
1097,32.9408,-117.138067,3184.9,83.0,3.62,173,86,314,,True,3.2
1098,32.940801,-117.138094,3187.7,83.2,3.42,172,86,309,,True,3.5
1099,32.940808,-117.138135,3190.8,83.2,3.18,172,85,287,,True,1.8
1100,32.940815,-117.138156,3193.4,83.2,3.0,172,84,287,,True,-1.7
1101,32.940816,-117.138189,3196.3,83.2,2.88,171,84,282,,True,-3.6
1102,32.94082,-117.138221,3199.3,83.0,2.88,171,84,280,,True,-5.2
1103,32.940827,-117.138245,3201.9,82.8,2.84,170,84,278,,True,-7.2
1104,32.940828,-117.138283,3204.9,82.6,2.82,170,83,278,,True,-9.2
1105,32.940825,-117.138307,3207.4,82.4,2.8,169,83,273,,True,-7.1
1106,32.940826,-117.138336,3210.2,82.0,2.78,169,83,268,,True,-1.8
1107,32.940831,-117.138373,3213.2,82.0,2.78,169,83,265,,True,0.0
1108,32.940841,-117.138394,3215.8,82.4,2.78,169,82,265,,True,3.5
1109,32.940846,-117.138427,3218.6,82.4,2.74,168,82,265,,True,3.7
1110,32.940848,-117.138457,3221.6,82.4,2.84,168,82,266,,True,0.0
1111,32.940854,-117.138482,3224.1,82.4,2.78,168,82,267,,True,-1.8
1112,32.940853,-117.138518,3227.2,82.4,2.8,168,82,266,,True,-1.8
1113,32.940853,-117.138541,3229.7,82.2,2.78,168,83,265,,True,-1.7
1114,32.94085,-117.138573,3232.8,82.2,2.84,168,83,261,,True,-3.6
1115,32.940849,-117.138608,3235.6,82.2,2.8,168,83,264,,True,-3.3
1116,32.940851,-117.138631,3238.2,82.0,2.82,169,83,262,,True,-3.4
1117,32.940851,-117.138672,3241.7,81.8,2.9,170,83,261,,True,-1.7
1118,32.940862,-117.138698,3244.6,81.8,2.98,171,83,263,,True,3.4
1119,32.940862,-117.138725,3247.4,82.0,2.92,172,83,268,,True,7.1
1120,32.940868,-117.138762,3250.1,82.4,2.9,172,82,269,,True,8.8
1121,32.940875,-117.138785,3253.0,82.6,2.96,172,82,270,,True,5.3
1122,32.940875,-117.138818,3255.9,82.8,2.84,172,82,270,,True,0.0
1123,32.940876,-117.138852,3258.7,82.6,2.82,171,82,269,,True,-3.3
1124,32.940886,-117.138877,3261.7,82.4,2.86,171,83,269,,True,-4.8
1125,32.940885,-117.138919,3265.2,82.2,3.02,170,83,269,,True,-1.6
1126,32.940889,-117.13895,3268.4,82.2,3.08,170,83,269,,True,0.0
1127,32.940891,-117.138976,3271.2,82.4,3.06,170,81,276,,True,3.4
1128,32.94089,-117.139015,3274.2,82.4,3.1,170,82,277,,True,3.5
1129,32.940891,-117.139043,3277.1,82.6,3.08,170,82,279,,True,1.7
1130,32.94089,-117.139071,3279.9,82.6,2.94,170,82,279,,True,0.0
1131,32.940889,-117.139104,3283.0,82.6,2.92,169,82,277,,True,-3.5
1132,32.940895,-117.139129,3285.4,82.4,2.84,169,81,276,,True,-5.5
1133,32.940894,-117.139165,3288.4,82.2,2.84,169,81,275,,True,-3.7
1134,32.940896,-117.139189,3290.9,82.0,2.76,169,81,275,,True,0.0
1135,32.940898,-117.139219,3293.9,82.2,2.8,169,82,274,,True,3.7
1136,32.940902,-117.139257,3297.1,82.4,2.82,170,82,275,,True,5.4
1137,32.940907,-117.139277,3299.3,82.6,2.78,169,82,276,,True,3.7
1138,32.940901,-117.139307,3302.0,82.6,2.72,169,82,277,,True,2.0
1139,32.940899,-117.139339,3304.7,82.6,2.76,169,82,277,,True,0.0
1140,32.940902,-117.139363,3307.3,82.6,2.68,169,83,277,,True,0.0
1141,32.940898,-117.139402,3310.5,82.6,2.68,170,83,274,,True,0.0
1142,32.940897,-117.139427,3313.2,82.6,2.78,169,83,275,,True,1.8
1143,32.940896,-117.13945,3315.6,82.6,2.72,170,82,277,,True,1.8
1144,32.940892,-117.139489,3318.6,82.8,2.78,170,82,279,,True,1.8
1145,32.94089,-117.139516,3321.5,82.8,2.84,169,82,279,,True,1.6
1146,32.940882,-117.139549,3324.6,82.8,2.82,169,82,279,,True,0.0
1147,32.940877,-117.139589,3328.3,82.8,3.02,169,81,280,,True,-1.4
1148,32.940874,-117.13962,3331.6,82.8,3.2,169,82,281,,True,-1.4
1149,32.940867,-117.139667,3335.4,82.6,3.36,169,82,285,,True,-2.9
1150,32.940869,-117.139698,3338.6,82.6,3.42,169,82,286,,True,-4.4
1151,32.940866,-117.139732,3342.0,82.4,3.48,169,82,287,,True,-3.1
1152,32.940862,-117.13977,3345.2,82.2,3.38,169,83,285,,True,-4.6
1153,32.940857,-117.139801,3348.5,82.2,3.38,168,83,284,,True,-3.2
1154,32.940854,-117.139836,3351.6,82.0,3.24,168,83,282,,True,-1.6
1155,32.94085,-117.139866,3354.4,82.0,3.16,168,84,280,,True,-3.3
1156,32.940847,-117.139896,3357.4,82.0,3.08,168,84,279,,True,-1.7
1157,32.940845,-117.139935,3360.6,81.8,3.08,168,84,278,,True,-1.7
1158,32.940845,-117.139961,3363.3,81.8,2.96,167,84,277,,True,-3.4
1159,32.94084,-117.139994,3366.3,81.8,2.94,167,84,278,,True,-1.7
1160,32.940839,-117.140026,3369.3,81.6,2.98,167,84,279,,True,-3.1
1161,32.940838,-117.140057,3372.3,81.6,2.98,167,83,277,,True,-3.1
1162,32.940831,-117.140099,3376.0,81.4,3.08,167,83,277,,True,-3.0
1163,32.940829,-117.140127,3379.1,81.4,3.16,167,83,276,,True,-3.1
1164,32.940824,-117.140169,3382.5,81.2,3.24,167,84,275,,True,-1.7
1165,32.940828,-117.140194,3385.3,81.2,3.2,167,84,276,,True,0.0
1166,32.940829,-117.140218,3387.9,81.2,3.12,166,84,277,,True,3.9
1167,32.940832,-117.140251,3390.4,81.4,2.88,166,84,278,,True,5.7
1168,32.940833,-117.140274,3392.8,81.6,2.74,166,83,277,,True,5.7
1169,32.94083,-117.140304,3395.9,81.8,2.68,166,83,276,,True,3.7
1170,32.940826,-117.140336,3398.5,81.8,2.64,167,83,276,,True,0.0
1171,32.940827,-117.140357,3401.1,81.8,2.64,166,82,276,,True,-1.9
1172,32.940821,-117.140392,3403.8,81.6,2.68,166,82,275,,True,-3.8
1173,32.940811,-117.140418,3406.6,81.6,2.76,166,82,273,,True,-5.4
1174,32.940806,-117.140444,3409.1,81.4,2.64,166,82,272,,True,-3.3
1175,32.940804,-117.140482,3412.3,81.2,2.76,166,82,273,,True,-3.0
1176,32.940798,-117.140515,3415.9,81.2,2.96,166,82,274,,True,-2.8
1177,32.940791,-117.140563,3420.1,81.2,3.26,166,83,273,,True,0.0
1178,32.940792,-117.140595,3423.6,81.0,3.4,165,83,328,,True,0.0
1179,32.940786,-117.14065,3428.1,81.2,3.8,166,83,330,,True,0.0
1180,32.940785,-117.140686,3432.0,81.2,3.94,166,87,357,,True,1.2
1181,32.94078,-117.140738,3436.6,81.2,4.14,166,88,361,,True,1.3
1182,32.94078,-117.14077,3440.0,81.2,3.98,167,88,376,,True,1.4
1183,32.940773,-117.140805,3443.4,81.4,3.96,167,88,350,,True,0.0
1184,32.940767,-117.140842,3446.6,81.4,3.7,167,88,312,,True,0.0
1185,32.940763,-117.140868,3449.6,81.2,3.52,167,87,312,,True,0.0
1186,32.940764,-117.140917,3453.4,81.2,3.36,168,87,302,,True,0.0
1187,32.940764,-117.140948,3456.7,81.4,3.34,168,86,304,,True,2.9
1188,32.940763,-117.140989,3460.1,81.4,3.34,168,85,316,,True,3.0
1189,32.940762,-117.141022,3463.6,81.6,3.4,168,85,322,,True,2.9
1190,32.940752,-117.141056,3466.8,81.6,3.44,168,85,329,,True,2.9
1191,32.940745,-117.141099,3470.6,81.8,3.44,168,85,332,,True,1.4
1192,32.940745,-117.141129,3473.9,81.8,3.44,168,86,326,,True,1.4
1193,32.940738,-117.141179,3477.8,81.8,3.54,168,85,326,,True,0.0
1194,32.940735,-117.141209,3481.2,81.8,3.52,168,85,337,,True,-1.4
1195,32.940722,-117.141246,3484.7,81.8,3.58,168,85,338,,True,0.0
1196,32.940707,-117.141284,3488.5,81.6,3.58,169,85,338,,True,0.0
1197,32.940689,-117.141313,3492.4,81.8,3.7,169,85,338,,True,-1.3
1198,32.940658,-117.141351,3496.7,81.8,3.78,169,85,338,,True,-1.3
1199,32.940643,-117.141383,3500.5,81.6,3.86,169,85,344,,True,-3.8
1200,32.940615,-117.141413,3504.4,81.4,3.94,169,85,348,,True,-5.3
1201,32.940588,-117.141436,3508.3,81.2,3.96,169,85,344,,True,-5.2
1202,32.940561,-117.141456,3511.8,81.0,3.88,170,85,344,,True,-6.6
1203,32.940523,-117.141479,3516.0,80.8,3.86,170,85,339,,True,-6.6
1204,32.940501,-117.141499,3519.6,80.4,3.82,170,84,335,,True,-6.6
1205,32.940468,-117.141523,3523.4,80.2,3.8,171,84,332,,True,-5.4
1206,32.940443,-117.141539,3527.0,80.0,3.74,171,84,329,,True,-4.0
1207,32.940415,-117.14156,3530.7,80.0,3.78,172,84,327,,True,-5.6
1208,32.940385,-117.141582,3534.5,79.8,3.7,172,84,325,,True,-4.3
1209,32.940363,-117.141602,3537.7,79.4,3.62,172,84,322,,True,-6.2
1210,32.940337,-117.141619,3541.1,79.4,3.54,172,84,319,,True,-8.1
1211,32.940316,-117.141626,3543.7,79.2,3.34,172,84,315,,True,-5.0
1212,32.940288,-117.141648,3546.8,78.8,3.22,173,83,317,,True,-3.4
1213,32.940267,-117.141668,3549.8,78.8,3.06,173,84,315,,True,-3.2
1214,32.940247,-117.141685,3553.0,79.0,3.06,173,84,308,,True,0.0
1215,32.940217,-117.141702,3556.2,78.8,3.02,173,84,302,,True,-1.6
1216,32.940199,-117.141721,3559.0,78.8,3.06,172,86,295,,True,-6.2
1217,32.940171,-117.141743,3562.4,78.6,3.12,173,87,287,,True,-5.9
1218,32.940142,-117.141761,3565.9,78.2,3.22,173,87,279,,True,-6.7
1219,32.940115,-117.14178,3569.7,78.0,3.34,173,87,278,,True,-6.6
1220,32.940079,-117.141802,3574.0,77.8,3.56,173,83,281,,True,-3.8
1221,32.940056,-117.141825,3577.6,77.6,3.72,173,83,280,,True,-2.5
1222,32.940024,-117.141845,3581.6,77.6,3.84,173,83,286,,True,-1.3
1223,32.939992,-117.141865,3585.7,77.6,3.96,173,83,288,,True,0.0
1224,32.939966,-117.141878,3589.1,77.6,3.88,173,84,296,,True,0.0
1225,32.939933,-117.141896,3592.5,77.6,3.7,173,84,296,,True,-1.5
1226,32.939914,-117.141914,3595.3,77.6,3.54,172,84,293,,True,-1.5
1227,32.939882,-117.141929,3598.8,77.4,3.44,172,84,289,,True,-3.1
1228,32.939851,-117.141941,3602.7,77.4,3.4,172,83,283,,True,-4.6
1229,32.939834,-117.14196,3605.3,77.2,3.24,171,83,286,,True,-3.2
1230,32.939813,-117.141985,3608.4,77.0,3.18,171,83,286,,True,-5.2
1231,32.939794,-117.142005,3611.3,77.0,3.2,171,83,286,,True,-3.3
1232,32.939772,-117.14202,3614.3,76.8,3.1,171,82,286,,True,-1.7
1233,32.939749,-117.142044,3617.5,76.8,2.96,171,82,290,,True,-1.8
1234,32.939737,-117.142064,3620.1,76.8,2.96,171,82,291,,True,0.0
1235,32.939722,-117.142087,3622.6,76.8,2.84,170,83,293,,True,1.9
1236,32.939708,-117.142115,3625.6,76.8,2.86,170,82,296,,True,1.9
1237,32.9397,-117.142136,3628.1,77.0,2.76,170,80,301,,True,0.0
1238,32.939685,-117.142166,3630.9,77.0,2.68,170,80,282,,True,-1.5
1239,32.939676,-117.142187,3633.1,76.8,2.6,170,80,271,,True,-3.8
1240,32.939673,-117.14221,3635.5,76.8,2.58,170,81,265,,True,-4.0
1241,32.939663,-117.142247,3638.7,76.6,2.62,170,82,256,,True,0.0
1242,32.939656,-117.142265,3640.9,76.6,2.56,169,82,258,,True,0.0
1243,32.939652,-117.142287,3642.9,76.6,2.4,169,82,266,,True,3.4
1244,32.939659,-117.142317,3645.5,76.8,2.48,169,81,269,,True,3.2
1245,32.939661,-117.142338,3647.4,76.8,2.38,169,81,266,,True,3.8
1246,32.939659,-117.142367,3650.3,77.0,2.32,169,81,266,,True,1.9
1247,32.939664,-117.142405,3653.4,77.0,2.5,169,81,268,,True,0.0
1248,32.939671,-117.142426,3655.9,77.0,2.6,168,81,272,,True,-3.5
1249,32.93967,-117.142461,3659.1,76.8,2.72,168,81,279,,True,-5.6
1250,32.939672,-117.142491,3661.7,76.6,2.86,168,81,277,,True,-7.3
1251,32.939675,-117.142514,3664.2,76.4,2.78,168,81,278,,True,-5.7
1252,32.939669,-117.142547,3666.9,76.2,2.7,168,81,278,,True,-1.9
1253,32.939658,-117.142573,3669.6,76.2,2.74,168,81,275,,True,1.8
1254,32.939652,-117.142596,3672.4,76.4,2.66,168,81,277,,True,7.2
1255,32.939646,-117.142636,3675.4,76.6,2.74,167,81,279,,True,8.8
1256,32.939636,-117.142659,3678.0,77.0,2.76,168,82,284,,True,6.7
1257,32.939631,-117.142689,3680.9,77.2,2.8,167,82,286,,True,5.1
1258,32.93964,-117.142729,3684.3,77.2,2.94,167,82,284,,True,-1.7
1259,32.939652,-117.142753,3687.1,77.2,2.94,167,82,286,,True,-6.8
1260,32.939668,-117.142781,3690.0,76.8,2.92,167,80,289,,True,-8.8
1261,32.939689,-117.142801,3692.7,76.4,2.94,167,80,290,,True,-10.2
1262,32.939705,-117.142821,3695.6,76.2,2.94,167,80,284,,True,-6.9
1263,32.939725,-117.142852,3698.9,76.0,2.92,167,81,280,,True,-3.3
1264,32.939736,-117.142874,3701.6,76.0,2.9,167,82,275,,True,-1.6
1265,32.939745,-117.142903,3704.7,76.0,2.94,167,83,275,,True,1.7
1266,32.939758,-117.142937,3707.8,76.0,3.02,167,83,283,,True,0.0
1267,32.939773,-117.142958,3710.5,76.2,2.98,166,83,283,,True,0.0
1268,32.939785,-117.142987,3713.5,76.0,2.92,166,82,283,,True,-1.8
1269,32.939791,-117.143013,3715.9,76.0,2.86,166,82,281,,True,-3.4
1270,32.939799,-117.14304,3718.7,75.8,2.8,167,82,278,,True,-3.6
1271,32.939806,-117.143077,3722.1,75.8,2.86,166,82,273,,True,-1.8
1272,32.939802,-117.143102,3724.7,75.6,2.84,166,81,274,,True,0.0
1273,32.939804,-117.143131,3727.3,75.8,2.76,166,81,275,,True,0.0
1274,32.939805,-117.143169,3730.6,75.8,2.94,166,81,275,,True,1.7
1275,32.939798,-117.143193,3733.2,75.8,2.9,165,81,276,,True,-1.7
1276,32.939789,-117.143228,3736.5,75.8,2.88,165,81,275,,True,-3.5
1277,32.939792,-117.143261,3739.4,75.6,2.94,165,82,276,,True,-3.3
1278,32.939796,-117.143283,3741.9,75.4,2.92,165,82,275,,True,-5.1
1279,32.939799,-117.143324,3745.3,75.4,2.94,165,83,274,,True,-3.6
1280,32.939799,-117.143352,3748.2,75.2,3.0,164,82,274,,True,0.0
1281,32.939803,-117.143373,3750.5,75.2,2.8,164,81,274,,True,0.0
1282,32.939804,-117.143415,3753.9,75.4,2.9,164,81,273,,True,1.8
1283,32.939812,-117.14344,3756.5,75.4,2.92,164,81,271,,True,1.7
1284,32.939809,-117.143467,3759.3,75.4,2.8,163,81,269,,True,1.9
1285,32.939812,-117.143501,3762.1,75.4,2.78,163,81,270,,True,1.9
1286,32.939811,-117.143525,3764.6,75.6,2.82,163,81,273,,True,1.9
1287,32.939807,-117.143552,3767.1,75.6,2.64,163,81,274,,True,4.0
1288,32.939812,-117.143582,3769.6,75.6,2.62,163,81,274,,True,1.9
1289,32.939818,-117.143606,3772.2,75.8,2.58,163,81,273,,True,1.9
1290,32.939818,-117.14364,3775.1,75.8,2.6,163,81,272,,True,1.9
1291,32.939815,-117.143666,3777.7,75.8,2.62,164,82,272,,True,0.0
1292,32.93982,-117.143691,3780.3,75.8,2.64,164,82,272,,True,0.0
1293,32.939816,-117.143733,3783.6,75.8,2.8,164,82,272,,True,0.0
1294,32.939809,-117.143755,3786.2,75.8,2.8,165,81,273,,True,0.0
1295,32.939801,-117.143786,3789.5,75.8,2.88,165,81,274,,True,0.0
1296,32.939795,-117.14382,3792.5,75.8,2.96,165,81,275,,True,0.0
1297,32.939802,-117.143842,3794.7,75.8,2.88,165,81,274,,True,-1.9
1298,32.939808,-117.143869,3797.1,75.8,2.7,165,81,274,,True,-1.9
1299,32.939813,-117.143904,3800.1,75.6,2.78,165,82,273,,True,-3.7
1300,32.939817,-117.143926,3802.9,75.6,2.68,165,83,271,,True,-3.5
1301,32.939817,-117.143966,3805.6,75.4,2.62,165,83,270,,True,-1.7
1302,32.939817,-117.143994,3808.6,75.4,2.78,165,83,269,,True,-1.7
1303,32.939816,-117.144024,3811.9,75.4,2.96,165,82,271,,True,0.0
1304,32.939812,-117.144061,3814.9,75.4,2.96,165,82,271,,True,0.0
1305,32.939813,-117.144085,3817.5,75.4,2.92,165,82,272,,True,0.0
1306,32.939813,-117.144116,3820.4,75.4,2.96,165,82,272,,True,-1.7
1307,32.939818,-117.144153,3823.6,75.4,3.0,165,82,272,,True,-1.5
1308,32.93982,-117.14418,3826.7,75.2,2.96,165,82,272,,True,-2.8
1309,32.939827,-117.14423,3830.7,75.2,3.16,165,82,271,,True,-2.5
1310,32.939836,-117.144268,3834.6,75.0,3.42,165,82,270,,True,-2.3
1311,32.939844,-117.144325,3839.6,75.0,3.84,164,81,274,,True,-2.3
1312,32.939843,-117.144364,3844.0,74.8,4.08,164,81,277,,True,-1.1
1313,32.939846,-117.144416,3848.4,74.8,4.34,164,81,381,,True,0.0
1314,32.939845,-117.144457,3852.5,74.8,4.36,164,81,383,,True,0.0
1315,32.939849,-117.144505,3856.8,75.0,4.44,165,91,371,,True,0.0
1316,32.93985,-117.144543,3860.8,74.8,4.24,166,92,369,,True,0.0
1317,32.939849,-117.144588,3864.4,74.8,4.08,167,92,341,,True,0.0
1318,32.939849,-117.144626,3868.3,74.8,3.98,167,92,337,,True,1.3
1319,32.939851,-117.144673,3872.5,75.0,4.0,167,92,330,,True,1.3
1320,32.939854,-117.144703,3875.7,75.0,3.78,167,92,330,,True,1.4
1321,32.93986,-117.144753,3879.8,75.0,3.8,168,92,330,,True,0.0
1322,32.939862,-117.144778,3882.6,75.0,3.64,168,88,343,,True,0.0
1323,32.939853,-117.144817,3886.1,75.0,3.56,169,88,311,,True,0.0
1324,32.939855,-117.144847,3889.0,75.0,3.3,169,87,316,,True,0.0
1325,32.939852,-117.144879,3892.4,75.0,3.34,169,87,307,,True,-1.6
1326,32.939853,-117.144918,3895.4,75.0,3.12,170,87,309,,True,-1.5
1327,32.939856,-117.144946,3898.5,74.8,3.18,170,86,307,,True,-1.6
1328,32.939853,-117.144992,3902.3,74.8,3.24,170,85,306,,True,-1.6
1329,32.939845,-117.145018,3905.3,74.8,3.26,169,85,307,,True,1.6
1330,32.939842,-117.145046,3908.0,74.8,3.12,170,85,310,,True,1.8
1331,32.939846,-117.145082,3911.0,75.0,3.12,170,84,312,,True,1.8
1332,32.939854,-117.145104,3913.4,75.0,2.98,170,84,306,,True,1.8
1333,32.939851,-117.145143,3916.6,75.0,2.86,170,84,304,,True,0.0
1334,32.939849,-117.14517,3919.3,75.0,2.8,171,84,300,,True,0.0
1335,32.939847,-117.1452,3922.3,75.0,2.86,171,84,300,,True,1.9
1336,32.939848,-117.145232,3925.0,75.0,2.8,171,83,299,,True,1.8
1337,32.939857,-117.145252,3927.3,75.2,2.78,171,83,300,,True,3.8
1338,32.93986,-117.145285,3930.3,75.2,2.74,171,83,298,,True,3.9
1339,32.939867,-117.145313,3932.9,75.4,2.72,171,83,295,,True,1.9
1340,32.939872,-117.145334,3935.2,75.4,2.58,172,83,296,,True,1.9
1341,32.93987,-117.145368,3938.1,75.4,2.62,172,83,296,,True,0.0
1342,32.93987,-117.145399,3941.0,75.4,2.74,172,83,289,,True,0.0
1343,32.939874,-117.145424,3943.7,75.4,2.68,172,82,289,,True,1.9
1344,32.939877,-117.145454,3946.2,75.4,2.66,173,81,291,,True,1.6
1345,32.939874,-117.145477,3948.6,75.6,2.68,173,81,290,,True,2.0
1346,32.939877,-117.1455,3950.9,75.6,2.56,173,81,290,,True,2.0
1347,32.939883,-117.145537,3953.9,75.6,2.58,173,81,288,,True,1.9
1348,32.939887,-117.145561,3956.4,75.6,2.54,173,81,287,,True,0.0
1349,32.939891,-117.145589,3959.3,75.8,2.62,173,81,286,,True,0.0
1350,32.939896,-117.145625,3962.4,75.6,2.76,173,81,286,,True,-1.9
1351,32.939898,-117.145648,3964.9,75.6,2.8,174,82,285,,True,-3.7
1352,32.939899,-117.145672,3967.1,75.4,2.64,173,80,284,,True,-3.3
1353,32.9399,-117.145705,3970.0,75.4,2.72,173,80,285,,True,-1.7
1354,32.9399,-117.145725,3972.1,75.4,2.56,173,80,281,,True,0.0
1355,32.9399,-117.145749,3974.4,75.2,2.4,173,81,281,,True,0.0
1356,32.939901,-117.14578,3977.0,75.4,2.42,173,81,279,,True,0.0
1357,32.939903,-117.145802,3979.4,75.4,2.46,172,81,276,,True,2.0
1358,32.939904,-117.145831,3981.9,75.4,2.38,172,81,276,,True,0.0
1359,32.939904,-117.145862,3984.6,75.4,2.5,172,80,274,,True,0.0
1360,32.939908,-117.145882,3987.0,75.4,2.52,172,80,271,,True,-2.0
1361,32.93991,-117.145914,3989.8,75.4,2.56,172,81,270,,True,0.0
1362,32.939911,-117.14594,3992.1,75.2,2.54,172,81,269,,True,1.6
1363,32.939916,-117.145957,3994.1,75.4,2.44,173,80,269,,True,1.7
1364,32.939919,-117.145993,3996.7,75.4,2.42,172,80,269,,True,3.2
1365,32.93992,-117.146016,3999.3,75.6,2.46,172,81,268,,True,1.9
1366,32.939915,-117.14604,4001.8,75.6,2.4,172,80,267,,True,1.6
1367,32.939915,-117.146075,4004.6,75.6,2.5,172,80,266,,True,-1.6
1368,32.939916,-117.146092,4006.6,75.6,2.5,172,80,265,,True,-1.6
1369,32.939911,-117.14612,4009.2,75.6,2.5,172,80,263,,True,-3.3
1370,32.939915,-117.146151,4011.5,75.4,2.44,172,81,261,,True,-3.9
1371,32.939914,-117.146173,4014.2,75.4,2.48,171,81,259,,True,-4.0
1372,32.939907,-117.146204,4016.9,75.2,2.46,171,81,256,,True,-3.9
1373,32.939909,-117.146231,4019.3,75.2,2.54,171,81,255,,True,-3.9
1374,32.939911,-117.146254,4021.8,75.0,2.52,171,81,253,,True,-1.9
1375,32.93991,-117.146283,4024.4,75.0,2.58,171,81,252,,True,-1.9
1376,32.939912,-117.146317,4027.2,75.0,2.6,171,81,251,,True,0.0
1377,32.939914,-117.146338,4029.7,75.0,2.56,171,80,249,,True,0.0
1378,32.939918,-117.14637,4032.6,75.0,2.66,171,81,249,,True,0.0
1379,32.939921,-117.1464,4035.4,75.0,2.72,170,81,248,,True,0.0
1380,32.939926,-117.146419,4037.6,75.0,2.64,170,81,248,,True,2.0
1381,32.939926,-117.14645,4040.1,75.0,2.58,169,81,247,,True,3.3
1382,32.939922,-117.146477,4042.6,75.2,2.58,169,81,246,,True,4.0
1383,32.939923,-117.146498,4045.0,75.2,2.48,168,81,246,,True,3.9
1384,32.939923,-117.146532,4047.6,75.4,2.44,167,81,247,,True,0.0
1385,32.939925,-117.146556,4050.3,75.4,2.54,167,81,247,,True,0.0
1386,32.939925,-117.146577,4052.3,75.4,2.44,167,81,247,,True,-1.7
1387,32.939925,-117.14661,4054.9,75.2,2.46,167,81,247,,True,-3.5
1388,32.939928,-117.146632,4057.5,75.2,2.5,166,81,245,,True,-3.6
1389,32.939927,-117.146653,4059.6,75.2,2.4,167,80,245,,True,-1.8
1390,32.939929,-117.146681,4061.6,75.0,2.26,167,80,245,,True,-3.5
1391,32.939931,-117.146698,4063.5,75.0,2.24,166,80,244,,True,-3.4
1392,32.939925,-117.146728,4066.2,75.0,2.26,166,80,242,,True,-3.2
1393,32.939923,-117.146758,4069.0,74.8,2.3,166,80,240,,True,-3.7
1394,32.939929,-117.14678,4071.4,74.8,2.36,166,81,238,,True,-1.9
1395,32.939925,-117.146814,4074.2,74.6,2.52,166,81,238,,True,0.0
1396,32.939919,-117.146842,4076.8,74.8,2.66,166,81,238,,True,1.9
1397,32.939922,-117.146863,4079.3,74.8,2.62,166,81,238,,True,4.0
1398,32.939919,-117.146895,4081.8,75.0,2.56,165,80,239,,True,3.3
1399,32.939925,-117.146918,4084.3,75.0,2.58,165,81,238,,True,1.7
1400,32.939937,-117.14694,4086.5,75.0,2.46,165,81,238,,True,0.0
1401,32.939949,-117.146968,4089.1,75.2,2.46,165,80,237,,True,0.0
1402,32.939957,-117.146989,4091.4,75.0,2.42,165,80,237,,True,0.0
1403,32.939961,-117.14702,4094.0,75.0,2.44,165,81,236,,True,-1.6
1404,32.93996,-117.147041,4096.5,75.0,2.44,164,81,237,,True,0.0
1405,32.939962,-117.147066,4098.8,75.0,2.46,164,81,238,,True,0.0
1406,32.939968,-117.147105,4102.0,75.0,2.58,164,85,237,,True,1.6
1407,32.939971,-117.147143,4105.8,75.0,2.88,164,85,235,,True,1.5
1408,32.939974,-117.147185,4109.4,75.2,3.08,164,85,240,,True,1.4
1409,32.939977,-117.147212,4112.5,75.2,3.2,163,85,315,,True,4.6
1410,32.939972,-117.147257,4115.9,75.2,3.42,163,87,319,,True,4.6
1411,32.939973,-117.147285,4118.8,75.6,3.36,163,87,311,,True,4.5
1412,32.93996,-117.147319,4122.4,75.8,3.32,164,87,302,,True,6.2
1413,32.939946,-117.147353,4125.8,75.8,3.28,164,87,293,,True,3.0
1414,32.939939,-117.147379,4128.8,76.0,3.26,165,86,304,,True,3.2
1415,32.939927,-117.147416,4132.0,76.0,3.22,165,86,314,,True,3.2
1416,32.939921,-117.147443,4134.9,76.2,3.22,165,85,303,,True,3.1
1417,32.939907,-117.147476,4138.2,76.2,3.16,166,84,295,,True,3.3
1418,32.939901,-117.147511,4141.7,76.4,3.18,166,84,303,,True,1.6
1419,32.939896,-117.147536,4144.3,76.4,3.1,166,84,303,,True,1.7
1420,32.939888,-117.147574,4147.4,76.4,3.08,166,83,304,,True,0.0
1421,32.939889,-117.1476,4150.2,76.4,3.06,167,83,303,,True,1.6
1422,32.939881,-117.147633,4153.5,76.4,3.06,167,84,303,,True,1.6
1423,32.939869,-117.147667,4156.7,76.6,3.0,167,84,309,,True,0.0
1424,32.939863,-117.147694,4159.6,76.6,3.06,167,83,310,,True,-1.7
1425,32.939852,-117.147727,4162.5,76.4,3.02,167,83,309,,True,-3.5
1426,32.939847,-117.147755,4165.2,76.2,3.0,168,83,306,,True,-3.4
1427,32.939842,-117.147783,4168.0,76.2,2.9,168,83,300,,True,0.0
1428,32.939837,-117.147822,4171.3,76.2,2.92,168,83,297,,True,1.7
1429,32.939828,-117.147849,4174.2,76.4,2.92,168,82,300,,True,3.3
1430,32.939821,-117.147876,4177.2,76.4,2.94,169,82,301,,True,3.4
1431,32.939817,-117.147913,4180.3,76.6,3.02,169,82,303,,True,1.8
1432,32.939816,-117.147937,4183.0,76.6,3.0,169,82,306,,True,0.0
1433,32.939809,-117.147964,4185.6,76.6,2.86,169,81,300,,True,-1.9
1434,32.939811,-117.147995,4188.1,76.4,2.78,169,81,296,,True,-1.9
1435,32.939809,-117.148022,4190.8,76.4,2.72,170,81,294,,True,-3.6
1436,32.939798,-117.148053,4193.8,76.4,2.7,170,81,281,,True,-5.3
1437,32.939792,-117.148088,4196.8,76.2,2.76,170,81,277,,True,-6.7
1438,32.939794,-117.148113,4199.5,75.8,2.78,170,80,276,,True,-6.8
1439,32.939793,-117.148152,4202.8,75.6,2.94,169,80,274,,True,-6.8
1440,32.939787,-117.14818,4205.6,75.6,2.96,170,80,275,,True,-3.4
1441,32.939784,-117.148209,4208.6,75.4,2.96,170,81,272,,True,0.0
1442,32.939781,-117.148241,4211.4,75.4,2.92,170,81,270,,True,0.0
1443,32.939785,-117.148264,4213.7,75.6,2.84,169,81,271,,True,3.7
1444,32.939782,-117.148291,4216.4,75.6,2.72,170,82,270,,True,4.0
1445,32.939786,-117.148328,4219.5,75.8,2.78,169,82,265,,True,0.0
1446,32.939788,-117.148344,4221.5,75.8,2.58,169,81,265,,True,-2.0
1447,32.93978,-117.148372,4224.1,75.6,2.54,169,81,264,,True,-6.2
1448,32.939774,-117.148399,4226.4,75.4,2.54,169,81,259,,True,-7.3
1449,32.939768,-117.148423,4228.9,75.2,2.5,169,81,256,,True,-8.4
1450,32.939768,-117.148467,4232.5,75.0,2.6,169,81,253,,True,-6.9
1451,32.939771,-117.1485,4236.0,74.6,2.9,169,81,252,,True,-5.0
1452,32.939781,-117.148558,4240.9,74.4,3.36,169,80,257,,True,-3.6
1453,32.939784,-117.148593,4244.8,74.4,3.68,169,80,262,,True,0.0
1454,32.939784,-117.148645,4249.2,74.4,4.06,168,80,354,,True,1.2
1455,32.939791,-117.148689,4253.6,74.6,4.22,168,80,383,,True,1.2
1456,32.939796,-117.148738,4257.9,74.6,4.38,169,88,373,,True,0.0
1457,32.939802,-117.148772,4261.4,74.6,4.1,169,89,373,,True,-2.6
1458,32.939801,-117.14882,4265.7,74.4,4.18,170,89,349,,True,-2.6
1459,32.939799,-117.148857,4269.2,74.2,4.0,171,89,331,,True,-2.6
1460,32.9398,-117.148894,4273.0,74.2,3.88,171,89,297,,True,-1.4
1461,32.939804,-117.148936,4276.5,74.2,3.72,171,88,304,,True,0.0
1462,32.939813,-117.14896,4279.5,74.2,3.62,171,88,292,,True,1.6
1463,32.939827,-117.149001,4283.0,74.2,3.46,171,88,295,,True,3.2
1464,32.939838,-117.149024,4285.9,74.4,3.34,172,88,290,,True,4.8
1465,32.939839,-117.149056,4289.0,74.6,3.2,172,86,282,,True,8.4
1466,32.93984,-117.149092,4292.0,74.8,3.1,172,86,288,,True,8.1
1467,32.939848,-117.149118,4294.9,75.2,3.08,172,85,288,,True,5.0
1468,32.939852,-117.14916,4298.3,75.4,3.06,172,85,288,,True,3.4
1469,32.939853,-117.149186,4301.0,75.2,3.02,172,84,290,,True,-1.7
1470,32.939858,-117.149214,4303.9,75.2,2.98,172,84,289,,True,-3.7
1471,32.939863,-117.149248,4306.7,75.0,2.94,172,84,290,,True,-1.7
1472,32.939872,-117.149268,4309.2,75.0,2.86,172,84,288,,True,-1.8
1473,32.939884,-117.149307,4312.5,75.0,2.84,172,84,286,,True,1.8
1474,32.939885,-117.149334,4315.1,75.0,2.82,172,84,285,,True,1.7
1475,32.939891,-117.14936,4318.0,75.2,2.82,172,84,284,,True,3.9
1476,32.939903,-117.149391,4320.7,75.2,2.8,173,83,284,,True,4.8
1477,32.939913,-117.149406,4322.7,75.4,2.7,172,82,288,,True,5.0
1478,32.939923,-117.149428,4324.9,75.6,2.48,172,82,290,,True,5.3
1479,32.939937,-117.149454,4327.5,75.6,2.48,173,82,288,,True,3.4
1480,32.939949,-117.149474,4330.0,75.8,2.4,173,81,287,,True,3.5
1481,32.93996,-117.14949,4332.1,75.8,2.28,175,80,289,,True,1.9
1482,32.939978,-117.149512,4334.5,75.8,2.36,175,80,291,,True,0.0
1483,32.939987,-117.14952,4336.2,76.0,2.26,175,80,284,,True,2.0
1484,32.94,-117.149532,4338.0,75.8,2.1,174,80,281,,True,1.7
1485,32.940019,-117.149547,4340.1,75.8,2.02,175,80,266,,True,1.8
1486,32.940034,-117.14955,4341.9,76.0,1.96,175,80,259,,True,1.8
1487,32.940048,-117.149556,4343.7,76.0,1.84,174,80,257,,True,3.4
1488,32.940063,-117.149577,4345.7,76.0,1.9,174,80,247,,True,1.7
1489,32.940071,-117.149595,4347.5,76.2,1.9,174,80,250,,True,-1.8
1490,32.940074,-117.149617,4349.6,76.2,1.9,174,80,248,,True,-3.5
1491,32.940068,-117.149646,4352.2,76.0,2.06,173,80,245,,True,-6.3
1492,32.940051,-117.149667,4354.8,75.8,2.22,172,79,245,,True,-7.6
1493,32.940036,-117.149686,4357.2,75.6,2.3,171,78,248,,True,-7.4
1494,32.94002,-117.149711,4360.1,75.4,2.52,170,78,249,,True,-9.3
1495,32.94,-117.149735,4363.0,75.2,2.68,170,78,246,,True,-9.3
1496,32.939989,-117.149755,4365.5,74.8,2.66,170,78,252,,True,-7.5
1497,32.939973,-117.149778,4368.0,74.6,2.64,170,78,252,,True,-7.8
1498,32.939962,-117.149808,4370.8,74.6,2.72,170,78,250,,True,-5.7
1499,32.93996,-117.149832,4373.3,74.4,2.64,170,79,249,,True,-3.8
1500,32.93996,-117.149862,4376.0,74.2,2.6,170,81,241,,True,-3.9
1501,32.939966,-117.149892,4378.6,74.2,2.62,169,80,244,,True,0.0
1502,32.939976,-117.149908,4381.0,74.2,2.6,169,80,242,,True,3.6
1503,32.939984,-117.149927,4383.0,74.2,2.44,169,78,243,,True,4.0
1504,32.939994,-117.14995,4385.2,74.4,2.38,169,79,235,,True,6.7
1505,32.940001,-117.149965,4387.2,74.6,2.24,169,79,224,,True,5.9
1506,32.940008,-117.149977,4388.6,74.6,2.0,169,79,221,,True,7.5
1507,32.940015,-117.14999,4389.9,74.8,1.78,169,79,215,,True,9.0
1508,32.940017,-117.150006,4391.1,74.8,1.62,169,79,199,,True,12.2
1509,32.940021,-117.15002,4392.5,74.8,1.46,169,79,187,,True,12.4
1510,32.940026,-117.15003,4393.7,75.0,1.3,169,79,179,,True,11.4
1511,32.94003,-117.150035,4394.1,75.2,1.1,168,79,178,,False,13.7
1512,32.940035,-117.15004,4394.7,75.4,0.96,168,57,163,,True,14.7
1513,32.940041,-117.150041,4395.0,75.6,0.78,167,57,71,,False,14.8
1514,32.940048,-117.150051,4396.5,75.8,0.8,166,56,67,,True,17.3
1515,32.940055,-117.15006,4397.7,75.8,0.8,166,56,74,,True,18.6
1516,32.94006,-117.150072,4398.8,76.0,0.94,166,55,89,,True,18.7
1517,32.940066,-117.15008,4399.8,76.2,1.02,166,55,95,,True,16.8
1518,32.940073,-117.150086,4400.8,76.4,1.16,166,53,102,,True,15.4
1519,32.940082,-117.150092,4401.9,76.4,1.08,165,51,102,,True,16.2
1520,32.940088,-117.150098,4402.9,76.6,1.04,164,50,106,,True,18.2
1521,32.940092,-117.150103,4403.4,76.8,0.92,164,50,112,,True,16.5
1522,32.940098,-117.150111,4404.4,77.0,0.92,164,49,117,,True,16.1
1523,32.940104,-117.150118,4405.4,77.2,0.92,163,48,115,,True,15.7
1524,32.940109,-117.150126,4406.4,77.4,0.9,163,49,117,,True,16.0
1525,32.940116,-117.150135,4407.6,77.6,0.94,163,49,119,,True,16.0
1526,32.940127,-117.150144,4408.7,77.8,1.06,162,49,120,,True,13.3
1527,32.940132,-117.150153,4409.7,77.8,1.06,163,49,122,,True,13.0
1528,32.940137,-117.150164,4411.0,78.0,1.12,163,48,124,,True,10.6
1529,32.940141,-117.15017,4411.9,78.0,1.1,162,48,122,,True,7.5
1530,32.940149,-117.150176,4412.9,78.2,1.06,162,46,120,,True,7.8
1531,32.940159,-117.15018,4413.9,78.2,1.04,163,47,120,,True,9.6
1532,32.940174,-117.150188,4415.2,78.4,1.1,163,49,121,,True,8.0
1533,32.940185,-117.15019,4416.7,78.4,1.14,162,49,125,,True,11.8
1534,32.940195,-117.150194,4418.2,78.4,1.26,162,50,125,,True,9.3
1535,32.940201,-117.150198,4419.0,78.6,1.22,162,50,127,,True,10.8
1536,32.940209,-117.150201,4420.1,78.8,1.24,163,50,128,,True,10.1
1537,32.940219,-117.150202,4421.0,78.8,1.16,162,50,129,,True,11.5
1538,32.940231,-117.150206,4422.1,79.2,1.08,162,50,130,,True,10.3
1539,32.940245,-117.150213,4423.7,79.2,1.1,162,51,130,,True,6.2
1540,32.940254,-117.150223,4425.0,79.4,1.2,162,51,130,,True,6.6
1541,32.940256,-117.150249,4427.1,79.6,1.4,162,51,133,,True,3.0
1542,32.940259,-117.150284,4429.9,79.6,1.78,162,51,137,,True,1.7
1543,32.940267,-117.150315,4433.1,79.6,2.2,162,0,0,,True,1.5
1544,32.940275,-117.150355,4436.9,79.6,2.64,161,0,0,,True,2.8
1545,32.94028,-117.150392,4440.3,79.8,3.06,162,0,0,,True,3.9
1546,32.940283,-117.150432,4444.2,80.0,3.42,162,83,369,,True,4.1
1547,32.94028,-117.150475,4448.3,80.2,3.68,162,83,393,,True,2.7
1548,32.94028,-117.150506,4451.5,80.2,3.68,163,83,432,,True,2.7
1549,32.940285,-117.150553,4455.3,80.2,3.68,163,83,442,,True,0.0
1550,32.940292,-117.150585,4458.8,80.4,3.7,164,83,434,,True,-1.3
1551,32.94029,-117.150627,4462.8,80.2,3.72,165,84,419,,True,-1.4
1552,32.940288,-117.150671,4466.5,80.0,3.64,167,85,423,,True,-4.0
1553,32.940289,-117.150701,4470.0,80.0,3.7,168,85,433,,True,-2.8
1554,32.940288,-117.150748,4473.7,79.8,3.68,168,85,428,,True,-1.4
1555,32.940298,-117.150781,4477.2,79.8,3.68,168,84,417,,True,-1.4
1556,32.940301,-117.150826,4481.1,79.8,3.66,168,84,414,,True,0.0
1557,32.940305,-117.150864,4484.8,79.8,3.66,168,84,417,,True,2.6
1558,32.940307,-117.1509,4488.5,79.8,3.7,169,84,420,,True,5.4
1559,32.940309,-117.150943,4492.3,80.2,3.72,169,84,420,,True,5.5
1560,32.940317,-117.15097,4495.8,80.6,3.72,169,84,422,,True,5.8
1561,32.940323,-117.151013,4499.3,80.6,3.64,168,84,418,,True,3.0
1562,32.940325,-117.151046,4502.2,80.6,3.48,169,84,415,,True,0.0
1563,32.940325,-117.151084,4505.6,80.6,3.42,169,84,410,,True,0.0
1564,32.940327,-117.151125,4509.3,80.6,3.4,169,84,407,,True,1.5
1565,32.940324,-117.151148,4512.0,80.6,3.24,169,84,407,,True,1.5
1566,32.94032,-117.15119,4515.6,80.8,3.26,170,84,406,,True,1.5
1567,32.940329,-117.15123,4519.3,80.8,3.42,170,84,405,,True,1.4
1568,32.940329,-117.151261,4522.6,80.8,3.4,170,84,398,,True,1.4
1569,32.940329,-117.151304,4526.2,80.8,3.38,171,84,397,,True,3.0
1570,32.940332,-117.151334,4529.4,81.0,3.48,172,83,399,,True,3.0
1571,32.940328,-117.151371,4532.8,81.2,3.44,172,83,393,,True,1.6
1572,32.940332,-117.151407,4536.0,81.2,3.34,172,83,379,,True,0.0
1573,32.940338,-117.151433,4539.0,81.0,3.28,171,83,367,,True,-1.6
1574,32.940343,-117.151474,4542.1,81.0,3.18,172,82,357,,True,-3.4
1575,32.940341,-117.151503,4545.1,81.0,3.14,172,82,346,,True,0.0
1576,32.94034,-117.151534,4547.9,80.8,3.02,172,82,345,,True,0.0
1577,32.940343,-117.151575,4551.3,81.0,3.06,172,82,338,,True,0.0
1578,32.940343,-117.1516,4554.3,81.0,3.06,171,83,330,,True,1.6
1579,32.940337,-117.151639,4557.4,81.0,3.06,172,83,327,,True,0.0
1580,32.940334,-117.15167,4560.6,81.0,3.1,172,83,325,,True,0.0
1581,32.940329,-117.151701,4563.7,81.0,3.16,172,83,323,,True,0.0
1582,32.940339,-117.151736,4566.6,81.0,3.06,172,83,322,,True,0.0
1583,32.940351,-117.151759,4569.3,81.0,3.0,172,83,319,,True,0.0
1584,32.940354,-117.1518,4573.0,81.0,3.12,172,83,316,,True,1.6
1585,32.940351,-117.151829,4576.0,81.0,3.08,172,83,315,,True,3.1
1586,32.940346,-117.151858,4579.1,81.2,3.08,173,83,318,,True,3.5
1587,32.940341,-117.151891,4582.0,81.4,3.08,173,82,323,,True,3.5
1588,32.940337,-117.151915,4584.4,81.4,3.02,173,82,324,,True,1.7
1589,32.940333,-117.151946,4587.3,81.4,2.86,174,82,321,,True,-1.7
1590,32.940334,-117.151987,4590.6,81.4,2.92,174,83,315,,True,-3.1
1591,32.940337,-117.152015,4593.6,81.2,2.9,173,83,311,,True,-3.1
1592,32.940342,-117.15206,4597.5,81.0,3.1,173,83,309,,True,-3.0
1593,32.940342,-117.152084,4600.0,81.0,3.12,173,82,309,,True,-1.5
1594,32.940342,-117.152123,4603.9,81.0,3.32,174,83,303,,True,-1.6
1595,32.940355,-117.152157,4606.8,81.0,3.24,173,84,303,,True,-3.0
1596,32.940365,-117.152183,4609.7,80.8,3.22,173,84,298,,True,-1.6
1597,32.940376,-117.152225,4613.3,80.6,3.16,173,84,300,,True,0.0
1598,32.940379,-117.152254,4616.6,80.8,3.32,173,83,301,,True,4.4
1599,32.94039,-117.152291,4620.4,81.0,3.3,172,83,306,,True,9.4
1600,32.940399,-117.152321,4623.3,81.4,3.3,172,83,308,,True,7.8
1601,32.940403,-117.152346,4626.0,81.8,3.26,172,84,310,,True,8.5
1602,32.940404,-117.152385,4629.4,81.8,3.22,172,85,312,,True,5.0
1603,32.940403,-117.152411,4632.1,82.0,3.1,173,85,314,,True,-1.6
1604,32.940398,-117.152448,4635.4,82.0,3.0,173,85,315,,True,-1.7
1605,32.940402,-117.15248,4638.3,81.6,3.0,174,84,314,,True,-4.7
1606,32.940404,-117.152509,4641.2,81.6,3.04,174,83,312,,True,-5.0
1607,32.940405,-117.152552,4644.8,81.4,3.08,174,83,314,,True,0.0
1608,32.940408,-117.152578,4647.4,81.4,3.06,173,83,318,,True,1.6
1609,32.940419,-117.152609,4650.4,81.6,3.0,174,83,315,,True,9.5
1610,32.940444,-117.152635,4653.8,81.8,3.1,174,83,315,,True,13.4
1611,32.94047,-117.152654,4657.4,82.6,3.24,174,83,319,,True,15.4
1612,32.940499,-117.15267,4660.8,83.2,3.2,173,83,321,,True,15.9
1613,32.940536,-117.152687,4664.7,83.8,3.46,174,83,327,,True,10.7
1614,32.940572,-117.152712,4668.9,84.2,3.7,174,83,332,,True,4.0
1615,32.940596,-117.152729,4672.4,84.2,3.72,174,83,349,,True,-1.4
1616,32.940617,-117.152759,4675.9,83.8,3.7,174,83,356,,True,-7.8
1617,32.94062,-117.152787,4678.6,83.6,3.56,174,88,350,,True,-9.8
1618,32.940625,-117.152816,4681.7,83.2,3.4,173,88,352,,True,-8.8
1619,32.940629,-117.152853,4684.6,83.0,3.14,174,86,354,,True,-7.8
1620,32.940637,-117.152877,4687.2,82.8,2.96,174,86,359,,True,-4.8
1621,32.940637,-117.152923,4691.4,82.6,3.1,174,85,354,,True,-1.6
1622,32.940638,-117.152952,4694.3,82.6,3.14,174,84,355,,True,0.0
1623,32.940639,-117.152981,4697.2,82.8,3.1,174,83,352,,True,1.8
1624,32.940641,-117.153018,4700.0,82.8,3.08,174,83,351,,True,3.3
1625,32.940651,-117.153041,4702.8,82.8,3.12,174,83,339,,True,3.4
1626,32.940657,-117.153085,4706.3,83.0,2.98,173,84,333,,True,5.0
1627,32.940655,-117.153111,4709.1,83.2,2.96,174,84,334,,True,4.9
1628,32.940654,-117.15314,4712.1,83.4,2.98,174,84,334,,True,3.6
1629,32.940651,-117.153176,4715.0,83.4,3.0,174,84,335,,True,3.4
1630,32.940656,-117.153198,4717.5,83.4,2.94,174,83,333,,True,1.8
1631,32.940653,-117.153231,4720.7,83.6,2.88,174,83,331,,True,2.0
1632,32.940651,-117.153258,4723.3,83.6,2.84,175,83,331,,True,1.9
1633,32.940654,-117.153281,4725.2,83.6,2.62,175,83,331,,True,1.6
1634,32.940652,-117.153311,4728.0,83.6,2.6,175,83,328,,True,2.0
1635,32.940657,-117.153337,4730.2,83.8,2.54,176,83,327,,True,3.6
1636,32.94066,-117.153366,4733.3,83.8,2.52,176,83,327,,True,5.6
1637,32.940662,-117.1534,4736.2,84.0,2.58,176,83,326,,True,3.6
1638,32.94067,-117.153419,4738.7,84.2,2.7,176,82,327,,True,3.5
1639,32.940665,-117.153449,4741.2,84.2,2.64,176,82,326,,True,1.8
1640,32.940664,-117.153468,4743.1,84.2,2.58,176,82,323,,True,1.9
1641,32.940665,-117.153484,4744.6,84.2,2.26,176,82,323,,True,4.2
1642,32.940664,-117.153511,4747.1,84.2,2.18,177,82,317,,True,5.2
1643,32.940663,-117.153533,4749.2,84.4,2.1,176,82,320,,True,5.1
1644,32.940667,-117.153549,4750.7,84.6,1.9,176,82,308,,True,5.9
1645,32.940666,-117.153575,4752.7,84.8,1.92,177,82,300,,True,3.7
1646,32.940672,-117.153596,4754.9,84.8,2.06,176,82,283,,True,1.6
1647,32.940674,-117.153626,4757.2,84.8,2.02,176,82,278,,True,0.0
1648,32.940674,-117.153658,4760.1,84.8,2.18,176,82,277,,True,1.7
1649,32.940675,-117.153687,4763.3,84.8,2.52,176,83,274,,True,3.3
1650,32.940674,-117.153729,4766.7,85.0,2.8,176,83,289,,True,1.6
1651,32.940674,-117.153753,4769.5,85.2,2.92,176,83,308,,True,0.0
1652,32.940674,-117.153782,4772.3,85.0,3.02,176,83,316,,True,-1.8
1653,32.940672,-117.153818,4775.4,84.8,3.06,176,82,312,,True,-3.6
1654,32.940674,-117.153838,4777.9,84.8,2.92,176,82,305,,True,-1.9
1655,32.940671,-117.153866,4780.5,84.8,2.76,175,82,296,,True,1.6
1656,32.940668,-117.153893,4782.8,84.8,2.66,176,82,287,,True,1.7
1657,32.94067,-117.153915,4785.1,84.8,2.56,176,82,281,,True,3.6
1658,32.940668,-117.153945,4787.6,85.0,2.44,176,81,271,,True,5.4
1659,32.940673,-117.153968,4789.9,85.0,2.4,175,81,268,,True,7.5
1660,32.940676,-117.153987,4791.7,85.2,2.24,175,81,268,,True,6.1
1661,32.940681,-117.154015,4793.9,85.4,2.22,175,81,265,,True,6.4
1662,32.940696,-117.154029,4795.8,85.6,2.14,175,81,258,,True,5.8
1663,32.940709,-117.154043,4797.5,85.6,1.98,176,81,254,,True,2.0
1664,32.940731,-117.154065,4800.1,85.8,2.04,175,81,246,,True,2.0
1665,32.940742,-117.154071,4802.1,85.8,2.08,175,81,245,,True,1.9
1666,32.940759,-117.154075,4804.1,85.6,2.04,175,81,240,,True,0.0
1667,32.940783,-117.15407,4805.9,85.8,2.02,175,81,240,,True,1.8
1668,32.940799,-117.154065,4808.2,85.8,2.14,174,81,242,,True,5.3
1669,32.940819,-117.15406,4810.5,85.8,2.08,174,80,239,,True,3.3
1670,32.940848,-117.15406,4813.2,86.0,2.22,174,80,239,,True,3.4
1671,32.940863,-117.154057,4815.5,86.2,2.28,174,80,242,,True,5.2
1672,32.940887,-117.154063,4818.0,86.2,2.42,174,80,250,,True,5.5
1673,32.940903,-117.154067,4820.1,86.2,2.38,174,80,253,,True,7.5
1674,32.940917,-117.154068,4822.1,86.4,2.32,173,80,256,,True,9.5
1675,32.94094,-117.154079,4824.2,86.6,2.2,173,80,259,,True,10.8
1676,32.940957,-117.154083,4826.2,87.0,2.14,173,80,260,,True,10.7
1677,32.940974,-117.154088,4828.5,87.2,2.1,173,80,262,,True,10.7
1678,32.941001,-117.154099,4831.2,87.4,2.22,173,80,266,,True,7.1
1679,32.941015,-117.154102,4833.3,87.6,2.24,173,80,270,,True,7.2
1680,32.941035,-117.154105,4835.4,87.8,2.24,173,81,272,,True,5.7
1681,32.941059,-117.154111,4837.5,87.8,2.26,173,81,276,,True,4.9
1682,32.941077,-117.154107,4839.6,88.0,2.22,173,82,277,,True,3.9
1683,32.941103,-117.154108,4841.8,88.0,2.12,172,82,276,,True,1.7
1684,32.941139,-117.154096,4845.6,88.2,2.46,172,82,273,,True,0.0
1685,32.941165,-117.154076,4849.1,88.0,2.74,172,82,270,,True,-1.2
1686,32.9412,-117.154038,4853.8,88.0,3.26,172,81,266,,True,-3.3
1687,32.941223,-117.154003,4858.5,87.8,3.78,173,81,262,,True,-3.1
1688,32.941248,-117.153954,4863.6,87.6,4.36,173,81,463,,True,-5.1
1689,32.941267,-117.15391,4868.5,87.4,4.58,173,88,458,,True,-5.1
1690,32.941286,-117.15386,4873.4,87.0,4.86,173,89,448,,True,-4.2
1691,32.941301,-117.153813,4878.1,86.8,4.86,173,89,432,,True,-4.3
1692,32.941315,-117.153768,4882.6,86.8,4.82,173,90,387,,True,-3.3
1693,32.941332,-117.153721,4887.2,86.6,4.72,173,91,376,,True,-2.3
1694,32.941354,-117.153675,4891.7,86.4,4.64,174,91,367,,True,-3.5
1695,32.941366,-117.15364,4895.7,86.4,4.46,174,91,362,,True,-2.5
1696,32.941387,-117.153597,4899.9,86.2,4.36,174,91,360,,True,-1.4
1697,32.941399,-117.153565,4903.3,86.2,4.14,174,90,343,,True,0.0
1698,32.94141,-117.153534,4906.1,86.2,3.78,174,90,339,,True,3.9
1699,32.941431,-117.153512,4908.9,86.4,3.44,174,90,322,,True,5.8
1700,32.94144,-117.153507,4910.2,86.6,2.9,174,90,264,,True,9.8
