t,lat,lng,distance_m,altitude_m,velocity_ms,heartrate,cadence,watts,temp_c,moving,grade_pct
0,32.941292,-117.154041,0.0,81.4,0.0,87,,,,False,-3.3
1,32.941293,-117.154055,0.0,81.4,0.0,87,,,,False,4.0
4,32.941253,-117.154057,6.1,81.2,1.525,87,,,,True,5.2
9,32.941158,-117.154152,20.0,82.2,2.5,87,,,,True,3.2
10,32.941132,-117.15417,23.3,82.6,2.867,87,,,,True,1.9
14,32.941007,-117.154203,37.5,82.6,3.5,88,,,,True,-1.8
16,32.940913,-117.154191,47.9,82.0,4.1,91,,,,True,-3.8
17,32.940859,-117.154182,53.8,81.6,4.357,100,,,,True,-7.2
18,32.940805,-117.154177,59.8,81.2,4.563,102,,,,True,-7.9
19,32.940757,-117.154173,65.3,80.6,5.56,104,,,,True,-8.0
21,32.940692,-117.154171,73.2,80.0,5.06,104,,,,True,-5.8
22,32.940663,-117.154173,76.4,79.8,4.52,101,,,,True,-2.9
24,32.940593,-117.154152,83.9,79.8,3.72,98,,,,True,-0.8
26,32.940527,-117.154096,92.7,79.8,3.9,94,,,,True,-0.6
27,32.940497,-117.154058,97.6,79.8,4.24,94,,,,True,-0.7
31,32.94043,-117.153947,110.4,79.6,3.54,92,,,,True,-1.1
34,32.940429,-117.153943,110.8,79.6,1.886,95,,,,False,-1.5
35,32.940429,-117.153943,110.8,79.6,1.65,98,,,,False,0.0
36,32.940429,-117.153943,110.8,79.6,0.08,99,,,,False,-22.2
44,32.940429,-117.153943,110.8,80.0,0.0,97,,,,False,-22.2
50,32.940429,-117.153943,111.3,79.6,0.036,97,,,,False,-4.3
59,32.940423,-117.153951,111.3,79.4,0.033,96,,,,False,-3.1
60,32.940422,-117.153957,111.3,79.4,0.0,97,,,,False,-3.2
63,32.940429,-117.153943,112.4,79.0,0.085,98,,,,True,-4.4
70,32.940429,-117.153943,112.4,78.6,0.11,97,,,,False,-2.6
75,32.940442,-117.153936,114.7,79.0,0.192,96,,,,True,-1.3
77,32.940457,-117.153879,119.8,79.2,1.057,96,,,,True,0.7
82,32.940466,-117.15364,142.3,78.6,3.943,94,,,,True,0.6
87,32.940473,-117.153324,171.6,79.0,5.18,94,,,,True,1.2
88,32.940469,-117.153264,177.6,79.4,5.883,95,,,,True,0.0
90,32.940466,-117.15314,188.9,80.0,5.825,97,,,,True,-3.8
92,32.940459,-117.15301,201.2,78.6,5.92,98,,,,True,-4.8
94,32.940453,-117.152881,213.3,77.4,5.95,98,,,,True,-4.4
95,32.940451,-117.152814,219.6,77.4,6.14,97,,,,True,-3.1
103,32.940404,-117.152266,271.3,76.4,6.444,100,,,,True,-1.3
104,32.940399,-117.152199,277.6,76.2,6.444,100,,,,True,-0.6
111,32.940367,-117.151713,323.1,76.0,6.475,101,,,,True,-0.5
119,32.940344,-117.151137,377.1,76.4,6.633,104,,,,True,-0.3
122,32.94033,-117.150925,397.0,75.8,6.718,106,,,,True,-0.4
124,32.940317,-117.150784,410.2,75.8,6.62,109,,,,True,-1.5
127,32.940305,-117.150567,429.8,75.6,6.56,111,,,,True,-1.0
129,32.940332,-117.150418,444.4,75.4,6.84,111,,,,True,-0.6
131,32.940354,-117.150279,457.9,75.2,6.814,112,,,,True,-0.3
134,32.940345,-117.150069,477.2,75.4,6.56,113,,,,True,-0.4
136,32.940403,-117.149956,489.5,75.4,6.32,113,,,,True,-0.5
137,32.940424,-117.149895,495.5,75.2,6.267,113,,,,True,-2.3
138,32.940421,-117.149832,501.1,75.0,6.171,113,,,,True,-1.8
140,32.940399,-117.149716,512.1,74.6,5.817,113,,,,True,-1.4
144,32.940368,-117.149479,533.9,74.6,5.467,113,,,,True,-1.4
145,32.940376,-117.149417,539.5,74.6,5.48,113,,,,True,-1.0
146,32.940401,-117.149359,545.3,74.4,5.533,113,,,,True,-1.8
147,32.94044,-117.149324,550.6,74.2,5.5,113,,,,True,-1.5
148,32.940485,-117.149294,556.3,74.2,5.525,112,,,,True,-1.6
150,32.940575,-117.149283,566.5,74.2,5.4,112,,,,True,-0.8
151,32.940617,-117.149288,571.0,74.0,5.14,112,,,,True,-1.6
152,32.940665,-117.149286,576.2,74.0,5.12,112,,,,True,0.0
155,32.940823,-117.149271,593.9,73.6,5.48,113,,,,True,1.8
158,32.940972,-117.149266,610.2,74.2,5.667,113,,,,True,2.4
161,32.94111,-117.149284,626.0,75.0,5.35,116,,,,True,3.7
163,32.94119,-117.149297,634.9,75.4,4.94,118,,,,True,3.3
166,32.941307,-117.149313,648.2,75.6,4.44,121,,,,True,1.9
167,32.941348,-117.149315,652.5,75.6,4.417,121,,,,True,0.0
168,32.941392,-117.149309,657.4,75.6,4.5,122,,,,True,-1.1
172,32.941582,-117.149309,678.2,75.4,5.14,123,,,,True,-1.0
173,32.941628,-117.149319,683.7,75.2,5.26,123,,,,True,-0.4
175,32.941713,-117.149338,693.3,75.2,5.129,126,,,,True,0.0
177,32.941799,-117.149366,702.9,75.4,4.94,129,,,,True,1.5
178,32.94184,-117.149379,707.5,75.4,4.76,129,,,,True,1.8
184,32.942086,-117.149446,735.5,76.0,4.657,130,,,,True,0.5
190,32.942311,-117.149521,761.8,76.4,4.525,130,,,,True,0.5
195,32.942508,-117.149582,784.3,75.8,4.436,129,,,,True,-0.3
197,32.942593,-117.149569,793.7,75.8,4.557,129,,,,True,-0.8
199,32.942678,-117.149522,804.0,75.8,4.689,129,,,,True,1.0
201,32.942771,-117.149519,814.6,76.0,5.05,133,,,,True,1.0
203,32.942861,-117.149503,824.6,76.2,5.15,135,,,,True,1.5
205,32.942948,-117.149474,834.7,76.2,5.117,136,,,,True,2.1
207,32.943025,-117.149432,844.1,76.4,4.917,135,,,,True,2.4
211,32.943158,-117.149331,861.4,77.0,4.45,137,,,,True,3.0
214,32.943225,-117.149226,873.7,77.4,4.229,140,,,,True,3.6
216,32.943275,-117.149159,882.1,77.6,4.14,141,,,,True,3.9
222,32.943411,-117.148975,904.8,78.6,3.887,141,,,,True,4.0
224,32.943456,-117.148915,912.5,79.0,3.8,142,,,,True,4.4
229,32.943585,-117.148825,929.3,79.6,3.5,142,,,,True,3.6
230,32.943612,-117.148823,932.2,79.8,3.283,142,,,,True,2.3
237,32.943818,-117.148835,955.2,80.4,3.238,143,,,,True,1.8
245,32.94405,-117.148828,981.0,80.6,3.253,143,,,,True,2.0
246,32.944079,-117.148825,984.3,80.6,3.233,143,,,,True,2.1
252,32.944236,-117.148758,1002.6,81.2,3.086,142,,,,True,3.8
255,32.9443,-117.148707,1011.2,81.6,2.989,142,,,,True,3.1
259,32.944388,-117.148643,1022.7,82.2,2.871,142,,,,True,2.9
267,32.944581,-117.148491,1048.6,82.6,3.117,140,,,,True,2.3
270,32.944651,-117.148446,1057.3,82.8,3.145,139,,,,True,-0.3
275,32.944786,-117.148391,1073.1,83.0,3.063,139,,,,True,-1.6
280,32.944955,-117.148284,1094.0,82.0,3.67,139,,,,True,-2.6
281,32.944998,-117.148268,1099.2,81.8,4.35,138,,,,True,-3.5
282,32.94504,-117.148255,1104.1,81.6,4.429,137,,,,True,-0.7
284,32.94512,-117.14822,1113.5,81.6,4.489,134,,,,True,1.8
286,32.9452,-117.148186,1122.9,81.8,4.74,133,,,,True,2.4
291,32.945367,-117.148097,1143.2,82.6,4.243,130,,,,True,3.5
292,32.945393,-117.148083,1146.3,82.6,3.9,131,,,,True,5.6
293,32.945406,-117.148075,1147.9,82.8,3.571,130,,,,True,0.0
295,32.945402,-117.148086,1147.9,83.2,2.778,131,,,,False,-4.3
299,32.945402,-117.148086,1147.9,83.0,0.0,127,,,,False,-4.0
305,32.945402,-117.148086,1147.9,82.6,0.0,125,,,,False,0.0
308,32.945402,-117.148086,1147.9,82.6,0.0,122,,,,False,2.0
310,32.945402,-117.148086,1147.9,82.4,0.0,118,,,,False,0.0
316,32.945402,-117.148086,1147.9,82.4,0.0,117,,,,False,3.1
317,32.945404,-117.14808,1148.2,82.4,0.043,117,,,,False,4.1
320,32.945477,-117.14806,1156.5,82.6,0.86,116,,,,True,5.1
324,32.945561,-117.147999,1167.5,83.2,2.757,113,,,,True,5.0
330,32.945558,-117.148005,1167.7,83.4,1.12,114,,,,False,6.8
334,32.94556,-117.148007,1168.2,83.4,0.07,117,,,,False,28.6
338,32.94556,-117.148007,1168.2,83.4,0.063,115,,,,False,-28.6
340,32.94556,-117.148007,1168.2,83.4,0.0,111,,,,False,1.2
342,32.94556,-117.148007,1168.2,83.4,0.0,108,,,,False,0.0
343,32.94556,-117.148007,1168.2,83.4,0.0,105,,,,False,0.0
346,32.945558,-117.148011,1168.2,83.0,0.0,102,,,,False,0.0
347,32.945573,-117.148002,1170.3,83.0,0.42,100,,,,True,0.0
351,32.945665,-117.1479,1184.1,83.4,3.18,98,,,,True,0.5
359,32.945922,-117.147645,1221.3,83.4,4.25,98,,,,True,0.5
363,32.946064,-117.147515,1241.2,83.4,4.758,104,,,,True,0.3
364,32.9461,-117.14748,1246.3,83.4,5.0,114,,,,True,0.6
365,32.946137,-117.147447,1251.6,83.6,5.05,122,,,,True,1.3
366,32.946174,-117.147415,1256.7,83.6,5.057,124,,,,True,1.7
369,32.946283,-117.147313,1271.9,83.8,5.12,128,,,,True,2.0
371,32.946356,-117.147247,1282.2,84.0,5.1,129,,,,True,2.4
373,32.946432,-117.147199,1291.9,84.4,5.029,130,,,,True,3.1
378,32.946626,-117.147081,1315.8,85.0,4.8,131,,,,True,2.4
382,32.946787,-117.146991,1335.7,85.8,4.867,132,,,,True,1.9
385,32.946914,-117.146984,1349.6,85.6,4.829,132,,,,True,1.9
386,32.946953,-117.146964,1354.2,85.6,4.8,132,,,,True,0.6
387,32.946988,-117.146936,1358.9,85.8,4.64,132,,,,True,3.7
389,32.947046,-117.146872,1367.6,86.0,4.557,133,,,,True,4.7
391,32.947101,-117.146803,1376.3,86.6,4.42,134,,,,True,5.8
394,32.947213,-117.146774,1388.6,87.2,4.2,137,,,,True,6.9
398,32.94735,-117.14678,1404.0,88.4,3.957,140,,,,True,6.9
402,32.947461,-117.146765,1416.6,89.4,3.5,143,,,,True,7.4
403,32.947489,-117.14676,1419.5,89.6,3.1,143,,,,True,7.2
407,32.947599,-117.146749,1431.9,90.4,3.06,146,,,,True,6.5
409,32.947649,-117.146745,1437.5,90.8,3.0,150,,,,True,5.7
415,32.94779,-117.146744,1453.3,91.8,2.675,152,,,,True,5.1
421,32.947925,-117.146765,1468.3,92.4,2.567,155,,,,True,5.0
425,32.948019,-117.146781,1478.6,92.8,2.53,155,,,,True,4.7
429,32.948108,-117.146825,1489.6,93.4,2.662,155,,,,True,5.6
433,32.948197,-117.146852,1499.8,94.0,2.65,155,,,,True,6.3
435,32.948238,-117.146862,1504.3,94.4,2.45,155,,,,True,6.8
439,32.94831,-117.146916,1513.6,95.0,2.3,155,,,,True,7.6
440,32.948332,-117.146932,1516.2,95.2,2.38,154,,,,True,7.5
441,32.948338,-117.146959,1518.2,95.4,2.317,155,,,,True,11.1
443,32.948311,-117.146994,1522.9,95.8,2.325,155,,,,True,12.7
444,32.948297,-117.146996,1524.4,96.2,2.16,155,,,,True,10.9
447,32.948241,-117.146993,1530.4,97.0,2.033,156,,,,True,5.0
448,32.948217,-117.146989,1532.9,97.0,2.0,156,,,,True,2.3
453,32.948098,-117.146951,1546.8,97.0,2.733,158,,,,True,0.6
457,32.947989,-117.14697,1559.6,97.0,2.967,161,,,,True,2.7
458,32.947968,-117.146983,1562.3,97.2,3.1,161,,,,True,4.0
464,32.947839,-117.147044,1577.6,98.2,2.571,161,,,,True,6.0
470,32.947728,-117.147103,1591.3,98.8,2.417,161,,,,True,6.2
474,32.947675,-117.14717,1599.8,99.4,2.22,161,,,,True,7.1
476,32.947653,-117.14721,1604.3,99.8,2.167,161,,,,True,10.1
478,32.94764,-117.147253,1608.6,100.4,2.162,160,,,,True,10.1
481,32.947615,-117.147317,1615.1,101.2,2.16,161,,,,True,10.5
484,32.947594,-117.147381,1621.6,101.6,2.167,160,,,,True,10.7
487,32.947575,-117.147436,1627.2,102.2,2.017,161,,,,True,6.6
489,32.947568,-117.147476,1631.0,102.8,1.88,161,,,,True,6.1
496,32.947542,-117.147628,1645.4,103.2,2.022,163,,,,True,4.1
497,32.947553,-117.147655,1648.0,103.2,2.125,164,,,,True,2.9
500,32.947605,-117.147713,1656.2,103.4,2.291,164,,,,True,2.5
501,32.947616,-117.147737,1658.7,103.6,2.66,164,,,,True,1.0
502,32.947615,-117.147765,1661.2,103.6,2.64,163,,,,True,-1.3
504,32.94763,-117.147842,1668.2,103.4,2.886,163,,,,True,-0.7
505,32.947656,-117.147865,1671.7,103.2,3.1,163,,,,True,0.0
510,32.947742,-117.147992,1687.2,103.4,3.167,163,,,,True,1.9
516,32.947867,-117.148159,1708.2,103.6,3.318,162,,,,True,3.0
520,32.947965,-117.14825,1722.0,104.4,3.48,160,,,,True,4.4
521,32.947986,-117.148268,1724.9,104.8,3.34,160,,,,True,5.4
525,32.948047,-117.148383,1737.6,105.6,3.12,160,,,,True,3.1
526,32.948065,-117.148419,1741.5,105.4,3.32,159,,,,True,4.6
531,32.948172,-117.148575,1760.6,105.6,3.833,159,,,,True,4.7
534,32.948218,-117.148635,1768.2,106.8,3.338,159,,,,True,6.6
536,32.948238,-117.148667,1771.8,107.2,2.24,160,,,,True,10.6
539,32.948259,-117.148729,1778.1,107.8,1.98,161,,,,True,7.5
542,32.948293,-117.1488,1785.2,108.2,2.233,163,,,,True,7.7
546,32.948346,-117.148873,1794.8,108.8,2.386,163,,,,True,6.3
549,32.94838,-117.14892,1800.4,109.4,2.171,164,,,,True,7.0
553,32.948442,-117.148992,1810.0,109.8,2.171,165,,,,True,2.7
555,32.948468,-117.149017,1813.8,110.2,2.233,165,,,,True,-0.6
561,32.948591,-117.149151,1831.4,109.8,2.675,165,,,,True,-3.1
562,32.9486,-117.149203,1835.8,109.2,3.143,165,,,,True,-1.5
564,32.948563,-117.149255,1842.5,108.8,3.189,165,,,,True,0.0
568,32.948467,-117.149252,1853.2,109.6,2.9,164,,,,True,5.8
569,32.948448,-117.14925,1855.4,109.8,2.58,165,,,,True,9.6
573,32.948373,-117.149246,1863.6,110.8,2.08,164,,,,True,10.5
578,32.948277,-117.149247,1873.9,111.8,2.056,164,,,,True,10.5
579,32.948258,-117.149245,1876.0,112.0,2.067,164,,,,True,9.9
584,32.948171,-117.149248,1885.9,113.0,2.0,164,,,,True,9.7
585,32.948155,-117.149247,1887.8,113.2,1.967,164,,,,True,9.9
590,32.94807,-117.149248,1896.5,114.0,1.767,164,,,,True,8.6
591,32.948059,-117.149263,1898.2,114.2,1.733,164,,,,True,7.4
595,32.948102,-117.149296,1904.4,114.6,1.58,164,,,,True,5.8
600,32.948195,-117.149315,1914.8,115.2,1.844,164,,,,True,6.0
601,32.948214,-117.149323,1917.1,115.2,2.117,164,,,,True,5.6
608,32.948337,-117.149379,1931.8,116.2,2.125,163,,,,True,5.4
616,32.948468,-117.149443,1947.6,117.0,2.033,163,,,,True,5.3
618,32.9485,-117.149462,1951.5,117.2,1.97,162,,,,True,4.8
625,32.948628,-117.149523,1966.6,117.8,2.111,160,,,,True,4.4
628,32.948683,-117.149549,1973.4,118.2,2.19,160,,,,True,4.2
635,32.948804,-117.149617,1988.3,118.8,2.17,159,,,,True,4.1
640,32.94889,-117.149666,1998.9,119.2,2.125,158,,,,True,3.9
643,32.948941,-117.149699,2005.4,119.4,2.138,157,,,,True,2.8
650,32.949059,-117.149774,2019.9,120.0,2.1,157,,,,True,3.2
655,32.949083,-117.149795,2023.8,119.8,1.533,155,,,,True,3.3
659,32.949083,-117.149795,2023.8,120.0,0.433,151,,,,False,-13.8
662,32.949083,-117.149795,2023.8,120.0,0.0,149,,,,False,-1.4
668,32.949079,-117.149806,2024.9,119.4,0.122,149,,,,False,0.0
669,32.949087,-117.149796,2025.7,119.2,0.271,148,,,,True,-1.9
672,32.949084,-117.149794,2026.2,119.4,0.24,146,,,,False,3.4
676,32.949147,-117.149841,2034.1,119.8,1.2,143,,,,True,4.7
677,32.949163,-117.149857,2036.6,119.8,2.08,143,,,,True,3.4
681,32.949241,-117.149918,2047.0,120.2,2.58,140,,,,True,2.7
682,32.949263,-117.14993,2049.7,120.2,2.62,140,,,,True,3.1
687,32.949363,-117.150023,2063.8,120.6,2.8,139,,,,True,3.1
693,32.949492,-117.150144,2082.1,121.2,2.945,138,,,,True,2.0
694,32.949515,-117.150166,2085.5,121.4,3.1,137,,,,True,1.3
701,32.949675,-117.150327,2108.7,121.4,3.325,138,,,,True,0.5
709,32.949882,-117.15055,2139.7,121.6,3.613,137,,,,True,0.0
714,32.950015,-117.150709,2160.7,121.6,4.0,140,,,,True,-0.2
717,32.9501,-117.150814,2174.3,121.4,4.325,140,,,,True,-0.2
724,32.95034,-117.151061,2209.7,121.2,4.9,141,,,,True,-0.6
726,32.950375,-117.151162,2220.0,121.4,5.078,141,,,,True,-1.1
728,32.950432,-117.151249,2230.2,121.2,5.082,141,,,,True,-1.1
734,32.950676,-117.151535,2268.1,120.4,6.012,141,,,,True,-1.5
736,32.950758,-117.151639,2281.6,120.4,6.425,141,,,,True,-1.8
741,32.950991,-117.151861,2314.8,120.0,6.671,141,,,,True,-1.8
747,32.951286,-117.152112,2355.1,119.0,6.682,142,,,,True,-0.8
749,32.951392,-117.152187,2368.6,118.6,6.725,141,,,,True,-1.0
755,32.951732,-117.152382,2410.6,119.4,6.938,141,,,,True,-0.3
762,32.952141,-117.152554,2458.7,118.6,6.931,141,,,,True,-0.2
768,32.952478,-117.152732,2499.8,118.6,6.862,140,,,,True,-0.7
774,32.952821,-117.152845,2539.2,118.2,6.708,139,,,,True,-0.4
777,32.952996,-117.152896,2559.0,118.4,6.578,139,,,,True,-0.7
779,32.953081,-117.152994,2572.3,118.2,6.62,139,,,,True,-1.0
781,32.953153,-117.153102,2584.8,118.0,6.514,139,,,,True,-1.2
783,32.953258,-117.153133,2596.6,117.6,6.267,139,,,,True,-0.8
790,32.953658,-117.153164,2640.9,117.4,6.233,139,,,,True,-0.9
798,32.954129,-117.153164,2693.4,117.2,6.453,139,,,,True,-0.7
802,32.954368,-117.153153,2719.7,116.8,6.567,139,,,,True,-1.3
804,32.954489,-117.153164,2733.3,116.6,6.65,140,,,,True,-2.4
806,32.954604,-117.153152,2746.3,116.0,6.613,139,,,,True,-2.5
807,32.954663,-117.153135,2752.8,115.8,6.62,139,,,,True,-1.8
808,32.95472,-117.15313,2759.1,115.8,6.567,138,,,,True,-0.9
811,32.954895,-117.153146,2778.6,115.8,6.46,137,,,,True,-1.0
813,32.955009,-117.153146,2791.4,115.6,6.46,138,,,,True,-0.8
822,32.955526,-117.15313,2848.6,114.8,6.364,137,,,,True,-1.0
827,32.955817,-117.153123,2881.1,114.8,6.407,138,,,,True,-1.3
832,32.956107,-117.153107,2913.1,114.4,6.45,137,,,,True,-1.5
838,32.956458,-117.153091,2951.3,113.6,6.382,136,,,,True,-2.2
839,32.956516,-117.153113,2957.6,113.2,6.357,136,,,,True,-2.9
840,32.956563,-117.153151,2964.0,113.0,6.363,136,,,,True,-2.3
842,32.95664,-117.15323,2975.2,112.6,6.21,136,,,,True,-1.8
844,32.95665,-117.15334,2985.6,112.8,5.6,135,,,,True,-1.1
845,32.956649,-117.153407,2991.5,112.6,5.5,135,,,,True,-1.6
849,32.956666,-117.153688,3018.1,112.4,6.5,134,,,,True,-1.9
852,32.956696,-117.153914,3039.4,111.6,6.843,135,,,,True,-1.2
855,32.95674,-117.154131,3060.7,111.4,7.1,138,,,,True,-0.8
857,32.956777,-117.154263,3073.3,111.6,6.78,142,,,,True,1.6
860,32.956844,-117.154452,3092.3,111.8,6.32,143,,,,True,2.3
867,32.956986,-117.154797,3128.7,113.0,5.54,142,,,,True,1.6
870,32.956913,-117.154862,3138.9,113.2,4.66,142,,,,True,1.2
873,32.956837,-117.15496,3150.6,112.8,3.65,140,,,,True,-1.1
875,32.956798,-117.155049,3160.2,112.6,4.26,140,,,,True,-0.6
876,32.956808,-117.155094,3164.4,112.6,4.25,139,,,,True,0.6
878,32.956805,-117.155189,3173.2,113.0,4.52,139,,,,True,1.7
880,32.956775,-117.155298,3183.8,113.0,4.72,140,,,,True,2.0
882,32.956725,-117.155396,3194.5,113.2,5.017,139,,,,True,1.7
884,32.956662,-117.155475,3204.0,113.4,5.133,140,,,,True,2.4
885,32.956622,-117.15549,3208.8,113.6,5.0,140,,,,True,2.3
887,32.956553,-117.155495,3216.7,113.8,4.44,140,,,,True,-0.7
888,32.956515,-117.155513,3221.0,113.8,4.417,140,,,,True,-2.8
890,32.956439,-117.155587,3231.6,113.2,4.56,142,,,,True,-6.0
891,32.956389,-117.155608,3237.5,112.8,4.783,142,,,,True,-7.1
892,32.956335,-117.155606,3243.3,112.2,5.32,144,,,,True,-8.0
893,32.956282,-117.155622,3249.2,111.8,5.64,144,,,,True,-8.2
895,32.956177,-117.155673,3261.6,110.8,6.0,145,,,,True,-8.2
897,32.956089,-117.155682,3271.5,110.0,5.64,145,,,,True,-8.5
898,32.956057,-117.155689,3275.0,109.6,5.16,145,,,,True,-7.4
899,32.956042,-117.155711,3277.6,109.4,4.733,145,,,,True,-4.8
900,32.95603,-117.155741,3280.4,109.4,3.76,145,,,,True,-1.8
902,32.956003,-117.155829,3288.3,109.2,3.36,144,,,,True,0.0
904,32.956041,-117.155909,3296.9,109.2,3.86,143,,,,True,0.8
906,32.956068,-117.155943,3302.0,109.4,3.6,142,,,,True,2.0
907,32.956069,-117.155968,3304.0,109.6,3.14,142,,,,True,3.0
911,32.956136,-117.156103,3318.4,109.8,3.28,143,,,,True,3.1
917,32.956259,-117.156317,3342.9,110.6,3.89,144,,,,True,1.4
918,32.956284,-117.156355,3347.3,110.8,4.129,145,,,,True,1.2
924,32.956417,-117.156606,3375.1,110.6,4.6,145,,,,True,0.0
926,32.956498,-117.156662,3384.9,110.6,4.7,145,,,,True,-0.4
927,32.956515,-117.156714,3389.7,110.6,4.711,145,,,,True,0.0
928,32.956511,-117.156765,3394.6,110.6,4.73,146,,,,True,-1.5
930,32.956459,-117.156843,3403.4,110.6,4.717,146,,,,True,-1.4
932,32.956458,-117.156934,3412.1,110.2,4.48,147,,,,True,-1.4
933,32.956474,-117.15699,3417.5,110.2,4.58,147,,,,True,-2.6
934,32.956469,-117.157051,3423.1,110.2,4.75,148,,,,True,-2.1
936,32.956456,-117.157173,3434.6,109.8,5.2,148,,,,True,-2.6
937,32.956468,-117.157233,3440.3,109.6,5.64,148,,,,True,-2.8
940,32.956489,-117.157397,3456.1,109.2,5.5,148,,,,True,-3.4
942,32.956486,-117.157501,3465.6,109.0,5.06,149,,,,True,-3.1
944,32.956484,-117.157607,3475.4,108.4,5.014,149,,,,True,-3.6
946,32.956491,-117.157705,3485.1,108.2,4.833,149,,,,True,-5.1
948,32.956539,-117.157795,3494.5,107.8,4.817,150,,,,True,-5.3
949,32.956568,-117.157854,3500.6,107.2,5.04,150,,,,True,-6.4
951,32.956601,-117.157983,3513.3,106.4,5.64,150,,,,True,-6.4
952,32.956589,-117.158048,3519.4,106.0,5.717,150,,,,True,-3.4
953,32.95657,-117.158116,3525.8,105.8,6.26,150,,,,True,-1.5
955,32.956518,-117.158204,3536.4,106.0,5.967,150,,,,True,4.6
956,32.956493,-117.158227,3540.0,106.0,5.34,149,,,,True,7.6
959,32.956454,-117.158317,3549.6,107.4,3.967,145,,,,True,10.9
960,32.956441,-117.158342,3552.2,107.8,3.16,144,,,,True,9.4
962,32.956431,-117.158407,3558.4,108.4,3.067,143,,,,True,6.4
965,32.956422,-117.158532,3569.9,108.8,3.54,144,,,,True,2.7
966,32.956419,-117.15858,3574.6,109.0,3.733,144,,,,True,1.1
971,32.956402,-117.158823,3597.3,109.0,4.567,146,,,,True,0.8
974,32.956385,-117.158977,3611.8,109.0,4.65,148,,,,True,-0.3
976,32.95638,-117.159084,3621.8,109.2,4.9,150,,,,True,-1.0
982,32.956388,-117.159396,3651.1,108.8,4.912,151,,,,True,-2.1
986,32.956395,-117.159483,3659.6,108.4,3.78,151,,,,True,-3.2
992,32.956391,-117.159481,3659.6,108.0,0.85,150,,,,False,-14.1
997,32.956391,-117.159481,3659.6,108.0,0.0,147,,,,False,-18.8
1002,32.956391,-117.159481,3659.6,107.8,0.0,144,,,,False,-21.2
1005,32.956391,-117.159481,3659.6,107.6,0.0,141,,,,False,-21.2
1007,32.956391,-117.159481,3659.6,107.4,0.0,139,,,,False,0.0
1012,32.956391,-117.159481,3659.6,107.2,0.0,136,,,,False,0.0
1015,32.956391,-117.159481,3659.6,107.2,0.0,132,,,,False,0.0
1017,32.956391,-117.159481,3659.6,107.0,0.0,129,,,,False,0.0
1019,32.956391,-117.159481,3659.6,107.0,0.0,127,,,,False,0.0
1022,32.956391,-117.159481,3659.6,107.0,0.0,124,,,,False,0.0
1024,32.956391,-117.159481,3659.6,106.8,0.0,121,,,,False,0.0
1029,32.956391,-117.159481,3659.6,106.8,0.0,118,,,,False,0.0
1032,32.956391,-117.159481,3659.6,106.6,0.0,115,,,,False,0.0
1034,32.956391,-117.159481,3659.6,106.6,0.0,115,,,,False,0.0
1038,32.956391,-117.159481,3659.6,106.6,0.0,112,,,,False,0.0
1043,32.956391,-117.159481,3659.6,106.4,0.0,110,,,,False,-7.9
1048,32.956391,-117.159481,3659.6,106.2,0.0,107,,,,False,-6.9
1054,32.956391,-117.159481,3659.6,106.0,0.0,107,,,,False,-5.9
1067,32.956391,-117.159481,3659.6,105.6,0.0,106,,,,False,-5.9
1073,32.956393,-117.159465,3660.2,105.8,0.032,109,,,,False,-3.9
1074,32.956392,-117.159457,3660.9,105.8,0.186,109,,,,True,-1.0
1078,32.956424,-117.159486,3665.3,105.8,1.02,110,,,,True,-3.6
1082,32.956541,-117.159558,3679.9,105.4,2.375,111,,,,True,-3.2
1085,32.956662,-117.159556,3693.6,104.6,4.043,113,,,,True,-3.2
1086,32.9567,-117.159531,3698.3,104.6,4.125,113,,,,True,-3.0
1088,32.95678,-117.159468,3708.7,104.4,4.8,114,,,,True,-1.6
1090,32.956862,-117.159403,3719.9,104.2,5.26,114,,,,True,0.0
1092,32.956943,-117.159343,3730.4,104.0,5.35,114,,,,True,0.4
1097,32.95716,-117.159203,3757.5,104.6,5.371,114,,,,True,1.3
1098,32.957191,-117.159164,3762.3,104.6,5.317,114,,,,True,2.6
1099,32.957209,-117.159115,3767.2,104.8,5.257,114,,,,True,3.3
1101,32.957218,-117.15901,3776.8,105.2,5.156,115,,,,True,4.2
1102,32.957215,-117.158957,3781.4,105.4,4.78,117,,,,True,3.4
1103,32.957226,-117.158902,3786.2,105.6,4.78,119,,,,True,4.2
1105,32.957277,-117.158806,3796.5,105.8,4.883,123,,,,True,4.2
1107,32.957356,-117.158776,3805.6,106.4,4.84,125,,,,True,5.1
1108,32.957397,-117.158779,3810.2,106.6,4.8,126,,,,True,6.1
1111,32.957501,-117.158801,3821.8,107.4,4.217,129,,,,True,5.6
1112,32.957535,-117.158823,3826.2,107.6,4.12,130,,,,True,6.3
1113,32.95757,-117.158841,3830.6,107.8,4.08,131,,,,True,4.9
1116,32.957667,-117.158894,3842.1,108.6,4.06,134,,,,True,5.8
1117,32.957701,-117.158907,3846.1,108.6,3.98,136,,,,True,6.1
1119,32.957766,-117.158913,3853.8,109.2,3.867,139,,,,True,5.6
1121,32.957823,-117.158896,3860.1,109.6,3.6,142,,,,True,5.9
1122,32.957845,-117.158878,3863.4,109.8,3.46,143,,,,True,3.6
1123,32.957877,-117.15886,3866.6,109.8,3.417,144,,,,True,0.9
1124,32.957912,-117.158862,3870.4,109.8,3.32,144,,,,True,0.6
1127,32.958016,-117.158873,3882.0,109.8,3.72,146,,,,True,0.0
1130,32.958116,-117.158914,3894.4,110.0,4.0,146,,,,True,-0.6
1131,32.958141,-117.158947,3898.5,109.8,4.014,146,,,,True,-2.5
1132,32.958176,-117.15898,3902.8,109.6,4.16,146,,,,True,-5.7
1134,32.958265,-117.159032,3913.9,109.0,4.557,146,,,,True,-1.4
1135,32.95831,-117.159045,3919.1,108.6,4.94,147,,,,True,-0.3
1142,32.958624,-117.159078,3954.2,109.0,5.037,146,,,,True,0.6
1144,32.958713,-117.159096,3964.3,109.4,5.022,145,,,,True,1.0
1148,32.958887,-117.159104,3983.5,109.4,4.883,146,,,,True,1.1
1155,32.959185,-117.159121,4016.7,109.6,4.764,146,,,,True,0.6
1157,32.959271,-117.159129,4026.0,109.8,4.722,146,,,,True,1.1
1158,32.959312,-117.15914,4030.7,109.8,4.72,146,,,,True,1.4
1160,32.959396,-117.159173,4040.4,110.0,4.74,146,,,,True,0.8
1161,32.959435,-117.159201,4045.4,110.0,4.783,146,,,,True,1.4
1162,32.959467,-117.159234,4050.2,110.0,4.84,145,,,,True,0.8
1164,32.959517,-117.159316,4059.7,110.2,4.833,145,,,,True,1.1
1165,32.959532,-117.159361,4064.1,110.2,4.74,145,,,,True,1.4
1169,32.959557,-117.159558,4082.8,110.4,4.62,144,,,,True,0.3
1171,32.959545,-117.159658,4092.4,110.6,4.717,144,,,,True,-0.7
1179,32.959508,-117.160073,4131.2,110.4,4.84,144,,,,True,-1.2
1187,32.959474,-117.160578,4179.1,109.4,5.419,143,,,,True,-1.4
1193,32.959435,-117.160981,4216.7,108.8,6.107,142,,,,True,-1.7
1200,32.959384,-117.161491,4264.4,108.2,6.562,139,,,,True,-0.7
1201,32.959378,-117.161566,4271.6,108.0,6.863,139,,,,True,0.3
1209,32.959353,-117.16213,4324.8,108.4,6.711,137,,,,True,0.6
1217,32.959354,-117.162666,4374.9,109.2,6.456,136,,,,True,0.6
1225,32.959326,-117.163208,4425.6,109.2,6.3,138,,,,True,0.6
1234,32.959307,-117.163781,4479.0,109.2,6.124,138,,,,True,0.3
1239,32.959278,-117.164115,4510.0,109.6,6.029,139,,,,True,0.2
1241,32.959201,-117.16421,4522.0,109.6,6.143,140,,,,True,0.0
1243,32.959091,-117.164233,4534.4,109.4,6.156,139,,,,True,-3.1
1244,32.959034,-117.164237,4540.7,109.2,6.14,139,,,,True,-3.7
1249,32.958728,-117.164227,4574.5,107.6,6.683,139,,,,True,-3.9
1250,32.958662,-117.164223,4581.8,107.4,6.85,139,,,,True,-3.5
1254,32.958396,-117.164196,4611.6,106.4,7.42,135,,,,True,-2.5
1257,32.958204,-117.164175,4633.0,106.0,7.314,132,,,,True,-2.2
1258,32.958142,-117.16417,4639.7,106.0,7.237,131,,,,True,-1.1
1260,32.958021,-117.164176,4653.0,105.8,6.9,130,,,,True,0.0
1262,32.957917,-117.16423,4665.5,105.8,6.5,129,,,,True,0.4
1266,32.957776,-117.164354,4685.1,106.0,5.35,126,,,,True,1.5
1270,32.957723,-117.164349,4691.4,106.2,3.237,124,,,,True,1.5
1273,32.957718,-117.164346,4692.3,106.4,1.029,121,,,,True,1.5
1275,32.957715,-117.16434,4692.9,106.2,0.3,120,,,,False,0.0
1280,32.957675,-117.164305,4698.3,106.2,0.857,119,,,,True,-1.4
1284,32.957576,-117.164217,4712.3,106.2,2.156,118,,,,True,-1.2
1286,32.95751,-117.164164,4721.1,106.0,3.8,121,,,,True,-1.2
1287,32.957475,-117.164133,4726.1,105.8,3.971,124,,,,True,-0.9
1288,32.957433,-117.164115,4730.8,105.8,4.063,127,,,,True,1.1
1289,32.957395,-117.164087,4735.7,106.0,4.68,130,,,,True,3.3
1290,32.957365,-117.164057,4740.1,106.2,4.633,130,,,,True,2.0
1294,32.957257,-117.16394,4756.4,106.8,4.14,130,,,,True,-0.4
1298,32.957126,-117.163946,4770.8,106.6,3.837,130,,,,True,-0.7
1303,32.956952,-117.163998,4789.9,105.8,3.722,134,,,,True,-0.9
1304,32.956915,-117.164012,4794.3,105.8,3.917,134,,,,True,0.5
1307,32.956863,-117.164015,4801.1,106.4,3.367,135,,,,True,3.1
1311,32.956761,-117.163994,4812.2,106.8,2.557,137,,,,True,-0.7
1312,32.956737,-117.164011,4815.3,106.6,2.84,137,,,,True,-7.9
1314,32.956684,-117.164055,4822.5,105.6,3.057,139,,,,True,-16.8
1315,32.956656,-117.164085,4826.5,104.4,3.175,140,,,,True,-17.9
1316,32.956617,-117.164112,4831.3,103.6,3.82,141,,,,True,-18.8
1317,32.956576,-117.164136,4836.5,102.8,4.24,141,,,,True,-17.5
1318,32.956537,-117.16417,4841.7,102.0,4.4,141,,,,True,-19.6
1319,32.956491,-117.164189,4847.1,100.8,4.92,141,,,,True,-21.8
1320,32.95644,-117.164202,4852.7,99.4,5.24,141,,,,True,-19.7
1321,32.95639,-117.164217,4858.5,98.0,5.44,142,,,,True,-17.4
1322,32.956343,-117.164234,4864.0,97.6,5.5,141,,,,True,-13.1
1323,32.956301,-117.164242,4869.0,97.0,5.46,141,,,,True,-11.1
1325,32.956214,-117.164238,4878.6,96.0,5.18,141,,,,True,-11.9
1326,32.956165,-117.164233,4883.8,95.2,5.06,141,,,,True,-13.4
1327,32.956113,-117.164245,4889.3,94.6,5.06,144,,,,True,-15.0
1328,32.956074,-117.164275,4894.4,93.6,5.08,145,,,,True,-14.5
1329,32.956032,-117.16431,4899.9,92.8,5.15,146,,,,True,-11.5
1330,32.955988,-117.164343,4905.8,92.0,5.44,146,,,,True,-8.9
1333,32.955841,-117.16444,4924.2,90.6,5.96,146,,,,True,-9.4
1334,32.955802,-117.164485,4930.3,90.4,6.08,146,,,,True,-8.5
1335,32.955772,-117.164535,4935.9,89.4,6.02,146,,,,True,-7.5
1336,32.955737,-117.164575,4941.3,89.0,5.917,145,,,,True,-8.8
1338,32.955669,-117.164633,4950.7,88.6,5.3,145,,,,True,-6.2
1339,32.955641,-117.16467,4955.2,88.2,4.98,145,,,,True,-6.3
1341,32.955573,-117.164732,4964.9,87.6,4.72,145,,,,True,-8.9
1342,32.955528,-117.164742,4969.7,87.2,4.733,144,,,,True,-10.1
1343,32.955476,-117.164741,4975.3,86.4,4.92,144,,,,True,-11.8
1344,32.955423,-117.164755,4980.9,85.6,5.14,143,,,,True,-12.5
1346,32.95531,-117.164774,4993.6,84.2,5.74,143,,,,True,-12.0
1348,32.955223,-117.164785,5003.4,83.0,5.62,142,,,,True,-13.1
1350,32.955194,-117.164787,5006.9,82.6,4.333,142,,,,True,-14.8
1356,32.955195,-117.164786,5006.9,82.2,0.438,137,,,,False,-12.6
1357,32.955197,-117.164805,5008.5,82.0,0.229,134,,,,True,-13.0
1358,32.955202,-117.164839,5011.3,81.8,0.55,133,,,,True,-9.9
1360,32.955235,-117.16489,5017.7,81.2,1.08,133,,,,True,-9.5
1361,32.95526,-117.164911,5021.1,80.8,2.84,133,,,,True,-9.8
1362,32.955285,-117.164949,5025.3,80.4,3.36,134,,,,True,-9.2
1364,32.955327,-117.165054,5035.8,79.4,4.083,134,,,,True,-5.0
1365,32.955353,-117.16511,5041.5,79.0,4.76,133,,,,True,-0.8
1367,32.955351,-117.165187,5049.2,79.4,4.78,133,,,,True,8.1
1369,32.955343,-117.165194,5050.7,80.2,2.98,133,,,,True,16.0
1370,32.955342,-117.165198,5050.7,80.6,1.84,134,,,,False,25.4
1375,32.955327,-117.165226,5054.0,81.0,0.55,134,,,,True,16.8
1376,32.955328,-117.165226,5054.0,81.0,0.55,134,,,,False,9.2
1377,32.955324,-117.165242,5055.5,81.0,0.686,137,,,,True,6.9
1379,32.955316,-117.165266,5058.0,81.2,0.811,139,,,,True,5.7
1380,32.955303,-117.165282,5059.9,81.2,1.18,140,,,,True,5.6
1383,32.955238,-117.165328,5068.1,81.8,2.1,139,,,,True,6.2
1387,32.955205,-117.165455,5080.5,82.4,2.943,139,,,,True,6.6
1391,32.955231,-117.165587,5093.4,83.4,3.162,141,,,,True,7.6
1392,32.955255,-117.165596,5096.2,83.6,3.14,143,,,,True,8.8
1395,32.955325,-117.165636,5105.0,84.6,3.063,147,,,,True,10.0
1396,32.95535,-117.165645,5107.7,84.8,2.86,148,,,,True,10.7
1398,32.9554,-117.165644,5113.4,85.4,2.867,151,,,,True,9.2
1400,32.955445,-117.165619,5118.7,86.0,2.74,154,,,,True,8.1
1402,32.955499,-117.165616,5124.5,86.4,2.8,158,,,,True,6.6
1404,32.955539,-117.165648,5129.8,86.6,2.733,159,,,,True,4.8
1408,32.955595,-117.165745,5140.8,87.2,2.717,160,,,,True,1.2
1409,32.955605,-117.165776,5143.8,87.2,2.8,159,,,,True,-1.9
1413,32.955606,-117.165914,5156.8,86.8,3.2,160,,,,True,-10.2
1415,32.955617,-117.165967,5161.9,86.0,3.017,160,,,,True,-14.0
1418,32.955619,-117.166012,5166.4,84.6,1.92,161,,,,True,-11.3
1421,32.955601,-117.166096,5173.9,83.0,2.0,161,,,,True,-5.1
1425,32.95557,-117.166281,5192.3,82.8,3.7,159,,,,True,2.3
1427,32.95556,-117.166331,5197.0,84.2,3.85,158,,,,True,5.5
1429,32.955534,-117.166364,5201.4,85.4,3.438,159,,,,True,7.0
1433,32.955448,-117.166441,5213.6,85.2,2.767,159,,,,True,1.5
1435,32.955401,-117.166487,5220.9,84.8,3.25,159,,,,True,-4.5
1436,32.955367,-117.166484,5224.3,84.6,3.271,159,,,,True,-6.2
1437,32.955334,-117.166501,5227.9,84.2,3.313,160,,,,True,-3.7
1439,32.955278,-117.166564,5236.2,83.8,3.767,162,,,,True,-4.7
1443,32.955212,-117.166722,5253.1,83.6,4.2,163,,,,True,-5.1
1445,32.955153,-117.166797,5262.6,82.8,4.4,162,,,,True,-6.6
1446,32.955131,-117.166844,5267.5,82.2,4.471,162,,,,True,-10.9
1447,32.955096,-117.166885,5272.8,81.4,4.575,162,,,,True,-11.9
1448,32.955056,-117.166929,5278.7,80.8,5.12,162,,,,True,-9.7
1449,32.955019,-117.166976,5284.5,80.2,5.233,162,,,,True,-6.4
1450,32.954995,-117.16703,5290.1,80.0,5.5,161,,,,True,-4.8
1452,32.955007,-117.167151,5301.1,79.6,5.66,161,,,,True,-3.7
1454,32.955033,-117.167261,5311.9,79.2,5.48,160,,,,True,-3.7
1455,32.955031,-117.167317,5317.1,79.0,5.4,160,,,,True,-5.0
1456,32.955045,-117.167375,5322.4,78.8,5.383,160,,,,True,-5.4
1458,32.955094,-117.167481,5333.2,78.0,5.35,160,,,,True,-5.6
1459,32.955084,-117.16753,5337.6,77.8,5.14,160,,,,True,-5.9
1460,32.955054,-117.167563,5341.9,77.6,4.96,160,,,,True,-5.5
1461,32.955014,-117.167574,5346.3,77.4,4.78,159,,,,True,-8.0
1463,32.954932,-117.167597,5355.1,76.8,4.38,157,,,,True,-7.8
1465,32.954924,-117.167685,5362.7,75.8,4.16,153,,,,True,-5.0
1466,32.954935,-117.167736,5367.5,75.6,4.24,152,,,,True,-3.6
1468,32.954981,-117.167833,5378.0,75.8,4.58,152,,,,True,-0.7
1469,32.954996,-117.167883,5383.0,75.8,4.65,152,,,,True,1.2
1471,32.955037,-117.167973,5392.6,75.6,5.02,152,,,,True,1.7
1473,32.95506,-117.168056,5401.0,76.0,4.6,151,,,,True,-1.4
1479,32.955082,-117.168324,5426.0,76.6,4.175,149,,,,True,-2.4
1485,32.955066,-117.168647,5456.1,74.8,4.592,147,,,,True,-4.1
1486,32.955074,-117.168692,5460.5,74.0,4.929,147,,,,True,-8.2
1489,32.955061,-117.168833,5473.8,73.0,4.78,146,,,,True,-10.3
1491,32.955092,-117.168922,5482.4,72.0,4.38,147,,,,True,-6.6
1492,32.955111,-117.16897,5487.3,71.6,4.467,146,,,,True,-1.0
1495,32.955113,-117.16903,5493.6,71.8,3.3,146,,,,True,6.9
1498,32.955115,-117.169041,5494.6,72.8,1.217,145,,,,True,19.0
1500,32.95512,-117.169061,5496.8,73.0,0.64,144,,,,True,28.6
1503,32.955125,-117.169084,5498.9,73.8,0.86,145,,,,True,21.6
1505,32.955128,-117.169103,5500.6,74.2,0.76,146,,,,True,22.6
1509,32.955143,-117.169144,5504.8,75.0,0.983,146,,,,True,15.3
1514,32.955162,-117.169194,5510.1,76.0,1.056,145,,,,True,9.3
1520,32.955163,-117.169223,5513.3,76.0,0.773,147,,,,True,8.1
1525,32.955216,-117.169294,5522.1,76.2,1.091,148,,,,True,1.6
1528,32.955217,-117.169292,5522.1,76.4,1.1,150,,,,False,-3.1
1530,32.955217,-117.169292,5522.5,76.2,0.08,152,,,,False,-11.6
1534,32.955191,-117.16927,5526.0,75.6,0.65,156,,,,True,-7.1
1535,32.955178,-117.16926,5527.8,75.4,1.06,158,,,,True,-8.8
1540,32.955161,-117.169238,5530.7,75.2,0.783,158,,,,True,-1.9
1546,32.955161,-117.169238,5530.8,75.6,0.273,157,,,,False,7.9
1550,32.955184,-117.169254,5533.4,75.4,0.27,154,,,,True,10.8
1551,32.9552,-117.169278,5536.3,75.4,1.1,154,,,,True,10.9
1555,32.955274,-117.169312,5545.5,76.8,2.42,152,,,,True,18.0
1556,32.955288,-117.169317,5547.3,77.4,2.2,151,,,,True,20.5
1559,32.955323,-117.169319,5551.2,78.6,1.862,151,,,,True,23.9
1560,32.955339,-117.16932,5552.9,78.8,1.48,151,,,,True,19.9
1563,32.955376,-117.169328,5557.2,79.6,1.414,153,,,,True,13.2
1566,32.955414,-117.169338,5561.4,80.2,1.417,156,,,,True,12.0
1569,32.955452,-117.169361,5566.3,80.6,1.517,159,,,,True,8.4
1571,32.955484,-117.169366,5569.6,80.8,1.64,162,,,,True,3.8
1572,32.9555,-117.169378,5571.5,80.8,1.683,163,,,,True,2.9
1575,32.955549,-117.169389,5577.0,80.8,1.783,163,,,,True,3.2
1580,32.955621,-117.169443,5586.9,81.2,1.925,163,,,,True,4.5
1581,32.955626,-117.169459,5588.5,81.4,1.917,163,,,,True,5.2
1584,32.955623,-117.169518,5593.8,81.8,1.867,163,,,,True,6.8
1587,32.955635,-117.169582,5600.0,82.0,1.917,163,,,,True,4.4
1592,32.955643,-117.169691,5610.3,82.8,2.063,163,,,,True,-0.5
1594,32.955631,-117.169751,5616.0,82.6,2.286,163,,,,True,-0.4
1600,32.955648,-117.169985,5638.1,81.6,3.475,162,,,,True,-1.5
1605,32.955733,-117.170162,5656.9,81.8,3.718,161,,,,True,-1.1
1607,32.955746,-117.170244,5664.4,82.0,3.757,160,,,,True,1.2
1609,32.955737,-117.170285,5669.2,82.0,3.456,158,,,,True,-1.1
1611,32.955722,-117.17029,5670.8,82.0,2.317,157,,,,True,-7.4
1613,32.955693,-117.170335,5675.7,81.6,1.883,155,,,,True,-8.8
1616,32.955639,-117.17046,5688.8,80.2,3.6,154,,,,True,-7.3
1618,32.955596,-117.170551,5698.7,79.4,4.6,151,,,,True,-6.8
1620,32.955547,-117.170649,5709.3,79.2,4.8,151,,,,True,-5.5
1622,32.955496,-117.170744,5719.9,78.6,5.183,151,,,,True,-3.8
1623,32.955478,-117.170796,5725.2,78.2,5.3,151,,,,True,-3.7
1625,32.955429,-117.1709,5736.0,78.0,5.34,151,,,,True,-3.8
1628,32.955347,-117.171051,5753.0,77.6,5.56,150,,,,True,-5.3
1632,32.955305,-117.171193,5767.5,76.8,4.5,151,,,,True,-9.4
1634,32.955277,-117.171262,5774.5,75.6,3.583,148,,,,True,-13.3
1636,32.955241,-117.171343,5782.9,73.6,3.737,145,,,,True,-19.0
1637,32.955218,-117.171387,5787.7,73.0,4.04,143,,,,True,-18.5
1638,32.955199,-117.171439,5792.8,72.0,4.217,142,,,,True,-16.3
1640,32.955172,-117.171554,5803.7,70.2,4.867,140,,,,True,-17.1
1641,32.955165,-117.171603,5808.6,69.4,5.14,140,,,,True,-16.5
1642,32.955155,-117.17164,5812.3,68.8,4.92,140,,,,True,-11.8
1644,32.955146,-117.171674,5815.8,68.2,3.833,139,,,,True,-9.6
1648,32.955166,-117.171753,5824.1,67.8,1.967,138,,,,True,-7.3
1649,32.955188,-117.171778,5827.4,67.6,2.32,138,,,,True,-6.6
1650,32.955204,-117.17182,5831.4,67.4,2.6,138,,,,True,-2.6
1652,32.955228,-117.171909,5840.0,66.6,3.025,137,,,,True,1.8
1656,32.955272,-117.172045,5854.6,67.0,3.867,139,,,,True,5.3
1658,32.955262,-117.172108,5860.2,68.2,3.367,138,,,,True,9.0
1661,32.955266,-117.172198,5868.9,69.4,2.86,138,,,,True,11.5
1664,32.955235,-117.172284,5877.6,70.0,2.9,141,,,,True,5.7
1665,32.955234,-117.17232,5880.8,70.0,2.943,145,,,,True,1.5
1668,32.955272,-117.172432,5891.8,70.0,3.271,148,,,,True,-0.5
1669,32.95528,-117.172472,5895.6,69.8,3.6,148,,,,True,0.4
1674,32.955339,-117.172673,5915.8,69.8,4.0,150,,,,True,1.2
1678,32.955411,-117.172835,5933.1,70.2,4.167,152,,,,True,1.9
1680,32.955455,-117.172907,5941.4,70.6,4.267,152,,,,True,3.3
1682,32.955512,-117.17296,5949.3,70.8,4.188,152,,,,True,4.1
1686,32.955619,-117.173057,5964.1,71.4,3.783,153,,,,True,2.2
1687,32.955622,-117.173089,5967.0,71.6,3.54,154,,,,True,1.5
1692,32.955673,-117.173306,5987.5,71.6,3.9,155,,,,True,0.0
1693,32.955695,-117.173325,5990.3,71.4,3.883,154,,,,True,0.0
1695,32.955726,-117.17333,5994.0,71.4,3.375,155,,,,True,2.2
1698,32.955772,-117.173262,6002.1,71.6,2.36,156,,,,True,6.1
1699,32.955789,-117.173222,6006.0,72.0,2.617,155,,,,True,9.7
1702,32.95587,-117.173172,6016.5,73.0,3.214,156,,,,True,13.5
1706,32.955922,-117.173166,6022.8,74.2,2.4,157,,,,True,7.3
1708,32.955922,-117.173166,6022.8,74.4,1.05,157,,,,False,1.3
1710,32.955966,-117.173206,6028.0,73.6,1.438,157,,,,True,-11.7
1711,32.955977,-117.173246,6031.8,73.2,1.8,159,,,,True,-13.3
1712,32.955975,-117.173275,6034.8,72.8,2.0,159,,,,True,-15.2
1713,32.955976,-117.173306,6037.8,72.4,3.0,160,,,,True,-17.6
1714,32.955976,-117.173346,6041.2,71.6,3.067,161,,,,True,-19.0
1715,32.955957,-117.173385,6045.4,70.8,3.48,162,,,,True,-20.2
1716,32.955914,-117.173418,6050.6,69.8,3.76,162,,,,True,-18.8
1717,32.955865,-117.173446,6056.6,68.6,4.36,162,,,,True,-16.7
1718,32.955831,-117.173495,6062.5,67.6,4.94,162,,,,True,-11.0
1719,32.955808,-117.173554,6068.1,67.0,5.38,161,,,,True,-3.1
1721,32.955758,-117.173661,6079.8,66.6,5.84,161,,,,True,4.5
1723,32.955705,-117.17373,6088.6,67.6,5.22,161,,,,True,10.3
1725,32.955678,-117.173772,6093.6,69.0,4.25,160,,,,True,13.5
1727,32.955674,-117.173815,6097.3,70.0,2.917,162,,,,True,4.1
1732,32.955584,-117.173896,6110.8,70.8,2.457,162,,,,True,-0.5
1736,32.95545,-117.173981,6127.7,69.2,3.378,162,,,,True,-3.3
1737,32.955451,-117.174027,6131.7,68.8,4.18,162,,,,True,-4.0
1739,32.955476,-117.174113,6140.1,68.6,4.186,163,,,,True,-1.3
1743,32.955557,-117.174246,6155.7,69.0,4.0,165,,,,True,-2.7
1744,32.955545,-117.174283,6159.2,68.8,3.82,166,,,,True,-3.5
1746,32.955557,-117.174388,6168.1,67.8,4.0,165,,,,True,-5.7
1747,32.955553,-117.174455,6174.4,67.4,4.287,165,,,,True,-3.6
1749,32.955508,-117.174533,6183.9,67.4,4.94,166,,,,True,3.9
1750,32.955481,-117.174553,6187.3,67.8,4.683,166,,,,True,6.8
1752,32.95545,-117.174611,6193.8,68.8,3.88,171,,,,True,6.2
1754,32.955434,-117.174684,6200.8,69.2,3.38,172,,,,True,1.8
1757,32.955384,-117.174799,6212.7,69.2,3.78,171,,,,True,-3.5
1759,32.955349,-117.174879,6221.3,68.4,4.1,172,,,,True,-6.6
1761,32.955341,-117.174949,6227.7,67.6,3.843,172,,,,True,-12.3
1762,32.955324,-117.17498,6230.9,67.2,3.64,172,,,,True,-14.1
1763,32.955299,-117.175,6233.8,66.6,3.517,171,,,,True,-17.1
1764,32.955281,-117.175027,6236.9,66.2,3.12,171,,,,True,-19.0
1765,32.955282,-117.175051,6239.4,65.6,3.017,170,,,,True,-16.2
1766,32.955306,-117.175081,6242.5,65.0,2.96,170,,,,True,-15.7
1768,32.955389,-117.175136,6252.3,63.6,3.7,169,,,,True,-9.2
1769,32.955395,-117.175179,6256.0,63.2,3.82,169,,,,True,-5.0
1771,32.95534,-117.175221,6263.3,63.4,4.16,166,,,,True,5.4
1772,32.955313,-117.175239,6266.6,63.8,4.017,164,,,,True,11.7
1774,32.955298,-117.175277,6270.7,64.6,2.94,160,,,,True,23.5
1775,32.955295,-117.175281,6271.4,65.0,2.567,160,,,,True,23.2
1780,32.955299,-117.175302,6273.5,65.8,0.467,160,,,,True,16.1
1782,32.955299,-117.175329,6276.0,66.0,0.657,160,,,,True,13.7
1785,32.955293,-117.175346,6277.8,66.4,0.86,163,,,,True,2.5
1790,32.955273,-117.175399,6283.1,66.6,0.888,164,,,,True,0.9
1795,32.955211,-117.175533,6297.4,66.4,1.96,163,,,,True,0.0
1801,32.955183,-117.175762,6319.4,66.4,3.3,164,,,,True,-3.1
1807,32.955133,-117.175961,6338.7,66.4,3.442,163,,,,True,-4.1
1811,32.955064,-117.17611,6354.8,64.4,3.54,163,,,,True,-5.9
1813,32.955065,-117.176231,6365.4,63.6,4.45,163,,,,True,-8.3
1814,32.955038,-117.176279,6370.6,63.4,4.557,163,,,,True,-1.7
1815,32.954999,-117.176283,6374.7,63.4,4.5,164,,,,True,1.6
1816,32.954971,-117.176289,6378.0,64.0,4.64,163,,,,True,2.5
1820,32.954861,-117.176337,6390.9,64.0,3.24,164,,,,True,1.8
1821,32.954837,-117.176373,6394.9,64.0,3.38,163,,,,True,1.1
1824,32.954824,-117.176506,6407.6,64.0,3.7,164,,,,True,1.4
1826,32.954795,-117.176575,6414.9,64.4,4.0,163,,,,True,-2.8
1827,32.954766,-117.176598,6418.8,64.4,3.983,163,,,,True,-4.4
1831,32.95461,-117.176702,6438.3,62.8,4.68,160,,,,True,-6.8
1832,32.954562,-117.176733,6444.1,62.4,5.06,160,,,,True,-8.1
1833,32.954524,-117.176779,6450.1,62.0,5.217,159,,,,True,-7.0
1834,32.954505,-117.176836,6455.8,61.4,5.286,159,,,,True,-6.2
1835,32.95449,-117.176892,6461.1,61.2,5.288,158,,,,True,-4.5
1836,32.954469,-117.176943,6466.6,61.0,5.66,159,,,,True,-2.3
1838,32.954421,-117.177041,6477.0,60.8,5.38,159,,,,True,-2.3
1839,32.954377,-117.177067,6482.4,60.8,5.32,159,,,,True,-1.3
1840,32.954344,-117.177106,6487.6,60.6,5.3,159,,,,True,-0.6
1842,32.954299,-117.177203,6497.8,60.6,5.2,158,,,,True,-1.0
1844,32.954253,-117.177302,6508.4,60.6,5.2,155,,,,True,-0.9
1847,32.954179,-117.177449,6524.5,60.4,5.34,152,,,,True,-2.7
1848,32.954145,-117.177493,6529.9,60.2,5.35,151,,,,True,-3.0
1850,32.954071,-117.177585,6541.7,59.4,5.55,151,,,,True,-4.7
1851,32.954048,-117.177647,6547.8,59.4,5.629,151,,,,True,-1.9
1852,32.954017,-117.177705,6554.2,59.0,5.94,151,,,,True,0.0
1855,32.953944,-117.177875,6571.9,59.4,6.04,151,,,,True,1.8
1856,32.953928,-117.177921,6576.7,59.4,5.78,151,,,,True,3.0
1859,32.953909,-117.177957,6581.3,60.0,3.871,150,,,,True,1.8
1865,32.95391,-117.177956,6581.3,59.8,0.511,149,,,,False,0.0
1866,32.953906,-117.177973,6582.9,59.6,0.229,149,,,,True,-0.7
1870,32.953847,-117.178145,6599.9,59.4,3.72,148,,,,True,-0.4
1877,32.953675,-117.178473,6636.1,59.6,4.836,146,,,,True,-0.2
1884,32.953481,-117.178801,6673.7,59.4,5.271,149,,,,True,0.4
1885,32.953463,-117.178854,6678.9,59.4,5.35,149,,,,True,0.3
1888,32.95344,-117.178993,6691.9,59.8,5.073,150,,,,True,0.7
1889,32.953426,-117.17903,6695.8,59.8,4.42,150,,,,True,1.2
1891,32.953367,-117.179067,6702.7,59.6,3.967,150,,,,True,1.2
1894,32.953323,-117.179151,6712.2,59.8,3.28,151,,,,True,0.0
1899,32.953327,-117.179302,6726.0,60.2,2.913,151,,,,True,0.0
1903,32.953326,-117.179309,6726.8,59.8,1.622,152,,,,False,-4.1
1913,32.953326,-117.179309,6726.8,59.6,0.057,150,,,,False,-29.6
1919,32.953326,-117.179309,6727.0,59.2,0.012,153,,,,False,-3.8
1924,32.95332,-117.179303,6727.0,59.4,0.018,149,,,,False,-1.3
1925,32.953314,-117.179319,6728.7,59.4,0.283,144,,,,True,2.7
1927,32.953312,-117.179379,6733.7,60.2,0.837,141,,,,True,-2.0
1929,32.953267,-117.179454,6741.8,59.6,2.96,140,,,,True,-3.3
1930,32.95323,-117.179493,6747.2,59.0,3.7,140,,,,True,-8.6
1931,32.953182,-117.179521,6753.0,58.6,4.05,140,,,,True,-10.0
1932,32.953123,-117.179527,6759.3,58.0,5.12,139,,,,True,-10.3
1933,32.953064,-117.179531,6765.8,57.2,5.35,139,,,,True,-10.5
1934,32.953005,-117.179545,6772.5,56.4,6.14,139,,,,True,-9.3
1936,32.952892,-117.179532,6785.4,55.2,6.48,139,,,,True,-5.0
1937,32.952841,-117.179511,6791.4,55.0,6.42,139,,,,True,-3.5
1941,32.952649,-117.17944,6813.7,54.8,5.66,138,,,,True,-1.3
1943,32.952553,-117.17943,6824.1,54.6,5.45,135,,,,True,-0.4
1945,32.952487,-117.179467,6832.3,54.6,5.113,131,,,,True,0.0
1946,32.952463,-117.179502,6836.3,54.8,4.52,130,,,,True,0.0
1947,32.952439,-117.179545,6840.9,54.8,4.533,129,,,,True,0.0
1950,32.95235,-117.179673,6856.4,54.6,4.82,128,,,,True,0.0
1951,32.952324,-117.179722,6861.7,54.6,5.08,128,,,,True,1.7
1954,32.95224,-117.179871,6878.7,54.8,5.4,129,,,,True,4.5
1956,32.952183,-117.17994,6888.0,55.6,5.26,130,,,,True,4.6
1958,32.952137,-117.180011,6896.3,56.4,4.943,132,,,,True,2.9
1959,32.95212,-117.180061,6901.1,56.4,4.48,134,,,,True,-1.3
1961,32.952074,-117.180179,6912.9,55.8,4.98,136,,,,True,-6.0
1962,32.952043,-117.180241,6919.7,55.2,5.283,136,,,,True,-6.1
1964,32.952018,-117.180381,6932.9,54.2,6.36,136,,,,True,-5.7
1965,32.952009,-117.180461,6940.2,54.0,6.517,137,,,,True,-5.1
1966,32.951984,-117.180537,6947.9,53.8,7.0,138,,,,True,-2.6
1968,32.951904,-117.180662,6962.6,53.0,7.15,139,,,,True,-2.6
1975,32.951648,-117.181083,7011.1,52.2,7.022,140,,,,True,-2.3
1977,32.951583,-117.181208,7025.1,51.8,6.944,140,,,,True,-1.6
1980,32.951487,-117.181388,7045.0,51.6,6.78,142,,,,True,-1.3
1981,32.951446,-117.181441,7051.9,51.6,6.8,143,,,,True,-0.3
1987,32.951257,-117.181794,7091.1,51.2,6.586,146,,,,True,-0.6
1995,32.951004,-117.182251,7141.9,51.4,6.429,146,,,,True,-0.9
1999,32.950842,-117.182459,7168.5,50.8,6.45,146,,,,True,-0.6
2002,32.950712,-117.18261,7188.7,50.4,6.686,146,,,,True,-0.9
2007,32.950532,-117.182878,7220.6,50.4,6.513,144,,,,True,0.3
2008,32.950488,-117.182924,7226.8,50.6,6.35,144,,,,True,1.4
2010,32.950386,-117.182986,7239.4,51.0,6.337,145,,,,True,4.0
2011,32.950337,-117.183001,7245.0,51.2,6.256,146,,,,True,3.1
2012,32.950289,-117.183008,7250.5,51.6,5.98,147,,,,True,3.3
2015,32.95015,-117.183013,7265.8,51.8,5.28,149,,,,True,3.9
2016,32.95011,-117.183014,7270.1,52.0,5.02,150,,,,True,4.6
2020,32.950014,-117.182997,7281.0,52.6,3.04,153,,,,True,9.2
2021,32.95002,-117.182997,7281.0,53.0,2.18,152,,,,False,9.2
2024,32.950029,-117.182995,7281.0,53.2,1.362,153,,,,False,0.0
2027,32.950029,-117.182995,7281.0,53.0,0.0,150,,,,False,0.0
2033,32.950029,-117.182995,7281.0,53.0,0.0,147,,,,False,0.0
2034,32.950029,-117.182995,7281.0,53.0,0.0,146,,,,False,0.0
2036,32.950029,-117.182995,7281.0,52.6,0.0,142,,,,False,0.0
2039,32.950029,-117.182995,7281.0,52.2,0.0,139,,,,False,0.0
2043,32.950029,-117.182995,7281.0,52.2,0.0,136,,,,False,0.0
2047,32.950029,-117.182995,7281.0,52.0,0.0,133,,,,False,0.0
2048,32.950029,-117.182995,7281.0,52.0,0.0,132,,,,False,-27.9
2059,32.950029,-117.182995,7281.0,51.6,0.0,130,,,,False,-6.3
2062,32.950029,-117.182995,7281.0,51.4,0.0,127,,,,False,-4.2
2069,32.950029,-117.182995,7281.0,51.8,0.0,125,,,,False,-3.2
2076,32.950026,-117.182996,7281.0,51.4,0.0,125,,,,False,0.0
2078,32.949997,-117.182968,7285.3,51.4,0.478,125,,,,True,0.0
2082,32.949889,-117.182881,7299.9,51.4,3.15,123,,,,True,2.3
2086,32.949764,-117.182876,7314.1,51.8,3.6,123,,,,True,2.1
2090,32.949603,-117.182958,7332.9,52.6,4.125,124,,,,True,1.9
2092,32.949552,-117.183054,7343.5,52.6,4.9,125,,,,True,0.4
2094,32.949527,-117.183157,7353.3,52.4,4.9,126,,,,True,-1.9
2096,32.949535,-117.183272,7364.2,52.0,5.217,129,,,,True,-1.3
2098,32.949538,-117.183385,7374.5,51.8,5.167,130,,,,True,-0.5
2101,32.949558,-117.183557,7390.8,52.0,5.32,133,,,,True,1.1
2102,32.949559,-117.183614,7396.1,52.2,5.317,134,,,,True,2.5
2103,32.949552,-117.183675,7401.6,52.4,5.42,135,,,,True,5.1
2104,32.949539,-117.183731,7407.1,52.6,5.433,136,,,,True,5.9
2106,32.949504,-117.183839,7418.1,53.4,5.46,139,,,,True,6.4
2108,32.949478,-117.183927,7426.8,54.0,5.04,143,,,,True,4.4
2110,32.949444,-117.184014,7435.8,54.6,4.783,146,,,,True,0.0
2114,32.949404,-117.18418,7452.2,54.6,4.233,149,,,,True,-2.2
2117,32.949358,-117.184335,7467.3,53.4,4.5,151,,,,True,-4.8
2118,32.949343,-117.184394,7473.0,53.0,4.65,152,,,,True,-6.3
2120,32.949309,-117.184521,7485.6,52.2,5.567,152,,,,True,-5.6
2123,32.94925,-117.184736,7506.5,51.2,6.7,152,,,,True,-5.7
2124,32.949232,-117.184813,7514.1,50.8,6.85,153,,,,True,-5.9
2125,32.949223,-117.184895,7521.7,50.2,7.22,154,,,,True,-6.1
2126,32.94921,-117.184981,7529.8,49.6,7.367,154,,,,True,-6.0
2128,32.949186,-117.185149,7545.8,48.8,7.86,155,,,,True,-3.3
2129,32.949173,-117.185235,7554.0,48.4,7.98,155,,,,True,-2.9
2136,32.949081,-117.185776,7605.7,47.4,7.487,156,,,,True,-1.8
2137,32.949077,-117.185845,7612.2,47.2,7.275,157,,,,True,-1.5
2139,32.949068,-117.185983,7625.1,47.4,7.11,158,,,,True,-1.0
2140,32.949055,-117.186051,7631.6,47.2,7.055,158,,,,True,-1.3
2142,32.949044,-117.186193,7644.9,47.0,6.54,158,,,,True,-2.2
2146,32.949038,-117.186493,7672.9,46.4,6.883,158,,,,True,-1.4
2147,32.94904,-117.18657,7680.2,46.2,7.06,157,,,,True,-0.9
2152,32.949011,-117.18694,7715.3,46.0,7.067,155,,,,True,0.0
2159,32.948956,-117.187414,7759.6,46.0,6.617,153,,,,True,0.4
2166,32.948884,-117.187877,7803.7,46.4,6.314,150,,,,True,0.9
2174,32.948804,-117.188336,7847.6,46.8,5.867,150,,,,True,1.1
2179,32.948758,-117.188597,7872.7,47.4,5.308,150,,,,True,1.4
2182,32.948722,-117.188743,7886.9,47.4,4.912,150,,,,True,1.2
2183,32.948714,-117.188793,7891.6,47.6,4.889,150,,,,True,0.0
2188,32.948655,-117.189054,7916.8,47.6,4.983,151,,,,True,-1.7
2190,32.948622,-117.189165,7927.9,47.4,5.186,151,,,,True,-2.2
2195,32.948569,-117.189471,7956.9,46.2,5.729,151,,,,True,-2.9
2196,32.948551,-117.189535,7963.2,46.0,5.883,151,,,,True,-2.6
2201,32.948473,-117.189837,7992.8,45.4,5.983,151,,,,True,-0.6
2203,32.948458,-117.189964,8004.8,45.4,5.943,150,,,,True,0.3
2206,32.948451,-117.190151,8022.2,45.8,5.88,150,,,,True,2.0
2208,32.94845,-117.190263,8032.8,46.2,5.6,150,,,,True,2.5
2211,32.948428,-117.190375,8043.7,46.4,4.3,149,,,,True,3.5
2212,32.948419,-117.190381,8045.0,46.4,3.8,149,,,,True,1.6
2216,32.948422,-117.190375,8045.0,46.6,0.26,146,,,,False,-46.2
2217,32.948422,-117.190375,8045.0,46.4,0.0,143,,,,False,-46.2
2225,32.948422,-117.190375,8045.0,46.0,0.0,140,,,,False,-46.2
2228,32.948422,-117.190375,8045.0,45.8,0.0,136,,,,False,-46.2
2231,32.948422,-117.190375,8045.0,45.6,0.0,135,,,,False,-46.2
2238,32.948422,-117.190375,8045.0,45.4,0.0,132,,,,False,-46.2
2242,32.948422,-117.190375,8045.0,45.0,0.0,133,,,,False,-46.2
2246,32.948422,-117.190375,8045.0,45.0,0.0,132,,,,False,-31.2
2253,32.948422,-117.190375,8045.6,44.8,0.055,132,,,,False,-14.3
2258,32.948425,-117.190376,8045.8,44.8,0.067,129,,,,False,-17.7
2260,32.948422,-117.190375,8045.8,44.6,0.029,128,,,,False,-12.4
2265,32.948423,-117.190375,8046.0,44.6,0.029,125,,,,False,-8.8
2267,32.948423,-117.190374,8046.2,44.6,0.057,126,,,,False,-3.5
2272,32.948422,-117.190375,8046.2,44.0,0.029,125,,,,False,-1.9
2275,32.948422,-117.190375,8046.2,44.0,0.0,122,,,,False,0.0
2277,32.948422,-117.190375,8046.2,44.2,0.0,117,,,,False,0.0
2278,32.94842,-117.190375,8046.3,44.4,0.017,116,,,,False,5.9
2280,32.94839,-117.190351,8050.1,44.4,0.78,115,,,,True,4.7
2282,32.948335,-117.190343,8056.3,44.6,2.02,112,,,,True,3.9
2284,32.948273,-117.190358,8063.4,45.0,2.85,111,,,,True,6.8
2285,32.948242,-117.19037,8066.8,45.2,3.34,111,,,,True,7.7
2288,32.948155,-117.190378,8076.6,46.2,3.383,113,,,,True,9.2
2289,32.948127,-117.190383,8079.7,46.4,3.26,117,,,,True,9.0
2290,32.948099,-117.190388,8082.9,46.8,3.22,120,,,,True,8.7
2292,32.948045,-117.190388,8089.0,47.2,3.171,121,,,,True,7.7
2294,32.947993,-117.190375,8094.9,47.8,3.04,125,,,,True,6.8
2295,32.947968,-117.190363,8097.8,47.8,2.98,130,,,,True,5.6
2296,32.947945,-117.190348,8100.6,48.0,2.95,136,,,,True,5.7
2298,32.947897,-117.190315,8106.8,48.2,2.967,137,,,,True,6.8
2303,32.947804,-117.190236,8119.5,49.2,2.7,145,,,,True,7.7
2304,32.947793,-117.190225,8121.2,49.4,2.4,150,,,,True,9.0
2305,32.94779,-117.190228,8121.4,49.6,2.086,150,,,,False,-2.9
2308,32.947799,-117.190228,8122.4,49.6,0.58,150,,,,True,-3.9
2311,32.947809,-117.190251,8124.6,49.2,0.533,152,,,,True,-5.9
2312,32.94782,-117.19027,8126.3,49.0,0.7,152,,,,True,-8.1
2313,32.947822,-117.190298,8128.6,49.0,1.24,151,,,,True,-6.1
2315,32.947789,-117.190355,8134.7,48.6,1.757,151,,,,True,-6.5
2316,32.947775,-117.190385,8137.8,48.4,2.64,151,,,,True,-4.3
2317,32.947745,-117.190409,8141.6,48.0,3.06,151,,,,True,2.5
2319,32.947702,-117.190436,8147.4,48.2,3.133,152,,,,True,5.0
2323,32.94761,-117.190497,8158.8,49.2,2.867,153,,,,True,8.5
2324,32.947584,-117.190496,8161.7,49.6,2.86,153,,,,True,10.4
2327,32.947512,-117.190479,8169.7,50.4,2.788,155,,,,True,9.4
2328,32.947489,-117.190471,8172.5,50.8,2.74,156,,,,True,8.6
2332,32.947407,-117.190437,8182.2,51.4,2.5,159,,,,True,8.0
2333,32.947383,-117.190442,8184.9,51.6,2.48,160,,,,True,6.6
2334,32.947363,-117.190447,8187.3,51.8,2.467,161,,,,True,7.0
2339,32.947252,-117.190449,8199.7,52.6,2.467,162,,,,True,6.3
2341,32.947207,-117.190443,8205.0,53.0,2.529,162,,,,True,5.7
2345,32.947131,-117.190422,8213.4,53.4,2.283,163,,,,True,6.3
2346,32.947112,-117.190432,8215.4,53.4,2.08,164,,,,True,5.2
2349,32.947078,-117.190495,8222.1,54.0,2.138,164,,,,True,8.9
2350,32.94707,-117.190511,8224.1,54.0,2.14,164,,,,True,11.5
2354,32.947052,-117.190584,8231.3,55.0,1.84,164,,,,True,14.2
2355,32.947052,-117.190601,8232.8,55.4,1.74,164,,,,True,15.2
2359,32.947036,-117.190682,8240.4,56.6,1.82,165,,,,True,16.6
2360,32.947039,-117.190703,8242.5,56.8,1.94,165,,,,True,18.3
2363,32.947053,-117.19075,8247.0,57.6,1.775,167,,,,True,19.6
2365,32.947053,-117.19075,8247.0,58.0,0.9,168,,,,False,19.2
2370,32.947078,-117.190775,8250.6,58.6,0.514,171,,,,True,19.8
2371,32.947081,-117.190781,8251.2,58.8,0.7,171,,,,True,18.3
2379,32.947126,-117.190809,8257.1,59.6,0.722,171,,,,True,16.4
2386,32.947141,-117.190822,8259.0,60.2,0.52,170,,,,False,17.7
2392,32.94717,-117.190842,8262.8,60.6,0.438,170,,,,True,32.9
2393,32.947177,-117.190844,8263.6,61.0,0.657,170,,,,True,24.6
2396,32.947189,-117.190838,8264.4,61.8,0.54,167,,,,False,23.4
2397,32.947189,-117.190838,8264.4,62.0,0.32,166,,,,False,23.7
2399,32.947189,-117.190838,8264.4,62.2,0.133,165,,,,False,22.2
2405,32.947235,-117.190858,8270.1,62.8,0.713,166,,,,True,16.2
2407,32.947248,-117.190866,8271.8,63.2,0.925,166,,,,True,14.8
2414,32.947285,-117.190917,8278.0,64.2,0.878,165,,,,True,17.9
2420,32.947288,-117.190929,8279.3,64.4,0.577,164,,,,False,18.8
2426,32.947274,-117.19097,8283.5,65.2,0.458,163,,,,True,19.1
2428,32.947274,-117.19097,8283.5,65.4,0.525,162,,,,False,19.6
2434,32.947266,-117.190998,8286.1,65.8,0.325,161,,,,True,20.3
2436,32.947261,-117.191033,8289.5,66.4,0.75,161,,,,True,19.2
2439,32.947252,-117.191095,8295.3,67.6,1.84,161,,,,True,20.0
2441,32.947235,-117.19113,8299.1,68.4,1.92,160,,,,True,21.5
2442,32.947228,-117.191149,8301.1,68.8,1.933,160,,,,True,20.0
2445,32.9472,-117.191207,8307.2,70.2,1.983,160,,,,True,17.2
2448,32.947181,-117.191268,8313.3,71.2,2.033,162,,,,True,15.8
2450,32.947165,-117.191306,8317.7,71.6,2.1,165,,,,True,13.4
2453,32.947143,-117.191355,8322.6,72.2,1.86,166,,,,True,13.3
2457,32.947126,-117.191425,8329.6,73.2,1.7,167,,,,True,15.1
2458,32.947117,-117.191436,8331.3,73.6,1.74,167,,,,True,16.0
2462,32.947092,-117.191497,8337.6,74.6,1.6,169,,,,True,14.5
2463,32.947091,-117.191513,8338.9,74.8,1.52,170,,,,True,12.7
2467,32.947053,-117.191576,8346.2,75.6,1.72,172,,,,True,9.1
2469,32.947027,-117.191607,8350.2,76.0,1.883,173,,,,True,8.3
2476,32.946947,-117.191679,8361.7,76.8,1.722,173,,,,True,6.8
2484,32.946837,-117.19174,8375.1,77.8,1.66,174,,,,True,6.6
2492,32.946714,-117.191806,8390.0,78.6,1.769,172,,,,True,6.1
2495,32.94667,-117.191829,8395.5,79.0,1.855,171,,,,True,5.2
2500,32.946588,-117.191841,8404.6,79.4,1.825,170,,,,True,4.8
2506,32.946475,-117.191833,8417.3,80.0,1.982,168,,,,True,4.4
2507,32.946458,-117.191835,8419.2,80.0,2.086,168,,,,True,4.4
2511,32.946383,-117.191835,8427.3,80.4,2.0,167,,,,True,4.3
2513,32.946342,-117.19183,8431.9,80.6,2.117,166,,,,True,5.6
2517,32.946269,-117.191847,8440.3,81.0,2.167,165,,,,True,6.7
2519,32.946232,-117.19185,8444.4,81.4,2.083,165,,,,True,6.7
2524,32.946146,-117.191856,8454.1,82.2,1.971,165,,,,True,7.3
2525,32.946131,-117.191863,8455.9,82.2,1.917,164,,,,True,7.1
2531,32.946028,-117.191851,8467.7,83.0,1.943,164,,,,True,7.4
2532,32.946012,-117.191842,8469.6,83.2,1.957,164,,,,True,8.4
2537,32.945937,-117.19181,8478.4,84.0,1.783,163,,,,True,9.5
2539,32.945904,-117.191806,8482.1,84.4,1.786,163,,,,True,9.6
2544,32.945832,-117.191773,8490.9,85.2,1.786,163,,,,True,8.6
2545,32.945817,-117.191765,8492.6,85.4,1.75,164,,,,True,7.9
2551,32.94572,-117.191724,8504.1,86.2,1.886,166,,,,True,8.9
2553,32.945692,-117.191712,8507.4,86.4,1.85,167,,,,True,8.8
2559,32.945601,-117.191687,8517.8,87.6,1.712,166,,,,True,9.1
2564,32.945582,-117.191691,8519.8,87.8,1.127,165,,,,True,7.8
2568,32.945574,-117.191706,8521.7,87.8,0.433,165,,,,True,0.0
2569,32.945567,-117.191718,8522.8,87.6,0.6,165,,,,True,-2.7
2574,32.945479,-117.191821,8536.3,87.6,2.433,164,,,,True,-3.4
2576,32.945513,-117.191867,8541.9,87.2,2.729,163,,,,True,-4.0
2577,32.945528,-117.191894,8544.9,87.0,2.763,163,,,,True,-8.3
2578,32.945528,-117.191922,8547.6,86.6,2.756,163,,,,True,-8.0
2579,32.945527,-117.19196,8550.8,86.4,2.9,163,,,,True,-6.1
2580,32.945517,-117.191997,8554.4,86.2,3.017,163,,,,True,-0.9
2581,32.945526,-117.192037,8558.1,86.2,3.24,163,,,,True,0.0
2584,32.945545,-117.192161,8569.8,86.4,3.8,163,,,,True,0.0
2586,32.94557,-117.192213,8576.0,86.4,3.58,162,,,,True,-0.8
2588,32.945608,-117.192256,8581.5,86.2,3.343,162,,,,True,-4.8
2589,32.945628,-117.192267,8584.0,86.0,2.84,162,,,,True,-6.7
2591,32.945675,-117.192313,8590.6,85.4,2.92,162,,,,True,-9.5
2592,32.94567,-117.192351,8594.0,85.2,3.0,163,,,,True,-9.9
2594,32.945694,-117.19241,8600.5,84.4,3.3,163,,,,True,-9.7
2595,32.945723,-117.192438,8604.3,84.0,3.383,163,,,,True,-10.0
2596,32.945751,-117.192477,8609.1,83.6,3.7,162,,,,True,-6.9
2598,32.945803,-117.192579,8620.1,82.6,4.35,162,,,,True,-5.5
2601,32.945879,-117.1927,8635.1,82.0,5.2,160,,,,True,-5.5
2603,32.945943,-117.192768,8644.6,81.8,4.9,160,,,,True,-4.1
2604,32.94597,-117.19281,8649.4,81.4,4.883,160,,,,True,-4.2
2605,32.945989,-117.19286,8654.4,81.2,4.9,161,,,,True,-4.1
2607,32.946052,-117.192931,8663.9,80.8,4.8,158,,,,True,-1.6
2608,32.94608,-117.192972,8668.8,80.8,4.84,156,,,,True,-1.1
2612,32.946187,-117.193098,8686.0,80.8,4.42,154,,,,True,-2.2
2613,32.946212,-117.193136,8690.4,80.8,4.32,154,,,,True,-2.8
2615,32.946281,-117.193197,8699.6,80.0,4.4,153,,,,True,-3.1
2616,32.946307,-117.19324,8704.3,79.8,4.438,153,,,,True,-1.4
2618,32.946333,-117.193314,8712.2,80.0,4.36,149,,,,True,3.5
2620,32.946346,-117.193388,8719.0,80.4,3.88,148,,,,True,4.8
2624,32.946331,-117.193549,8734.0,81.2,3.633,147,,,,True,5.9
2625,32.946322,-117.19359,8737.9,81.4,3.78,147,,,,True,6.4
2628,32.94627,-117.193696,8749.6,82.2,3.825,148,,,,True,7.9
2630,32.946228,-117.193749,8756.5,82.8,3.72,148,,,,True,9.4
2631,32.946208,-117.193765,8759.2,83.2,3.55,148,,,,True,11.0
2634,32.946146,-117.19382,8767.7,84.2,3.017,150,,,,True,11.1
2636,32.946103,-117.193858,8773.3,84.8,2.82,154,,,,True,8.7
2637,32.946079,-117.193874,8776.3,85.0,2.85,156,,,,True,5.8
2639,32.946024,-117.193872,8782.2,85.2,2.9,158,,,,True,4.0
2641,32.945983,-117.193827,8788.5,85.4,3.04,158,,,,True,3.7
2646,32.945894,-117.193712,8803.0,86.0,2.971,160,,,,True,4.0
2648,32.945865,-117.193664,8808.5,86.2,2.857,161,,,,True,3.7
2653,32.945809,-117.19353,8822.5,86.8,2.786,162,,,,True,3.0
2659,32.945747,-117.193388,8837.6,87.2,2.645,164,,,,True,3.7
2661,32.945718,-117.193344,8842.9,87.2,2.55,164,,,,True,4.0
2665,32.945668,-117.193267,8851.8,87.8,2.367,165,,,,True,4.7
2670,32.945602,-117.193179,8862.9,88.4,2.222,165,,,,True,4.4
2672,32.94557,-117.193153,8867.1,88.6,2.186,165,,,,True,3.8
2681,32.945428,-117.193006,8888.3,89.2,2.309,166,,,,True,3.3
2684,32.945396,-117.192951,8894.4,89.4,2.275,166,,,,True,3.2
2689,32.945354,-117.192842,8905.5,89.8,2.15,165,,,,True,4.1
2694,32.945278,-117.192748,8917.8,90.2,2.34,166,,,,True,5.6
2696,32.945253,-117.192713,8922.2,90.6,2.386,165,,,,True,6.6
2700,32.945199,-117.192651,8930.3,91.4,2.083,165,,,,True,8.9
2701,32.945183,-117.192635,8932.6,91.6,2.08,165,,,,True,9.2
2707,32.945101,-117.192553,8944.8,92.6,2.071,165,,,,True,9.7
2708,32.945093,-117.192541,8946.1,92.8,1.929,165,,,,True,9.8
2713,32.945034,-117.192476,8955.0,93.8,1.7,165,,,,True,9.2
2716,32.944996,-117.192431,8961.1,94.4,1.875,165,,,,True,8.4
2720,32.944966,-117.192354,8968.8,94.8,1.971,165,,,,True,7.6
2722,32.944951,-117.192324,8972.2,95.0,1.85,166,,,,True,6.8
2727,32.944904,-117.192241,8981.4,95.8,1.8,167,,,,True,9.3
2729,32.944883,-117.19222,8984.5,96.0,1.757,167,,,,True,6.7
2734,32.944819,-117.192189,8992.5,97.0,1.586,169,,,,True,2.4
2739,32.944737,-117.192221,9002.0,97.0,1.75,170,,,,True,1.3
2744,32.944642,-117.192296,9014.7,96.6,2.22,170,,,,True,-1.4
2750,32.944547,-117.192434,9031.3,96.6,2.664,170,,,,True,-2.2
2756,32.944464,-117.192597,9049.0,96.2,2.858,168,,,,True,-2.1
2758,32.94443,-117.192685,9057.5,95.8,3.275,167,,,,True,-1.6
2761,32.944391,-117.192827,9071.7,95.4,4.54,165,,,,True,-1.4
2766,32.944274,-117.192986,9092.0,95.6,4.313,164,,,,True,-0.7
2770,32.944179,-117.19311,9107.8,95.4,4.011,161,,,,True,0.0
2771,32.944159,-117.193149,9111.8,95.4,3.96,160,,,,True,0.0
2772,32.944135,-117.193193,9116.6,95.4,4.1,158,,,,True,3.4
2778,32.944006,-117.193461,9145.5,95.6,4.814,156,,,,True,5.0
2781,32.943953,-117.193532,9154.6,97.0,4.222,154,,,,True,6.1
2783,32.943921,-117.193574,9159.8,97.8,2.86,153,,,,True,15.2
2784,32.943904,-117.193596,9162.4,98.2,2.817,153,,,,True,12.9
2787,32.943875,-117.193674,9170.5,99.4,2.65,154,,,,True,4.7
2789,32.943859,-117.193735,9176.3,99.8,2.78,155,,,,True,1.4
2795,32.943841,-117.193964,9197.8,99.6,3.412,156,,,,True,-0.8
2800,32.943847,-117.194186,9218.6,99.0,3.845,157,,,,True,-1.9
2806,32.943761,-117.194423,9243.0,98.8,4.109,157,,,,True,-2.8
2808,32.943707,-117.194491,9251.9,98.4,4.162,157,,,,True,-3.8
2810,32.943649,-117.194569,9261.4,97.8,4.28,157,,,,True,-6.9
2811,32.943627,-117.194614,9266.3,97.2,4.66,157,,,,True,-7.8
2812,32.943595,-117.194658,9271.8,96.8,4.8,157,,,,True,-8.7
2814,32.943527,-117.19474,9282.7,96.0,5.133,156,,,,True,-6.9
2815,32.943514,-117.194783,9286.8,95.6,5.08,156,,,,True,-5.3
2817,32.943522,-117.194879,9295.2,95.2,4.68,156,,,,True,-1.1
2819,32.943565,-117.194977,9305.5,95.0,4.56,155,,,,True,0.5
2822,32.943658,-117.195078,9319.4,95.6,4.84,158,,,,True,2.7
2823,32.943686,-117.195114,9323.9,95.8,4.783,159,,,,True,4.7
2825,32.943719,-117.195196,9332.5,96.2,4.5,156,,,,True,4.7
2827,32.943745,-117.195265,9339.6,96.6,4.04,157,,,,True,5.6
2830,32.943762,-117.19537,9349.5,97.0,3.4,158,,,,True,6.1
2832,32.943756,-117.19544,9356.0,97.6,3.28,158,,,,True,8.0
2834,32.943727,-117.195496,9362.2,98.0,3.229,159,,,,True,10.8
2836,32.943695,-117.195534,9367.2,98.8,2.95,159,,,,True,11.2
2837,32.943682,-117.195562,9369.9,99.2,2.78,159,,,,True,10.2
2841,32.943629,-117.195658,9381.0,100.4,2.76,160,,,,True,7.7
2843,32.943607,-117.195703,9385.7,100.4,2.633,163,,,,True,3.7
2845,32.943603,-117.195758,9390.7,100.6,2.6,166,,,,True,-3.4
2847,32.943616,-117.195828,9397.2,100.2,2.7,167,,,,True,-4.7
2851,32.943602,-117.195963,9410.2,99.4,3.25,167,,,,True,-6.8
2853,32.943598,-117.195959,9411.2,99.2,2.333,167,,,,True,-8.4
2855,32.943599,-117.195952,9411.2,99.2,1.75,166,,,,False,-8.4
2862,32.943603,-117.195954,9411.5,99.0,0.033,164,,,,False,-43.5
2870,32.943603,-117.195954,9411.5,98.4,0.02,163,,,,False,-21.4
2871,32.9436,-117.195955,9411.5,98.2,0.0,161,,,,False,-21.4
2875,32.943603,-117.195954,9412.5,98.6,0.2,162,,,,False,-14.3
2883,32.943603,-117.195954,9412.5,98.4,0.083,159,,,,False,0.0
2885,32.943597,-117.195959,9412.5,98.8,0.0,154,,,,False,0.0
2887,32.943603,-117.195954,9413.0,98.8,0.042,151,,,,False,2.3
2888,32.943603,-117.195954,9413.0,98.8,0.1,151,,,,False,3.2
2889,32.943603,-117.195954,9413.0,98.8,0.083,155,,,,False,6.5
2890,32.943603,-117.195954,9413.0,98.8,0.1,159,,,,False,5.9
2893,32.943603,-117.195954,9413.0,99.0,0.0,150,,,,False,5.0
2897,32.943603,-117.195954,9413.0,99.2,0.0,148,,,,False,5.2
2900,32.943603,-117.195954,9413.0,99.4,0.0,145,,,,False,5.2
2903,32.943589,-117.195955,9413.4,99.4,0.067,142,,,,False,3.4
2906,32.943555,-117.195907,9419.7,99.4,1.117,139,,,,True,2.8
2912,32.943519,-117.195733,9436.3,100.0,2.544,137,,,,True,3.6
2914,32.943503,-117.195677,9441.8,100.2,2.762,138,,,,True,4.5
2918,32.94347,-117.19557,9452.6,100.8,2.717,141,,,,True,4.8
2919,32.943463,-117.195545,9455.1,101.0,2.66,142,,,,True,4.4
2923,32.943436,-117.195439,9465.3,101.4,2.54,142,,,,True,3.1
2926,32.943408,-117.195356,9473.8,101.6,2.671,143,,,,True,2.1
2933,32.943342,-117.195188,9491.2,102.0,2.59,146,,,,True,2.0
2940,32.943243,-117.194995,9512.5,102.2,2.764,149,,,,True,-0.3
2941,32.943228,-117.194964,9516.0,102.4,3.1,149,,,,True,-1.5
2947,32.94314,-117.194772,9536.2,101.4,3.386,148,,,,True,-2.8
2953,32.94305,-117.19457,9557.3,101.0,3.442,145,,,,True,-3.7
2954,32.943028,-117.194529,9562.1,100.8,3.7,145,,,,True,-4.3
2957,32.942967,-117.194407,9575.3,100.2,3.91,144,,,,True,-6.2
2961,32.942872,-117.194213,9596.4,98.8,4.9,142,,,,True,-6.7
2964,32.9428,-117.194063,9612.5,97.6,5.314,141,,,,True,-7.1
2967,32.942729,-117.193962,9625.2,96.6,4.8,142,,,,True,-7.5
2968,32.942706,-117.193936,9628.7,96.4,4.614,146,,,,True,-9.5
2971,32.942664,-117.193807,9641.5,95.4,4.143,149,,,,True,-11.1
2973,32.942624,-117.193701,9652.3,93.8,4.72,148,,,,True,-11.1
2975,32.942578,-117.193573,9664.9,92.2,5.171,148,,,,True,-11.8
2976,32.942552,-117.193504,9672.1,91.6,6.12,148,,,,True,-9.8
2977,32.942525,-117.193422,9680.5,90.8,6.5,148,,,,True,-8.3
2979,32.942478,-117.193254,9697.0,89.4,7.45,149,,,,True,-8.5
2980,32.94246,-117.193159,9705.8,88.8,8.18,149,,,,True,-7.4
2981,32.942442,-117.193065,9714.6,88.0,8.5,149,,,,True,-6.4
2983,32.942411,-117.192887,9732.1,87.0,8.6,149,,,,True,-6.2
2985,32.942383,-117.192733,9747.1,86.2,8.26,148,,,,True,-5.9
2986,32.942374,-117.192658,9754.1,85.8,7.9,148,,,,True,-5.9
2989,32.942355,-117.192428,9775.7,84.4,7.267,149,,,,True,-6.0
2990,32.94235,-117.192352,9782.7,84.0,7.12,148,,,,True,-5.9
2992,32.94235,-117.192194,9797.3,83.2,7.2,143,,,,True,-4.7
2994,32.942347,-117.192035,9812.2,82.4,7.3,140,,,,True,-2.3
2996,32.942352,-117.191874,9827.2,82.0,7.417,138,,,,True,-1.8
3001,32.942343,-117.191523,9860.3,82.2,6.871,136,,,,True,-0.4
3007,32.942347,-117.191224,9888.1,81.6,5.536,135,,,,True,0.9
3016,32.942346,-117.190839,9924.1,82.0,4.253,134,,,,True,1.1
3023,32.942341,-117.190622,9944.4,83.0,3.519,133,,,,True,3.3
3024,32.942344,-117.190591,9947.3,83.2,2.9,133,,,,True,5.1
3029,32.942342,-117.190439,9961.6,84.0,2.867,136,,,,True,5.8
3031,32.94234,-117.190379,9967.2,84.2,2.843,137,,,,True,5.9
3037,32.942338,-117.190217,9982.4,85.2,2.6,140,,,,True,6.5
3038,32.942337,-117.190192,9984.8,85.4,2.514,141,,,,True,7.7
3040,32.942335,-117.190146,9989.1,85.8,2.433,144,,,,True,9.5
3043,32.942337,-117.190077,9995.7,86.4,2.18,146,,,,True,8.8
3046,32.942338,-117.190014,10001.4,87.0,2.05,147,,,,True,8.5
3049,32.942342,-117.189948,10007.5,87.4,1.967,148,,,,True,8.7
3054,32.942339,-117.189848,10017.3,88.2,1.987,151,,,,True,7.7
3055,32.942339,-117.189831,10018.8,88.4,1.883,152,,,,True,9.0
3057,32.942337,-117.189794,10022.1,88.6,1.825,153,,,,True,10.1
3061,32.942333,-117.189714,10029.8,89.4,1.833,156,,,,True,9.6
3062,32.942331,-117.189698,10031.2,89.6,1.82,157,,,,True,9.9
3069,32.94232,-117.189557,10043.9,90.8,1.763,158,,,,True,8.8
3071,32.94232,-117.189512,10048.4,91.2,1.911,159,,,,True,8.0
3073,32.942316,-117.18947,10052.4,91.4,1.927,162,,,,True,7.0
3075,32.942294,-117.189439,10056.3,91.6,2.067,164,,,,True,7.0
3077,32.942255,-117.189415,10061.1,92.0,2.117,165,,,,True,7.7
3082,32.94222,-117.18932,10071.1,92.8,2.114,166,,,,True,10.0
3083,32.942222,-117.189299,10073.1,93.0,2.0,166,,,,True,10.3
3088,32.942225,-117.189201,10082.3,94.2,1.867,168,,,,True,10.8
3094,32.942219,-117.189095,10092.3,95.2,1.745,169,,,,True,10.3
3098,32.942209,-117.189027,10098.8,95.8,1.65,172,,,,True,8.9
3101,32.942205,-117.188967,10104.1,96.2,1.686,176,,,,True,9.1
3105,32.942204,-117.188889,10111.6,96.8,1.829,178,,,,True,9.1
3108,32.942198,-117.188838,10116.6,97.4,1.786,179,,,,True,9.7
3111,32.9422,-117.188791,10120.8,97.8,1.533,179,,,,True,10.1
3115,32.942196,-117.188727,10126.7,98.4,1.443,177,,,,True,8.5
3119,32.942193,-117.188656,10133.3,99.0,1.563,173,,,,True,7.7
3124,32.942185,-117.18856,10142.4,99.6,1.744,171,,,,True,7.3
3125,32.942183,-117.188542,10144.3,99.6,1.833,171,,,,True,6.2
3133,32.942178,-117.188404,10157.0,100.6,1.622,170,,,,True,4.5
3134,32.942177,-117.188384,10159.0,100.6,1.633,170,,,,True,3.5
3144,32.942164,-117.188185,10177.7,101.2,1.882,169,,,,True,1.8
3152,32.942156,-117.187998,10195.4,101.4,2.022,167,,,,True,2.0
3155,32.942156,-117.187928,10202.0,101.4,2.209,164,,,,True,1.7
3158,32.942157,-117.187854,10208.9,101.6,2.25,163,,,,True,1.2
3164,32.942191,-117.187696,10224.0,102.0,2.444,160,,,,True,1.3
3166,32.94219,-117.187627,10230.1,101.8,2.65,158,,,,True,-0.9
3172,32.942224,-117.187431,10249.5,102.0,3.188,157,,,,True,-1.9
3178,32.94235,-117.187229,10273.0,101.0,3.575,153,,,,True,-1.8
3179,32.942376,-117.187195,10277.3,101.0,3.971,150,,,,True,-3.2
3183,32.942495,-117.187068,10295.2,100.6,4.44,148,,,,True,-3.4
3184,32.942531,-117.187045,10299.6,100.4,4.46,147,,,,True,-3.1
3186,32.942599,-117.18699,10308.5,99.8,4.457,147,,,,True,-1.5
3188,32.942624,-117.18691,10316.1,99.8,4.18,148,,,,True,2.2
3190,32.942614,-117.186849,10321.7,100.2,3.683,147,,,,True,6.9
3192,32.942582,-117.186808,10326.8,101.0,3.05,147,,,,True,9.1
3195,32.942552,-117.186732,10334.7,101.6,2.6,147,,,,True,8.5
3197,32.942534,-117.186678,10340.3,102.0,2.7,146,,,,True,7.2
3202,32.942492,-117.186557,10352.4,102.8,2.529,145,,,,True,6.8
3204,32.942478,-117.186509,10357.2,103.2,2.414,145,,,,True,6.8
3208,32.942454,-117.186408,10366.9,103.8,2.417,145,,,,True,7.1
3213,32.942428,-117.186288,10378.7,104.6,2.389,149,,,,True,6.9
3215,32.942417,-117.186238,10383.5,105.0,2.371,150,,,,True,6.9
3220,32.94238,-117.186126,10394.9,105.8,2.314,152,,,,True,7.0
3222,32.942369,-117.186086,10398.8,106.0,2.186,152,,,,True,6.9
3227,32.942332,-117.18597,10410.3,106.8,2.2,154,,,,True,7.8
3228,32.942327,-117.185949,10412.4,107.0,2.267,156,,,,True,8.3
3231,32.942303,-117.185896,10418.1,107.6,2.144,159,,,,True,9.7
3234,32.94228,-117.185851,10422.8,108.0,1.733,163,,,,True,8.5
3235,32.94227,-117.185833,10424.8,108.2,1.771,163,,,,True,6.9
3242,32.942203,-117.185717,10438.3,109.2,1.938,163,,,,True,7.0
3249,32.942139,-117.185615,10450.0,109.8,1.8,164,,,,True,6.8
3253,32.942101,-117.185555,10457.3,110.4,1.727,165,,,,True,7.2
3258,32.942058,-117.185479,10465.7,111.0,1.744,165,,,,True,8.4
3260,32.942038,-117.185454,10468.8,111.4,1.643,166,,,,True,7.1
3264,32.942006,-117.185387,10476.2,112.0,1.75,165,,,,True,7.4
3269,32.941958,-117.185305,10485.5,112.4,1.856,163,,,,True,6.4
3273,32.941919,-117.185244,10492.8,113.0,1.844,163,,,,True,6.4
3277,32.941881,-117.18518,10499.9,113.4,1.8,164,,,,True,7.4
3281,32.941845,-117.185114,10507.4,114.0,1.825,164,,,,True,7.2
3286,32.941797,-117.185048,10515.4,114.6,1.722,164,,,,True,7.9
3289,32.941771,-117.185001,10520.7,115.0,1.663,163,,,,True,7.9
3293,32.941737,-117.184939,10527.8,115.6,1.771,163,,,,True,8.1
3296,32.941713,-117.184888,10532.8,116.0,1.729,163,,,,True,8.2
3302,32.941666,-117.184852,10540.1,116.6,1.367,161,,,,True,4.5
3308,32.941671,-117.184856,10540.2,116.6,0.617,159,,,,False,-2.1
3316,32.941658,-117.18486,10541.2,116.2,0.079,157,,,,False,-5.5
3323,32.94166,-117.184869,10541.7,115.4,0.1,157,,,,False,-35.9
3330,32.94166,-117.184869,10542.5,115.8,0.093,157,,,,False,-39.0
3335,32.941669,-117.18487,10543.7,115.4,0.167,154,,,,False,-23.8
3337,32.941671,-117.184866,10543.8,115.2,0.186,152,,,,False,-19.4
3344,32.94166,-117.184853,10544.0,115.2,0.033,153,,,,False,-19.4
3348,32.941659,-117.184849,10544.0,115.0,0.018,150,,,,False,-11.5
3349,32.941655,-117.18485,10544.2,115.0,0.04,147,,,,False,-11.6
3350,32.941658,-117.184851,10544.2,115.0,0.033,146,,,,False,-1.9
3357,32.941658,-117.18486,10544.3,115.6,0.012,144,,,,False,-2.1
3363,32.941655,-117.184857,10546.1,115.6,0.146,143,,,,True,1.1
3371,32.941658,-117.18486,10546.3,115.4,0.143,139,,,,False,2.3
3372,32.941658,-117.18486,10546.3,115.4,0.022,138,,,,False,2.3
3373,32.941658,-117.18486,10546.3,115.4,0.02,134,,,,False,-1.3
3376,32.941658,-117.18486,10546.3,115.4,0.0,131,,,,False,0.0
3382,32.941614,-117.184858,10552.3,115.2,0.667,129,,,,True,-1.8
3387,32.941532,-117.184844,10561.4,115.4,1.373,129,,,,True,-2.1
3392,32.941366,-117.184844,10579.7,114.8,2.74,129,,,,True,-2.5
3393,32.941325,-117.184841,10584.3,114.6,3.817,129,,,,True,-3.4
3397,32.941176,-117.184846,10601.0,114.0,4.26,130,,,,True,-3.3
3400,32.941135,-117.184912,10608.8,113.8,3.5,130,,,,True,-3.9
3402,32.941136,-117.184921,10609.8,113.8,1.76,130,,,,True,-6.1
3404,32.941135,-117.184981,10615.1,113.4,2.014,128,,,,True,-8.2
3406,32.941142,-117.185076,10623.8,112.6,2.5,127,,,,True,-10.2
3407,32.941139,-117.18513,10628.3,112.2,3.7,127,,,,True,-11.3
3408,32.941106,-117.18517,10633.3,111.4,3.917,126,,,,True,-13.3
3409,32.941066,-117.185199,10638.2,110.8,4.62,126,,,,True,-13.5
3410,32.941023,-117.18522,10643.3,110.0,4.7,126,,,,True,-13.0
3411,32.940975,-117.185221,10649.0,109.4,5.04,125,,,,True,-12.9
3412,32.940921,-117.185201,10654.8,108.6,5.3,124,,,,True,-14.0
3413,32.940857,-117.185189,10661.4,107.8,5.62,124,,,,True,-14.8
3414,32.940783,-117.185187,10669.0,106.4,6.16,124,,,,True,-14.9
3415,32.94072,-117.1852,10676.0,105.4,6.54,124,,,,True,-14.7
3416,32.940674,-117.185221,10681.6,104.6,6.52,124,,,,True,-11.7
3417,32.940649,-117.185258,10685.9,104.2,6.22,123,,,,True,-6.4
3418,32.940647,-117.185301,10689.5,104.0,5.62,124,,,,True,-4.2
3420,32.940676,-117.185394,10697.9,104.0,4.38,123,,,,True,-4.6
3421,32.940674,-117.185422,10700.6,103.8,3.8,124,,,,True,-3.4
3423,32.940648,-117.185428,10703.3,103.4,2.76,127,,,,True,-5.8
3425,32.94063,-117.185395,10707.2,103.4,1.86,130,,,,True,-8.8
3427,32.940613,-117.185344,10711.8,103.2,1.867,131,,,,True,-8.8
3430,32.940539,-117.185273,10721.0,102.0,2.76,130,,,,True,-12.6
3431,32.940515,-117.185292,10723.8,101.6,2.767,130,,,,True,-15.6
3432,32.940519,-117.185324,10726.3,101.0,2.9,129,,,,True,-15.8
3434,32.940526,-117.185421,10734.9,99.6,3.3,129,,,,True,-10.8
3435,32.940516,-117.185482,10740.0,99.0,3.8,129,,,,True,-3.2
3437,32.940493,-117.185574,10749.8,98.8,4.7,130,,,,True,-2.2
3442,32.940449,-117.185777,10769.6,99.6,4.229,128,,,,True,-3.9
3444,32.94039,-117.185872,10780.1,98.6,4.329,127,,,,True,-6.3
3446,32.940335,-117.185975,10791.5,97.0,4.633,127,,,,True,-11.8
3448,32.940316,-117.186063,10800.4,95.6,5.133,127,,,,True,-8.6
3450,32.940275,-117.186111,10806.8,95.2,4.45,127,,,,True,-6.3
3455,32.940198,-117.186309,10826.8,94.6,3.771,125,,,,True,-4.3
3457,32.940153,-117.186397,10836.3,94.2,4.214,124,,,,True,-4.0
3459,32.940109,-117.1865,10846.6,93.6,4.422,123,,,,True,-4.0
3460,32.940075,-117.186536,10851.7,93.4,4.98,123,,,,True,-2.0
3461,32.940041,-117.18657,10856.5,93.4,4.95,123,,,,True,2.7
3463,32.939973,-117.186631,10866.0,93.6,4.95,122,,,,True,5.7
3465,32.9399,-117.18668,10875.8,94.4,4.82,121,,,,True,7.2
3467,32.939849,-117.186733,10883.3,95.2,4.467,118,,,,True,10.5
3468,32.939826,-117.186758,10886.9,95.6,4.18,117,,,,True,11.1
3471,32.939756,-117.186816,10896.4,96.8,3.433,117,,,,True,10.8
3473,32.939709,-117.186863,10902.9,97.4,3.2,117,,,,True,11.0
3475,32.939655,-117.186879,10909.2,98.0,3.186,117,,,,True,10.9
3477,32.939612,-117.186883,10914.1,98.6,2.95,117,,,,True,11.0
3479,32.939571,-117.1869,10918.5,99.2,2.6,117,,,,True,11.9
3482,32.9395,-117.186907,10926.5,100.0,2.48,117,,,,True,14.4
3483,32.939478,-117.18691,10929.3,100.4,2.533,117,,,,True,15.5
3486,32.939428,-117.18691,10934.9,101.6,2.343,119,,,,True,13.8
3488,32.939402,-117.186926,10937.9,102.2,1.72,119,,,,True,11.6
3491,32.939338,-117.186952,10945.3,102.6,2.08,118,,,,True,1.8
3493,32.939301,-117.186935,10950.0,102.8,2.42,118,,,,True,-1.1
3500,32.939148,-117.186843,10968.8,102.2,2.611,120,,,,True,-3.8
3501,32.939128,-117.186804,10972.9,101.8,2.862,120,,,,True,-6.9
3502,32.93911,-117.186763,10977.1,101.4,3.011,121,,,,True,-13.4
3503,32.939096,-117.186714,10981.7,100.6,3.17,121,,,,True,-12.8
3504,32.939073,-117.186672,10986.7,99.8,3.336,121,,,,True,-11.2
3505,32.939055,-117.186623,10991.7,99.4,4.58,121,,,,True,-10.5
3507,32.939028,-117.186513,11002.2,98.6,5.02,121,,,,True,-10.1
3508,32.939021,-117.186447,11008.3,97.8,5.32,121,,,,True,-11.1
3509,32.939018,-117.186382,11014.4,97.0,5.54,120,,,,True,-12.0
3510,32.939022,-117.186312,11020.6,96.2,5.78,120,,,,True,-8.6
3511,32.939026,-117.186241,11027.2,95.6,5.917,120,,,,True,-7.1
3514,32.939055,-117.186053,11045.3,94.6,6.18,120,,,,True,-6.5
3515,32.93909,-117.186006,11050.9,94.4,6.06,119,,,,True,-6.4
3517,32.93913,-117.185903,11060.5,93.6,5.55,118,,,,True,-9.0
3518,32.93914,-117.185852,11064.8,93.2,5.371,118,,,,True,-13.4
3519,32.939121,-117.185832,11067.5,92.6,4.44,117,,,,True,-12.7
3520,32.939091,-117.185852,11070.3,91.8,3.88,116,,,,True,-11.2
3523,32.939037,-117.185972,11082.6,90.8,3.56,115,,,,True,-8.0
3524,32.93901,-117.186002,11086.2,90.8,3.74,115,,,,True,-5.9
3525,32.938972,-117.186009,11089.9,90.8,3.92,115,,,,True,-5.9
3527,32.938914,-117.185972,11097.2,90.2,3.843,115,,,,True,-4.7
3529,32.938876,-117.185935,11102.8,89.6,3.32,115,,,,True,-0.9
3531,32.938863,-117.18588,11107.7,89.8,2.967,115,,,,True,3.4
3533,32.93884,-117.185849,11112.2,90.6,2.5,115,,,,True,9.5
3534,32.938812,-117.18585,11114.7,90.8,2.38,115,,,,True,11.2
3535,32.938788,-117.185841,11117.5,91.0,2.45,115,,,,True,4.4
3536,32.938767,-117.185822,11120.2,91.2,2.5,115,,,,True,4.7
3539,32.938719,-117.185728,11130.3,91.4,3.12,115,,,,True,7.7
3541,32.938703,-117.185668,11136.2,91.8,3.2,115,,,,True,10.0
3544,32.938699,-117.18559,11143.6,93.0,2.66,115,,,,True,13.9
3548,32.938694,-117.185518,11150.2,94.2,2.0,114,,,,True,15.3
3549,32.938709,-117.185514,11151.9,94.4,1.66,114,,,,True,12.0
3553,32.938767,-117.185562,11159.7,95.4,1.9,114,,,,True,10.0
3558,32.938842,-117.185598,11168.6,96.0,1.856,113,,,,True,9.3
3560,32.938873,-117.185585,11172.3,96.4,1.8,114,,,,True,8.5
3564,32.938926,-117.185536,11179.8,97.0,1.867,115,,,,True,8.0
3566,32.938946,-117.185506,11183.3,97.4,1.833,116,,,,True,5.5
3570,32.939005,-117.18545,11191.2,97.8,1.9,118,,,,True,6.7
3574,32.93905,-117.18537,11201.3,98.0,2.25,119,,,,True,6.6
3576,32.939048,-117.185345,11203.6,98.6,2.067,120,,,,True,7.3
3580,32.939081,-117.185279,11210.6,99.2,1.55,121,,,,True,11.5
3583,32.939103,-117.185228,11216.0,99.6,1.771,123,,,,True,8.2
3587,32.939132,-117.185169,11222.2,100.4,1.657,125,,,,True,8.4
3590,32.93916,-117.185112,11228.1,100.6,1.729,124,,,,True,9.0
3593,32.939175,-117.185049,11234.5,101.2,2.05,124,,,,True,8.7
3595,32.939181,-117.185014,11238.2,101.6,2.02,125,,,,True,9.4
3598,32.939208,-117.184971,11242.8,102.2,1.66,129,,,,True,4.5
3599,32.939224,-117.184951,11245.2,102.2,1.783,129,,,,True,4.1
3602,32.93926,-117.184891,11252.2,102.0,2.0,125,,,,True,3.4
3605,32.939284,-117.184844,11257.5,102.4,2.05,122,,,,True,6.1
3607,32.939299,-117.184817,11260.5,102.8,1.66,122,,,,True,11.4
3610,32.939306,-117.184771,11264.8,103.4,1.46,124,,,,True,11.4
3612,32.939311,-117.184738,11268.0,103.8,1.5,125,,,,True,10.5
3616,32.939324,-117.184664,11275.1,104.4,1.717,128,,,,True,9.0
3620,32.939326,-117.184597,11281.4,105.0,1.675,132,,,,True,6.3
3622,32.939339,-117.184572,11284.7,105.2,1.6,135,,,,True,-0.8
3623,32.939357,-117.184556,11286.9,105.0,1.686,135,,,,True,-1.5
3627,32.939406,-117.184425,11300.0,104.2,3.06,137,,,,True,-4.1
3631,32.939412,-117.184339,11308.5,104.6,2.7,136,,,,True,-3.9
3634,32.939436,-117.18422,11318.8,103.8,2.686,136,,,,True,0.6
3635,32.939443,-117.184178,11323.1,103.6,2.888,136,,,,True,1.3
3639,32.939439,-117.184075,11333.3,104.4,2.9,135,,,,True,5.0
3643,32.939428,-117.184023,11338.9,105.0,1.975,133,,,,True,6.9
3649,32.939425,-117.18403,11338.9,104.8,0.56,135,,,,False,9.3
3657,32.939408,-117.183987,11343.3,105.0,0.314,135,,,,True,5.7
3660,32.939416,-117.183961,11346.2,105.6,0.664,138,,,,True,6.6
3663,32.939416,-117.183923,11349.4,105.6,1.017,140,,,,True,8.2
3667,32.939414,-117.183808,11360.1,106.2,1.986,141,,,,True,8.6
3668,32.939411,-117.183778,11362.8,106.6,2.68,141,,,,True,11.2
3670,32.939409,-117.183738,11367.1,107.4,2.529,141,,,,True,10.6
3672,32.939411,-117.183696,11370.9,108.0,2.16,141,,,,True,13.6
3678,32.9394,-117.18357,11382.7,108.6,1.95,139,,,,True,12.0
3683,32.939389,-117.183551,11384.9,109.6,1.273,137,,,,True,11.8
3684,32.939389,-117.183542,11385.5,109.6,0.467,137,,,,True,29.4
3687,32.939388,-117.183534,11386.1,109.8,0.378,140,,,,False,14.1
3688,32.939388,-117.183534,11386.1,109.6,0.24,146,,,,False,16.1
3689,32.939388,-117.183534,11386.1,109.6,0.12,162,,,,False,10.9
3690,32.939388,-117.183534,11386.1,109.6,0.1,167,,,,False,9.6
3695,32.939358,-117.183495,11391.2,109.8,0.85,168,,,,True,11.5
3701,32.939333,-117.183467,11395.1,110.6,0.818,167,,,,True,12.6
3702,32.939325,-117.18346,11396.5,110.8,0.757,167,,,,True,13.4
3708,32.939311,-117.18344,11398.8,111.2,0.529,168,,,,True,13.3
3713,32.939276,-117.183414,11403.1,111.4,0.6,167,,,,True,8.4
3715,32.939267,-117.183405,11404.6,111.6,0.829,166,,,,True,6.7
3718,32.939258,-117.1834,11405.6,112.0,0.5,166,,,,True,7.1
3723,32.939221,-117.183369,11410.8,112.0,0.775,166,,,,True,7.9
3729,32.939125,-117.183317,11422.9,112.8,1.573,167,,,,True,8.2
3730,32.939107,-117.183304,11424.9,113.2,2.014,167,,,,True,11.7
3733,32.939064,-117.183284,11429.9,114.0,1.91,169,,,,True,16.1
3736,32.939021,-117.183274,11434.8,114.8,1.65,170,,,,True,11.8
3737,32.939004,-117.183267,11436.6,115.0,1.671,171,,,,True,6.8
3741,32.938951,-117.183233,11443.5,115.4,1.74,172,,,,True,2.2
3747,32.93885,-117.18318,11456.3,115.8,1.97,173,,,,True,1.0
3753,32.938731,-117.183078,11471.6,115.6,2.342,171,,,,True,0.5
3755,32.938744,-117.183002,11478.3,115.4,2.75,170,,,,True,-0.7
3756,32.938764,-117.182985,11481.2,115.6,2.767,170,,,,True,-0.9
3757,32.938787,-117.182977,11483.7,115.6,2.74,169,,,,True,0.0
3760,32.938879,-117.182978,11493.6,115.4,3.06,170,,,,True,0.5
3765,32.939013,-117.182984,11509.2,115.4,3.188,170,,,,True,-0.4
3770,32.939138,-117.183016,11522.9,115.8,2.93,170,,,,True,0.0
3774,32.939252,-117.183061,11536.3,115.4,3.011,166,,,,True,0.0
3775,32.939281,-117.18308,11539.8,115.4,3.38,165,,,,True,-2.2
3779,32.939392,-117.183061,11551.6,115.4,3.06,163,,,,True,-3.5
3781,32.939439,-117.182985,11560.0,115.0,3.367,164,,,,True,-4.7
3782,32.939444,-117.182936,11564.5,114.4,3.529,163,,,,True,-6.9
3783,32.939438,-117.182885,11569.5,114.0,3.713,163,,,,True,-4.0
3784,32.939431,-117.182834,11574.7,113.8,4.62,163,,,,True,1.0
3788,32.939401,-117.182619,11595.2,113.6,5.14,163,,,,True,3.6
3794,32.939382,-117.182332,11622.2,115.0,4.75,161,,,,True,5.0
3797,32.939401,-117.18224,11630.8,116.2,3.956,159,,,,True,6.8
3800,32.939376,-117.182156,11639.3,117.0,2.85,160,,,,True,7.9
3803,32.93932,-117.182089,11648.1,117.2,2.883,161,,,,True,5.1
3806,32.939299,-117.182016,11655.3,117.6,2.667,162,,,,True,3.7
3812,32.939286,-117.181862,11669.8,118.2,2.411,161,,,,True,4.5
3813,32.939285,-117.181837,11672.1,118.2,2.4,161,,,,True,4.7
3819,32.939277,-117.181668,11688.0,119.0,2.6,162,,,,True,5.0
3822,32.939307,-117.181617,11693.6,119.4,2.389,162,,,,True,2.8
3824,32.939309,-117.181621,11693.7,119.4,1.14,162,,,,False,0.0
3833,32.939309,-117.181621,11693.7,118.8,0.009,162,,,,False,-6.8
3842,32.939309,-117.181621,11693.9,119.2,0.011,159,,,,False,-10.2
3851,32.939309,-117.181621,11693.9,119.0,0.011,158,,,,False,-16.9
3855,32.939309,-117.181621,11693.9,118.8,0.0,155,,,,False,-23.7
3859,32.939309,-117.181621,11693.9,118.6,0.0,152,,,,False,-30.5
3863,32.939309,-117.181621,11693.9,118.4,0.0,149,,,,False,-38.7
3864,32.939309,-117.181621,11693.9,118.4,0.0,148,,,,False,0.0
3870,32.939309,-117.181621,11693.9,118.2,0.0,145,,,,False,0.0
3878,32.939309,-117.181621,11693.9,118.0,0.0,142,,,,False,0.0
3881,32.939309,-117.181621,11693.9,117.8,0.0,139,,,,False,0.0
3888,32.939309,-117.181621,11693.9,117.6,0.0,136,,,,False,-30.1
3890,32.939309,-117.181621,11693.9,117.4,0.0,136,,,,False,-29.0
3901,32.939309,-117.181621,11693.9,117.2,0.0,136,,,,False,-26.0
3910,32.939309,-117.181621,11693.9,117.2,0.0,135,,,,False,-22.9
3916,32.939309,-117.181621,11694.2,116.6,0.02,134,,,,False,-21.4
3926,32.939309,-117.181621,11694.2,116.6,0.019,136,,,,False,-18.3
3930,32.939309,-117.181621,11694.2,116.4,0.0,133,,,,False,-15.3
3933,32.939309,-117.181621,11694.2,116.4,0.0,133,,,,False,-13.7
3934,32.939309,-117.181624,11694.2,116.4,0.0,133,,,,False,-9.4
3936,32.939357,-117.181599,11699.2,116.4,0.833,132,,,,True,-7.8
3937,32.939389,-117.181579,11703.0,116.0,1.257,132,,,,True,-9.5
3938,32.939415,-117.181537,11707.0,115.4,2.56,132,,,,True,-11.3
3939,32.939411,-117.181489,11711.1,114.8,3.38,132,,,,True,-6.3
3940,32.939389,-117.181454,11715.2,114.6,3.5,131,,,,True,-5.0
3945,32.939245,-117.181235,11741.0,113.6,4.983,132,,,,True,-4.9
3946,32.939202,-117.18119,11747.3,113.4,5.35,131,,,,True,-5.4
3948,32.939119,-117.18109,11760.3,112.4,5.637,132,,,,True,-7.0
3949,32.93908,-117.18103,11767.1,111.8,5.767,132,,,,True,-8.1
3951,32.939004,-117.180909,11781.0,110.8,6.74,132,,,,True,-8.2
3952,32.938958,-117.180878,11787.0,110.2,6.617,132,,,,True,-7.3
3953,32.938909,-117.180889,11792.0,109.8,6.34,132,,,,True,-7.4
3954,32.938859,-117.180898,11797.3,109.6,6.04,131,,,,True,-7.4
3955,32.938811,-117.180937,11802.5,109.2,5.9,132,,,,True,-7.3
3956,32.938755,-117.180963,11808.5,108.6,5.5,133,,,,True,-9.1
3957,32.938701,-117.180933,11814.0,108.2,5.4,133,,,,True,-10.0
3958,32.938682,-117.180873,11819.3,107.6,5.46,133,,,,True,-10.5
3959,32.938688,-117.180815,11824.6,107.0,5.46,134,,,,True,-8.9
3960,32.938713,-117.180768,11829.5,106.4,5.4,133,,,,True,-8.6
3962,32.938798,-117.180695,11841.1,105.8,5.42,133,,,,True,-6.9
3963,32.938834,-117.180646,11847.1,105.2,5.56,133,,,,True,-7.9
3964,32.938866,-117.180585,11853.5,105.0,5.78,133,,,,True,-10.1
3965,32.938883,-117.18052,11860.0,104.0,6.1,133,,,,True,-9.7
3967,32.938875,-117.180378,11872.8,102.6,6.34,132,,,,True,-10.6
3968,32.938888,-117.180301,11880.0,102.0,6.58,133,,,,True,-10.5
3969,32.9389,-117.180222,11887.4,101.4,6.78,133,,,,True,-11.2
3971,32.938915,-117.18007,11901.8,99.6,6.967,133,,,,True,-11.0
3972,32.938911,-117.179999,11908.5,98.6,7.14,133,,,,True,-11.2
3974,32.93891,-117.179854,11921.8,97.4,6.88,133,,,,True,-10.1
3975,32.938898,-117.179783,11928.6,96.8,6.867,132,,,,True,-8.7
3976,32.938897,-117.179707,11935.5,96.2,6.74,131,,,,True,-7.2
3978,32.938883,-117.179558,11949.7,95.0,6.867,130,,,,True,-7.3
3980,32.938835,-117.179426,11963.4,94.4,6.96,129,,,,True,-6.6
3981,32.938801,-117.179367,11969.9,93.8,6.88,129,,,,True,-6.8
3983,32.938727,-117.179244,11983.7,93.0,6.8,130,,,,True,-9.2
3984,32.938706,-117.179172,11990.8,92.2,6.85,131,,,,True,-9.3
3985,32.938667,-117.179107,11998.1,91.2,6.94,131,,,,True,-10.6
3987,32.938593,-117.178976,12013.0,89.8,7.183,132,,,,True,-9.7
3989,32.938508,-117.178866,12027.1,88.4,7.26,132,,,,True,-8.1
3990,32.938469,-117.17881,12033.9,88.0,7.16,132,,,,True,-7.7
3991,32.93844,-117.178751,12040.3,87.8,7.033,132,,,,True,-7.0
3992,32.938394,-117.178708,12046.7,87.2,6.74,132,,,,True,-5.8
3993,32.938341,-117.178684,12052.7,86.6,6.617,131,,,,True,-6.1
3995,32.938247,-117.178618,12064.7,86.2,6.16,131,,,,True,-4.4
3997,32.938184,-117.178515,12076.5,85.6,5.96,132,,,,True,-3.5
3999,32.938097,-117.17846,12087.6,85.4,5.817,136,,,,True,-2.5
4000,32.938048,-117.178443,12093.1,85.2,5.68,136,,,,True,-1.8
4002,32.937952,-117.178399,12104.4,85.2,5.58,136,,,,True,-2.9
4003,32.937899,-117.178395,12110.1,85.0,5.6,136,,,,True,-4.5
4005,32.937799,-117.178442,12121.9,84.4,5.76,136,,,,True,-7.9
4006,32.937739,-117.178458,12128.3,83.6,5.867,137,,,,True,-8.1
4008,32.937606,-117.178447,12142.4,82.2,6.46,137,,,,True,-10.0
4009,32.93754,-117.178427,12149.4,81.8,6.55,137,,,,True,-8.4
4010,32.937497,-117.178378,12155.8,81.0,6.78,137,,,,True,-8.1
4011,32.937471,-117.178326,12161.5,80.8,6.64,136,,,,True,-8.7
4013,32.937454,-117.178238,12169.5,80.0,5.42,136,,,,True,-8.1
4014,32.937464,-117.178203,12172.4,79.8,4.6,136,,,,True,-12.0
4016,32.937486,-117.178241,12173.0,79.6,2.3,135,,,,True,0.0
4022,32.937475,-117.178266,12173.2,79.4,0.1,134,,,,False,-1.9
4027,32.937476,-117.178261,12173.8,80.0,0.073,131,,,,False,-1.9
4028,32.937469,-117.178247,12174.9,80.0,0.283,126,,,,True,0.0
4029,32.937456,-117.178225,12177.5,80.0,0.614,115,,,,True,-6.1
4030,32.937441,-117.178202,12180.3,79.8,0.887,111,,,,True,-6.5
4031,32.937424,-117.17818,12183.2,79.6,1.111,111,,,,True,-7.1
4033,32.937385,-117.178122,12190.3,79.0,3.08,111,,,,True,-7.0
4034,32.937373,-117.178082,12194.3,78.8,3.36,111,,,,True,-7.0
4037,32.937315,-117.177935,12209.0,77.8,4.3,114,,,,True,-7.5
4038,32.937294,-117.177879,12214.5,77.4,4.84,114,,,,True,-7.2
4039,32.937268,-117.17783,12219.8,76.8,5.1,115,,,,True,-7.5
4040,32.937231,-117.177791,12224.9,76.6,5.1,115,,,,True,-7.7
4041,32.937184,-117.177771,12230.3,76.2,5.143,115,,,,True,-5.8
4042,32.937136,-117.177767,12235.4,75.8,5.28,116,,,,True,-5.8
4043,32.937092,-117.17778,12240.5,75.6,5.2,115,,,,True,-5.0
4044,32.937052,-117.17781,12245.5,75.4,5.14,116,,,,True,-0.7
4045,32.937008,-117.177832,12250.5,75.2,5.12,117,,,,True,-1.2
4048,32.93689,-117.1778,12264.5,75.6,4.8,117,,,,True,-1.4
4054,32.936661,-117.17776,12289.8,75.0,4.367,118,,,,True,-1.7
4057,32.936534,-117.177719,12304.4,74.6,4.433,118,,,,True,-3.1
4058,32.93649,-117.177693,12309.8,74.2,4.53,118,,,,True,-3.9
4059,32.936442,-117.177676,12315.3,74.0,5.1,118,,,,True,-6.1
4061,32.936353,-117.177677,12325.5,73.6,5.1,118,,,,True,-4.6
4062,32.936304,-117.177679,12330.8,73.0,5.28,119,,,,True,-5.2
4063,32.936262,-117.177655,12336.0,73.0,5.24,119,,,,True,-4.0
4065,32.936176,-117.17763,12345.8,72.4,5.083,121,,,,True,-1.1
4067,32.936087,-117.177653,12355.8,72.4,5.0,122,,,,True,0.0
4070,32.935977,-117.177667,12368.4,72.6,4.52,122,,,,True,1.1
4075,32.93583,-117.1777,12385.1,73.0,3.663,122,,,,True,1.0
4079,32.935692,-117.177753,12401.6,73.0,3.689,122,,,,True,0.7
4083,32.935535,-117.177777,12418.9,73.0,4.225,121,,,,True,0.7
4084,32.935495,-117.177782,12423.4,73.0,4.36,120,,,,True,0.7
4089,32.935309,-117.177815,12444.6,73.4,4.283,118,,,,True,0.0
4093,32.935162,-117.177834,12460.9,73.4,4.167,120,,,,True,-1.1
4095,32.93508,-117.177848,12470.1,73.0,4.25,123,,,,True,-3.4
4097,32.934985,-117.177844,12480.4,72.4,4.475,124,,,,True,-5.1
4098,32.934936,-117.177843,12486.0,72.0,5.02,126,,,,True,-3.0
4100,32.934845,-117.17783,12496.5,71.6,5.28,130,,,,True,-1.1
4103,32.934726,-117.177834,12509.5,71.8,4.7,132,,,,True,-1.0
4105,32.934668,-117.177791,12517.0,72.0,4.1,135,,,,True,-0.6
4107,32.934599,-117.177786,12524.6,71.6,4.014,136,,,,True,-2.0
4108,32.934559,-117.177797,12529.1,71.4,3.92,136,,,,True,-3.7
4110,32.93447,-117.177805,12539.0,71.2,4.4,136,,,,True,-2.5
4111,32.934426,-117.177802,12543.8,71.0,4.467,136,,,,True,-1.6
4112,32.934381,-117.177799,12548.7,71.0,4.82,137,,,,True,0.6
4113,32.934336,-117.177804,12553.6,71.0,4.9,137,,,,True,1.1
4117,32.934177,-117.177805,12571.3,71.4,4.52,137,,,,True,0.4
4124,32.933956,-117.177808,12596.6,71.6,3.909,137,,,,True,-0.7
4126,32.933892,-117.177802,12603.2,71.2,3.544,136,,,,True,-3.0
4128,32.933806,-117.177781,12612.6,70.6,3.755,136,,,,True,-8.5
4129,32.933772,-117.177744,12617.8,70.0,4.24,136,,,,True,-9.3
4130,32.933761,-117.17769,12622.5,69.4,4.317,136,,,,True,-9.8
4131,32.933734,-117.177659,12626.8,69.0,4.72,137,,,,True,-7.7
4132,32.933691,-117.177658,12630.9,68.8,4.617,137,,,,True,-5.2
4133,32.933649,-117.177636,12636.0,68.6,4.68,137,,,,True,-3.7
4136,32.933533,-117.177584,12649.6,68.0,4.56,138,,,,True,-3.7
4138,32.933485,-117.177503,12658.9,67.8,4.58,137,,,,True,-4.4
4139,32.933448,-117.177484,12663.2,67.6,4.533,137,,,,True,-5.3
4141,32.933371,-117.177457,12672.1,67.0,4.5,136,,,,True,-9.5
4142,32.93334,-117.177442,12676.0,66.6,4.4,136,,,,True,-11.1
4145,32.933266,-117.177381,12686.3,65.2,3.85,136,,,,True,-13.2
4146,32.933239,-117.177344,12690.3,64.6,3.64,136,,,,True,-13.3
4147,32.9332,-117.177319,12694.9,64.0,3.78,136,,,,True,-11.6
4148,32.933153,-117.177315,12700.0,63.4,4.0,136,,,,True,-9.2
4149,32.933104,-117.177313,12705.2,63.0,4.171,136,,,,True,-5.8
4150,32.933069,-117.177284,12709.9,62.8,4.72,136,,,,True,-5.1
4152,32.932996,-117.177252,12719.0,62.6,4.82,136,,,,True,-6.0
4153,32.932952,-117.177252,12723.5,62.2,4.7,136,,,,True,-6.7
4154,32.932905,-117.177253,12728.5,61.6,4.66,136,,,,True,-8.4
4156,32.932804,-117.177259,12739.6,60.8,4.95,136,,,,True,-5.8
4157,32.932757,-117.177245,12745.1,60.4,5.22,135,,,,True,-3.3
4159,32.93268,-117.177208,12754.6,60.4,5.22,132,,,,True,-0.8
4160,32.93264,-117.177191,12759.2,60.6,5.117,127,,,,True,0.8
4161,32.932599,-117.17717,12763.9,60.6,4.86,120,,,,True,-1.0
4162,32.93256,-117.177141,12769.1,60.6,4.8,110,,,,True,-2.9
4163,32.932524,-117.177094,12774.5,60.2,4.9,107,,,,True,-3.7
4164,32.932493,-117.177047,12780.1,60.0,5.1,106,,,,True,3.6
4165,32.932454,-117.177015,12785.4,59.8,5.24,106,,,,True,11.2
4168,32.932377,-117.176942,12796.6,61.6,4.42,106,,,,True,18.2
4170,32.932371,-117.176942,12797.7,62.8,2.46,106,,,,True,25.0
4172,32.932377,-117.176942,12797.7,63.2,1.757,106,,,,False,12.0
4174,32.932365,-117.176941,12799.0,63.2,0.4,107,,,,True,1.9
4176,32.932353,-117.176927,12801.0,63.4,0.55,106,,,,True,-4.4
4180,32.932306,-117.176877,12808.3,63.0,1.55,105,,,,True,-8.0
4181,32.932273,-117.176869,12811.4,62.6,2.08,105,,,,True,-10.6
4184,32.932174,-117.176817,12824.0,61.2,2.875,105,,,,True,-11.6
4185,32.932121,-117.176811,12829.2,60.4,4.18,105,,,,True,-12.8
4186,32.932064,-117.176783,12835.8,59.8,4.88,104,,,,True,-12.5
4187,32.932002,-117.176775,12842.7,58.6,5.217,105,,,,True,-8.2
4189,32.931892,-117.176727,12856.0,57.2,6.4,105,,,,True,-5.6
4191,32.931791,-117.176676,12868.3,57.2,6.5,104,,,,True,-2.5
4193,32.931701,-117.176642,12878.5,57.4,5.967,103,,,,True,0.9
4194,32.931657,-117.176643,12883.2,57.6,5.44,102,,,,True,1.0
4198,32.931524,-117.17671,12899.2,57.6,4.14,102,,,,True,-0.5
4200,32.931451,-117.176746,12907.4,57.6,4.033,102,,,,True,-2.7
4202,32.931353,-117.176756,12917.8,57.2,4.325,102,,,,True,-4.2
4204,32.931287,-117.176687,12927.8,56.4,4.767,102,,,,True,-4.7
4205,32.931257,-117.176648,12932.7,56.2,5.06,103,,,,True,-3.7
4206,32.931229,-117.176605,12937.4,56.2,5.0,104,,,,True,-2.3
4209,32.931133,-117.176534,12950.5,56.0,4.54,104,,,,True,-1.4
4210,32.931104,-117.176555,12954.3,55.8,4.32,104,,,,True,-1.2
4212,32.931035,-117.176601,12962.1,55.8,4.117,107,,,,True,-0.7
4214,32.930957,-117.176575,12971.0,55.8,4.1,109,,,,True,0.7
4216,32.930912,-117.176509,12978.7,55.8,4.067,106,,,,True,0.0
4217,32.930884,-117.176506,12982.0,56.0,3.98,105,,,,True,-1.3
4220,32.930779,-117.176558,12994.1,55.8,3.85,103,,,,True,-1.9
4222,32.930704,-117.176559,13002.3,55.4,4.06,102,,,,True,-3.0
4224,32.930637,-117.176506,13011.1,55.2,4.157,102,,,,True,-2.8
4225,32.930598,-117.176503,13014.9,55.0,4.16,102,,,,True,-0.6
4227,32.930535,-117.176543,13022.7,55.0,4.08,103,,,,True,1.4
4230,32.930425,-117.176585,13035.7,55.2,4.16,105,,,,True,4.4
4231,32.930394,-117.17657,13039.5,55.6,4.1,105,,,,True,7.7
4233,32.930343,-117.176536,13046.4,56.4,3.95,108,,,,True,6.3
4235,32.930302,-117.176516,13051.1,57.2,3.08,110,,,,True,5.2
4240,32.930158,-117.176464,13067.5,57.2,3.014,113,,,,True,3.0
4241,32.930132,-117.176455,13070.4,57.2,3.217,113,,,,True,-2.0
4242,32.930113,-117.176428,13073.5,57.2,3.2,113,,,,True,-6.4
4244,32.930133,-117.176353,13080.7,56.6,3.289,113,,,,True,-8.3
4245,32.930166,-117.176299,13086.2,56.0,3.74,112,,,,True,-10.5
4246,32.930186,-117.176238,13092.0,55.4,4.32,112,,,,True,-10.1
4247,32.930187,-117.176167,13098.2,54.6,4.94,111,,,,True,-4.5
4248,32.930169,-117.176102,13104.5,54.2,5.167,111,,,,True,0.0
4250,32.930152,-117.17602,13112.9,54.8,5.34,111,,,,True,9.0
4251,32.930142,-117.175995,13115.4,55.4,4.68,112,,,,True,15.6
4253,32.930119,-117.175949,13120.5,56.6,3.2,113,,,,True,18.0
4254,32.930105,-117.175935,13122.4,57.0,2.983,113,,,,True,6.6
4255,32.93008,-117.175926,13125.1,57.0,2.44,113,,,,True,-1.3
4258,32.929977,-117.175904,13136.7,56.8,3.24,113,,,,True,-2.9
4262,32.929839,-117.17588,13152.0,56.2,3.843,112,,,,True,-2.1
4263,32.929804,-117.175856,13156.4,56.0,3.94,112,,,,True,0.0
4267,32.929682,-117.175748,13173.2,56.0,4.24,115,,,,True,1.6
4272,32.929604,-117.175559,13192.9,56.8,4.056,118,,,,True,1.9
4277,32.929608,-117.175338,13213.5,57.2,4.03,121,,,,True,2.8
4280,32.929611,-117.175283,13218.9,57.2,3.25,122,,,,True,1.0
4286,32.929626,-117.175242,13223.1,57.4,1.067,123,,,,True,0.0
4289,32.929656,-117.175145,13232.7,57.2,1.533,126,,,,True,0.0
4291,32.929687,-117.175072,13240.2,57.2,3.42,128,,,,True,0.0
4296,32.929789,-117.174909,13259.4,57.2,3.814,132,,,,True,0.6
4297,32.929811,-117.174879,13263.0,57.4,3.8,136,,,,True,1.3
4298,32.929832,-117.174854,13266.5,57.4,3.757,137,,,,True,4.4
4299,32.929853,-117.174827,13270.0,57.6,3.725,140,,,,True,1.4
4300,32.929872,-117.174803,13273.0,57.8,3.644,141,,,,True,-0.4
4305,32.929974,-117.174645,13291.7,57.8,3.617,143,,,,True,-1.6
4312,32.930115,-117.174399,13319.6,57.2,3.883,145,,,,True,-2.5
4315,32.930184,-117.174301,13331.3,56.6,3.96,146,,,,True,-4.8
4317,32.930201,-117.174231,13338.0,56.2,3.68,146,,,,True,-9.2
4320,32.930133,-117.174135,13349.6,55.0,3.66,147,,,,True,-10.2
4322,32.930075,-117.174063,13358.6,53.6,4.12,146,,,,True,-8.3
4323,32.930065,-117.174016,13362.8,53.4,4.133,146,,,,True,-5.3
4325,32.930086,-117.173923,13371.6,53.4,4.4,146,,,,True,2.4
4326,32.930106,-117.173881,13376.2,53.6,4.433,146,,,,True,2.9
4332,32.930222,-117.173661,13400.6,54.6,4.143,146,,,,True,3.8
4333,32.930235,-117.173629,13404.2,54.6,4.0,146,,,,True,3.7
4339,32.930329,-117.173435,13424.7,55.4,3.443,145,,,,True,3.2
4342,32.930383,-117.173332,13436.2,55.8,3.556,145,,,,True,2.0
4344,32.930429,-117.173272,13443.8,56.0,3.82,145,,,,True,-0.2
4352,32.930582,-117.172997,13474.6,56.0,3.84,146,,,,True,-1.5
4359,32.930709,-117.172688,13507.1,55.2,4.22,148,,,,True,-2.5
4361,32.930753,-117.172595,13516.9,54.6,4.7,155,,,,True,-3.7
4365,32.930837,-117.172375,13539.5,53.6,5.4,156,,,,True,-3.6
4366,32.930858,-117.172317,13545.5,53.4,5.72,156,,,,True,-2.8
4373,32.930998,-117.171934,13584.5,52.4,5.625,155,,,,True,-0.8
4375,32.931045,-117.171829,13595.4,52.4,5.544,154,,,,True,-0.5
4379,32.931167,-117.171649,13617.1,53.0,5.433,154,,,,True,1.9
4380,32.931197,-117.171608,13622.1,53.0,5.34,151,,,,True,3.3
4381,32.931228,-117.17157,13627.1,53.2,5.283,148,,,,True,4.2
4382,32.931258,-117.171536,13631.8,53.6,5.2,149,,,,True,6.1
4383,32.931292,-117.171507,13636.3,53.8,5.112,149,,,,True,6.2
4385,32.931364,-117.171467,13645.1,54.4,4.6,142,,,,True,5.4
4386,32.931399,-117.171445,13649.7,54.6,4.52,135,,,,True,4.1
4387,32.931433,-117.17142,13654.0,54.8,4.44,131,,,,True,3.7
4391,32.931527,-117.171289,13670.2,55.2,4.1,130,,,,True,3.7
4393,32.931558,-117.171216,13677.7,55.6,3.95,129,,,,True,3.6
4397,32.931585,-117.171052,13693.3,56.2,3.85,128,,,,True,3.4
4401,32.931596,-117.170889,13709.0,56.8,3.912,129,,,,True,0.8
4405,32.931618,-117.170734,13723.4,57.0,3.763,130,,,,True,0.0
4412,32.931709,-117.170408,13755.9,56.2,4.264,130,,,,True,-0.9
4415,32.931771,-117.170282,13769.5,56.2,4.61,127,,,,True,-1.0
4416,32.9318,-117.170244,13774.2,56.2,4.618,127,,,,True,-0.3
4418,32.931852,-117.170162,13783.8,56.4,4.65,127,,,,True,-0.3
4425,32.932046,-117.16988,13817.9,56.0,4.856,128,,,,True,0.0
4431,32.93222,-117.169645,13847.4,56.0,4.892,132,,,,True,0.0
4432,32.932251,-117.169616,13851.5,56.2,4.8,135,,,,True,1.4
4434,32.932308,-117.169551,13860.4,56.4,4.722,138,,,,True,3.2
4437,32.932399,-117.169453,13874.1,56.8,4.52,141,,,,True,3.2
4438,32.932431,-117.169424,13878.4,57.0,4.483,146,,,,True,3.2
4439,32.932466,-117.1694,13882.8,57.2,4.48,150,,,,True,3.3
4441,32.932535,-117.169356,13891.6,57.4,4.457,153,,,,True,2.9
4444,32.932627,-117.169276,13904.4,57.8,4.32,154,,,,True,0.4
4446,32.932689,-117.169214,13913.3,58.0,4.34,155,,,,True,-0.4
4451,32.932861,-117.169041,13938.2,57.4,4.829,156,,,,True,-2.3
4452,32.932898,-117.168998,13944.0,57.2,5.117,155,,,,True,-3.9
4454,32.932969,-117.168911,13955.5,56.6,5.275,156,,,,True,-5.2
4457,32.933061,-117.168741,13974.1,55.6,6.02,155,,,,True,-4.6
4458,32.9331,-117.168685,13980.8,55.2,6.133,155,,,,True,-4.0
4461,32.93323,-117.168552,14000.0,54.6,6.357,155,,,,True,-0.9
4462,32.933262,-117.168503,14005.8,54.6,6.34,155,,,,True,0.9
4464,32.933327,-117.168419,14016.4,55.2,5.933,155,,,,True,3.8
4466,32.933408,-117.168363,14026.8,55.6,5.36,156,,,,True,3.7
4467,32.93345,-117.168342,14031.7,55.8,5.18,156,,,,True,2.8
4472,32.933616,-117.1682,14055.0,56.4,4.7,156,,,,True,2.1
4473,32.933634,-117.168155,14059.5,56.4,4.633,156,,,,True,1.7
4476,32.933697,-117.168027,14073.5,56.6,4.644,152,,,,True,0.7
4477,32.933723,-117.167988,14078.1,56.6,4.62,151,,,,True,1.2
4478,32.933748,-117.16795,14082.6,56.6,4.62,151,,,,True,0.6
4480,32.933798,-117.167876,14091.5,56.8,4.571,151,,,,True,-0.5
4484,32.933914,-117.167743,14109.6,56.8,4.5,152,,,,True,-0.9
4486,32.933983,-117.16767,14119.6,56.4,4.683,151,,,,True,-0.4
4488,32.934035,-117.167585,14129.4,56.2,4.737,152,,,,True,-0.5
4491,32.934099,-117.16745,14143.9,56.6,4.86,151,,,,True,1.2
4492,32.934115,-117.167404,14148.5,56.6,4.817,147,,,,True,2.1
4493,32.934131,-117.167357,14153.2,56.8,4.76,142,,,,True,0.8
4494,32.934148,-117.167312,14157.8,56.8,4.733,139,,,,True,0.7
4496,32.93419,-117.16722,14167.5,56.8,4.72,136,,,,True,-1.0
4498,32.934248,-117.167134,14177.7,56.8,4.9,134,,,,True,-1.7
4501,32.93435,-117.16701,14194.1,56.4,5.32,134,,,,True,-1.9
4503,32.934395,-117.166909,14204.6,56.0,5.38,134,,,,True,-2.4
4504,32.934413,-117.166856,14209.9,56.0,5.367,134,,,,True,-0.7
4506,32.934446,-117.166757,14220.1,55.8,5.2,137,,,,True,0.2
4512,32.934514,-117.166455,14249.0,56.0,4.888,137,,,,True,0.7
4520,32.934578,-117.166059,14287.0,56.2,4.779,137,,,,True,1.2
4523,32.934605,-117.165927,14299.3,56.6,4.573,140,,,,True,1.7
4524,32.934614,-117.165883,14303.7,56.8,4.558,144,,,,True,3.4
4525,32.934627,-117.165839,14308.1,57.0,4.22,149,,,,True,1.6
4527,32.934651,-117.165754,14316.6,57.2,4.229,151,,,,True,0.8
4535,32.934749,-117.165404,14350.9,57.4,4.28,152,,,,True,1.0
4542,32.934855,-117.165094,14382.4,57.4,4.387,151,,,,True,1.0
4548,32.934908,-117.164834,14407.6,58.0,4.362,150,,,,True,1.8
4551,32.934939,-117.164722,14418.3,58.2,3.989,151,,,,True,2.9
4556,32.935009,-117.164523,14438.5,59.0,3.862,151,,,,True,2.6
4559,32.935059,-117.164394,14451.6,59.4,4.163,152,,,,True,2.2
4565,32.935129,-117.164127,14478.0,59.8,4.389,155,,,,True,0.3
4566,32.935138,-117.164079,14482.7,59.6,4.443,156,,,,True,-1.1
4571,32.935193,-117.163839,14505.8,59.2,4.633,155,,,,True,-1.5
4578,32.935291,-117.163489,14540.3,58.4,4.8,157,,,,True,-1.2
4584,32.93539,-117.16319,14570.3,58.4,4.962,157,,,,True,-0.6
4586,32.935403,-117.163091,14580.0,58.4,4.963,156,,,,True,0.8
4594,32.935478,-117.162747,14613.0,58.6,4.27,155,,,,True,0.9
4603,32.935567,-117.162403,14646.6,59.2,3.918,154,,,,True,0.7
4611,32.935683,-117.162085,14678.8,59.4,3.871,154,,,,True,0.6
4617,32.935776,-117.161878,14701.3,59.2,3.907,155,,,,True,0.3
4624,32.93587,-117.161794,14713.8,59.2,2.692,152,,,,True,0.0
4628,32.935873,-117.161798,14715.0,59.4,1.245,151,,,,True,1.5
4631,32.935873,-117.161798,14715.0,59.4,0.171,148,,,,False,16.7
4635,32.935873,-117.161798,14715.0,59.4,0.0,148,,,,False,16.7
4652,32.935873,-117.161798,14715.0,59.4,0.0,145,,,,False,16.7
4653,32.935873,-117.161798,14715.0,59.4,0.0,145,,,,False,16.7
4658,32.935873,-117.161798,14715.0,59.4,0.0,142,,,,False,0.0
4665,32.935873,-117.161798,14715.0,59.4,0.0,141,,,,False,0.0
4674,32.935873,-117.161798,14715.0,59.4,0.0,139,,,,False,0.0
4681,32.935873,-117.161798,14715.0,59.4,0.0,136,,,,False,1.7
4686,32.935873,-117.161798,14715.0,59.4,0.0,133,,,,False,1.7
4689,32.935873,-117.161798,14715.0,59.4,0.0,131,,,,False,1.7
4697,32.935873,-117.161798,14715.0,59.4,0.0,129,,,,False,1.7
4703,32.935885,-117.161794,14716.3,59.4,0.093,128,,,,False,1.7
4704,32.935901,-117.161779,14719.2,59.4,0.6,128,,,,True,1.4
4707,32.935961,-117.161745,14726.6,59.6,1.16,119,,,,True,1.3
4708,32.935981,-117.161734,14729.0,59.6,2.54,116,,,,True,0.6
4709,32.936,-117.161723,14731.4,59.6,2.44,113,,,,True,0.0
4717,32.936139,-117.161597,14750.9,59.6,2.433,113,,,,True,0.0
4718,32.936156,-117.161567,14753.7,59.6,2.478,121,,,,True,0.0
4719,32.93616,-117.161531,14757.3,59.6,2.59,121,,,,True,1.8
4721,32.93616,-117.161446,14764.8,59.6,2.783,121,,,,True,3.0
4726,32.936209,-117.161248,14784.5,60.2,3.886,121,,,,True,3.0
4731,32.936214,-117.161071,14800.8,61.0,3.6,121,,,,True,3.2
4734,32.936186,-117.160963,14811.0,61.2,3.313,121,,,,True,2.3
4735,32.936186,-117.160928,14814.7,61.2,3.356,121,,,,True,0.0
4739,32.936201,-117.160796,14827.3,61.2,3.26,122,,,,True,-0.8
4745,32.936196,-117.160545,14850.8,61.0,3.61,123,,,,True,-1.1
4747,32.936231,-117.160459,14859.9,60.8,4.075,125,,,,True,-1.2
4749,32.936278,-117.160374,14869.2,60.6,4.19,128,,,,True,-0.5
4751,32.936343,-117.160308,14878.7,60.6,4.65,131,,,,True,1.1
4753,32.93642,-117.16026,14888.3,60.8,4.733,134,,,,True,1.9
4755,32.936489,-117.16023,14896.8,61.2,4.6,137,,,,True,2.0
4756,32.936518,-117.160216,14900.1,61.2,4.28,138,,,,True,1.3
4761,32.936625,-117.160075,14918.3,61.4,3.583,139,,,,True,1.4
4765,32.936693,-117.159916,14935.1,61.4,3.889,136,,,,True,1.7
4770,32.936704,-117.159699,14955.3,62.0,4.111,136,,,,True,2.3
4771,32.936718,-117.159664,14958.9,62.2,3.967,136,,,,True,3.1
4775,32.936762,-117.159536,14971.6,62.6,3.26,137,,,,True,1.4
4776,32.936754,-117.159513,14974.0,62.6,3.02,137,,,,True,0.8
4780,32.936701,-117.159444,14982.9,62.4,2.26,137,,,,True,0.0
4781,32.936697,-117.159421,14985.0,62.4,2.2,137,,,,True,0.0
4784,32.936686,-117.159307,14995.2,62.6,2.65,137,,,,True,0.0
4789,32.936696,-117.159095,15015.3,62.6,3.787,141,,,,True,0.0
4790,32.936701,-117.15905,15019.6,62.4,4.067,145,,,,True,-0.6
4791,32.936706,-117.159007,15023.8,62.4,4.086,151,,,,True,-1.2
4792,32.936711,-117.158965,15027.6,62.4,4.05,154,,,,True,0.0
4793,32.936721,-117.158922,15031.9,62.4,4.078,154,,,,True,-0.6
4799,32.936781,-117.15865,15058.2,62.4,4.371,156,,,,True,-1.1
4807,32.936886,-117.158323,15090.9,62.0,4.214,156,,,,True,-1.0
4814,32.937005,-117.158048,15119.8,61.4,4.107,154,,,,True,-1.5
4816,32.937037,-117.157973,15127.7,61.4,4.089,151,,,,True,-1.6
4819,32.937094,-117.157865,15139.6,61.2,3.96,148,,,,True,-1.6
4822,32.937152,-117.157741,15153.0,61.0,4.217,147,,,,True,-1.1
4826,32.937229,-117.157575,15170.6,60.6,4.429,144,,,,True,0.2
4832,32.937346,-117.157326,15197.4,60.6,4.44,145,,,,True,0.8
4840,32.937455,-117.157051,15225.7,61.4,3.936,142,,,,True,1.1
4844,32.937457,-117.157046,15226.5,61.6,2.425,140,,,,False,0.7
4849,32.937457,-117.157046,15226.5,61.2,0.089,140,,,,False,-30.8
4861,32.937457,-117.157046,15226.5,60.8,0.0,138,,,,False,-3.1
4867,32.937457,-117.157046,15227.0,60.8,0.028,139,,,,False,-5.0
4872,32.937459,-117.157041,15227.0,61.0,0.045,139,,,,False,1.7
4873,32.937474,-117.157016,15230.3,61.0,0.55,138,,,,True,0.0
4875,32.937522,-117.156947,15238.4,61.0,1.425,135,,,,True,0.0
4876,32.937555,-117.156911,15243.4,60.8,1.822,134,,,,True,1.0
4878,32.937615,-117.156827,15254.0,61.0,4.74,130,,,,True,1.5
4881,32.937674,-117.156676,15269.5,61.4,5.22,128,,,,True,2.0
4888,32.937794,-117.1563,15307.0,62.0,5.3,131,,,,True,1.9
4889,32.937806,-117.156247,15312.0,62.2,5.313,132,,,,True,1.5
4890,32.937822,-117.15619,15317.4,62.2,5.322,132,,,,True,0.7
4891,32.937854,-117.156141,15322.9,62.2,5.34,133,,,,True,0.0
4893,32.937948,-117.156109,15333.7,62.2,5.34,133,,,,True,1.1
4895,32.93804,-117.15609,15344.1,62.2,5.34,133,,,,True,1.6
4897,32.938122,-117.156036,15354.5,62.6,5.267,135,,,,True,2.8
4898,32.938165,-117.156018,15359.3,62.8,5.12,135,,,,True,4.2
4900,32.938248,-117.155994,15368.9,63.2,4.96,138,,,,True,4.2
4901,32.938275,-117.155968,15372.7,63.4,4.767,139,,,,True,4.0
4905,32.938344,-117.155823,15388.2,64.0,3.86,140,,,,True,3.4
4908,32.93839,-117.155721,15399.2,64.4,3.786,142,,,,True,3.8
4911,32.938431,-117.155616,15409.9,64.6,3.617,141,,,,True,4.4
4916,32.938547,-117.15552,15425.4,65.4,3.275,142,,,,True,4.3
4922,32.938671,-117.155429,15442.2,66.4,2.936,144,,,,True,3.0
4923,32.938688,-117.155402,15445.3,66.4,2.843,145,,,,True,1.7
4929,32.938794,-117.155254,15463.4,66.2,3.029,148,,,,True,0.0
4932,32.938785,-117.155147,15473.1,66.2,3.089,152,,,,True,1.6
4933,32.938786,-117.155111,15476.3,66.4,3.1,154,,,,True,6.6
4935,32.938797,-117.155047,15482.5,67.0,3.183,159,,,,True,10.5
4937,32.938811,-117.154995,15487.7,67.8,2.92,161,,,,True,11.4
4938,32.938821,-117.15497,15490.2,68.0,2.78,162,,,,True,8.9
4941,32.93886,-117.154911,15497.4,68.8,2.483,160,,,,True,3.1
4943,32.938875,-117.154853,15502.8,68.8,2.52,159,,,,True,2.6
4949,32.938914,-117.154673,15520.2,68.8,2.85,158,,,,True,1.5
4956,32.938959,-117.154428,15543.6,69.4,3.138,159,,,,True,1.5
4962,32.93899,-117.154209,15564.6,69.8,3.415,161,,,,True,2.4
4963,32.939,-117.154174,15568.0,69.8,3.486,161,,,,True,2.3
4973,32.93911,-117.153837,15602.0,70.8,3.4,159,,,,True,2.7
4974,32.939129,-117.153809,15605.3,70.8,3.391,158,,,,True,2.6
4980,32.939254,-117.153665,15624.8,71.4,3.257,157,,,,True,2.4
4986,32.939427,-117.15361,15645.1,71.8,3.317,157,,,,True,2.5
4988,32.939481,-117.153642,15651.4,72.0,3.325,156,,,,True,2.7
4991,32.939549,-117.153712,15661.6,72.2,3.3,156,,,,True,2.7
4998,32.939664,-117.153895,15683.0,73.0,3.16,155,,,,True,3.2
5005,32.939768,-117.154077,15703.8,73.4,3.014,152,,,,True,4.8
5010,32.939908,-117.154094,15719.9,74.2,3.075,153,,,,True,6.0
5014,32.939985,-117.154099,15728.4,75.4,2.733,152,,,,True,9.0
5018,32.940085,-117.154088,15739.3,76.4,2.425,154,,,,True,11.9
5023,32.94018,-117.154078,15750.5,77.6,2.456,154,,,,True,10.4
5025,32.940209,-117.154084,15753.5,78.2,2.029,154,,,,True,10.6
5029,32.940282,-117.154081,15761.1,78.8,1.767,157,,,,True,8.3
5031,32.94032,-117.154083,15765.8,79.2,2.05,158,,,,True,6.2
5036,32.9404,-117.154077,15774.5,79.6,1.914,161,,,,True,4.8
5038,32.940439,-117.154055,15779.1,79.8,1.9,161,,,,True,2.5
5039,32.940463,-117.154041,15782.1,79.8,2.038,161,,,,True,1.0
5044,32.940592,-117.15405,15797.2,80.0,3.017,161,,,,True,2.4
5050,32.940747,-117.1541,15814.8,80.0,2.973,160,,,,True,3.7
5054,32.940869,-117.154108,15828.2,81.0,3.1,160,,,,True,5.1
5058,32.940981,-117.154131,15840.8,82.0,3.25,159,,,,True,6.8
5064,32.941116,-117.154136,15856.2,83.0,2.8,160,,,,True,3.7
5065,32.941137,-117.154124,15858.8,83.0,2.571,160,,,,True,1.9
5071,32.941281,-117.154036,15876.4,82.8,2.886,158,,,,True,-0.7
5074,32.941342,-117.154039,15883.7,82.8,2.767,159,,,,True,-0.8
