t,lat,lng,distance_m,altitude_m,velocity_ms,heartrate,cadence,watts,temp_c,moving,grade_pct
0,32.941411,-117.15403,0.6,84.2,0.0,93,0,0,,False,0.0
1,32.9414,-117.154017,2.4,84.2,1.8,93,0,0,,True,0.0
2,32.941378,-117.154003,5.1,84.2,2.25,93,0,0,,True,0.0
3,32.941344,-117.154004,8.4,84.2,2.6,93,0,0,,True,-1.7
4,32.941321,-117.154003,11.1,84.2,2.625,93,0,0,,True,-3.2
5,32.941292,-117.154008,14.3,84.0,2.74,93,75,279,,True,-4.8
6,32.941263,-117.154016,17.5,83.8,3.02,94,79,299,,True,-6.2
7,32.941238,-117.154031,20.8,83.6,3.14,95,78,305,,True,-7.6
8,32.941211,-117.154049,24.1,83.4,3.14,96,78,312,,True,-7.8
9,32.94119,-117.154077,27.4,83.0,3.26,97,78,309,,True,-7.8
10,32.941172,-117.154094,30.4,82.8,3.22,98,80,305,,True,-4.8
11,32.941141,-117.154117,33.6,82.6,3.22,99,82,304,,True,0.0
12,32.941119,-117.154134,36.7,82.8,3.18,100,82,295,,True,3.3
13,32.9411,-117.154146,39.3,83.0,3.04,102,82,288,,True,6.6
14,32.941064,-117.154146,42.5,83.2,3.02,103,81,288,,True,4.9
15,32.941038,-117.154139,45.7,83.4,3.06,104,81,272,,True,1.6
16,32.941013,-117.154135,49.0,83.4,3.08,105,80,270,,True,-3.2
17,32.94098,-117.15413,52.1,83.2,3.08,106,80,273,,True,-6.5
18,32.940959,-117.154123,54.9,82.8,3.12,107,80,272,,True,-9.8
19,32.940932,-117.15412,58.0,82.6,3.1,108,80,273,,True,-10.0
20,32.940899,-117.154117,61.2,82.2,3.1,109,80,268,,True,-8.2
21,32.940876,-117.154112,64.1,82.0,3.02,110,80,265,,True,-9.5
22,32.940849,-117.154113,67.1,81.8,3.0,111,80,263,,True,-9.8
23,32.940814,-117.154109,70.6,81.4,3.14,111,80,261,,True,-9.7
24,32.940792,-117.154104,73.4,81.0,3.08,111,79,260,,True,-7.9
25,32.940767,-117.1541,76.5,80.8,3.06,112,79,256,,True,-7.0
26,32.940736,-117.154094,79.7,80.8,3.12,113,79,250,,True,-3.7
27,32.940717,-117.154086,82.1,80.6,3.0,113,80,244,,True,-1.9
28,32.940705,-117.154072,84.1,80.6,2.7,114,80,240,,True,-2.3
29,32.940695,-117.154058,85.7,80.6,2.46,115,81,233,,True,-1.9
30,32.940687,-117.154046,86.9,80.6,2.08,115,81,222,,True,0.0
31,32.940678,-117.154034,88.5,80.6,1.76,116,81,220,,True,-1.8
32,32.94066,-117.154031,90.1,80.6,1.6,117,79,221,,True,-3.3
33,32.940633,-117.154039,92.7,80.6,1.72,118,79,217,,True,-3.2
34,32.94061,-117.154039,95.1,80.4,1.88,120,75,202,,True,-3.6
35,32.940586,-117.154042,97.7,80.2,2.16,121,75,201,,True,-1.7
36,32.940554,-117.154051,101.1,80.2,2.52,121,75,205,,True,0.0
37,32.940526,-117.154055,104.4,80.4,2.86,122,77,212,,True,1.5
38,32.940499,-117.154059,107.7,80.4,3.0,122,81,239,,True,1.5
39,32.940465,-117.154073,111.2,80.4,3.22,122,82,253,,True,0.0
40,32.940439,-117.15408,114.5,80.4,3.36,122,81,263,,True,-1.5
41,32.940414,-117.154088,117.6,80.4,3.3,123,81,275,,True,-3.2
42,32.940379,-117.154097,121.2,80.2,3.36,123,81,267,,True,-5.0
43,32.940359,-117.154103,123.8,80.0,3.22,124,81,267,,True,-4.9
44,32.940335,-117.154107,126.4,79.8,3.04,124,81,256,,True,-5.3
45,32.940302,-117.154109,129.8,79.8,3.06,125,81,249,,True,-5.2
46,32.94028,-117.154109,132.5,79.6,2.98,125,80,249,,True,-4.9
47,32.940256,-117.15411,135.3,79.4,2.82,126,80,244,,True,-6.6
48,32.94022,-117.154112,138.7,79.2,2.98,126,79,244,,True,-6.5
49,32.940195,-117.154111,141.9,79.0,3.1,126,79,251,,True,-6.2
50,32.940172,-117.154109,144.9,78.8,3.02,127,79,249,,True,-6.3
51,32.940139,-117.154106,148.2,78.6,3.14,127,79,250,,True,-8.5
52,32.940111,-117.154102,151.3,78.4,3.2,127,79,251,,True,-8.8
53,32.940093,-117.154107,153.6,78.0,2.98,128,79,248,,True,-7.3
54,32.940067,-117.154106,156.3,77.8,2.88,128,79,247,,True,-9.6
55,32.940039,-117.154106,159.1,77.8,2.84,128,79,227,,True,-7.5
56,32.940019,-117.15411,161.7,77.4,2.7,129,78,225,,True,-7.0
57,32.939995,-117.154109,164.3,77.2,2.6,128,78,225,,True,-10.7
58,32.939961,-117.154109,167.7,77.0,2.82,128,78,220,,True,-12.4
59,32.939942,-117.154111,170.3,76.6,2.8,129,78,216,,True,-13.2
60,32.939915,-117.154115,173.0,76.0,2.78,129,78,221,,True,-13.4
61,32.939881,-117.154112,176.4,75.6,2.94,129,78,218,,True,-12.7
62,32.939857,-117.15411,179.6,75.4,3.06,128,78,217,,True,-9.4
63,32.939831,-117.154105,182.9,75.0,3.04,129,78,219,,True,-8.3
64,32.9398,-117.154101,185.8,74.8,3.1,129,78,215,,True,-8.3
65,32.939777,-117.154099,188.5,74.6,3.1,129,78,214,,True,-6.6
66,32.939751,-117.154089,191.6,74.4,3.04,129,79,213,,True,-6.6
67,32.939721,-117.154059,195.1,74.2,3.1,129,80,207,,True,-4.8
68,32.939702,-117.154045,197.9,74.0,3.0,130,80,205,,True,-3.1
69,32.939682,-117.154022,200.9,74.0,3.02,130,80,207,,True,-3.3
70,32.939658,-117.153991,204.3,74.0,3.16,130,80,208,,True,-1.6
71,32.939644,-117.153972,207.3,73.8,3.14,130,80,210,,True,-1.5
72,32.939625,-117.153944,210.7,73.8,3.12,129,80,213,,True,-1.6
73,32.939606,-117.153909,214.0,73.8,3.22,130,80,215,,True,-1.6
74,32.939589,-117.153893,216.8,73.8,3.18,130,80,220,,True,-1.5
75,32.939568,-117.153866,220.2,73.6,3.18,130,79,224,,True,-3.2
76,32.939549,-117.153832,223.7,73.6,3.28,131,79,228,,True,-3.0
77,32.939535,-117.153816,226.4,73.4,3.14,131,79,229,,True,-3.0
78,32.939518,-117.153785,230.0,73.4,3.2,131,80,231,,True,-4.8
79,32.939507,-117.153748,233.4,73.2,3.32,131,80,234,,True,-3.1
80,32.939492,-117.153726,236.2,73.0,3.2,131,80,236,,True,-4.9
81,32.939484,-117.153698,239.1,73.0,3.08,132,79,240,,True,-3.5
82,32.939463,-117.153667,242.3,72.8,3.18,132,79,241,,True,-3.5
83,32.939452,-117.153644,244.8,72.8,2.96,132,80,240,,True,-3.5
84,32.93943,-117.153627,247.5,72.6,2.82,132,80,240,,True,-3.6
85,32.939398,-117.15362,250.5,72.6,2.86,133,79,243,,True,-3.5
86,32.939374,-117.153625,253.3,72.4,2.84,133,79,244,,True,-1.8
87,32.939351,-117.15363,256.1,72.4,2.76,133,79,247,,True,-3.6
88,32.939326,-117.153646,258.6,72.4,2.76,133,79,250,,True,-3.5
89,32.939306,-117.153661,261.6,72.2,2.82,134,80,253,,True,-5.2
90,32.939283,-117.153679,264.7,72.0,2.84,134,80,255,,True,-4.8
91,32.939257,-117.1537,267.6,71.8,2.86,134,80,257,,True,-4.7
92,32.939238,-117.153722,271.0,71.8,2.98,134,80,260,,True,-3.1
93,32.939214,-117.153745,274.3,71.6,3.14,134,80,261,,True,-1.5
94,32.939188,-117.153771,277.7,71.6,3.22,134,80,261,,True,-1.5
95,32.93917,-117.153792,281.0,71.6,3.26,134,81,262,,True,-1.6
96,32.939149,-117.15382,284.2,71.6,3.32,135,81,266,,True,-1.6
97,32.939134,-117.153844,287.2,71.4,3.24,135,82,268,,True,-1.6
98,32.93912,-117.153867,290.0,71.4,3.14,135,82,271,,True,-3.3
99,32.939105,-117.153904,293.3,71.4,3.12,135,82,276,,True,-3.2
100,32.939097,-117.153928,296.2,71.2,3.04,135,81,281,,True,-6.3
101,32.939077,-117.153957,299.6,71.0,3.08,136,81,280,,True,-6.3
102,32.939063,-117.153992,302.8,70.6,3.12,137,81,278,,True,-4.5
103,32.939055,-117.154019,306.0,70.6,3.2,138,81,279,,True,-1.5
104,32.93904,-117.154052,309.4,70.6,3.22,138,80,283,,True,1.5
105,32.939024,-117.15409,312.9,70.8,3.34,138,80,288,,True,1.5
106,32.939018,-117.154116,316.1,70.8,3.3,138,80,292,,True,1.6
107,32.939007,-117.154148,319.0,70.8,3.24,138,80,293,,True,-1.7
108,32.939002,-117.154179,321.9,70.8,3.18,139,81,291,,True,-3.4
109,32.938999,-117.154204,324.5,70.6,3.02,139,81,290,,True,-5.0
110,32.938991,-117.154246,327.9,70.4,3.0,139,81,289,,True,-5.1
111,32.938983,-117.154275,331.0,70.2,2.98,139,81,286,,True,-4.7
112,32.93898,-117.154302,333.7,70.2,2.94,139,80,284,,True,-4.9
113,32.938974,-117.154341,337.2,70.0,3.06,140,81,282,,True,-5.1
114,32.93897,-117.154369,340.1,69.8,3.12,140,81,280,,True,-4.7
115,32.938967,-117.154396,342.8,69.6,2.98,140,81,278,,True,-1.6
116,32.938964,-117.15444,346.4,69.6,3.08,140,81,280,,True,0.0
117,32.938962,-117.154469,349.5,69.8,3.16,141,80,283,,True,2.9
118,32.938951,-117.154501,352.8,69.8,3.12,141,80,288,,True,3.1
119,32.938943,-117.154543,356.4,70.0,3.26,141,80,289,,True,1.5
120,32.938939,-117.15457,359.4,70.0,3.32,142,80,289,,True,0.0
121,32.938928,-117.154608,362.8,70.0,3.28,142,81,291,,True,-4.5
122,32.938916,-117.154644,366.5,69.8,3.4,142,81,292,,True,-5.6
123,32.938909,-117.154674,369.7,69.4,3.38,142,81,288,,True,-7.0
124,32.938898,-117.154719,373.6,69.2,3.44,142,82,290,,True,-7.5
125,32.938892,-117.154751,377.0,69.0,3.52,143,82,289,,True,-5.8
126,32.938888,-117.154781,379.9,68.8,3.42,143,81,290,,True,-6.0
127,32.938883,-117.154825,383.6,68.6,3.42,143,80,290,,True,-4.5
128,32.938879,-117.154854,387.0,68.4,3.46,143,80,289,,True,-1.5
129,32.93887,-117.154889,390.2,68.4,3.32,143,81,297,,True,1.7
130,32.938858,-117.154916,393.0,68.6,3.2,144,81,304,,True,6.8
131,32.938845,-117.154936,395.5,68.8,3.12,144,82,306,,True,8.9
132,32.938824,-117.154963,398.7,69.2,3.02,144,82,305,,True,5.6
133,32.93882,-117.154992,401.4,69.4,2.88,144,82,304,,True,0.0
134,32.938816,-117.155015,403.7,69.2,2.7,144,82,303,,True,-7.1
135,32.938805,-117.155054,407.0,68.8,2.8,145,82,300,,True,-14.0
136,32.938795,-117.155082,409.9,68.4,2.88,145,81,298,,True,-16.1
137,32.938794,-117.155111,412.8,67.8,2.82,145,81,295,,True,-14.8
138,32.938789,-117.155151,416.1,67.2,2.94,145,80,292,,True,-14.6
139,32.938794,-117.155182,419.2,67.0,3.1,146,80,281,,True,-10.9
140,32.938803,-117.155211,422.2,66.6,3.04,146,79,279,,True,-6.3
141,32.938813,-117.155257,425.7,66.4,3.16,146,79,276,,True,-6.0
142,32.938812,-117.155283,428.9,66.4,3.22,146,79,274,,True,-2.9
143,32.938798,-117.155317,432.5,66.2,3.28,146,80,271,,True,-1.4
144,32.93877,-117.15535,436.2,66.2,3.4,147,81,270,,True,-1.4
145,32.938756,-117.155375,439.5,66.2,3.46,148,81,267,,True,0.0
146,32.938731,-117.1554,443.0,66.2,3.46,148,81,266,,True,-1.6
147,32.938709,-117.155424,446.3,66.2,3.48,148,82,265,,True,-1.6
148,32.938696,-117.155445,449.0,66.0,3.3,148,82,265,,True,-1.6
149,32.938674,-117.155476,452.4,66.0,3.24,148,81,266,,True,0.0
150,32.938657,-117.155492,455.2,66.0,3.14,148,81,269,,True,1.6
151,32.938639,-117.155507,457.9,66.2,2.98,148,81,272,,True,3.4
152,32.938605,-117.155524,461.3,66.2,3.0,148,81,275,,True,1.8
153,32.938584,-117.155527,464.0,66.4,3.0,149,81,275,,True,-1.7
154,32.938564,-117.155534,466.3,66.2,2.78,149,81,273,,True,-5.4
155,32.938532,-117.155553,469.6,66.0,2.88,149,81,273,,True,-8.7
156,32.938511,-117.155571,472.5,65.6,2.92,149,80,272,,True,-7.9
157,32.93849,-117.155589,475.5,65.4,2.84,149,79,271,,True,-7.8
158,32.938461,-117.155613,479.0,65.2,3.0,150,79,271,,True,-6.2
159,32.938441,-117.155641,482.4,65.0,3.22,150,79,268,,True,-7.5
160,32.938427,-117.155663,485.4,64.8,3.16,150,80,267,,True,-9.8
161,32.938415,-117.155702,488.8,64.4,3.26,151,80,270,,True,-10.3
162,32.938409,-117.155726,491.2,64.0,3.14,151,80,270,,True,-10.2
163,32.9384,-117.155753,494.1,63.8,3.02,151,80,272,,True,-6.9
164,32.938389,-117.155789,497.2,63.6,2.96,151,80,274,,True,-5.1
165,32.938376,-117.155815,500.4,63.6,3.0,151,80,274,,True,-3.2
166,32.938366,-117.155839,503.0,63.4,2.84,151,80,274,,True,-1.7
167,32.938354,-117.155875,506.5,63.4,3.06,151,80,275,,True,-1.7
168,32.938343,-117.155899,509.1,63.4,3.0,151,80,277,,True,-1.7
169,32.938336,-117.155925,511.9,63.4,2.94,151,80,277,,True,-5.1
170,32.938318,-117.155958,515.1,63.2,2.94,151,80,274,,True,-6.8
171,32.9383,-117.155981,518.2,62.8,3.04,151,80,269,,True,-8.4
172,32.93828,-117.155997,520.8,62.6,2.86,150,80,266,,True,-8.8
173,32.93825,-117.156012,523.8,62.4,2.94,151,80,262,,True,-5.4
174,32.938234,-117.156027,526.5,62.2,2.92,151,80,258,,True,-3.3
175,32.938208,-117.156031,529.4,62.2,2.86,151,80,255,,True,-1.7
176,32.938172,-117.156043,533.0,62.2,2.96,151,80,251,,True,-1.6
177,32.938153,-117.156057,535.9,62.2,3.02,151,80,251,,True,-1.5
178,32.938122,-117.156072,539.4,62.0,3.12,152,80,251,,True,-3.1
179,32.938092,-117.156089,542.9,62.0,3.28,152,80,248,,True,-3.1
180,32.938075,-117.156103,545.8,61.8,3.28,152,80,250,,True,-1.6
181,32.938046,-117.156116,549.0,61.8,3.2,151,81,253,,True,0.0
182,32.938015,-117.15612,552.1,61.8,3.24,151,81,258,,True,3.3
183,32.937994,-117.156121,554.9,62.0,3.1,151,81,258,,True,3.3
184,32.937964,-117.156115,558.1,62.2,3.04,151,81,258,,True,1.7
185,32.937932,-117.156114,561.2,62.2,3.08,151,81,259,,True,0.0
186,32.937911,-117.156123,563.8,62.0,2.96,150,80,260,,True,-3.5
187,32.937886,-117.156132,566.6,62.0,2.9,150,80,262,,True,-3.7
188,32.937861,-117.156157,569.5,61.8,2.92,150,80,267,,True,-1.8
189,32.937849,-117.156177,572.1,61.8,2.8,150,79,272,,True,-1.7
190,32.937834,-117.156202,574.8,61.8,2.72,151,79,277,,True,0.0
191,32.937822,-117.156237,578.1,61.8,2.86,150,79,282,,True,0.0
192,32.937819,-117.156262,580.8,61.8,2.84,150,80,284,,True,0.0
193,32.937805,-117.156297,584.2,61.8,2.94,150,80,288,,True,-1.7
194,32.937795,-117.156331,587.3,61.8,3.04,150,80,292,,True,-3.4
195,32.937796,-117.156353,589.9,61.6,3.02,150,80,292,,True,-5.2
196,32.937789,-117.156385,592.7,61.4,2.92,150,80,292,,True,-7.1
197,32.937777,-117.156416,595.7,61.2,2.98,150,80,292,,True,-6.7
198,32.937772,-117.156442,598.5,61.0,2.86,150,80,291,,True,-3.3
199,32.937758,-117.156477,601.9,60.8,2.92,150,80,290,,True,-1.7
200,32.937744,-117.156503,604.7,61.0,2.96,150,80,290,,True,0.0
201,32.937735,-117.156527,607.5,61.0,2.96,150,81,287,,True,1.7
202,32.937717,-117.156565,611.0,61.0,3.06,150,81,286,,True,-1.6
203,32.937705,-117.156592,614.0,61.0,3.1,150,81,286,,True,-1.5
204,32.937698,-117.15662,617.1,60.8,3.04,150,80,287,,True,-1.7
205,32.937689,-117.15666,620.5,60.8,3.16,151,80,288,,True,-3.3
206,32.937683,-117.156686,623.1,60.8,3.12,150,80,286,,True,-3.2
207,32.937677,-117.156718,626.3,60.6,3.06,150,81,283,,True,-3.3
208,32.937666,-117.156755,629.5,60.4,3.1,150,81,282,,True,-3.1
209,32.937657,-117.156781,632.5,60.4,3.08,149,80,284,,True,-1.6
210,32.937649,-117.156811,635.8,60.4,3.06,149,80,285,,True,0.0
211,32.937633,-117.156846,638.8,60.4,3.14,149,80,285,,True,0.0
212,32.937624,-117.156872,641.9,60.4,3.12,149,80,284,,True,1.6
213,32.937611,-117.156898,644.6,60.4,3.02,149,80,284,,True,1.7
214,32.937583,-117.156923,648.0,60.6,3.1,149,80,282,,True,1.8
215,32.937563,-117.156927,650.5,60.6,2.94,149,80,279,,True,1.7
216,32.937544,-117.15691,653.1,60.6,2.86,149,80,274,,True,-1.8
217,32.937523,-117.156873,656.7,60.6,2.96,149,80,267,,True,-1.7
218,32.937505,-117.156857,659.3,60.4,2.94,149,80,264,,True,-3.1
219,32.937474,-117.156854,662.4,60.4,2.88,149,81,262,,True,-4.9
220,32.93744,-117.156857,665.9,60.2,3.08,149,81,263,,True,-3.0
221,32.937416,-117.156863,669.0,60.0,3.18,149,81,263,,True,-2.9
222,32.937377,-117.156863,672.6,60.0,3.18,149,80,266,,True,-1.4
223,32.937345,-117.156848,676.1,60.0,3.36,149,80,268,,True,-1.4
224,32.937315,-117.156843,679.8,60.0,3.48,149,80,268,,True,-2.9
225,32.93728,-117.156849,683.1,59.8,3.44,149,80,267,,True,-4.5
226,32.937257,-117.15687,686.4,59.6,3.48,149,80,266,,True,-6.0
227,32.937244,-117.156894,689.5,59.4,3.38,149,81,268,,True,-6.2
228,32.937226,-117.156929,693.1,59.2,3.4,149,81,271,,True,-4.8
229,32.937219,-117.15696,696.0,59.0,3.24,149,81,277,,True,-3.1
230,32.937215,-117.156989,699.0,59.0,3.18,149,80,282,,True,-1.6
231,32.937208,-117.15703,702.4,59.0,3.2,149,80,284,,True,-1.6
232,32.937202,-117.15706,705.4,59.0,3.18,149,80,285,,True,0.0
233,32.937195,-117.157086,708.3,58.8,3.04,149,80,285,,True,0.0
234,32.937181,-117.157123,711.8,59.0,3.16,149,80,285,,True,-1.7
235,32.937176,-117.157149,714.5,59.0,3.1,149,80,285,,True,0.0
236,32.937167,-117.157175,717.5,58.8,3.02,149,81,285,,True,-3.3
237,32.937155,-117.157216,721.0,58.8,3.12,149,81,284,,True,-3.2
238,32.937142,-117.157243,724.0,58.6,3.14,148,81,281,,True,-3.1
239,32.93713,-117.15727,727.0,58.6,3.04,149,80,282,,True,-3.4
240,32.937117,-117.157304,730.2,58.4,3.14,149,80,282,,True,-1.7
241,32.93711,-117.157329,732.8,58.4,3.06,149,80,283,,True,1.6
242,32.9371,-117.15736,736.0,58.4,3.0,149,80,286,,True,5.0
243,32.937089,-117.157395,739.3,58.8,3.06,149,81,288,,True,4.9
244,32.937079,-117.157416,742.1,59.0,3.02,149,81,292,,True,5.0
245,32.937062,-117.157438,745.0,59.0,2.96,149,81,294,,True,1.8
246,32.937051,-117.157474,748.0,59.0,3.04,150,80,295,,True,0.0
247,32.937043,-117.157497,750.5,59.0,2.9,150,80,295,,True,0.0
248,32.937024,-117.15752,753.4,59.0,2.82,150,80,296,,True,0.0
249,32.937008,-117.157552,756.5,59.0,2.88,150,80,296,,True,0.0
250,32.936998,-117.157577,759.5,59.0,2.9,150,80,297,,True,0.0
251,32.936978,-117.157608,762.7,59.0,2.94,150,80,297,,True,-1.6
252,32.93696,-117.157636,766.0,59.0,3.1,150,80,298,,True,-1.6
253,32.936947,-117.157661,769.2,58.8,3.16,150,81,299,,True,-1.6
254,32.936931,-117.157692,772.3,58.8,3.16,150,81,300,,True,-3.3
255,32.936915,-117.157717,775.5,58.8,3.2,150,81,299,,True,-1.7
256,32.936902,-117.157741,778.3,58.6,3.12,150,81,298,,True,-1.7
257,32.936884,-117.15777,781.3,58.6,3.06,151,81,296,,True,-1.8
258,32.936868,-117.157788,783.8,58.6,2.92,150,81,293,,True,1.8
259,32.936853,-117.157808,786.6,58.6,2.86,151,81,292,,True,1.9
260,32.936834,-117.157833,789.4,58.8,2.78,151,80,295,,True,1.9
261,32.936819,-117.157853,792.0,58.8,2.74,151,80,295,,True,1.8
262,32.936804,-117.157873,794.5,58.8,2.64,151,80,295,,True,-1.8
263,32.936775,-117.15789,797.5,58.8,2.74,151,80,293,,True,-1.8
264,32.936751,-117.157902,800.4,58.6,2.76,151,80,290,,True,-1.7
265,32.936737,-117.157921,803.3,58.6,2.78,151,79,288,,True,-1.8
266,32.93672,-117.157951,806.2,58.6,2.84,151,79,289,,True,1.8
267,32.936714,-117.157975,808.7,58.6,2.84,152,80,294,,True,3.6
268,32.936704,-117.158001,811.6,58.8,2.82,152,80,298,,True,5.5
269,32.936691,-117.158036,814.5,59.0,2.82,152,80,300,,True,5.2
270,32.936677,-117.158057,817.2,59.2,2.78,153,80,302,,True,5.0
271,32.93666,-117.158081,820.3,59.2,2.82,153,81,302,,True,3.4
272,32.936638,-117.158114,823.7,59.4,3.0,153,81,300,,True,1.7
273,32.936634,-117.158135,826.2,59.4,2.92,153,81,300,,True,1.7
274,32.936619,-117.158162,829.2,59.4,2.94,153,81,302,,True,-1.8
275,32.936608,-117.158194,832.2,59.4,3.0,154,81,304,,True,-1.8
276,32.936602,-117.158217,834.7,59.2,2.88,154,81,305,,True,-1.8
277,32.936587,-117.158243,837.5,59.2,2.76,154,81,305,,True,-1.9
278,32.936576,-117.158273,840.4,59.2,2.84,154,81,303,,True,0.0
279,32.936573,-117.158295,842.9,59.2,2.74,154,81,303,,True,3.7
280,32.936556,-117.158321,845.8,59.2,2.72,154,81,304,,True,5.9
281,32.936543,-117.158345,848.2,59.6,2.7,154,81,305,,True,7.3
282,32.936536,-117.158368,850.6,59.8,2.62,154,81,306,,True,5.3
283,32.93652,-117.158401,853.8,60.0,2.68,154,81,304,,True,1.7
284,32.9365,-117.158428,857.1,59.8,2.84,154,80,304,,True,0.0
285,32.936493,-117.158451,859.8,59.8,2.8,155,80,303,,True,-1.6
286,32.936479,-117.158485,862.9,59.8,2.94,155,81,304,,True,0.0
287,32.936469,-117.158512,866.0,59.8,3.08,155,81,304,,True,0.0
288,32.936467,-117.158531,868.0,59.8,2.84,155,81,305,,True,0.0
289,32.93646,-117.158567,870.9,59.8,2.76,155,80,307,,True,0.0
290,32.936457,-117.158591,873.4,59.8,2.72,155,80,306,,True,0.0
291,32.936454,-117.158615,875.8,59.8,2.58,156,80,307,,True,0.0
292,32.936446,-117.158649,878.8,59.8,2.56,156,80,307,,True,-1.9
293,32.936442,-117.158675,881.2,59.8,2.64,156,80,304,,True,-1.8
294,32.936435,-117.158701,884.1,59.6,2.64,155,80,302,,True,-1.9
295,32.936418,-117.15873,887.2,59.6,2.76,156,80,299,,True,-1.8
296,32.936408,-117.15875,889.2,59.6,2.68,155,80,297,,True,0.0
297,32.936393,-117.158772,892.1,59.6,2.66,155,80,296,,True,0.0
298,32.936379,-117.158795,894.5,59.6,2.66,155,80,292,,True,0.0
299,32.936372,-117.158822,897.1,59.6,2.6,155,80,288,,True,0.0
300,32.936367,-117.158851,900.1,59.6,2.58,155,80,288,,True,0.0
301,32.93637,-117.158889,903.3,59.6,2.82,155,80,286,,True,0.0
302,32.936368,-117.158916,906.2,59.6,2.82,155,80,286,,True,0.0
303,32.936363,-117.158947,909.2,59.6,2.94,155,81,286,,True,-1.7
304,32.936355,-117.15898,911.9,59.6,2.96,155,81,287,,True,0.0
305,32.93635,-117.15901,914.8,59.4,2.94,154,80,286,,True,-1.6
306,32.936338,-117.159045,918.2,59.6,2.98,155,80,285,,True,-1.5
307,32.936324,-117.159081,921.8,59.4,3.12,154,80,283,,True,-1.5
308,32.936318,-117.15911,924.9,59.4,3.14,155,80,282,,True,-2.9
309,32.936308,-117.159147,928.3,59.2,3.28,155,81,281,,True,-3.1
310,32.936299,-117.159183,931.9,59.2,3.42,155,81,281,,True,-3.1
311,32.936295,-117.159209,934.8,59.0,3.32,154,81,282,,True,-3.3
312,32.936287,-117.159242,937.8,59.0,3.2,155,81,283,,True,-3.6
313,32.936279,-117.159267,940.3,58.8,3.08,155,81,282,,True,-1.8
314,32.936265,-117.159289,942.9,58.8,2.92,155,81,280,,True,-1.9
315,32.936252,-117.159316,945.7,58.8,2.76,155,80,280,,True,0.0
316,32.936233,-117.159343,948.6,58.8,2.76,155,80,278,,True,0.0
317,32.936225,-117.159363,950.9,58.8,2.62,156,80,277,,True,-1.9
318,32.936215,-117.159389,953.5,58.8,2.64,156,80,275,,True,-3.2
319,32.936213,-117.159419,956.1,58.6,2.64,156,80,274,,True,-4.0
320,32.936211,-117.159442,958.5,58.4,2.56,156,80,271,,True,-3.9
321,32.936216,-117.159472,961.0,58.4,2.48,156,81,270,,True,1.7
322,32.93622,-117.1595,963.8,58.4,2.58,156,81,269,,True,5.2
323,32.936223,-117.159519,965.8,58.4,2.46,156,81,273,,True,5.2
324,32.93623,-117.159547,968.0,58.8,2.38,156,81,274,,True,5.3
325,32.936232,-117.159568,970.0,59.0,2.3,156,81,274,,True,4.9
326,32.936232,-117.159597,972.5,59.0,2.3,156,81,272,,True,2.0
327,32.936227,-117.15963,975.2,59.0,2.28,156,81,271,,True,0.0
328,32.936229,-117.159654,978.0,59.0,2.44,156,80,266,,True,0.0
329,32.936227,-117.159683,980.7,59.0,2.54,156,80,269,,True,1.7
330,32.936227,-117.159721,983.8,59.0,2.76,156,80,272,,True,1.8
331,32.93622,-117.159747,986.7,59.2,2.84,156,80,272,,True,0.0
332,32.936208,-117.159771,989.3,59.2,2.82,156,81,270,,True,-3.7
333,32.936186,-117.159795,992.1,59.0,2.82,156,81,267,,True,-7.2
334,32.936171,-117.159812,994.7,58.6,2.8,156,81,265,,True,-8.6
335,32.936152,-117.15984,997.8,58.4,2.8,156,81,262,,True,-8.5
336,32.936131,-117.159866,1000.9,58.2,2.84,156,81,259,,True,-6.6
337,32.936119,-117.159886,1003.8,58.0,2.9,156,81,257,,True,-4.9
338,32.936105,-117.159918,1006.9,57.8,2.96,157,80,258,,True,-3.3
339,32.936092,-117.159948,1010.0,57.8,3.06,156,81,256,,True,-1.6
340,32.936085,-117.159974,1013.2,57.8,3.08,156,81,258,,True,0.0
341,32.936075,-117.160006,1016.2,57.8,3.06,157,81,259,,True,0.0
342,32.936067,-117.160033,1018.8,57.8,3.0,156,81,261,,True,0.0
343,32.936058,-117.160058,1021.5,57.8,2.92,156,81,261,,True,0.0
344,32.936047,-117.16009,1024.3,57.8,2.86,157,80,264,,True,0.0
345,32.936033,-117.160115,1027.2,57.8,2.8,157,80,265,,True,1.7
346,32.936021,-117.160142,1030.1,57.8,2.78,157,80,265,,True,1.7
347,32.936013,-117.16018,1033.2,58.0,2.88,158,80,263,,True,1.6
348,32.936008,-117.160208,1036.3,58.0,2.96,158,81,262,,True,1.6
349,32.935999,-117.160236,1039.4,58.0,3.02,158,81,262,,True,0.0
350,32.935987,-117.160274,1042.5,58.0,3.06,158,81,263,,True,0.0
351,32.935978,-117.1603,1045.7,58.0,3.12,157,81,266,,True,0.0
352,32.935965,-117.160325,1048.8,58.0,3.12,157,80,269,,True,0.0
353,32.935947,-117.16036,1052.0,58.0,3.14,157,80,269,,True,0.0
354,32.935936,-117.160385,1054.8,58.0,3.08,157,80,270,,True,0.0
355,32.935924,-117.160412,1057.8,58.0,3.06,157,80,272,,True,0.0
356,32.935914,-117.160442,1060.6,58.0,2.98,158,80,272,,True,-1.8
357,32.935911,-117.160466,1063.0,58.0,2.84,157,80,273,,True,-1.8
358,32.9359,-117.160496,1066.1,57.8,2.82,157,81,273,,True,0.0
359,32.935889,-117.160525,1068.7,57.8,2.78,157,81,275,,True,-1.8
360,32.935883,-117.160549,1071.3,58.0,2.7,157,81,275,,True,0.0
361,32.935874,-117.160579,1074.2,57.8,2.72,157,80,275,,True,0.0
362,32.935867,-117.160608,1076.9,57.8,2.78,158,80,276,,True,-3.7
363,32.935861,-117.160633,1079.4,57.8,2.66,157,80,276,,True,-1.8
364,32.935853,-117.160664,1082.1,57.6,2.68,157,80,275,,True,-3.6
365,32.935849,-117.1607,1085.1,57.6,2.76,157,80,273,,True,-3.2
366,32.935841,-117.160728,1088.0,57.4,2.76,157,80,273,,True,0.0
367,32.935828,-117.160767,1091.9,57.4,3.0,157,80,272,,True,0.0
368,32.935817,-117.1608,1095.4,57.6,3.2,157,79,273,,True,1.4
369,32.935809,-117.160826,1098.5,57.6,3.28,157,79,276,,True,0.0
370,32.935798,-117.160864,1101.8,57.6,3.34,157,81,274,,True,-1.5
371,32.935788,-117.160894,1105.0,57.4,3.4,156,81,275,,True,-1.5
372,32.935777,-117.160924,1108.4,57.4,3.3,155,81,277,,True,-1.6
373,32.935766,-117.160959,1111.6,57.4,3.24,155,80,277,,True,0.0
374,32.935754,-117.160987,1114.6,57.4,3.22,155,80,279,,True,0.0
375,32.935747,-117.161015,1117.8,57.4,3.2,155,81,278,,True,0.0
376,32.935752,-117.161048,1120.3,57.4,3.06,155,81,278,,True,-1.9
377,32.935754,-117.16107,1122.5,57.4,2.82,155,81,278,,True,-2.0
378,32.935758,-117.1611,1124.9,57.2,2.66,155,81,278,,True,-1.9
379,32.935753,-117.161137,1128.0,57.2,2.68,155,81,276,,True,0.0
380,32.935742,-117.161157,1130.6,57.2,2.56,155,81,275,,True,1.8
381,32.935726,-117.161178,1133.4,57.4,2.62,155,80,276,,True,1.9
382,32.935704,-117.161204,1136.3,57.4,2.76,155,80,276,,True,1.8
383,32.935691,-117.161225,1138.8,57.4,2.78,155,81,274,,True,0.0
384,32.935673,-117.161249,1141.9,57.4,2.78,154,81,272,,True,-1.6
385,32.935653,-117.161277,1145.1,57.4,2.9,155,81,271,,True,-1.6
386,32.935636,-117.1613,1148.5,57.2,3.02,155,80,270,,True,-1.6
387,32.935616,-117.161329,1151.6,57.2,3.06,155,80,271,,True,-1.6
388,32.9356,-117.161352,1154.3,57.2,3.1,155,80,275,,True,1.6
389,32.935587,-117.161379,1157.7,57.2,3.16,155,80,275,,True,3.3
390,32.935568,-117.16141,1160.9,57.4,3.16,154,80,277,,True,4.8
391,32.935551,-117.161434,1163.9,57.6,3.08,155,80,278,,True,4.8
392,32.935533,-117.161454,1166.9,57.8,3.06,155,81,281,,True,0.0
393,32.935519,-117.161489,1170.1,57.8,3.16,155,81,283,,True,-4.8
394,32.935509,-117.161518,1173.0,57.4,3.06,156,81,282,,True,-8.0
395,32.9355,-117.16155,1176.4,57.0,3.1,156,81,283,,True,-11.8
396,32.935493,-117.161585,1179.4,56.8,3.1,156,81,284,,True,-8.3
397,32.935491,-117.161609,1182.0,56.4,3.02,156,81,286,,True,-5.3
398,32.935483,-117.16164,1185.1,56.4,3.0,157,81,288,,True,-1.9
399,32.935477,-117.161671,1187.8,56.4,2.96,157,81,288,,True,1.8
400,32.935472,-117.161692,1190.2,56.6,2.76,157,81,287,,True,1.8
401,32.935464,-117.161729,1193.3,56.6,2.78,157,81,284,,True,1.8
402,32.935455,-117.161756,1196.2,56.6,2.84,158,81,282,,True,0.0
403,32.935447,-117.16178,1199.0,56.6,2.78,158,81,278,,True,1.7
404,32.935434,-117.161817,1202.4,56.6,2.92,158,81,277,,True,3.6
405,32.935429,-117.16184,1204.8,56.8,2.92,158,81,281,,True,7.1
406,32.935423,-117.161865,1207.4,57.0,2.82,157,81,282,,True,7.6
407,32.935419,-117.161898,1210.2,57.4,2.8,158,81,283,,True,5.6
408,32.935414,-117.161923,1212.9,57.4,2.78,158,81,283,,True,3.6
409,32.935402,-117.161949,1215.5,57.4,2.62,157,81,284,,True,-3.5
410,32.935397,-117.161987,1218.5,57.4,2.74,157,80,286,,True,-5.0
411,32.935389,-117.162011,1221.5,57.0,2.82,157,80,287,,True,-6.6
412,32.935373,-117.162043,1224.8,56.8,2.92,158,81,286,,True,-6.9
413,32.935364,-117.162073,1227.7,56.6,2.96,157,81,288,,True,-3.5
414,32.935359,-117.162095,1230.1,56.6,2.92,157,81,288,,True,0.0
415,32.935358,-117.162129,1233.0,56.6,2.9,158,80,287,,True,3.1
416,32.935361,-117.162153,1235.5,56.8,2.8,157,80,286,,True,3.8
417,32.935361,-117.162174,1237.6,56.8,2.56,157,81,286,,True,3.8
418,32.935356,-117.162211,1240.5,57.0,2.56,158,81,286,,True,3.8
419,32.93535,-117.162239,1243.5,57.0,2.68,158,81,284,,True,5.2
420,32.935344,-117.162263,1246.1,57.2,2.62,158,81,287,,True,3.5
421,32.935334,-117.162299,1249.1,57.4,2.72,158,81,288,,True,5.2
422,32.935332,-117.162326,1251.9,57.4,2.86,158,81,285,,True,3.4
423,32.935321,-117.162356,1255.0,57.6,2.9,158,81,286,,True,0.0
424,32.935312,-117.162389,1258.0,57.6,2.9,158,81,288,,True,0.0
425,32.93531,-117.162417,1260.8,57.4,2.94,158,81,287,,True,-3.2
426,32.935304,-117.162454,1264.1,57.4,3.0,158,81,284,,True,-4.7
427,32.935297,-117.162489,1267.5,57.2,3.12,158,81,285,,True,-4.6
428,32.935292,-117.162518,1270.7,57.0,3.14,159,81,284,,True,-3.2
429,32.935288,-117.162556,1273.9,56.8,3.18,159,81,287,,True,0.0
430,32.93528,-117.162581,1276.5,57.0,3.14,159,81,288,,True,3.4
431,32.935269,-117.162611,1279.5,57.2,3.08,158,81,288,,True,5.4
432,32.935256,-117.162644,1282.6,57.4,3.02,159,81,288,,True,5.1
433,32.935254,-117.162669,1285.1,57.4,2.88,158,82,288,,True,3.3
434,32.935242,-117.162698,1288.2,57.6,2.86,158,82,290,,True,0.0
435,32.935222,-117.162732,1291.5,57.6,3.0,158,82,291,,True,0.0
436,32.935213,-117.162758,1294.6,57.4,3.02,158,81,290,,True,-3.2
437,32.935196,-117.162785,1297.8,57.4,3.04,159,81,290,,True,-3.3
438,32.935182,-117.162815,1300.7,57.2,3.12,159,81,290,,True,-3.2
439,32.935175,-117.162841,1303.7,57.2,3.1,159,81,290,,True,-3.4
440,32.935156,-117.16287,1307.0,57.0,3.1,159,81,289,,True,-3.5
441,32.935144,-117.162896,1309.7,57.0,3.02,159,81,286,,True,-3.4
442,32.935131,-117.162915,1312.2,56.8,2.88,159,81,287,,True,-1.7
443,32.935109,-117.162945,1315.6,56.8,2.98,159,81,285,,True,-3.4
444,32.935088,-117.162969,1318.7,56.8,3.0,159,81,282,,True,-1.6
445,32.935074,-117.16299,1321.5,56.6,2.9,158,81,282,,True,0.0
446,32.935056,-117.163022,1324.8,56.6,3.02,159,81,280,,True,-1.6
447,32.935039,-117.163048,1327.9,56.8,3.14,159,80,281,,True,0.0
448,32.935028,-117.163076,1331.0,56.6,3.08,159,80,281,,True,0.0
449,32.935022,-117.163113,1334.2,56.6,3.1,159,80,283,,True,-3.2
450,32.935016,-117.163141,1337.3,56.6,3.16,159,81,282,,True,-3.2
451,32.935001,-117.163172,1340.5,56.4,3.14,158,81,283,,True,-3.3
452,32.934987,-117.163203,1343.6,56.2,3.14,158,81,283,,True,-3.3
453,32.93498,-117.163228,1346.4,56.2,3.08,158,82,284,,True,-1.7
454,32.934967,-117.163263,1349.6,56.2,3.08,158,82,283,,True,0.0
455,32.934957,-117.163289,1352.5,56.2,3.04,158,81,281,,True,1.6
456,32.934943,-117.163315,1355.5,56.2,3.0,158,81,281,,True,1.7
457,32.934931,-117.163349,1358.6,56.4,3.0,158,82,282,,True,1.8
458,32.93492,-117.163371,1361.1,56.4,2.94,157,82,282,,True,1.8
459,32.93491,-117.163394,1363.7,56.4,2.82,158,82,282,,True,-1.8
460,32.9349,-117.163429,1366.6,56.4,2.82,158,81,282,,True,-1.7
461,32.934892,-117.163456,1369.6,56.2,2.82,158,81,283,,True,-3.3
462,32.934878,-117.163489,1372.9,56.2,2.86,157,81,283,,True,-3.3
463,32.934865,-117.163518,1375.9,56.0,2.96,158,81,283,,True,0.0
464,32.934854,-117.163543,1378.7,56.0,3.0,158,80,285,,True,1.7
465,32.934841,-117.163574,1381.8,56.2,3.04,157,80,286,,True,3.6
466,32.934836,-117.163602,1384.5,56.4,2.98,158,80,285,,True,3.5
467,32.934833,-117.163626,1387.1,56.4,2.84,158,80,286,,True,1.8
468,32.934829,-117.163664,1390.1,56.4,2.84,158,81,289,,True,0.0
469,32.934821,-117.163688,1392.7,56.4,2.8,158,81,286,,True,0.0
470,32.934814,-117.163712,1395.6,56.4,2.76,158,81,286,,True,2.0
471,32.934807,-117.163741,1398.1,56.4,2.72,158,81,287,,True,3.2
472,32.934801,-117.16376,1400.1,56.6,2.6,158,81,288,,True,5.0
473,32.934789,-117.163784,1402.6,56.8,2.5,157,82,286,,True,5.0
474,32.934781,-117.163814,1405.3,56.8,2.52,157,82,287,,True,4.0
475,32.934784,-117.163837,1407.6,57.0,2.4,157,80,288,,True,1.9
476,32.934774,-117.163864,1410.2,57.0,2.42,157,80,289,,True,2.0
477,32.934773,-117.163897,1413.0,57.0,2.58,158,81,291,,True,0.0
478,32.934775,-117.163919,1415.5,57.0,2.58,158,81,291,,True,-1.9
479,32.934775,-117.163954,1418.4,57.0,2.62,158,81,291,,True,-1.9
480,32.934776,-117.163982,1421.0,56.8,2.68,158,81,290,,True,-3.7
481,32.934779,-117.164007,1423.6,56.8,2.68,158,81,288,,True,-3.7
482,32.934771,-117.164039,1426.3,56.6,2.66,158,81,285,,True,-1.9
483,32.934763,-117.164068,1429.1,56.6,2.72,159,81,285,,True,0.0
484,32.934763,-117.164089,1431.4,56.6,2.6,159,81,286,,True,1.9
485,32.934748,-117.164112,1434.0,56.8,2.6,160,81,287,,True,1.9
486,32.934736,-117.164143,1436.8,56.8,2.64,160,81,286,,True,0.0
487,32.934731,-117.164168,1439.6,56.8,2.66,160,80,285,,True,-3.6
488,32.934721,-117.1642,1442.6,56.6,2.7,160,79,282,,True,-5.4
489,32.934709,-117.164226,1445.2,56.4,2.76,159,79,279,,True,-7.1
490,32.9347,-117.164249,1448.0,56.2,2.8,159,79,277,,True,-5.5
491,32.934688,-117.16428,1450.9,56.0,2.82,159,79,276,,True,-1.8
492,32.934677,-117.164305,1453.6,56.0,2.8,159,81,273,,True,0.0
493,32.93467,-117.164329,1456.3,56.2,2.74,160,81,272,,True,3.7
494,32.934662,-117.164364,1459.1,56.2,2.78,161,81,272,,True,5.5
495,32.934661,-117.164388,1461.7,56.4,2.74,162,80,273,,True,3.5
496,32.934655,-117.164415,1464.6,56.6,2.74,162,80,274,,True,3.7
497,32.934653,-117.164451,1467.7,56.6,2.82,163,81,273,,True,1.8
498,32.934649,-117.164471,1469.9,56.6,2.72,163,81,274,,True,-1.8
499,32.934634,-117.164499,1472.7,56.6,2.72,163,81,273,,True,-1.9
500,32.934619,-117.16453,1475.7,56.4,2.8,163,81,272,,True,-1.8
501,32.934612,-117.164554,1478.5,56.4,2.78,163,81,271,,True,-3.6
502,32.934598,-117.164582,1481.3,56.4,2.72,162,81,270,,True,-1.9
503,32.934599,-117.164612,1483.9,56.2,2.8,162,81,270,,True,-1.8
504,32.93461,-117.164636,1486.3,56.2,2.72,162,80,271,,True,-3.7
505,32.93461,-117.164671,1489.6,56.2,2.78,162,80,271,,True,-1.8
506,32.934615,-117.164701,1492.2,56.0,2.74,162,81,271,,True,-1.7
507,32.93462,-117.164728,1494.8,56.0,2.7,162,81,269,,True,-1.7
508,32.934617,-117.16477,1498.3,56.0,2.88,162,81,269,,True,0.0
509,32.934612,-117.164801,1501.4,56.0,3.02,161,81,270,,True,0.0
510,32.93461,-117.164827,1504.1,56.0,2.9,162,81,269,,True,0.0
511,32.934598,-117.164859,1506.9,56.0,2.94,162,80,269,,True,-1.8
512,32.934585,-117.164887,1509.7,56.0,2.98,162,81,268,,True,-1.7
513,32.934581,-117.164913,1512.5,55.8,2.84,163,81,267,,True,-1.8
514,32.934569,-117.16495,1515.9,55.8,2.9,162,81,267,,True,-3.6
515,32.93456,-117.164972,1518.3,55.8,2.84,162,80,266,,True,-3.5
516,32.934544,-117.16499,1520.9,55.6,2.8,162,80,266,,True,-5.7
517,32.934515,-117.165005,1523.8,55.4,2.82,162,80,265,,True,-9.2
518,32.934495,-117.165023,1526.5,55.2,2.8,162,80,260,,True,-9.8
519,32.934478,-117.165043,1529.2,54.8,2.66,161,80,256,,True,-9.8
520,32.934456,-117.165077,1533.1,54.4,2.96,161,79,254,,True,-8.1
521,32.934439,-117.165101,1536.1,54.2,3.04,161,79,253,,True,-3.3
522,32.934429,-117.165121,1538.8,54.2,3.0,161,79,253,,True,0.0
523,32.934415,-117.165149,1541.3,54.4,2.96,161,79,252,,True,3.4
524,32.934413,-117.165168,1543.1,54.4,2.78,161,79,252,,True,1.7
525,32.934411,-117.165193,1545.0,54.6,2.38,161,80,250,,True,0.0
526,32.934408,-117.165228,1547.7,54.6,2.32,161,81,250,,True,0.0
527,32.934406,-117.165253,1550.5,54.4,2.34,161,81,250,,True,-1.9
528,32.934401,-117.165278,1552.8,54.4,2.3,161,81,251,,True,-3.7
529,32.934384,-117.165305,1555.7,54.4,2.52,161,80,251,,True,0.0
530,32.934369,-117.165328,1558.6,54.2,2.72,160,80,249,,True,0.0
531,32.934358,-117.165349,1561.7,54.4,2.8,160,80,249,,True,0.0
532,32.934337,-117.165378,1564.7,54.4,2.84,160,80,248,,True,3.4
533,32.934322,-117.165398,1567.2,54.4,2.88,160,80,247,,True,1.7
534,32.934302,-117.165417,1570.2,54.6,2.9,159,80,250,,True,1.7
535,32.934278,-117.16544,1573.4,54.6,2.96,159,80,251,,True,1.7
536,32.934259,-117.165464,1576.5,54.6,2.96,158,80,251,,True,-1.6
537,32.934248,-117.165491,1579.3,54.6,2.92,158,80,254,,True,-1.6
538,32.934229,-117.165528,1582.7,54.4,3.1,158,79,257,,True,-1.7
539,32.934222,-117.16555,1585.7,54.4,3.1,157,79,259,,True,0.0
540,32.934213,-117.165577,1588.1,54.4,2.94,157,79,263,,True,1.7
541,32.934209,-117.165613,1591.3,54.6,2.96,157,80,267,,True,1.8
542,32.934206,-117.16564,1594.2,54.6,2.98,157,81,270,,True,1.7
543,32.934199,-117.165669,1596.8,54.6,2.82,158,81,272,,True,0.0
544,32.934193,-117.165704,1599.9,54.6,2.84,158,81,273,,True,0.0
545,32.934189,-117.165731,1602.8,54.6,2.94,159,81,273,,True,0.0
546,32.934183,-117.165763,1605.6,54.6,2.86,159,81,274,,True,0.0
547,32.934184,-117.1658,1608.8,54.6,2.92,159,81,274,,True,0.0
548,32.934185,-117.165827,1611.8,54.6,3.0,159,81,275,,True,-1.6
549,32.934189,-117.16586,1614.7,54.6,2.96,158,81,277,,True,-1.6
550,32.934191,-117.165895,1618.0,54.4,3.04,158,81,276,,True,-3.3
551,32.934195,-117.165922,1621.1,54.4,3.1,158,80,276,,True,-4.9
552,32.934199,-117.165955,1623.9,54.2,3.02,159,80,279,,True,-3.6
553,32.93421,-117.165988,1627.0,54.0,3.04,159,81,277,,True,-5.6
554,32.934218,-117.166006,1629.2,54.0,2.9,159,81,278,,True,-1.9
555,32.934235,-117.166035,1631.8,53.8,2.76,159,81,277,,True,0.0
556,32.934244,-117.166056,1634.2,54.0,2.62,159,80,274,,True,1.8
557,32.93425,-117.166086,1637.1,54.0,2.64,160,80,273,,True,5.2
558,32.934251,-117.166124,1640.3,54.2,2.66,160,80,273,,True,3.4
559,32.934253,-117.166152,1643.4,54.4,2.84,160,80,274,,True,1.7
560,32.934258,-117.166182,1646.1,54.4,2.86,160,80,276,,True,-1.7
561,32.934256,-117.166219,1649.1,54.2,2.98,160,81,276,,True,-5.2
562,32.934255,-117.166249,1652.1,54.0,3.0,160,81,277,,True,-5.1
563,32.934245,-117.166276,1654.9,53.8,2.92,160,80,278,,True,-3.5
564,32.934225,-117.166306,1657.8,53.8,2.88,160,80,279,,True,-1.7
565,32.934214,-117.166328,1660.6,53.8,2.9,160,81,277,,True,0.0
566,32.934196,-117.166356,1664.0,53.8,2.98,160,81,274,,True,0.0
567,32.934176,-117.166388,1667.3,53.8,3.04,161,81,271,,True,0.0
568,32.934171,-117.166409,1669.9,53.8,3.0,161,81,273,,True,1.9
569,32.934163,-117.166437,1672.6,53.8,2.96,161,81,274,,True,1.6
570,32.934175,-117.166461,1674.7,54.0,2.82,161,81,277,,True,3.2
571,32.934183,-117.166477,1676.5,54.0,2.5,161,81,278,,True,3.1
572,32.93419,-117.166513,1679.5,54.0,2.44,161,81,277,,True,1.9
573,32.934181,-117.166545,1682.3,54.2,2.48,161,80,276,,True,1.7
574,32.93417,-117.166571,1685.4,54.2,2.56,161,80,276,,True,1.8
575,32.934148,-117.166591,1688.3,54.2,2.72,161,80,276,,True,-1.8
576,32.934137,-117.166608,1690.5,54.2,2.8,160,80,274,,True,-1.9
577,32.934134,-117.166624,1691.9,54.0,2.48,160,81,272,,True,-3.9
578,32.934146,-117.166643,1693.6,54.0,2.26,160,81,271,,True,-5.2
579,32.934162,-117.166664,1695.7,54.0,2.06,159,81,273,,True,-4.0
580,32.934181,-117.166687,1698.6,53.8,2.06,159,81,271,,True,-5.5
581,32.934199,-117.16672,1702.0,53.6,2.3,159,80,267,,True,-3.4
582,32.934207,-117.166743,1704.6,53.4,2.54,159,78,268,,True,0.0
583,32.934212,-117.166772,1707.3,53.6,2.74,159,78,268,,True,2.0
584,32.934199,-117.166803,1709.9,53.8,2.84,159,80,270,,True,4.7
585,32.934195,-117.166824,1712.1,53.8,2.7,160,81,269,,True,3.9
586,32.934188,-117.166849,1714.5,54.0,2.5,159,82,267,,True,2.0
587,32.934176,-117.166882,1717.5,54.0,2.58,159,82,263,,True,0.0
588,32.934172,-117.166905,1719.9,54.0,2.52,160,80,264,,True,-1.8
589,32.934162,-117.166935,1722.7,53.8,2.56,159,80,262,,True,-1.8
590,32.934145,-117.166966,1725.8,53.8,2.74,159,80,261,,True,-1.8
591,32.934132,-117.166988,1728.5,53.8,2.8,160,80,260,,True,0.0
592,32.934113,-117.167005,1731.2,53.8,2.74,159,80,261,,True,0.0
593,32.934082,-117.167022,1734.4,53.8,2.9,159,80,259,,True,1.6
594,32.934062,-117.16703,1737.3,53.8,2.92,159,80,256,,True,1.6
595,32.934032,-117.167033,1740.8,54.0,3.0,160,80,255,,True,0.0
596,32.934004,-117.167039,1743.4,54.0,2.98,159,80,253,,True,0.0
597,32.933982,-117.167052,1745.8,53.8,2.92,159,80,254,,True,-1.8
598,32.933962,-117.167066,1748.7,53.8,2.86,160,80,254,,True,-1.7
599,32.933945,-117.167095,1751.8,53.8,2.9,160,80,255,,True,-1.7
600,32.933933,-117.167117,1754.9,53.8,2.82,161,80,258,,True,-1.7
601,32.933918,-117.167141,1757.6,53.6,2.84,161,81,258,,True,-1.8
602,32.933905,-117.167167,1760.4,53.6,2.92,161,81,263,,True,-1.9
603,32.933896,-117.167187,1762.9,53.6,2.84,162,81,264,,True,0.0
604,32.933877,-117.167211,1765.3,53.6,2.7,162,81,264,,True,1.7
605,32.933868,-117.167232,1767.8,53.6,2.58,162,81,263,,True,3.4
606,32.933857,-117.167252,1769.9,53.6,2.46,162,80,263,,True,5.2
607,32.933833,-117.16726,1772.0,53.8,2.32,162,80,263,,True,8.2
608,32.933807,-117.167268,1774.6,54.0,2.34,163,81,258,,True,7.9
609,32.933791,-117.167275,1776.9,54.2,2.32,163,81,258,,True,7.5
610,32.933782,-117.167276,1777.6,54.4,1.96,163,81,258,,False,3.7
611,32.933779,-117.16727,1777.9,54.4,1.6,163,80,255,,False,0.0
612,32.933795,-117.167269,1779.0,54.4,1.4,163,80,250,,True,-3.4
613,32.933813,-117.167265,1780.5,54.4,1.18,163,80,245,,True,-5.4
614,32.933828,-117.167253,1782.9,54.2,1.2,163,79,216,,True,-4.7
615,32.933848,-117.167229,1785.5,54.0,1.58,163,79,203,,True,-5.3
616,32.933866,-117.167201,1788.8,53.8,2.18,163,79,202,,True,-3.3
617,32.933882,-117.167181,1791.8,53.8,2.56,162,79,208,,True,-1.6
618,32.933904,-117.167147,1795.1,53.8,2.92,162,80,233,,True,0.0
619,32.933912,-117.167119,1798.1,53.8,3.04,161,80,266,,True,0.0
620,32.933925,-117.167086,1801.3,53.8,3.16,160,80,282,,True,-1.6
621,32.933944,-117.167059,1804.6,53.8,3.16,160,81,286,,True,-1.6
622,32.933959,-117.167036,1807.7,53.6,3.18,160,82,287,,True,-1.6
623,32.933979,-117.167018,1810.6,53.6,3.1,160,82,280,,True,-1.7
624,32.934008,-117.167011,1813.5,53.6,3.08,160,82,272,,True,0.0
625,32.934027,-117.167004,1816.1,53.6,2.96,160,81,265,,True,0.0
626,32.934053,-117.166993,1818.8,53.6,2.84,159,81,264,,True,0.0
627,32.934081,-117.166986,1821.6,53.6,2.78,158,81,258,,True,0.0
628,32.934105,-117.166982,1824.4,53.6,2.76,158,81,256,,True,0.0
629,32.934137,-117.166987,1827.6,53.6,2.82,158,81,255,,True,1.9
630,32.934157,-117.166989,1830.2,53.6,2.82,158,81,256,,True,4.7
631,32.934173,-117.166987,1832.2,53.8,2.68,159,80,259,,True,8.5
632,32.934193,-117.167003,1834.1,54.0,2.5,158,80,262,,True,12.2
633,32.934218,-117.167019,1837.1,54.2,2.54,158,81,261,,True,11.6
634,32.934233,-117.167027,1839.3,54.6,2.34,159,81,263,,True,11.8
635,32.934252,-117.16704,1841.7,55.0,2.3,159,81,268,,True,11.8
636,32.934266,-117.167073,1844.3,55.2,2.42,159,79,276,,True,7.3
637,32.934274,-117.167101,1847.3,55.4,2.64,159,78,281,,True,3.5
638,32.934267,-117.16713,1850.2,55.4,2.62,159,78,289,,True,0.0
639,32.934257,-117.167159,1853.2,55.4,2.78,159,78,294,,True,-1.7
640,32.934235,-117.167182,1856.1,55.2,2.88,160,77,297,,True,0.0
641,32.934221,-117.1672,1858.8,55.2,2.9,160,77,298,,True,0.0
642,32.934208,-117.167226,1861.5,55.4,2.84,160,77,297,,True,1.9
643,32.934195,-117.167249,1864.1,55.4,2.78,160,77,297,,True,3.7
644,32.934187,-117.167272,1866.6,55.4,2.68,159,78,297,,True,1.8
645,32.934173,-117.167306,1869.6,55.6,2.7,159,79,303,,True,3.5
646,32.934164,-117.167334,1872.7,55.6,2.78,160,79,308,,True,3.4
647,32.934153,-117.167357,1875.5,55.8,2.8,160,80,314,,True,1.7
648,32.934136,-117.167386,1878.4,55.8,2.86,161,80,321,,True,1.7
649,32.934127,-117.167412,1881.2,55.8,2.92,161,80,322,,True,0.0
650,32.934112,-117.167441,1884.4,55.8,2.96,161,80,321,,True,-1.7
651,32.9341,-117.167473,1887.6,55.8,2.98,162,80,318,,True,-1.7
652,32.93409,-117.167499,1890.3,55.6,2.96,162,80,314,,True,-3.4
653,32.934075,-117.167524,1893.3,55.6,2.98,162,81,313,,True,-3.5
654,32.934057,-117.16755,1896.2,55.4,3.0,163,81,309,,True,-1.7
655,32.934044,-117.167574,1898.9,55.4,2.9,163,81,305,,True,-1.8
656,32.934028,-117.167597,1902.0,55.4,2.88,163,80,303,,True,0.0
657,32.93401,-117.167622,1904.7,55.4,2.88,164,80,301,,True,0.0
658,32.933998,-117.167645,1907.5,55.4,2.84,164,80,300,,True,0.0
659,32.933981,-117.167669,1910.5,55.4,2.86,164,80,296,,True,0.0
660,32.933964,-117.167693,1913.3,55.4,2.88,164,80,290,,True,-1.9
661,32.933953,-117.167709,1915.4,55.4,2.68,163,81,284,,True,-1.6
662,32.933933,-117.16773,1918.1,55.2,2.68,164,81,279,,True,0.0
663,32.933919,-117.167746,1920.1,55.2,2.52,164,81,277,,True,0.0
664,32.933908,-117.167766,1922.7,55.2,2.44,163,81,276,,True,1.8
665,32.933893,-117.167785,1924.9,55.4,2.32,164,81,275,,True,3.3
666,32.933877,-117.167803,1926.9,55.4,2.3,164,80,276,,True,3.3
667,32.933864,-117.167819,1929.3,55.4,2.24,163,80,274,,True,2.0
668,32.933845,-117.167841,1932.3,55.6,2.44,163,81,270,,True,1.9
669,32.933829,-117.167863,1934.9,55.6,2.44,163,81,269,,True,1.8
670,32.933815,-117.167879,1937.2,55.6,2.46,163,80,268,,True,0.0
671,32.93379,-117.167902,1940.4,55.6,2.7,163,79,267,,True,-1.8
672,32.933762,-117.167911,1943.3,55.6,2.8,163,79,264,,True,-1.7
673,32.933744,-117.167924,1946.1,55.4,2.76,162,80,260,,True,-3.6
674,32.933729,-117.167955,1949.1,55.4,2.84,162,80,257,,True,-3.7
675,32.93372,-117.167981,1951.6,55.2,2.88,162,80,257,,True,-1.8
676,32.93371,-117.168002,1954.0,55.2,2.72,162,80,257,,True,-1.8
677,32.933697,-117.168037,1957.2,55.2,2.78,163,80,260,,True,0.0
678,32.933686,-117.168063,1960.3,55.2,2.84,163,80,260,,True,0.0
679,32.933671,-117.168092,1963.6,55.2,2.9,163,80,259,,True,-1.6
680,32.93365,-117.168126,1967.0,55.2,3.08,164,80,258,,True,-1.6
681,32.933641,-117.168151,1970.1,55.0,3.22,164,80,258,,True,-1.6
682,32.933626,-117.16818,1973.1,55.0,3.18,164,80,263,,True,-3.3
683,32.933606,-117.168212,1976.4,55.0,3.22,164,80,264,,True,-1.6
684,32.933597,-117.168236,1979.2,54.8,3.12,164,81,265,,True,-1.6
685,32.933577,-117.168259,1982.3,54.8,3.06,164,81,264,,True,-1.7
686,32.933552,-117.168282,1985.3,54.8,3.04,164,81,262,,True,-1.7
687,32.933539,-117.168299,1987.9,54.8,2.96,164,81,262,,True,-3.5
688,32.933516,-117.168317,1990.9,54.6,2.9,164,81,260,,True,-3.7
689,32.933489,-117.16833,1993.8,54.4,2.92,165,80,260,,True,-5.3
690,32.933473,-117.168343,1996.2,54.4,2.78,165,80,258,,True,-3.4
691,32.933447,-117.168358,1999.3,54.2,2.8,165,80,255,,True,-3.6
692,32.933421,-117.168375,2002.5,54.2,2.92,165,80,253,,True,-5.0
693,32.933406,-117.168392,2004.9,54.0,2.8,164,80,251,,True,-5.1
694,32.933379,-117.168408,2008.2,53.8,2.88,165,80,250,,True,-6.9
695,32.933356,-117.168427,2011.0,53.6,2.96,165,80,250,,True,-6.6
696,32.933338,-117.168443,2014.1,53.4,2.96,165,80,247,,True,-5.1
697,32.933315,-117.168463,2017.0,53.2,2.9,165,80,245,,True,-3.5
698,32.933293,-117.168483,2020.0,53.2,3.02,165,80,242,,True,-1.8
699,32.933279,-117.168502,2022.5,53.2,2.86,165,80,242,,True,0.0
700,32.93326,-117.168527,2025.2,53.2,2.84,165,80,241,,True,0.0
701,32.933251,-117.168549,2027.6,53.2,2.7,165,80,242,,True,0.0
702,32.933235,-117.168572,2030.5,53.2,2.7,165,80,244,,True,1.7
703,32.933214,-117.168601,2033.7,53.2,2.74,165,80,246,,True,3.3
704,32.933197,-117.168624,2036.8,53.4,2.86,164,80,248,,True,3.3
705,32.93318,-117.168642,2039.7,53.6,2.9,165,80,251,,True,3.4
706,32.933155,-117.168667,2042.8,53.6,3.04,165,80,253,,True,1.8
707,32.933141,-117.168683,2045.4,53.6,2.98,164,80,257,,True,0.0
708,32.933123,-117.168697,2047.9,53.6,2.84,164,81,258,,True,0.0
709,32.933099,-117.168715,2050.6,53.6,2.76,164,80,259,,True,2.0
710,32.933086,-117.168733,2052.9,53.6,2.64,164,80,259,,True,1.7
711,32.933074,-117.168749,2055.4,53.8,2.52,164,80,262,,True,1.8
712,32.93306,-117.168774,2057.5,53.8,2.42,164,80,263,,True,1.8
713,32.933052,-117.168792,2059.6,53.8,2.34,163,80,265,,True,1.9
714,32.933045,-117.16881,2061.7,53.8,2.22,163,79,266,,True,1.9
715,32.933031,-117.168834,2064.0,53.8,2.22,163,79,264,,True,3.6
716,32.933024,-117.168853,2066.0,54.0,2.12,163,79,265,,True,5.6
717,32.933013,-117.16887,2068.3,54.0,2.16,163,79,265,,True,7.1
718,32.932998,-117.168892,2070.7,54.2,2.22,163,79,260,,True,7.0
719,32.932984,-117.168909,2072.5,54.4,2.16,163,80,248,,True,7.3
720,32.932973,-117.168924,2075.2,54.6,2.24,162,80,248,,True,5.6
721,32.932955,-117.168946,2077.5,54.8,2.3,162,80,250,,True,3.4
722,32.932946,-117.168964,2079.2,54.8,2.18,162,80,251,,True,1.8
723,32.932938,-117.168982,2081.4,54.8,2.14,161,79,254,,True,0.0
724,32.932919,-117.169008,2084.2,54.8,2.34,161,79,241,,True,0.0
725,32.932905,-117.169028,2086.6,54.8,2.28,161,80,242,,True,0.0
726,32.932892,-117.169046,2089.1,54.8,2.32,161,80,257,,True,0.0
727,32.932874,-117.16906,2091.5,54.8,2.46,161,80,257,,True,0.0
728,32.932866,-117.16908,2093.3,54.8,2.38,161,80,262,,True,1.7
729,32.932855,-117.169103,2096.1,54.8,2.38,162,80,260,,True,3.2
730,32.93283,-117.169128,2099.0,54.8,2.48,162,80,252,,True,3.7
731,32.932822,-117.169143,2101.2,55.0,2.42,162,80,253,,True,5.7
732,32.932804,-117.169162,2104.1,55.2,2.52,161,80,264,,True,4.9
733,32.932783,-117.169182,2106.6,55.4,2.66,162,81,270,,True,4.0
734,32.93277,-117.169195,2108.7,55.4,2.52,162,81,274,,True,3.3
735,32.932755,-117.169212,2111.2,55.4,2.44,162,81,275,,True,1.6
736,32.932733,-117.169229,2113.9,55.6,2.54,162,80,274,,True,1.9
737,32.932718,-117.169246,2116.3,55.6,2.44,162,80,274,,True,3.7
738,32.932697,-117.169271,2119.4,55.6,2.56,162,80,276,,True,1.9
739,32.932683,-117.169289,2122.0,55.8,2.66,161,81,278,,True,1.8
740,32.932666,-117.169306,2124.5,55.8,2.66,161,81,279,,True,1.9
741,32.932639,-117.169327,2127.5,55.8,2.72,160,81,279,,True,0.0
742,32.932624,-117.169343,2130.1,55.8,2.76,160,81,279,,True,-1.8
743,32.932606,-117.169357,2132.6,55.8,2.64,160,81,287,,True,-1.8
744,32.932578,-117.169377,2135.8,55.6,2.76,161,80,281,,True,-1.8
745,32.932562,-117.169391,2138.4,55.6,2.78,161,80,275,,True,-3.3
746,32.932539,-117.169404,2141.3,55.6,2.76,161,80,272,,True,-1.7
747,32.932508,-117.169423,2144.8,55.4,2.94,161,80,263,,True,-3.2
748,32.932486,-117.169435,2147.9,55.4,3.06,162,81,256,,True,-4.7
749,32.932463,-117.169445,2150.8,55.2,3.0,162,81,259,,True,-6.6
750,32.932433,-117.169463,2154.1,55.0,3.14,162,81,255,,True,-10.3
751,32.932413,-117.169477,2157.0,54.6,3.14,162,80,253,,True,-12.0
752,32.932391,-117.169491,2159.5,54.2,2.94,162,80,255,,True,-10.4
753,32.932368,-117.169515,2162.5,53.8,2.92,162,80,251,,True,-6.9
754,32.932353,-117.169538,2165.6,53.8,2.96,162,81,249,,True,-3.3
755,32.932332,-117.169562,2168.6,53.8,2.9,162,81,249,,True,1.6
756,32.932309,-117.169582,2171.7,53.8,2.94,162,81,251,,True,1.7
757,32.932292,-117.169603,2174.7,54.0,3.04,163,81,251,,True,0.0
758,32.932272,-117.169628,2177.7,54.0,3.04,163,81,251,,True,-1.7
759,32.932252,-117.169647,2180.6,53.8,3.0,163,81,251,,True,-5.1
760,32.932236,-117.169665,2183.3,53.6,2.94,163,81,248,,True,-7.0
761,32.932216,-117.169693,2186.5,53.4,2.96,164,81,246,,True,-5.2
762,32.9322,-117.169714,2189.2,53.2,2.9,163,81,242,,True,-3.4
763,32.932183,-117.169733,2192.1,53.2,2.88,163,81,241,,True,-1.8
764,32.932161,-117.169759,2195.2,53.2,2.92,163,81,240,,True,-1.8
765,32.932152,-117.169777,2197.4,53.2,2.82,163,81,238,,True,0.0
766,32.932136,-117.169798,2200.2,53.0,2.74,162,80,236,,True,0.0
767,32.932115,-117.169828,2203.4,53.2,2.84,161,80,235,,True,0.0
768,32.932106,-117.169849,2205.9,53.2,2.76,161,80,235,,True,3.4
769,32.932088,-117.169873,2208.8,53.2,2.72,160,81,237,,True,1.8
770,32.932069,-117.169901,2211.9,53.4,2.9,159,81,238,,True,3.4
771,32.932059,-117.169923,2214.4,53.4,2.84,159,81,240,,True,3.4
772,32.932038,-117.16995,2217.6,53.6,2.84,158,81,242,,True,0.0
773,32.93202,-117.169975,2220.7,53.6,2.96,158,81,245,,True,0.0
774,32.932007,-117.169999,2223.6,53.4,2.96,158,81,247,,True,-1.6
775,32.931986,-117.170029,2226.8,53.4,2.98,158,81,252,,True,-1.7
776,32.931967,-117.17005,2229.8,53.4,3.08,158,81,255,,True,1.6
777,32.931949,-117.170071,2232.8,53.4,3.04,159,81,258,,True,3.3
778,32.93192,-117.170096,2236.5,53.6,3.16,159,81,261,,True,3.5
779,32.931902,-117.170105,2238.8,53.8,3.04,159,81,263,,True,3.4
780,32.931879,-117.170106,2241.3,53.8,2.9,159,81,263,,True,0.0
781,32.931848,-117.170085,2244.7,53.8,2.98,159,82,258,,True,-5.0
782,32.931832,-117.170062,2247.7,53.6,2.98,159,82,253,,True,-7.6
783,32.931813,-117.170038,2250.8,53.2,2.86,159,81,252,,True,-10.4
784,32.931783,-117.170011,2254.5,52.8,3.14,159,80,251,,True,-11.3
785,32.931762,-117.169984,2258.1,52.4,3.36,158,78,253,,True,-9.6
786,32.931738,-117.169961,2261.8,52.0,3.42,158,78,253,,True,-9.7
787,32.931712,-117.169931,2265.4,51.8,3.54,158,79,256,,True,-8.2
788,32.931693,-117.169902,2269.0,51.4,3.64,158,79,260,,True,-6.7
789,32.931676,-117.169871,2272.8,51.2,3.66,158,80,262,,True,-6.7
790,32.931655,-117.16983,2276.7,51.0,3.72,159,80,296,,True,-6.6
791,32.931644,-117.169798,2280.3,50.8,3.7,159,81,297,,True,-6.8
792,32.931635,-117.169763,2284.2,50.4,3.76,160,81,287,,True,-7.1
793,32.931632,-117.169719,2287.6,50.2,3.72,160,81,291,,True,-6.1
794,32.931629,-117.169691,2290.7,50.0,3.58,160,81,255,,True,-3.4
795,32.93162,-117.169661,2293.4,50.0,3.34,160,81,249,,True,-1.9
796,32.931603,-117.16963,2296.0,50.0,3.14,160,81,235,,True,-1.7
797,32.931586,-117.16961,2298.4,50.0,2.84,159,81,222,,True,-3.6
798,32.931568,-117.169599,2300.5,50.0,2.58,159,81,215,,True,-5.1
799,32.931552,-117.169615,2302.3,49.8,2.32,159,81,212,,True,-6.7
800,32.931536,-117.169637,2304.6,49.6,2.24,158,80,206,,True,-8.1
801,32.931518,-117.169659,2307.7,49.4,2.34,158,79,204,,True,-7.5
802,32.931504,-117.169684,2310.4,49.2,2.4,158,79,210,,True,-7.1
803,32.931495,-117.169707,2312.9,49.0,2.48,157,80,221,,True,-5.1
804,32.931476,-117.169732,2315.9,48.8,2.72,157,80,224,,True,-1.7
805,32.931453,-117.169762,2319.5,48.8,2.98,156,79,230,,True,0.0
806,32.931442,-117.169783,2322.3,49.0,2.92,156,79,238,,True,1.6
807,32.931423,-117.169812,2325.4,49.0,3.0,157,79,247,,True,1.7
808,32.931411,-117.169841,2328.5,49.0,3.12,157,79,249,,True,0.0
809,32.931397,-117.169864,2331.4,49.0,3.1,157,80,252,,True,0.0
810,32.931378,-117.169888,2334.2,49.0,2.94,158,80,255,,True,1.7
811,32.931358,-117.169916,2337.1,49.0,2.96,158,81,254,,True,1.6
812,32.931347,-117.169939,2340.3,49.2,2.98,157,81,257,,True,1.6
813,32.931328,-117.169969,2343.7,49.2,3.04,157,81,260,,True,1.5
814,32.931308,-117.169997,2346.7,49.2,3.06,157,80,265,,True,0.0
815,32.931293,-117.170025,2350.2,49.2,3.2,158,80,276,,True,-1.6
816,32.931275,-117.170054,2353.2,49.2,3.22,158,79,280,,True,-1.5
817,32.93126,-117.170083,2356.3,49.0,3.2,158,79,288,,True,0.0
818,32.931246,-117.170107,2359.8,49.0,3.22,158,80,288,,True,0.0
819,32.931224,-117.170135,2362.9,49.2,3.24,158,80,290,,True,1.7
820,32.931212,-117.170159,2365.8,49.2,3.12,159,80,294,,True,0.0
821,32.931199,-117.17018,2368.4,49.2,3.04,160,80,293,,True,-1.8
822,32.931184,-117.170209,2371.2,49.0,2.98,160,81,293,,True,-1.8
823,32.93117,-117.170231,2373.8,49.0,2.8,160,81,290,,True,-1.8
824,32.931158,-117.170252,2376.8,49.0,2.78,160,81,290,,True,0.0
825,32.931131,-117.170278,2379.8,49.0,2.8,160,81,289,,True,0.0
826,32.931118,-117.170299,2382.3,49.0,2.78,160,81,290,,True,0.0
827,32.931101,-117.170322,2385.8,49.0,2.92,160,81,290,,True,-1.8
828,32.931083,-117.170351,2388.6,49.0,2.96,160,80,290,,True,-1.7
829,32.931074,-117.170372,2391.0,48.8,2.84,161,80,287,,True,-3.5
830,32.931056,-117.170399,2394.3,48.8,2.9,163,80,287,,True,-3.6
831,32.931043,-117.170429,2397.2,48.6,2.98,163,81,285,,True,-1.8
832,32.931033,-117.17045,2399.7,48.6,2.78,162,81,286,,True,-1.9
833,32.931021,-117.170471,2402.4,48.6,2.76,162,80,290,,True,0.0
834,32.930996,-117.17049,2405.1,48.6,2.82,162,80,290,,True,0.0
835,32.930983,-117.170507,2407.5,48.6,2.64,162,80,288,,True,0.0
836,32.930967,-117.170529,2410.1,48.6,2.58,162,80,286,,True,0.0
837,32.930943,-117.170552,2413.2,48.6,2.7,162,80,282,,True,0.0
838,32.930933,-117.170572,2415.8,48.6,2.68,163,80,279,,True,0.0
839,32.930921,-117.170601,2418.6,48.6,2.7,163,80,279,,True,0.0
840,32.930908,-117.170632,2421.6,48.6,2.82,163,80,280,,True,0.0
841,32.930902,-117.170655,2424.4,48.6,2.86,163,80,281,,True,0.0
842,32.930896,-117.170683,2427.1,48.6,2.78,163,80,283,,True,1.6
843,32.93089,-117.170708,2429.6,48.6,2.76,163,80,285,,True,1.6
844,32.930886,-117.170727,2431.5,48.8,2.58,163,80,286,,True,2.0
845,32.930862,-117.170746,2434.1,48.8,2.5,163,80,284,,True,0.0
846,32.930835,-117.17076,2437.1,48.8,2.54,163,80,278,,True,-1.8
847,32.930822,-117.170775,2439.5,48.6,2.48,163,80,273,,True,-3.7
848,32.930804,-117.170803,2442.4,48.6,2.56,163,80,270,,True,-5.6
849,32.930797,-117.170828,2444.9,48.4,2.68,162,80,268,,True,-1.8
850,32.930786,-117.170851,2447.9,48.2,2.76,161,80,269,,True,-1.9
851,32.930762,-117.170869,2450.5,48.4,2.68,160,80,268,,True,0.0
852,32.930741,-117.170873,2452.9,48.4,2.68,160,80,268,,True,1.9
853,32.930718,-117.170874,2455.4,48.4,2.6,160,81,265,,True,0.0
854,32.930689,-117.170878,2458.4,48.4,2.7,160,81,261,,True,1.6
855,32.930671,-117.17089,2460.7,48.4,2.56,160,81,258,,True,1.6
856,32.930659,-117.170904,2462.8,48.4,2.46,161,81,259,,True,0.0
857,32.930634,-117.170925,2465.3,48.6,2.48,161,81,259,,True,0.0
858,32.930612,-117.170938,2468.1,48.6,2.54,161,80,260,,True,0.0
859,32.930598,-117.170953,2470.5,48.4,2.42,160,80,260,,True,-1.8
860,32.930585,-117.170986,2473.6,48.4,2.58,160,80,259,,True,-1.8
861,32.930577,-117.171012,2476.2,48.4,2.68,160,80,261,,True,0.0
862,32.930567,-117.171039,2479.2,48.4,2.78,160,80,262,,True,0.0
863,32.930551,-117.171074,2482.5,48.4,2.88,159,80,264,,True,0.0
864,32.930544,-117.171097,2485.1,48.4,2.92,159,80,266,,True,0.0
865,32.930531,-117.171124,2488.2,48.4,2.92,159,80,268,,True,0.0
866,32.93052,-117.171158,2491.2,48.4,3.0,159,80,269,,True,0.0
867,32.930511,-117.171182,2493.7,48.4,2.9,159,81,268,,True,0.0
868,32.930498,-117.171206,2496.9,48.4,2.88,159,81,269,,True,0.0
869,32.930484,-117.171237,2499.6,48.4,2.9,159,81,270,,True,-1.8
870,32.930477,-117.17126,2502.2,48.4,2.8,160,80,269,,True,-1.8
871,32.930462,-117.171282,2504.7,48.2,2.7,160,80,267,,True,-1.8
872,32.930441,-117.171313,2507.8,48.2,2.82,160,80,265,,True,-1.8
873,32.930432,-117.171338,2510.6,48.2,2.74,160,80,265,,True,0.0
874,32.930414,-117.171357,2513.5,48.2,2.78,161,80,265,,True,0.0
875,32.93039,-117.171384,2516.9,48.2,2.94,161,80,264,,True,0.0
876,32.93038,-117.171403,2519.3,48.2,2.92,161,80,263,,True,-1.8
877,32.930366,-117.171429,2522.1,48.2,2.86,161,80,264,,True,-1.9
878,32.93035,-117.171457,2524.8,48.0,2.84,161,80,263,,True,-3.8
879,32.930341,-117.171479,2527.4,48.0,2.78,160,80,262,,True,-3.8
880,32.930333,-117.171501,2529.7,47.8,2.56,160,80,263,,True,-1.9
881,32.93032,-117.171532,2532.6,47.8,2.66,160,80,262,,True,-2.0
882,32.930314,-117.171555,2535.1,47.8,2.6,159,79,264,,True,0.0
883,32.930309,-117.171578,2537.4,47.8,2.52,159,79,265,,True,0.0
884,32.930304,-117.171608,2539.9,47.8,2.5,159,78,265,,True,0.0
885,32.930302,-117.171629,2541.9,47.8,2.44,158,78,264,,True,0.0
886,32.930298,-117.171651,2544.2,47.8,2.32,158,78,266,,True,1.7
887,32.930288,-117.171683,2546.8,47.8,2.34,158,79,266,,True,1.6
888,32.930282,-117.171706,2549.2,47.8,2.36,158,80,264,,True,2.0
889,32.930277,-117.171729,2551.8,48.0,2.38,158,80,264,,True,0.0
890,32.930278,-117.171764,2554.4,48.0,2.5,159,79,265,,True,2.0
891,32.930281,-117.171788,2557.0,47.8,2.56,159,79,265,,True,2.0
892,32.930278,-117.171815,2559.3,48.0,2.5,159,79,267,,True,1.6
893,32.930273,-117.171844,2562.0,48.2,2.56,159,79,270,,True,3.9
894,32.930274,-117.171866,2564.3,48.2,2.5,159,79,269,,True,1.8
895,32.93027,-117.171896,2567.2,48.2,2.56,159,79,269,,True,-1.8
896,32.930271,-117.171929,2570.2,48.2,2.64,160,79,269,,True,-3.4
897,32.93027,-117.171955,2573.1,48.0,2.76,160,80,265,,True,-5.4
898,32.930268,-117.171984,2576.0,47.8,2.8,160,80,265,,True,-5.9
899,32.930264,-117.172011,2578.3,47.6,2.8,160,80,266,,True,-3.7
900,32.93026,-117.17203,2580.3,47.6,2.62,160,80,266,,True,-1.9
901,32.930256,-117.17205,2581.9,47.6,2.34,160,80,263,,True,1.9
902,32.930251,-117.172076,2584.0,47.6,2.18,160,80,261,,True,0.0
903,32.930242,-117.172102,2586.6,47.6,2.12,161,80,258,,True,0.0
904,32.930233,-117.172121,2588.8,47.8,2.1,161,80,256,,True,1.7
905,32.930223,-117.172148,2591.2,47.6,2.18,161,80,256,,True,1.6
906,32.930215,-117.172172,2593.8,47.6,2.38,161,79,255,,True,0.0
907,32.930206,-117.172193,2596.1,47.8,2.42,161,79,254,,True,3.9
908,32.930197,-117.172225,2598.8,47.8,2.44,161,80,254,,True,3.3
909,32.930194,-117.172249,2601.4,48.0,2.52,161,80,254,,True,1.7
910,32.930189,-117.172269,2603.4,48.0,2.44,161,80,255,,True,1.8
911,32.930179,-117.172295,2605.9,48.0,2.42,160,79,254,,True,0.0
912,32.930173,-117.172313,2607.8,48.0,2.34,161,79,254,,True,0.0
913,32.930163,-117.172332,2609.9,48.0,2.22,161,80,254,,True,0.0
914,32.93015,-117.172356,2612.4,48.0,2.2,161,80,252,,True,0.0
915,32.930138,-117.172379,2614.6,48.0,2.24,161,79,252,,True,0.0
916,32.930125,-117.172398,2617.1,48.0,2.24,161,79,253,,True,0.0
917,32.93011,-117.172425,2620.0,48.0,2.44,161,79,251,,True,1.9
918,32.930098,-117.172444,2622.5,48.0,2.52,161,79,251,,True,1.8
919,32.930087,-117.172465,2624.9,48.2,2.5,160,78,251,,True,2.0
920,32.930072,-117.172492,2628.0,48.2,2.68,160,78,251,,True,2.0
921,32.930059,-117.172512,2630.0,48.2,2.58,159,79,252,,True,1.9
922,32.93005,-117.172532,2632.5,48.2,2.5,159,79,253,,True,3.4
923,32.930036,-117.172557,2635.2,48.4,2.54,159,79,253,,True,3.3
924,32.930027,-117.17258,2637.5,48.4,2.52,159,79,254,,True,4.8
925,32.930018,-117.172599,2639.9,48.6,2.38,159,79,254,,True,3.2
926,32.930009,-117.172622,2642.3,48.6,2.46,159,79,255,,True,3.9
927,32.929994,-117.172649,2645.0,48.8,2.5,159,80,257,,True,0.0
928,32.929983,-117.172666,2647.7,48.8,2.5,160,79,257,,True,0.0
929,32.929967,-117.172692,2650.5,48.6,2.6,159,78,258,,True,-1.9
930,32.929949,-117.172715,2653.0,48.6,2.62,159,78,259,,True,-1.8
931,32.929938,-117.172735,2655.7,48.6,2.68,159,79,258,,True,1.8
932,32.929919,-117.17276,2658.9,48.6,2.78,159,79,258,,True,1.7
933,32.929897,-117.172786,2661.8,48.8,2.82,159,79,259,,True,0.0
934,32.929887,-117.172807,2664.7,48.8,2.84,158,79,260,,True,0.0
935,32.929871,-117.172836,2668.1,48.6,3.02,158,79,260,,True,-1.8
936,32.929852,-117.172858,2670.5,48.6,2.96,158,80,261,,True,-3.4
937,32.929838,-117.172879,2673.2,48.6,2.86,158,80,259,,True,-1.9
938,32.929822,-117.172902,2676.3,48.4,2.9,158,80,258,,True,-1.8
939,32.929803,-117.172923,2678.8,48.4,2.82,157,80,257,,True,-1.7
940,32.929788,-117.172944,2681.5,48.4,2.68,158,80,255,,True,0.0
941,32.929766,-117.172971,2685.0,48.4,2.9,158,80,255,,True,0.0
942,32.929744,-117.172991,2688.0,48.4,2.96,157,79,256,,True,0.0
943,32.929732,-117.17301,2690.4,48.4,2.82,158,79,258,,True,0.0
944,32.92971,-117.173039,2693.5,48.4,2.94,158,80,256,,True,-1.8
945,32.929695,-117.173065,2696.4,48.4,2.98,158,80,254,,True,-3.2
946,32.929682,-117.173088,2699.4,48.2,2.88,158,80,255,,True,-3.4
947,32.929669,-117.173122,2702.9,48.0,2.98,157,80,254,,True,-5.2
948,32.929657,-117.173146,2705.4,48.0,3.0,158,80,254,,True,-3.6
949,32.929648,-117.173168,2707.9,47.8,2.88,158,80,253,,True,0.0
950,32.929637,-117.173198,2710.6,47.8,2.84,158,80,253,,True,0.0
951,32.929627,-117.173226,2713.2,48.0,2.76,158,80,254,,True,1.7
952,32.929617,-117.173251,2716.3,48.0,2.68,158,80,253,,True,1.7
953,32.929604,-117.173287,2719.8,48.0,2.88,158,80,253,,True,0.0
954,32.929592,-117.173313,2722.4,48.0,2.9,157,80,254,,True,-1.6
955,32.929579,-117.173341,2725.5,48.0,2.98,157,80,257,,True,-3.3
956,32.92956,-117.173377,2729.1,47.8,3.18,158,81,255,,True,-3.1
957,32.929547,-117.173401,2732.0,47.6,3.14,158,81,255,,True,-3.1
958,32.929531,-117.173426,2735.2,47.6,3.08,158,81,258,,True,-3.3
959,32.929514,-117.173457,2738.4,47.6,3.2,158,81,255,,True,-1.7
960,32.929506,-117.173481,2741.1,47.4,3.12,158,81,257,,True,-1.8
961,32.929492,-117.173506,2744.0,47.4,2.98,158,81,258,,True,-1.9
962,32.929475,-117.17353,2746.5,47.4,2.9,158,81,256,,True,-1.8
963,32.929466,-117.173549,2748.7,47.4,2.7,159,80,256,,True,-1.8
964,32.929447,-117.173578,2752.0,47.2,2.72,159,80,255,,True,-1.8
965,32.929428,-117.173604,2755.1,47.2,2.8,159,80,254,,True,0.0
966,32.929416,-117.173623,2757.6,47.2,2.72,159,80,253,,True,1.8
967,32.929393,-117.173643,2760.8,47.4,2.86,159,81,253,,True,3.9
968,32.92938,-117.173661,2763.0,47.4,2.86,160,81,253,,True,3.6
969,32.929368,-117.173681,2765.4,47.6,2.68,160,81,254,,True,1.9
970,32.929349,-117.173713,2768.6,47.6,2.7,160,81,254,,True,0.0
971,32.929328,-117.173734,2771.4,47.6,2.76,160,81,252,,True,-1.7
972,32.929314,-117.173751,2774.0,47.4,2.64,160,80,252,,True,-1.7
973,32.929289,-117.173781,2777.5,47.4,2.9,160,80,250,,True,-1.7
974,32.929274,-117.173804,2780.5,47.4,3.02,160,80,249,,True,1.7
975,32.929259,-117.173823,2783.1,47.4,2.9,160,80,254,,True,3.7
976,32.929242,-117.173851,2785.8,47.6,2.88,160,80,258,,True,3.9
977,32.929235,-117.173873,2788.2,47.8,2.84,161,81,257,,True,3.8
978,32.929225,-117.173895,2790.8,47.8,2.66,160,81,258,,True,0.0
979,32.929223,-117.173929,2793.5,47.8,2.6,160,81,259,,True,-1.9
980,32.929223,-117.173952,2796.0,47.6,2.58,160,81,260,,True,-1.9
981,32.92921,-117.173978,2798.8,47.6,2.6,160,81,262,,True,-1.9
982,32.929203,-117.174011,2801.5,47.6,2.66,160,81,262,,True,-1.8
983,32.929202,-117.174035,2804.1,47.6,2.66,159,81,264,,True,-1.9
984,32.929197,-117.174064,2807.0,47.4,2.7,159,80,265,,True,-3.8
985,32.929196,-117.174097,2809.6,47.4,2.72,159,80,266,,True,-3.6
986,32.929202,-117.174121,2812.0,47.2,2.64,159,81,266,,True,-1.8
987,32.9292,-117.174155,2815.1,47.2,2.72,158,81,266,,True,-1.8
988,32.929195,-117.174186,2818.0,47.2,2.78,159,81,267,,True,0.0
989,32.929197,-117.174212,2820.6,47.2,2.72,159,81,267,,True,0.0
990,32.929194,-117.174245,2823.8,47.2,2.84,158,80,269,,True,0.0
991,32.929187,-117.17428,2827.0,47.2,3.0,158,80,273,,True,-1.7
992,32.92919,-117.174304,2829.6,47.2,2.9,158,80,273,,True,-3.4
993,32.92919,-117.174339,2832.5,47.0,2.9,158,80,273,,True,-1.8
994,32.929183,-117.174371,2835.6,46.8,3.0,157,80,273,,True,-1.7
995,32.929185,-117.174396,2838.4,47.0,2.92,157,80,273,,True,0.0
996,32.929182,-117.174434,2841.6,47.0,2.92,157,80,275,,True,3.4
997,32.929172,-117.174464,2844.5,47.0,2.98,157,80,276,,True,1.6
998,32.929168,-117.17449,2847.3,47.2,2.96,157,80,276,,True,1.7
999,32.929159,-117.174528,2850.7,47.2,3.02,157,81,275,,True,3.4
1000,32.929152,-117.174556,2853.7,47.2,3.06,158,81,271,,True,3.5
1001,32.929146,-117.174578,2856.2,47.4,2.92,158,81,274,,True,5.7
1002,32.929141,-117.17461,2858.7,47.6,2.84,157,81,275,,True,7.9
1003,32.929144,-117.174635,2861.2,47.8,2.78,158,81,276,,True,5.9
1004,32.92914,-117.174661,2863.8,48.0,2.62,158,80,277,,True,3.9
1005,32.929136,-117.174694,2866.3,48.0,2.52,158,80,280,,True,2.0
1006,32.929142,-117.174717,2868.9,48.0,2.54,157,81,278,,True,0.0
1007,32.929139,-117.174744,2871.4,48.0,2.54,158,81,282,,True,0.0
1008,32.929136,-117.174779,2874.2,48.0,2.6,158,81,285,,True,1.9
1009,32.929137,-117.1748,2876.7,48.0,2.58,158,80,285,,True,3.8
1010,32.929127,-117.174825,2879.3,48.2,2.6,158,80,290,,True,5.0
1011,32.929125,-117.174857,2881.8,48.4,2.58,158,80,293,,True,4.9
1012,32.929129,-117.174875,2883.8,48.4,2.48,158,80,294,,True,3.4
1013,32.929125,-117.174902,2886.1,48.6,2.38,158,80,295,,True,1.8
1014,32.929134,-117.174934,2888.9,48.6,2.44,159,80,294,,True,1.7
1015,32.929143,-117.174948,2890.9,48.6,2.32,158,80,291,,True,1.8
1016,32.929144,-117.174971,2893.0,48.6,2.24,158,79,294,,True,3.7
1017,32.929147,-117.175002,2895.5,48.6,2.34,158,79,293,,True,5.2
1018,32.929143,-117.175018,2897.2,48.8,2.22,158,79,293,,True,6.9
1019,32.929142,-117.175043,2899.8,49.0,2.18,158,79,296,,True,8.5
1020,32.929142,-117.175076,2902.4,49.2,2.3,159,79,303,,True,7.9
1021,32.929139,-117.175096,2904.6,49.4,2.32,161,79,309,,True,7.9
1022,32.929135,-117.175122,2907.3,49.6,2.36,162,79,316,,True,4.8
1023,32.929132,-117.175153,2909.9,49.8,2.54,163,79,320,,True,3.9
1024,32.929127,-117.175177,2912.2,49.8,2.48,163,79,322,,True,0.0
1025,32.929121,-117.1752,2914.9,49.8,2.5,163,79,323,,True,-3.3
1026,32.929111,-117.175232,2917.7,49.6,2.62,163,79,322,,True,-4.0
1027,32.929106,-117.175251,2919.8,49.6,2.5,164,79,316,,True,-1.7
1028,32.9291,-117.17527,2922.2,49.4,2.46,164,79,310,,True,0.0
1029,32.929084,-117.175295,2924.6,49.4,2.48,164,79,307,,True,1.6
1030,32.929074,-117.175314,2926.7,49.6,2.36,164,79,305,,True,3.3
1031,32.929061,-117.175333,2929.4,49.6,2.34,164,79,304,,True,3.3
1032,32.929043,-117.175356,2932.0,49.8,2.44,164,79,299,,True,2.0
1033,32.929027,-117.175372,2934.5,49.8,2.46,164,79,293,,True,3.9
1034,32.929014,-117.175388,2936.8,49.8,2.44,164,79,293,,True,2.0
1035,32.928994,-117.175414,2939.6,50.0,2.58,164,80,291,,True,1.6
1036,32.928977,-117.175432,2942.0,50.0,2.52,163,80,285,,True,2.0
1037,32.928966,-117.175446,2944.3,50.0,2.46,164,80,282,,True,0.0
1038,32.928946,-117.175471,2947.0,50.0,2.5,164,80,281,,True,0.0
1039,32.928936,-117.17549,2949.4,50.0,2.52,164,80,280,,True,0.0
1040,32.928922,-117.175508,2951.9,50.0,2.46,164,80,279,,True,0.0
1041,32.928901,-117.175533,2954.8,50.0,2.56,164,80,277,,True,0.0
1042,32.928883,-117.175545,2957.1,50.0,2.56,164,80,274,,True,1.9
1043,32.928868,-117.175561,2959.7,50.0,2.54,164,80,270,,True,1.9
1044,32.928847,-117.175588,2962.7,50.2,2.66,164,80,265,,True,0.0
1045,32.928833,-117.175606,2965.1,50.2,2.64,164,80,260,,True,0.0
1046,32.928822,-117.175623,2967.4,50.0,2.52,165,80,256,,True,-2.0
1047,32.928804,-117.175654,2970.4,50.0,2.66,164,80,254,,True,-3.9
1048,32.928791,-117.175674,2972.9,50.0,2.64,164,80,252,,True,0.0
1049,32.928781,-117.175695,2975.3,49.8,2.52,164,80,251,,True,0.0
1050,32.928767,-117.175723,2978.1,50.0,2.6,165,80,250,,True,0.0
1051,32.928755,-117.175745,2980.6,50.0,2.64,165,80,249,,True,3.7
1052,32.928746,-117.175766,2983.2,50.0,2.56,165,80,249,,True,1.9
1053,32.928734,-117.175798,2986.2,50.2,2.66,164,80,248,,True,1.9
1054,32.928724,-117.175816,2988.4,50.2,2.62,164,80,248,,True,1.8
1055,32.928713,-117.175838,2990.9,50.2,2.56,164,79,249,,True,0.0
1056,32.928696,-117.175869,2994.1,50.2,2.7,164,78,249,,True,-1.9
1057,32.928689,-117.175892,2996.7,50.2,2.7,163,78,249,,True,-1.9
1058,32.92868,-117.175911,2999.0,50.0,2.56,163,79,248,,True,-1.9
1059,32.928663,-117.17594,3001.6,50.0,2.64,163,80,247,,True,-1.9
1060,32.928649,-117.17596,3004.4,50.0,2.7,163,80,245,,True,-1.9
1061,32.928632,-117.17598,3007.2,50.0,2.62,163,80,244,,True,-3.8
1062,32.928618,-117.176007,3009.7,49.8,2.6,163,80,243,,True,-3.8
1063,32.928611,-117.17603,3012.1,49.6,2.62,162,80,242,,True,-5.6
1064,32.928593,-117.176053,3014.8,49.6,2.64,162,81,240,,True,-3.7
1065,32.92857,-117.176077,3017.9,49.4,2.7,161,81,239,,True,-1.7
1066,32.928559,-117.176097,3020.5,49.4,2.66,161,81,239,,True,-3.5
1067,32.928539,-117.176117,3023.6,49.4,2.78,161,81,239,,True,-3.6
1068,32.928517,-117.176139,3026.3,49.2,2.84,161,80,237,,True,-3.4
1069,32.928505,-117.176161,3029.1,49.0,2.86,162,80,237,,True,-5.1
1070,32.928487,-117.176186,3032.1,49.0,2.84,162,80,238,,True,-1.8
1071,32.928466,-117.176211,3035.3,48.8,2.96,162,79,238,,True,0.0
1072,32.928452,-117.176228,3037.7,49.0,2.82,162,79,238,,True,0.0
1073,32.928424,-117.176242,3040.9,49.0,2.92,162,80,239,,True,0.0
1074,32.928395,-117.17625,3043.9,49.0,2.96,162,80,237,,True,-1.7
1075,32.928373,-117.176264,3046.7,48.8,2.92,162,80,236,,True,-3.4
1076,32.92835,-117.17628,3049.6,48.8,2.86,161,80,235,,True,-5.3
1077,32.928324,-117.176295,3052.6,48.6,2.98,161,80,232,,True,-3.4
1078,32.928308,-117.176313,3055.3,48.4,2.88,161,81,231,,True,-3.5
1079,32.928285,-117.176342,3058.4,48.4,2.9,161,81,232,,True,-1.7
1080,32.928266,-117.176364,3061.1,48.4,2.88,161,81,233,,True,0.0
1081,32.928253,-117.176388,3064.1,48.4,2.9,161,81,236,,True,0.0
1082,32.928241,-117.176417,3067.0,48.4,2.88,161,81,237,,True,-1.8
1083,32.928229,-117.176442,3069.6,48.4,2.86,160,80,239,,True,-1.8
1084,32.928226,-117.176466,3072.3,48.2,2.78,160,80,241,,True,-3.6
1085,32.928219,-117.176501,3075.3,48.2,2.84,160,80,241,,True,-5.6
1086,32.928212,-117.17653,3078.0,48.0,2.78,160,80,241,,True,-5.4
1087,32.928208,-117.176553,3080.4,47.8,2.68,159,79,241,,True,-5.5
1088,32.9282,-117.17659,3083.5,47.6,2.78,160,79,242,,True,-3.6
1089,32.928203,-117.176619,3086.3,47.6,2.8,160,79,243,,True,-1.7
1090,32.928198,-117.176648,3089.2,47.6,2.78,160,79,243,,True,0.0
1091,32.92819,-117.176678,3092.1,47.6,2.82,160,80,243,,True,0.0
1092,32.928189,-117.176702,3094.6,47.6,2.84,160,81,244,,True,1.8
1093,32.92818,-117.176729,3097.3,47.6,2.76,160,81,245,,True,1.9
1094,32.92817,-117.176762,3100.3,47.8,2.8,160,81,247,,True,1.9
1095,32.928165,-117.176784,3102.6,47.8,2.68,159,81,248,,True,3.8
1096,32.928158,-117.176807,3105.0,47.8,2.58,160,81,252,,True,6.7
1097,32.928146,-117.176837,3107.8,48.0,2.64,161,81,257,,True,7.9
1098,32.928143,-117.176855,3109.9,48.4,2.52,161,81,261,,True,9.8
1099,32.928126,-117.176876,3112.3,48.6,2.4,161,80,262,,True,8.5
1100,32.928102,-117.176897,3115.2,48.8,2.52,160,80,262,,True,4.8
1101,32.928093,-117.176911,3117.2,49.0,2.44,160,80,264,,True,4.0
1102,32.928077,-117.176927,3119.5,49.0,2.34,160,80,264,,True,3.3
1103,32.928052,-117.176946,3122.4,49.0,2.5,160,79,265,,True,2.0
1104,32.928044,-117.176966,3124.7,49.0,2.48,160,79,268,,True,3.8
1105,32.928027,-117.176982,3127.2,49.2,2.4,161,79,270,,True,4.0
1106,32.928003,-117.177004,3130.1,49.4,2.58,161,79,271,,True,3.8
1107,32.927992,-117.177023,3132.5,49.4,2.6,162,79,273,,True,1.8
1108,32.92797,-117.177036,3135.1,49.4,2.54,162,79,273,,True,-1.9
1109,32.927937,-117.177046,3138.3,49.4,2.72,162,80,270,,True,-1.7
1110,32.927917,-117.177052,3140.9,49.2,2.74,163,80,268,,True,-1.6
1111,32.927889,-117.177053,3144.0,49.2,2.78,163,80,267,,True,-1.7
1112,32.927856,-117.177046,3147.3,49.2,2.96,163,80,266,,True,0.0
1113,32.927833,-117.177044,3150.4,49.2,3.06,163,81,264,,True,-1.5
1114,32.9278,-117.177045,3154.1,49.2,3.16,162,80,266,,True,-3.1
1115,32.927771,-117.177029,3157.4,49.0,3.3,163,80,267,,True,-4.7
1116,32.927751,-117.17702,3160.2,48.8,3.24,163,79,262,,True,-6.7
1117,32.927723,-117.177009,3163.2,48.6,3.18,163,79,258,,True,-7.0
1118,32.927696,-117.176998,3166.1,48.4,3.14,163,79,256,,True,-6.7
1119,32.927675,-117.176994,3168.8,48.2,2.94,162,79,251,,True,-6.8
1120,32.927647,-117.176986,3172.1,48.0,2.94,162,80,250,,True,-7.0
1121,32.927619,-117.17697,3175.0,47.8,2.96,162,81,246,,True,-5.0
1122,32.927599,-117.176961,3177.6,47.6,2.88,162,81,246,,True,-5.0
1123,32.927572,-117.176953,3180.9,47.6,2.96,162,79,245,,True,-5.0
1124,32.92754,-117.176943,3184.2,47.4,3.08,163,79,244,,True,-5.0
1125,32.927518,-117.176937,3187.0,47.2,2.98,162,79,243,,True,-7.0
1126,32.927498,-117.176938,3189.5,47.0,2.9,162,79,244,,True,-5.9
1127,32.927469,-117.176949,3192.3,46.8,2.94,163,79,243,,True,-5.9
1128,32.92745,-117.176953,3194.4,46.8,2.7,163,79,242,,True,-5.8
1129,32.92743,-117.176959,3197.1,46.6,2.58,163,78,241,,True,-4.9
1130,32.9274,-117.17697,3199.9,46.4,2.58,163,78,237,,True,-5.9
1131,32.92738,-117.176968,3202.2,46.4,2.54,164,79,233,,True,-5.8
1132,32.927359,-117.17697,3204.6,46.2,2.46,164,79,229,,True,-5.9
1133,32.927329,-117.176971,3207.4,46.0,2.6,165,79,225,,True,-5.5
1134,32.927305,-117.176977,3210.0,45.8,2.58,165,79,221,,True,-5.2
1135,32.927281,-117.176984,3213.1,45.8,2.64,165,79,219,,True,-3.5
1136,32.927253,-117.177,3216.2,45.6,2.8,165,79,219,,True,-1.8
1137,32.927239,-117.177014,3218.7,45.6,2.82,165,79,221,,True,0.0
1138,32.92722,-117.177034,3221.3,45.6,2.78,165,79,225,,True,1.9
1139,32.927202,-117.177059,3223.9,45.8,2.78,164,79,229,,True,3.7
1140,32.92719,-117.177082,3226.7,45.8,2.72,164,80,231,,True,3.7
1141,32.927177,-117.177102,3229.4,46.0,2.64,164,80,234,,True,1.9
1142,32.927155,-117.177128,3232.2,46.0,2.7,164,81,236,,True,2.0
1143,32.927149,-117.177149,3234.3,46.0,2.6,163,81,239,,True,1.7
1144,32.927139,-117.177173,3236.8,46.0,2.58,163,81,243,,True,3.4
1145,32.927133,-117.177201,3239.0,46.2,2.46,163,81,247,,True,3.4
1146,32.927123,-117.177219,3241.4,46.2,2.4,163,81,249,,True,1.8
1147,32.927113,-117.177238,3243.9,46.4,2.34,163,81,252,,True,-2.0
1148,32.927098,-117.177261,3246.0,46.4,2.34,162,81,252,,True,-4.3
1149,32.927098,-117.177279,3247.8,46.2,2.2,162,81,251,,True,-7.4
1150,32.927098,-117.177294,3249.1,46.0,2.02,161,81,250,,True,-16.3
1151,32.92709,-117.177313,3250.7,45.8,1.86,160,80,249,,True,-16.8
1152,32.927081,-117.177324,3252.2,45.4,1.66,160,80,248,,True,-24.7
1153,32.927069,-117.177321,3253.0,45.2,1.4,159,80,226,,False,-26.4
1154,32.927066,-117.177308,3253.7,44.8,1.18,159,80,203,,False,-29.9
1155,32.927064,-117.177296,3254.6,44.6,1.1,159,80,144,,True,-31.4
1156,32.927067,-117.17729,3255.1,44.2,0.88,160,80,140,,False,-37.4
1157,32.927061,-117.177288,3255.7,44.0,0.7,159,73,133,,False,-34.0
1158,32.927056,-117.177285,3256.6,43.6,0.72,159,73,120,,True,-32.3
1159,32.927047,-117.177286,3257.4,43.2,0.74,158,73,109,,False,-30.8
1160,32.927039,-117.177286,3258.5,43.0,0.78,157,73,92,,True,-28.6
1161,32.927034,-117.177288,3259.3,42.8,0.84,155,75,90,,False,-25.0
1162,32.92703,-117.177296,3259.8,42.4,0.82,154,75,82,,False,-26.0
1163,32.927023,-117.177297,3260.5,42.2,0.78,154,75,82,,False,-23.3
1164,32.927016,-117.177292,3261.3,42.2,0.78,153,75,77,,False,-23.8
1165,32.927007,-117.177288,3262.1,42.2,0.72,153,75,77,,False,-23.2
1166,32.927001,-117.177286,3262.6,42.2,0.66,153,75,78,,False,-24.0
1167,32.926994,-117.177282,3263.5,42.2,0.74,153,75,78,,True,-22.0
1168,32.92699,-117.177282,3264.1,42.2,0.72,153,75,78,,False,-27.0
1169,32.926988,-117.177279,3264.6,42.0,0.66,152,41,26,,False,-22.2
1170,32.926985,-117.177276,3264.9,41.8,0.56,152,41,26,,False,-20.8
1171,32.926983,-117.177274,3265.4,41.8,0.56,152,0,0,,False,-18.7
1172,32.926978,-117.177275,3265.8,41.6,0.46,151,0,0,,False,-13.3
1173,32.926974,-117.177277,3266.1,41.4,0.4,151,0,0,,False,-13.2
1174,32.926968,-117.177276,3266.6,41.2,0.4,150,59,60,,False,-15.0
1175,32.926964,-117.177277,3267.4,41.0,0.5,150,59,59,,False,-15.7
1176,32.926964,-117.177276,3267.4,40.8,0.4,149,59,58,,False,-16.5
1177,32.926963,-117.177277,3267.4,40.6,0.32,148,0,0,,False,-13.3
1178,32.926961,-117.177278,3267.5,40.6,0.28,147,0,0,,False,-11.2
1179,32.926953,-117.177277,3268.4,40.8,0.36,147,0,0,,True,-3.8
1180,32.926947,-117.177276,3269.1,40.8,0.34,146,0,0,,False,-4.0
1181,32.926938,-117.177274,3270.0,40.8,0.52,146,0,0,,True,1.9
1182,32.926929,-117.177272,3271.0,40.8,0.72,146,0,0,,True,10.0
1183,32.926918,-117.177268,3271.9,40.8,0.88,145,0,0,,True,17.0
1184,32.926907,-117.17726,3272.8,40.6,0.88,145,0,0,,True,23.3
1185,32.926909,-117.177258,3273.2,40.6,0.82,145,0,0,,True,25.2
1208,32.926888,-117.177234,3273.2,40.6,0.017,142,0,0,,False,27.5
1209,32.92688,-117.177231,3274.0,40.8,0.033,142,0,0,,True,29.4
1210,32.926874,-117.17723,3274.8,41.0,0.064,142,0,0,,True,31.7
1211,32.926865,-117.177228,3275.5,41.4,0.088,142,0,0,,True,33.3
1212,32.926858,-117.177228,3276.5,41.8,0.122,141,0,0,,True,36.9
1213,32.926856,-117.177229,3276.6,42.2,0.68,141,0,0,,False,42.7
1214,32.926852,-117.177232,3276.8,42.6,0.56,141,0,0,,True,47.2
1215,32.926853,-117.177232,3276.8,43.0,0.4,141,0,0,,False,49.0
1216,32.926843,-117.17723,3277.7,43.4,0.44,141,0,0,,True,45.3
1217,32.926833,-117.177229,3278.6,43.8,0.42,142,0,0,,True,43.9
1218,32.926832,-117.177227,3279.2,44.0,0.52,141,0,0,,True,43.0
1219,32.926818,-117.177226,3280.8,44.4,0.8,142,0,0,,True,38.9
1220,32.926812,-117.177226,3281.3,44.6,0.9,142,0,0,,True,32.7
1221,32.926813,-117.177223,3281.6,45.0,0.78,142,0,0,,False,27.7
1222,32.926808,-117.177217,3282.2,45.2,0.72,142,0,0,,True,25.0
1223,32.9268,-117.177202,3283.4,45.6,0.84,142,0,0,,True,24.6
1224,32.92679,-117.177191,3284.6,45.6,0.76,142,0,0,,True,24.3
1225,32.926785,-117.177173,3286.2,46.0,0.98,143,0,0,,True,20.6
1226,32.926773,-117.177158,3287.8,46.2,1.24,143,0,0,,True,16.8
1227,32.926765,-117.17715,3289.0,46.4,1.36,143,0,0,,True,15.9
1228,32.926757,-117.177135,3290.6,46.8,1.44,144,0,0,,True,14.7
1229,32.926767,-117.177114,3292.3,47.2,1.54,144,68,187,,True,14.0
1230,32.926772,-117.177095,3294.1,47.4,1.58,144,71,225,,True,12.9
1231,32.926771,-117.177078,3295.9,47.4,1.62,145,71,255,,True,14.5
1232,32.926765,-117.177067,3297.1,47.6,1.62,146,71,264,,True,13.6
1233,32.926759,-117.177062,3297.8,47.6,1.44,146,72,269,,True,12.1
1234,32.926752,-117.17706,3298.3,47.6,1.2,147,72,272,,False,13.3
1235,32.926745,-117.177059,3298.8,47.6,0.94,148,72,268,,True,17.1
1236,32.926731,-117.177051,3300.0,48.0,0.82,150,72,267,,True,16.8
1237,32.926726,-117.177048,3300.9,48.2,0.76,152,72,266,,True,18.0
1238,32.926719,-117.177039,3302.2,48.4,0.88,153,72,263,,True,19.4
1239,32.926713,-117.177016,3304.3,48.8,1.2,154,45,186,,True,19.0
1240,32.926713,-117.176992,3306.4,49.2,1.52,155,45,188,,True,16.0
1241,32.92671,-117.176978,3307.8,49.4,1.56,156,88,269,,True,13.6
1242,32.926705,-117.176974,3308.6,49.6,1.54,156,88,274,,True,13.6
1243,32.926699,-117.17697,3309.3,49.6,1.42,156,88,275,,True,14.8
1244,32.926695,-117.176963,3310.0,49.6,1.14,156,88,273,,True,15.1
1245,32.926684,-117.176951,3311.2,49.6,0.96,157,60,222,,True,15.5
1246,32.926678,-117.17694,3312.5,49.8,0.94,158,60,214,,True,13.1
1247,32.926671,-117.176926,3314.2,50.2,1.12,159,60,215,,True,13.0
1248,32.926669,-117.176916,3315.1,50.4,1.16,160,0,36,,True,13.9
1249,32.926666,-117.176909,3315.7,50.6,1.14,161,0,36,,True,14.8
1250,32.926661,-117.1769,3316.7,50.8,1.1,160,50,37,,True,17.2
1251,32.926652,-117.176891,3317.7,50.8,1.04,161,50,126,,True,17.5
1252,32.926645,-117.17689,3318.5,50.8,0.86,162,50,132,,True,16.4
1253,32.926637,-117.176888,3319.4,51.0,0.86,163,0,0,,True,15.4
1254,32.926624,-117.176886,3320.8,51.2,1.02,164,0,0,,True,13.9
1255,32.926605,-117.176883,3322.8,51.6,1.22,164,0,0,,True,13.6
1256,32.926591,-117.176882,3324.5,52.0,1.36,164,0,0,,True,12.8
1257,32.926577,-117.176878,3326.1,52.2,1.52,164,75,161,,True,10.3
1258,32.92656,-117.176872,3328.2,52.4,1.76,165,75,200,,True,6.8
1259,32.926541,-117.176859,3330.3,52.4,1.9,165,75,217,,True,1.8
1260,32.926525,-117.176849,3332.5,52.4,1.94,165,75,234,,True,-1.7
1261,32.926511,-117.176834,3334.6,52.4,2.02,165,76,246,,True,-3.3
1262,32.926488,-117.176813,3337.2,52.4,2.22,166,76,324,,True,-4.0
1263,32.926473,-117.176793,3340.0,52.2,2.36,166,76,336,,True,-7.5
1264,32.926459,-117.176775,3342.5,52.0,2.44,167,76,364,,True,-9.2
1265,32.926443,-117.17675,3345.3,51.6,2.56,167,77,367,,True,-11.0
1266,32.926432,-117.176716,3348.1,51.4,2.7,168,79,375,,True,-10.2
1267,32.926421,-117.176691,3350.9,51.0,2.74,168,79,366,,True,-8.5
1268,32.926417,-117.176654,3354.3,50.8,2.86,168,77,347,,True,-7.0
1269,32.926423,-117.176623,3357.0,50.6,2.9,168,77,343,,True,-5.3
1270,32.926426,-117.1766,3359.6,50.6,2.86,168,78,344,,True,-3.9
1271,32.926434,-117.176573,3362.3,50.4,2.84,167,79,335,,True,0.0
1272,32.926442,-117.176547,3364.6,50.4,2.74,167,79,318,,True,0.0
1273,32.926447,-117.176525,3366.9,50.4,2.52,168,80,303,,True,0.0
1274,32.926459,-117.176497,3369.6,50.6,2.52,168,80,287,,True,0.0
1275,32.926467,-117.176475,3371.9,50.6,2.46,168,80,275,,True,0.0
1276,32.926473,-117.176449,3374.8,50.4,2.5,168,81,265,,True,-1.9
1277,32.926482,-117.176415,3377.8,50.4,2.64,167,81,256,,True,-1.9
1278,32.926492,-117.176394,3380.1,50.4,2.64,167,81,250,,True,0.0
1279,32.926495,-117.176369,3382.6,50.4,2.6,167,81,246,,True,5.0
1280,32.926504,-117.176341,3385.2,50.4,2.66,167,81,246,,True,6.8
1281,32.926512,-117.176317,3387.5,50.6,2.54,167,80,249,,True,8.4
1282,32.926511,-117.176295,3389.7,51.0,2.38,167,79,252,,True,11.0
1283,32.926518,-117.176273,3391.9,51.2,2.36,167,79,253,,True,11.1
1284,32.926527,-117.176244,3394.5,51.4,2.38,167,80,251,,True,9.4
1285,32.926526,-117.176231,3396.1,51.6,2.18,167,80,251,,True,10.1
1286,32.926532,-117.176209,3398.3,51.8,2.16,166,78,252,,True,8.8
1287,32.926539,-117.176186,3400.3,52.0,2.12,166,77,243,,True,9.1
1288,32.926539,-117.176174,3401.8,52.2,1.98,166,77,246,,True,10.6
1289,32.926541,-117.176156,3403.3,52.2,1.76,166,78,248,,True,9.2
1290,32.92654,-117.176129,3405.5,52.4,1.88,166,79,241,,True,8.8
1291,32.926544,-117.176113,3407.4,52.8,1.82,166,79,245,,True,8.5
1292,32.926545,-117.176095,3409.2,52.8,1.78,166,79,250,,True,10.2
1293,32.92655,-117.176065,3411.6,53.0,1.96,166,78,256,,True,8.4
1294,32.926555,-117.176046,3413.6,53.2,2.06,165,78,261,,True,7.6
1295,32.926553,-117.176028,3415.3,53.4,1.96,165,78,265,,True,5.9
1296,32.926563,-117.176005,3417.4,53.4,2.0,165,78,265,,True,1.9
1297,32.926572,-117.175983,3419.7,53.6,2.1,165,77,262,,True,-1.8
1298,32.926574,-117.175964,3421.7,53.6,2.02,165,77,259,,True,-1.8
1299,32.926582,-117.175941,3423.9,53.4,2.06,165,77,257,,True,-5.0
1300,32.926594,-117.175916,3426.2,53.2,2.18,165,78,252,,True,-6.0
1301,32.926602,-117.175895,3428.7,53.2,2.26,166,78,245,,True,-7.6
1302,32.926621,-117.175876,3431.7,53.0,2.4,165,78,237,,True,-9.3
1303,32.926643,-117.17585,3434.4,52.6,2.54,165,78,226,,True,-12.5
1304,32.926645,-117.175827,3436.9,52.2,2.6,166,78,215,,True,-11.8
1305,32.926659,-117.175799,3439.9,51.8,2.74,165,78,204,,True,-13.4
1306,32.92668,-117.175761,3443.6,51.6,2.98,165,78,200,,True,-12.4
1307,32.926686,-117.17574,3446.3,51.0,2.92,165,79,199,,True,-13.1
1308,32.926707,-117.175705,3449.8,50.6,3.08,166,79,195,,True,-14.9
1309,32.926719,-117.175669,3453.6,50.0,3.34,165,79,196,,True,-11.0
1310,32.926728,-117.175638,3457.0,49.6,3.42,165,80,207,,True,-11.2
1311,32.926745,-117.175597,3460.9,49.4,3.46,165,81,201,,True,-8.5
1312,32.926756,-117.175571,3464.1,49.0,3.56,165,82,212,,True,-7.1
1313,32.926776,-117.175536,3467.7,48.8,3.58,165,82,221,,True,-7.6
1314,32.926789,-117.175504,3471.1,48.6,3.5,165,83,218,,True,-4.6
1315,32.926796,-117.175477,3474.1,48.4,3.42,166,83,229,,True,-4.9
1316,32.926806,-117.175438,3477.1,48.4,3.24,166,83,221,,True,-3.3
1317,32.926809,-117.175411,3479.9,48.2,3.16,166,83,192,,True,-1.6
1318,32.926818,-117.175383,3483.3,48.2,3.12,166,83,188,,True,-1.7
1319,32.926829,-117.175343,3486.4,48.2,3.06,166,82,193,,True,0.0
1320,32.926833,-117.175317,3489.2,48.2,3.02,165,81,200,,True,0.0
1321,32.926839,-117.175289,3492.2,48.2,3.02,165,81,207,,True,0.0
1322,32.926838,-117.175254,3495.1,48.2,3.04,165,81,203,,True,0.0
1323,32.92683,-117.175236,3497.2,48.2,2.78,165,81,203,,True,0.0
1324,32.926828,-117.175212,3499.3,48.2,2.58,165,81,205,,True,-1.7
1325,32.926821,-117.175179,3502.2,48.2,2.6,165,81,196,,True,-1.6
1326,32.926813,-117.175162,3504.2,48.0,2.4,164,81,197,,True,-1.9
1327,32.926808,-117.17513,3506.9,48.0,2.36,164,81,192,,True,-3.8
1328,32.926803,-117.1751,3509.9,48.0,2.54,164,81,197,,True,-1.7
1329,32.926795,-117.175073,3512.6,47.8,2.66,163,80,199,,True,-1.7
1330,32.926783,-117.175033,3516.1,47.8,2.78,163,80,205,,True,-1.7
1331,32.926773,-117.175011,3518.8,47.8,2.92,163,81,211,,True,0.0
1332,32.926764,-117.174983,3521.6,47.8,2.94,162,81,221,,True,1.7
1333,32.926752,-117.174948,3524.9,47.8,3.0,162,81,225,,True,3.5
1334,32.926747,-117.174922,3527.7,48.0,3.02,162,81,226,,True,5.0
1335,32.926743,-117.174897,3530.1,48.2,2.8,163,81,233,,True,7.0
1336,32.926738,-117.174854,3533.5,48.4,2.94,162,80,238,,True,7.3
1337,32.926724,-117.174834,3536.4,48.6,2.96,162,81,241,,True,6.9
1338,32.926719,-117.17481,3538.7,48.8,2.76,162,80,246,,True,5.6
1339,32.926713,-117.174775,3541.7,49.0,2.8,162,80,253,,True,3.8
1340,32.926705,-117.174754,3544.2,49.0,2.82,161,80,254,,True,3.8
1341,32.926699,-117.174725,3546.8,49.0,2.66,161,81,253,,True,1.9
1342,32.926711,-117.174699,3549.3,49.2,2.58,161,81,256,,True,0.0
1343,32.926715,-117.174671,3552.3,49.2,2.72,161,81,256,,True,-1.8
1344,32.926726,-117.17464,3555.2,49.0,2.7,161,81,255,,True,-5.1
1345,32.926741,-117.174614,3558.2,48.8,2.8,161,81,257,,True,-6.5
1346,32.926748,-117.174586,3561.1,48.6,2.86,161,81,259,,True,-6.3
1347,32.926765,-117.174548,3564.6,48.4,3.06,162,80,260,,True,-6.4
1348,32.926776,-117.174518,3567.8,48.2,3.1,162,80,260,,True,-4.6
1349,32.926784,-117.174491,3570.7,48.0,3.1,163,80,263,,True,-3.3
1350,32.926794,-117.17445,3574.1,48.0,3.18,163,80,262,,True,-1.7
1351,32.926794,-117.174429,3576.6,48.0,3.1,163,80,263,,True,0.0
1352,32.926801,-117.174401,3579.3,48.0,2.94,163,81,263,,True,0.0
1353,32.92682,-117.174367,3582.4,48.0,2.92,163,81,259,,True,0.0
1354,32.926827,-117.174348,3585.1,48.0,2.88,163,81,257,,True,-1.7
1355,32.926841,-117.174322,3587.9,48.0,2.76,164,81,257,,True,-3.6
1356,32.926856,-117.174287,3591.1,47.8,2.9,164,81,255,,True,-3.5
1357,32.926863,-117.174269,3593.6,47.6,2.86,164,81,252,,True,-5.2
1358,32.926877,-117.174243,3596.5,47.6,2.82,165,80,252,,True,-1.9
1359,32.926892,-117.174213,3599.5,47.4,2.88,165,80,251,,True,0.0
1360,32.926898,-117.174195,3601.6,47.6,2.74,165,80,250,,True,1.9
1361,32.926909,-117.174171,3604.3,47.6,2.64,165,80,250,,True,2.0
1362,32.926927,-117.174142,3607.1,47.8,2.7,165,80,248,,True,0.0
1363,32.926932,-117.17412,3609.5,47.6,2.6,165,80,246,,True,-1.9
1364,32.926946,-117.174097,3612.1,47.6,2.52,165,80,246,,True,-4.0
1365,32.926964,-117.17407,3614.9,47.4,2.66,165,80,245,,True,-1.9
1366,32.926967,-117.17405,3617.1,47.4,2.56,165,80,245,,True,0.0
1367,32.926978,-117.174019,3620.0,47.4,2.58,166,80,244,,True,1.9
1368,32.926995,-117.173991,3623.0,47.6,2.7,166,80,242,,True,1.7
1369,32.927002,-117.173969,3625.4,47.6,2.66,166,80,242,,True,1.8
1370,32.927022,-117.173939,3628.6,47.6,2.74,166,81,240,,True,0.0
1371,32.927038,-117.173922,3631.1,47.6,2.8,166,81,240,,True,0.0
1372,32.927052,-117.173904,3633.8,47.6,2.76,166,80,242,,True,0.0
1373,32.927078,-117.173882,3637.0,47.6,2.8,166,80,244,,True,0.0
1374,32.927098,-117.173868,3639.8,47.6,2.88,167,80,244,,True,-1.8
1375,32.927119,-117.173851,3642.4,47.6,2.76,167,81,243,,True,-3.8
1376,32.927144,-117.173842,3645.2,47.4,2.82,166,81,240,,True,-3.8
1377,32.927162,-117.173829,3647.5,47.2,2.74,166,81,239,,True,-3.8
1378,32.927188,-117.173818,3650.3,47.2,2.66,166,81,240,,True,-1.8
1379,32.927207,-117.173805,3653.0,47.2,2.64,165,81,240,,True,3.3
1380,32.927236,-117.173793,3656.4,47.2,2.8,165,81,242,,True,5.1
1381,32.927262,-117.173774,3659.6,47.6,2.88,165,81,244,,True,6.7
1382,32.927276,-117.173759,3662.1,47.8,2.92,165,84,242,,True,7.1
1383,32.927298,-117.173743,3664.9,48.0,2.92,164,85,242,,True,1.9
1384,32.927321,-117.173726,3667.6,48.0,2.92,164,85,243,,True,0.0
1385,32.927335,-117.173709,3670.2,47.8,2.76,164,80,249,,True,-1.7
1386,32.927359,-117.173678,3673.6,47.8,2.8,164,80,247,,True,-3.5
1387,32.92738,-117.173662,3676.6,47.8,2.9,163,80,247,,True,-1.7
1388,32.927392,-117.173641,3679.1,47.6,2.84,163,81,252,,True,-1.8
1389,32.92741,-117.173609,3682.3,47.6,2.94,162,81,252,,True,-1.9
1390,32.927426,-117.173589,3684.8,47.6,2.92,162,81,254,,True,0.0
1391,32.927433,-117.173566,3687.2,47.6,2.72,161,80,254,,True,1.9
1392,32.927445,-117.173533,3690.1,47.6,2.7,161,80,252,,True,1.9
1393,32.927454,-117.173513,3692.9,47.8,2.76,161,80,251,,True,2.0
1394,32.927462,-117.173493,3695.2,47.8,2.58,161,80,253,,True,3.3
1395,32.927473,-117.173466,3697.3,47.8,2.5,161,80,254,,True,1.6
1396,32.927484,-117.173445,3699.9,47.8,2.54,161,81,252,,True,2.0
1397,32.927494,-117.173421,3702.4,48.0,2.46,161,81,250,,True,1.9
1398,32.927506,-117.17339,3705.4,48.0,2.5,161,81,251,,True,1.9
1399,32.927513,-117.173367,3707.8,48.0,2.52,160,80,251,,True,0.0
1400,32.927526,-117.173341,3710.5,48.0,2.64,160,80,252,,True,1.9
1401,32.927538,-117.17331,3713.5,48.0,2.72,160,81,254,,True,1.9
1402,32.92754,-117.173289,3715.9,48.2,2.7,160,81,254,,True,3.8
1403,32.927549,-117.173264,3718.3,48.2,2.58,161,81,253,,True,3.3
1404,32.927558,-117.173236,3721.0,48.4,2.64,160,81,254,,True,0.0
1405,32.927562,-117.173214,3723.3,48.4,2.56,161,81,253,,True,0.0
1406,32.927572,-117.173187,3725.8,48.4,2.46,161,81,253,,True,-1.6
1407,32.927586,-117.173163,3728.3,48.2,2.48,163,81,253,,True,-1.9
1408,32.927591,-117.17314,3730.8,48.2,2.5,163,81,253,,True,-1.9
1409,32.927604,-117.173112,3733.8,48.2,2.56,163,81,252,,True,0.0
1410,32.927618,-117.17309,3736.5,48.2,2.64,163,81,252,,True,0.0
1411,32.927628,-117.173068,3739.2,48.2,2.68,163,81,252,,True,0.0
1412,32.92765,-117.173043,3742.0,48.2,2.74,164,81,252,,True,0.0
1413,32.927664,-117.173022,3744.9,48.2,2.82,163,80,253,,True,0.0
1414,32.927672,-117.173006,3747.1,48.2,2.66,163,80,252,,True,1.8
1415,32.927688,-117.172981,3749.4,48.2,2.58,163,80,253,,True,1.8
1416,32.927698,-117.172969,3751.1,48.4,2.38,163,80,252,,True,3.5
1417,32.927708,-117.172951,3753.1,48.4,2.22,163,80,252,,True,3.4
1418,32.927727,-117.172919,3756.1,48.4,2.24,163,80,251,,True,1.6
1419,32.927735,-117.172904,3758.6,48.6,2.3,163,80,251,,True,1.9
1420,32.927748,-117.172884,3761.0,48.6,2.32,163,80,250,,True,1.6
1421,32.92777,-117.172863,3763.6,48.6,2.5,163,80,249,,True,0.0
1422,32.927784,-117.172846,3766.0,48.6,2.58,163,81,247,,True,0.0
1423,32.927802,-117.172826,3768.5,48.6,2.48,163,81,246,,True,0.0
1424,32.92782,-117.172806,3771.2,48.6,2.52,163,81,246,,True,-1.8
1425,32.92783,-117.172786,3773.8,48.6,2.56,163,81,244,,True,-1.8
1426,32.92785,-117.172757,3776.9,48.4,2.66,163,81,243,,True,-1.9
1427,32.927864,-117.172737,3779.4,48.4,2.68,163,81,242,,True,-1.9
1428,32.927873,-117.172717,3781.6,48.4,2.62,164,81,242,,True,0.0
1429,32.927887,-117.172687,3784.3,48.4,2.62,163,81,242,,True,0.0
1430,32.927893,-117.172668,3786.6,48.4,2.56,163,81,240,,True,0.0
1431,32.927904,-117.172644,3789.2,48.4,2.46,164,81,240,,True,0.0
1432,32.927918,-117.172613,3792.0,48.4,2.52,163,81,238,,True,0.0
1433,32.927931,-117.172601,3794.3,48.4,2.54,163,81,237,,True,0.0
1434,32.927943,-117.172583,3796.6,48.4,2.46,164,81,236,,True,1.6
1435,32.92796,-117.172553,3799.4,48.4,2.56,164,81,234,,True,2.0
1436,32.927975,-117.172536,3801.9,48.6,2.54,164,81,233,,True,1.8
1437,32.92799,-117.172516,3804.5,48.6,2.5,163,80,235,,True,0.0
1438,32.92801,-117.172488,3807.5,48.6,2.64,163,80,235,,True,-1.8
1439,32.928017,-117.17247,3809.8,48.4,2.64,163,80,233,,True,-1.9
1440,32.92803,-117.172444,3812.9,48.4,2.7,162,80,231,,True,-3.3
1441,32.928042,-117.17242,3815.1,48.4,2.64,162,80,232,,True,0.0
1442,32.928046,-117.1724,3817.2,48.2,2.54,161,80,231,,True,0.0
1443,32.928062,-117.172379,3819.7,48.2,2.44,161,80,229,,True,0.0
1444,32.928076,-117.172354,3822.1,48.4,2.46,161,81,228,,True,2.0
1445,32.928082,-117.172333,3824.7,48.4,2.36,162,81,227,,True,4.0
1446,32.928098,-117.17231,3827.3,48.4,2.44,162,81,227,,True,1.6
1447,32.92811,-117.172287,3829.8,48.6,2.52,162,81,228,,True,2.0
1448,32.928118,-117.17227,3831.9,48.6,2.44,162,81,228,,True,2.0
1449,32.928134,-117.172242,3834.7,48.6,2.52,163,81,228,,True,0.0
1450,32.928149,-117.172221,3837.5,48.6,2.56,163,81,228,,True,0.0
1451,32.928159,-117.1722,3839.9,48.6,2.52,164,81,228,,True,-1.9
1452,32.928174,-117.172172,3842.6,48.6,2.56,164,80,229,,True,-1.6
1453,32.928188,-117.172154,3845.2,48.4,2.66,164,80,229,,True,-2.0
1454,32.928197,-117.172137,3847.4,48.4,2.54,164,80,229,,True,-1.7
1455,32.92821,-117.172107,3849.9,48.4,2.48,164,80,229,,True,0.0
1456,32.928224,-117.172094,3852.0,48.4,2.42,164,80,228,,True,0.0
1457,32.928236,-117.172077,3854.3,48.4,2.34,164,80,227,,True,1.7
1458,32.928256,-117.172051,3856.9,48.4,2.34,164,81,225,,True,1.6
1459,32.92827,-117.172039,3859.2,48.4,2.36,164,81,225,,True,2.0
1460,32.928285,-117.172024,3861.6,48.6,2.34,164,80,227,,True,0.0
1461,32.928309,-117.172004,3864.3,48.6,2.46,164,80,226,,True,0.0
1462,32.928319,-117.171993,3866.4,48.6,2.42,164,80,225,,True,-1.7
1463,32.928333,-117.171976,3868.6,48.4,2.34,164,80,225,,True,-1.7
1464,32.928353,-117.171954,3871.2,48.4,2.4,163,80,225,,True,0.0
1465,32.928364,-117.171935,3873.6,48.4,2.4,163,80,223,,True,2.0
1466,32.928381,-117.171919,3876.2,48.4,2.38,163,81,223,,True,3.3
1467,32.928405,-117.171904,3878.6,48.6,2.44,163,81,223,,True,3.3
1468,32.928418,-117.171889,3881.1,48.6,2.5,164,81,224,,True,3.5
1469,32.928433,-117.171876,3883.2,48.8,2.4,164,81,225,,True,1.8
1470,32.928454,-117.171855,3885.6,48.8,2.4,164,81,227,,True,1.7
1471,32.928463,-117.17184,3887.7,48.8,2.3,164,80,226,,True,1.8
1472,32.928478,-117.171822,3890.0,48.8,2.28,164,80,228,,True,1.8
1473,32.928498,-117.171801,3892.6,48.8,2.3,164,80,228,,True,3.6
1474,32.928505,-117.171786,3894.5,49.0,2.26,164,80,229,,True,3.7
1475,32.928516,-117.171765,3896.7,49.0,2.22,164,80,230,,True,3.7
1476,32.92853,-117.171742,3898.8,49.2,2.22,164,80,231,,True,1.7
1477,32.928535,-117.171725,3900.8,49.2,2.16,164,80,231,,True,1.7
1478,32.928545,-117.1717,3903.3,49.2,2.14,165,80,231,,True,0.0
1479,32.92856,-117.171672,3906.2,49.2,2.34,165,80,232,,True,1.6
1480,32.928565,-117.171653,3908.4,49.2,2.34,165,80,232,,True,2.0
1481,32.928578,-117.171633,3910.7,49.2,2.38,165,80,233,,True,1.7
1482,32.928595,-117.171608,3913.4,49.4,2.52,164,79,234,,True,3.4
1483,32.928601,-117.171591,3915.5,49.4,2.44,165,79,235,,True,3.3
1484,32.928614,-117.171571,3917.8,49.4,2.32,165,79,236,,True,3.4
1485,32.928631,-117.171549,3920.3,49.6,2.38,165,80,236,,True,3.2
1486,32.928643,-117.171533,3922.7,49.6,2.4,164,80,236,,True,3.9
1487,32.928657,-117.171509,3925.2,49.8,2.36,165,80,236,,True,1.7
1488,32.928672,-117.171484,3928.0,49.8,2.5,165,80,240,,True,1.7
1489,32.92868,-117.171471,3929.9,49.8,2.42,165,80,241,,True,0.0
1490,32.928695,-117.171448,3932.3,49.8,2.4,164,80,242,,True,-1.8
1491,32.928709,-117.171426,3934.7,49.8,2.4,165,80,244,,True,-1.7
1492,32.928716,-117.171411,3936.8,49.8,2.32,164,80,241,,True,-1.7
1493,32.928732,-117.171388,3939.1,49.6,2.22,164,80,241,,True,-1.8
1494,32.928746,-117.171363,3941.9,49.6,2.4,164,80,240,,True,-1.7
1495,32.928754,-117.171346,3944.0,49.6,2.34,164,80,238,,True,1.7
1496,32.928766,-117.171324,3946.1,49.6,2.28,163,79,238,,True,1.7
1497,32.928781,-117.1713,3948.6,49.6,2.36,163,79,237,,True,1.6
1498,32.92879,-117.171284,3950.8,49.8,2.34,162,79,236,,True,2.0
1499,32.92881,-117.171264,3953.5,49.8,2.32,162,79,237,,True,3.9
1500,32.928835,-117.17125,3956.3,49.8,2.46,162,79,237,,True,1.9
1501,32.928854,-117.171238,3958.9,50.0,2.56,162,79,236,,True,-5.1
1502,32.928875,-117.171226,3961.2,50.0,2.52,162,79,234,,True,-1.7
1555,32.928893,-117.171223,3961.2,49.4,0.043,140,0,0,,False,0.0
1556,32.928897,-117.171214,3961.3,49.4,0.002,140,0,0,,False,-1.8
1557,32.92891,-117.171192,3963.1,49.6,0.035,139,57,8,,True,0.0
1558,32.928919,-117.171174,3965.1,49.6,0.07,139,57,7,,True,5.0
1559,32.928929,-117.171149,3967.5,49.8,0.111,139,57,4,,True,3.9
1560,32.928939,-117.171124,3970.1,49.8,1.78,139,57,4,,True,3.6
1561,32.928953,-117.171094,3973.3,50.0,2.4,139,57,94,,True,1.6
1562,32.928972,-117.171065,3976.3,50.0,2.64,138,83,216,,True,1.4
1563,32.92899,-117.171034,3979.9,50.0,2.96,138,85,247,,True,0.0
1564,32.928995,-117.17099,3984.3,50.0,3.36,139,85,279,,True,0.0
1565,32.928992,-117.170953,3987.9,50.0,3.56,140,83,322,,True,0.0
1566,32.928996,-117.170917,3991.1,50.0,3.56,141,83,340,,True,1.5
1567,32.929004,-117.170884,3994.6,50.0,3.66,142,85,339,,True,1.6
1568,32.929009,-117.170856,3997.4,50.2,3.5,143,85,331,,True,3.5
1569,32.92901,-117.170824,4000.3,50.2,3.2,145,86,302,,True,5.6
1570,32.929016,-117.170803,4002.4,50.4,2.9,146,86,281,,True,3.5
1571,32.929024,-117.170771,4005.3,50.6,2.84,147,85,280,,True,5.2
1572,32.929033,-117.170731,4008.9,50.6,2.86,148,85,257,,True,3.3
1573,32.92903,-117.170705,4011.9,50.8,2.9,149,85,260,,True,1.6
1574,32.929017,-117.170676,4014.6,50.8,2.86,149,84,283,,True,1.6
1575,32.928997,-117.170646,4017.7,50.8,3.06,150,82,287,,True,1.6
1576,32.928981,-117.170614,4021.1,50.8,3.16,151,82,295,,True,1.6
1577,32.928973,-117.170579,4024.3,51.0,3.08,152,82,296,,True,3.2
1578,32.928972,-117.170549,4027.0,51.0,3.02,153,83,290,,True,3.2
1579,32.928991,-117.170511,4030.2,51.2,3.12,153,83,290,,True,1.6
1580,32.929018,-117.170492,4033.7,51.2,3.2,154,84,291,,True,1.6
1581,32.929044,-117.170502,4036.7,51.2,3.12,155,84,294,,True,0.0
1582,32.929075,-117.170516,4039.8,51.2,3.1,156,83,300,,True,0.0
1583,32.9291,-117.170523,4042.8,51.2,3.16,158,83,302,,True,-1.6
1584,32.92913,-117.170531,4046.2,51.2,3.2,159,83,304,,True,-1.7
1585,32.929155,-117.170522,4048.9,51.0,3.04,159,83,306,,True,-1.9
1586,32.929164,-117.170503,4051.3,51.0,2.92,160,83,300,,True,0.0
1587,32.929161,-117.170476,4053.5,51.0,2.74,161,83,296,,True,2.0
1588,32.929148,-117.170448,4056.0,51.0,2.64,161,83,293,,True,1.9
1589,32.929142,-117.170417,4059.1,51.2,2.58,162,81,291,,True,3.6
1590,32.929159,-117.170387,4062.0,51.2,2.62,162,81,291,,True,3.4
1591,32.92917,-117.170367,4064.7,51.4,2.68,163,81,290,,True,1.7
1592,32.929196,-117.170343,4067.8,51.4,2.86,163,81,290,,True,1.6
1593,32.929223,-117.170328,4071.2,51.4,3.04,164,82,287,,True,0.0
1594,32.929243,-117.170311,4074.3,51.4,3.04,165,82,286,,True,0.0
1595,32.929269,-117.17029,4077.5,51.4,3.1,165,82,291,,True,0.0
1596,32.929288,-117.170273,4080.2,51.4,3.1,166,83,289,,True,1.7
1597,32.929306,-117.170256,4083.1,51.4,3.06,166,83,291,,True,3.5
1598,32.929326,-117.170221,4086.3,51.6,3.02,167,82,296,,True,3.3
1599,32.929331,-117.170195,4089.0,51.8,2.94,167,82,292,,True,3.2
1600,32.929348,-117.170168,4092.4,51.8,2.98,168,81,289,,True,1.7
1601,32.929371,-117.170136,4095.6,51.8,3.08,168,81,288,,True,-1.6
1602,32.929385,-117.170117,4098.4,51.8,3.06,168,81,287,,True,-1.8
1603,32.929413,-117.170097,4101.6,51.6,3.06,168,82,288,,True,-3.7
1604,32.929434,-117.170098,4103.8,51.6,2.96,169,82,287,,True,-3.8
1605,32.929458,-117.17011,4106.4,51.4,2.8,169,82,283,,True,-2.0
1606,32.92948,-117.170121,4108.8,51.4,2.64,169,81,281,,True,0.0
1607,32.929501,-117.170123,4111.7,51.4,2.66,169,81,283,,True,1.9
1608,32.929532,-117.170128,4114.5,51.6,2.58,169,82,285,,True,3.5
1609,32.929556,-117.170136,4116.9,51.6,2.62,169,82,286,,True,3.6
1610,32.929585,-117.170134,4120.1,51.8,2.74,170,79,286,,True,1.9
1611,32.929608,-117.17012,4122.8,51.8,2.8,170,79,282,,True,2.0
1612,32.929626,-117.170107,4124.8,51.8,2.62,170,79,279,,True,0.0
1613,32.929641,-117.17009,4127.0,51.8,2.5,170,81,274,,True,1.7
1614,32.929632,-117.17007,4128.5,51.8,2.32,170,81,265,,True,1.7
1615,32.92962,-117.170056,4130.0,51.8,1.98,170,81,260,,True,1.7
1616,32.929601,-117.170045,4131.9,52.0,1.82,169,81,243,,True,1.7
1617,32.929588,-117.17002,4134.4,52.0,1.92,170,80,229,,True,1.8
1618,32.929582,-117.17,4136.4,52.0,1.88,170,80,231,,True,-1.7
1619,32.92958,-117.16997,4138.9,52.0,2.08,169,80,225,,True,-1.7
1620,32.929586,-117.169943,4141.4,52.0,2.28,170,81,232,,True,-3.3
1621,32.929594,-117.16992,4143.6,51.8,2.34,170,81,233,,True,-3.2
1622,32.929608,-117.169897,4146.0,51.8,2.32,170,81,233,,True,-4.0
1623,32.929619,-117.169875,4148.5,51.6,2.42,171,81,229,,True,-1.8
1624,32.929627,-117.169848,4151.4,51.6,2.5,171,81,224,,True,-1.7
1625,32.92964,-117.169813,4155.0,51.6,2.72,172,81,225,,True,0.0
1626,32.929645,-117.169788,4157.6,51.6,2.8,172,83,234,,True,1.8
1627,32.929647,-117.169767,4160.2,51.6,2.84,172,83,253,,True,3.4
1628,32.929646,-117.169734,4162.6,51.8,2.82,172,80,257,,True,5.2
1629,32.929643,-117.169718,4164.5,52.0,2.62,173,80,255,,True,5.4
1630,32.92964,-117.169693,4166.9,52.0,2.38,173,80,245,,True,3.6
1631,32.929635,-117.169668,4169.1,52.2,2.3,173,80,235,,True,1.7
1632,32.929633,-117.169646,4171.3,52.2,2.22,173,79,233,,True,3.1
1633,32.929642,-117.169615,4173.8,52.2,2.24,173,79,233,,True,1.9
1634,32.929658,-117.169589,4176.5,52.2,2.4,173,79,235,,True,3.3
1635,32.929673,-117.169563,4179.6,52.4,2.54,173,79,238,,True,4.7
1636,32.929696,-117.169527,4183.5,52.6,2.88,173,79,242,,True,2.9
1637,32.929713,-117.169507,4186.6,52.8,3.06,173,81,245,,True,1.4
1638,32.929735,-117.169476,4190.3,52.6,3.3,173,81,247,,True,-1.5
1639,32.929758,-117.169451,4193.7,52.6,3.44,173,82,251,,True,-2.9
1640,32.929775,-117.169429,4197.0,52.4,3.48,173,83,249,,True,0.0
1641,32.929795,-117.169397,4200.2,52.4,3.34,172,83,267,,True,0.0
1642,32.929809,-117.169376,4202.8,52.6,3.24,172,83,283,,True,1.7
1643,32.929822,-117.169354,4205.7,52.6,3.08,172,83,283,,True,3.6
1644,32.929843,-117.169324,4208.8,52.6,3.02,172,83,280,,True,1.8
1645,32.929855,-117.169306,4211.3,52.8,2.86,172,82,274,,True,0.0
1646,32.929868,-117.169289,4213.9,52.8,2.74,172,82,272,,True,0.0
1647,32.929883,-117.169262,4216.3,52.6,2.7,172,82,268,,True,-2.0
1648,32.929892,-117.169246,4218.4,52.6,2.54,173,81,263,,True,-2.0
1649,32.929911,-117.169221,4221.3,52.6,2.5,172,81,259,,True,0.0
1650,32.929926,-117.169196,4224.0,52.6,2.54,172,81,260,,True,1.8
1651,32.929929,-117.169173,4226.5,52.6,2.52,172,81,261,,True,1.9
1652,32.929937,-117.169138,4229.5,52.8,2.64,172,81,261,,True,3.8
1653,32.929948,-117.169118,4231.8,52.8,2.68,173,81,263,,True,3.8
1654,32.929959,-117.169098,4234.4,53.0,2.62,173,81,262,,True,1.6
1655,32.92997,-117.169068,4236.9,53.0,2.58,173,81,258,,True,2.0
1656,32.929974,-117.169051,4238.9,53.0,2.48,172,81,255,,True,-1.7
1657,32.929987,-117.169024,4241.9,53.0,2.48,172,81,254,,True,-1.7
1658,32.929998,-117.168999,4244.3,53.0,2.5,172,81,252,,True,-1.6
1659,32.930005,-117.168984,4246.0,52.8,2.32,172,81,247,,True,-1.7
1660,32.930018,-117.168958,4248.6,52.8,2.34,172,81,247,,True,-1.6
1661,32.930032,-117.168931,4251.2,52.8,2.46,172,81,238,,True,0.0
1662,32.930037,-117.168911,4253.5,52.8,2.32,172,81,233,,True,0.0
1663,32.930049,-117.168882,4256.6,52.8,2.46,171,82,232,,True,0.0
1664,32.930061,-117.16886,4258.9,52.8,2.58,171,81,234,,True,0.0
1665,32.930064,-117.168841,4261.0,52.8,2.48,171,80,236,,True,1.8
1666,32.930075,-117.168821,4263.2,52.8,2.4,171,80,237,,True,1.8
1667,32.930089,-117.168797,4265.4,52.8,2.38,171,80,229,,True,1.8
1668,32.930098,-117.16878,4267.5,53.0,2.18,171,80,225,,True,1.8
1669,32.930111,-117.168761,4270.1,53.0,2.24,170,80,223,,True,1.7
1670,32.930128,-117.168738,4272.4,53.0,2.28,170,80,223,,True,1.6
1671,32.930135,-117.168719,4274.6,53.0,2.28,170,80,222,,True,1.7
1672,32.930148,-117.168696,4277.2,53.0,2.36,170,79,223,,True,3.3
1673,32.930162,-117.168668,4279.9,53.2,2.48,170,79,226,,True,3.3
1674,32.930167,-117.16865,4282.1,53.2,2.4,170,79,226,,True,3.4
1675,32.930176,-117.168626,4284.4,53.4,2.4,169,80,227,,True,1.7
1676,32.930187,-117.168599,4286.9,53.4,2.46,170,80,228,,True,3.6
1677,32.930191,-117.16858,4289.1,53.4,2.38,170,80,228,,True,1.8
1678,32.9302,-117.16856,4291.4,53.4,2.3,169,80,229,,True,1.8
1679,32.930209,-117.168536,4293.3,53.6,2.24,169,80,229,,True,1.7
1680,32.930213,-117.168516,4295.7,53.6,2.26,169,80,228,,True,1.8
1681,32.930223,-117.168491,4298.2,53.6,2.26,169,80,227,,True,1.7
1682,32.930231,-117.168462,4300.6,53.6,2.3,169,80,227,,True,0.0
1683,32.930237,-117.168445,4302.6,53.6,2.24,169,80,227,,True,1.7
1684,32.930246,-117.168425,4305.0,53.8,2.34,168,80,228,,True,1.8
1685,32.930259,-117.168398,4307.5,53.6,2.36,168,79,228,,True,3.6
1686,32.930262,-117.168379,4309.8,53.8,2.32,168,79,229,,True,1.9
1687,32.930271,-117.168365,4311.7,53.8,2.22,168,79,231,,True,6.1
1688,32.930286,-117.168342,4313.8,54.0,2.24,168,79,232,,True,6.5
1689,32.930293,-117.16833,4315.4,54.0,2.08,168,79,232,,True,6.1
1690,32.930302,-117.168313,4317.4,54.2,1.98,167,79,237,,True,5.2
1691,32.93031,-117.168284,4319.9,54.4,2.02,167,79,239,,True,3.3
1692,32.930316,-117.168269,4321.6,54.4,1.98,167,79,240,,True,3.7
1693,32.93032,-117.168254,4323.2,54.4,1.88,166,78,240,,True,1.9
1694,32.930329,-117.168219,4326.1,54.4,2.14,166,78,240,,True,3.6
1695,32.93034,-117.168203,4328.1,54.6,2.14,165,78,243,,True,3.5
1696,32.930346,-117.168185,4330.3,54.6,2.08,165,78,245,,True,6.1
1697,32.930357,-117.16816,4332.7,54.8,2.22,165,78,247,,True,5.3
1698,32.930363,-117.168141,4334.5,54.8,2.26,165,78,249,,True,3.5
1699,32.930365,-117.168128,4336.0,55.0,1.98,166,79,249,,True,3.6
1700,32.93037,-117.168113,4337.5,55.0,1.88,165,79,250,,True,3.8
1701,32.930375,-117.168086,4339.6,55.0,1.86,165,79,250,,True,3.8
1702,32.93038,-117.168071,4341.4,55.0,1.74,165,79,248,,True,1.8
1703,32.930384,-117.168055,4343.1,55.2,1.72,164,78,248,,True,1.7
1704,32.930392,-117.168032,4345.0,55.2,1.8,164,77,248,,True,3.3
1705,32.930403,-117.168009,4347.4,55.2,1.98,165,77,244,,True,1.8
1706,32.930406,-117.167993,4349.2,55.2,1.92,165,77,241,,True,3.6
1707,32.930421,-117.167971,4351.6,55.4,2.04,165,78,242,,True,5.7
1708,32.930435,-117.167945,4354.4,55.4,2.26,165,78,243,,True,7.1
1709,32.930436,-117.167933,4356.2,55.6,2.24,165,78,244,,True,7.4
1710,32.930445,-117.167917,4357.9,55.8,2.1,164,77,246,,True,10.0
1711,32.930464,-117.167892,4360.5,56.0,2.26,165,77,248,,True,7.7
1712,32.930474,-117.167878,4362.4,56.2,2.16,165,77,247,,True,5.8
1713,32.93048,-117.167863,4364.4,56.4,2.0,165,77,246,,True,6.3
1714,32.930493,-117.16784,4366.6,56.4,2.08,165,77,248,,True,3.4
1715,32.930503,-117.167825,4368.3,56.4,2.08,165,77,249,,True,1.6
1716,32.930505,-117.167807,4370.0,56.6,1.9,166,78,248,,True,2.0
1717,32.930515,-117.167788,4372.1,56.4,1.94,166,78,245,,True,1.6
1718,32.930537,-117.167768,4374.6,56.4,2.04,166,78,241,,True,0.0
1719,32.930547,-117.167756,4376.5,56.6,1.98,166,79,238,,True,1.8
1720,32.93056,-117.167739,4379.0,56.6,2.14,166,79,238,,True,1.9
1721,32.930578,-117.167718,4381.4,56.6,2.28,166,77,237,,True,0.0
1722,32.930585,-117.167704,4383.1,56.6,2.2,166,77,232,,True,1.8
1723,32.930595,-117.167688,4385.1,56.6,2.1,166,77,228,,True,1.9
1724,32.930612,-117.167666,4387.6,56.6,2.22,166,77,227,,True,3.5
1725,32.930629,-117.167651,4390.1,56.8,2.22,166,77,227,,True,3.6
1726,32.930639,-117.167637,4392.0,56.8,2.12,167,77,227,,True,3.8
1727,32.930658,-117.167618,4394.4,57.0,2.26,166,78,227,,True,2.0
1728,32.930666,-117.167603,4396.3,57.0,2.24,166,78,228,,True,1.9
1729,32.930675,-117.167588,4398.2,57.0,2.12,166,79,226,,True,0.0
1730,32.930692,-117.167571,4400.2,57.0,2.02,166,80,226,,True,0.0
1731,32.930706,-117.167552,4402.7,57.0,2.14,167,80,225,,True,0.0
1732,32.930714,-117.167541,4404.2,57.0,1.96,166,79,222,,True,1.7
1733,32.930729,-117.167516,4406.5,57.0,2.04,166,79,219,,True,1.7
1734,32.930743,-117.167495,4409.1,57.0,2.18,166,79,217,,True,1.9
1735,32.930755,-117.167474,4411.7,57.2,2.3,167,80,217,,True,1.9
1736,32.930772,-117.167446,4414.5,57.2,2.36,166,80,217,,True,1.9
1737,32.930786,-117.167429,4417.1,57.2,2.58,167,80,215,,True,2.0
1738,32.930799,-117.16741,4419.6,57.2,2.62,167,81,217,,True,0.0
1739,32.930815,-117.167391,4421.9,57.4,2.56,167,81,217,,True,-1.6
1740,32.930825,-117.167371,4423.8,57.2,2.42,167,81,213,,True,-3.2
1741,32.930838,-117.167349,4426.5,57.2,2.4,168,81,210,,True,-5.9
1742,32.930858,-117.167321,4429.5,57.0,2.48,168,80,205,,True,-3.7
1743,32.930869,-117.167302,4432.0,56.8,2.48,167,80,199,,True,-3.7
1744,32.930881,-117.167279,4434.5,56.8,2.52,167,80,198,,True,-1.9
1745,32.930893,-117.167248,4437.4,56.8,2.72,167,80,194,,True,0.0
1746,32.930898,-117.167226,4440.0,56.8,2.7,167,80,194,,True,0.0
1747,32.930905,-117.167203,4442.7,56.8,2.64,167,80,196,,True,-1.6
1748,32.930919,-117.167174,4445.1,56.8,2.62,167,80,195,,True,-1.6
1749,32.93092,-117.167154,4447.3,56.8,2.56,168,80,196,,True,-3.3
1750,32.930929,-117.167131,4449.8,56.6,2.48,168,80,195,,True,-3.3
1751,32.930939,-117.167101,4452.3,56.6,2.46,168,80,194,,True,-4.0
1752,32.930945,-117.167079,4454.7,56.4,2.4,168,80,195,,True,-3.8
1753,32.930955,-117.167054,4457.3,56.4,2.44,168,79,195,,True,-3.8
1754,32.930969,-117.167022,4460.2,56.2,2.58,168,79,195,,True,-3.6
1755,32.930976,-117.167002,4462.8,56.2,2.6,168,80,195,,True,-3.6
1756,32.930991,-117.166978,4465.7,56.0,2.68,168,80,196,,True,-1.9
1757,32.931005,-117.166948,4468.4,56.0,2.74,168,80,197,,True,-3.7
1758,32.931015,-117.166929,4470.9,56.0,2.72,168,80,197,,True,-1.8
1759,32.931031,-117.166907,4473.6,55.8,2.68,167,80,198,,True,-1.9
1760,32.931051,-117.166879,4476.6,55.8,2.76,167,80,198,,True,-1.8
1761,32.931065,-117.166863,4479.0,55.8,2.66,167,80,198,,True,-1.8
1762,32.931082,-117.166843,4481.9,55.8,2.7,167,79,200,,True,-1.9
1763,32.931101,-117.166817,4484.6,55.6,2.74,167,79,199,,True,-3.7
1764,32.931116,-117.166801,4487.1,55.6,2.7,166,79,198,,True,-3.7
1765,32.931133,-117.166782,4489.9,55.4,2.66,166,79,198,,True,-3.8
1766,32.931155,-117.166761,4492.6,55.4,2.72,166,79,198,,True,-3.7
1767,32.931173,-117.166747,4495.1,55.2,2.64,165,79,197,,True,-3.6
1768,32.93119,-117.166734,4497.8,55.2,2.64,165,79,198,,True,-5.3
1769,32.931221,-117.166715,4500.9,55.0,2.76,166,79,197,,True,-3.4
1770,32.931243,-117.166703,4503.9,54.8,2.8,166,79,197,,True,-4.9
1771,32.931266,-117.16669,4506.9,54.8,2.86,166,79,200,,True,-3.4
1772,32.931295,-117.166673,4510.1,54.6,3.0,166,79,200,,True,-1.7
1773,32.931312,-117.166661,4512.7,54.6,2.98,166,80,201,,True,-1.8
1774,32.931335,-117.166651,4515.4,54.6,2.9,167,80,204,,True,0.0
1775,32.931363,-117.166647,4518.2,54.6,2.86,166,80,217,,True,0.0
1776,32.93138,-117.166642,4520.5,54.6,2.72,166,80,224,,True,0.0
1777,32.931411,-117.166637,4523.8,54.6,2.74,166,80,226,,True,1.8
1778,32.93144,-117.166637,4526.8,54.6,2.82,167,81,231,,True,1.6
1779,32.931461,-117.166628,4529.6,54.8,2.84,166,81,250,,True,1.7
1780,32.931491,-117.166624,4533.0,54.8,2.96,166,81,251,,True,0.0
1781,32.931515,-117.166624,4535.9,54.8,3.08,167,81,254,,True,-1.7
1782,32.931534,-117.166616,4538.4,54.6,2.92,167,81,257,,True,-3.8
1783,32.931564,-117.16661,4541.4,54.6,2.92,167,81,249,,True,-5.8
1784,32.931585,-117.166611,4543.5,54.4,2.78,167,80,242,,True,-3.6
1785,32.931609,-117.166607,4546.3,54.2,2.66,167,80,239,,True,-3.7
1786,32.93164,-117.166598,4549.5,54.2,2.72,166,80,234,,True,-3.4
1787,32.931662,-117.166594,4552.1,54.2,2.74,167,81,234,,True,-3.4
1788,32.931686,-117.166589,4555.2,54.0,2.76,167,81,237,,True,-3.5
1789,32.931719,-117.166588,4558.2,53.8,2.94,166,81,237,,True,-3.4
1790,32.931739,-117.166583,4560.9,53.8,2.92,167,81,241,,True,0.0
1791,32.931762,-117.166584,4563.8,53.8,2.86,167,81,244,,True,1.9
1792,32.93179,-117.166576,4566.4,54.0,2.86,167,81,243,,True,3.8
1793,32.931807,-117.166567,4568.7,54.0,2.7,167,81,243,,True,3.8
1794,32.931832,-117.166564,4571.4,54.2,2.64,167,81,241,,True,1.9
1795,32.931864,-117.166559,4574.4,54.2,2.7,167,81,242,,True,3.7
1796,32.931881,-117.166548,4576.9,54.2,2.62,168,81,245,,True,1.8
1797,32.931903,-117.166541,4579.6,54.4,2.64,168,81,246,,True,3.9
1798,32.931932,-117.16654,4582.3,54.4,2.72,168,80,249,,True,3.7
1799,32.93195,-117.166532,4584.6,54.6,2.64,168,80,250,,True,1.9
1800,32.931977,-117.166532,4587.6,54.6,2.64,167,80,250,,True,1.8
1801,32.932004,-117.166537,4590.2,54.6,2.66,167,80,251,,True,-1.7
1802,32.932027,-117.166529,4593.4,54.6,2.76,167,80,251,,True,-1.7
1803,32.932058,-117.166526,4596.7,54.4,2.88,167,80,251,,True,-1.7
1804,32.932081,-117.166528,4599.2,54.4,2.92,167,80,252,,True,-1.7
1805,32.932104,-117.16653,4602.1,54.4,2.9,168,80,256,,True,-1.9
1806,32.932133,-117.166527,4605.0,54.4,2.96,167,81,257,,True,-1.9
1807,32.932152,-117.166524,4607.3,54.2,2.78,167,81,255,,True,-1.9
1808,32.932175,-117.166525,4609.8,54.2,2.62,167,81,256,,True,-2.0
1809,32.932206,-117.166529,4612.7,54.2,2.7,168,81,254,,True,0.0
1810,32.932223,-117.166524,4615.0,54.2,2.58,167,81,253,,True,-1.9
1811,32.932247,-117.166525,4617.6,54.2,2.52,167,82,254,,True,-1.6
1812,32.932275,-117.166517,4620.3,54.0,2.6,167,81,253,,True,-2.0
1813,32.93229,-117.166506,4622.5,54.0,2.54,167,81,251,,True,-2.0
1814,32.932312,-117.166493,4625.1,54.0,2.48,167,81,249,,True,0.0
1815,32.932331,-117.166473,4627.7,54.0,2.54,166,81,248,,True,0.0
1816,32.932342,-117.166455,4630.1,54.0,2.5,167,81,245,,True,0.0
1817,32.932361,-117.166435,4632.9,54.0,2.52,167,81,245,,True,1.6
1818,32.932383,-117.166423,4635.2,54.0,2.54,168,81,244,,True,1.9
1819,32.932393,-117.166405,4637.5,54.2,2.48,168,81,245,,True,2.0
1820,32.93241,-117.166373,4640.5,54.2,2.56,168,81,245,,True,1.9
1821,32.932427,-117.166357,4643.0,54.2,2.58,168,80,245,,True,1.8
1822,32.932439,-117.166336,4645.6,54.2,2.54,168,80,245,,True,1.9
1823,32.932459,-117.166304,4648.9,54.4,2.74,168,80,245,,True,1.9
1824,32.932475,-117.166291,4651.2,54.4,2.74,168,81,246,,True,1.9
1825,32.932486,-117.166274,4653.5,54.4,2.6,168,81,246,,True,1.6
1826,32.932505,-117.166247,4656.2,54.4,2.64,168,81,247,,True,1.6
1827,32.932519,-117.166233,4658.6,54.6,2.6,168,80,249,,True,1.9
1828,32.932534,-117.166216,4661.1,54.6,2.44,169,80,250,,True,0.0
1829,32.932552,-117.166187,4664.1,54.6,2.58,169,80,249,,True,-1.6
1830,32.932561,-117.166173,4666.3,54.4,2.56,169,80,249,,True,-1.7
1831,32.932574,-117.166156,4668.4,54.4,2.44,168,80,249,,True,-1.7
1832,32.932597,-117.166134,4671.0,54.4,2.48,168,81,247,,True,1.6
1833,32.93261,-117.166121,4673.2,54.4,2.42,168,81,246,,True,1.9
1834,32.932631,-117.166105,4675.8,54.4,2.34,169,81,246,,True,1.9
1835,32.932656,-117.166087,4679.0,54.6,2.54,169,81,246,,True,1.8
1836,32.932668,-117.166071,4681.3,54.6,2.58,169,81,246,,True,1.8
1837,32.932689,-117.166052,4684.2,54.6,2.64,169,81,246,,True,-2.0
1838,32.932709,-117.166028,4687.0,54.6,2.76,168,81,247,,True,-1.9
1839,32.932716,-117.166012,4689.2,54.4,2.68,168,80,246,,True,-3.3
1840,32.93273,-117.165988,4691.7,54.4,2.54,168,80,245,,True,-3.4
1841,32.932742,-117.165966,4694.0,54.2,2.54,168,80,245,,True,0.0
1842,32.932746,-117.165945,4696.3,54.2,2.42,167,80,243,,True,0.0
1843,32.932757,-117.165916,4698.8,54.2,2.36,167,81,241,,True,3.5
1844,32.932769,-117.165897,4701.1,54.4,2.38,167,81,241,,True,3.4
1845,32.932778,-117.165881,4703.0,54.4,2.26,166,81,240,,True,5.1
1846,32.932799,-117.165859,4705.5,54.6,2.3,166,81,240,,True,3.2
1847,32.93282,-117.165846,4708.2,54.6,2.38,166,80,241,,True,3.8
1848,32.932835,-117.165831,4710.5,54.8,2.34,166,80,241,,True,1.9
1849,32.932859,-117.16581,4713.5,54.8,2.48,167,80,241,,True,0.0
1850,32.932881,-117.165804,4716.1,54.8,2.62,166,80,240,,True,-1.8
1851,32.932898,-117.165791,4718.9,54.6,2.68,166,80,240,,True,-2.0
1852,32.932922,-117.165773,4721.5,54.6,2.66,166,80,240,,True,-2.0
1853,32.932937,-117.16576,4723.7,54.6,2.64,166,81,238,,True,0.0
1854,32.932953,-117.165746,4726.1,54.6,2.52,166,81,237,,True,0.0
1855,32.932977,-117.165726,4728.7,54.6,2.52,166,81,237,,True,0.0
1856,32.932983,-117.165708,4731.0,54.6,2.42,166,81,237,,True,0.0
1857,32.933002,-117.165689,4733.6,54.6,2.42,165,81,237,,True,1.9
1858,32.933027,-117.165664,4736.8,54.6,2.62,165,81,236,,True,1.7
1859,32.933036,-117.165643,4739.4,54.8,2.66,165,80,235,,True,1.7
1860,32.933058,-117.165619,4742.7,54.8,2.8,165,80,238,,True,1.8
1861,32.93308,-117.165601,4745.6,54.8,2.92,164,80,239,,True,1.8
1862,32.933091,-117.165583,4748.0,54.8,2.88,165,81,240,,True,1.9
1863,32.933111,-117.165558,4750.8,55.0,2.8,165,81,242,,True,2.0
1864,32.933126,-117.165537,4753.5,55.0,2.82,164,81,242,,True,1.9
1865,32.933135,-117.165519,4755.8,55.0,2.62,165,81,243,,True,0.0
1866,32.933151,-117.165497,4758.3,55.0,2.54,165,81,243,,True,0.0
1867,32.93317,-117.165485,4760.4,55.0,2.48,165,81,243,,True,0.0
1868,32.933179,-117.16547,4762.3,55.0,2.3,165,81,243,,True,1.8
1869,32.933196,-117.16544,4765.0,55.0,2.3,165,81,243,,True,1.7
1870,32.933207,-117.165425,4767.2,55.0,2.28,164,81,241,,True,2.0
1871,32.93322,-117.165404,4769.6,55.2,2.26,164,81,243,,True,3.3
1872,32.933236,-117.165376,4772.3,55.2,2.38,164,80,243,,True,4.0
1873,32.933249,-117.165365,4774.6,55.4,2.46,164,81,243,,True,1.9
1874,32.93327,-117.165354,4777.3,55.4,2.46,164,81,244,,True,2.0
1875,32.933299,-117.165344,4780.0,55.4,2.56,165,81,244,,True,0.0
1876,32.933317,-117.165338,4782.4,55.4,2.56,165,81,243,,True,0.0
1877,32.933336,-117.165331,4784.9,55.4,2.52,165,81,244,,True,-1.7
1878,32.933362,-117.165317,4787.6,55.4,2.6,165,80,245,,True,-1.6
1879,32.933379,-117.165308,4789.8,55.2,2.5,166,80,244,,True,-1.6
1880,32.933396,-117.165294,4792.1,55.2,2.42,166,81,243,,True,-1.6
1881,32.933418,-117.165272,4794.8,55.2,2.48,167,81,241,,True,0.0
1882,32.933435,-117.165258,4797.2,55.2,2.46,168,81,241,,True,1.9
1883,32.933452,-117.165241,4799.9,55.2,2.46,168,81,241,,True,1.9
1884,32.933475,-117.165216,4802.6,55.4,2.56,168,80,242,,True,3.7
1885,32.933483,-117.165196,4805.3,55.4,2.64,169,80,242,,True,4.0
1886,32.933492,-117.16517,4807.9,55.6,2.62,169,80,242,,True,1.8
1887,32.933497,-117.165144,4810.0,55.6,2.56,170,80,243,,True,2.0
1888,32.933496,-117.165129,4811.7,55.6,2.36,171,80,242,,True,0.0
1889,32.933492,-117.165105,4813.6,55.6,2.2,171,80,240,,True,0.0
1890,32.933487,-117.165084,4815.5,55.6,2.04,171,81,237,,True,0.0
1891,32.93348,-117.165068,4817.2,55.6,1.86,171,81,236,,True,1.7
1892,32.933476,-117.165043,4819.2,55.6,1.84,171,80,236,,True,1.9
1893,32.933476,-117.165016,4821.6,55.6,1.98,172,80,235,,True,3.7
1894,32.933476,-117.164995,4823.8,55.8,2.04,172,81,234,,True,3.7
1895,32.933484,-117.164968,4826.1,55.8,2.12,172,81,234,,True,3.6
1896,32.933488,-117.164949,4828.1,56.0,2.18,171,81,234,,True,1.8
1897,32.933495,-117.164931,4830.1,56.0,2.18,172,80,234,,True,1.9
1898,32.933506,-117.164905,4832.6,56.0,2.2,172,80,228,,True,0.0
1899,32.933517,-117.164888,4834.7,56.0,2.18,172,80,225,,True,0.0
1900,32.933527,-117.164867,4836.9,56.0,2.16,172,80,222,,True,0.0
1901,32.933536,-117.164836,4839.5,56.0,2.28,172,80,222,,True,0.0
1902,32.93354,-117.164815,4841.8,56.0,2.34,172,80,222,,True,0.0
1903,32.933543,-117.164788,4844.4,56.0,2.36,173,81,228,,True,0.0
1904,32.933547,-117.164758,4847.1,56.0,2.48,172,82,231,,True,0.0
1905,32.933548,-117.164729,4850.0,56.0,2.62,172,82,234,,True,0.0
1906,32.933551,-117.164702,4852.6,56.0,2.62,172,82,239,,True,0.0
1907,32.933557,-117.164679,4854.9,56.0,2.62,172,82,248,,True,1.6
1908,32.933563,-117.164658,4857.2,56.0,2.56,172,82,248,,True,2.0
1909,32.933574,-117.164626,4859.8,56.0,2.54,172,82,243,,True,3.9
1910,32.933583,-117.164601,4862.6,56.2,2.52,171,82,239,,True,3.7
1911,32.933582,-117.164576,4865.2,56.4,2.52,171,81,240,,True,3.7
1912,32.933583,-117.164541,4868.0,56.4,2.62,171,80,245,,True,1.9
1913,32.933587,-117.164514,4870.5,56.4,2.66,171,80,248,,True,0.0
1914,32.933598,-117.164493,4873.0,56.4,2.64,172,80,252,,True,-1.8
1915,32.933624,-117.164475,4875.7,56.4,2.62,171,79,252,,True,-1.7
1916,32.933651,-117.16446,4879.1,56.2,2.78,171,79,245,,True,-3.3
1917,32.933671,-117.164444,4882.2,56.2,2.84,171,79,241,,True,-3.4
1918,32.933695,-117.164427,4885.0,56.0,2.9,171,79,254,,True,-1.8
1919,32.933711,-117.164402,4887.5,56.0,2.9,171,79,256,,True,0.0
1920,32.933717,-117.164377,4890.3,56.0,2.92,171,80,256,,True,1.9
1921,32.933711,-117.164344,4893.0,56.2,2.78,171,80,251,,True,1.9
1922,32.933704,-117.164323,4895.3,56.2,2.62,171,80,244,,True,3.7
1923,32.9337,-117.164293,4898.3,56.2,2.66,171,80,241,,True,1.8
1924,32.933703,-117.164254,4901.2,56.4,2.74,171,80,239,,True,1.7
1925,32.933701,-117.164229,4903.9,56.4,2.72,171,81,239,,True,0.0
1926,32.933711,-117.164197,4906.9,56.4,2.78,171,81,238,,True,-2.0
1927,32.933718,-117.164177,4909.2,56.2,2.78,171,81,237,,True,-3.3
1928,32.933726,-117.164158,4911.3,56.2,2.6,171,81,235,,True,-3.4
1929,32.933742,-117.164134,4913.7,56.0,2.5,171,81,234,,True,-1.7
1930,32.933747,-117.164108,4916.2,56.0,2.46,171,81,232,,True,-1.6
1931,32.933745,-117.164088,4918.5,56.0,2.32,171,82,230,,True,0.0
1932,32.933747,-117.164054,4921.1,56.0,2.38,171,82,229,,True,0.0
1933,32.933746,-117.164031,4923.5,56.0,2.44,171,82,226,,True,0.0
1934,32.933751,-117.164008,4925.9,56.0,2.44,171,82,226,,True,2.0
1935,32.933762,-117.163974,4928.7,56.0,2.5,171,80,227,,True,2.0
1936,32.933771,-117.163952,4931.2,56.2,2.54,171,80,227,,True,4.0
1937,32.933777,-117.163933,4933.5,56.2,2.48,171,80,227,,True,3.5
1938,32.933797,-117.163907,4935.9,56.4,2.48,171,80,228,,True,1.7
1939,32.933807,-117.163894,4937.9,56.4,2.4,171,80,228,,True,1.7
1940,32.933824,-117.163882,4940.1,56.4,2.28,171,80,228,,True,0.0
1941,32.933839,-117.163855,4942.8,56.4,2.32,171,80,227,,True,0.0
1942,32.933851,-117.163836,4945.0,56.4,2.3,171,80,227,,True,0.0
1943,32.933865,-117.163809,4948.0,56.4,2.42,171,80,228,,True,0.0
1944,32.933874,-117.16378,4950.7,56.4,2.56,171,80,228,,True,1.9
1945,32.93388,-117.163761,4952.9,56.4,2.56,171,80,228,,True,1.7
1946,32.933884,-117.163736,4955.4,56.6,2.52,171,81,229,,True,3.5
1947,32.933891,-117.163713,4957.6,56.6,2.52,171,80,228,,True,3.4
1948,32.933903,-117.163696,4959.5,56.6,2.3,170,80,230,,True,1.7
1949,32.933914,-117.163675,4962.0,56.8,2.26,170,80,231,,True,1.7
1950,32.933931,-117.163649,4964.7,56.8,2.36,170,79,231,,True,2.0
1951,32.933939,-117.163629,4966.9,56.8,2.3,170,79,232,,True,0.0
1952,32.933947,-117.163605,4969.6,56.8,2.4,170,79,234,,True,0.0
1953,32.933958,-117.163583,4971.8,56.8,2.46,170,79,233,,True,0.0
1954,32.933966,-117.163568,4973.6,56.8,2.32,170,79,233,,True,0.0
1955,32.933976,-117.163546,4975.9,56.8,2.24,170,79,233,,True,1.8
1956,32.933992,-117.163523,4978.4,56.8,2.3,170,79,233,,True,1.7
1957,32.934008,-117.163506,4981.0,56.8,2.28,170,79,233,,True,1.7
1958,32.934024,-117.163495,4983.1,57.0,2.26,170,79,234,,True,1.7
1959,32.934046,-117.163483,4985.4,57.0,2.36,170,80,235,,True,1.7
1960,32.934063,-117.163468,4987.6,57.0,2.34,170,80,234,,True,0.0
1961,32.934083,-117.163455,4990.1,57.0,2.34,170,80,235,,True,1.7
1962,32.934105,-117.16345,4992.5,57.0,2.3,171,80,234,,True,1.7
1963,32.934125,-117.163448,4994.7,57.0,2.32,171,79,235,,True,1.6
1964,32.934144,-117.163442,4997.0,57.2,2.32,171,79,236,,True,1.7
1965,32.934167,-117.163424,4999.7,57.2,2.42,171,79,235,,True,1.6
1966,32.93418,-117.163406,5002.4,57.2,2.46,171,80,234,,True,0.0
1967,32.934179,-117.16338,5004.6,57.2,2.42,171,80,234,,True,0.0
1968,32.934169,-117.163347,5007.4,57.2,2.54,171,80,234,,True,0.0
1969,32.934163,-117.163326,5009.7,57.2,2.54,171,80,233,,True,0.0
1970,32.934157,-117.163301,5012.4,57.2,2.54,171,81,232,,True,0.0
1971,32.934155,-117.163268,5015.2,57.2,2.56,171,81,234,,True,0.0
1972,32.934156,-117.163242,5017.6,57.2,2.6,171,81,231,,True,0.0
1973,32.93416,-117.163214,5020.4,57.2,2.6,171,81,230,,True,0.0
1974,32.93417,-117.163178,5023.6,57.2,2.78,171,81,230,,True,0.0
1975,32.934177,-117.16315,5026.6,57.2,2.84,172,80,232,,True,0.0
1976,32.934184,-117.163123,5029.3,57.2,2.82,172,80,233,,True,0.0
1977,32.934192,-117.163093,5032.1,57.2,2.9,172,77,234,,True,0.0
1978,32.934189,-117.163065,5034.7,57.2,2.86,172,77,235,,True,0.0
1979,32.93419,-117.163034,5037.8,57.2,2.84,172,77,236,,True,1.6
1980,32.934186,-117.162992,5041.1,57.2,2.9,172,78,238,,True,1.4
1981,32.934186,-117.162957,5044.9,57.4,3.12,172,80,240,,True,1.4
1982,32.934182,-117.16291,5048.8,57.4,3.34,172,82,245,,True,2.8
1983,32.934171,-117.162882,5052.2,57.4,3.5,173,83,268,,True,1.4
1984,32.934162,-117.162848,5055.5,57.6,3.54,173,83,294,,True,3.0
1985,32.934147,-117.16281,5059.2,57.6,3.62,173,84,295,,True,3.1
1986,32.934137,-117.162786,5062.0,57.8,3.42,173,84,297,,True,1.6
1987,32.934127,-117.162752,5065.2,57.8,3.28,173,84,287,,True,1.7
1988,32.934119,-117.162721,5068.1,57.8,3.18,173,83,275,,True,0.0
1989,32.934111,-117.162695,5071.0,57.8,3.1,173,83,267,,True,1.7
1990,32.934096,-117.16266,5074.2,57.8,3.0,173,83,268,,True,0.0
1991,32.934082,-117.162637,5076.9,58.0,2.98,174,83,267,,True,0.0
1992,32.934064,-117.162607,5080.1,57.8,2.98,174,83,266,,True,0.0
1993,32.934045,-117.162578,5083.2,57.8,3.02,174,83,272,,True,-1.6
1994,32.934028,-117.162559,5086.1,57.8,3.02,174,83,274,,True,0.0
1995,32.934003,-117.162535,5089.2,57.8,3.0,175,83,274,,True,0.0
1996,32.933982,-117.16252,5092.0,57.8,3.02,174,84,274,,True,0.0
1997,32.933959,-117.162507,5094.8,57.8,2.94,174,84,271,,True,0.0
1998,32.933929,-117.162489,5098.4,57.8,3.04,175,84,270,,True,0.0
1999,32.933908,-117.162478,5101.5,57.8,3.08,175,83,271,,True,0.0
2000,32.933881,-117.162457,5104.7,57.8,3.1,175,83,276,,True,0.0
2001,32.933866,-117.162433,5107.3,57.8,3.06,175,83,277,,True,1.7
2002,32.933854,-117.162403,5110.1,57.8,3.06,175,82,278,,True,1.7
2003,32.933846,-117.162366,5113.3,58.0,2.98,175,82,275,,True,1.6
2004,32.933844,-117.162334,5116.3,58.0,2.96,175,82,272,,True,1.6
2005,32.933851,-117.162303,5119.5,58.0,2.96,175,82,271,,True,0.0
2006,32.933857,-117.162268,5122.9,58.0,3.12,176,81,272,,True,0.0
2007,32.93386,-117.162235,5126.3,58.0,3.24,176,81,273,,True,0.0
2008,32.933872,-117.162197,5129.9,58.0,3.32,176,82,278,,True,0.0
2009,32.933885,-117.162173,5132.8,58.0,3.3,175,82,280,,True,1.5
2010,32.933912,-117.162148,5136.3,58.0,3.36,176,82,284,,True,1.5
2011,32.93394,-117.162123,5140.0,58.2,3.42,176,82,291,,True,1.4
2012,32.933961,-117.162102,5143.5,58.2,3.44,176,82,290,,True,1.4
2013,32.933987,-117.16207,5147.5,58.2,3.52,175,83,296,,True,0.0
2014,32.934001,-117.162044,5150.7,58.2,3.58,176,84,297,,True,0.0
2015,32.934013,-117.162019,5153.6,58.2,3.46,176,84,303,,True,1.8
2016,32.934022,-117.161987,5156.4,58.2,3.28,176,84,303,,True,1.8
2017,32.934023,-117.161963,5158.9,58.4,3.08,176,84,296,,True,1.9
2018,32.934026,-117.161936,5161.6,58.4,2.82,176,82,294,,True,1.9
2019,32.934031,-117.161903,5164.4,58.4,2.74,176,82,290,,True,0.0
2020,32.934026,-117.161882,5166.8,58.4,2.64,176,81,287,,True,0.0
2021,32.934022,-117.161856,5169.2,58.4,2.56,176,81,286,,True,0.0
2022,32.934016,-117.161827,5171.5,58.4,2.52,176,81,283,,True,0.0
2023,32.934005,-117.161805,5173.9,58.4,2.46,176,81,281,,True,0.0
2024,32.933998,-117.161775,5176.5,58.4,2.42,176,81,272,,True,0.0
2025,32.934004,-117.161744,5179.3,58.4,2.5,176,81,267,,True,0.0
2026,32.93401,-117.16172,5181.6,58.4,2.48,176,81,264,,True,0.0
2027,32.934023,-117.161699,5184.2,58.4,2.54,176,81,265,,True,1.6
2028,32.934041,-117.161679,5186.5,58.4,2.52,175,81,261,,True,1.6
2029,32.934052,-117.161662,5188.8,58.4,2.46,176,81,259,,True,2.0
2030,32.934066,-117.161636,5191.5,58.6,2.44,176,81,254,,True,1.9
2031,32.934079,-117.16161,5194.2,58.6,2.52,175,80,257,,True,1.8
2032,32.934089,-117.16159,5196.8,58.6,2.52,175,79,258,,True,0.0
2033,32.93411,-117.161563,5199.8,58.6,2.66,175,79,259,,True,0.0
2034,32.934125,-117.16154,5202.6,58.6,2.76,175,79,261,,True,0.0
2035,32.93414,-117.161522,5205.3,58.6,2.76,176,80,268,,True,-1.9
2036,32.934164,-117.161501,5208.3,58.6,2.82,175,80,267,,True,-1.9
2037,32.934182,-117.161489,5210.5,58.4,2.74,175,80,262,,True,0.0
2038,32.934202,-117.16148,5213.0,58.4,2.64,176,80,261,,True,0.0
2039,32.934234,-117.161474,5216.0,58.6,2.68,175,80,255,,True,1.9
2040,32.934252,-117.161468,5218.3,58.6,2.6,175,81,253,,True,1.8
2041,32.934274,-117.161462,5221.0,58.6,2.54,175,81,251,,True,1.6
2042,32.934304,-117.16146,5223.9,58.6,2.68,175,81,253,,True,2.0
2043,32.93432,-117.161463,5225.8,58.6,2.56,175,80,254,,True,1.9
2044,32.934342,-117.161468,5228.5,58.8,2.5,175,80,256,,True,1.6
2045,32.934374,-117.16147,5231.3,58.8,2.6,175,81,252,,True,1.9
2046,32.934389,-117.161462,5233.6,58.8,2.52,175,81,251,,True,0.0
2047,32.934412,-117.161456,5236.5,58.8,2.52,175,81,251,,True,-2.0
2048,32.934439,-117.161452,5238.9,58.8,2.62,175,81,253,,True,-1.9
2049,32.934458,-117.161441,5241.3,58.6,2.56,175,80,248,,True,0.0
2050,32.934482,-117.161431,5244.0,58.6,2.54,176,80,248,,True,0.0
2051,32.934511,-117.161418,5247.1,58.8,2.7,175,80,249,,True,1.7
2052,32.934529,-117.161399,5249.9,58.8,2.68,175,81,248,,True,1.8
2053,32.934547,-117.161373,5253.0,58.8,2.82,175,81,255,,True,-1.9
2054,32.934545,-117.161349,5255.1,58.8,2.76,176,81,255,,True,-1.9
2055,32.934536,-117.161324,5257.4,58.6,2.68,175,81,255,,True,-3.3
2056,32.93452,-117.161298,5260.2,58.6,2.62,175,81,251,,True,-3.1
2057,32.934507,-117.161276,5262.7,58.4,2.56,175,80,246,,True,-1.9
2058,32.9345,-117.161252,5265.0,58.4,2.4,175,80,244,,True,-2.0
2059,32.934495,-117.161219,5267.8,58.4,2.54,175,81,241,,True,0.0
2060,32.934494,-117.161196,5270.2,58.4,2.56,175,81,238,,True,0.0
2061,32.934499,-117.161171,5272.5,58.4,2.46,175,80,238,,True,1.6
2062,32.934513,-117.161145,5275.0,58.4,2.46,174,80,237,,True,1.6
2063,32.934521,-117.161121,5277.4,58.4,2.48,174,81,236,,True,2.0
2064,32.934532,-117.161096,5280.1,58.6,2.46,173,81,235,,True,0.0
2065,32.934547,-117.161073,5282.6,58.6,2.48,173,81,235,,True,0.0
2066,32.934558,-117.161055,5284.8,58.6,2.46,173,81,236,,True,-1.9
2067,32.934572,-117.161028,5287.4,58.4,2.48,173,81,235,,True,-1.8
2068,32.934584,-117.160999,5290.5,58.4,2.62,173,81,234,,True,-1.8
2069,32.934596,-117.160975,5293.6,58.4,2.7,173,80,234,,True,1.8
2070,32.934611,-117.160952,5296.2,58.4,2.72,173,80,234,,True,1.9
2071,32.934623,-117.16093,5298.8,58.6,2.8,173,80,236,,True,4.0
2072,32.934635,-117.160913,5301.2,58.6,2.76,172,81,236,,True,3.4
2073,32.934653,-117.16089,5303.7,58.8,2.64,172,81,235,,True,1.6
2074,32.934661,-117.16087,5305.9,58.8,2.46,172,81,235,,True,0.0
2075,32.934671,-117.16085,5308.1,58.8,2.38,172,80,235,,True,-2.0
2076,32.93469,-117.160822,5311.0,58.8,2.44,172,80,234,,True,-1.9
2077,32.934707,-117.160806,5313.8,58.6,2.52,172,80,233,,True,-1.8
2078,32.934725,-117.160785,5316.6,58.6,2.58,172,81,234,,True,-1.9
2079,32.93474,-117.16076,5319.4,58.6,2.7,172,81,234,,True,0.0
2080,32.934747,-117.160739,5321.7,58.6,2.72,171,81,234,,True,1.7
2081,32.934758,-117.16072,5324.0,58.6,2.6,171,81,236,,True,1.7
2082,32.934774,-117.160696,5326.2,58.8,2.48,171,81,236,,True,0.0
2083,32.934786,-117.160679,5328.6,58.8,2.4,171,81,235,,True,0.0
2084,32.934806,-117.160657,5331.4,58.8,2.4,171,79,237,,True,-1.9
2085,32.934824,-117.160633,5334.2,58.6,2.5,171,79,236,,True,-1.9
2086,32.934839,-117.160616,5336.8,58.6,2.56,171,79,236,,True,-1.8
2087,32.934858,-117.160597,5339.4,58.6,2.64,171,81,235,,True,0.0
2088,32.934879,-117.160575,5342.4,58.6,2.76,171,81,234,,True,0.0
2089,32.93489,-117.160551,5345.1,58.6,2.74,171,81,234,,True,0.0
2090,32.934912,-117.160525,5348.3,58.6,2.82,171,81,236,,True,0.0
2091,32.934928,-117.160499,5351.3,58.6,2.9,171,81,235,,True,0.0
2092,32.934934,-117.160471,5354.2,58.6,2.96,171,81,236,,True,0.0
2093,32.934942,-117.16044,5357.1,58.6,2.94,172,80,237,,True,0.0
2094,32.934951,-117.160415,5359.6,58.6,2.9,171,80,237,,True,0.0
2095,32.934962,-117.160389,5362.8,58.6,2.9,171,81,236,,True,-1.7
2096,32.934975,-117.160352,5366.1,58.6,2.96,171,81,235,,True,-1.7
2097,32.934978,-117.160326,5368.8,58.4,2.92,171,81,235,,True,-1.7
2098,32.934983,-117.160297,5371.6,58.4,2.9,171,81,236,,True,-1.8
2099,32.934986,-117.160259,5374.7,58.4,3.02,171,81,238,,True,0.0
2100,32.934982,-117.160237,5377.5,58.4,2.94,172,81,238,,True,0.0
2101,32.93497,-117.160207,5380.1,58.4,2.8,172,81,237,,True,1.7
2102,32.934962,-117.160181,5382.6,58.4,2.76,172,81,237,,True,1.8
2103,32.934958,-117.160161,5384.5,58.6,2.58,172,81,237,,True,3.6
2104,32.934967,-117.160135,5386.7,58.6,2.4,172,81,236,,True,3.5
2105,32.934983,-117.160121,5388.9,58.6,2.28,172,81,236,,True,3.1
2106,32.935004,-117.160115,5391.3,58.8,2.24,173,81,235,,True,3.8
2107,32.935031,-117.160105,5394.1,58.8,2.3,173,81,237,,True,5.5
2108,32.935051,-117.160096,5397.3,59.0,2.56,173,81,239,,True,3.6
2109,32.935069,-117.160078,5399.8,59.2,2.62,173,81,243,,True,3.9
2110,32.935087,-117.160055,5402.3,59.2,2.68,174,81,245,,True,1.7
2111,32.935097,-117.160038,5404.4,59.2,2.62,174,81,244,,True,-1.8
2112,32.935109,-117.160017,5406.8,59.2,2.54,174,80,246,,True,-1.8
2113,32.935117,-117.159993,5409.1,59.2,2.36,174,80,246,,True,-1.8
2114,32.935122,-117.159976,5411.1,59.0,2.26,174,79,246,,True,-1.8
2115,32.935123,-117.159954,5413.3,59.0,2.2,174,79,247,,True,-1.8
2116,32.935132,-117.159926,5415.6,59.0,2.24,174,79,247,,True,0.0
2117,32.935141,-117.159905,5417.9,59.0,2.22,174,79,246,,True,1.7
2118,32.93515,-117.159884,5420.2,59.0,2.22,174,79,245,,True,1.6
2119,32.935167,-117.159855,5422.7,59.0,2.32,174,79,244,,True,1.6
2120,32.935184,-117.159839,5425.2,59.2,2.38,175,79,243,,True,1.9
2121,32.935197,-117.159821,5427.8,59.2,2.44,174,80,244,,True,1.9
2122,32.935207,-117.159788,5430.7,59.2,2.56,174,80,244,,True,2.0
2123,32.935204,-117.159766,5433.0,59.2,2.56,174,81,244,,True,2.0
2124,32.9352,-117.15974,5435.3,59.4,2.52,174,81,244,,True,0.0
2125,32.935195,-117.159707,5437.9,59.4,2.54,174,81,243,,True,0.0
2126,32.93519,-117.15968,5440.7,59.2,2.58,174,80,241,,True,-1.9
2127,32.935183,-117.159658,5443.3,59.2,2.52,173,81,240,,True,-1.9
2128,32.935181,-117.159627,5445.6,59.2,2.52,173,81,241,,True,0.0
2129,32.935179,-117.159603,5448.2,59.2,2.58,173,81,240,,True,0.0
2130,32.935187,-117.15957,5451.3,59.2,2.68,172,81,239,,True,0.0
2131,32.935206,-117.159543,5454.2,59.2,2.7,172,81,241,,True,0.0
2132,32.935219,-117.159522,5457.0,59.2,2.74,172,81,242,,True,0.0
2133,32.935237,-117.1595,5459.8,59.2,2.84,173,80,244,,True,2.0
2134,32.935248,-117.159479,5462.3,59.2,2.82,172,80,244,,True,0.0
2135,32.935259,-117.159465,5464.3,59.4,2.6,172,80,243,,True,0.0
2136,32.935276,-117.159449,5466.3,59.2,2.42,171,80,243,,True,1.8
2137,32.935295,-117.159428,5468.9,59.2,2.38,171,80,242,,True,0.0
2138,32.935304,-117.159412,5471.0,59.2,2.24,171,80,240,,True,3.3
2139,32.935311,-117.159389,5473.2,59.4,2.18,171,80,241,,True,3.2
2140,32.935324,-117.159356,5476.2,59.4,2.38,171,79,242,,True,3.9
2141,32.935334,-117.159338,5478.6,59.6,2.46,171,79,241,,True,3.7
2142,32.935347,-117.159316,5481.3,59.6,2.48,170,79,241,,True,4.0
2143,32.935356,-117.159285,5484.0,59.8,2.6,171,79,241,,True,2.0
2144,32.935358,-117.159265,5486.3,59.8,2.62,171,79,241,,True,0.0
2145,32.935365,-117.159238,5488.8,59.8,2.52,171,79,240,,True,-3.4
2146,32.935376,-117.159211,5491.3,59.6,2.54,170,80,238,,True,-4.9
2147,32.935375,-117.159192,5493.3,59.6,2.4,171,80,234,,True,-5.0
2148,32.935378,-117.159163,5495.9,59.4,2.38,171,80,233,,True,-3.3
2149,32.935382,-117.159136,5498.6,59.2,2.46,171,81,231,,True,-4.0
2150,32.935384,-117.159115,5500.9,59.2,2.42,171,80,229,,True,0.0
2151,32.93539,-117.159086,5503.3,59.2,2.4,171,81,229,,True,1.6
2152,32.935399,-117.159061,5505.7,59.2,2.48,171,81,228,,True,1.6
2153,32.935404,-117.15904,5508.1,59.4,2.44,172,81,227,,True,2.0
2154,32.935412,-117.159008,5510.8,59.4,2.44,172,81,227,,True,3.2
2155,32.935416,-117.158984,5513.3,59.4,2.48,172,81,227,,True,2.0
2156,32.935426,-117.158962,5515.6,59.6,2.46,172,80,227,,True,1.6
2157,32.935447,-117.15894,5518.2,59.6,2.5,171,80,227,,True,2.0
2158,32.935465,-117.158924,5520.6,59.6,2.5,171,80,228,,True,0.0
2159,32.935481,-117.158908,5523.4,59.6,2.52,171,80,229,,True,0.0
2160,32.935506,-117.158886,5526.4,59.6,2.62,171,80,229,,True,-1.9
2161,32.935521,-117.158867,5529.0,59.6,2.68,172,80,228,,True,-1.9
2162,32.935532,-117.15885,5531.3,59.4,2.62,171,80,228,,True,-3.8
2163,32.935551,-117.15882,5534.1,59.4,2.7,171,80,227,,True,-3.8
2164,32.935566,-117.158802,5537.0,59.2,2.72,171,80,226,,True,-1.8
2165,32.935582,-117.158785,5539.5,59.2,2.62,171,80,226,,True,-1.9
2166,32.935605,-117.158765,5542.5,59.2,2.7,171,79,225,,True,2.0
2167,32.935618,-117.158747,5544.9,59.2,2.72,171,79,226,,True,1.9
2168,32.935631,-117.15873,5547.1,59.4,2.6,170,79,227,,True,2.0
2169,32.935661,-117.158713,5550.1,59.4,2.62,170,80,227,,True,3.8
2170,32.935678,-117.158706,5552.5,59.4,2.6,170,80,227,,True,1.8
2171,32.935702,-117.158694,5555.4,59.6,2.58,170,81,227,,True,2.0
2172,32.935728,-117.158683,5558.3,59.6,2.68,169,81,229,,True,1.9
2173,32.935741,-117.158674,5560.1,59.6,2.6,169,81,229,,True,0.0
2174,32.935769,-117.158662,5563.0,59.6,2.58,169,81,230,,True,0.0
2175,32.935783,-117.158647,5565.3,59.6,2.56,169,81,230,,True,0.0
2176,32.935789,-117.158631,5567.2,59.6,2.36,169,81,229,,True,0.0
2177,32.935797,-117.158607,5569.3,59.6,2.2,169,81,230,,True,0.0
2178,32.935805,-117.158584,5571.7,59.6,2.32,168,81,231,,True,0.0
2179,32.935809,-117.158568,5573.5,59.6,2.1,168,81,230,,True,0.0
2180,32.935815,-117.158547,5575.6,59.6,2.06,168,81,228,,True,0.0
2181,32.935827,-117.158528,5577.4,59.6,2.04,168,80,228,,True,-1.6
2182,32.935834,-117.158512,5579.4,59.6,2.02,168,80,226,,True,-1.9
2183,32.935843,-117.158488,5581.5,59.6,1.96,168,80,225,,True,0.0
2184,32.935847,-117.15846,5583.9,59.4,2.08,168,80,224,,True,0.0
2185,32.935849,-117.158439,5586.2,59.4,2.12,168,80,222,,True,0.0
2186,32.935854,-117.158411,5588.8,59.6,2.28,168,80,222,,True,3.3
2187,32.93586,-117.15838,5591.5,59.6,2.42,168,80,223,,True,3.3
2188,32.935864,-117.158363,5593.8,59.6,2.46,168,80,222,,True,1.7
2189,32.93587,-117.158337,5596.1,59.8,2.44,168,79,223,,True,1.7
2190,32.935885,-117.158312,5598.4,59.8,2.44,168,79,225,,True,1.6
2191,32.935895,-117.158294,5600.5,59.8,2.34,168,79,225,,True,0.0
2192,32.935913,-117.15827,5603.3,59.8,2.36,168,79,226,,True,0.0
2193,32.935931,-117.158247,5606.3,59.8,2.5,168,80,225,,True,0.0
2194,32.935947,-117.158229,5609.1,59.8,2.6,168,79,227,,True,0.0
2195,32.935966,-117.158209,5611.4,59.8,2.6,168,80,227,,True,0.0
2196,32.935982,-117.158188,5614.0,59.8,2.7,168,80,228,,True,0.0
2197,32.935994,-117.158169,5616.5,59.8,2.64,168,80,228,,True,0.0
2198,32.93601,-117.158148,5619.1,59.8,2.56,168,81,228,,True,0.0
2199,32.936022,-117.15813,5621.1,59.8,2.4,168,81,226,,True,0.0
2200,32.936033,-117.158111,5623.5,59.8,2.42,169,81,225,,True,0.0
2201,32.936044,-117.15809,5625.8,59.8,2.36,169,80,225,,True,0.0
2202,32.936049,-117.158071,5627.7,59.8,2.24,169,80,223,,True,0.0
2203,32.936058,-117.158051,5629.9,59.8,2.16,169,80,222,,True,0.0
2204,32.936068,-117.158032,5631.8,59.8,2.14,169,79,223,,True,1.9
2205,32.936076,-117.158006,5634.3,59.8,2.16,169,79,222,,True,1.8
2206,32.936081,-117.157988,5636.2,59.8,2.08,169,79,222,,True,1.8
2207,32.936088,-117.157962,5638.5,60.0,2.16,169,79,221,,True,1.8
2208,32.936094,-117.157938,5640.8,60.0,2.18,170,78,220,,True,1.7
2209,32.936096,-117.157916,5643.1,60.0,2.26,169,78,220,,True,0.0
2210,32.936099,-117.157887,5645.5,60.0,2.24,169,79,220,,True,0.0
2211,32.93611,-117.15786,5648.0,60.0,2.36,169,79,220,,True,1.6
2212,32.93612,-117.157839,5650.4,60.0,2.38,170,79,220,,True,1.6
2213,32.936135,-117.157818,5652.8,60.0,2.4,169,80,220,,True,3.2
2214,32.936162,-117.157808,5655.3,60.2,2.44,169,80,221,,True,3.9
2215,32.936177,-117.157797,5657.7,60.2,2.44,169,79,223,,True,3.7
2216,32.936201,-117.15779,5660.6,60.4,2.52,169,79,224,,True,1.8
2217,32.936231,-117.157785,5663.6,60.4,2.64,169,79,226,,True,1.8
2218,32.93625,-117.157777,5666.3,60.4,2.7,169,79,229,,True,-1.9
2219,32.936273,-117.157776,5668.8,60.4,2.7,169,79,230,,True,-1.6
2220,32.936294,-117.157772,5671.2,60.2,2.7,168,79,230,,True,-1.7
2221,32.936312,-117.157774,5673.2,60.2,2.52,168,79,231,,True,-1.8
2222,32.936336,-117.157778,5676.0,60.2,2.48,168,80,231,,True,0.0
2223,32.936356,-117.157788,5678.1,60.2,2.36,168,80,231,,True,-1.7
2224,32.936371,-117.157796,5680.0,60.2,2.24,168,80,229,,True,-1.8
2225,32.936396,-117.157808,5682.8,60.2,2.32,168,80,227,,True,-3.4
2226,32.936418,-117.157806,5684.9,60.0,2.34,168,80,226,,True,-3.3
2227,32.936437,-117.157798,5687.1,60.0,2.22,168,80,223,,True,-3.7
2228,32.936459,-117.15778,5689.8,59.8,2.34,168,80,219,,True,-1.9
2229,32.93647,-117.157762,5692.1,59.8,2.42,168,80,216,,True,-2.0
2230,32.936477,-117.15775,5693.6,59.8,2.16,168,80,214,,True,0.0
2231,32.936483,-117.157725,5695.4,59.8,2.1,167,82,212,,True,0.0
2232,32.93649,-117.157705,5697.3,59.8,2.04,167,82,210,,True,1.8
2233,32.936501,-117.157681,5699.8,59.8,2.0,167,82,207,,True,1.7
2234,32.936515,-117.157656,5702.7,59.8,2.12,168,81,205,,True,2.0
2235,32.936528,-117.157636,5705.0,60.0,2.28,168,80,206,,True,1.9
2236,32.93654,-117.157615,5707.4,60.0,2.4,168,80,208,,True,2.0
2237,32.936555,-117.157588,5710.1,60.0,2.56,168,80,208,,True,1.9
2238,32.936567,-117.157561,5712.9,60.0,2.62,168,80,209,,True,1.7
2239,32.936574,-117.157546,5715.3,60.2,2.52,169,78,211,,True,1.7
2240,32.936574,-117.157522,5717.3,60.2,2.46,168,78,211,,True,1.8
2241,32.936568,-117.157497,5719.3,60.2,2.38,169,78,211,,True,0.0
2242,32.936567,-117.157476,5721.9,60.2,2.36,169,78,209,,True,0.0
2243,32.936567,-117.157452,5724.0,60.2,2.22,169,79,208,,True,0.0
2244,32.936578,-117.157427,5726.2,60.2,2.18,169,79,208,,True,1.8
2245,32.936582,-117.157405,5728.4,60.2,2.22,169,79,208,,True,1.8
2246,32.936593,-117.157383,5730.5,60.2,2.24,168,78,209,,True,1.8
2247,32.936612,-117.157362,5733.1,60.4,2.24,169,78,211,,True,3.4
2248,32.936625,-117.157349,5735.1,60.4,2.22,169,79,213,,True,3.4
2249,32.936638,-117.157332,5737.3,60.4,2.22,169,79,214,,True,1.8
2250,32.936652,-117.157306,5740.0,60.6,2.32,170,79,215,,True,1.7
2251,32.936658,-117.157289,5742.4,60.6,2.38,169,79,215,,True,1.6
2252,32.936661,-117.157264,5744.4,60.6,2.26,169,79,216,,True,0.0
2253,32.936671,-117.157232,5747.2,60.6,2.42,170,80,217,,True,0.0
2254,32.936676,-117.157212,5749.5,60.6,2.44,169,80,216,,True,0.0
2255,32.936678,-117.157186,5752.0,60.6,2.4,169,80,216,,True,0.0
2256,32.936687,-117.157159,5754.5,60.6,2.42,170,79,217,,True,-1.6
2257,32.936692,-117.157137,5756.8,60.6,2.48,169,79,216,,True,-1.6
2258,32.936701,-117.157114,5759.1,60.6,2.38,170,79,216,,True,-1.7
2259,32.936721,-117.157092,5761.8,60.4,2.46,170,79,215,,True,-1.7
2260,32.936732,-117.157074,5764.2,60.4,2.44,170,79,214,,True,-1.8
2261,32.936741,-117.157057,5766.2,60.4,2.34,170,79,214,,True,0.0
2262,32.936756,-117.157031,5768.6,60.4,2.36,169,79,215,,True,1.9
2263,32.936763,-117.157016,5770.5,60.4,2.28,170,79,215,,True,1.9
2264,32.936766,-117.156997,5772.4,60.4,2.12,170,79,215,,True,1.8
2265,32.936769,-117.156967,5774.6,60.6,2.08,170,79,214,,True,1.7
2266,32.93677,-117.156943,5777.0,60.6,2.16,170,79,212,,True,2.0
2267,32.936759,-117.156911,5779.6,60.6,2.2,170,80,210,,True,-1.8
2268,32.936744,-117.156886,5782.4,60.6,2.38,171,80,210,,True,-1.6
2269,32.936731,-117.156855,5785.6,60.4,2.64,171,80,209,,True,-1.5
2270,32.936706,-117.156822,5789.5,60.4,2.98,171,81,213,,True,0.0
2271,32.936686,-117.156799,5792.9,60.4,3.18,171,82,213,,True,1.4
2272,32.936657,-117.156775,5796.7,60.6,3.42,170,83,212,,True,1.5
2273,32.936637,-117.156759,5799.5,60.6,3.42,171,84,214,,True,1.6
2274,32.936615,-117.156739,5802.5,60.6,3.38,171,84,219,,True,0.0
2275,32.936599,-117.156708,5805.3,60.6,3.16,171,84,234,,True,0.0
2276,32.936584,-117.156684,5808.3,60.6,3.08,171,84,241,,True,0.0
2277,32.936575,-117.15665,5811.4,60.6,2.94,171,84,241,,True,1.6
2278,32.936565,-117.156618,5814.7,60.6,3.04,171,84,248,,True,1.6
2279,32.936554,-117.156589,5817.7,60.8,3.04,171,84,252,,True,1.6
2280,32.936544,-117.156553,5820.7,60.8,3.08,172,84,258,,True,3.3
2281,32.936532,-117.156529,5823.7,60.8,3.08,172,84,258,,True,0.0
2282,32.93652,-117.156499,5826.8,61.0,3.08,171,84,257,,True,0.0
2283,32.936504,-117.156469,5830.0,60.8,3.06,171,83,257,,True,0.0
2284,32.936491,-117.156444,5833.0,60.8,3.06,171,83,255,,True,-3.3
2285,32.936472,-117.156411,5836.1,60.8,3.08,172,83,257,,True,-1.7
2286,32.936459,-117.156389,5839.1,60.6,3.08,171,82,259,,True,-1.7
2287,32.936446,-117.156365,5841.8,60.6,3.0,172,82,260,,True,0.0
2288,32.936437,-117.156329,5844.8,60.6,2.96,172,82,259,,True,1.8
2289,32.936428,-117.156306,5847.6,60.8,2.92,172,82,253,,True,1.8
2290,32.936419,-117.156281,5850.0,60.8,2.78,171,83,252,,True,3.8
2291,32.936424,-117.156246,5852.7,60.8,2.72,172,83,251,,True,1.9
2292,32.936422,-117.15622,5855.3,61.0,2.7,172,82,247,,True,1.7
2293,32.93642,-117.156188,5858.2,61.0,2.68,172,81,247,,True,3.4
2294,32.936426,-117.156149,5861.9,61.0,2.86,172,81,246,,True,1.7
2295,32.936424,-117.156124,5864.6,61.2,2.92,173,81,245,,True,1.7
2296,32.936426,-117.156096,5867.1,61.2,2.88,173,80,260,,True,1.9
2297,32.936435,-117.156066,5869.8,61.2,2.9,174,80,261,,True,0.0
2298,32.936446,-117.156046,5872.2,61.2,2.8,174,81,254,,True,0.0
2299,32.936462,-117.15602,5875.1,61.2,2.64,174,81,249,,True,0.0
2300,32.936473,-117.155994,5877.8,61.2,2.64,175,81,250,,True,0.0
2301,32.936479,-117.155971,5880.5,61.2,2.68,175,81,251,,True,0.0
2302,32.936488,-117.155939,5883.4,61.2,2.72,175,81,252,,True,0.0
2303,32.93649,-117.155912,5886.0,61.2,2.76,176,81,250,,True,0.0
2304,32.936493,-117.155891,5888.2,61.2,2.62,176,81,252,,True,0.0
2305,32.9365,-117.155863,5890.6,61.2,2.56,176,81,252,,True,1.8
2306,32.936506,-117.155844,5892.7,61.2,2.44,176,80,249,,True,1.8
2307,32.93651,-117.155825,5894.5,61.2,2.22,176,80,249,,True,1.8
2308,32.936515,-117.155791,5897.0,61.4,2.2,176,80,246,,True,1.8
2309,32.936514,-117.155768,5899.5,61.4,2.26,175,80,243,,True,1.6
2310,32.936512,-117.155748,5901.6,61.4,2.2,176,80,243,,True,0.0
2311,32.936514,-117.155716,5904.1,61.4,2.28,176,80,242,,True,0.0
2312,32.936517,-117.15569,5907.0,61.4,2.5,176,80,241,,True,0.0
2313,32.936514,-117.155666,5909.6,61.4,2.52,176,80,241,,True,1.9
2314,32.936513,-117.155636,5912.1,61.4,2.52,176,80,242,,True,1.7
2315,32.936511,-117.155615,5914.4,61.6,2.56,176,80,242,,True,3.6
2316,32.93651,-117.155595,5916.5,61.6,2.48,176,80,243,,True,3.7
2317,32.936512,-117.155568,5918.6,61.6,2.32,175,80,243,,True,0.0
2318,32.936513,-117.155546,5920.7,61.8,2.22,175,79,241,,True,0.0
2319,32.936516,-117.155527,5922.8,61.8,2.14,175,79,241,,True,-1.8
2320,32.936527,-117.155499,5925.1,61.6,2.14,175,79,239,,True,-3.7
2321,32.936535,-117.15548,5927.3,61.6,2.16,175,79,236,,True,-4.0
2322,32.936538,-117.155459,5929.5,61.4,2.18,175,79,236,,True,-2.0
2323,32.93654,-117.155436,5931.4,61.4,2.14,175,79,235,,True,-1.6
2324,32.936543,-117.15542,5932.9,61.4,2.02,175,79,232,,True,0.0
2325,32.936547,-117.1554,5935.0,61.4,1.98,174,80,230,,True,0.0
2326,32.936548,-117.155367,5937.4,61.4,2.02,174,80,227,,True,0.0
2327,32.936541,-117.15535,5939.4,61.4,1.98,174,80,224,,True,-1.8
2328,32.936535,-117.155328,5941.4,61.4,2.0,174,80,223,,True,-1.8
2329,32.936523,-117.155303,5943.8,61.4,2.18,174,80,221,,True,-1.7
2330,32.936512,-117.155282,5946.1,61.2,2.22,173,79,219,,True,-2.0
2331,32.936498,-117.155263,5948.6,61.2,2.24,174,79,220,,True,0.0
2332,32.936485,-117.155235,5951.5,61.2,2.42,174,79,219,,True,0.0
2333,32.936474,-117.155216,5954.1,61.4,2.54,173,79,218,,True,0.0
2334,32.936466,-117.1552,5955.8,61.2,2.4,173,79,218,,True,0.0
2335,32.936452,-117.155173,5958.3,61.2,2.44,173,80,217,,True,-1.6
2336,32.93644,-117.15515,5961.2,61.2,2.52,173,80,214,,True,0.0
2337,32.936431,-117.155126,5963.8,61.2,2.46,173,80,213,,True,0.0
2338,32.936429,-117.155095,5966.5,61.2,2.48,172,80,213,,True,-2.0
2339,32.936424,-117.155073,5968.9,61.2,2.62,172,80,212,,True,-1.9
2340,32.936419,-117.155049,5971.3,61.0,2.6,172,79,212,,True,-1.8
2341,32.936415,-117.15501,5974.2,61.0,2.6,172,79,212,,True,-1.8
2342,32.936414,-117.154982,5977.5,61.0,2.74,172,79,213,,True,0.0
2343,32.936424,-117.154955,5980.2,61.0,2.74,173,79,212,,True,1.7
2344,32.936441,-117.154924,5983.4,61.0,2.9,172,80,214,,True,1.7
2345,32.936455,-117.154903,5986.3,61.2,3.0,171,80,215,,True,3.2
2346,32.936474,-117.154881,5989.4,61.2,3.04,171,80,217,,True,3.4
2347,32.9365,-117.154857,5992.7,61.4,3.04,171,81,221,,True,3.4
2348,32.936518,-117.154843,5995.3,61.4,3.02,171,81,222,,True,3.4
2349,32.936538,-117.154829,5998.0,61.6,2.92,171,81,226,,True,1.9
2350,32.936553,-117.154801,6001.0,61.6,2.94,171,80,227,,True,1.9
2351,32.936559,-117.154782,6003.2,61.6,2.76,171,80,228,,True,1.9
2352,32.936573,-117.154762,6005.7,61.6,2.6,171,80,230,,True,1.7
2353,32.936593,-117.15474,6008.5,61.8,2.64,171,80,232,,True,3.2
2354,32.936612,-117.154727,6010.6,61.8,2.52,171,80,235,,True,4.0
2355,32.936628,-117.154713,6012.9,61.8,2.38,171,80,237,,True,1.7
2356,32.936651,-117.154693,6015.8,62.0,2.52,171,80,238,,True,1.6
2357,32.936666,-117.154683,6017.9,62.0,2.44,170,79,240,,True,0.0
2358,32.936681,-117.154666,6020.3,62.0,2.36,170,76,241,,True,-1.7
2359,32.936695,-117.154646,6022.8,62.0,2.44,170,76,242,,True,-1.6
2360,32.936713,-117.154626,6025.3,61.8,2.48,170,77,240,,True,-2.0
2361,32.936728,-117.154614,6027.7,61.8,2.38,169,79,239,,True,0.0
2362,32.936747,-117.154595,6030.3,61.8,2.48,170,80,239,,True,3.4
2363,32.936759,-117.154579,6032.5,62.0,2.44,170,80,239,,True,3.5
2364,32.93677,-117.15456,6034.7,62.0,2.38,169,80,240,,True,5.5
2365,32.936783,-117.154533,6037.0,62.2,2.34,170,80,239,,True,1.7
2366,32.936788,-117.154515,6039.0,62.2,2.26,170,80,237,,True,1.7
2367,32.936795,-117.154494,6041.2,62.4,2.18,169,80,236,,True,0.0
2368,32.936808,-117.154462,6044.0,62.2,2.3,170,80,234,,True,0.0
2369,32.936816,-117.15444,6046.4,62.2,2.34,170,80,233,,True,-1.9
2370,32.936825,-117.154418,6048.9,62.2,2.38,169,80,234,,True,1.6
2371,32.936835,-117.154389,6051.5,62.2,2.5,170,80,235,,True,1.5
2372,32.93684,-117.154368,6053.8,62.2,2.52,170,80,236,,True,1.8
2373,32.936848,-117.154342,6056.3,62.4,2.46,169,80,239,,True,1.9
2374,32.936856,-117.154303,6059.8,62.4,2.68,170,80,240,,True,1.9
2375,32.93686,-117.154283,6062.0,62.4,2.62,170,79,240,,True,0.0
2376,32.936861,-117.154263,6064.2,62.4,2.54,170,79,243,,True,1.8
2377,32.936861,-117.154231,6066.3,62.4,2.5,171,80,246,,True,1.8
2378,32.936861,-117.154208,6068.4,62.4,2.42,171,80,244,,True,3.6
2379,32.936857,-117.154183,6071.2,62.6,2.28,171,80,244,,True,3.4
2380,32.936846,-117.154161,6073.2,62.6,2.24,171,80,244,,True,1.8
2381,32.936832,-117.154144,6075.4,62.8,2.24,171,80,242,,True,0.0
2382,32.936819,-117.154127,6077.9,62.8,2.32,171,80,241,,True,0.0
2383,32.9368,-117.15411,6079.8,62.6,2.28,171,79,239,,True,-3.3
2384,32.936785,-117.154096,6082.0,62.6,2.16,172,79,236,,True,-3.3
2385,32.936767,-117.154079,6084.9,62.6,2.34,171,79,234,,True,-1.9
2386,32.936744,-117.15406,6087.6,62.4,2.44,171,80,232,,True,-1.9
2387,32.936731,-117.154044,6090.2,62.4,2.46,172,80,229,,True,-2.0
2388,32.936717,-117.154027,6092.5,62.4,2.54,171,80,230,,True,0.0
2389,32.936699,-117.154009,6094.9,62.4,2.58,171,80,229,,True,0.0
2390,32.936687,-117.153997,6096.6,62.4,2.34,172,80,227,,True,-1.9
2391,32.936671,-117.153983,6099.1,62.4,2.3,171,80,226,,True,-1.9
2392,32.936653,-117.153971,6101.1,62.4,2.18,171,79,222,,True,-1.8
2393,32.936635,-117.153966,6103.2,62.2,2.14,171,79,222,,True,-1.9
2394,32.936618,-117.153961,6105.3,62.2,2.08,171,79,219,,True,-1.7
2395,32.936592,-117.153956,6107.6,62.2,2.2,171,79,216,,True,0.0
2396,32.936571,-117.153955,6109.9,62.2,2.16,170,79,215,,True,0.0
2397,32.936548,-117.153951,6112.7,62.2,2.32,170,79,215,,True,0.0
2398,32.936521,-117.153942,6115.4,62.2,2.44,170,79,214,,True,0.0
2399,32.936503,-117.153931,6117.9,62.2,2.52,170,79,215,,True,0.0
2400,32.936487,-117.153914,6120.2,62.2,2.52,169,79,215,,True,0.0
2401,32.936481,-117.153877,6122.9,62.2,2.6,169,79,214,,True,-1.8
2402,32.93648,-117.153843,6126.3,62.2,2.72,169,80,213,,True,-3.3
2403,32.936483,-117.153815,6129.3,62.0,2.78,169,80,212,,True,-4.8
2404,32.936487,-117.153784,6132.2,61.8,2.86,169,79,213,,True,-6.9
2405,32.936494,-117.153751,6135.3,61.6,3.02,169,79,213,,True,-5.5
2406,32.936497,-117.153728,6137.9,61.4,3.0,170,79,214,,True,-4.0
2407,32.9365,-117.153706,6140.2,61.4,2.78,169,78,216,,True,0.0
2408,32.936507,-117.153685,6142.3,61.4,2.6,169,78,216,,True,3.2
2409,32.936511,-117.153664,6144.4,61.6,2.44,170,78,215,,True,4.0
2410,32.936517,-117.153631,6147.1,61.6,2.36,170,79,214,,True,5.5
2411,32.936521,-117.153596,6150.3,61.8,2.48,170,79,213,,True,3.2
2412,32.936523,-117.153564,6153.3,62.0,2.62,170,79,214,,True,4.6
2413,32.936526,-117.153523,6156.9,62.0,2.92,170,79,216,,True,2.9
2414,32.936534,-117.153491,6160.2,62.2,3.16,169,85,212,,True,2.9
2415,32.93655,-117.153447,6164.3,62.2,3.44,169,85,271,,True,4.4
2416,32.936557,-117.15342,6167.3,62.4,3.4,169,85,278,,True,2.9
2417,32.936563,-117.153385,6170.4,62.6,3.42,169,85,276,,True,3.1
2418,32.936563,-117.153346,6174.0,62.6,3.42,170,85,278,,True,1.5
2419,32.936552,-117.153312,6177.4,62.6,3.44,170,85,258,,True,0.0
2420,32.936537,-117.153276,6181.0,62.6,3.34,171,85,262,,True,1.6
2421,32.936527,-117.153254,6183.7,62.6,3.28,172,85,267,,True,1.5
2422,32.936512,-117.153223,6186.9,62.8,3.3,172,84,268,,True,0.0
2423,32.936505,-117.153179,6190.8,62.8,3.36,172,84,263,,True,0.0
2424,32.936501,-117.153146,6194.4,62.6,3.4,172,84,264,,True,-1.4
2425,32.93651,-117.153107,6198.1,62.6,3.42,172,84,274,,True,-1.5
2426,32.936521,-117.153078,6201.0,62.6,3.46,174,83,280,,True,0.0
2427,32.936532,-117.153047,6204.2,62.6,3.46,176,83,284,,True,0.0
2428,32.936543,-117.15301,6207.4,62.6,3.32,176,83,286,,True,0.0
2429,32.936542,-117.152978,6210.4,62.6,3.2,176,84,279,,True,1.6
2430,32.936531,-117.152942,6213.6,62.6,3.1,176,84,278,,True,1.8
2431,32.936519,-117.152919,6216.4,62.8,3.08,176,84,278,,True,1.8
2432,32.936506,-117.152899,6218.7,62.8,2.9,177,84,279,,True,3.6
2433,32.936489,-117.15287,6221.6,62.8,2.84,177,83,278,,True,1.8
2434,32.936476,-117.152842,6224.8,63.0,2.88,177,83,277,,True,1.7
2435,32.936466,-117.152814,6227.5,63.0,2.78,177,83,278,,True,1.7
2436,32.936459,-117.152779,6230.7,63.0,2.86,178,82,279,,True,-1.8
2437,32.936452,-117.152752,6233.5,63.0,2.96,178,82,278,,True,-1.7
2438,32.936455,-117.152723,6236.2,62.8,2.92,178,81,276,,True,-1.8
2439,32.936457,-117.152691,6239.1,62.8,2.86,178,81,276,,True,-1.9
2440,32.936457,-117.152666,6241.8,62.8,2.86,179,81,271,,True,0.0
2441,32.936463,-117.152635,6244.2,62.8,2.7,179,81,269,,True,0.0
2442,32.936467,-117.15261,6246.7,62.8,2.64,179,81,268,,True,1.9
2443,32.936473,-117.152581,6249.4,62.8,2.64,179,81,264,,True,1.9
2444,32.936481,-117.152549,6252.4,63.0,2.66,178,81,260,,True,1.9
2445,32.936479,-117.152524,6254.8,63.0,2.6,178,81,260,,True,0.0
2446,32.936477,-117.152494,6257.5,63.0,2.66,178,81,261,,True,-3.4
2447,32.936475,-117.152454,6260.9,62.8,2.84,178,81,260,,True,-5.0
2448,32.93647,-117.152427,6264.0,62.6,2.92,179,81,256,,True,-6.9
2449,32.936467,-117.152399,6266.7,62.4,2.86,178,81,258,,True,-5.7
2450,32.936468,-117.152372,6269.1,62.2,2.86,178,81,259,,True,-6.0
2451,32.936467,-117.152348,6271.4,62.2,2.78,178,81,258,,True,-4.7
2452,32.936464,-117.152332,6273.0,62.0,2.42,177,81,252,,True,-3.5
2453,32.936463,-117.152323,6274.0,62.0,2.0,177,81,246,,True,-1.7
2454,32.936458,-117.152312,6275.3,62.0,1.72,177,81,241,,True,0.0
2455,32.936452,-117.152302,6276.5,62.0,1.48,177,81,240,,True,2.0
2456,32.936444,-117.152285,6278.2,62.0,1.36,177,81,228,,True,3.6
2457,32.936434,-117.152255,6280.6,62.0,1.52,176,81,212,,True,3.3
2458,32.936423,-117.15224,6283.1,62.2,1.82,176,75,217,,True,3.5
2459,32.936417,-117.15222,6285.1,62.4,1.96,176,75,226,,True,5.4
2460,32.936417,-117.152191,6287.5,62.4,2.2,175,75,226,,True,1.8
2461,32.936414,-117.152172,6289.7,62.4,2.3,175,80,218,,True,0.0
2462,32.936414,-117.152149,6291.8,62.6,2.24,175,80,213,,True,0.0
2463,32.936418,-117.152116,6294.3,62.4,2.24,174,80,214,,True,1.6
2464,32.936421,-117.152098,6296.5,62.4,2.28,174,80,213,,True,0.0
2465,32.93642,-117.152067,6299.3,62.4,2.36,174,80,216,,True,2.0
2466,32.93642,-117.152037,6302.1,62.6,2.48,173,80,222,,True,3.5
2467,32.936418,-117.152018,6304.5,62.6,2.54,173,79,230,,True,4.1
2468,32.936412,-117.151999,6306.4,62.6,2.42,173,80,233,,True,3.3
2469,32.936402,-117.151982,6307.9,62.8,2.28,174,80,232,,True,1.9
2470,32.936394,-117.15197,6309.1,62.8,1.96,173,80,225,,True,1.8
2471,32.93639,-117.151947,6311.3,62.8,1.84,174,80,218,,True,1.8
2472,32.936384,-117.151931,6312.9,62.8,1.68,174,80,211,,True,0.0
2473,32.936379,-117.15192,6314.4,62.8,1.6,174,79,211,,True,0.0
2474,32.936372,-117.151905,6315.8,62.8,1.58,174,79,211,,True,1.8
2475,32.936358,-117.151887,6317.5,62.8,1.68,173,79,210,,True,3.4
2476,32.936352,-117.151864,6319.8,62.8,1.7,174,79,208,,True,5.6
2477,32.936351,-117.151838,6322.2,63.0,1.86,174,81,207,,True,7.1
2478,32.936346,-117.151812,6324.5,63.2,2.02,174,83,208,,True,6.9
2479,32.936337,-117.151792,6326.6,63.4,2.16,174,83,211,,True,5.1
2480,32.936329,-117.151767,6328.8,63.6,2.26,174,83,213,,True,3.4
2481,32.936331,-117.151736,6331.4,63.6,2.32,174,81,217,,True,1.6
2482,32.936331,-117.151712,6334.0,63.6,2.36,173,80,219,,True,0.0
2483,32.936333,-117.151687,6336.4,63.6,2.38,174,80,228,,True,0.0
2484,32.936341,-117.151658,6339.0,63.6,2.48,174,80,235,,True,-1.9
2485,32.936345,-117.151632,6341.9,63.6,2.62,174,80,236,,True,-1.9
2486,32.936349,-117.151608,6344.3,63.4,2.58,173,80,239,,True,-1.6
2487,32.93635,-117.151579,6346.7,63.4,2.54,174,80,238,,True,-1.7
2488,32.93635,-117.151559,6348.9,63.4,2.5,174,79,235,,True,0.0
2489,32.936349,-117.151531,6351.4,63.4,2.48,174,79,232,,True,0.0
2490,32.93635,-117.151506,6353.4,63.4,2.3,174,81,228,,True,0.0
2491,32.936351,-117.151483,6355.6,63.4,2.26,174,81,225,,True,0.0
2492,32.93636,-117.151454,6357.8,63.4,2.22,173,81,221,,True,0.0
2493,32.936365,-117.151437,6359.8,63.4,2.18,174,81,219,,True,0.0
2494,32.936372,-117.151413,6362.3,63.4,2.18,174,80,220,,True,0.0
2495,32.936388,-117.151381,6365.8,63.4,2.48,174,80,220,,True,0.0
2496,32.936401,-117.151361,6368.3,63.4,2.54,174,80,219,,True,1.9
2497,32.936414,-117.151344,6370.7,63.4,2.58,174,80,240,,True,1.8
2498,32.936431,-117.151324,6373.1,63.6,2.66,174,80,241,,True,2.0
2499,32.936441,-117.151305,6375.3,63.6,2.6,173,80,236,,True,0.0
2500,32.936441,-117.151291,6376.8,63.6,2.2,174,79,236,,True,0.0
2501,32.936438,-117.151266,6378.5,63.6,2.04,174,79,228,,True,-1.8
2502,32.936429,-117.151248,6380.5,63.4,1.96,174,79,217,,True,-1.7
2503,32.93642,-117.151232,6382.1,63.4,1.8,174,79,213,,True,-2.0
2504,32.936407,-117.151209,6384.3,63.4,1.8,173,80,210,,True,0.0
2505,32.936397,-117.151188,6386.8,63.4,2.0,173,80,207,,True,0.0
2506,32.93639,-117.151171,6388.6,63.4,2.02,173,79,207,,True,0.0
2507,32.936387,-117.151148,6390.6,63.4,2.02,172,79,206,,True,0.0
2508,32.936392,-117.151119,6392.9,63.4,2.16,172,80,204,,True,0.0
2509,32.936397,-117.151096,6395.3,63.4,2.2,172,80,201,,True,0.0
2510,32.936406,-117.151072,6397.7,63.4,2.18,173,80,201,,True,1.7
2511,32.936414,-117.151044,6400.2,63.4,2.32,172,79,201,,True,1.7
2512,32.936419,-117.151024,6402.4,63.4,2.36,172,79,202,,True,3.4
2513,32.936428,-117.151002,6404.6,63.6,2.34,172,79,203,,True,3.4
2514,32.936435,-117.150973,6407.2,63.6,2.38,172,79,205,,True,3.4
2515,32.936442,-117.150951,6409.6,63.8,2.38,172,79,206,,True,1.7
2516,32.936446,-117.150931,6411.8,63.8,2.32,172,79,206,,True,1.7
2517,32.936451,-117.150901,6414.3,63.8,2.38,172,79,208,,True,0.0
2518,32.936455,-117.150882,6416.5,63.8,2.38,172,79,208,,True,-1.8
2519,32.936463,-117.15086,6418.7,63.8,2.3,172,78,208,,True,0.0
2520,32.936466,-117.150833,6420.9,63.8,2.26,172,78,208,,True,0.0
2521,32.936463,-117.150815,6422.8,63.6,2.2,171,78,207,,True,0.0
2522,32.936457,-117.150795,6424.7,63.8,2.08,171,78,206,,True,0.0
2523,32.936448,-117.150771,6426.8,63.8,2.06,171,79,205,,True,3.8
2524,32.936439,-117.150752,6428.9,63.8,2.04,171,79,205,,True,1.8
2525,32.936435,-117.150734,6431.1,63.8,2.04,171,79,205,,True,1.8
2526,32.936435,-117.150703,6433.4,64.0,2.12,171,79,206,,True,1.8
2527,32.936431,-117.150682,6435.6,64.0,2.18,171,78,206,,True,1.7
2528,32.93643,-117.150662,6437.7,64.0,2.18,171,78,206,,True,1.7
2529,32.936427,-117.150635,6439.9,64.0,2.2,171,79,206,,True,1.6
2530,32.93642,-117.150603,6442.6,64.0,2.3,171,79,206,,True,1.9
2531,32.936419,-117.150576,6445.5,64.2,2.42,171,79,206,,True,1.8
2532,32.936415,-117.150539,6448.5,64.2,2.58,170,79,208,,True,3.4
2533,32.936417,-117.150511,6451.3,64.2,2.72,170,78,210,,True,1.7
2534,32.936424,-117.150483,6454.2,64.4,2.86,170,78,214,,True,1.8
2535,32.936437,-117.150454,6457.3,64.4,2.94,170,79,216,,True,1.8
2536,32.936451,-117.150439,6459.5,64.4,2.8,170,81,217,,True,0.0
2537,32.936472,-117.150425,6462.2,64.4,2.74,170,81,220,,True,0.0
2538,32.936497,-117.150408,6464.8,64.4,2.7,170,81,221,,True,0.0
2539,32.936514,-117.150396,6467.6,64.4,2.68,171,81,225,,True,0.0
2540,32.936531,-117.150388,6469.6,64.4,2.46,171,80,229,,True,-1.5
2541,32.936558,-117.150371,6472.2,64.4,2.54,170,80,229,,True,-1.9
2542,32.936571,-117.15036,6474.6,64.2,2.48,170,80,232,,True,-3.4
2543,32.936598,-117.150338,6478.1,64.2,2.66,170,80,227,,True,-3.3
2544,32.936619,-117.150313,6481.2,64.0,2.72,171,80,227,,True,-1.5
2545,32.936636,-117.150291,6484.5,64.0,2.98,171,81,245,,True,-1.5
2546,32.936664,-117.15026,6488.2,64.0,3.2,171,82,252,,True,0.0
2547,32.936684,-117.150238,6491.4,64.0,3.36,171,83,263,,True,0.0
2548,32.936715,-117.15021,6495.5,64.0,3.48,172,83,277,,True,0.0
2549,32.936741,-117.150185,6499.5,64.0,3.66,172,83,270,,True,0.0
2550,32.936766,-117.150158,6503.6,64.0,3.82,172,82,288,,True,1.5
2551,32.936785,-117.150136,6506.6,64.0,3.68,171,83,298,,True,3.3
2552,32.936795,-117.150119,6509.0,64.2,3.52,171,83,293,,True,3.9
2553,32.936807,-117.150094,6511.5,64.4,3.2,172,83,260,,True,2.0
2554,32.936824,-117.150072,6513.9,64.4,2.88,172,83,241,,True,0.0
2555,32.936846,-117.150054,6516.7,64.2,2.62,172,83,239,,True,-3.7
2556,32.936877,-117.150042,6519.7,64.2,2.62,171,83,239,,True,-3.7
2557,32.936898,-117.150038,6522.4,64.0,2.68,171,82,249,,True,0.0
2558,32.936918,-117.150036,6524.7,64.0,2.64,171,81,263,,True,1.6
2559,32.936942,-117.150035,6527.2,64.2,2.66,172,81,266,,True,5.2
2560,32.936963,-117.150028,6529.5,64.4,2.56,172,81,252,,True,5.3
2561,32.936984,-117.150031,6532.0,64.4,2.46,172,84,244,,True,3.6
2562,32.937002,-117.150032,6533.9,64.6,2.3,172,84,244,,True,3.7
2563,32.937021,-117.150028,6536.1,64.6,2.28,173,82,247,,True,3.8
2564,32.937044,-117.150021,6538.3,64.6,2.22,173,81,242,,True,1.8
2565,32.93706,-117.150016,6540.3,64.8,2.16,173,81,240,,True,1.8
2566,32.937077,-117.150011,6542.4,64.8,2.08,173,81,239,,True,3.5
2567,32.937105,-117.150003,6545.0,64.8,2.22,173,81,234,,True,1.7
2568,32.937123,-117.15,6547.4,64.8,2.26,173,81,234,,True,1.8
2569,32.937139,-117.149993,6549.7,65.0,2.28,173,81,234,,True,1.9
2570,32.937162,-117.149986,6551.8,65.0,2.3,174,81,235,,True,3.7
2571,32.937177,-117.149977,6553.7,65.0,2.26,174,81,236,,True,0.0
2572,32.937191,-117.149967,6555.8,65.0,2.16,174,80,237,,True,0.0
2573,32.937207,-117.14995,6558.1,65.2,2.14,174,80,234,,True,0.0
2574,32.937221,-117.149931,6560.3,65.0,2.12,174,79,232,,True,-1.9
2575,32.937228,-117.149918,6562.3,65.0,2.1,174,79,231,,True,-3.9
2576,32.937237,-117.149897,6564.3,65.0,2.12,174,79,229,,True,-1.9
2577,32.937246,-117.149874,6566.4,64.8,2.12,174,79,224,,True,-1.9
2578,32.937252,-117.149858,6568.4,64.8,2.06,174,79,219,,True,-2.0
2579,32.937266,-117.14984,6570.7,64.8,2.08,174,78,218,,True,0.0
2580,32.937283,-117.149827,6572.8,64.8,2.1,174,78,216,,True,0.0
2581,32.937294,-117.149816,6574.5,64.8,2.04,173,78,215,,True,0.0
2582,32.93731,-117.149805,6576.4,64.8,2.0,173,78,215,,True,0.0
2583,32.937328,-117.149798,6578.2,64.8,1.96,173,79,213,,True,-2.1
2584,32.93734,-117.149792,6579.8,64.8,1.82,173,79,211,,True,0.0
2585,32.937348,-117.14979,6581.0,64.8,1.64,172,79,208,,True,0.0
2586,32.937361,-117.149784,6582.3,65.0,1.56,172,79,207,,True,0.0
2641,32.937412,-117.14971,6582.3,64.6,0.023,155,0,0,,False,0.0
2642,32.937414,-117.149712,6582.3,64.8,0.0,155,0,0,,False,0.0
2643,32.937429,-117.14972,6583.6,64.8,0.023,154,0,0,,True,-1.9
2644,32.937458,-117.149738,6586.5,64.8,0.072,154,0,0,,True,0.0
2645,32.93748,-117.149751,6589.7,64.8,0.125,154,0,0,,True,-1.7
2646,32.937481,-117.149786,6592.6,64.8,2.06,153,0,0,,True,-1.6
2647,32.937491,-117.14982,6595.7,64.6,2.68,152,0,0,,True,-3.2
2648,32.937497,-117.149849,6598.8,64.6,3.04,152,0,0,,True,-4.7
2649,32.937506,-117.149885,6602.3,64.4,3.16,152,80,320,,True,-3.1
2650,32.937514,-117.149914,6605.3,64.2,3.12,153,82,324,,True,-3.1
2651,32.937523,-117.149943,6608.4,64.2,3.16,153,83,307,,True,-1.6
2652,32.937546,-117.149976,6611.7,64.2,3.2,153,84,304,,True,1.6
2653,32.937562,-117.149997,6614.5,64.2,3.14,153,84,304,,True,4.8
2654,32.937569,-117.150031,6617.8,64.4,3.1,153,84,303,,True,5.0
2655,32.937579,-117.150064,6621.0,64.8,3.14,154,83,312,,True,4.9
2656,32.937589,-117.15009,6623.8,64.8,3.08,155,82,311,,True,3.5
2657,32.937598,-117.150123,6626.8,64.8,3.02,154,82,313,,True,-1.7
2658,32.9376,-117.150151,6629.3,64.8,2.96,154,82,302,,True,-1.7
2659,32.937615,-117.150179,6632.7,64.6,2.98,154,82,299,,True,-1.7
2660,32.937637,-117.150206,6635.7,64.6,2.94,154,82,299,,True,-1.6
2661,32.937651,-117.150226,6638.5,64.6,2.94,154,82,299,,True,0.0
2662,32.937668,-117.150256,6641.5,64.6,2.94,154,82,296,,True,0.0
2663,32.937677,-117.150285,6644.5,64.6,3.04,154,83,291,,True,-1.6
2664,32.937691,-117.150319,6647.7,64.6,3.0,154,83,288,,True,-3.2
2665,32.937712,-117.15034,6650.8,64.4,3.02,154,83,287,,True,-3.0
2666,32.937734,-117.150363,6653.9,64.2,3.08,155,85,285,,True,-4.5
2667,32.937761,-117.150391,6657.7,64.2,3.24,155,86,283,,True,-2.9
2668,32.937781,-117.150406,6661.1,64.0,3.32,156,87,280,,True,-1.5
2669,32.937809,-117.15044,6664.7,64.0,3.4,156,88,283,,True,0.0
2670,32.937819,-117.150464,6667.6,64.0,3.36,157,88,286,,True,1.6
2671,32.937821,-117.150496,6670.7,64.2,3.36,157,88,289,,True,3.5
2672,32.93782,-117.150532,6673.6,64.2,3.18,158,84,298,,True,5.4
2673,32.937819,-117.150556,6676.2,64.4,3.02,159,83,300,,True,3.9
2674,32.937814,-117.150585,6678.8,64.6,2.82,160,83,299,,True,4.8
2675,32.937803,-117.15061,6681.0,64.6,2.68,161,83,289,,True,3.2
2676,32.937796,-117.15063,6683.4,64.8,2.54,162,83,285,,True,1.5
2677,32.937783,-117.150659,6686.0,64.8,2.48,162,82,278,,True,1.9
2678,32.937772,-117.150684,6688.7,64.8,2.5,162,82,278,,True,1.8
2679,32.937761,-117.150708,6691.8,64.8,2.6,161,82,278,,True,1.9
2680,32.937745,-117.150734,6694.4,65.0,2.68,161,82,281,,True,3.7
2681,32.937736,-117.150753,6696.7,65.0,2.66,161,81,286,,True,5.8
2682,32.93772,-117.150776,6699.4,65.2,2.68,162,81,288,,True,4.0
2683,32.937707,-117.150803,6702.1,65.4,2.68,162,81,288,,True,2.0
2684,32.937698,-117.150822,6704.4,65.4,2.52,162,81,288,,True,0.0
2685,32.937685,-117.150842,6706.9,65.2,2.5,162,81,288,,True,-1.7
2686,32.937671,-117.150868,6709.4,65.2,2.54,163,81,288,,True,-1.7
2687,32.93766,-117.150888,6711.8,65.2,2.48,163,81,288,,True,0.0
2688,32.937647,-117.15091,6714.1,65.2,2.4,165,81,287,,True,0.0
2689,32.937638,-117.150934,6716.4,65.2,2.4,166,81,287,,True,0.0
2690,32.937626,-117.150955,6718.8,65.2,2.38,167,81,286,,True,0.0
2691,32.937614,-117.150984,6721.6,65.2,2.44,168,81,284,,True,0.0
2692,32.937604,-117.151007,6724.1,65.2,2.46,168,81,282,,True,1.9
2693,32.937594,-117.15103,6726.9,65.2,2.56,168,81,284,,True,0.0
2694,32.937585,-117.15106,6729.6,65.4,2.64,169,81,283,,True,0.0
2695,32.93758,-117.151082,6731.9,65.2,2.62,169,81,280,,True,-2.0
2696,32.937572,-117.151107,6734.3,65.2,2.54,170,81,281,,True,-3.9
2697,32.937569,-117.151141,6737.1,65.0,2.6,170,81,280,,True,-3.7
2698,32.93757,-117.151167,6739.8,65.0,2.58,170,81,277,,True,-5.4
2699,32.937565,-117.151197,6742.6,64.8,2.6,170,81,275,,True,-3.5
2700,32.937561,-117.151231,6745.5,64.6,2.72,169,81,272,,True,-5.5
2701,32.937558,-117.151257,6748.4,64.6,2.82,170,81,270,,True,-5.4
2702,32.937553,-117.151283,6750.8,64.4,2.74,170,81,271,,True,-5.5
2703,32.937551,-117.151317,6753.7,64.2,2.78,169,81,267,,True,-5.5
2704,32.937546,-117.15134,6756.4,64.0,2.76,170,81,267,,True,-1.8
2705,32.937542,-117.151379,6759.4,64.0,2.78,170,81,266,,True,1.9
2706,32.937536,-117.151398,6761.9,64.2,2.7,169,81,264,,True,3.7
2707,32.937528,-117.151425,6764.5,64.4,2.74,169,81,264,,True,3.3
2708,32.937523,-117.151455,6767.1,64.4,2.68,169,81,264,,True,1.6
2709,32.937523,-117.151475,6769.3,64.6,2.58,170,81,262,,True,0.0
2710,32.937521,-117.151501,6771.6,64.4,2.44,170,82,261,,True,0.0
2711,32.937512,-117.151528,6774.1,64.4,2.44,170,82,260,,True,-2.0
2712,32.93751,-117.151549,6776.5,64.4,2.4,171,81,258,,True,1.9
2713,32.9375,-117.151582,6779.3,64.4,2.44,171,81,257,,True,3.9
2714,32.937492,-117.151608,6782.0,64.6,2.54,171,81,256,,True,3.8
2715,32.937497,-117.15163,6784.3,64.8,2.54,171,81,256,,True,1.9
2716,32.937501,-117.151662,6786.9,64.8,2.56,172,81,258,,True,-3.3
2717,32.937502,-117.151691,6789.6,64.6,2.62,172,81,262,,True,-5.0
2718,32.937509,-117.15171,6791.9,64.4,2.52,172,80,263,,True,-5.3
2719,32.937516,-117.151737,6794.1,64.2,2.42,172,79,261,,True,-3.4
2720,32.937513,-117.151762,6796.4,64.2,2.42,171,79,260,,True,-1.7
2721,32.937519,-117.15178,6798.3,64.2,2.28,171,79,259,,True,0.0
2722,32.937528,-117.151816,6801.2,64.2,2.32,171,80,255,,True,0.0
2723,32.937531,-117.151839,6803.7,64.2,2.36,171,80,253,,True,1.7
2724,32.937542,-117.151852,6805.4,64.2,2.26,171,80,252,,True,3.6
2725,32.937563,-117.151871,6807.5,64.2,2.22,171,80,252,,True,5.4
2726,32.937578,-117.151888,6810.0,64.4,2.34,171,80,249,,True,5.2
2727,32.937593,-117.1519,6812.3,64.6,2.22,171,80,245,,True,6.8
2728,32.937614,-117.151919,6814.9,64.8,2.24,171,81,243,,True,5.0
2729,32.937625,-117.151934,6816.9,64.8,2.3,171,81,241,,True,1.6
2730,32.937637,-117.151953,6819.3,65.0,2.36,171,81,244,,True,0.0
2731,32.937661,-117.151979,6822.1,65.0,2.42,171,81,246,,True,0.0
2732,32.937676,-117.151992,6824.7,64.8,2.48,171,81,244,,True,-3.8
2733,32.937691,-117.152015,6827.4,64.8,2.5,171,80,244,,True,-5.0
2734,32.937712,-117.152034,6829.9,64.6,2.6,171,81,243,,True,-3.3
2735,32.93772,-117.152045,6831.9,64.6,2.52,172,81,240,,True,-5.0
2736,32.93773,-117.152064,6834.0,64.4,2.38,172,81,239,,True,-3.4
2737,32.937744,-117.152095,6836.9,64.4,2.44,171,81,241,,True,-3.1
2738,32.937756,-117.152117,6839.5,64.2,2.42,171,80,240,,True,-1.8
2739,32.937758,-117.15214,6841.8,64.2,2.38,171,80,240,,True,-1.9
2740,32.937756,-117.152178,6844.9,64.2,2.6,171,79,243,,True,0.0
2741,32.937755,-117.152199,6847.3,64.2,2.66,172,79,243,,True,0.0
2742,32.937752,-117.152231,6850.1,64.2,2.64,172,79,244,,True,1.9
2743,32.937755,-117.152263,6852.8,64.2,2.66,172,80,245,,True,1.9
2744,32.937766,-117.152282,6855.2,64.4,2.68,172,80,245,,True,1.8
2745,32.937786,-117.152303,6857.8,64.4,2.58,171,80,244,,True,1.9
2746,32.937804,-117.152305,6859.5,64.4,2.44,172,81,243,,True,0.0
2747,32.937818,-117.152304,6861.1,64.4,2.2,172,81,239,,True,0.0
2748,32.937837,-117.152315,6863.4,64.4,2.12,172,81,233,,True,0.0
2749,32.937853,-117.152332,6865.5,64.4,2.06,172,81,230,,True,0.0
2750,32.937867,-117.152339,6867.4,64.4,1.92,172,81,228,,True,0.0
2751,32.937884,-117.152366,6870.3,64.4,2.16,172,80,230,,True,-1.6
2752,32.937893,-117.152392,6872.9,64.4,2.36,172,79,234,,True,-1.8
2753,32.937905,-117.15241,6875.3,64.4,2.38,172,79,235,,True,-1.9
2754,32.937917,-117.152441,6878.3,64.2,2.56,172,79,235,,True,-3.8
2755,32.93793,-117.152468,6881.1,64.2,2.74,172,79,235,,True,-3.5
2756,32.937944,-117.152485,6883.5,64.0,2.64,173,80,234,,True,-3.6
2757,32.937959,-117.152514,6886.6,64.0,2.74,172,80,233,,True,-3.6
2758,32.937973,-117.152542,6889.4,63.8,2.82,172,80,234,,True,-3.5
2759,32.937985,-117.15256,6892.1,63.8,2.76,172,80,234,,True,-3.6
2760,32.938,-117.152589,6895.0,63.6,2.78,172,80,235,,True,-1.9
2761,32.938006,-117.152614,6897.6,63.6,2.82,173,80,235,,True,0.0
2762,32.938018,-117.152631,6899.8,63.6,2.64,172,80,236,,True,2.0
2763,32.938036,-117.152664,6902.7,63.8,2.66,172,80,236,,True,2.0
2764,32.938037,-117.152686,6905.0,63.8,2.58,172,80,237,,True,1.8
2765,32.938049,-117.152709,6907.8,63.8,2.56,172,80,235,,True,0.0
2766,32.938072,-117.152738,6910.9,63.8,2.66,172,81,235,,True,0.0
2767,32.938084,-117.152757,6913.4,63.8,2.72,172,81,235,,True,-1.9
2768,32.938099,-117.152769,6915.4,63.8,2.54,172,81,236,,True,0.0
2769,32.938124,-117.152785,6918.1,63.6,2.62,172,81,234,,True,0.0
2770,32.938138,-117.152795,6920.1,63.8,2.46,171,81,231,,True,0.0
2771,32.938156,-117.152804,6922.5,63.8,2.32,171,81,230,,True,0.0
2772,32.93818,-117.152817,6924.9,63.8,2.3,171,81,227,,True,-1.6
2773,32.938195,-117.152831,6927.2,63.8,2.36,172,80,227,,True,-1.6
2774,32.938212,-117.152839,6929.7,63.6,2.32,171,80,227,,True,-3.3
2775,32.938237,-117.152857,6932.4,63.6,2.46,171,79,227,,True,-3.3
2776,32.938251,-117.152874,6934.7,63.6,2.44,171,79,227,,True,-1.7
2777,32.938268,-117.152881,6936.9,63.4,2.4,171,79,229,,True,0.0
2778,32.938294,-117.152894,6939.5,63.4,2.46,170,79,229,,True,0.0
2779,32.938308,-117.152896,6941.2,63.4,2.3,170,79,228,,True,3.5
2780,32.938326,-117.152893,6943.4,63.6,2.2,170,79,227,,True,5.4
2781,32.938352,-117.152893,6946.1,63.6,2.28,170,79,224,,True,4.9
2782,32.938375,-117.152893,6948.4,63.8,2.3,170,79,223,,True,4.0
2783,32.93839,-117.152886,6950.6,64.0,2.22,170,79,221,,True,1.7
2784,32.938418,-117.152882,6953.5,64.0,2.46,170,79,221,,True,0.0
2785,32.938435,-117.152879,6955.2,63.8,2.36,170,78,221,,True,-1.7
2786,32.938453,-117.152873,6957.6,63.8,2.3,169,78,219,,True,-3.7
2787,32.938476,-117.152877,6960.0,63.8,2.32,169,79,219,,True,-1.7
2788,32.938497,-117.152887,6962.1,63.8,2.3,169,79,220,,True,-1.7
2789,32.938514,-117.152892,6964.4,63.6,2.18,169,79,221,,True,-1.7
2790,32.938534,-117.152908,6966.9,63.6,2.34,168,79,223,,True,-1.6
2791,32.938551,-117.152927,6969.3,63.6,2.34,168,79,226,,True,0.0
2792,32.938569,-117.152935,6971.8,63.6,2.36,168,79,227,,True,0.0
2793,32.938592,-117.152953,6974.8,63.6,2.54,168,79,230,,True,0.0
2794,32.938612,-117.152972,6977.7,63.6,2.66,169,80,233,,True,1.9
2795,32.938626,-117.15298,6979.7,63.6,2.56,168,80,235,,True,3.5
2796,32.938648,-117.152992,6982.1,63.8,2.56,168,80,234,,True,5.5
2797,32.938666,-117.153004,6984.2,64.0,2.48,168,80,234,,True,5.5
2798,32.938679,-117.153006,6986.2,64.0,2.28,169,80,235,,True,5.7
2799,32.938704,-117.153014,6988.7,64.2,2.2,169,80,234,,True,3.5
2800,32.938723,-117.153018,6990.7,64.2,2.2,169,79,235,,True,5.3
2801,32.938741,-117.153018,6992.7,64.4,2.12,169,79,234,,True,3.6
2802,32.938768,-117.153021,6995.5,64.4,2.26,168,79,234,,True,3.4
2803,32.93879,-117.153017,6997.6,64.6,2.28,168,79,235,,True,3.3
2804,32.938807,-117.153014,6999.8,64.6,2.22,168,80,235,,True,5.2
2805,32.938834,-117.153027,7002.5,64.6,2.36,168,80,236,,True,5.0
2806,32.938849,-117.153052,7005.0,64.8,2.46,169,80,239,,True,6.5
2807,32.93886,-117.15307,7007.0,65.0,2.3,169,80,244,,True,8.0
2808,32.938864,-117.153098,7009.6,65.2,2.4,168,80,253,,True,8.0
2809,32.938846,-117.153125,7012.2,65.4,2.48,168,80,273,,True,7.2
2810,32.938834,-117.153147,7015.0,65.6,2.5,169,80,281,,True,5.4
2811,32.938814,-117.153179,7018.1,65.8,2.62,169,80,284,,True,5.2
2812,32.9388,-117.153198,7020.8,65.8,2.76,169,80,287,,True,3.4
2813,32.938785,-117.153221,7023.8,66.0,2.84,169,81,289,,True,1.8
2814,32.938763,-117.153249,7026.8,66.0,2.92,169,81,290,,True,1.7
2815,32.93875,-117.153268,7029.5,66.0,2.9,170,81,295,,True,0.0
2816,32.938735,-117.153288,7032.3,66.0,2.84,170,81,299,,True,1.9
2817,32.938719,-117.153315,7035.1,66.0,2.86,170,80,303,,True,3.9
2818,32.938708,-117.153333,7037.4,66.2,2.72,170,80,304,,True,5.8
2819,32.938696,-117.153351,7039.8,66.4,2.6,171,80,303,,True,5.9
2820,32.938676,-117.153375,7042.6,66.6,2.62,171,80,305,,True,5.9
2821,32.938662,-117.153393,7045.2,66.6,2.58,172,80,304,,True,4.0
2822,32.93865,-117.153411,7047.6,66.8,2.5,172,80,302,,True,1.8
2823,32.938635,-117.153433,7049.9,66.8,2.5,172,80,302,,True,3.7
2824,32.938621,-117.153446,7051.8,66.8,2.4,173,80,300,,True,3.8
2825,32.93861,-117.153461,7053.7,66.8,2.22,173,79,297,,True,5.9
2826,32.938592,-117.15348,7056.1,67.0,2.18,174,79,297,,True,7.6
2827,32.938579,-117.153494,7058.2,67.2,2.12,174,79,296,,True,7.5
2828,32.938569,-117.153508,7060.1,67.4,2.04,174,79,296,,True,5.8
2829,32.938557,-117.153533,7062.3,67.6,2.1,174,79,297,,True,5.6
2830,32.938549,-117.153551,7064.4,67.6,2.14,174,80,299,,True,3.7
2831,32.938544,-117.153568,7066.5,67.6,2.08,175,80,297,,True,1.9
2832,32.938531,-117.153593,7068.9,67.8,2.14,175,80,293,,True,1.9
2833,32.938524,-117.153613,7070.9,67.8,2.16,175,79,291,,True,1.9
2834,32.93852,-117.153629,7072.8,67.8,2.1,175,79,288,,True,0.0
2835,32.938512,-117.153657,7075.1,67.8,2.14,174,79,286,,True,0.0
2836,32.938507,-117.153679,7077.3,67.8,2.16,174,80,281,,True,-1.6
2837,32.938505,-117.153702,7079.7,67.8,2.16,174,80,276,,True,-2.0
2838,32.938501,-117.153735,7082.3,67.8,2.28,174,80,270,,True,-3.6
2839,32.938491,-117.153763,7085.2,67.6,2.48,174,80,263,,True,-5.0
2840,32.938483,-117.153791,7088.3,67.4,2.64,174,80,255,,True,-6.6
2841,32.93848,-117.153832,7091.6,67.2,2.86,174,80,247,,True,-6.6
2842,32.938476,-117.153858,7094.5,67.0,2.96,174,80,240,,True,-8.3
2843,32.938472,-117.153889,7097.4,66.8,3.02,174,80,234,,True,-7.1
2844,32.938472,-117.153924,7100.4,66.4,3.04,173,80,233,,True,-5.4
2845,32.938476,-117.153949,7102.9,66.4,2.92,173,81,232,,True,-5.4
2846,32.938473,-117.153977,7105.7,66.4,2.82,173,81,231,,True,-1.8
2847,32.938464,-117.154011,7108.6,66.2,2.82,174,82,231,,True,-1.8
2848,32.938464,-117.154033,7111.3,66.2,2.78,174,82,229,,True,-3.6
2849,32.938463,-117.154069,7114.0,66.2,2.72,174,82,236,,True,-3.5
2850,32.938456,-117.154098,7116.7,66.0,2.76,174,81,240,,True,-3.4
2851,32.938455,-117.154131,7119.9,65.8,2.84,173,81,244,,True,-3.3
2852,32.938452,-117.154167,7123.1,65.8,2.9,174,81,244,,True,-3.2
2853,32.938452,-117.154193,7126.0,65.8,2.94,174,81,255,,True,-3.2
2854,32.938445,-117.15423,7129.2,65.6,3.04,174,81,255,,True,-3.3
2855,32.93844,-117.154264,7132.4,65.4,3.14,173,81,250,,True,-4.8
2856,32.938436,-117.154296,7135.4,65.4,3.1,174,82,252,,True,-4.9
2857,32.938432,-117.154328,7138.4,65.2,3.06,174,82,246,,True,-3.3
2858,32.938436,-117.154357,7141.4,65.0,3.08,174,82,242,,True,0.0
2859,32.938439,-117.154394,7144.5,65.0,3.06,174,82,244,,True,5.0
2860,32.938439,-117.15442,7147.2,65.4,2.96,174,82,249,,True,8.5
2861,32.93844,-117.154455,7150.5,65.8,3.02,174,82,251,,True,9.0
2862,32.938445,-117.154483,7153.1,66.0,2.94,174,82,256,,True,3.6
2863,32.938451,-117.154506,7155.6,66.0,2.84,175,82,253,,True,-1.9
2864,32.938454,-117.154539,7158.3,65.8,2.76,174,0,51,,True,-3.7
2865,32.93846,-117.154569,7161.1,65.6,2.78,175,0,51,,True,-1.8
2866,32.938466,-117.154599,7163.9,65.6,2.68,175,44,52,,True,1.9
2867,32.938464,-117.15463,7166.7,65.8,2.72,175,44,157,,True,8.2
2868,32.93847,-117.154652,7169.0,66.0,2.68,175,44,158,,True,10.7
2869,32.938479,-117.154675,7171.0,66.4,2.54,175,44,161,,True,9.5
2870,32.938498,-117.154692,7173.3,66.6,2.44,175,44,156,,True,7.6
2871,32.938512,-117.154693,7175.1,66.8,2.24,176,44,145,,True,3.6
2872,32.938536,-117.154697,7177.2,66.8,2.1,176,44,138,,True,1.7
2873,32.938554,-117.1547,7179.5,66.8,2.1,176,44,133,,True,3.3
2874,32.938579,-117.154703,7182.1,66.8,2.22,176,44,131,,True,4.9
2875,32.938606,-117.154707,7184.8,66.8,2.3,176,44,133,,True,6.6
2876,32.93862,-117.154704,7187.1,67.2,2.4,176,44,139,,True,10.9
2877,32.938639,-117.154705,7189.4,67.4,2.44,177,44,142,,True,13.6
2878,32.938663,-117.154701,7191.6,67.6,2.42,177,44,143,,True,15.7
2879,32.938674,-117.154696,7193.1,68.0,2.2,177,80,255,,True,18.6
2880,32.938689,-117.154691,7195.1,68.2,2.06,177,80,268,,True,18.8
2881,32.938707,-117.154674,7197.3,68.8,2.04,177,80,275,,True,20.9
2882,32.938721,-117.154664,7199.1,69.2,1.94,178,79,286,,True,20.4
2883,32.938731,-117.15465,7201.1,69.6,1.9,178,78,303,,True,16.8
2884,32.938746,-117.154633,7203.1,70.0,2.0,178,77,314,,True,11.9
2885,32.938756,-117.154616,7204.9,70.2,1.96,179,77,319,,True,5.9
2886,32.938763,-117.154599,7207.0,70.2,1.94,179,77,322,,True,3.7
2887,32.938773,-117.154573,7209.1,70.2,2.0,179,77,317,,True,1.8
2888,32.938783,-117.154556,7211.2,70.2,2.02,179,78,317,,True,3.6
2889,32.938794,-117.154535,7213.8,70.4,2.14,180,80,318,,True,3.7
2890,32.938803,-117.15451,7215.9,70.4,2.2,179,80,319,,True,3.6
2891,32.938812,-117.154493,7218.0,70.6,2.2,179,80,322,,True,0.0
2892,32.93882,-117.154475,7220.0,70.6,2.18,179,79,316,,True,-2.0
2893,32.938831,-117.154454,7222.3,70.6,2.22,180,79,310,,True,-6.3
2894,32.938845,-117.154441,7224.3,70.4,2.1,179,79,299,,True,-7.0
2895,32.938858,-117.154436,7225.9,70.2,2.0,180,79,284,,True,-7.9
2896,32.938877,-117.15444,7227.5,70.0,1.9,180,79,265,,True,-8.2
2897,32.938895,-117.154447,7229.4,69.8,1.88,180,79,247,,True,-5.6
2898,32.938903,-117.154448,7230.1,69.8,1.56,179,79,237,,False,-3.8
2899,32.938912,-117.154441,7231.4,69.8,1.42,179,79,232,,True,0.0
2900,32.938915,-117.154434,7232.0,69.8,1.22,179,68,221,,False,1.5
2901,32.93892,-117.154421,7233.1,70.0,1.12,178,60,167,,True,3.8
2902,32.93893,-117.154397,7234.8,70.0,1.08,179,60,144,,True,3.2
2903,32.938937,-117.154374,7237.4,70.2,1.46,179,122,171,,True,1.9
2904,32.938951,-117.154341,7240.6,70.2,1.84,179,122,176,,True,3.4
2905,32.938962,-117.154306,7243.9,70.2,2.38,180,83,217,,True,1.7
2906,32.938967,-117.154287,7246.5,70.4,2.68,179,81,279,,True,1.9
2907,32.938979,-117.154265,7248.9,70.4,2.82,179,82,278,,True,2.0
2908,32.938989,-117.154236,7251.3,70.4,2.78,179,81,255,,True,0.0
2909,32.938993,-117.154212,7253.9,70.4,2.66,178,81,237,,True,0.0
2910,32.939,-117.15418,7256.7,70.4,2.56,178,81,227,,True,2.0
2911,32.939004,-117.154155,7259.2,70.4,2.54,178,80,229,,True,0.0
2912,32.939006,-117.154133,7261.5,70.6,2.52,178,80,228,,True,0.0
2913,32.939009,-117.154102,7263.9,70.4,2.52,178,80,226,,True,0.0
2914,32.939012,-117.154085,7265.8,70.4,2.38,178,81,215,,True,-1.8
2915,32.939017,-117.154065,7268.0,70.4,2.26,178,81,214,,True,1.9
2916,32.939024,-117.154035,7270.4,70.4,2.24,178,81,204,,True,3.4
2917,32.939037,-117.154019,7272.7,70.4,2.24,178,81,203,,True,3.3
2918,32.939043,-117.154,7274.7,70.6,2.16,177,81,210,,True,5.0
2919,32.939057,-117.153968,7277.7,70.8,2.38,177,80,213,,True,5.0
2920,32.939068,-117.153949,7280.1,70.8,2.42,177,80,218,,True,4.0
2921,32.939075,-117.153931,7282.3,71.0,2.38,177,80,230,,True,1.8
2922,32.939087,-117.153903,7284.8,71.0,2.42,176,80,229,,True,0.0
2923,32.939096,-117.153883,7287.1,71.0,2.48,177,80,225,,True,-1.7
2924,32.939102,-117.153867,7288.9,71.0,2.24,177,80,223,,True,0.0
2925,32.939116,-117.153836,7291.6,70.8,2.3,176,79,221,,True,0.0
2926,32.939122,-117.15382,7293.8,70.8,2.3,177,79,218,,True,0.0
2927,32.939132,-117.153804,7295.7,71.0,2.18,176,80,219,,True,3.8
2928,32.939149,-117.15378,7298.0,71.0,2.18,176,80,219,,True,3.7
2929,32.939161,-117.15377,7300.3,71.0,2.28,176,80,216,,True,1.8
2930,32.939174,-117.153759,7302.1,71.2,2.1,176,80,217,,True,1.9
2931,32.939196,-117.15374,7304.6,71.2,2.16,175,80,216,,True,1.9
2932,32.93921,-117.153732,7306.7,71.2,2.2,175,80,213,,True,0.0
2933,32.939224,-117.153721,7308.7,71.2,2.14,175,80,214,,True,2.0
2934,32.93924,-117.153702,7310.9,71.2,2.12,175,79,216,,True,1.9
2935,32.939249,-117.153686,7312.7,71.2,2.12,174,79,215,,True,1.9
2936,32.939261,-117.153673,7314.7,71.4,2.02,174,79,216,,True,2.0
2937,32.939276,-117.15365,7317.1,71.4,2.08,174,79,216,,True,0.0
2938,32.939291,-117.153639,7319.3,71.4,2.12,174,80,215,,True,0.0
2939,32.9393,-117.153632,7321.0,71.4,2.02,173,80,213,,True,-3.4
2940,32.939318,-117.153621,7322.6,71.2,1.98,173,80,207,,True,-1.6
2941,32.939323,-117.153606,7323.9,71.2,1.84,173,80,200,,True,-1.8
2942,32.939349,-117.153596,7326.3,71.0,1.84,173,80,201,,True,1.6
2943,32.93938,-117.153597,7329.3,71.2,2.0,173,80,204,,True,1.8
2944,32.939406,-117.153597,7332.1,71.2,2.22,173,80,207,,True,5.6
2945,32.939437,-117.153604,7335.1,71.4,2.5,173,80,213,,True,7.5
2946,32.939451,-117.153608,7337.0,71.6,2.62,172,80,222,,True,7.3
2947,32.939474,-117.153623,7339.9,72.0,2.72,172,82,234,,True,9.2
2948,32.939501,-117.15365,7343.1,72.0,2.76,172,82,248,,True,6.2
2949,32.939522,-117.153666,7346.0,72.4,2.78,172,82,254,,True,4.4
2950,32.939544,-117.153691,7349.9,72.4,2.96,172,81,261,,True,6.2
2951,32.939567,-117.153721,7353.5,72.6,3.3,171,81,269,,True,3.0
2952,32.939581,-117.153737,7356.0,72.8,3.22,172,82,273,,True,3.4
2953,32.939597,-117.153764,7359.2,72.8,3.22,172,82,277,,True,1.6
2954,32.93961,-117.153785,7361.5,72.8,3.1,172,82,277,,True,0.0
2955,32.939623,-117.153797,7363.4,72.8,2.7,172,81,287,,True,3.3
2956,32.939642,-117.153823,7366.1,72.8,2.52,172,81,285,,True,6.3
2957,32.939654,-117.153845,7368.8,73.0,2.56,173,81,276,,True,7.5
2958,32.93967,-117.15386,7371.3,73.2,2.42,173,81,275,,True,9.4
2959,32.939689,-117.153889,7374.1,73.6,2.52,173,81,282,,True,9.9
2960,32.939695,-117.153909,7376.7,73.8,2.66,173,81,289,,True,8.5
2961,32.939707,-117.153921,7378.7,74.0,2.52,173,81,299,,True,5.3
2962,32.939718,-117.153947,7380.9,74.2,2.42,172,81,301,,True,3.6
2963,32.939723,-117.153969,7383.1,74.2,2.36,173,80,286,,True,1.8
2964,32.939735,-117.153985,7385.4,74.2,2.26,173,80,284,,True,1.8
2965,32.939751,-117.15401,7387.7,74.2,2.2,173,80,283,,True,1.6
2966,32.939763,-117.154025,7389.8,74.2,2.22,173,80,281,,True,3.1
2967,32.939781,-117.154047,7392.3,74.4,2.28,173,81,281,,True,3.7
2968,32.93981,-117.154057,7395.3,74.4,2.44,172,81,282,,True,1.7
2969,32.939835,-117.154057,7398.5,74.6,2.62,173,81,279,,True,0.0
2970,32.939871,-117.15406,7401.9,74.4,2.84,173,81,289,,True,0.0
2971,32.93989,-117.154059,7404.6,74.4,2.96,173,81,298,,True,-1.5
2972,32.939919,-117.154067,7408.2,74.4,3.18,172,81,297,,True,1.6
2973,32.939954,-117.154066,7411.5,74.4,3.24,173,83,301,,True,4.7
2974,32.93997,-117.154065,7414.1,74.6,3.12,173,83,309,,True,6.8
2975,32.940001,-117.154071,7417.3,75.0,3.08,173,84,307,,True,11.3
2976,32.940023,-117.154078,7420.0,75.2,3.08,173,84,313,,True,11.1
2977,32.94004,-117.154074,7422.1,75.6,2.78,173,83,309,,True,11.3
2978,32.940069,-117.154073,7424.9,75.8,2.68,173,83,311,,True,13.2
2979,32.940082,-117.154073,7426.7,76.0,2.52,174,83,305,,True,12.0
2980,32.940111,-117.154076,7429.7,76.4,2.48,174,83,311,,True,12.0
2981,32.940135,-117.154083,7432.1,76.8,2.42,174,82,315,,True,10.9
2982,32.940155,-117.154078,7434.9,77.0,2.56,175,82,314,,True,10.3
2983,32.940183,-117.154082,7437.7,77.2,2.56,175,83,322,,True,9.0
2984,32.940199,-117.154081,7439.5,77.4,2.56,175,83,325,,True,10.2
2985,32.940214,-117.154082,7441.3,77.6,2.32,175,84,330,,True,10.3
2986,32.940237,-117.154079,7443.2,77.8,2.22,176,84,326,,True,10.8
2987,32.940247,-117.154084,7444.7,78.0,1.96,176,82,321,,True,11.2
2988,32.940264,-117.154082,7446.5,78.2,1.76,177,82,314,,True,9.3
2989,32.940291,-117.154078,7448.8,78.4,1.86,178,82,305,,True,7.5
2990,32.940301,-117.154073,7450.2,78.6,1.78,178,80,306,,True,7.7
2991,32.940318,-117.154064,7452.1,78.6,1.78,179,80,302,,True,11.8
2992,32.940326,-117.154061,7453.0,78.6,1.66,179,79,296,,True,13.1
2993,32.940335,-117.154058,7453.8,78.6,1.46,179,79,297,,True,11.6
2994,32.940346,-117.154055,7455.1,78.8,1.26,180,79,278,,True,13.7
3008,32.940448,-117.154016,7456.7,79.4,0.193,177,0,0,,False,13.7
3009,32.94048,-117.154023,7459.5,79.8,0.293,177,0,0,,True,14.5
3010,32.940505,-117.154023,7462.3,80.0,0.45,176,0,0,,True,9.3
3011,32.940542,-117.154029,7466.1,80.4,0.647,177,0,0,,True,7.2
3012,32.940571,-117.154037,7469.6,80.6,0.806,177,0,0,,True,5.4
3013,32.940605,-117.154043,7473.4,80.8,0.806,177,0,0,,True,2.8
3014,32.940636,-117.154052,7477.0,80.8,3.5,176,83,375,,True,0.0
3015,32.940665,-117.154056,7480.6,80.8,3.66,176,84,373,,True,-1.5
3016,32.940694,-117.15406,7483.8,80.6,3.54,176,84,363,,True,-1.6
3017,32.940716,-117.154071,7486.7,80.6,3.42,176,84,336,,True,-1.7
3018,32.940738,-117.154072,7489.4,80.6,3.2,176,84,331,,True,0.0
3019,32.94077,-117.154075,7492.2,80.6,3.04,175,83,326,,True,1.8
3020,32.94079,-117.154074,7495.0,80.6,2.88,176,83,315,,True,3.6
3021,32.940815,-117.154077,7497.8,80.8,2.8,177,83,316,,True,5.6
3022,32.940842,-117.15408,7500.6,81.0,2.78,177,83,317,,True,6.0
3023,32.94086,-117.154078,7502.9,81.2,2.7,177,82,316,,True,5.1
3024,32.940882,-117.154082,7505.0,81.2,2.56,177,82,314,,True,5.4
3025,32.940902,-117.154084,7507.2,81.4,2.44,177,82,306,,True,3.7
3026,32.940919,-117.154078,7509.5,81.4,2.34,177,82,297,,True,5.6
3027,32.940937,-117.154081,7511.8,81.6,2.24,177,81,294,,True,4.7
3028,32.940953,-117.154087,7513.7,81.6,2.16,177,81,298,,True,6.5
3029,32.940971,-117.154091,7515.7,81.8,2.14,178,80,300,,True,5.1
