t,lat,lng,distance_m,altitude_m,velocity_ms,heartrate,cadence,watts,temp_c,moving,grade_pct
0,32.913922,-117.098858,0.0,221.0,0.0,66,0,0,,False,9.5
1,32.913922,-117.098858,0.0,221.2,0.0,67,0,0,,False,11.1
2,32.913922,-117.098858,0.0,221.2,0.0,67,0,0,,False,7.7
3,32.913924,-117.098858,0.0,221.2,0.0,67,0,0,,False,5.6
4,32.913937,-117.098837,2.1,221.2,0.525,68,0,0,,True,6.0
5,32.913941,-117.098829,3.6,221.4,0.72,69,0,0,,True,4.0
6,32.913951,-117.098814,5.2,221.4,1.04,70,0,0,,True,3.6
7,32.913965,-117.098799,7.2,221.4,1.44,71,0,0,,True,0.0
8,32.913981,-117.098771,10.0,221.6,2.0,72,75,163,,True,0.0
9,32.913998,-117.098746,13.1,221.6,2.2,73,77,210,,True,0.0
10,32.914018,-117.098714,16.8,221.4,2.64,74,77,267,,True,0.0
11,32.914034,-117.098686,19.9,221.4,2.94,76,77,293,,True,0.0
12,32.914054,-117.098654,23.6,221.6,3.28,78,77,315,,True,2.8
13,32.914073,-117.09862,27.8,221.6,3.56,80,82,329,,True,2.7
14,32.914087,-117.098591,31.2,221.8,3.62,80,82,339,,True,1.4
15,32.914111,-117.098557,34.9,221.8,3.62,81,82,357,,True,0.0
16,32.914125,-117.098533,38.1,221.8,3.64,82,83,365,,True,-1.5
17,32.914142,-117.098507,41.3,221.6,3.54,83,83,347,,True,-1.6
18,32.914159,-117.098476,44.6,221.6,3.36,83,84,332,,True,-1.6
19,32.91417,-117.09845,47.5,221.6,3.26,84,84,318,,True,0.0
20,32.914189,-117.098421,50.7,221.6,3.16,85,84,320,,True,-1.8
21,32.914204,-117.098398,53.7,221.6,3.12,85,83,313,,True,-1.9
22,32.914213,-117.098382,55.9,221.4,2.92,86,82,310,,True,-5.4
23,32.914229,-117.098362,57.9,221.4,2.66,87,82,305,,True,-5.7
24,32.91424,-117.098344,59.9,221.2,2.48,88,82,292,,True,-3.7
25,32.914245,-117.098323,61.8,221.0,2.22,89,81,280,,True,-3.6
26,32.914247,-117.098291,64.2,221.0,2.1,91,80,268,,True,-1.6
27,32.914245,-117.098267,66.7,221.0,2.16,92,80,253,,True,0.0
28,32.914243,-117.098239,69.0,221.0,2.22,93,80,234,,True,0.0
29,32.914241,-117.098203,72.4,221.0,2.5,95,81,227,,True,0.0
30,32.914238,-117.098175,75.0,221.0,2.64,96,80,230,,True,0.0
31,32.914236,-117.098149,78.0,221.0,2.76,97,80,241,,True,-1.9
32,32.914243,-117.098116,80.8,221.0,2.82,99,80,257,,True,-1.9
33,32.914241,-117.098094,83.0,220.8,2.8,100,80,254,,True,-3.8
34,32.914243,-117.098067,85.6,220.8,2.64,101,80,251,,True,-3.9
35,32.914245,-117.098031,88.6,220.6,2.72,102,80,232,,True,-3.6
36,32.914247,-117.098006,91.0,220.6,2.6,103,80,231,,True,-3.6
37,32.914253,-117.097977,94.1,220.4,2.66,104,80,231,,True,-1.9
38,32.914259,-117.097945,96.8,220.4,2.76,104,80,236,,True,-1.8
39,32.914263,-117.097925,98.9,220.4,2.66,105,80,240,,True,1.9
40,32.914265,-117.097894,102.0,220.4,2.68,106,81,240,,True,4.0
41,32.914264,-117.097863,104.8,220.6,2.76,107,81,236,,True,5.6
42,32.914261,-117.097842,106.8,220.8,2.54,107,81,235,,True,4.8
43,32.914268,-117.09781,109.6,221.0,2.56,108,81,236,,True,3.1
44,32.914273,-117.097788,111.8,221.0,2.58,109,80,231,,True,1.8
45,32.914274,-117.097761,114.6,221.0,2.52,109,81,231,,True,0.0
46,32.914275,-117.097726,117.7,221.0,2.58,110,81,230,,True,0.0
47,32.914276,-117.097704,119.9,221.0,2.62,110,81,231,,True,0.0
48,32.914279,-117.097679,122.4,221.0,2.56,111,82,232,,True,-3.1
49,32.914291,-117.097646,125.3,221.0,2.7,112,82,232,,True,-3.7
50,32.914294,-117.097623,127.6,220.8,2.6,112,82,232,,True,-5.8
51,32.914302,-117.097596,130.6,220.6,2.58,113,81,232,,True,-5.0
52,32.914309,-117.09757,132.7,220.4,2.56,113,81,236,,True,-3.2
53,32.914313,-117.09755,134.9,220.4,2.5,114,81,229,,True,-1.7
54,32.914324,-117.097524,137.3,220.4,2.4,114,81,226,,True,0.0
55,32.914334,-117.097498,140.0,220.4,2.48,115,81,222,,True,0.0
56,32.914337,-117.097482,142.2,220.4,2.32,115,81,221,,True,1.7
57,32.914344,-117.097461,144.3,220.4,2.32,115,80,221,,True,0.0
58,32.914349,-117.097431,146.7,220.4,2.36,116,80,220,,True,1.6
59,32.914351,-117.09741,148.8,220.6,2.3,116,80,217,,True,1.9
60,32.914359,-117.097378,151.9,220.4,2.38,117,81,217,,True,1.9
61,32.914365,-117.097348,154.8,220.6,2.52,118,80,217,,True,-1.7
62,32.914367,-117.097326,157.3,220.6,2.6,119,80,218,,True,0.0
63,32.914378,-117.097295,160.3,220.4,2.72,119,80,221,,True,-3.1
64,32.914386,-117.097275,162.3,220.4,2.7,120,81,221,,True,-3.9
65,32.914388,-117.097251,164.6,220.4,2.54,120,81,222,,True,-1.7
66,32.914399,-117.09722,167.5,220.2,2.54,120,81,222,,True,-1.6
67,32.914403,-117.097201,169.7,220.2,2.48,121,81,222,,True,-3.3
68,32.91441,-117.09718,172.1,220.2,2.36,121,81,222,,True,-1.7
69,32.914426,-117.097151,174.5,220.2,2.44,121,81,221,,True,-3.3
70,32.914434,-117.097131,176.7,220.0,2.42,121,80,221,,True,-3.3
71,32.914441,-117.097107,179.1,220.0,2.32,122,80,220,,True,-3.4
72,32.914449,-117.097072,181.9,219.8,2.44,122,81,219,,True,-1.6
73,32.914452,-117.097053,184.4,219.8,2.46,122,81,219,,True,-1.7
74,32.914455,-117.097032,186.3,219.8,2.36,122,81,218,,True,0.0
75,32.914462,-117.096998,188.9,219.8,2.44,123,81,218,,True,0.0
76,32.914459,-117.096977,191.1,219.8,2.4,123,80,217,,True,0.0
77,32.914467,-117.096947,194.2,219.8,2.46,124,80,217,,True,0.0
78,32.91448,-117.096917,197.0,219.8,2.52,124,79,219,,True,1.9
79,32.914484,-117.096894,199.6,219.8,2.66,124,80,220,,True,2.0
80,32.914492,-117.09687,201.9,220.0,2.6,124,81,220,,True,1.8
81,32.914499,-117.096844,204.4,220.0,2.66,124,81,220,,True,1.9
82,32.914501,-117.096826,206.3,220.0,2.42,125,81,220,,True,0.0
83,32.914504,-117.096809,207.9,220.0,2.18,125,81,219,,True,0.0
84,32.914511,-117.096782,210.1,220.0,2.1,126,81,219,,True,0.0
85,32.914508,-117.096769,211.7,220.0,1.96,126,81,217,,True,0.0
86,32.914509,-117.096746,213.5,220.0,1.82,126,80,217,,True,-1.8
87,32.914515,-117.096716,216.1,220.0,1.96,126,79,215,,True,-1.7
88,32.914512,-117.096698,218.3,220.0,2.08,127,78,215,,True,-2.0
89,32.914517,-117.096667,221.3,219.8,2.24,127,78,214,,True,-1.7
90,32.914527,-117.096641,223.6,219.8,2.38,127,78,218,,True,0.0
91,32.914529,-117.096624,225.6,219.8,2.42,127,80,218,,True,1.8
92,32.914533,-117.0966,227.9,219.8,2.36,127,80,219,,True,1.9
93,32.914542,-117.096573,230.2,220.0,2.38,127,80,210,,True,1.9
94,32.914541,-117.096555,232.2,220.0,2.18,128,80,210,,True,1.9
95,32.914547,-117.096533,234.2,220.0,2.12,127,80,211,,True,2.0
96,32.914558,-117.096515,236.2,220.0,2.12,127,80,208,,True,1.9
97,32.914561,-117.096493,238.3,220.0,2.08,127,80,204,,True,1.9
98,32.914567,-117.096472,240.4,220.2,2.04,127,80,201,,True,1.9
99,32.914577,-117.096449,242.5,220.2,2.06,127,80,201,,True,3.6
100,32.91458,-117.096426,244.8,220.2,2.12,127,80,201,,True,1.8
101,32.914587,-117.096402,247.0,220.2,2.16,128,80,201,,True,1.7
102,32.914595,-117.096372,249.5,220.4,2.24,127,80,203,,True,1.7
103,32.914598,-117.096354,251.5,220.4,2.22,127,79,204,,True,1.7
104,32.914602,-117.096326,254.2,220.4,2.34,127,79,206,,True,0.0
105,32.914603,-117.096296,256.8,220.4,2.4,128,79,208,,True,0.0
106,32.914602,-117.096275,259.1,220.4,2.42,127,79,209,,True,0.0
107,32.914605,-117.096247,261.9,220.4,2.48,128,80,210,,True,-1.6
108,32.914612,-117.096219,264.4,220.4,2.58,128,79,212,,True,-2.0
109,32.914615,-117.096197,266.6,220.4,2.48,128,79,214,,True,-2.0
110,32.914625,-117.096168,269.2,220.2,2.48,128,79,215,,True,-2.0
111,32.914634,-117.096142,271.9,220.2,2.56,128,79,215,,True,-3.7
112,32.914635,-117.096117,274.5,220.2,2.52,127,79,214,,True,-1.9
113,32.91464,-117.096083,277.4,220.0,2.6,128,80,214,,True,-1.8
114,32.914644,-117.096056,279.9,220.0,2.66,128,80,216,,True,0.0
115,32.914648,-117.096029,282.9,220.0,2.74,128,80,217,,True,2.0
116,32.914653,-117.096002,285.3,220.2,2.68,127,80,218,,True,3.3
117,32.914661,-117.095981,287.4,220.2,2.58,128,80,220,,True,3.5
118,32.91466,-117.095958,289.6,220.2,2.44,128,80,220,,True,1.9
119,32.914671,-117.095935,292.1,220.4,2.44,128,79,219,,True,1.8
120,32.91468,-117.095913,294.3,220.4,2.28,128,79,220,,True,1.7
121,32.914682,-117.095895,296.0,220.4,2.14,128,79,220,,True,0.0
122,32.914696,-117.095873,298.5,220.4,2.22,128,78,221,,True,1.8
123,32.914709,-117.095847,301.2,220.4,2.32,128,79,221,,True,1.6
124,32.914714,-117.09583,303.3,220.4,2.24,128,79,221,,True,1.7
125,32.914731,-117.095809,305.6,220.6,2.26,128,79,223,,True,3.4
126,32.914745,-117.095789,308.2,220.6,2.44,128,79,224,,True,3.4
127,32.914754,-117.09577,310.4,220.6,2.38,129,79,224,,True,1.7
128,32.914768,-117.095745,312.8,220.8,2.32,129,79,225,,True,3.2
129,32.91478,-117.095726,315.2,220.8,2.38,129,80,227,,True,3.9
130,32.91479,-117.095702,317.6,220.8,2.4,129,81,227,,True,1.9
131,32.914806,-117.09567,320.7,221.0,2.5,128,81,228,,True,0.0
132,32.91482,-117.09565,323.5,221.0,2.62,129,81,229,,True,0.0
133,32.914832,-117.095627,326.1,220.8,2.66,129,81,231,,True,-1.8
134,32.914847,-117.095595,329.1,220.8,2.78,129,80,231,,True,-1.8
135,32.91486,-117.095574,331.8,220.8,2.84,129,81,234,,True,1.8
136,32.914876,-117.095548,334.5,220.8,2.76,129,81,236,,True,-2.1
137,32.914885,-117.095521,337.0,221.0,2.7,129,81,237,,True,-3.4
138,32.91489,-117.095509,338.7,221.0,2.52,129,81,237,,True,-3.6
187,32.914909,-117.095521,338.7,220.6,0.034,77,0,0,,False,-5.8
188,32.914919,-117.095508,340.7,220.4,0.04,77,0,0,,True,-3.3
189,32.914936,-117.095488,342.9,220.4,0.082,76,53,0,,True,-3.8
190,32.914944,-117.095471,344.8,220.2,0.117,76,53,109,,True,1.8
191,32.914954,-117.095451,346.9,220.4,0.155,76,53,123,,True,1.7
192,32.914967,-117.095426,349.3,220.6,2.12,76,80,129,,True,3.9
193,32.914981,-117.095399,352.0,220.6,2.26,76,80,200,,True,1.7
194,32.914996,-117.09537,355.0,220.6,2.42,76,80,244,,True,1.6
195,32.915015,-117.095336,358.8,220.6,2.8,76,80,255,,True,1.5
196,32.91503,-117.095317,361.8,220.8,2.98,77,80,272,,True,2.9
197,32.915042,-117.095287,365.2,220.8,3.18,78,80,296,,True,4.9
198,32.915059,-117.095257,368.7,221.0,3.34,79,80,309,,True,3.4
199,32.915071,-117.095236,371.1,221.2,3.22,80,80,322,,True,3.4
200,32.91508,-117.09521,373.7,221.2,2.98,80,79,321,,True,1.9
201,32.915091,-117.095174,376.9,221.2,3.02,80,79,280,,True,0.0
202,32.915101,-117.095153,379.4,221.2,2.84,81,79,281,,True,0.0
203,32.915108,-117.09513,381.8,221.2,2.62,81,79,273,,True,0.0
204,32.915122,-117.095101,384.6,221.2,2.7,81,79,273,,True,0.0
205,32.915134,-117.09508,387.1,221.2,2.68,82,79,267,,True,0.0
206,32.91514,-117.095059,389.4,221.2,2.5,83,79,265,,True,0.0
207,32.915151,-117.09503,392.1,221.2,2.54,83,79,262,,True,0.0
208,32.91516,-117.095007,394.6,221.2,2.56,84,80,258,,True,0.0
209,32.915164,-117.094986,396.8,221.2,2.44,85,79,257,,True,0.0
210,32.915171,-117.094956,399.1,221.2,2.4,85,79,254,,True,0.0
211,32.915175,-117.094925,402.1,221.2,2.54,86,79,251,,True,0.0
212,32.915175,-117.094904,404.5,221.2,2.48,86,79,248,,True,0.0
213,32.915179,-117.094873,407.2,221.2,2.52,86,79,248,,True,0.0
214,32.915177,-117.094838,410.3,221.2,2.7,87,79,248,,True,0.0
215,32.915177,-117.094823,412.3,221.2,2.64,87,79,248,,True,-2.0
216,32.91518,-117.094795,414.7,221.2,2.52,87,78,246,,True,-3.4
217,32.915177,-117.094763,417.3,221.0,2.56,88,78,236,,True,-3.3
218,32.915169,-117.094743,419.4,221.0,2.44,88,78,234,,True,-5.0
219,32.915163,-117.094719,422.0,220.8,2.34,88,78,231,,True,-1.7
220,32.915155,-117.094686,424.6,220.8,2.46,89,78,232,,True,0.0
221,32.915152,-117.094667,426.6,220.6,2.38,89,78,231,,True,3.4
222,32.915145,-117.094645,429.0,220.8,2.34,89,78,230,,True,5.3
223,32.91514,-117.09461,431.7,221.0,2.46,89,78,228,,True,6.3
224,32.915142,-117.094593,433.6,221.2,2.32,90,79,230,,True,5.9
225,32.915137,-117.094569,436.0,221.4,2.28,90,79,230,,True,5.9
226,32.915134,-117.094533,439.2,221.4,2.52,90,78,229,,True,1.9
227,32.91513,-117.094505,441.9,221.6,2.58,90,79,231,,True,0.0
228,32.915121,-117.094484,444.4,221.4,2.54,91,79,233,,True,-1.9
229,32.915117,-117.094458,447.2,221.4,2.72,91,79,233,,True,-3.5
230,32.915113,-117.094428,449.5,221.2,2.7,91,79,234,,True,-3.6
231,32.915112,-117.094413,451.2,221.2,2.4,92,79,232,,True,-1.9
232,32.91511,-117.09439,453.3,221.2,2.28,92,78,230,,True,0.0
233,32.91511,-117.094359,455.6,221.0,2.24,92,78,228,,True,0.0
234,32.915109,-117.094337,457.7,221.2,2.1,93,78,226,,True,0.0
235,32.915108,-117.094313,460.4,221.2,2.18,93,78,225,,True,1.7
236,32.915106,-117.094285,462.6,221.2,2.28,93,78,224,,True,0.0
237,32.915109,-117.094263,464.5,221.2,2.24,93,78,224,,True,1.7
238,32.915115,-117.094241,467.2,221.2,2.32,93,79,222,,True,1.6
239,32.915137,-117.094211,470.0,221.2,2.46,92,79,221,,True,1.9
240,32.915151,-117.094193,472.4,221.4,2.4,93,79,224,,True,3.7
241,32.915169,-117.094171,475.3,221.4,2.54,93,79,229,,True,5.1
242,32.915189,-117.094159,478.0,221.6,2.7,93,78,235,,True,1.6
243,32.915205,-117.094149,479.8,221.8,2.52,93,80,238,,True,1.7
244,32.915222,-117.094135,481.8,221.8,2.36,93,81,238,,True,-1.7
245,32.91525,-117.094138,484.8,221.6,2.48,94,81,239,,True,-4.0
246,32.915267,-117.094132,487.1,221.6,2.36,94,81,240,,True,-5.7
247,32.915288,-117.094122,489.8,221.4,2.36,94,80,244,,True,-2.0
248,32.915313,-117.09411,492.4,221.2,2.52,94,79,248,,True,0.0
249,32.915329,-117.094103,494.8,221.4,2.6,94,79,249,,True,1.7
250,32.915346,-117.094096,497.0,221.4,2.44,95,79,246,,True,3.6
251,32.915371,-117.094097,499.1,221.6,2.4,95,79,245,,True,1.8
252,32.915389,-117.094092,501.5,221.6,2.34,95,79,243,,True,1.9
253,32.915401,-117.094085,503.4,221.6,2.2,95,79,243,,True,-2.0
254,32.915427,-117.094081,505.7,221.6,2.18,95,79,243,,True,-2.0
255,32.915441,-117.094081,507.7,221.6,2.14,95,78,242,,True,-1.7
256,32.915455,-117.094076,509.3,221.4,2.04,96,78,238,,True,-4.2
257,32.915475,-117.094068,511.3,221.4,1.96,96,78,235,,True,-3.4
258,32.915496,-117.094062,513.4,221.4,2.0,95,78,231,,True,-3.2
259,32.91551,-117.094054,515.3,221.2,1.92,95,79,228,,True,-1.8
260,32.91553,-117.094041,517.4,221.2,1.94,95,79,226,,True,-1.8
261,32.915552,-117.094026,520.1,221.2,2.16,96,78,223,,True,0.0
262,32.915565,-117.094016,522.4,221.2,2.22,96,79,221,,True,0.0
263,32.915584,-117.094007,524.6,221.2,2.24,95,79,221,,True,0.0
264,32.915601,-117.094005,526.5,221.2,2.24,95,79,221,,True,-1.8
265,32.915608,-117.093999,527.5,221.2,2.02,95,79,221,,True,-1.9
266,32.915625,-117.093987,529.2,221.2,1.82,96,80,219,,True,-1.9
267,32.915641,-117.093976,531.1,221.0,1.74,95,80,217,,True,-1.8
268,32.915651,-117.093964,533.1,221.0,1.7,95,80,215,,True,-2.0
269,32.915666,-117.093948,535.1,221.0,1.72,95,80,211,,True,0.0
270,32.915684,-117.093933,537.5,221.0,2.0,95,80,210,,True,0.0
271,32.915694,-117.093919,539.3,221.0,2.02,95,79,208,,True,0.0
272,32.915707,-117.093897,541.8,221.0,2.14,95,79,207,,True,-1.6
273,32.915724,-117.093874,544.6,221.0,2.3,95,79,205,,True,-1.9
274,32.915733,-117.093855,546.8,221.0,2.34,95,78,204,,True,-1.9
275,32.915753,-117.093828,549.7,220.8,2.44,95,78,204,,True,-2.0
276,32.915764,-117.093806,552.4,220.8,2.62,95,78,204,,True,-1.8
277,32.915773,-117.093784,554.8,220.8,2.6,95,78,204,,True,0.0
278,32.915792,-117.093754,557.8,220.8,2.64,94,80,205,,True,-1.8
279,32.915799,-117.09373,560.9,220.8,2.82,94,80,203,,True,-1.7
280,32.915806,-117.093705,563.6,220.6,2.78,94,80,204,,True,-3.6
281,32.915818,-117.09367,566.3,220.6,2.78,95,80,205,,True,-3.8
282,32.915821,-117.093648,568.8,220.4,2.8,94,81,206,,True,-1.9
283,32.915828,-117.093619,571.3,220.4,2.7,94,81,206,,True,-2.3
284,32.915833,-117.093605,573.0,220.4,2.42,94,81,205,,True,-4.2
285,32.915837,-117.093595,574.2,220.4,2.12,94,81,204,,True,-3.8
286,32.915842,-117.093587,575.0,220.4,1.74,94,81,203,,False,-1.9
287,32.915845,-117.093586,575.3,220.4,1.3,94,0,202,,False,-2.5
288,32.915845,-117.093578,575.8,220.2,0.9,94,0,0,,False,-5.6
289,32.915846,-117.093566,576.7,220.2,0.74,94,0,0,,True,-5.0
290,32.915854,-117.09355,578.0,220.2,0.76,94,0,0,,True,-5.5
291,32.915858,-117.093543,579.3,220.2,0.86,94,55,134,,True,-4.7
292,32.915857,-117.093545,579.3,220.2,0.8,93,55,109,,False,-3.2
381,32.915878,-117.093463,580.2,219.8,0.01,72,0,0,,False,-3.9
382,32.915876,-117.093445,582.1,219.8,0.031,72,0,0,,True,-3.4
383,32.915882,-117.093404,585.1,219.8,0.064,71,0,0,,True,0.0
384,32.915881,-117.093374,588.2,219.8,0.097,71,0,0,,True,0.0
385,32.915879,-117.093347,591.1,219.8,0.127,71,0,0,,True,0.0
386,32.915873,-117.093317,593.7,219.8,0.127,72,0,0,,True,0.0
387,32.915867,-117.093292,596.0,219.8,2.78,73,80,278,,True,0.0
388,32.915861,-117.093268,598.7,219.8,2.72,74,80,255,,True,-2.0
389,32.915853,-117.093241,601.5,219.8,2.66,75,80,227,,True,-1.9
390,32.915844,-117.093218,603.8,219.6,2.54,75,80,226,,True,-2.0
391,32.915832,-117.093198,606.3,219.6,2.52,75,80,225,,True,0.0
392,32.915816,-117.09317,608.9,219.6,2.58,74,80,221,,True,1.6
393,32.915802,-117.093153,611.1,219.6,2.48,74,80,221,,True,1.7
394,32.915787,-117.093137,613.5,219.8,2.4,75,80,220,,True,3.2
395,32.91577,-117.093113,616.0,219.8,2.44,76,80,214,,True,3.9
396,32.915755,-117.093099,618.3,219.8,2.4,77,80,213,,True,0.0
397,32.915735,-117.093082,621.3,220.0,2.48,77,80,211,,True,0.0
398,32.915714,-117.093052,624.4,219.8,2.66,78,79,213,,True,-1.6
399,32.915698,-117.093034,627.2,219.8,2.74,78,79,219,,True,-3.1
400,32.915674,-117.09301,630.9,219.6,2.98,79,80,231,,True,-1.5
401,32.915652,-117.092976,634.3,219.6,3.2,80,80,237,,True,0.0
402,32.915634,-117.092958,637.5,219.6,3.24,80,80,249,,True,1.6
403,32.915612,-117.092939,640.9,219.8,3.3,81,81,258,,True,3.3
404,32.915595,-117.092911,643.6,219.8,3.28,82,81,257,,True,3.4
405,32.915576,-117.092891,646.5,220.0,3.12,83,81,260,,True,1.8
406,32.915559,-117.092871,649.3,220.0,3.0,83,80,257,,True,3.4
407,32.915538,-117.092844,652.2,220.0,2.94,84,80,254,,True,1.7
408,32.915519,-117.092828,655.2,220.2,2.86,85,81,255,,True,1.7
409,32.915499,-117.092811,658.1,220.2,2.9,85,81,256,,True,1.8
410,32.91548,-117.092785,660.8,220.2,2.86,86,81,256,,True,0.0
411,32.915464,-117.092768,663.4,220.2,2.82,87,81,257,,True,0.0
412,32.915442,-117.092748,666.4,220.2,2.84,87,80,255,,True,1.7
413,32.915426,-117.092713,669.4,220.2,2.84,88,80,257,,True,1.7
414,32.915414,-117.092691,672.3,220.4,2.84,88,80,258,,True,1.7
415,32.915407,-117.092661,675.3,220.4,2.9,89,79,262,,True,1.7
416,32.915404,-117.092623,678.4,220.4,3.0,90,79,265,,True,0.0
417,32.915398,-117.092603,680.9,220.4,2.9,90,79,270,,True,-1.8
418,32.915399,-117.092575,683.5,220.4,2.82,91,79,270,,True,-1.9
419,32.915406,-117.092537,686.3,220.2,2.8,91,80,263,,True,-1.7
420,32.915408,-117.092508,689.2,220.2,2.78,92,79,262,,True,-1.6
421,32.915417,-117.092476,692.9,220.2,2.9,92,79,261,,True,1.6
422,32.915438,-117.092449,695.7,220.2,2.96,93,79,264,,True,1.6
423,32.915449,-117.092428,698.5,220.4,3.0,93,80,278,,True,3.3
424,32.915472,-117.0924,701.9,220.4,3.12,94,80,282,,True,3.3
425,32.915506,-117.092392,705.2,220.6,3.2,94,80,288,,True,3.2
426,32.915526,-117.092382,708.0,220.6,3.02,95,80,306,,True,3.3
427,32.915556,-117.092369,711.1,220.8,3.08,96,81,305,,True,1.7
428,32.915583,-117.092366,714.2,220.8,3.14,97,80,307,,True,1.6
429,32.915607,-117.09236,717.1,220.8,3.04,97,80,310,,True,-1.6
430,32.915642,-117.092349,720.5,220.8,3.06,98,81,308,,True,-1.6
431,32.915667,-117.092349,723.6,220.6,3.12,98,80,310,,True,-1.5
432,32.915691,-117.092347,726.6,220.6,3.1,99,80,315,,True,-1.6
433,32.915726,-117.092345,730.2,220.6,3.2,99,80,316,,True,0.0
434,32.915746,-117.092349,732.7,220.6,3.12,100,81,316,,True,0.0
435,32.91577,-117.092348,735.5,220.6,3.0,100,81,315,,True,0.0
436,32.915803,-117.092342,738.8,220.6,3.04,101,81,313,,True,-1.8
437,32.915825,-117.092338,741.5,220.6,2.98,101,80,312,,True,0.0
438,32.915847,-117.092332,744.1,220.4,2.78,102,80,310,,True,0.0
439,32.915882,-117.092333,747.4,220.6,2.94,102,81,308,,True,0.0
440,32.915903,-117.092326,750.1,220.6,2.92,102,81,305,,True,1.7
441,32.915932,-117.092319,753.1,220.6,2.86,103,81,304,,True,-1.8
442,32.915958,-117.092324,755.7,220.6,2.84,103,81,305,,True,-1.7
443,32.915982,-117.092322,758.5,220.4,2.88,103,81,305,,True,-1.7
444,32.916015,-117.092314,761.9,220.4,2.9,104,81,302,,True,-1.6
445,32.91604,-117.092316,765.0,220.4,2.98,104,81,302,,True,0.0
446,32.916069,-117.092311,768.1,220.4,3.0,105,81,302,,True,0.0
447,32.916104,-117.092305,771.5,220.4,3.16,105,81,300,,True,0.0
448,32.916131,-117.092302,774.6,220.4,3.22,105,81,300,,True,0.0
449,32.916164,-117.092296,778.4,220.4,3.3,106,81,305,,True,0.0
450,32.916199,-117.09229,782.3,220.4,3.46,106,82,303,,True,0.0
451,32.916226,-117.092279,785.6,220.4,3.5,107,82,306,,True,1.5
452,32.91625,-117.092263,788.6,220.4,3.42,107,82,307,,True,0.0
453,32.916273,-117.092242,791.7,220.6,3.42,108,82,306,,True,0.0
454,32.916294,-117.092219,795.0,220.4,3.32,108,82,302,,True,0.0
455,32.916313,-117.092185,798.4,220.4,3.22,109,82,298,,True,-1.6
456,32.916322,-117.09216,801.1,220.4,3.1,109,82,293,,True,0.0
457,32.916335,-117.092129,804.2,220.4,3.12,109,82,289,,True,1.7
458,32.916345,-117.092098,807.3,220.4,3.12,109,83,286,,True,1.6
459,32.91635,-117.092072,810.2,220.6,3.04,110,83,282,,True,3.4
460,32.91636,-117.092034,813.3,220.6,2.98,110,83,281,,True,3.4
461,32.916363,-117.09201,815.8,220.8,2.94,110,83,282,,True,1.8
462,32.91636,-117.091978,818.9,220.8,2.94,110,82,281,,True,1.8
463,32.91636,-117.091943,821.6,220.8,2.86,110,81,281,,True,0.0
464,32.916361,-117.091918,824.3,220.8,2.82,111,81,281,,True,0.0
465,32.916364,-117.091895,826.9,220.8,2.72,111,81,281,,True,1.9
466,32.916367,-117.091859,829.4,220.8,2.72,112,80,282,,True,2.0
467,32.916372,-117.091837,831.9,221.0,2.6,112,80,283,,True,2.0
468,32.916371,-117.091811,834.5,221.0,2.58,112,80,283,,True,1.9
469,32.916368,-117.091776,837.1,221.0,2.56,113,80,283,,True,0.0
470,32.91636,-117.091751,839.8,221.0,2.58,113,80,283,,True,0.0
471,32.916362,-117.091724,842.8,221.0,2.68,113,80,282,,True,1.8
472,32.916365,-117.091689,845.5,221.0,2.72,114,80,281,,True,1.8
473,32.916366,-117.091666,848.0,221.2,2.7,114,81,280,,True,1.8
474,32.916369,-117.091637,850.9,221.2,2.76,114,81,279,,True,3.6
475,32.916368,-117.0916,853.8,221.2,2.8,114,81,279,,True,1.7
476,32.916361,-117.091574,856.6,221.4,2.76,114,81,280,,True,1.7
477,32.916362,-117.091543,859.5,221.4,2.8,115,80,280,,True,1.6
478,32.916362,-117.091501,863.0,221.4,3.0,115,80,280,,True,0.0
479,32.916358,-117.091472,866.3,221.4,3.08,115,80,281,,True,1.6
480,32.916357,-117.091441,869.5,221.4,3.14,116,81,282,,True,1.8
481,32.916355,-117.091411,872.4,221.6,3.16,116,81,285,,True,1.8
482,32.916354,-117.091388,874.4,221.6,2.98,116,81,283,,True,0.0
483,32.916352,-117.091352,877.3,221.6,2.86,116,81,283,,True,-2.0
484,32.916344,-117.09133,879.8,221.4,2.7,116,81,280,,True,-3.6
485,32.916337,-117.091301,882.4,221.4,2.58,116,82,280,,True,-3.5
486,32.916334,-117.091261,885.6,221.2,2.64,117,82,278,,True,0.0
487,32.916329,-117.091234,888.7,221.2,2.86,117,82,276,,True,0.0
488,32.916324,-117.091203,891.8,221.4,2.9,117,82,277,,True,1.6
489,32.916322,-117.091166,895.0,221.4,3.04,117,82,278,,True,1.7
490,32.916316,-117.091142,897.8,221.4,3.08,117,81,277,,True,1.7
491,32.91631,-117.091109,900.7,221.4,3.02,116,81,277,,True,1.7
492,32.916303,-117.091077,903.6,221.6,2.98,117,81,276,,True,0.0
493,32.916297,-117.091049,906.8,221.6,3.0,117,81,276,,True,0.0
494,32.916292,-117.09101,910.1,221.4,3.02,117,81,274,,True,-1.6
495,32.916287,-117.09098,913.0,221.4,3.04,117,81,274,,True,-1.7
496,32.916282,-117.090954,916.0,221.4,3.06,117,81,273,,True,0.0
497,32.916275,-117.090919,918.8,221.4,3.04,117,81,275,,True,1.8
498,32.91627,-117.090895,921.5,221.4,2.94,117,81,274,,True,1.8
499,32.916267,-117.090869,924.2,221.6,2.82,117,81,275,,True,3.5
500,32.916267,-117.09083,927.3,221.6,2.86,117,81,275,,True,3.4
501,32.916259,-117.090805,930.1,221.8,2.82,117,81,272,,True,1.6
502,32.916248,-117.090772,933.3,221.8,2.9,118,81,273,,True,0.0
503,32.916239,-117.09074,936.4,221.8,2.98,117,81,274,,True,-1.6
504,32.916229,-117.090712,939.3,221.6,3.02,117,81,273,,True,-1.6
505,32.916212,-117.090673,942.8,221.6,3.1,118,82,270,,True,-3.1
506,32.916198,-117.090652,945.8,221.6,3.14,118,82,268,,True,-1.5
507,32.916183,-117.090624,949.1,221.4,3.16,118,82,269,,True,0.0
508,32.916166,-117.09059,952.3,221.4,3.18,118,82,269,,True,0.0
509,32.916149,-117.090572,955.1,221.6,3.16,117,82,269,,True,1.7
510,32.916131,-117.090546,957.8,221.6,3.0,117,82,268,,True,0.0
511,32.916109,-117.09052,961.2,221.6,3.08,117,82,269,,True,-1.5
512,32.916088,-117.090498,964.5,221.4,3.08,117,82,267,,True,-3.0
513,32.916065,-117.090465,968.1,221.4,3.16,117,82,265,,True,-3.1
514,32.916046,-117.090442,971.3,221.2,3.24,117,81,265,,True,-3.0
515,32.916027,-117.090422,974.3,221.2,3.3,117,81,265,,True,-1.6
516,32.916006,-117.090389,977.7,221.0,3.3,117,81,266,,True,0.0
517,32.915989,-117.09037,980.7,221.2,3.24,117,82,265,,True,0.0
518,32.915967,-117.090344,984.1,221.2,3.2,117,82,266,,True,1.6
519,32.915947,-117.090316,987.4,221.2,3.22,117,82,265,,True,1.6
520,32.915927,-117.090298,990.5,221.2,3.24,117,82,265,,True,1.6
521,32.915908,-117.090276,993.6,221.4,3.18,117,81,267,,True,1.7
522,32.915892,-117.090249,996.5,221.4,3.16,117,81,270,,True,3.5
523,32.915873,-117.090231,999.1,221.4,3.0,117,81,270,,True,1.8
524,32.915856,-117.090206,1001.9,221.6,2.9,117,81,268,,True,0.0
525,32.915842,-117.090182,1004.6,221.6,2.82,116,81,267,,True,0.0
526,32.915828,-117.09016,1007.4,221.4,2.76,117,81,268,,True,-1.7
527,32.915812,-117.090122,1010.8,221.4,2.86,117,81,267,,True,0.0
528,32.915802,-117.090097,1013.7,221.4,2.92,117,81,268,,True,1.6
529,32.915792,-117.090066,1016.9,221.6,3.0,117,80,269,,True,1.7
530,32.915791,-117.090026,1020.0,221.6,3.08,117,80,270,,True,3.3
531,32.915786,-117.089999,1022.9,221.6,3.1,117,81,272,,True,1.6
532,32.915788,-117.089961,1026.0,221.8,3.04,117,81,271,,True,1.5
533,32.915798,-117.089925,1029.5,221.8,3.16,117,83,271,,True,1.5
534,32.915809,-117.089894,1033.0,221.8,3.22,117,83,272,,True,0.0
535,32.915831,-117.089861,1036.4,221.8,3.28,117,82,275,,True,-1.6
536,32.915848,-117.089843,1039.2,221.8,3.26,117,82,279,,True,-1.7
537,32.915867,-117.089824,1042.1,221.6,3.22,117,82,283,,True,0.0
538,32.915896,-117.089809,1045.1,221.6,3.12,118,82,287,,True,1.8
539,32.915915,-117.089803,1047.8,221.8,2.96,118,82,292,,True,4.0
540,32.915932,-117.089798,1050.1,222.0,2.74,118,81,297,,True,3.4
541,32.915959,-117.089793,1052.2,222.0,2.6,118,80,302,,True,1.7
542,32.915977,-117.0898,1054.4,222.0,2.46,118,80,305,,True,-1.7
543,32.915999,-117.089794,1057.0,222.0,2.38,118,79,306,,True,-2.0
544,32.916027,-117.089785,1059.6,222.0,2.36,118,79,305,,True,0.0
545,32.916045,-117.089775,1062.2,221.8,2.42,118,79,285,,True,0.0
546,32.916068,-117.089762,1065.1,222.0,2.58,118,79,280,,True,1.8
547,32.916097,-117.08976,1068.1,222.0,2.74,118,79,285,,True,3.4
548,32.916115,-117.089752,1070.6,222.2,2.72,118,80,298,,True,1.8
549,32.916148,-117.089742,1073.8,222.2,2.84,118,81,303,,True,1.8
550,32.916172,-117.089735,1076.5,222.2,2.86,118,81,304,,True,0.0
551,32.916195,-117.089723,1079.5,222.2,2.88,119,82,299,,True,-1.8
552,32.916222,-117.089707,1082.7,222.2,2.92,119,83,295,,True,-1.8
553,32.916235,-117.089691,1084.9,222.0,2.86,119,83,294,,True,-1.9
554,32.916252,-117.089671,1087.5,222.0,2.74,119,83,292,,True,1.6
555,32.916276,-117.089659,1090.0,222.0,2.7,118,82,281,,True,3.9
556,32.916289,-117.089642,1092.2,222.2,2.54,119,82,278,,True,4.0
557,32.916309,-117.089618,1095.2,222.4,2.5,119,81,275,,True,3.1
558,32.916325,-117.089604,1097.6,222.4,2.54,119,81,274,,True,1.9
559,32.916336,-117.089584,1099.8,222.4,2.46,119,82,272,,True,0.0
560,32.91635,-117.089551,1102.8,222.4,2.56,120,82,271,,True,2.0
561,32.916364,-117.089538,1105.1,222.4,2.58,120,82,271,,True,-14.8
562,32.916372,-117.089534,1106.3,222.4,2.22,120,82,270,,True,-12.8
563,32.916383,-117.089528,1107.4,222.6,1.96,120,82,273,,True,-11.5
636,32.916368,-117.089551,1107.4,220.8,0.015,77,0,0,,False,-10.1
637,32.916372,-117.089542,1108.4,220.8,0.014,77,0,0,,True,-8.3
638,32.916388,-117.089521,1110.7,221.0,0.044,78,0,0,,True,-8.2
639,32.916402,-117.089497,1113.2,221.2,0.076,78,0,0,,True,6.6
640,32.916405,-117.089483,1115.0,221.4,0.099,77,0,0,,True,5.3
641,32.916416,-117.089465,1117.1,221.4,1.94,79,0,0,,True,3.3
642,32.916426,-117.089437,1119.6,221.6,2.24,79,78,206,,True,1.9
643,32.916436,-117.089413,1122.1,221.6,2.28,79,78,209,,True,1.8
644,32.916448,-117.089382,1125.5,221.6,2.46,79,78,234,,True,0.0
645,32.916459,-117.089352,1128.3,221.6,2.66,80,78,244,,True,0.0
646,32.916468,-117.089334,1130.7,221.6,2.72,80,78,275,,True,0.0
647,32.916477,-117.089302,1134.1,221.6,2.9,80,78,276,,True,0.0
648,32.916485,-117.089268,1136.9,221.6,2.96,81,78,272,,True,1.7
649,32.916491,-117.089245,1139.4,221.6,2.78,81,78,278,,True,1.9
650,32.9165,-117.089215,1142.4,221.8,2.82,81,79,266,,True,3.4
651,32.916509,-117.089196,1144.5,221.8,2.76,81,79,256,,True,1.7
652,32.916508,-117.089177,1146.0,222.0,2.38,81,79,255,,True,0.0
653,32.916515,-117.08915,1148.6,222.0,2.34,81,79,242,,True,-1.7
654,32.916527,-117.089133,1150.9,221.8,2.3,81,80,227,,True,-3.9
655,32.916537,-117.089108,1153.5,221.8,2.22,82,80,227,,True,-2.0
656,32.916541,-117.089072,1156.3,221.6,2.36,82,80,223,,True,0.0
657,32.916547,-117.089054,1158.6,221.8,2.52,82,80,223,,True,0.0
658,32.916555,-117.089026,1161.1,221.8,2.5,83,83,222,,True,2.0
659,32.916562,-117.088994,1164.0,221.8,2.62,83,83,222,,True,1.8
660,32.916561,-117.088971,1166.4,221.8,2.58,83,83,221,,True,1.8
661,32.916569,-117.088938,1169.5,222.0,2.64,83,83,224,,True,0.0
662,32.91657,-117.088907,1172.2,222.0,2.72,84,82,224,,True,0.0
663,32.916569,-117.088879,1175.2,221.8,2.82,84,81,229,,True,-1.8
664,32.916568,-117.088848,1177.8,221.8,2.76,84,81,231,,True,-2.0
665,32.916569,-117.088817,1180.5,221.8,2.82,85,81,239,,True,-2.0
666,32.916566,-117.088797,1182.4,221.8,2.58,85,81,241,,True,-3.8
667,32.916575,-117.08878,1184.3,221.6,2.42,85,81,239,,True,-9.1
668,32.91658,-117.088776,1185.1,221.6,1.98,85,81,223,,False,-8.3
669,32.916582,-117.088771,1185.6,221.4,1.56,86,82,214,,False,-9.8
670,32.916584,-117.088762,1186.2,221.2,1.14,86,82,213,,False,-12.2
671,32.916589,-117.088758,1186.6,221.0,0.84,86,82,213,,False,-6.9
672,32.916593,-117.088755,1187.2,221.0,0.58,86,82,212,,False,-7.2
673,32.916595,-117.088757,1187.4,221.0,0.46,85,82,209,,False,-5.2
674,32.916594,-117.088756,1187.5,220.8,0.38,86,0,0,,False,-5.6
675,32.916595,-117.08875,1188.0,220.8,0.36,93,0,0,,False,-1.7
676,32.916594,-117.088742,1188.7,220.8,0.42,102,0,0,,False,0.0
677,32.916594,-117.088722,1190.2,220.8,0.6,105,38,0,,True,0.0
678,32.916597,-117.088698,1192.1,221.0,0.94,106,38,43,,True,1.8
679,32.916596,-117.08868,1193.5,221.0,1.2,106,38,55,,True,1.9
680,32.916596,-117.08866,1195.9,221.0,1.58,105,38,64,,True,0.0
681,32.916588,-117.088638,1197.9,221.0,1.84,105,79,167,,True,-1.7
682,32.916584,-117.088628,1199.0,221.0,1.76,105,77,197,,True,-3.9
683,32.916582,-117.088603,1201.4,220.8,1.86,106,77,199,,True,-3.6
684,32.91658,-117.088575,1203.9,220.8,2.08,106,77,196,,True,-4.6
685,32.916577,-117.088552,1206.2,220.6,2.06,107,77,189,,True,-3.8
686,32.916576,-117.088525,1208.9,220.6,2.2,107,78,203,,True,-3.7
687,32.91658,-117.088488,1212.0,220.4,2.6,108,78,204,,True,-3.3
688,32.916577,-117.088461,1214.8,220.4,2.68,109,79,221,,True,-3.1
689,32.916572,-117.088424,1218.3,220.2,2.88,110,80,239,,True,-1.5
690,32.91657,-117.088383,1221.8,220.2,3.12,110,80,240,,True,-2.8
691,32.916568,-117.088347,1225.3,220.2,3.28,111,80,259,,True,-1.4
692,32.916569,-117.088301,1229.2,220.0,3.44,111,80,269,,True,0.0
693,32.916571,-117.088272,1232.3,220.0,3.5,112,81,277,,True,0.0
694,32.91658,-117.088229,1236.4,220.2,3.62,112,83,297,,True,1.4
695,32.91659,-117.088192,1240.1,220.2,3.66,113,83,325,,True,2.6
696,32.916594,-117.088151,1243.9,220.2,3.72,114,84,328,,True,1.4
697,32.916612,-117.088116,1247.7,220.4,3.7,116,85,333,,True,2.9
698,32.916619,-117.088091,1250.6,220.4,3.66,117,85,334,,True,4.8
699,32.916628,-117.088054,1254.0,220.6,3.52,117,85,320,,True,5.4
700,32.916635,-117.088034,1256.5,220.8,3.28,118,85,302,,True,7.1
701,32.916651,-117.088011,1258.9,221.0,3.0,119,84,305,,True,7.3
702,32.91666,-117.087976,1261.8,221.2,2.82,120,84,290,,True,6.7
703,32.916664,-117.087947,1265.0,221.4,2.88,120,84,281,,True,6.0
704,32.916676,-117.087908,1268.5,221.6,2.9,121,84,285,,True,4.4
705,32.916689,-117.087873,1272.2,221.8,3.14,121,82,293,,True,4.3
706,32.916698,-117.087842,1275.5,221.8,3.32,122,82,301,,True,3.0
707,32.916706,-117.0878,1279.0,222.0,3.44,122,82,312,,True,1.5
708,32.916709,-117.087775,1281.8,222.0,3.36,123,83,316,,True,1.6
709,32.916717,-117.087739,1285.4,222.0,3.38,123,83,317,,True,0.0
710,32.916725,-117.087709,1288.2,222.0,3.2,124,83,318,,True,0.0
711,32.916731,-117.087677,1291.4,222.0,3.18,125,83,316,,True,0.0
712,32.916738,-117.087631,1295.2,222.0,3.24,125,83,316,,True,0.0
713,32.916748,-117.087604,1298.4,222.0,3.32,126,83,317,,True,-1.4
714,32.916755,-117.087568,1302.0,222.0,3.32,127,83,318,,True,-1.5
715,32.916763,-117.087528,1305.3,221.8,3.42,127,83,318,,True,-1.5
716,32.916762,-117.087497,1308.7,221.8,3.46,128,82,323,,True,-1.6
717,32.916766,-117.087456,1312.1,221.8,3.38,129,82,325,,True,-1.6
718,32.91677,-117.087428,1314.9,221.8,3.3,129,82,323,,True,-1.5
719,32.916775,-117.087396,1318.1,221.6,3.22,130,82,323,,True,-1.6
720,32.916787,-117.087353,1321.9,221.6,3.32,131,83,312,,True,-2.9
721,32.91679,-117.087324,1324.9,221.6,3.24,132,83,311,,True,-1.4
722,32.9168,-117.087281,1328.5,221.4,3.28,132,83,317,,True,-1.5
723,32.91681,-117.087252,1331.9,221.4,3.4,133,83,320,,True,-1.4
724,32.916822,-117.087219,1335.1,221.4,3.4,134,84,320,,True,-1.4
725,32.916848,-117.087183,1338.9,221.4,3.4,134,84,319,,True,-1.4
726,32.916863,-117.087157,1342.3,221.2,3.48,135,84,316,,True,-1.4
727,32.916893,-117.087129,1346.3,221.2,3.56,136,84,321,,True,-1.4
728,32.916925,-117.087114,1349.8,221.2,3.58,137,84,323,,True,0.0
729,32.916952,-117.087101,1353.2,221.2,3.62,137,83,330,,True,0.0
730,32.916991,-117.087099,1356.8,221.2,3.58,138,83,334,,True,-1.4
731,32.917023,-117.087104,1360.3,221.2,3.6,138,83,337,,True,-1.4
732,32.917054,-117.087116,1364.1,221.0,3.56,139,83,344,,True,-1.3
733,32.917079,-117.087147,1367.9,221.0,3.62,139,83,345,,True,-1.3
734,32.917102,-117.087172,1371.7,221.0,3.7,140,83,347,,True,0.0
735,32.917123,-117.087211,1375.6,221.0,3.76,141,83,345,,True,0.0
736,32.917138,-117.087237,1379.0,221.0,3.74,141,84,343,,True,0.0
737,32.917155,-117.087274,1383.0,221.0,3.78,141,84,341,,True,0.0
738,32.917159,-117.08731,1386.3,221.0,3.68,142,84,338,,True,0.0
739,32.917167,-117.087339,1389.5,221.0,3.56,142,84,334,,True,0.0
740,32.917169,-117.08738,1393.0,221.0,3.48,142,85,331,,True,1.7
741,32.917174,-117.087401,1395.4,221.0,3.28,142,85,324,,True,3.6
742,32.917179,-117.087429,1398.2,221.2,3.04,143,85,323,,True,5.9
743,32.917175,-117.08746,1400.7,221.4,2.88,143,85,320,,True,8.6
744,32.917177,-117.087481,1403.2,221.6,2.74,143,84,322,,True,7.5
745,32.917177,-117.087503,1405.0,221.8,2.4,144,84,322,,True,3.6
746,32.917179,-117.087526,1407.0,222.0,2.32,144,84,321,,True,1.8
747,32.917182,-117.087544,1408.9,222.0,2.14,144,84,319,,True,0.0
748,32.917182,-117.08758,1411.8,221.8,2.22,145,81,260,,True,-1.9
749,32.917188,-117.087608,1414.6,221.8,2.28,145,81,264,,True,0.0
750,32.917191,-117.087638,1417.6,221.8,2.52,145,80,294,,True,3.3
751,32.917189,-117.087677,1420.8,222.0,2.76,145,80,296,,True,4.9
752,32.917191,-117.087704,1423.8,222.2,2.98,146,82,318,,True,4.8
753,32.917191,-117.08774,1426.9,222.4,3.02,146,82,326,,True,4.9
754,32.917194,-117.087776,1430.1,222.4,3.1,147,82,316,,True,4.8
755,32.917197,-117.087802,1433.0,222.6,3.08,147,82,317,,True,1.7
756,32.917195,-117.087838,1436.2,222.8,3.08,147,81,317,,True,1.8
757,32.917197,-117.087861,1438.4,222.6,2.92,147,81,314,,True,0.0
758,32.917197,-117.08789,1441.4,222.6,2.9,148,82,312,,True,-1.9
759,32.917195,-117.087924,1444.2,222.6,2.82,148,82,299,,True,0.0
760,32.917196,-117.087947,1446.8,222.6,2.76,148,82,299,,True,1.9
761,32.917195,-117.08798,1449.4,222.6,2.64,148,82,300,,True,0.0
762,32.917198,-117.088008,1452.1,222.8,2.74,148,82,296,,True,0.0
763,32.917199,-117.088031,1454.4,222.6,2.6,148,82,294,,True,0.0
764,32.917198,-117.088068,1457.3,222.6,2.62,148,82,291,,True,-1.9
765,32.917204,-117.088089,1459.7,222.6,2.58,148,82,290,,True,0.0
766,32.917205,-117.088118,1462.5,222.6,2.62,148,82,289,,True,0.0
767,32.917205,-117.088154,1465.5,222.6,2.68,148,81,289,,True,1.8
768,32.917205,-117.088176,1468.1,222.6,2.74,148,81,289,,True,1.8
769,32.917205,-117.088207,1470.9,222.8,2.72,148,81,288,,True,1.8
770,32.917203,-117.08824,1473.9,222.8,2.84,148,81,288,,True,0.0
771,32.917205,-117.088263,1476.4,222.8,2.78,148,81,286,,True,-1.8
772,32.917208,-117.088297,1479.3,222.6,2.76,149,81,286,,True,-1.9
773,32.917208,-117.088326,1481.9,222.6,2.76,149,81,287,,True,-1.8
774,32.91721,-117.088351,1484.7,222.6,2.76,149,82,280,,True,0.0
775,32.917206,-117.088387,1487.5,222.6,2.72,149,82,279,,True,0.0
776,32.917206,-117.08841,1489.9,222.6,2.7,149,82,277,,True,0.0
777,32.91721,-117.08844,1492.7,222.6,2.68,149,82,273,,True,-1.8
778,32.917217,-117.088476,1495.8,222.6,2.78,149,82,270,,True,-1.7
779,32.917227,-117.088501,1498.9,222.4,2.84,149,81,269,,True,-1.8
780,32.917228,-117.088527,1501.4,222.4,2.78,150,81,274,,True,-1.9
781,32.917231,-117.08856,1504.1,222.4,2.84,149,81,274,,True,0.0
782,32.917234,-117.088585,1506.6,222.4,2.78,149,81,272,,True,0.0
783,32.917234,-117.088626,1510.2,222.4,2.88,149,81,270,,True,0.0
784,32.917234,-117.088654,1513.1,222.4,2.84,149,81,269,,True,-1.7
785,32.917239,-117.088681,1515.8,222.4,2.88,149,81,269,,True,-1.8
786,32.917237,-117.088714,1518.7,222.2,2.92,148,81,265,,True,-3.6
787,32.917234,-117.088738,1521.1,222.2,2.9,147,82,262,,True,-5.5
788,32.917238,-117.08877,1524.1,222.0,2.78,146,82,261,,True,-3.7
789,32.917241,-117.088803,1526.8,221.8,2.74,146,82,260,,True,-3.3
790,32.917244,-117.08883,1529.6,221.8,2.76,146,82,259,,True,-1.7
791,32.917241,-117.088871,1533.2,221.8,2.9,146,82,258,,True,0.0
792,32.917247,-117.088903,1536.1,221.8,3.0,146,81,258,,True,0.0
793,32.917251,-117.088938,1539.6,221.8,3.1,145,81,262,,True,0.0
794,32.917254,-117.088979,1543.1,221.8,3.26,145,81,261,,True,0.0
795,32.917259,-117.089007,1546.1,221.8,3.3,145,82,262,,True,0.0
796,32.91726,-117.08904,1549.4,221.8,3.24,145,82,264,,True,1.6
797,32.91726,-117.089073,1552.4,221.8,3.26,144,83,264,,True,1.6
798,32.917263,-117.0891,1555.3,222.0,3.14,145,83,265,,True,0.0
799,32.91726,-117.089135,1558.5,222.0,3.08,145,83,264,,True,0.0
800,32.917258,-117.089161,1560.8,221.8,2.94,145,83,262,,True,-1.7
801,32.917258,-117.089193,1563.6,221.8,2.84,144,83,262,,True,-1.7
802,32.917252,-117.089234,1567.0,221.8,2.92,145,83,259,,True,1.5
803,32.917254,-117.089267,1570.4,221.8,3.02,145,83,258,,True,1.4
804,32.91725,-117.089309,1574.2,222.0,3.14,145,83,260,,True,0.0
805,32.917245,-117.089345,1577.7,222.0,3.38,145,83,262,,True,0.0
806,32.917246,-117.089374,1580.9,221.8,3.46,145,83,265,,True,-1.6
807,32.917239,-117.089412,1584.2,221.8,3.44,145,83,268,,True,0.0
808,32.917236,-117.089441,1587.1,221.8,3.34,145,83,268,,True,1.6
809,32.917226,-117.08947,1590.1,222.0,3.18,145,83,269,,True,3.6
810,32.917217,-117.089503,1593.1,222.0,3.08,145,83,268,,True,3.7
811,32.917212,-117.089524,1595.4,222.2,2.9,145,83,267,,True,3.2
812,32.917212,-117.08955,1597.9,222.2,2.74,146,83,267,,True,3.4
813,32.917216,-117.089574,1599.9,222.2,2.56,147,83,267,,True,1.7
814,32.917217,-117.089601,1602.5,222.4,2.48,147,83,268,,True,1.7
815,32.917213,-117.089628,1604.9,222.4,2.36,148,82,268,,True,1.7
816,32.917215,-117.08965,1607.3,222.4,2.38,148,81,270,,True,0.0
817,32.917216,-117.089674,1609.5,222.4,2.32,149,81,272,,True,-1.9
818,32.917213,-117.089699,1611.4,222.4,2.3,149,81,271,,True,-2.0
819,32.917215,-117.089721,1613.6,222.4,2.22,149,81,269,,True,0.0
820,32.917216,-117.089746,1615.7,222.2,2.16,149,81,233,,True,1.9
821,32.917216,-117.089755,1617.1,222.2,1.96,149,81,229,,True,2.1
822,32.917213,-117.089758,1617.6,222.4,1.62,149,81,229,,False,1.9
823,32.91721,-117.089778,1619.2,222.4,1.56,148,80,205,,True,0.0
824,32.917215,-117.089789,1620.1,222.6,1.3,147,80,171,,True,0.0
825,32.917216,-117.089798,1621.1,222.6,1.08,146,80,172,,True,0.0
826,32.917217,-117.089807,1621.8,222.6,0.94,146,80,133,,False,-2.0
827,32.91722,-117.089811,1622.3,222.4,0.94,145,0,130,,False,-1.9
828,32.917217,-117.089826,1623.6,222.4,0.88,144,0,38,,True,-3.2
829,32.917213,-117.089852,1625.8,222.2,1.14,143,0,38,,True,-3.7
830,32.917215,-117.089871,1627.8,222.2,1.34,142,78,40,,True,-1.8
831,32.917219,-117.089893,1630.0,222.2,1.64,142,78,188,,True,0.0
832,32.917224,-117.089923,1632.5,222.2,2.04,141,78,200,,True,0.0
833,32.917231,-117.089942,1634.8,222.2,2.24,141,79,214,,True,-1.7
834,32.917235,-117.089968,1637.0,222.2,2.24,140,79,235,,True,-1.6
835,32.917238,-117.089999,1639.7,222.2,2.38,139,80,235,,True,-1.9
836,32.917243,-117.090019,1642.1,222.0,2.42,138,80,232,,True,-1.9
837,32.917248,-117.090054,1645.1,222.0,2.52,138,80,243,,True,-1.9
838,32.917257,-117.090077,1647.5,222.0,2.54,137,81,235,,True,0.0
839,32.917266,-117.090099,1650.0,222.0,2.6,137,81,250,,True,0.0
840,32.917273,-117.090132,1652.8,222.0,2.62,137,81,251,,True,0.0
841,32.917284,-117.090155,1655.4,222.0,2.66,138,81,248,,True,0.0
842,32.917294,-117.09018,1658.1,222.0,2.6,138,81,250,,True,0.0
843,32.917302,-117.090215,1661.3,222.0,2.76,139,81,247,,True,0.0
844,32.917308,-117.090237,1663.7,222.0,2.74,139,81,249,,True,0.0
845,32.917317,-117.090267,1666.6,222.0,2.76,139,81,255,,True,0.0
846,32.91732,-117.090297,1669.2,222.0,2.76,139,81,253,,True,0.0
847,32.91733,-117.090311,1671.3,222.0,2.64,139,81,254,,True,0.0
848,32.917339,-117.090327,1673.0,222.0,2.34,139,81,254,,True,1.7
849,32.917339,-117.090348,1674.7,222.0,2.2,139,81,249,,True,1.8
850,32.917344,-117.090363,1676.4,222.0,1.96,139,80,245,,True,1.8
851,32.91735,-117.090389,1678.7,222.2,1.9,139,80,229,,True,3.5
852,32.917356,-117.090406,1680.6,222.2,1.86,139,80,211,,True,3.4
853,32.917363,-117.090418,1682.2,222.2,1.84,138,80,208,,True,1.7
854,32.917368,-117.090443,1684.3,222.4,1.92,139,82,194,,True,-1.6
855,32.917376,-117.090464,1686.3,222.4,1.98,138,82,194,,True,-1.8
856,32.917383,-117.090481,1688.3,222.2,1.92,138,81,197,,True,-1.8
857,32.917396,-117.09051,1691.1,222.0,2.1,138,81,197,,True,-1.7
858,32.917405,-117.090528,1693.4,222.0,2.24,138,80,199,,True,1.6
859,32.917416,-117.090548,1695.7,222.2,2.28,138,80,224,,True,3.3
860,32.917427,-117.090578,1698.2,222.2,2.38,138,81,223,,True,4.8
861,32.917439,-117.090594,1700.7,222.4,2.48,137,81,224,,True,4.0
862,32.917452,-117.09062,1703.2,222.4,2.42,136,81,230,,True,2.0
863,32.917465,-117.090645,1705.8,222.6,2.48,136,81,228,,True,0.0
864,32.917483,-117.090661,1708.4,222.4,2.54,135,81,230,,True,0.0
865,32.917506,-117.090686,1711.6,222.4,2.68,135,82,234,,True,-3.5
866,32.917522,-117.090703,1714.6,222.4,2.78,135,82,236,,True,-1.7
867,32.91754,-117.090719,1717.3,222.2,2.82,135,82,246,,True,-1.7
868,32.917568,-117.090743,1720.4,222.2,2.92,136,82,250,,True,-1.8
869,32.917585,-117.090759,1723.1,222.2,2.94,136,82,250,,True,0.0
870,32.917605,-117.090774,1725.8,222.2,2.84,136,82,255,,True,0.0
871,32.917627,-117.090793,1728.4,222.2,2.76,136,82,252,,True,0.0
872,32.917646,-117.090797,1730.8,222.2,2.7,136,81,253,,True,0.0
873,32.917671,-117.09081,1733.5,222.2,2.62,136,81,252,,True,0.0
874,32.917694,-117.090821,1736.2,222.2,2.62,136,81,250,,True,-1.9
875,32.917712,-117.09082,1738.5,222.2,2.54,137,81,249,,True,-2.0
876,32.917743,-117.090825,1741.4,222.0,2.6,137,82,248,,True,-1.7
877,32.917758,-117.090823,1743.5,222.0,2.54,137,82,247,,True,-1.7
878,32.917777,-117.090823,1745.6,222.0,2.42,138,82,246,,True,1.7
879,32.917805,-117.090829,1748.2,222.0,2.4,138,82,244,,True,1.7
880,32.917821,-117.090824,1750.5,222.0,2.4,139,82,242,,True,1.6
881,32.917846,-117.090821,1752.9,222.2,2.3,139,82,242,,True,1.6
882,32.917869,-117.090819,1755.4,222.2,2.38,139,83,242,,True,2.0
883,32.917888,-117.090809,1758.0,222.2,2.48,140,83,241,,True,0.0
884,32.917917,-117.090799,1760.7,222.2,2.5,140,82,240,,True,0.0
885,32.917937,-117.090799,1763.3,222.2,2.56,140,82,242,,True,0.0
886,32.917958,-117.090796,1765.8,222.2,2.58,140,82,242,,True,1.6
887,32.917985,-117.090794,1768.3,222.2,2.58,140,82,242,,True,2.0
888,32.918,-117.090788,1770.4,222.2,2.48,140,82,242,,True,1.7
889,32.918023,-117.090784,1773.3,222.4,2.52,140,82,242,,True,1.6
890,32.918049,-117.09078,1775.6,222.4,2.46,139,82,243,,True,2.0
891,32.918066,-117.090771,1777.9,222.4,2.42,139,82,241,,True,0.0
892,32.918089,-117.090761,1780.6,222.4,2.46,138,82,242,,True,0.0
893,32.918114,-117.090757,1783.3,222.4,2.58,138,80,245,,True,0.0
894,32.91813,-117.090744,1785.5,222.4,2.44,137,80,247,,True,0.0
895,32.918156,-117.09073,1788.2,222.4,2.52,136,80,247,,True,1.6
896,32.918174,-117.09072,1790.7,222.4,2.56,136,80,246,,True,1.9
897,32.918192,-117.090707,1793.0,222.4,2.48,136,81,245,,True,1.9
898,32.918222,-117.090698,1795.9,222.6,2.52,136,81,245,,True,3.7
899,32.918244,-117.090692,1798.7,222.6,2.64,136,81,248,,True,5.3
900,32.918267,-117.090684,1801.6,222.8,2.68,137,81,251,,True,3.7
901,32.918294,-117.090673,1804.3,223.0,2.72,137,82,254,,True,5.7
902,32.91831,-117.090664,1806.7,223.0,2.74,137,82,257,,True,4.0
903,32.918331,-117.090653,1809.2,223.2,2.66,137,82,259,,True,1.6
904,32.918356,-117.090648,1811.6,223.2,2.58,138,81,261,,True,3.2
905,32.918374,-117.090639,1814.0,223.2,2.48,138,81,261,,True,2.0
906,32.918397,-117.090626,1816.6,223.2,2.46,138,81,260,,True,2.0
907,32.918419,-117.090616,1819.2,223.4,2.5,138,81,261,,True,1.7
908,32.918431,-117.090605,1821.6,223.4,2.48,138,81,262,,True,2.0
909,32.918447,-117.090592,1823.7,223.4,2.42,138,81,263,,True,0.0
910,32.918466,-117.090584,1825.5,223.4,2.3,139,81,265,,True,-1.7
911,32.918474,-117.090578,1826.8,223.4,2.04,139,81,264,,True,-1.7
912,32.918491,-117.090563,1829.0,223.4,1.96,139,80,261,,True,-1.6
913,32.918513,-117.09055,1831.3,223.2,1.94,139,79,253,,True,-1.7
914,32.918526,-117.090537,1833.6,223.2,1.98,139,79,250,,True,-3.3
915,32.918546,-117.090517,1836.5,223.2,2.2,139,79,250,,True,-2.0
916,32.918567,-117.090507,1838.9,223.2,2.42,139,78,249,,True,-1.9
917,32.918581,-117.09049,1841.3,223.0,2.46,139,79,248,,True,-3.7
918,32.918603,-117.090462,1844.3,223.0,2.6,138,79,246,,True,-3.5
919,32.918619,-117.090445,1847.2,222.8,2.72,138,80,242,,True,-1.6
920,32.918641,-117.09043,1850.3,222.8,2.76,138,80,244,,True,-1.5
921,32.918677,-117.090403,1854.0,222.8,3.02,138,81,247,,True,0.0
922,32.918691,-117.090377,1857.3,222.8,3.2,138,81,246,,True,1.4
923,32.918716,-117.090345,1861.0,222.8,3.34,137,81,248,,True,1.4
924,32.918739,-117.090322,1864.5,223.0,3.46,137,83,297,,True,1.4
925,32.918762,-117.090293,1868.5,223.0,3.64,137,83,317,,True,1.5
926,32.91879,-117.090277,1871.8,223.0,3.56,138,83,329,,True,0.0
927,32.918802,-117.090257,1874.4,223.0,3.42,139,84,320,,True,1.6
928,32.918827,-117.090229,1877.5,223.0,3.3,139,84,294,,True,1.6
929,32.91885,-117.090206,1881.0,223.2,3.3,140,84,275,,True,1.5
930,32.918871,-117.090183,1884.4,223.2,3.18,140,84,273,,True,1.5
931,32.918896,-117.09016,1887.9,223.2,3.22,140,84,295,,True,-1.5
932,32.918914,-117.09014,1890.8,223.2,3.28,140,83,299,,True,-1.6
933,32.91894,-117.090114,1894.0,223.0,3.3,141,83,308,,True,-1.7
934,32.918956,-117.090094,1896.9,223.0,3.18,141,83,300,,True,-1.7
935,32.918975,-117.090069,1899.9,223.0,3.1,141,83,287,,True,1.7
936,32.918999,-117.090048,1902.9,223.0,3.0,142,84,287,,True,1.6
937,32.919012,-117.090024,1906.1,223.2,3.06,142,84,284,,True,3.2
938,32.919032,-117.089991,1909.4,223.2,3.08,142,84,282,,True,3.5
939,32.919045,-117.089969,1912.5,223.4,3.12,142,83,283,,True,1.8
940,32.919056,-117.089953,1914.3,223.4,2.88,143,84,285,,True,3.9
941,32.919078,-117.089928,1917.1,223.4,2.84,143,84,286,,True,2.0
942,32.919087,-117.089905,1919.7,223.6,2.72,143,84,277,,True,3.5
943,32.919106,-117.089878,1922.6,223.6,2.64,144,84,278,,True,3.6
944,32.919128,-117.089857,1925.7,223.8,2.64,145,83,279,,True,1.9
945,32.919142,-117.089843,1928.2,223.8,2.78,146,83,280,,True,0.0
946,32.919153,-117.089841,1929.2,223.8,2.42,147,83,281,,True,0.0
947,32.919161,-117.089836,1930.2,223.8,2.1,148,82,284,,True,-2.0
948,32.919167,-117.089829,1931.0,223.6,1.68,148,82,284,,False,-1.7
949,32.919173,-117.089817,1932.2,223.6,1.3,148,80,285,,True,0.0
950,32.919187,-117.089801,1933.9,223.6,1.14,148,80,284,,True,0.0
951,32.919193,-117.089789,1935.6,223.6,1.28,149,78,256,,True,3.5
952,32.919204,-117.089772,1937.8,223.6,1.52,149,77,217,,True,5.6
953,32.919219,-117.08975,1940.2,223.8,1.84,149,77,212,,True,5.6
954,32.919233,-117.089733,1942.5,224.0,2.06,149,77,213,,True,5.8
955,32.919246,-117.089716,1944.6,224.2,2.14,149,79,222,,True,3.8
956,32.919261,-117.089705,1946.4,224.2,2.16,148,79,225,,True,1.9
957,32.919269,-117.089689,1948.2,224.2,2.08,149,79,220,,True,1.8
958,32.919286,-117.089669,1950.7,224.2,2.1,148,79,207,,True,1.7
959,32.919301,-117.08965,1953.2,224.2,2.14,148,79,209,,True,2.0
960,32.919315,-117.089629,1955.8,224.4,2.24,148,79,223,,True,2.0
961,32.919332,-117.08961,1958.4,224.4,2.4,148,79,239,,True,2.0
962,32.919346,-117.089589,1960.8,224.4,2.52,148,79,258,,True,0.0
963,32.919359,-117.089568,1963.3,224.4,2.52,147,79,266,,True,0.0
964,32.919368,-117.089549,1965.2,224.2,2.4,146,83,260,,True,0.0
965,32.919378,-117.089527,1967.5,224.4,2.34,145,83,255,,True,0.0
966,32.919399,-117.089511,1970.0,224.4,2.32,145,83,243,,True,1.6
967,32.919407,-117.089488,1972.5,224.4,2.34,145,0,0,,True,0.0
968,32.919425,-117.08947,1975.1,224.4,2.36,146,0,0,,True,0.0
969,32.919439,-117.089443,1977.8,224.4,2.52,146,84,0,,True,0.0
970,32.919443,-117.089422,1980.2,224.4,2.54,147,84,226,,True,0.0
971,32.919462,-117.089389,1983.3,224.4,2.66,147,84,231,,True,0.0
972,32.91948,-117.089364,1986.6,224.4,2.82,146,82,231,,True,0.0
973,32.919489,-117.089344,1989.1,224.4,2.8,146,81,238,,True,0.0
974,32.919509,-117.089315,1992.1,224.4,2.86,146,81,244,,True,3.6
975,32.919524,-117.089301,1994.6,224.4,2.88,145,81,247,,True,-17.0
976,32.919535,-117.08929,1996.3,224.6,2.6,145,81,252,,True,-13.7
977,32.919543,-117.089276,1997.8,224.8,2.24,146,81,253,,True,-12.7
1067,32.91955,-117.089282,1998.5,222.8,0.024,98,0,0,,False,-10.8
1068,32.919566,-117.089259,2000.8,222.8,0.033,98,0,0,,True,-11.3
1069,32.919577,-117.089243,2003.1,223.0,0.058,98,0,0,,True,3.9
1070,32.919591,-117.08922,2005.7,223.2,0.085,97,0,0,,True,5.5
1071,32.919599,-117.089187,2008.7,223.2,0.116,98,0,0,,True,3.3
1072,32.919604,-117.089157,2011.8,223.4,0.116,98,0,0,,True,1.5
1073,32.919614,-117.089118,2015.3,223.4,2.9,98,80,271,,True,1.4
1074,32.919622,-117.089082,2018.8,223.4,3.14,99,81,288,,True,1.4
1075,32.91963,-117.089041,2022.9,223.4,3.44,100,81,320,,True,1.4
1076,32.919639,-117.089004,2026.0,223.6,3.46,101,81,329,,True,2.7
1077,32.919642,-117.088969,2030.0,223.6,3.64,102,81,329,,True,3.0
1078,32.919653,-117.08893,2033.5,223.8,3.64,103,84,349,,True,1.4
1079,32.919651,-117.088903,2036.1,223.8,3.46,105,84,334,,True,1.5
1080,32.919661,-117.08886,2040.3,223.8,3.48,106,84,334,,True,1.5
1081,32.919666,-117.088826,2043.3,223.8,3.46,107,84,336,,True,1.4
1082,32.919668,-117.088792,2047.1,224.0,3.42,108,84,313,,True,1.6
1083,32.91967,-117.088755,2050.0,224.0,3.3,109,84,319,,True,1.5
1084,32.919661,-117.088727,2052.8,224.0,3.34,111,84,313,,True,0.0
1085,32.919666,-117.088685,2056.9,224.0,3.32,112,84,309,,True,1.4
1086,32.919674,-117.088648,2060.2,224.0,3.38,112,83,310,,True,1.4
1087,32.919676,-117.088615,2063.8,224.2,3.34,113,83,313,,True,3.0
1088,32.919679,-117.088575,2067.4,224.2,3.48,114,83,314,,True,3.0
1089,32.91968,-117.088544,2070.2,224.4,3.48,115,83,318,,True,1.5
1090,32.919686,-117.088511,2073.7,224.4,3.36,116,82,318,,True,1.7
1091,32.919688,-117.088474,2076.8,224.4,3.32,117,82,316,,True,1.6
1092,32.919687,-117.08845,2079.4,224.4,3.12,118,82,318,,True,1.6
1093,32.919692,-117.088407,2083.0,224.6,3.12,119,82,320,,True,3.1
1094,32.919697,-117.088373,2086.0,224.6,3.16,120,82,319,,True,2.9
1095,32.919703,-117.088341,2089.7,224.8,3.2,121,82,319,,True,0.0
1096,32.919704,-117.0883,2093.2,224.8,3.28,121,82,319,,True,0.0
1097,32.919707,-117.088273,2095.8,224.6,3.28,122,83,322,,True,-1.6
1098,32.919713,-117.088238,2099.3,224.6,3.26,123,83,322,,True,-3.2
1099,32.919715,-117.088201,2102.5,224.6,3.3,124,83,313,,True,-1.5
1100,32.91971,-117.088168,2105.8,224.4,3.22,125,82,308,,True,-1.4
1101,32.919725,-117.088126,2109.4,224.4,3.24,125,82,310,,True,-1.4
1102,32.919723,-117.088092,2113.4,224.4,3.52,126,83,306,,True,-1.3
1103,32.919738,-117.088052,2117.0,224.4,3.54,127,83,310,,True,-2.7
1104,32.919746,-117.088011,2120.9,224.2,3.68,127,83,319,,True,-2.7
1105,32.919751,-117.087981,2124.3,224.0,3.7,128,85,318,,True,-2.8
1106,32.919761,-117.087935,2128.1,224.0,3.74,129,85,318,,True,-1.4
1107,32.919762,-117.087904,2131.4,224.0,3.6,130,85,315,,True,0.0
1108,32.91977,-117.08786,2135.4,224.0,3.68,130,85,314,,True,-1.4
1109,32.919778,-117.087823,2138.9,224.0,3.6,131,85,312,,True,-1.4
1110,32.919779,-117.08779,2142.1,223.8,3.56,131,84,311,,True,-2.8
1111,32.919785,-117.087744,2146.0,223.8,3.58,132,84,310,,True,-3.9
1112,32.919784,-117.087706,2149.9,223.6,3.7,133,84,307,,True,-2.6
1113,32.919792,-117.087661,2154.1,223.4,3.74,133,84,307,,True,-2.6
1114,32.919795,-117.087623,2157.7,223.4,3.76,134,84,306,,True,-1.3
1115,32.919797,-117.08759,2161.4,223.4,3.86,135,84,310,,True,0.0
1116,32.919802,-117.087547,2165.0,223.4,3.8,136,84,309,,True,-1.4
1117,32.919801,-117.087518,2168.1,223.4,3.64,136,84,308,,True,-1.5
1118,32.919806,-117.087477,2171.6,223.2,3.5,137,83,307,,True,-3.0
1119,32.919809,-117.087443,2174.8,223.2,3.42,137,83,304,,True,-2.9
1120,32.919811,-117.087406,2178.2,223.0,3.36,138,83,304,,True,-1.5
1121,32.919817,-117.087365,2181.9,223.0,3.38,138,84,304,,True,-2.9
1122,32.919817,-117.087333,2185.1,223.0,3.4,139,84,301,,True,-1.4
1123,32.919821,-117.087289,2188.8,222.8,3.44,139,84,299,,True,-1.4
1124,32.919822,-117.087258,2192.2,222.8,3.48,140,84,298,,True,-1.4
1125,32.919825,-117.087216,2195.8,222.8,3.52,140,85,298,,True,0.0
1126,32.919831,-117.087182,2199.2,222.8,3.46,141,85,297,,True,-1.5
1127,32.919838,-117.08715,2202.3,222.8,3.44,141,85,298,,True,-1.5
1128,32.919848,-117.087111,2205.7,222.6,3.38,142,86,297,,True,-1.5
1129,32.919852,-117.087078,2209.0,222.6,3.36,142,85,294,,True,-1.5
1130,32.919863,-117.087036,2212.8,222.6,3.4,142,85,293,,True,0.0
1131,32.919861,-117.087006,2215.9,222.6,3.34,143,85,292,,True,0.0
1132,32.919874,-117.086966,2219.6,222.6,3.46,143,85,293,,True,0.0
1133,32.919885,-117.086931,2223.4,222.6,3.54,143,84,293,,True,0.0
1134,32.919891,-117.086898,2226.8,222.6,3.56,144,84,295,,True,0.0
1135,32.919899,-117.086856,2230.3,222.6,3.5,144,84,295,,True,0.0
1136,32.9199,-117.086828,2233.3,222.6,3.48,145,84,296,,True,-1.6
1137,32.919909,-117.086795,2236.4,222.6,3.36,145,84,298,,True,-1.6
1138,32.919919,-117.086759,2239.7,222.4,3.26,145,84,297,,True,-2.9
1139,32.91993,-117.08673,2242.9,222.4,3.22,146,84,295,,True,-4.2
1140,32.91995,-117.086685,2247.1,222.2,3.36,146,84,294,,True,-4.1
1141,32.919963,-117.086657,2250.6,222.0,3.46,146,83,296,,True,-5.3
1142,32.919986,-117.086625,2254.3,221.8,3.58,146,83,301,,True,-5.6
1143,32.920011,-117.086595,2258.1,221.6,3.68,146,83,303,,True,-4.2
1144,32.920033,-117.086571,2261.4,221.4,3.7,147,84,301,,True,-4.4
1145,32.920065,-117.086553,2264.8,221.4,3.54,147,84,302,,True,-2.9
1146,32.920089,-117.086546,2267.8,221.2,3.44,147,84,303,,True,-3.0
1147,32.920129,-117.086543,2271.8,221.2,3.5,148,84,308,,True,-2.8
1148,32.920156,-117.086539,2274.9,221.0,3.36,148,85,312,,True,-1.3
1149,32.920194,-117.086552,2278.9,221.0,3.5,148,85,317,,True,-1.3
1150,32.920225,-117.086579,2282.8,221.0,3.6,149,85,320,,True,0.0
1151,32.920253,-117.086603,2286.8,221.0,3.8,149,85,322,,True,0.0
1152,32.920274,-117.08664,2290.9,221.0,3.82,149,86,322,,True,0.0
1153,32.920291,-117.086664,2294.1,221.0,3.84,149,84,323,,True,1.4
1154,32.920306,-117.086696,2297.6,221.0,3.74,150,84,326,,True,1.6
1155,32.920318,-117.086729,2300.7,221.2,3.58,150,83,328,,True,3.1
1156,32.920332,-117.086753,2303.7,221.2,3.38,150,84,328,,True,4.8
1157,32.920337,-117.086792,2307.0,221.4,3.22,150,84,325,,True,6.1
1158,32.920346,-117.086823,2310.1,221.6,3.2,151,84,325,,True,5.8
1159,32.920349,-117.086863,2313.9,222.0,3.26,151,84,325,,True,5.8
1160,32.920348,-117.086902,2317.4,222.0,3.34,151,83,327,,True,5.8
1161,32.920352,-117.086934,2320.7,222.2,3.4,152,83,327,,True,4.7
1162,32.920353,-117.08697,2324.0,222.4,3.4,152,83,329,,True,4.9
1163,32.920363,-117.086993,2326.7,222.6,3.32,152,84,333,,True,5.1
1164,32.920361,-117.087028,2329.6,222.6,3.14,153,85,336,,True,3.5
1165,32.920359,-117.087059,2332.5,222.8,3.02,153,85,336,,True,3.4
1166,32.920362,-117.087088,2335.4,222.8,2.94,153,85,337,,True,3.4
1167,32.920363,-117.087127,2338.6,223.0,2.92,154,85,339,,True,3.2
1168,32.920369,-117.087154,2341.5,223.0,2.96,154,85,339,,True,3.1
1169,32.920376,-117.087194,2345.0,223.2,3.08,155,85,341,,True,1.6
1170,32.920381,-117.087225,2348.2,223.2,3.14,155,85,343,,True,1.6
1171,32.920387,-117.087253,2351.1,223.2,3.14,156,85,345,,True,0.0
1172,32.920397,-117.087287,2354.1,223.2,3.1,156,84,350,,True,0.0
1173,32.920407,-117.087309,2356.9,223.2,3.08,156,84,351,,True,0.0
1174,32.920417,-117.087347,2360.3,223.2,3.06,157,83,355,,True,0.0
1175,32.92043,-117.087372,2363.1,223.2,2.98,157,83,359,,True,1.5
1176,32.920442,-117.087406,2366.7,223.2,3.12,157,84,362,,True,1.5
1177,32.920456,-117.087442,2370.2,223.4,3.22,157,84,363,,True,1.4
1178,32.920472,-117.087464,2373.3,223.4,3.28,158,84,363,,True,1.5
1179,32.920496,-117.087503,2377.1,223.4,3.36,158,84,366,,True,0.0
1180,32.920508,-117.08752,2379.9,223.4,3.36,158,84,369,,True,1.5
1181,32.920528,-117.087551,2383.0,223.4,3.26,159,84,370,,True,1.7
1182,32.920547,-117.087576,2386.3,223.6,3.22,159,84,371,,True,3.4
1183,32.920567,-117.08759,2388.9,223.6,3.12,159,84,374,,True,3.9
1184,32.920584,-117.087615,2391.7,223.8,2.92,159,84,375,,True,0.0
1185,32.920597,-117.087624,2393.3,223.8,2.68,160,84,371,,True,-4.7
1186,32.920602,-117.087625,2394.2,223.8,2.24,160,84,367,,True,-7.0
1187,32.920607,-117.087629,2394.9,223.6,1.72,160,84,365,,False,-2.3
1188,32.920603,-117.087626,2394.9,223.4,1.2,161,0,358,,False,-1.9
1189,32.920601,-117.087625,2394.9,223.2,0.64,161,0,0,,False,-1.9
1190,32.920601,-117.087625,2394.9,223.0,0.32,161,0,0,,False,-6.1
1191,32.920601,-117.087625,2394.9,223.0,0.14,161,0,0,,False,-4.8
1192,32.920601,-117.087625,2394.9,223.0,0.0,161,0,0,,False,-5.9
1223,32.920624,-117.087639,2394.9,223.4,0.0,131,0,0,,False,-3.1
1224,32.92063,-117.087637,2395.6,223.4,0.022,131,0,0,,False,0.0
1225,32.920645,-117.087636,2397.1,223.4,0.067,130,0,0,,True,1.6
1226,32.920668,-117.087644,2399.2,223.4,0.126,129,0,0,,True,-1.6
1227,32.920688,-117.087649,2401.6,223.2,0.191,129,0,0,,True,-1.9
1228,32.92071,-117.087654,2404.3,223.2,1.88,129,0,0,,True,-1.7
1229,32.920746,-117.087666,2407.8,223.2,2.44,129,0,0,,True,-1.5
1230,32.920774,-117.087674,2411.3,223.2,2.84,128,77,280,,True,-4.2
1231,32.920808,-117.087684,2415.0,223.0,3.16,129,80,330,,True,-6.8
1232,32.920842,-117.087696,2418.6,222.6,3.4,129,80,342,,True,-7.5
1233,32.920873,-117.087716,2422.6,222.2,3.66,129,81,367,,True,-7.4
1234,32.920897,-117.087769,2427.2,222.0,3.88,129,82,374,,True,-5.9
1235,32.920915,-117.087801,2431.3,221.8,4.0,129,84,385,,True,-3.7
1236,32.920926,-117.087849,2435.5,221.6,4.1,129,84,426,,True,-2.5
1237,32.920929,-117.087881,2438.9,221.6,4.06,130,84,423,,True,0.0
1238,32.920919,-117.08793,2442.9,221.6,4.06,130,85,407,,True,2.6
1239,32.920906,-117.087964,2446.7,221.8,3.9,131,86,369,,True,2.5
1240,32.920883,-117.088007,2451.0,222.0,3.94,132,86,340,,True,3.7
1241,32.920865,-117.088038,2454.9,222.0,3.88,132,87,334,,True,2.5
1242,32.920841,-117.088072,2459.2,222.2,4.06,133,88,337,,True,2.6
1243,32.920818,-117.088103,2462.7,222.2,3.96,134,88,344,,True,2.6
1244,32.920798,-117.088132,2466.4,222.4,3.94,134,88,343,,True,2.8
1245,32.920772,-117.08816,2470.1,222.4,3.82,135,88,340,,True,2.7
1246,32.920753,-117.088189,2473.6,222.6,3.74,136,86,332,,True,1.4
1247,32.92073,-117.088223,2477.6,222.6,3.68,137,86,333,,True,1.4
1248,32.920716,-117.088249,2480.8,222.6,3.62,137,86,334,,True,0.0
1249,32.920695,-117.088282,2484.5,222.6,3.62,138,86,334,,True,0.0
1250,32.920674,-117.088307,2487.8,222.6,3.54,139,85,333,,True,0.0
1251,32.920659,-117.088332,2490.9,222.6,3.46,139,84,334,,True,0.0
1252,32.920635,-117.088365,2494.4,222.6,3.36,140,84,333,,True,-1.5
1253,32.920622,-117.08839,2497.4,222.6,3.32,140,84,332,,True,-1.5
1254,32.920603,-117.088424,2501.1,222.4,3.32,141,84,332,,True,-1.5
1255,32.92059,-117.08845,2504.0,222.4,3.24,141,84,322,,True,-1.5
1256,32.920574,-117.08848,2507.7,222.4,3.36,141,84,321,,True,0.0
1257,32.920554,-117.088515,2511.1,222.4,3.34,141,84,315,,True,0.0
1258,32.920548,-117.08854,2513.7,222.4,3.26,142,84,315,,True,0.0
1259,32.920541,-117.088571,2516.9,222.4,3.16,142,84,315,,True,1.9
1260,32.920533,-117.088599,2519.3,222.4,3.06,142,84,299,,True,1.8
1261,32.920534,-117.088623,2521.8,222.6,2.82,142,84,300,,True,0.0
1262,32.920532,-117.088658,2524.8,222.6,2.74,141,84,287,,True,1.7
1263,32.920536,-117.088672,2526.6,222.4,2.58,141,82,289,,True,0.0
1264,32.920538,-117.088698,2528.7,222.4,2.36,141,82,289,,True,0.0
1265,32.92054,-117.088727,2531.3,222.6,2.4,140,82,257,,True,1.7
1266,32.920545,-117.088744,2533.2,222.6,2.28,139,83,257,,True,1.7
1267,32.920549,-117.088771,2535.7,222.6,2.18,139,83,258,,True,0.0
1268,32.920552,-117.0888,2538.4,222.6,2.36,139,83,270,,True,-1.6
1269,32.920555,-117.088819,2540.2,222.6,2.3,140,83,276,,True,-1.6
1270,32.920559,-117.088853,2543.0,222.6,2.34,139,81,277,,True,-2.0
1271,32.920557,-117.088878,2545.6,222.4,2.48,139,81,282,,True,-1.8
1272,32.920559,-117.088907,2548.5,222.4,2.56,140,81,271,,True,-1.8
1273,32.920559,-117.088939,2551.4,222.4,2.6,139,81,277,,True,1.8
1274,32.920564,-117.088962,2554.0,222.4,2.76,139,83,283,,True,1.8
1275,32.920567,-117.089,2557.0,222.6,2.8,140,83,281,,True,1.9
1276,32.920573,-117.089022,2559.5,222.6,2.78,139,83,290,,True,0.0
1277,32.920578,-117.089045,2561.9,222.6,2.68,139,83,282,,True,-1.9
1278,32.920585,-117.089085,2565.0,222.4,2.72,140,83,276,,True,-1.7
1279,32.920588,-117.089109,2567.8,222.4,2.76,140,83,276,,True,-1.7
1280,32.92059,-117.089144,2571.0,222.4,2.8,140,82,282,,True,1.8
1281,32.920593,-117.089175,2574.0,222.4,2.9,140,82,285,,True,1.7
1282,32.920602,-117.089199,2576.3,222.6,2.88,140,82,292,,True,1.8
1283,32.920616,-117.089233,2579.8,222.6,2.96,140,82,292,,True,1.8
1284,32.920624,-117.089255,2582.1,222.6,2.86,141,82,286,,True,0.0
1285,32.920641,-117.08928,2585.2,222.6,2.84,141,83,282,,True,0.0
1286,32.92066,-117.089306,2588.0,222.6,2.8,141,83,287,,True,1.7
1287,32.920676,-117.089322,2590.5,222.6,2.84,141,83,287,,True,1.7
1288,32.920702,-117.089347,2593.9,222.8,2.82,142,83,290,,True,0.0
1289,32.920724,-117.089366,2597.1,222.8,3.0,142,83,291,,True,0.0
1290,32.920744,-117.08938,2599.9,222.6,2.94,142,83,294,,True,-1.6
1291,32.920774,-117.089398,2603.1,222.6,3.02,142,83,298,,True,0.0
1292,32.920797,-117.08941,2606.4,222.6,3.18,142,83,299,,True,3.3
1293,32.920821,-117.089425,2609.3,222.8,3.08,143,83,302,,True,5.0
1294,32.920845,-117.089439,2612.2,223.0,3.02,142,83,305,,True,5.0
1295,32.920869,-117.089448,2615.1,223.2,3.04,142,83,305,,True,5.0
1296,32.920898,-117.08947,2618.4,223.2,3.06,142,83,306,,True,1.6
1297,32.92092,-117.089479,2621.4,223.4,3.0,143,84,305,,True,0.0
1298,32.920951,-117.089495,2624.6,223.2,3.06,142,84,304,,True,0.0
1299,32.92098,-117.089503,2628.1,223.2,3.18,142,84,306,,True,-1.6
1300,32.921,-117.089508,2630.9,223.2,3.16,143,84,310,,True,0.0
1301,32.921031,-117.089519,2633.6,223.2,3.04,142,84,314,,True,0.0
1302,32.921049,-117.08952,2636.2,223.2,2.96,143,84,314,,True,0.0
1303,32.92107,-117.089527,2638.7,223.2,2.82,143,84,312,,True,0.0
1304,32.921099,-117.089539,2641.6,223.2,2.7,143,83,311,,True,0.0
1305,32.921116,-117.089542,2644.0,223.2,2.62,143,82,311,,True,0.0
1306,32.921141,-117.08955,2646.8,223.2,2.64,143,81,310,,True,1.9
1307,32.921166,-117.08956,2649.5,223.2,2.66,144,81,309,,True,1.8
1308,32.921186,-117.089562,2652.0,223.4,2.66,144,81,308,,True,1.9
1309,32.921215,-117.089574,2655.0,223.4,2.68,144,81,305,,True,1.8
1310,32.921238,-117.089579,2657.6,223.4,2.72,144,81,304,,True,0.0
1311,32.921261,-117.089582,2660.5,223.4,2.74,144,82,304,,True,1.8
1312,32.921287,-117.089594,2663.3,223.4,2.76,145,82,304,,True,1.8
1313,32.921307,-117.089599,2665.9,223.6,2.78,146,82,305,,True,1.8
1314,32.921333,-117.08961,2668.6,223.6,2.72,146,82,305,,True,1.9
1315,32.921358,-117.089619,2671.5,223.6,2.78,147,82,306,,True,-1.9
1316,32.921376,-117.08962,2674.1,223.6,2.72,148,82,302,,True,-1.9
1317,32.921402,-117.089628,2676.2,223.4,2.58,148,83,301,,True,-1.9
1318,32.921426,-117.089634,2679.1,223.4,2.64,149,83,298,,True,-1.9
1319,32.921449,-117.089639,2682.1,223.4,2.7,149,83,296,,True,0.0
1320,32.92148,-117.089654,2684.9,223.4,2.68,149,82,297,,True,0.0
1321,32.921505,-117.089658,2688.3,223.4,2.84,149,82,295,,True,0.0
1322,32.921536,-117.089669,2691.8,223.4,3.12,149,82,294,,True,0.0
1323,32.92156,-117.089676,2694.5,223.4,3.08,149,82,292,,True,0.0
1324,32.921579,-117.089686,2696.9,223.4,2.96,149,83,290,,True,0.0
1325,32.921598,-117.089705,2699.5,223.4,2.92,148,83,289,,True,0.0
1326,32.921619,-117.089721,2702.4,223.4,2.82,149,83,286,,True,0.0
1327,32.921646,-117.089732,2705.3,223.4,2.7,149,83,284,,True,1.8
1328,32.921666,-117.089735,2707.8,223.4,2.66,149,83,286,,True,1.9
1329,32.921687,-117.089749,2710.4,223.6,2.7,149,81,287,,True,0.0
1330,32.921711,-117.089755,2712.8,223.6,2.66,149,81,289,,True,-1.6
1331,32.921728,-117.089759,2714.9,223.6,2.5,149,0,0,,True,-5.0
1332,32.921754,-117.089772,2717.7,223.4,2.48,149,0,0,,True,-4.9
1333,32.921774,-117.089783,2720.1,223.2,2.46,149,0,0,,True,-5.9
1334,32.921793,-117.089796,2722.5,223.0,2.42,149,0,0,,True,-3.3
1335,32.92181,-117.089816,2725.0,223.0,2.44,149,0,0,,True,-1.6
1336,32.921825,-117.089831,2727.2,223.0,2.46,149,85,0,,True,-1.7
1337,32.92184,-117.089858,2729.9,223.0,2.44,149,85,268,,True,-1.7
1338,32.921849,-117.089882,2732.3,223.0,2.44,149,85,263,,True,-3.4
1339,32.92186,-117.089901,2734.5,222.8,2.4,149,85,259,,True,-3.4
1340,32.921864,-117.089927,2736.7,222.8,2.34,150,85,255,,True,-3.3
1341,32.921866,-117.089955,2739.1,222.6,2.38,150,83,251,,True,0.0
1342,32.921866,-117.089979,2741.6,222.6,2.34,150,83,248,,True,0.0
1343,32.921853,-117.090011,2744.4,222.6,2.42,150,81,245,,True,1.6
1344,32.921846,-117.090026,2746.4,222.8,2.38,149,81,241,,True,2.0
1345,32.921834,-117.09005,2748.9,222.8,2.44,149,81,237,,True,1.6
1346,32.921818,-117.090077,2751.6,222.8,2.5,149,81,230,,True,0.0
1347,32.921811,-117.090097,2753.7,222.8,2.42,148,81,228,,True,1.9
1348,32.921788,-117.090119,2756.8,222.8,2.48,148,81,227,,True,1.9
1349,32.921766,-117.090134,2759.5,223.0,2.62,148,81,226,,True,1.8
1350,32.921749,-117.090153,2762.2,223.0,2.66,147,81,225,,True,1.8
1351,32.921723,-117.090167,2765.1,223.0,2.7,147,80,227,,True,1.9
1352,32.921702,-117.090177,2767.7,223.0,2.8,147,81,228,,True,1.8
1353,32.921681,-117.090189,2770.3,223.2,2.7,147,81,229,,True,1.8
1354,32.921651,-117.090197,2773.4,223.2,2.78,147,81,229,,True,1.7
1355,32.921626,-117.090207,2776.4,223.2,2.84,147,81,229,,True,0.0
1356,32.921601,-117.090209,2779.5,223.2,2.88,146,81,230,,True,0.0
1357,32.921568,-117.090212,2782.9,223.2,3.04,147,81,233,,True,0.0
1358,32.921552,-117.090219,2785.3,223.2,3.0,147,81,235,,True,0.0
1359,32.921531,-117.090217,2787.5,223.2,2.82,147,81,237,,True,1.8
1360,32.921505,-117.090218,2789.9,223.2,2.7,147,81,237,,True,1.9
1361,32.921488,-117.090223,2792.0,223.4,2.5,147,81,235,,True,4.3
1362,32.921471,-117.090227,2794.1,223.4,2.24,148,81,237,,True,6.5
1363,32.92146,-117.090231,2795.6,223.4,2.06,148,81,238,,True,-1.7
1364,32.921449,-117.09023,2796.7,223.6,1.84,148,81,238,,True,-1.8
1365,32.921454,-117.090225,2796.7,223.6,1.36,147,81,238,,False,-3.2
1366,32.921456,-117.090227,2796.7,223.8,0.94,148,80,240,,False,-3.9
1398,32.92144,-117.090201,2797.4,223.0,0.021,129,0,0,,False,-5.4
1399,32.92142,-117.090197,2799.0,223.0,0.07,128,0,0,,True,-8.0
1400,32.921398,-117.090192,2801.2,223.0,0.132,127,0,0,,True,-1.7
1401,32.921371,-117.090179,2804.4,223.0,0.22,126,0,0,,True,-1.9
1402,32.921349,-117.090178,2806.7,222.8,0.278,125,0,0,,True,-1.8
1403,32.921332,-117.090184,2809.3,222.8,0.278,126,81,0,,True,-1.9
1404,32.921301,-117.090188,2812.1,222.8,2.62,126,82,238,,True,0.0
1405,32.921277,-117.090192,2815.0,222.8,2.76,127,82,242,,True,0.0
1406,32.921249,-117.090194,2818.4,222.8,2.8,128,82,262,,True,1.5
1407,32.921211,-117.090194,2822.0,222.8,3.06,129,82,270,,True,1.4
1408,32.921183,-117.090194,2825.5,223.0,3.24,129,82,294,,True,1.5
1409,32.921152,-117.090198,2828.9,223.0,3.36,130,82,314,,True,1.5
1410,32.921127,-117.090199,2831.9,223.0,3.38,130,82,314,,True,0.0
1411,32.921094,-117.090194,2835.4,223.0,3.4,130,83,304,,True,0.0
1412,32.921066,-117.090195,2838.3,223.0,3.26,130,83,291,,True,-1.5
1413,32.921034,-117.090202,2842.0,223.0,3.3,130,83,277,,True,-1.5
1414,32.921001,-117.090206,2845.6,222.8,3.34,130,83,283,,True,-1.4
1415,32.920977,-117.090213,2848.7,222.8,3.36,129,85,292,,True,-1.5
1416,32.920942,-117.090214,2852.3,222.8,3.38,130,85,292,,True,0.0
1417,32.920917,-117.090221,2855.2,222.8,3.38,130,85,300,,True,0.0
1418,32.920886,-117.090223,2858.7,222.8,3.34,131,85,294,,True,0.0
1419,32.920854,-117.090224,2862.0,222.8,3.28,131,84,293,,True,0.0
1420,32.920827,-117.090228,2865.4,222.8,3.34,132,84,291,,True,0.0
1421,32.920792,-117.090231,2868.9,222.8,3.32,132,84,291,,True,0.0
1422,32.920772,-117.090243,2871.6,222.8,3.28,132,84,292,,True,1.5
1423,32.92074,-117.090251,2875.1,222.8,3.28,134,84,292,,True,1.5
1424,32.920709,-117.090257,2878.5,223.0,3.3,135,84,292,,True,0.0
1425,32.920681,-117.090261,2881.9,223.0,3.3,135,84,292,,True,0.0
1426,32.920648,-117.09027,2885.2,222.8,3.26,136,84,292,,True,-1.6
1427,32.920629,-117.090275,2888.0,222.8,3.28,137,84,292,,True,-1.7
1428,32.920601,-117.090278,2891.3,222.8,3.24,138,84,292,,True,0.0
1429,32.920575,-117.090281,2893.7,222.8,3.04,138,84,286,,True,0.0
1430,32.920553,-117.090288,2896.4,222.8,2.9,139,84,283,,True,1.9
1431,32.920525,-117.090295,2899.4,222.8,2.84,139,83,270,,True,1.9
1432,32.920504,-117.090304,2901.8,223.0,2.76,139,83,271,,True,1.8
1433,32.920484,-117.090314,2904.4,223.0,2.62,139,83,269,,True,1.8
1434,32.920453,-117.090327,2907.6,223.0,2.78,139,83,266,,True,0.0
1435,32.920431,-117.090339,2910.6,223.0,2.84,138,81,266,,True,0.0
1436,32.920407,-117.090347,2913.4,223.0,2.8,138,81,271,,True,-1.7
1437,32.920375,-117.090356,2916.6,223.0,2.96,138,81,270,,True,-1.7
1438,32.920358,-117.090372,2919.3,222.8,2.98,138,82,269,,True,-1.6
1439,32.920328,-117.090388,2922.7,222.8,3.02,139,82,269,,True,-1.7
1440,32.920304,-117.090403,2925.7,222.8,3.02,139,82,270,,True,0.0
1441,32.920286,-117.090417,2928.4,222.8,3.0,139,82,272,,True,0.0
1442,32.92026,-117.090437,2931.4,222.8,2.96,140,83,270,,True,0.0
1443,32.920242,-117.090455,2934.3,222.8,3.0,140,83,270,,True,0.0
1444,32.920222,-117.090471,2937.0,222.8,2.86,140,83,270,,True,0.0
1445,32.920197,-117.090489,2939.9,222.8,2.84,140,83,269,,True,0.0
1446,32.920179,-117.090507,2942.9,222.8,2.9,140,82,267,,True,-1.7
1447,32.920156,-117.090528,2945.9,222.8,2.9,140,82,268,,True,-1.8
1448,32.920142,-117.090547,2948.5,222.6,2.84,140,82,266,,True,-1.8
1449,32.920127,-117.090569,2951.1,222.6,2.82,140,83,266,,True,-1.8
1450,32.920106,-117.090596,2954.0,222.6,2.82,141,83,264,,True,0.0
1451,32.920096,-117.090619,2956.8,222.6,2.78,141,83,263,,True,0.0
1452,32.920079,-117.090647,2959.8,222.6,2.78,142,83,264,,True,0.0
1453,32.920062,-117.09067,2962.5,222.6,2.8,142,83,263,,True,-1.7
1454,32.92005,-117.090692,2965.1,222.6,2.8,143,83,263,,True,-1.7
1455,32.920032,-117.090725,2968.7,222.4,2.94,144,83,262,,True,-1.8
1456,32.920022,-117.090744,2971.3,222.4,2.9,144,83,262,,True,-1.8
1457,32.920008,-117.090766,2973.7,222.4,2.78,145,83,261,,True,0.0
1458,32.919993,-117.090792,2976.5,222.4,2.8,146,82,262,,True,0.0
1459,32.919986,-117.090813,2979.0,222.4,2.78,146,82,261,,True,0.0
1460,32.919972,-117.090839,2981.5,222.4,2.56,147,82,260,,True,0.0
1461,32.919958,-117.090861,2983.9,222.4,2.52,147,82,259,,True,0.0
1462,32.919948,-117.090881,2986.3,222.4,2.52,147,82,258,,True,0.0
1463,32.919934,-117.090915,2989.3,222.4,2.56,147,82,256,,True,-1.9
1464,32.919924,-117.090936,2991.9,222.4,2.58,147,82,256,,True,-1.8
1465,32.919911,-117.090958,2994.7,222.2,2.64,146,82,255,,True,-1.8
1466,32.919891,-117.090984,2997.7,222.2,2.76,146,82,254,,True,-3.5
1467,32.919881,-117.091008,3000.3,222.2,2.8,146,82,253,,True,-1.7
1468,32.919869,-117.091041,3003.3,222.0,2.8,146,82,252,,True,-1.8
1469,32.919857,-117.091065,3006.2,222.0,2.86,145,82,252,,True,-1.7
1470,32.919845,-117.091089,3008.8,222.0,2.82,145,82,252,,True,1.8
1471,32.91983,-117.091118,3011.9,222.0,2.84,144,82,252,,True,1.8
1472,32.919824,-117.09114,3014.4,222.2,2.82,144,82,252,,True,1.8
1473,32.919811,-117.091169,3017.3,222.2,2.8,144,82,252,,True,4.0
1474,32.919795,-117.091191,3019.8,222.2,2.72,143,82,251,,True,1.9
1475,32.919788,-117.091212,3022.0,222.4,2.64,143,82,250,,True,1.9
1476,32.919773,-117.09124,3024.9,222.4,2.6,143,82,252,,True,1.9
1477,32.919755,-117.091266,3027.8,222.4,2.68,143,81,251,,True,-1.8
1478,32.919747,-117.091288,3030.4,222.4,2.62,143,81,251,,True,0.0
1479,32.919732,-117.091314,3033.3,222.2,2.7,143,81,250,,True,0.0
1480,32.919724,-117.091333,3035.4,222.4,2.68,143,81,250,,True,0.0
1481,32.919714,-117.091351,3037.4,222.4,2.5,142,81,251,,True,0.0
1482,32.919696,-117.091374,3039.9,222.4,2.42,142,81,249,,True,-1.7
1483,32.919689,-117.091393,3042.1,222.4,2.34,143,81,247,,True,-1.7
1484,32.919679,-117.091413,3044.6,222.2,2.26,143,82,246,,True,-1.6
1485,32.919661,-117.091435,3047.1,222.2,2.34,143,81,245,,True,-2.0
1486,32.91965,-117.091455,3049.4,222.2,2.4,143,81,245,,True,0.0
1487,32.919637,-117.091479,3052.2,222.2,2.46,144,81,245,,True,0.0
1488,32.919622,-117.091507,3054.8,222.2,2.54,144,80,244,,True,0.0
1489,32.919614,-117.091531,3057.6,222.2,2.6,144,81,243,,True,0.0
1490,32.919596,-117.091556,3060.4,222.2,2.66,144,81,242,,True,-1.8
1491,32.91958,-117.091581,3063.4,222.2,2.8,144,81,242,,True,-1.8
1492,32.919569,-117.0916,3065.8,222.0,2.72,144,81,241,,True,-1.8
1493,32.919549,-117.09163,3068.8,222.0,2.8,144,82,239,,True,-1.8
1494,32.919539,-117.091653,3071.6,222.0,2.8,144,83,239,,True,0.0
1495,32.919527,-117.091675,3074.4,222.0,2.8,144,83,239,,True,1.9
1496,32.919515,-117.091704,3077.0,222.0,2.72,144,82,240,,True,2.0
1497,32.919512,-117.091725,3079.2,222.2,2.68,144,82,239,,True,0.0
1498,32.919508,-117.091752,3081.8,222.2,2.6,143,82,241,,True,0.0
1499,32.919502,-117.091777,3083.9,222.0,2.46,143,82,241,,True,-1.7
1500,32.919501,-117.091797,3085.9,222.0,2.3,143,81,242,,True,-1.9
1501,32.919501,-117.091823,3088.5,222.0,2.3,144,81,243,,True,0.0
1502,32.919505,-117.09185,3090.8,222.0,2.32,144,81,243,,True,1.9
1503,32.919507,-117.091863,3092.5,222.0,2.14,144,81,244,,True,2.0
1504,32.919519,-117.09188,3093.9,222.0,2.0,144,81,244,,True,0.0
1505,32.919532,-117.091903,3096.5,222.2,2.12,143,80,248,,True,1.8
1506,32.919542,-117.091919,3098.6,222.2,2.02,143,80,238,,True,1.7
1507,32.919555,-117.091938,3101.0,222.0,2.04,143,80,240,,True,0.0
1508,32.919571,-117.091965,3103.5,222.2,2.2,143,80,233,,True,0.0
1509,32.919582,-117.091975,3105.4,222.2,2.3,144,79,233,,True,1.8
1510,32.919598,-117.091994,3107.6,222.2,2.22,143,79,233,,True,1.8
1511,32.919616,-117.092013,3110.2,222.2,2.32,143,79,225,,True,1.8
1512,32.91963,-117.092023,3112.3,222.2,2.26,144,79,226,,True,1.8
1513,32.919644,-117.092036,3114.7,222.4,2.24,144,79,226,,True,2.0
1514,32.919662,-117.092049,3116.7,222.4,2.26,143,80,230,,True,3.4
1515,32.919675,-117.092057,3118.6,222.4,2.2,143,80,227,,True,3.7
1516,32.919684,-117.092071,3120.1,222.4,1.98,144,80,222,,True,2.0
1517,32.919692,-117.092088,3122.0,222.6,1.94,144,79,218,,True,1.9
1518,32.919698,-117.092099,3123.2,222.6,1.7,144,79,208,,True,1.8
1519,32.919711,-117.092107,3124.8,222.6,1.62,143,77,206,,True,1.8
1520,32.919729,-117.09213,3127.3,222.6,1.74,143,77,192,,True,0.0
1521,32.91974,-117.092143,3129.6,222.6,1.9,143,78,193,,True,0.0
1522,32.919753,-117.092152,3131.5,222.6,1.9,143,78,209,,True,1.9
1523,32.919777,-117.092168,3133.9,222.6,2.14,143,78,213,,True,1.9
1524,32.91979,-117.092178,3136.1,222.6,2.26,143,77,227,,True,1.8
1525,32.919803,-117.092186,3137.9,222.8,2.12,142,77,229,,True,1.8
1526,32.919826,-117.092204,3140.3,222.8,2.14,142,77,224,,True,1.7
1527,32.919845,-117.092213,3142.8,222.8,2.26,142,79,224,,True,0.0
1528,32.919863,-117.092228,3145.3,222.8,2.28,142,80,223,,True,0.0
1529,32.919884,-117.092242,3147.7,222.8,2.32,142,82,234,,True,1.7
1530,32.919898,-117.092246,3149.6,222.8,2.34,142,82,240,,True,1.8
1531,32.919921,-117.092256,3152.1,222.8,2.36,141,82,242,,True,1.8
1532,32.919938,-117.092272,3154.4,223.0,2.32,141,82,234,,True,1.8
1533,32.919952,-117.09228,3156.4,223.0,2.22,141,82,231,,True,1.9
1534,32.919976,-117.092298,3158.9,223.0,2.24,140,82,231,,True,0.0
1535,32.919987,-117.092306,3160.8,223.0,2.24,140,81,230,,True,0.0
1536,32.920004,-117.092312,3162.9,223.0,2.16,139,80,229,,True,0.0
1537,32.920026,-117.092326,3165.1,223.0,2.14,139,81,227,,True,0.0
1538,32.92004,-117.092328,3167.1,223.0,2.14,139,81,225,,True,0.0
1539,32.920062,-117.092336,3169.4,223.0,2.1,138,81,224,,True,0.0
1540,32.920084,-117.092348,3171.9,223.0,2.22,138,82,221,,True,0.0
1541,32.920099,-117.092351,3173.9,223.0,2.2,138,82,221,,True,1.7
1542,32.92012,-117.092358,3176.1,223.0,2.2,138,82,222,,True,1.7
1543,32.920146,-117.09237,3178.9,223.0,2.36,138,82,222,,True,3.3
1544,32.920162,-117.092372,3181.0,223.2,2.32,138,80,223,,True,4.0
1545,32.920184,-117.092382,3183.7,223.2,2.36,137,80,227,,True,3.6
1546,32.920206,-117.092393,3186.1,223.4,2.44,138,80,229,,True,1.8
1547,32.92022,-117.092395,3187.8,223.4,2.34,138,80,230,,True,1.9
1548,32.920239,-117.092399,3189.9,223.4,2.2,137,80,230,,True,0.0
1549,32.920261,-117.092412,3192.4,223.4,2.28,138,80,228,,True,0.0
1550,32.920276,-117.092416,3194.5,223.4,2.16,138,80,227,,True,0.0
1551,32.920296,-117.092423,3196.5,223.4,2.08,138,80,228,,True,0.0
1552,32.920319,-117.092432,3198.8,223.4,2.2,138,81,228,,True,0.0
1553,32.920336,-117.092434,3201.2,223.4,2.26,138,81,227,,True,0.0
1554,32.920362,-117.09244,3204.0,223.4,2.32,138,81,226,,True,-1.6
1555,32.920383,-117.092457,3206.6,223.4,2.42,138,81,225,,True,-2.0
1556,32.920399,-117.092461,3208.7,223.4,2.44,138,80,225,,True,-1.6
1557,32.920425,-117.092474,3211.3,223.2,2.5,138,80,227,,True,-1.6
1558,32.920446,-117.09249,3213.9,223.2,2.54,139,80,227,,True,-1.9
1559,32.920463,-117.092496,3216.3,223.2,2.46,139,80,227,,True,-2.0
1560,32.920486,-117.092512,3219.1,223.2,2.5,139,80,228,,True,-3.3
1561,32.920503,-117.092531,3221.4,223.0,2.54,139,80,227,,True,-4.9
1562,32.920519,-117.092541,3223.5,223.0,2.44,139,80,227,,True,-5.0
1563,32.920534,-117.092562,3226.0,222.8,2.42,139,80,224,,True,-4.9
1564,32.920553,-117.092582,3228.5,222.6,2.44,139,80,220,,True,-5.9
1565,32.920565,-117.092602,3231.0,222.6,2.38,139,80,217,,True,-5.8
1566,32.920573,-117.092631,3233.6,222.4,2.44,139,80,216,,True,-3.6
1567,32.920588,-117.09266,3236.4,222.2,2.58,139,80,214,,True,-3.4
1568,32.920598,-117.09269,3239.6,222.2,2.72,139,80,213,,True,-3.4
1569,32.9206,-117.092726,3242.6,222.2,2.82,139,81,212,,True,-1.6
1570,32.920603,-117.092755,3245.5,222.0,2.9,139,81,211,,True,-1.7
1571,32.920592,-117.092787,3248.6,222.0,3.0,139,81,210,,True,-1.7
1572,32.920578,-117.092815,3251.6,222.0,3.04,139,82,207,,True,0.0
1573,32.920561,-117.092839,3254.4,222.0,2.96,139,82,216,,True,0.0
1574,32.920534,-117.092864,3257.8,222.0,3.04,139,82,241,,True,0.0
1575,32.920516,-117.092881,3260.6,222.0,3.02,139,82,241,,True,1.5
1576,32.920488,-117.0929,3264.2,222.0,3.12,139,83,243,,True,1.6
1577,32.920464,-117.092918,3267.5,222.2,3.18,140,83,258,,True,3.1
1578,32.920441,-117.092926,3270.4,222.2,3.2,140,83,264,,True,3.6
1579,32.920414,-117.092935,3273.3,222.4,3.1,140,83,264,,True,3.3
1580,32.920399,-117.092938,3275.2,222.4,2.92,140,83,248,,True,3.5
1581,32.920382,-117.092946,3277.2,222.4,2.6,140,83,238,,True,1.9
1582,32.920357,-117.09295,3279.5,222.6,2.4,140,83,218,,True,3.6
1583,32.92034,-117.092955,3281.8,222.6,2.28,140,82,211,,True,3.4
1584,32.920324,-117.092966,3283.8,222.6,2.1,141,79,212,,True,1.8
1585,32.920298,-117.092968,3286.4,222.8,2.24,140,79,212,,True,1.8
1586,32.920275,-117.092967,3288.9,222.8,2.34,141,79,211,,True,1.9
1587,32.92026,-117.092966,3290.8,222.8,2.26,141,79,211,,True,2.1
1588,32.920246,-117.092951,3292.8,222.8,2.2,141,79,211,,True,1.7
1589,32.920236,-117.092949,3294.3,222.8,2.1,141,79,211,,True,3.5
1590,32.920219,-117.09296,3295.9,223.0,1.9,141,79,210,,True,3.4
1591,32.920195,-117.092954,3298.2,223.0,1.86,142,80,206,,True,3.4
1592,32.92018,-117.092959,3300.2,223.2,1.88,142,80,206,,True,1.9
1593,32.920161,-117.092959,3302.4,223.2,1.92,142,80,207,,True,2.0
1594,32.920138,-117.092956,3304.6,223.2,2.06,142,80,208,,True,1.8
1595,32.920126,-117.092958,3306.3,223.2,2.08,142,80,207,,True,0.0
1596,32.920111,-117.092957,3308.0,223.2,1.96,143,79,208,,True,0.0
1597,32.920091,-117.092956,3309.6,223.2,1.88,143,79,204,,True,1.8
1598,32.920078,-117.09296,3311.3,223.2,1.78,143,79,197,,True,1.6
1599,32.920061,-117.09296,3313.2,223.2,1.72,143,79,193,,True,1.8
1600,32.920035,-117.092957,3315.9,223.4,1.92,143,79,192,,True,1.7
1601,32.920014,-117.09296,3318.5,223.4,2.1,143,79,194,,True,1.6
1602,32.919996,-117.092962,3320.7,223.4,2.22,143,79,204,,True,0.0
1603,32.919972,-117.092958,3323.0,223.4,2.34,143,78,213,,True,1.8
1604,32.919951,-117.092957,3325.6,223.4,2.48,143,79,217,,True,2.0
1605,32.919938,-117.092952,3327.6,223.4,2.34,142,79,217,,True,0.0
1606,32.919919,-117.092944,3329.7,223.6,2.24,143,79,215,,True,0.0
1607,32.919909,-117.092943,3330.9,223.6,2.04,143,79,213,,True,0.0
1608,32.919896,-117.092954,3332.2,223.4,1.84,143,79,212,,True,1.7
1609,32.919879,-117.09294,3333.9,223.4,1.66,143,79,209,,True,0.0
1610,32.919863,-117.092937,3335.7,223.4,1.62,143,79,206,,True,0.0
1611,32.91985,-117.092937,3337.3,223.4,1.52,143,81,204,,True,1.7
1612,32.919825,-117.092933,3339.7,223.6,1.76,144,81,203,,True,1.6
1613,32.919807,-117.092934,3341.7,223.6,1.9,144,81,203,,True,1.8
1614,32.919791,-117.092938,3343.8,223.6,1.98,144,81,201,,True,0.0
1615,32.919764,-117.092937,3346.4,223.6,2.14,144,78,203,,True,0.0
1616,32.919746,-117.092937,3348.7,223.6,2.28,143,78,206,,True,0.0
1617,32.919728,-117.092938,3351.0,223.6,2.26,144,78,209,,True,0.0
1618,32.919698,-117.092935,3353.6,223.6,2.38,144,78,209,,True,0.0
1619,32.919682,-117.092941,3355.7,223.6,2.38,143,79,209,,True,0.0
1620,32.919661,-117.092943,3358.1,223.6,2.34,143,79,208,,True,0.0
1621,32.919639,-117.092934,3360.2,223.6,2.3,143,79,206,,True,-1.7
1622,32.919624,-117.09294,3362.2,223.6,2.24,143,79,203,,True,-3.4
1623,32.9196,-117.09294,3364.9,223.6,2.26,143,80,198,,True,-1.6
1624,32.919573,-117.09294,3367.6,223.4,2.38,143,80,195,,True,-1.9
1625,32.919558,-117.092945,3369.7,223.2,2.32,143,80,196,,True,-2.0
1626,32.919532,-117.092946,3372.5,223.4,2.46,143,81,197,,True,1.7
1627,32.919507,-117.092944,3375.1,223.4,2.58,142,81,197,,True,3.4
1628,32.919491,-117.092951,3377.3,223.4,2.48,142,80,198,,True,1.9
1629,32.919474,-117.092953,3379.3,223.6,2.34,142,80,200,,True,0.0
1630,32.919455,-117.092946,3381.3,223.6,2.32,142,80,199,,True,0.0
1631,32.919438,-117.09295,3383.1,223.6,2.12,142,80,196,,True,-1.8
1632,32.91942,-117.092945,3385.1,223.4,2.0,142,80,192,,True,-1.7
1633,32.919394,-117.092943,3387.7,223.4,2.08,141,80,190,,True,-2.0
1634,32.919373,-117.092946,3390.2,223.4,2.18,142,80,190,,True,-1.9
1635,32.919349,-117.092939,3393.2,223.4,2.38,142,80,190,,True,-2.0
1636,32.919325,-117.092935,3395.6,223.2,2.5,142,80,191,,True,-1.9
1637,32.919307,-117.09294,3397.9,223.2,2.56,142,80,192,,True,-2.0
1638,32.919279,-117.09294,3400.8,223.2,2.62,142,80,193,,True,0.0
1639,32.919255,-117.092935,3403.4,223.2,2.64,142,80,192,,True,0.0
1640,32.919237,-117.092941,3405.6,223.2,2.48,141,80,194,,True,-2.0
1641,32.91921,-117.092938,3408.3,223.2,2.54,141,80,195,,True,-2.0
1642,32.919182,-117.092934,3411.0,223.0,2.62,141,80,194,,True,-1.9
1643,32.91916,-117.092937,3413.6,223.0,2.56,141,80,195,,True,-1.8
1644,32.919138,-117.092931,3416.4,223.0,2.6,142,80,196,,True,2.0
1645,32.919113,-117.092933,3419.2,223.0,2.72,141,79,195,,True,1.7
1646,32.919097,-117.092935,3421.2,223.2,2.58,141,79,197,,True,1.8
1647,32.919078,-117.092936,3423.5,223.2,2.5,142,79,197,,True,1.9
1648,32.919058,-117.092922,3425.5,223.2,2.38,142,79,196,,True,-1.9
1649,32.919042,-117.092918,3427.4,223.2,2.2,142,80,196,,True,-1.8
1650,32.919024,-117.092924,3429.6,223.2,2.08,141,80,196,,True,-1.7
1651,32.918998,-117.092923,3432.0,223.0,2.16,142,79,195,,True,-1.6
1652,32.918978,-117.092924,3434.4,223.0,2.18,142,79,196,,True,-2.0
1653,32.918956,-117.092923,3437.1,223.0,2.32,141,78,197,,True,-1.9
1654,32.91893,-117.09292,3439.8,223.0,2.48,142,79,197,,True,-1.9
1655,32.91891,-117.092922,3442.3,222.8,2.54,142,79,197,,True,-1.9
1656,32.918884,-117.092925,3445.2,222.8,2.64,141,79,198,,True,-1.9
1657,32.918858,-117.092923,3447.8,222.8,2.68,141,80,198,,True,0.0
1658,32.918836,-117.092922,3450.5,222.8,2.68,141,81,200,,True,0.0
1659,32.918807,-117.092924,3453.4,222.8,2.72,141,81,200,,True,0.0
1660,32.918787,-117.092931,3455.9,222.8,2.72,141,81,201,,True,0.0
1661,32.918765,-117.092936,3458.5,222.8,2.66,141,81,203,,True,0.0
1662,32.918741,-117.092938,3460.9,222.8,2.62,140,82,203,,True,0.0
1663,32.918725,-117.092946,3463.1,222.8,2.52,140,82,204,,True,0.0
1664,32.9187,-117.092957,3465.6,222.8,2.44,140,82,204,,True,0.0
1665,32.918677,-117.092963,3468.3,222.8,2.48,141,82,203,,True,0.0
1666,32.918658,-117.092973,3470.8,222.8,2.46,140,82,204,,True,0.0
1667,32.91863,-117.092982,3473.4,222.8,2.5,140,82,205,,True,-1.6
1668,32.918614,-117.092989,3475.7,222.8,2.52,140,82,205,,True,-2.0
1669,32.918594,-117.092996,3478.0,222.8,2.48,140,82,205,,True,-3.9
1670,32.918564,-117.093008,3481.0,222.6,2.54,140,81,203,,True,-3.9
1671,32.918546,-117.093012,3483.6,222.4,2.56,140,81,202,,True,-3.7
1672,32.918526,-117.093021,3486.0,222.4,2.52,140,81,205,,True,-2.0
1673,32.9185,-117.093035,3488.8,222.4,2.62,139,81,205,,True,0.0
1674,32.918484,-117.093048,3491.2,222.4,2.64,139,80,206,,True,1.9
1675,32.918464,-117.093055,3493.7,222.4,2.54,139,80,209,,True,0.0
1676,32.918438,-117.093068,3496.4,222.6,2.56,139,80,209,,True,0.0
1677,32.918425,-117.09308,3498.6,222.4,2.52,139,80,209,,True,-1.7
1678,32.918408,-117.093092,3500.8,222.4,2.4,140,80,209,,True,-3.6
1679,32.918389,-117.093105,3503.0,222.4,2.36,139,80,209,,True,-1.7
1680,32.918374,-117.093121,3505.2,222.2,2.3,139,80,208,,True,-1.7
1681,32.918359,-117.093138,3507.6,222.2,2.24,139,80,208,,True,-3.2
1682,32.918337,-117.093159,3510.4,222.2,2.36,139,80,207,,True,-1.9
1683,32.918322,-117.093177,3512.9,222.2,2.42,139,80,207,,True,-1.8
1684,32.918304,-117.093197,3515.6,222.0,2.52,140,79,208,,True,-1.8
1685,32.918282,-117.093221,3518.7,222.0,2.7,139,79,209,,True,-1.9
1686,32.918271,-117.093244,3521.3,222.0,2.74,139,80,210,,True,1.9
1687,32.91826,-117.093269,3523.7,222.0,2.66,140,80,213,,True,1.9
1688,32.918245,-117.093293,3526.4,222.2,2.7,140,80,213,,True,1.9
1689,32.91824,-117.09332,3529.0,222.2,2.68,140,80,215,,True,1.9
1690,32.91823,-117.093346,3531.6,222.2,2.58,140,81,216,,True,0.0
1691,32.91822,-117.093371,3534.3,222.2,2.6,140,81,218,,True,0.0
1692,32.918218,-117.093391,3536.4,222.2,2.54,140,81,218,,True,0.0
1693,32.918211,-117.093419,3538.9,222.2,2.5,140,82,218,,True,0.0
1694,32.9182,-117.093446,3541.6,222.2,2.52,140,80,219,,True,0.0
1695,32.918194,-117.093468,3544.0,222.2,2.48,141,80,221,,True,-2.0
1696,32.918185,-117.093494,3546.5,222.2,2.44,141,79,222,,True,0.0
1697,32.918177,-117.093518,3549.0,222.0,2.52,142,79,223,,True,1.7
1698,32.918173,-117.09354,3551.3,222.0,2.48,142,79,224,,True,3.4
1699,32.91817,-117.093569,3553.7,222.2,2.42,142,79,225,,True,5.1
1700,32.918161,-117.093591,3556.0,222.4,2.4,142,79,225,,True,5.1
1701,32.918155,-117.093608,3558.1,222.6,2.32,142,80,225,,True,3.4
1702,32.918145,-117.093641,3560.8,222.6,2.36,142,80,224,,True,0.0
1703,32.918143,-117.09366,3563.0,222.6,2.34,143,80,225,,True,-1.9
1704,32.918133,-117.093685,3565.6,222.6,2.38,143,81,223,,True,-4.0
1705,32.918118,-117.093717,3568.6,222.4,2.52,143,83,222,,True,-3.8
1706,32.918115,-117.093738,3570.9,222.2,2.56,142,83,223,,True,-1.9
1707,32.91811,-117.093762,3573.5,222.2,2.54,143,83,228,,True,0.0
1708,32.918099,-117.093791,3576.2,222.4,2.64,143,82,230,,True,1.8
1709,32.9181,-117.09381,3578.1,222.4,2.5,143,81,231,,True,3.7
1710,32.918096,-117.093831,3580.0,222.4,2.28,143,81,234,,True,0.0
1711,32.918087,-117.093855,3582.1,222.4,2.24,144,81,231,,True,0.0
1712,32.918083,-117.093877,3584.4,222.6,2.18,144,80,228,,True,1.7
1713,32.918075,-117.093901,3586.6,222.4,2.08,144,80,228,,True,2.0
1714,32.918065,-117.093931,3589.3,222.4,2.24,145,80,228,,True,0.0
1715,32.918061,-117.093956,3592.1,222.6,2.42,146,80,228,,True,1.9
1716,32.918051,-117.093985,3594.9,222.6,2.56,146,80,228,,True,2.0
1717,32.918047,-117.094006,3597.0,222.6,2.52,146,81,230,,True,0.0
1718,32.918042,-117.094027,3599.5,222.6,2.58,147,81,231,,True,0.0
1719,32.918036,-117.094054,3602.0,222.6,2.54,146,81,230,,True,-16.7
1720,32.918033,-117.094072,3603.7,222.6,2.32,146,81,230,,True,-12.1
1721,32.918026,-117.094091,3605.4,222.6,2.1,146,82,231,,True,-11.6
1851,32.91802,-117.094072,3605.4,221.2,0.013,109,0,0,,False,-10.4
1852,32.918014,-117.094079,3605.6,221.2,0.002,109,0,0,,False,-11.9
1853,32.918003,-117.094113,3608.6,221.2,0.024,110,0,0,,True,0.0
1854,32.917999,-117.094144,3611.6,221.2,0.047,109,0,0,,True,0.0
1855,32.917995,-117.094181,3615.5,221.2,0.075,109,0,0,,True,0.0
1856,32.917981,-117.094223,3619.1,221.2,0.075,110,0,0,,True,0.0
1857,32.917978,-117.094259,3622.8,221.2,3.44,110,81,332,,True,0.0
1858,32.917972,-117.094299,3626.7,221.2,3.62,110,83,337,,True,1.3
1859,32.917967,-117.094335,3630.1,221.2,3.7,111,83,342,,True,0.0
1860,32.917964,-117.094381,3634.5,221.4,3.8,112,83,344,,True,1.3
1861,32.917961,-117.094423,3638.3,221.2,3.84,113,84,338,,True,1.2
1862,32.917957,-117.094469,3642.7,221.4,3.98,114,85,365,,True,1.3
1863,32.917953,-117.094511,3646.5,221.4,3.96,115,86,390,,True,1.3
1864,32.917954,-117.094549,3650.4,221.6,4.06,116,86,375,,True,1.4
1865,32.917957,-117.094593,3654.0,221.4,3.9,117,86,368,,True,1.4
1866,32.917966,-117.094619,3657.0,221.6,3.74,117,88,353,,True,0.0
1867,32.917975,-117.094659,3660.5,221.6,3.56,119,88,343,,True,1.5
1868,32.917989,-117.094688,3663.6,221.6,3.42,120,88,324,,True,0.0
1869,32.918003,-117.094722,3667.2,221.6,3.36,121,87,328,,True,1.6
1870,32.918022,-117.09475,3670.5,221.6,3.3,122,85,329,,True,1.7
1871,32.918038,-117.094765,3672.9,221.8,3.18,124,85,331,,True,1.9
1872,32.918054,-117.094789,3675.6,221.8,3.02,125,84,334,,True,3.8
1873,32.918066,-117.09481,3677.9,221.8,2.86,126,84,322,,True,3.8
1874,32.918088,-117.094828,3680.9,222.0,2.74,127,84,317,,True,3.7
1875,32.918112,-117.09484,3683.5,222.2,2.6,128,84,311,,True,3.4
1876,32.918135,-117.094849,3686.3,222.2,2.68,128,83,297,,True,3.6
1877,32.918168,-117.09486,3689.5,222.2,2.78,129,83,291,,True,3.3
1878,32.918186,-117.094865,3692.0,222.4,2.82,130,85,294,,True,3.4
1879,32.918217,-117.094864,3695.5,222.6,2.92,130,85,297,,True,5.3
1880,32.918243,-117.094863,3698.1,222.6,2.92,131,85,320,,True,3.4
1881,32.918265,-117.094858,3700.9,222.8,2.92,131,85,292,,True,1.9
1882,32.918295,-117.094853,3703.8,222.8,2.86,132,84,294,,True,3.8
1883,32.918316,-117.094856,3706.2,222.8,2.84,133,84,296,,True,4.0
1884,32.918333,-117.094857,3708.5,223.0,2.6,133,83,298,,True,8.3
1885,32.918347,-117.09485,3710.2,223.0,2.42,134,83,290,,True,5.6
1886,32.918352,-117.094846,3711.0,223.2,2.02,135,82,284,,False,2.8
1887,32.91835,-117.094846,3711.0,223.4,1.44,135,82,279,,False,-2.8
1888,32.918348,-117.094845,3711.0,223.4,0.96,136,82,277,,False,-5.6
1889,32.918348,-117.094845,3711.0,223.2,0.5,136,0,0,,False,-5.6
1890,32.918348,-117.094846,3711.0,223.2,0.16,137,0,0,,False,-5.6
1891,32.918348,-117.094846,3711.0,223.0,0.0,137,0,0,,False,0.0
1892,32.918348,-117.094846,3711.0,222.8,0.0,137,0,0,,False,0.0
1893,32.918348,-117.094846,3711.0,222.6,0.0,135,0,0,,False,0.0
1894,32.918348,-117.094846,3711.0,222.4,0.0,135,0,0,,False,0.0
1895,32.918348,-117.094846,3711.0,222.4,0.0,135,0,0,,False,0.0
1896,32.918348,-117.094846,3711.0,222.4,0.0,134,0,0,,False,0.0
1897,32.918348,-117.094846,3711.0,222.4,0.0,134,0,0,,False,-14.3
1898,32.918348,-117.094846,3711.0,222.4,0.0,135,0,0,,False,-3.8
1899,32.918348,-117.094846,3711.0,222.4,0.0,136,0,0,,False,-3.7
1900,32.918348,-117.094846,3711.0,222.4,0.0,136,0,0,,False,-5.9
1901,32.91835,-117.094847,3711.0,222.4,0.0,136,0,0,,False,-7.9
1902,32.918339,-117.094849,3712.4,222.4,0.28,137,0,0,,True,-5.9
1903,32.918329,-117.094847,3713.4,222.2,0.48,137,0,0,,True,-2.0
1904,32.918316,-117.094839,3714.6,222.2,0.72,137,0,0,,True,2.0
1905,32.918308,-117.094835,3715.8,222.2,0.96,136,0,0,,True,2.0
1906,32.918305,-117.094832,3716.4,222.2,1.08,136,0,0,,False,2.0
1907,32.918309,-117.094834,3716.4,222.2,0.8,136,0,0,,False,2.0
1908,32.918309,-117.094835,3716.4,222.2,0.6,137,0,0,,False,3.8
1909,32.918309,-117.094835,3716.4,222.2,0.36,137,0,0,,False,5.5
1910,32.918315,-117.094836,3717.4,222.4,0.32,137,0,0,,True,5.0
1911,32.91832,-117.094837,3718.1,222.4,0.34,138,0,0,,False,5.6
1912,32.918329,-117.094836,3718.9,222.6,0.5,139,59,4,,True,5.9
1913,32.918338,-117.094835,3719.9,222.6,0.7,139,65,85,,True,5.9
1914,32.91835,-117.094835,3721.1,222.6,0.94,139,65,95,,True,3.4
1915,32.918364,-117.094836,3722.9,222.8,1.1,139,65,103,,True,2.0
1916,32.918379,-117.094837,3724.4,222.8,1.26,138,65,113,,True,1.6
1917,32.918399,-117.09484,3726.6,222.8,1.54,138,0,0,,True,1.6
1918,32.918422,-117.094843,3729.1,222.8,1.84,138,0,0,,True,1.8
1919,32.918448,-117.094841,3732.3,222.8,2.24,138,0,0,,True,1.7
1920,32.918477,-117.094839,3735.3,223.0,2.48,138,79,158,,True,3.1
1921,32.918503,-117.094836,3738.2,223.0,2.76,138,83,298,,True,4.8
1922,32.918538,-117.09483,3741.9,223.2,3.06,138,83,311,,True,3.2
1923,32.91856,-117.094833,3744.7,223.4,3.12,138,85,320,,True,3.1
1924,32.918587,-117.094831,3747.9,223.4,3.12,139,85,334,,True,3.2
1925,32.91862,-117.094832,3751.3,223.4,3.2,139,85,342,,True,1.4
1926,32.918644,-117.094827,3754.4,223.6,3.24,139,85,341,,True,1.5
1927,32.918686,-117.094824,3758.5,223.6,3.32,138,85,347,,True,2.8
1928,32.918712,-117.094825,3761.5,223.6,3.36,139,84,369,,True,2.7
1929,32.918747,-117.094826,3765.4,223.8,3.5,139,84,381,,True,2.9
1930,32.918784,-117.094829,3769.1,224.0,3.56,139,84,402,,True,3.0
1931,32.918809,-117.094834,3772.3,224.0,3.58,139,84,402,,True,1.7
1932,32.918835,-117.094839,3774.9,224.0,3.28,140,84,397,,True,-2.0
1933,32.918852,-117.094827,3777.1,224.0,3.12,140,84,372,,True,-5.3
1934,32.918858,-117.094826,3778.4,224.0,2.6,140,84,359,,True,-1.7
1935,32.918864,-117.094824,3779.1,223.8,2.0,140,84,344,,False,0.0
1936,32.918874,-117.094819,3779.9,223.6,1.52,141,84,256,,False,0.0
1937,32.918895,-117.094817,3781.9,223.8,1.4,141,84,214,,True,0.0
1938,32.918917,-117.094813,3784.3,223.8,1.44,141,84,214,,True,3.3
1939,32.918933,-117.094805,3786.5,224.0,1.62,140,84,247,,True,2.0
1940,32.918959,-117.094806,3789.1,224.0,2.0,140,84,262,,True,2.0
1941,32.918981,-117.094802,3791.9,224.0,2.4,141,81,288,,True,1.9
1942,32.919002,-117.094797,3794.4,224.0,2.5,141,81,297,,True,1.9
1943,32.919026,-117.094797,3797.0,224.2,2.54,142,81,308,,True,2.0
1944,32.919052,-117.094799,3799.7,224.2,2.64,142,81,308,,True,2.0
1945,32.919069,-117.094796,3801.9,224.2,2.56,142,80,301,,True,0.0
1946,32.919094,-117.094798,3804.4,224.2,2.5,143,80,300,,True,0.0
1947,32.919118,-117.094802,3806.9,224.2,2.5,143,80,287,,True,0.0
1948,32.919134,-117.094801,3809.2,224.2,2.44,144,80,284,,True,0.0
1949,32.919164,-117.0948,3812.2,224.2,2.5,144,80,281,,True,0.0
1950,32.919184,-117.094803,3814.3,224.2,2.48,144,80,281,,True,0.0
1951,32.919204,-117.094798,3816.7,224.2,2.46,145,80,277,,True,0.0
1952,32.919228,-117.094798,3819.1,224.2,2.44,145,80,274,,True,0.0
1953,32.919251,-117.094796,3821.4,224.2,2.44,145,81,271,,True,0.0
1954,32.919269,-117.094794,3823.9,224.2,2.34,145,81,268,,True,0.0
1955,32.919291,-117.094803,3826.1,224.2,2.36,145,81,262,,True,2.2
1956,32.919305,-117.094816,3828.1,224.2,2.28,145,81,261,,True,1.8
1957,32.919312,-117.094823,3829.6,224.2,2.1,145,81,258,,True,3.7
1958,32.91932,-117.094819,3830.4,224.4,1.8,145,79,256,,True,5.4
1959,32.91934,-117.094818,3832.4,224.4,1.7,144,78,251,,True,6.8
1960,32.91936,-117.094821,3834.6,224.6,1.7,143,79,250,,True,6.3
1961,32.919384,-117.094825,3837.3,224.8,1.84,143,79,251,,True,7.4
1962,32.919409,-117.094827,3839.9,225.0,2.06,143,79,256,,True,3.4
1963,32.919439,-117.094828,3843.2,225.2,2.56,141,79,262,,True,1.6
1964,32.919465,-117.094827,3846.2,225.0,2.76,140,79,264,,True,-1.5
1965,32.9195,-117.094837,3849.8,225.0,3.04,140,79,284,,True,-3.2
1966,32.919526,-117.094839,3853.0,224.8,3.14,139,79,287,,True,-3.3
1967,32.919547,-117.09484,3855.8,224.8,3.18,139,79,302,,True,-1.9
1968,32.919574,-117.094846,3858.4,224.6,3.04,139,81,303,,True,5.0
1969,32.919588,-117.094844,3860.4,224.8,2.84,139,81,295,,True,5.2
1970,32.919611,-117.094835,3862.7,225.2,2.58,139,82,279,,True,7.5
1971,32.91963,-117.09484,3864.9,225.4,2.38,139,82,261,,True,5.4
1972,32.919651,-117.094847,3867.3,225.4,2.3,139,83,260,,True,0.0
1973,32.919666,-117.094849,3869.0,225.4,2.12,140,82,260,,True,-2.0
1974,32.919693,-117.094853,3871.6,225.4,2.24,139,82,259,,True,-1.9
1975,32.919726,-117.094857,3875.1,225.2,2.48,139,81,261,,True,-1.6
1976,32.919751,-117.094854,3878.1,225.2,2.64,140,81,264,,True,0.0
1977,32.919789,-117.094862,3881.9,225.2,2.92,140,81,298,,True,3.0
1978,32.919812,-117.094865,3885.0,225.4,3.2,140,85,304,,True,2.9
1979,32.919844,-117.094871,3888.5,225.6,3.38,140,85,326,,True,4.7
1980,32.919876,-117.094873,3892.0,225.6,3.38,141,85,334,,True,3.2
1981,32.919896,-117.094871,3894.7,225.8,3.32,141,85,345,,True,1.7
1982,32.919922,-117.094869,3897.6,225.8,3.14,142,84,343,,True,1.8
1983,32.919949,-117.09487,3900.3,225.8,3.06,142,83,297,,True,0.0
1984,32.919969,-117.094872,3903.0,225.8,2.9,143,82,294,,True,-2.0
1985,32.919994,-117.094875,3905.4,225.8,2.68,143,82,291,,True,-1.6
1986,32.920016,-117.094875,3907.8,225.6,2.62,144,81,280,,True,-3.3
1987,32.920033,-117.094874,3909.9,225.6,2.46,146,81,270,,True,-3.2
1988,32.920062,-117.09488,3912.6,225.6,2.46,147,81,266,,True,-2.0
1989,32.92008,-117.094887,3915.3,225.4,2.46,147,81,266,,True,-1.9
1990,32.920102,-117.094896,3917.8,225.4,2.48,147,81,265,,True,-2.0
1991,32.920127,-117.09491,3920.4,225.4,2.52,147,80,265,,True,0.0
1992,32.920146,-117.094915,3922.7,225.4,2.56,147,80,265,,True,0.0
1993,32.920167,-117.094917,3925.1,225.4,2.5,147,80,263,,True,0.0
1994,32.920193,-117.094912,3927.6,225.4,2.46,147,81,261,,True,-2.4
1995,32.920202,-117.094899,3929.1,225.4,2.26,147,81,257,,True,-4.8
1996,32.920215,-117.094905,3930.4,225.4,2.0,147,81,254,,True,-7.1
1997,32.92022,-117.09491,3931.1,225.2,1.68,147,81,246,,False,-6.2
1998,32.920217,-117.094914,3931.1,225.0,1.2,148,81,240,,False,-3.3
1999,32.920214,-117.094916,3931.1,225.0,0.7,147,0,0,,False,-3.3
2000,32.920214,-117.094916,3931.1,224.8,0.4,147,0,0,,False,-1.5
2001,32.920214,-117.094916,3931.1,224.8,0.14,146,0,0,,False,-1.9
2002,32.920215,-117.094916,3931.1,224.8,0.0,145,0,0,,False,0.0
2003,32.92023,-117.094916,3932.4,224.8,0.26,144,0,0,,True,1.6
2004,32.920252,-117.09492,3934.7,225.0,0.72,142,0,0,,True,3.1
2005,32.920274,-117.094923,3937.3,225.0,1.24,142,0,0,,True,3.4
2006,32.920303,-117.094928,3940.9,225.2,1.96,141,0,0,,True,1.7
2007,32.920325,-117.094947,3944.0,225.2,2.58,140,79,0,,True,1.7
2008,32.920347,-117.094955,3946.6,225.2,2.84,140,80,297,,True,0.0
2009,32.92037,-117.094966,3949.3,225.2,2.92,140,80,301,,True,0.0
2010,32.920393,-117.094979,3952.3,225.2,3.0,141,80,283,,True,-1.7
2011,32.920414,-117.09499,3955.1,225.2,2.84,141,82,277,,True,0.0
2012,32.920443,-117.095011,3958.3,225.0,2.86,142,82,268,,True,0.0
2013,32.920463,-117.095023,3961.2,225.2,2.92,142,82,269,,True,0.0
2014,32.920489,-117.095039,3964.3,225.2,3.0,142,82,301,,True,1.7
2015,32.920513,-117.095055,3967.4,225.2,3.02,144,82,302,,True,0.0
2016,32.920531,-117.095067,3970.0,225.2,2.98,145,82,306,,True,-1.7
2017,32.920557,-117.095087,3973.1,225.2,2.96,145,82,305,,True,-1.8
2018,32.920577,-117.0951,3975.8,225.0,2.92,145,82,287,,True,-3.4
2019,32.920596,-117.095112,3978.5,225.0,2.84,145,82,284,,True,-3.5
2020,32.920626,-117.095131,3981.7,224.8,2.86,146,82,282,,True,-1.6
2021,32.920645,-117.095139,3984.4,224.8,2.88,146,82,282,,True,-1.6
2022,32.920676,-117.09516,3988.1,224.8,3.0,146,82,283,,True,0.0
2023,32.920701,-117.095178,3991.3,224.8,3.1,146,81,284,,True,-1.5
2024,32.920723,-117.095187,3994.2,224.8,3.14,145,81,292,,True,-1.6
2025,32.920752,-117.095208,3997.5,224.6,3.16,146,81,293,,True,-3.5
2026,32.920774,-117.09522,4000.3,224.6,3.18,146,81,295,,True,-3.5
2027,32.920792,-117.09523,4002.8,224.4,2.94,146,81,294,,True,-3.8
2028,32.920814,-117.095257,4005.6,224.4,2.86,146,81,289,,True,-3.1
2029,32.920829,-117.095264,4008.0,224.2,2.76,147,82,285,,True,-1.9
2030,32.920848,-117.095272,4010.2,224.2,2.54,147,82,284,,True,-1.6
2031,32.920875,-117.095292,4013.1,224.2,2.56,148,82,281,,True,0.0
2032,32.920889,-117.095298,4015.3,224.2,2.5,148,82,275,,True,-1.8
2033,32.92091,-117.095322,4018.2,224.2,2.52,148,82,272,,True,-3.5
2034,32.920926,-117.095348,4021.1,224.0,2.62,148,81,269,,True,-4.5
2035,32.920943,-117.095377,4024.4,223.8,2.84,148,81,267,,True,-5.5
2036,32.920965,-117.095424,4028.5,223.6,3.08,148,81,265,,True,-4.9
2037,32.920984,-117.095458,4032.8,223.4,3.5,149,81,281,,True,-4.7
2038,32.920998,-117.095505,4037.3,223.2,3.82,148,82,299,,True,-3.5
2039,32.920991,-117.095552,4041.5,223.0,4.08,149,84,308,,True,-1.2
2040,32.920989,-117.095594,4045.8,223.0,4.28,149,84,345,,True,0.0
2041,32.920972,-117.095632,4049.6,223.2,4.22,150,84,344,,True,1.4
2042,32.92096,-117.09566,4052.6,223.2,3.96,151,85,332,,True,3.0
2043,32.920938,-117.09569,4056.1,223.2,3.76,152,85,304,,True,1.6
2044,32.920919,-117.095712,4059.0,223.4,3.5,152,85,271,,True,1.5
2045,32.920894,-117.095732,4062.0,223.4,3.24,152,84,258,,True,3.1
2046,32.920858,-117.095739,4065.8,223.4,3.24,152,84,254,,True,1.5
2047,32.920834,-117.095746,4069.1,223.6,3.3,153,84,256,,True,1.5
2048,32.920801,-117.095753,4072.5,223.6,3.28,152,84,274,,True,1.5
2049,32.920777,-117.095761,4075.5,223.6,3.3,152,84,283,,True,0.0
2050,32.920744,-117.095772,4078.9,223.6,3.38,152,84,284,,True,0.0
2051,32.92072,-117.095776,4082.0,223.6,3.24,152,83,281,,True,0.0
2052,32.920692,-117.095773,4085.1,223.6,3.2,152,83,276,,True,0.0
2053,32.920668,-117.095777,4087.8,223.6,3.06,152,83,277,,True,1.5
2054,32.920635,-117.095776,4091.4,223.6,3.18,152,85,278,,True,2.9
2055,32.920599,-117.095768,4095.1,223.8,3.24,152,86,276,,True,2.7
2056,32.920572,-117.095769,4098.7,224.0,3.34,152,86,276,,True,4.3
2057,32.920536,-117.095766,4102.4,224.0,3.46,153,86,282,,True,4.4
2058,32.920512,-117.095766,4105.4,224.2,3.52,153,85,290,,True,3.0
2059,32.920481,-117.095765,4108.6,224.4,3.44,153,85,296,,True,3.2
2060,32.920453,-117.095762,4111.9,224.4,3.36,153,85,298,,True,3.1
2061,32.920428,-117.095765,4114.9,224.4,3.24,153,84,299,,True,1.6
2062,32.920395,-117.095763,4118.2,224.6,3.16,154,84,298,,True,1.7
2063,32.920373,-117.095762,4121.0,224.6,3.12,154,84,301,,True,1.7
2064,32.920348,-117.095756,4123.8,224.6,3.04,154,84,302,,True,0.0
2065,32.920319,-117.095746,4126.6,224.6,2.94,155,83,304,,True,0.0
2066,32.920299,-117.095748,4129.5,224.6,2.92,155,82,300,,True,1.8
2067,32.920273,-117.095745,4132.0,224.6,2.76,155,82,297,,True,1.8
2068,32.920247,-117.095744,4134.7,224.8,2.74,155,82,296,,True,1.8
2069,32.920223,-117.095743,4137.7,224.8,2.78,155,83,290,,True,1.7
2070,32.920189,-117.095742,4140.9,224.8,2.86,156,83,289,,True,0.0
2071,32.920166,-117.095742,4144.0,224.8,2.9,156,83,290,,True,0.0
2072,32.920131,-117.095739,4147.4,224.8,3.08,156,84,290,,True,0.0
2073,32.920103,-117.095739,4150.7,224.8,3.2,156,84,292,,True,0.0
2074,32.920078,-117.095741,4153.7,224.8,3.2,156,84,294,,True,-1.6
2075,32.920044,-117.095738,4157.1,224.8,3.24,156,83,295,,True,-1.6
2076,32.920022,-117.09574,4160.1,224.6,3.22,156,83,294,,True,-1.7
2077,32.919993,-117.095741,4162.9,224.6,3.1,157,83,295,,True,-1.8
2078,32.919973,-117.095751,4165.5,224.6,2.96,157,84,292,,True,0.0
2079,32.919949,-117.095753,4168.0,224.6,2.86,157,84,291,,True,0.0
2080,32.919916,-117.095751,4171.1,224.6,2.8,157,84,291,,True,0.0
2081,32.919892,-117.095755,4174.1,224.6,2.8,157,84,288,,True,0.0
2082,32.919858,-117.095758,4177.9,224.6,3.0,158,84,287,,True,-1.6
2083,32.919836,-117.095761,4180.6,224.6,3.02,158,84,287,,True,-1.7
2084,32.919813,-117.095759,4183.5,224.4,3.1,158,84,286,,True,-1.8
2085,32.919784,-117.095759,4186.2,224.4,3.02,157,83,286,,True,-1.7
2086,32.91976,-117.095765,4189.1,224.4,3.0,158,82,283,,True,0.0
2087,32.919725,-117.09577,4192.5,224.4,2.92,158,82,282,,True,0.0
2088,32.919701,-117.095774,4195.5,224.4,2.98,157,82,282,,True,0.0
2089,32.919677,-117.09578,4198.3,224.4,2.96,158,83,279,,True,-1.6
2090,32.919641,-117.095787,4201.8,224.4,3.12,158,83,277,,True,-1.6
2091,32.91962,-117.095795,4204.7,224.2,3.12,157,83,276,,True,-1.6
2092,32.919595,-117.095799,4207.7,224.2,3.04,157,83,275,,True,-3.5
2093,32.919566,-117.095802,4210.8,224.2,3.06,157,83,274,,True,-1.7
2094,32.919546,-117.09581,4213.3,224.0,3.0,157,83,271,,True,-1.7
2095,32.919515,-117.095816,4216.5,224.0,2.94,158,83,270,,True,-1.8
2096,32.919491,-117.095828,4219.3,224.0,2.92,157,83,268,,True,-1.6
2097,32.919469,-117.095835,4222.0,224.0,2.86,157,83,267,,True,-3.2
2098,32.919436,-117.09585,4225.6,223.8,2.96,157,83,266,,True,-2.9
2099,32.919411,-117.095865,4229.1,223.6,3.16,157,83,265,,True,-1.3
2100,32.919371,-117.095878,4233.2,223.6,3.34,158,83,264,,True,0.0
2101,32.919343,-117.095897,4237.1,223.8,3.56,157,84,264,,True,1.3
2102,32.91931,-117.095914,4241.1,223.8,3.82,157,84,268,,True,2.7
2103,32.919276,-117.095931,4245.0,223.8,3.88,157,84,270,,True,1.3
2104,32.919252,-117.095942,4248.1,224.0,3.8,157,85,271,,True,1.4
2105,32.919214,-117.095956,4252.1,224.0,3.78,157,85,282,,True,1.4
2106,32.919193,-117.095972,4255.3,224.0,3.64,158,85,324,,True,0.0
2107,32.919157,-117.095989,4259.2,224.0,3.62,158,85,285,,True,0.0
2108,32.919129,-117.095999,4262.7,224.0,3.54,158,85,323,,True,0.0
2109,32.9191,-117.09601,4266.3,224.0,3.64,158,85,303,,True,0.0
2110,32.919065,-117.096023,4270.0,224.0,3.58,159,85,297,,True,0.0
2111,32.919041,-117.096036,4273.2,224.0,3.58,159,85,309,,True,0.0
2112,32.919007,-117.096048,4276.8,224.0,3.52,160,84,298,,True,0.0
2113,32.918987,-117.096062,4279.8,224.0,3.42,160,84,293,,True,0.0
2114,32.918964,-117.096072,4282.5,224.0,3.24,160,85,291,,True,0.0
2115,32.918935,-117.096083,4285.6,224.0,3.12,160,85,287,,True,0.0
2116,32.918914,-117.096094,4288.5,224.0,3.06,160,85,279,,True,0.0
2117,32.918884,-117.096103,4291.5,224.0,2.94,160,84,278,,True,0.0
2118,32.918861,-117.096117,4294.4,224.0,2.92,160,84,277,,True,0.0
2119,32.918836,-117.096132,4297.5,224.0,3.0,160,84,276,,True,1.6
2120,32.918802,-117.096144,4301.0,224.0,3.08,160,84,275,,True,1.4
2121,32.918777,-117.096159,4304.3,224.2,3.16,160,84,275,,True,0.0
2122,32.918742,-117.096175,4308.4,224.2,3.38,160,84,278,,True,0.0
2123,32.918719,-117.09619,4311.6,224.0,3.44,160,84,279,,True,-1.4
2124,32.918688,-117.096204,4315.2,224.0,3.54,161,84,288,,True,-2.8
2125,32.91865,-117.096216,4319.1,224.0,3.62,161,83,289,,True,-1.3
2126,32.918623,-117.096231,4322.9,223.8,3.72,161,83,290,,True,-1.3
2127,32.918585,-117.096242,4326.8,223.8,3.68,161,83,293,,True,-1.3
2128,32.91856,-117.096256,4330.5,223.8,3.78,161,84,292,,True,0.0
2129,32.918524,-117.096269,4334.3,223.8,3.82,161,85,305,,True,1.4
2130,32.918497,-117.09628,4337.7,223.8,3.72,161,86,312,,True,1.4
2131,32.918466,-117.096291,4341.3,224.0,3.68,162,86,313,,True,1.5
2132,32.918437,-117.096302,4344.6,224.0,3.56,162,86,314,,True,1.5
2133,32.918414,-117.096317,4347.5,224.0,3.4,162,85,309,,True,0.0
2134,32.918378,-117.096339,4351.4,224.0,3.42,162,84,303,,True,0.0
2135,32.91836,-117.096357,4354.4,224.0,3.34,162,84,303,,True,0.0
2136,32.91834,-117.096373,4357.4,224.0,3.22,163,84,301,,True,-1.9
2137,32.918317,-117.096392,4360.3,224.0,3.14,163,85,299,,True,-1.9
2138,32.918308,-117.096406,4362.0,223.8,2.9,163,84,296,,True,-2.4
2139,32.918296,-117.096415,4363.7,223.8,2.46,163,84,295,,True,-15.7
2140,32.918284,-117.096419,4365.2,223.8,2.16,162,83,296,,True,-14.3
2141,32.918279,-117.096419,4365.6,223.8,1.64,163,83,296,,False,-14.5
3151,32.918282,-117.09643,4365.6,222.8,0.0,132,0,0,,False,-11.9
3152,32.918282,-117.09644,4366.3,222.6,0.001,132,0,0,,False,-10.2
3153,32.91829,-117.096463,4368.6,222.4,0.003,131,0,0,,True,-10.5
3154,32.918302,-117.096494,4371.3,222.4,0.006,131,0,0,,True,0.0
3155,32.91832,-117.096505,4373.8,222.4,0.008,131,0,0,,True,3.4
3156,32.918345,-117.096525,4377.0,222.6,0.008,132,0,0,,True,3.3
3157,32.918373,-117.096546,4380.5,222.8,2.84,132,0,0,,True,4.8
3158,32.918395,-117.096551,4383.5,222.8,2.98,133,81,325,,True,3.2
3159,32.918423,-117.096561,4386.4,223.0,3.02,133,81,343,,True,0.0
3160,32.918449,-117.096572,4389.6,223.0,3.16,134,81,349,,True,1.7
3161,32.918473,-117.096579,4392.5,222.8,3.1,134,81,354,,True,0.0
3162,32.918503,-117.09659,4395.5,223.0,3.0,135,82,339,,True,0.0
3163,32.918527,-117.096596,4398.3,223.0,2.96,134,82,340,,True,1.9
3164,32.918548,-117.096603,4401.0,223.0,2.92,134,82,341,,True,1.9
3165,32.918565,-117.096616,4403.3,223.0,2.74,134,80,344,,True,0.0
3166,32.918575,-117.096625,4404.7,223.2,2.44,134,80,339,,True,0.0
3167,32.918588,-117.096631,4406.2,223.2,2.14,135,80,328,,True,0.0
3168,32.9186,-117.096635,4407.8,223.0,1.9,136,0,0,,True,0.0
3169,32.918615,-117.09664,4409.1,223.0,1.62,137,0,0,,True,0.0
3170,32.918629,-117.09664,4410.7,223.0,1.48,138,79,0,,True,0.0
3171,32.918644,-117.09664,4412.5,223.0,1.56,139,79,201,,True,1.7
3172,32.918667,-117.096652,4414.6,223.0,1.68,140,79,203,,True,1.7
3173,32.918688,-117.096661,4417.2,223.2,1.88,140,79,208,,True,3.5
3174,32.918704,-117.096664,4419.5,223.2,2.08,140,78,224,,True,3.4
3175,32.918727,-117.096678,4422.2,223.2,2.3,141,78,262,,True,1.7
3176,32.918742,-117.096681,4424.0,223.4,2.3,141,78,277,,True,1.7
3177,32.918757,-117.096686,4426.3,223.4,2.34,141,78,283,,True,1.8
3178,32.918784,-117.096702,4428.7,223.4,2.3,141,78,283,,True,0.0
3179,32.918801,-117.096708,4431.0,223.4,2.3,141,78,279,,True,0.0
3180,32.918823,-117.096713,4433.6,223.4,2.28,141,79,286,,True,0.0
3181,32.918854,-117.096722,4436.5,223.4,2.5,141,80,289,,True,0.0
3182,32.918872,-117.096729,4439.0,223.4,2.54,142,80,295,,True,0.0
3183,32.918893,-117.09673,4441.6,223.4,2.58,142,80,300,,True,1.9
3184,32.918919,-117.096744,4444.5,223.4,2.7,143,80,303,,True,3.9
3185,32.918935,-117.096752,4446.9,223.6,2.66,143,80,304,,True,6.8
3186,32.918954,-117.09676,4449.2,223.8,2.54,144,79,307,,True,9.2
3187,32.918973,-117.096772,4451.3,224.0,2.46,144,79,309,,True,7.4
3188,32.918989,-117.09678,4453.3,224.2,2.34,145,79,307,,True,7.1
3189,32.919008,-117.096785,4455.4,224.4,2.18,145,79,305,,True,5.1
3190,32.919032,-117.096794,4457.7,224.4,2.16,146,79,302,,True,3.1
3191,32.919055,-117.096803,4460.5,224.6,2.26,146,79,299,,True,1.9
3192,32.919075,-117.09681,4463.1,224.6,2.36,147,80,294,,True,1.8
3193,32.919104,-117.096823,4466.2,224.6,2.58,147,80,293,,True,0.0
3194,32.919125,-117.096834,4469.0,224.6,2.72,148,80,294,,True,1.7
3195,32.919145,-117.096844,4471.7,224.6,2.8,148,80,302,,True,1.9
3196,32.919174,-117.096858,4474.6,224.8,2.82,149,80,304,,True,1.9
3197,32.919191,-117.096861,4476.7,224.8,2.72,150,80,304,,True,0.0
3198,32.919214,-117.096864,4479.3,224.8,2.62,151,80,305,,True,0.0
3199,32.919241,-117.096879,4482.2,224.6,2.64,153,80,298,,True,0.0
3200,32.919259,-117.096885,4484.4,224.8,2.54,154,80,294,,True,0.0
3201,32.919282,-117.096892,4486.9,224.8,2.46,155,80,294,,True,2.0
3202,32.919307,-117.096899,4489.7,224.8,2.6,155,80,294,,True,0.0
3203,32.919326,-117.096896,4492.3,224.8,2.6,155,80,289,,True,0.0
3204,32.919351,-117.096899,4494.8,224.8,2.52,155,81,288,,True,0.0
3205,32.919378,-117.096904,4497.6,224.8,2.64,155,81,284,,True,0.0
3206,32.919398,-117.096902,4500.2,224.8,2.66,155,81,280,,True,0.0
3207,32.91942,-117.096901,4502.9,224.8,2.64,156,81,280,,True,0.0
3208,32.919448,-117.09691,4505.7,224.8,2.68,156,79,277,,True,0.0
3209,32.919467,-117.09691,4508.0,224.8,2.64,156,79,272,,True,0.0
3210,32.919487,-117.096916,4510.4,224.8,2.56,156,79,267,,True,-1.9
3211,32.919516,-117.096928,4513.3,224.8,2.62,156,79,265,,True,0.0
3212,32.919536,-117.096933,4516.0,224.6,2.62,157,79,264,,True,1.7
3213,32.919558,-117.096941,4518.3,224.8,2.52,157,79,265,,True,3.8
3214,32.919574,-117.096945,4520.1,225.0,2.42,157,79,267,,True,6.1
3215,32.919593,-117.096956,4522.2,225.0,2.36,157,79,268,,True,5.2
3216,32.919603,-117.096956,4523.7,225.2,2.08,157,80,265,,True,3.8
3217,32.919619,-117.09697,4525.8,225.2,1.96,157,80,261,,True,1.9
3218,32.919634,-117.096975,4527.5,225.2,1.84,157,80,258,,True,2.0
3219,32.919637,-117.096987,4528.9,225.2,1.76,157,80,255,,True,0.0
3220,32.919652,-117.096992,4530.5,225.2,1.66,157,80,252,,True,0.0
3221,32.919671,-117.096987,4532.4,225.2,1.74,157,49,250,,True,-2.0
3222,32.919685,-117.096985,4533.9,225.2,1.62,157,49,132,,True,-1.8
3223,32.919707,-117.096992,4535.8,225.2,1.66,157,49,130,,True,-1.7
3224,32.919722,-117.096993,4537.7,225.0,1.76,156,49,125,,True,-1.8
3225,32.919744,-117.097001,4540.0,225.0,1.9,155,49,125,,True,-1.7
3226,32.919771,-117.097008,4542.6,225.0,2.04,155,49,125,,True,0.0
3227,32.919791,-117.097013,4545.2,225.0,2.26,154,49,136,,True,-1.9
3228,32.919813,-117.097022,4547.9,225.0,2.42,154,82,237,,True,-1.9
3229,32.919839,-117.097034,4550.5,224.8,2.56,154,82,249,,True,-1.9
3230,32.919858,-117.097043,4553.0,224.8,2.6,153,82,258,,True,-3.7
3231,32.919879,-117.09706,4555.8,224.8,2.64,153,81,253,,True,-3.6
3232,32.919895,-117.097093,4558.7,224.6,2.7,153,81,248,,True,-3.5
3233,32.919908,-117.097112,4561.5,224.4,2.72,153,81,246,,True,-5.1
3234,32.919922,-117.097144,4564.5,224.4,2.8,153,81,246,,True,-5.2
3235,32.91993,-117.097175,4567.6,224.2,2.92,153,81,246,,True,-5.2
3236,32.919936,-117.097197,4570.3,224.0,2.9,153,81,247,,True,-5.6
3237,32.919935,-117.09723,4573.0,223.8,2.86,152,81,247,,True,-1.6
3238,32.919935,-117.097254,4575.2,223.8,2.74,152,81,244,,True,0.0
3239,32.919933,-117.097277,4577.4,223.8,2.58,152,81,239,,True,1.8
3240,32.919921,-117.097307,4579.8,224.0,2.44,152,81,231,,True,3.3
3241,32.919912,-117.097325,4581.9,224.0,2.32,153,81,227,,True,4.0
3242,32.919899,-117.097347,4584.4,224.0,2.28,152,81,225,,True,1.9
3243,32.919873,-117.097375,4587.4,224.2,2.44,152,81,223,,True,1.8
3244,32.919861,-117.097393,4590.1,224.2,2.54,152,80,222,,True,3.5
3245,32.919841,-117.097412,4592.9,224.2,2.62,152,80,228,,True,1.9
3246,32.919815,-117.097428,4595.7,224.4,2.76,152,80,230,,True,3.8
3247,32.9198,-117.097441,4598.2,224.4,2.76,151,80,233,,True,4.9
3248,32.919793,-117.097451,4599.8,224.6,2.48,151,81,233,,True,4.5
3249,32.919792,-117.097461,4600.6,224.6,2.1,150,81,231,,False,1.9
3250,32.919788,-117.097461,4601.0,224.6,1.62,149,80,221,,False,0.0
3251,32.919784,-117.097461,4601.3,224.6,1.12,148,80,220,,False,0.0
3252,32.919779,-117.097464,4601.8,224.6,0.72,148,0,220,,False,0.0
3253,32.919764,-117.097475,4603.3,224.4,0.7,148,0,0,,True,0.0
3254,32.919746,-117.097487,4605.4,224.4,0.96,147,0,0,,True,0.0
3255,32.919722,-117.097498,4608.3,224.4,1.46,146,0,0,,True,3.4
3256,32.919695,-117.097506,4611.0,224.6,1.94,144,0,0,,True,5.5
3257,32.919685,-117.097518,4613.1,224.6,2.26,143,0,0,,True,4.5
3258,32.919672,-117.097529,4615.1,224.8,2.36,143,0,0,,True,1.9
3259,32.919664,-117.097532,4616.4,225.0,2.2,142,0,0,,True,-2.2
3260,32.919659,-117.097533,4617.2,224.8,1.78,142,83,0,,False,-1.7
3261,32.919654,-117.097532,4617.5,224.8,1.3,142,83,199,,False,-1.5
3262,32.919641,-117.097536,4618.7,224.6,1.12,142,83,188,,True,-4.6
3263,32.919624,-117.097541,4620.3,224.4,1.04,142,83,177,,True,-3.3
3264,32.9196,-117.097542,4622.9,224.4,1.3,143,77,170,,True,-1.9
3265,32.919566,-117.09754,4626.2,224.4,1.8,143,77,172,,True,0.0
3266,32.919541,-117.097548,4629.5,224.4,2.4,144,75,207,,True,0.0
3267,32.919514,-117.097557,4632.6,224.4,2.78,145,75,302,,True,0.0
3268,32.919479,-117.097557,4636.2,224.4,3.18,147,83,297,,True,0.0
3269,32.919451,-117.097561,4639.8,224.4,3.38,147,83,306,,True,0.0
3270,32.919417,-117.097563,4643.1,224.4,3.38,147,83,331,,True,0.0
3271,32.919387,-117.097574,4646.6,224.4,3.42,148,82,327,,True,-1.4
3272,32.919356,-117.09758,4650.1,224.4,3.5,148,82,322,,True,-1.4
3273,32.919321,-117.097585,4653.9,224.2,3.54,148,82,316,,True,-1.4
3274,32.919292,-117.097589,4657.5,224.2,3.54,148,83,308,,True,-1.4
3275,32.919254,-117.097595,4661.2,224.2,3.62,149,84,322,,True,0.0
3276,32.919225,-117.097602,4664.7,224.2,3.62,149,84,330,,True,-1.4
3277,32.919193,-117.097604,4668.5,224.2,3.68,150,84,325,,True,-1.4
3278,32.919158,-117.097607,4672.2,224.0,3.66,150,84,328,,True,-1.4
3279,32.91913,-117.097614,4675.7,224.0,3.64,150,84,321,,True,-1.4
3280,32.919095,-117.097616,4679.2,224.0,3.6,151,84,318,,True,0.0
3281,32.919069,-117.097622,4682.4,224.0,3.54,151,84,320,,True,0.0
3282,32.919039,-117.097626,4686.0,224.0,3.5,151,84,316,,True,0.0
3283,32.919006,-117.097629,4689.3,224.0,3.42,152,84,313,,True,0.0
3284,32.918986,-117.097635,4692.4,224.0,3.34,152,83,314,,True,0.0
3285,32.918951,-117.097637,4695.6,224.0,3.28,152,83,312,,True,0.0
3286,32.918927,-117.09764,4698.5,224.0,3.22,153,84,308,,True,0.0
3287,32.918899,-117.097642,4701.6,224.0,3.12,154,84,305,,True,0.0
3288,32.918869,-117.097638,4704.6,224.0,3.06,154,83,302,,True,0.0
3289,32.918843,-117.09764,4707.8,224.0,3.08,154,83,301,,True,0.0
3290,32.918803,-117.097643,4711.8,224.0,3.24,155,83,298,,True,0.0
3291,32.91878,-117.097646,4715.0,224.0,3.3,155,84,298,,True,0.0
3292,32.918749,-117.097651,4718.5,224.0,3.38,156,84,298,,True,0.0
3293,32.91872,-117.09765,4721.5,224.0,3.38,156,84,299,,True,0.0
3294,32.918699,-117.097655,4724.3,224.0,3.3,156,84,299,,True,0.0
3295,32.918669,-117.09766,4727.2,224.0,3.08,157,84,289,,True,0.0
3296,32.918645,-117.097667,4730.0,224.0,3.0,157,84,284,,True,0.0
3297,32.918618,-117.097675,4733.1,224.0,2.92,157,83,284,,True,0.0
3298,32.918593,-117.097678,4735.7,224.0,2.84,157,83,282,,True,0.0
3299,32.91857,-117.097686,4738.7,224.0,2.88,158,83,282,,True,0.0
3300,32.918536,-117.097692,4741.9,224.0,2.94,158,83,279,,True,1.7
3301,32.918518,-117.097699,4744.4,224.0,2.88,158,83,279,,True,1.8
3302,32.918489,-117.097703,4747.5,224.2,2.88,158,84,277,,True,0.0
3303,32.918465,-117.097706,4750.1,224.2,2.88,158,84,276,,True,0.0
3304,32.918441,-117.097714,4753.1,224.0,2.88,158,84,274,,True,-1.8
3305,32.918415,-117.097721,4755.9,224.0,2.8,158,83,274,,True,-3.6
3306,32.918388,-117.097725,4758.8,224.0,2.88,158,82,275,,True,-1.7
3307,32.91837,-117.097729,4761.3,223.8,2.76,158,84,272,,True,-1.8
3308,32.918337,-117.09773,4764.6,223.8,2.9,158,84,271,,True,-1.9
3309,32.918318,-117.097737,4767.2,223.8,2.82,158,84,271,,True,1.9
3310,32.9183,-117.097744,4769.3,223.8,2.68,158,82,273,,True,0.0
3311,32.918273,-117.097754,4771.8,224.0,2.6,159,82,272,,True,0.0
3312,32.918256,-117.097762,4774.2,223.8,2.58,159,82,269,,True,0.0
3313,32.918226,-117.097774,4777.3,223.8,2.54,159,82,268,,True,-1.7
3314,32.9182,-117.097784,4780.3,223.8,2.62,159,82,266,,True,0.0
3315,32.918177,-117.097792,4783.4,223.8,2.82,158,82,266,,True,0.0
3316,32.918149,-117.097803,4786.4,223.8,2.92,158,82,266,,True,0.0
3317,32.918128,-117.097814,4789.2,223.8,3.0,158,83,264,,True,0.0
3318,32.918103,-117.097824,4791.8,223.8,2.9,158,83,264,,True,0.0
3319,32.918081,-117.097837,4794.4,223.8,2.82,158,83,263,,True,-1.7
3320,32.918056,-117.097852,4797.6,223.8,2.84,158,83,262,,True,-1.6
3321,32.918022,-117.097868,4801.1,223.6,2.94,158,83,262,,True,-1.6
3322,32.918002,-117.097879,4804.1,223.6,2.98,158,83,261,,True,-1.6
3323,32.917973,-117.097892,4807.3,223.6,3.1,157,83,262,,True,0.0
3324,32.917949,-117.097906,4810.4,223.6,3.2,157,83,261,,True,0.0
3325,32.917927,-117.097925,4813.5,223.6,3.18,157,83,262,,True,-1.6
3326,32.9179,-117.097943,4816.8,223.6,3.14,157,83,262,,True,-1.7
3327,32.917881,-117.097957,4819.5,223.4,3.08,158,83,263,,True,-1.7
3328,32.917858,-117.097967,4822.4,223.4,3.02,157,83,263,,True,-1.8
3329,32.917829,-117.097979,4825.2,223.4,2.96,157,83,263,,True,0.0
3330,32.91781,-117.09799,4828.0,223.4,2.9,157,83,262,,True,1.7
3331,32.917782,-117.098007,4831.0,223.4,2.84,157,83,262,,True,1.6
3332,32.917756,-117.09802,4834.2,223.6,2.94,157,83,261,,True,1.5
3333,32.917727,-117.098033,4837.7,223.6,3.06,157,83,262,,True,1.6
3334,32.917703,-117.098048,4841.0,223.6,3.16,157,84,262,,True,-1.6
3335,32.917684,-117.098063,4843.8,223.6,3.16,158,84,261,,True,-3.2
3336,32.917652,-117.098081,4847.0,223.4,3.2,157,84,261,,True,-3.3
3337,32.917629,-117.098093,4850.1,223.2,3.18,157,84,261,,True,-1.6
3338,32.9176,-117.098102,4853.1,223.2,3.08,157,84,262,,True,0.0
3339,32.917579,-117.098118,4856.3,223.4,3.06,157,84,262,,True,3.2
3340,32.917553,-117.098128,4859.5,223.4,3.14,157,83,263,,True,4.8
3341,32.917523,-117.09814,4862.5,223.6,3.1,157,83,265,,True,3.1
3342,32.917503,-117.098153,4865.5,223.8,3.08,157,85,265,,True,3.1
3343,32.91747,-117.098168,4869.0,223.8,3.18,158,85,263,,True,0.0
3344,32.917447,-117.098178,4872.2,223.8,3.18,158,85,263,,True,-1.5
3345,32.917416,-117.098187,4875.5,223.6,3.2,158,84,265,,True,-1.5
3346,32.917386,-117.098202,4878.8,223.6,3.26,158,84,266,,True,-1.5
3347,32.917363,-117.098217,4882.4,223.6,3.38,158,84,268,,True,1.5
3348,32.917333,-117.098238,4885.8,223.6,3.36,158,84,269,,True,1.5
3349,32.91731,-117.098256,4888.9,223.8,3.34,158,84,270,,True,1.6
3350,32.917282,-117.098275,4892.2,223.8,3.34,158,85,270,,True,1.6
3351,32.917261,-117.09829,4895.0,223.8,3.24,158,85,271,,True,1.6
3352,32.917235,-117.098307,4898.2,223.8,3.16,158,86,271,,True,1.6
3353,32.917212,-117.09833,4901.3,224.0,3.1,158,86,272,,True,1.5
3354,32.917191,-117.098352,4904.6,224.0,3.14,158,86,272,,True,1.5
3355,32.917167,-117.098379,4908.2,224.0,3.2,159,86,273,,True,0.0
3356,32.917152,-117.098403,4911.4,224.0,3.28,159,85,275,,True,0.0
3357,32.917133,-117.098432,4914.6,224.0,3.28,159,85,276,,True,0.0
3358,32.917117,-117.098457,4917.8,224.0,3.3,159,85,277,,True,-1.5
3359,32.917102,-117.098484,4920.9,224.0,3.26,159,85,278,,True,-1.5
3360,32.917077,-117.098518,4924.7,223.8,3.3,159,85,278,,True,-1.5
3361,32.917066,-117.098543,4927.6,223.8,3.24,160,85,276,,True,-1.5
3362,32.917048,-117.098582,4931.1,223.8,3.3,160,84,279,,True,0.0
3363,32.917039,-117.09861,4934.5,223.8,3.34,160,84,281,,True,1.4
3364,32.917024,-117.098643,4937.9,223.8,3.4,160,84,283,,True,1.6
3365,32.917006,-117.098676,4941.4,224.0,3.34,160,84,284,,True,1.6
3366,32.916997,-117.098696,4943.7,224.0,3.22,160,84,284,,True,1.7
3367,32.916985,-117.098731,4946.8,224.0,3.14,160,84,285,,True,0.0
3368,32.916977,-117.098761,4950.0,224.0,3.1,161,84,288,,True,0.0
3369,32.916967,-117.098785,4952.9,224.0,3.0,161,84,290,,True,0.0
3370,32.916955,-117.098815,4955.5,224.0,2.82,161,84,290,,True,0.0
3371,32.916946,-117.098837,4957.8,224.0,2.82,161,84,288,,True,0.0
3372,32.916936,-117.098864,4960.5,224.0,2.74,161,84,287,,True,0.0
3373,32.916927,-117.098892,4963.3,224.0,2.66,161,83,285,,True,0.0
3374,32.91692,-117.098917,4966.0,224.0,2.62,161,83,283,,True,0.0
3375,32.916913,-117.098951,4969.0,224.0,2.7,160,83,281,,True,-1.6
3376,32.916914,-117.098979,4971.9,224.0,2.82,161,83,280,,True,-1.4
3377,32.916906,-117.099028,4975.9,223.8,3.08,161,83,279,,True,-1.4
3378,32.916904,-117.099063,4979.8,223.8,3.3,161,83,279,,True,-2.7
3379,32.9169,-117.099105,4983.5,223.8,3.5,161,83,280,,True,-1.4
3380,32.916897,-117.099139,4986.8,223.6,3.56,161,84,333,,True,-1.5
3381,32.916895,-117.099176,4990.1,223.6,3.64,162,86,333,,True,-1.4
3382,32.916887,-117.099215,4993.5,223.6,3.52,162,86,307,,True,-1.4
3383,32.916886,-117.09925,4997.3,223.6,3.5,163,86,304,,True,0.0
3384,32.916888,-117.099294,5000.7,223.4,3.44,163,87,297,,True,0.0
3385,32.916892,-117.099321,5003.8,223.6,3.4,165,87,302,,True,0.0
3386,32.916898,-117.099364,5007.5,223.6,3.48,166,87,310,,True,1.6
3387,32.916905,-117.099391,5010.3,223.6,3.36,166,87,305,,True,1.5
3388,32.916912,-117.099424,5013.5,223.6,3.24,167,86,295,,True,0.0
3389,32.91692,-117.099457,5016.8,223.8,3.22,167,85,292,,True,0.0
3390,32.916934,-117.099478,5019.3,223.6,3.1,168,85,295,,True,-1.8
3391,32.916952,-117.099506,5022.2,223.6,2.94,168,85,296,,True,-3.8
3392,32.916963,-117.099527,5024.8,223.4,2.9,168,85,290,,True,-2.0
3393,32.91697,-117.09955,5027.2,223.4,2.74,168,85,289,,True,-1.8
3394,32.916981,-117.099568,5029.3,223.4,2.5,168,85,287,,True,1.8
3395,32.916994,-117.099583,5031.3,223.4,2.4,167,85,281,,True,1.7
3396,32.917004,-117.099606,5033.6,223.4,2.28,168,85,275,,True,3.3
3397,32.917014,-117.099632,5036.2,223.6,2.28,168,83,269,,True,3.9
3398,32.917026,-117.099654,5038.7,223.6,2.3,167,83,267,,True,5.0
3399,32.917041,-117.099682,5041.5,223.8,2.44,167,83,267,,True,3.4
3400,32.917046,-117.099697,5043.5,224.0,2.44,167,83,267,,True,4.0
3401,32.917054,-117.099715,5045.6,224.0,2.4,167,84,265,,True,2.1
3402,32.917063,-117.09974,5047.8,224.0,2.32,167,84,237,,True,0.0
3403,32.917075,-117.099742,5048.8,224.0,2.02,166,84,239,,True,-1.7
3404,32.917098,-117.099762,5051.2,224.0,1.94,166,84,237,,True,-1.5
3405,32.917122,-117.099778,5054.3,223.8,2.16,166,83,228,,True,-1.6
3406,32.917142,-117.099796,5057.4,223.8,2.36,165,83,230,,True,-1.5
3407,32.917173,-117.099819,5061.1,223.8,2.66,165,83,304,,True,1.5
3408,32.917199,-117.099828,5064.4,223.8,3.12,165,83,316,,True,1.4
3409,32.91723,-117.099844,5067.9,224.0,3.34,165,84,333,,True,1.5
3410,32.917259,-117.099858,5071.2,224.0,3.38,165,84,340,,True,1.5
3411,32.91728,-117.099869,5074.3,224.0,3.38,166,83,328,,True,0.0
3412,32.917313,-117.099888,5077.6,224.0,3.3,166,83,320,,True,0.0
3413,32.917333,-117.09989,5080.5,224.0,3.22,166,82,310,,True,1.8
3414,32.917357,-117.099898,5083.0,224.0,3.02,166,82,310,,True,2.0
3415,32.91738,-117.099901,5085.5,224.2,2.86,166,82,306,,True,2.0
3416,32.917394,-117.099907,5087.6,224.2,2.66,166,83,297,,True,2.3
3417,32.91741,-117.09992,5089.1,224.2,2.3,166,83,289,,True,2.0
3418,32.917423,-117.099922,5090.5,224.2,2.0,166,83,279,,True,0.0
3419,32.917432,-117.099919,5091.6,224.2,1.72,166,83,269,,True,-2.2
3420,32.917439,-117.099921,5092.2,224.2,1.34,166,83,260,,False,-2.0
3421,32.917445,-117.099926,5093.2,224.2,1.12,165,83,211,,True,-2.2
3422,32.917449,-117.099933,5093.9,224.2,0.96,165,83,199,,False,-1.7
3423,32.91745,-117.099941,5094.5,224.0,0.8,164,83,193,,False,-1.7
3424,32.917449,-117.09994,5094.7,224.0,0.62,164,0,178,,False,-1.9
3425,32.917449,-117.099943,5094.8,223.8,0.52,164,0,0,,False,-1.7
3426,32.917457,-117.099947,5095.5,224.0,0.46,163,0,0,,False,-1.9
3427,32.917469,-117.099948,5096.9,224.0,0.6,163,0,0,,True,0.0
3428,32.917496,-117.09995,5099.6,224.0,1.02,162,0,0,,True,1.5
3429,32.917517,-117.099952,5102.2,224.0,1.5,162,0,0,,True,0.0
3430,32.917541,-117.099955,5104.7,224.0,1.98,161,0,0,,True,-1.8
3431,32.917566,-117.099961,5107.8,224.0,2.46,161,0,0,,True,-1.7
3432,32.917588,-117.099963,5110.6,223.8,2.74,161,0,0,,True,-3.4
3433,32.917621,-117.099967,5113.7,223.8,2.82,161,83,0,,True,-1.7
3434,32.917645,-117.099967,5116.6,223.6,2.88,161,83,282,,True,0.0
3435,32.917671,-117.099968,5119.6,223.8,2.98,161,83,298,,True,0.0
3436,32.917703,-117.099969,5122.5,223.8,2.94,161,83,309,,True,1.5
3437,32.917732,-117.099962,5126.1,223.8,3.1,162,83,296,,True,-1.5
3438,32.917771,-117.099961,5130.0,223.8,3.26,162,83,294,,True,-1.4
3439,32.917794,-117.099955,5133.1,223.6,3.3,162,84,332,,True,-1.5
3440,32.917826,-117.099949,5136.6,223.6,3.4,162,85,331,,True,-1.5
3441,32.917852,-117.099945,5139.7,223.6,3.44,162,85,343,,True,1.5
3442,32.917882,-117.09994,5143.2,223.6,3.42,163,85,335,,True,3.1
3443,32.917917,-117.099943,5146.7,223.8,3.34,163,84,329,,True,4.7
3444,32.917938,-117.099937,5149.5,224.0,3.28,163,84,330,,True,5.1
3445,32.917965,-117.099937,5152.5,224.2,3.18,163,84,327,,True,3.7
3446,32.917988,-117.099936,5154.9,224.2,3.04,163,84,324,,True,0.0
3447,32.918012,-117.099933,5157.4,224.2,2.84,163,84,317,,True,-1.7
3448,32.918047,-117.099937,5160.9,224.0,2.84,163,83,309,,True,-3.3
3449,32.918068,-117.099926,5164.1,224.0,2.92,164,83,304,,True,-5.0
3450,32.918096,-117.099919,5166.9,223.8,2.88,164,84,304,,True,-1.8
3451,32.918119,-117.099917,5169.5,223.6,2.92,164,84,303,,True,-1.9
3452,32.918138,-117.099911,5171.9,223.8,2.9,164,84,300,,True,0.0
3453,32.918167,-117.099905,5174.5,223.8,2.72,163,84,296,,True,1.9
3454,32.918188,-117.099897,5177.3,223.8,2.64,163,84,293,,True,-1.8
3455,32.918215,-117.099888,5180.1,223.8,2.64,163,84,291,,True,-1.8
3456,32.918238,-117.099886,5182.8,223.6,2.66,164,84,290,,True,0.0
3457,32.918264,-117.09988,5185.6,223.6,2.74,163,84,288,,True,0.0
3458,32.918291,-117.099883,5188.6,223.8,2.82,163,84,286,,True,1.7
3459,32.918311,-117.099878,5191.4,223.8,2.82,163,84,285,,True,1.7
3460,32.918346,-117.099879,5194.6,223.8,2.9,163,84,285,,True,0.0
3461,32.918368,-117.099875,5197.5,223.8,2.94,163,84,286,,True,0.0
3462,32.91839,-117.099872,5199.9,223.8,2.86,162,84,286,,True,0.0
3463,32.918419,-117.099877,5203.0,223.8,2.88,162,84,286,,True,-1.9
3464,32.91844,-117.099877,5205.4,223.8,2.8,162,84,284,,True,0.0
3465,32.918468,-117.099883,5207.8,223.6,2.64,162,84,283,,True,2.0
3466,32.91849,-117.099884,5210.3,223.8,2.56,162,84,283,,True,1.8
3467,32.918514,-117.099881,5213.1,224.0,2.64,162,84,282,,True,6.4
3468,32.91853,-117.099878,5215.1,224.0,2.42,161,84,280,,True,-12.1
3469,32.918547,-117.099875,5216.8,224.0,2.28,162,84,281,,True,-13.4
3470,32.918552,-117.099874,5217.2,224.2,1.88,161,84,279,,False,-15.6
3550,32.918566,-117.099879,5217.2,222.4,0.005,124,0,0,,False,-18.5
3551,32.918585,-117.099891,5219.4,222.2,0.027,124,0,0,,True,-15.3
3552,32.918611,-117.099892,5222.2,222.2,0.061,124,0,0,,True,-3.1
3553,32.918647,-117.099905,5225.9,222.0,0.105,124,79,206,,True,0.0
3554,32.918679,-117.099915,5229.9,222.0,0.151,124,83,280,,True,1.3
3555,32.918713,-117.099925,5234.0,222.2,0.151,125,82,349,,True,4.2
3556,32.918744,-117.099933,5237.3,222.4,3.58,126,82,387,,True,4.3
3557,32.918767,-117.099927,5240.2,222.6,3.6,126,82,392,,True,3.0
3558,32.918799,-117.099927,5243.8,222.6,3.58,126,82,379,,True,1.5
3559,32.918835,-117.09994,5247.5,222.6,3.52,126,82,344,,True,1.4
3560,32.91886,-117.099941,5250.8,222.6,3.36,127,82,342,,True,1.4
3561,32.918897,-117.099948,5254.4,222.8,3.42,128,82,342,,True,0.0
3562,32.918925,-117.099948,5258.0,222.8,3.56,128,79,358,,True,0.0
3563,32.918948,-117.099951,5260.5,222.6,3.34,129,79,363,,True,-1.6
3564,32.918982,-117.099965,5263.9,222.6,3.28,130,80,359,,True,-1.6
3565,32.919005,-117.099965,5267.1,222.6,3.26,131,81,321,,True,1.5
3566,32.919041,-117.099972,5270.3,222.6,3.18,131,83,316,,True,2.9
3567,32.91907,-117.099982,5273.8,222.8,3.16,132,83,316,,True,4.3
3568,32.919101,-117.099988,5277.7,223.0,3.44,133,84,316,,True,4.4
3569,32.919132,-117.100002,5281.1,223.2,3.44,133,84,327,,True,4.7
3570,32.919155,-117.100007,5283.9,223.2,3.36,134,83,340,,True,3.4
3571,32.919183,-117.100017,5286.6,223.4,3.26,135,83,343,,True,1.9
3572,32.919199,-117.100033,5289.3,223.4,3.1,136,83,339,,True,2.0
3573,32.919217,-117.100043,5291.5,223.4,2.76,136,83,331,,True,0.0
3574,32.91924,-117.100054,5294.0,223.4,2.58,136,83,326,,True,0.0
3575,32.919237,-117.100063,5294.9,223.4,2.2,137,83,319,,True,0.0
3576,32.919235,-117.100069,5294.9,223.4,1.66,138,83,311,,False,0.0
3577,32.919232,-117.100072,5294.9,223.4,1.12,139,83,210,,False,0.0
3578,32.919234,-117.100074,5294.9,223.4,0.68,141,0,112,,False,0.0
3579,32.919235,-117.10007,5294.9,223.4,0.18,141,0,0,,False,0.0
3580,32.919235,-117.10007,5294.9,223.4,0.0,141,0,0,,False,-2.2
3581,32.91924,-117.100074,5295.5,223.4,0.12,140,0,0,,False,-4.3
3582,32.919244,-117.100087,5296.5,223.4,0.32,139,0,0,,True,-4.1
3583,32.919244,-117.100103,5298.0,223.4,0.62,139,0,0,,True,-3.7
3584,32.919241,-117.100126,5299.9,223.4,1.0,139,0,0,,True,0.0
3585,32.91924,-117.100143,5301.9,223.4,1.4,138,0,0,,True,0.0
3586,32.919238,-117.100156,5303.1,223.2,1.52,138,0,0,,True,0.0
3587,32.919238,-117.100154,5303.1,223.2,1.32,138,0,0,,False,0.0
3588,32.919241,-117.100149,5303.1,223.0,1.02,138,0,0,,False,1.9
3589,32.919243,-117.100151,5303.4,223.0,0.7,137,0,0,,False,5.5
3590,32.919245,-117.100147,5303.4,222.8,0.3,137,0,0,,False,4.0
3591,32.91925,-117.10014,5303.8,223.0,0.14,137,0,0,,False,0.0
3592,32.919262,-117.100143,5304.7,223.0,0.32,137,0,0,,True,-7.1
3593,32.919271,-117.100147,5305.7,223.4,0.52,136,0,0,,True,-7.1
3594,32.919281,-117.100147,5306.8,223.6,0.68,135,56,11,,True,-2.4
3595,32.919291,-117.100148,5307.9,224.0,0.9,135,56,15,,True,-1.8
3596,32.919301,-117.10015,5309.0,224.0,1.04,135,57,92,,True,0.0
3597,32.919308,-117.10015,5309.9,223.8,1.04,135,0,97,,True,0.0
3598,32.91931,-117.100147,5310.3,223.4,0.92,135,0,0,,False,1.6
3599,32.919311,-117.100145,5310.3,223.2,0.7,135,0,0,,False,1.7
3600,32.919312,-117.100143,5310.3,222.8,0.48,135,0,0,,False,-2.0
3601,32.919313,-117.100138,5310.3,222.8,0.26,136,0,0,,False,-5.1
3602,32.919312,-117.100136,5310.3,222.8,0.08,136,0,0,,False,-8.0
3603,32.919311,-117.100137,5310.3,223.0,0.0,136,0,0,,False,-6.9
3604,32.919311,-117.100145,5310.3,223.2,0.0,136,0,0,,False,-1.8
3605,32.919311,-117.100163,5311.1,223.2,0.16,136,75,0,,False,1.8
3606,32.919305,-117.100188,5312.9,223.2,0.52,136,75,0,,True,0.0
3607,32.919287,-117.100211,5315.8,223.2,1.1,135,75,0,,True,-1.9
3608,32.919266,-117.10023,5318.5,223.0,1.64,136,75,134,,True,-1.7
3609,32.919238,-117.100239,5321.5,223.0,2.24,136,0,0,,True,-1.5
3610,32.919209,-117.100254,5325.0,223.0,2.78,136,0,0,,True,0.0
3611,32.919171,-117.100265,5328.9,223.0,3.2,136,0,0,,True,0.0
3612,32.919131,-117.100279,5333.9,223.0,3.62,136,0,0,,True,0.0
3613,32.919087,-117.100293,5338.8,223.0,4.06,137,0,0,,True,0.0
3614,32.919051,-117.100305,5343.4,223.0,4.38,138,0,0,,True,0.0
3615,32.919007,-117.100317,5348.3,223.0,4.66,139,86,416,,True,0.0
3616,32.918971,-117.100331,5352.9,223.0,4.8,140,87,419,,True,0.0
3617,32.918925,-117.100336,5358.1,223.0,4.84,141,87,425,,True,0.0
3618,32.918891,-117.100348,5362.0,223.0,4.64,142,87,421,,True,0.0
3619,32.918859,-117.100355,5366.1,223.0,4.54,144,87,398,,True,0.0
3620,32.918826,-117.100364,5369.7,223.0,4.28,145,88,376,,True,0.0
3621,32.918801,-117.100372,5373.0,223.0,4.02,146,87,365,,True,0.0
3622,32.918765,-117.100383,5376.6,223.0,3.7,147,87,343,,True,0.0
3623,32.91874,-117.100399,5379.9,223.0,3.58,148,87,319,,True,0.0
3624,32.918709,-117.10041,5383.3,223.0,3.44,150,87,319,,True,-1.5
3625,32.918686,-117.100429,5386.5,223.0,3.36,151,87,309,,True,0.0
3626,32.918657,-117.10044,5389.9,222.8,3.38,152,87,307,,True,0.0
3627,32.918626,-117.100451,5393.3,223.0,3.34,153,87,302,,True,0.0
3628,32.918604,-117.100464,5396.4,223.0,3.3,155,86,302,,True,1.6
3629,32.918573,-117.100483,5399.6,223.0,3.26,156,85,300,,True,1.5
3630,32.918554,-117.100505,5402.6,223.0,3.22,156,85,298,,True,0.0
3631,32.918524,-117.100535,5406.4,223.2,3.3,157,85,298,,True,0.0
3632,32.918501,-117.100558,5409.9,223.0,3.32,158,85,297,,True,0.0
3633,32.918484,-117.100576,5412.7,223.0,3.26,158,85,296,,True,-1.6
3634,32.918457,-117.1006,5415.9,223.0,3.26,159,85,296,,True,-1.7
3635,32.918442,-117.100622,5418.6,223.0,3.2,160,85,292,,True,-1.7
3636,32.918427,-117.100658,5421.6,222.8,3.04,160,85,291,,True,0.0
3637,32.91842,-117.100684,5424.3,222.8,2.88,161,85,290,,True,0.0
3638,32.918412,-117.100716,5427.4,223.0,2.94,161,85,290,,True,0.0
3639,32.918401,-117.100749,5430.6,223.0,2.94,162,85,285,,True,1.7
3640,32.9184,-117.100776,5433.2,222.8,2.92,162,85,286,,True,-1.8
3641,32.91841,-117.100811,5436.1,223.0,2.9,163,85,290,,True,-3.4
3642,32.918421,-117.100833,5438.7,222.8,2.88,163,85,282,,True,-3.1
3643,32.918446,-117.100871,5442.4,222.6,3.0,163,85,283,,True,-4.0
3644,32.918468,-117.100897,5446.2,222.4,3.12,163,84,289,,True,-1.2
3645,32.918499,-117.100941,5451.0,222.4,3.56,164,85,303,,True,1.2
3646,32.918524,-117.100974,5455.4,222.6,3.86,164,85,358,,True,4.9
3647,32.918546,-117.101,5459.0,222.8,4.06,165,85,404,,True,7.0
3648,32.918569,-117.10102,5462.4,223.2,4.0,165,85,409,,True,7.9
3649,32.918592,-117.101034,5465.2,223.4,3.8,166,85,351,,True,6.5
3650,32.918612,-117.101051,5468.1,223.6,3.42,167,85,330,,True,3.5
3651,32.918639,-117.101078,5471.4,223.6,3.2,167,90,311,,True,0.0
3652,32.918655,-117.101089,5473.7,223.6,2.94,167,90,314,,True,0.0
3653,32.918671,-117.101119,5476.4,223.4,2.8,167,83,314,,True,1.9
3654,32.918667,-117.10115,5479.0,223.6,2.76,167,83,301,,True,3.4
3655,32.918662,-117.101183,5481.9,223.8,2.76,167,83,293,,True,4.8
3656,32.918633,-117.101213,5485.5,224.0,2.82,167,84,289,,True,4.4
3657,32.918612,-117.101231,5488.8,224.0,3.02,167,84,290,,True,3.0
3658,32.918583,-117.101245,5492.5,224.2,3.22,168,84,315,,True,1.5
3659,32.91856,-117.101247,5495.2,224.2,3.24,168,84,320,,True,0.0
3660,32.918531,-117.10125,5498.5,224.2,3.32,169,84,315,,True,-1.5
3661,32.918495,-117.101249,5502.2,224.0,3.34,169,84,307,,True,-2.7
3662,32.918465,-117.101253,5506.0,224.0,3.44,170,84,297,,True,-2.7
3663,32.918424,-117.10126,5510.1,223.8,3.52,170,85,303,,True,-1.3
3664,32.918398,-117.101267,5513.5,223.8,3.66,171,85,312,,True,-2.6
3665,32.918361,-117.101266,5517.6,223.8,3.82,171,85,325,,True,-1.4
3666,32.918329,-117.101263,5521.2,223.6,3.8,172,85,326,,True,-1.4
3667,32.918302,-117.101266,5524.5,223.6,3.7,172,85,324,,True,-1.5
3668,32.918268,-117.101267,5527.9,223.6,3.56,173,86,317,,True,-1.5
3669,32.918241,-117.101275,5531.1,223.6,3.52,173,86,308,,True,-1.4
3670,32.918203,-117.10128,5534.8,223.4,3.44,173,86,306,,True,-1.4
3671,32.918171,-117.101289,5538.6,223.4,3.48,174,85,306,,True,-1.3
3672,32.918137,-117.101295,5542.5,223.4,3.6,174,85,306,,True,0.0
3673,32.918102,-117.1013,5546.4,223.4,3.7,174,85,307,,True,-1.4
3674,32.918075,-117.101311,5550.2,223.4,3.82,173,85,309,,True,-1.4
3675,32.918041,-117.101317,5553.4,223.2,3.72,173,85,309,,True,-1.4
3676,32.918017,-117.10133,5556.7,223.2,3.62,173,86,305,,True,0.0
3677,32.917984,-117.101334,5560.2,223.2,3.54,173,86,304,,True,1.5
3678,32.917953,-117.10134,5563.5,223.4,3.42,174,86,302,,True,1.6
3679,32.917922,-117.101345,5566.6,223.4,3.28,174,86,299,,True,1.6
3680,32.917905,-117.101352,5569.5,223.4,3.22,173,86,299,,True,0.0
3681,32.917874,-117.10136,5572.5,223.4,3.16,173,86,298,,True,0.0
3682,32.917853,-117.101375,5575.3,223.4,3.02,173,87,295,,True,0.0
3683,32.917824,-117.101389,5578.7,223.4,3.04,172,86,293,,True,0.0
3684,32.917799,-117.101398,5581.7,223.4,3.02,172,86,293,,True,0.0
3685,32.917774,-117.101408,5584.8,223.4,3.06,170,86,294,,True,0.0
3686,32.91774,-117.101417,5588.1,223.4,3.12,170,86,292,,True,0.0
3687,32.91772,-117.10143,5590.9,223.4,3.12,169,85,294,,True,0.0
3688,32.917687,-117.101444,5594.4,223.4,3.14,169,85,293,,True,0.0
3689,32.917663,-117.101456,5597.6,223.4,3.18,169,85,293,,True,0.0
3690,32.917642,-117.10147,5600.6,223.4,3.16,169,85,293,,True,0.0
3691,32.917611,-117.101486,5603.9,223.4,3.16,170,85,293,,True,0.0
3692,32.91759,-117.101498,5606.8,223.4,3.18,169,84,291,,True,0.0
3693,32.91756,-117.101515,5610.1,223.4,3.14,169,84,292,,True,0.0
3694,32.917538,-117.101526,5613.0,223.4,3.08,170,84,291,,True,-1.6
3695,32.91751,-117.101537,5616.0,223.4,3.08,170,85,290,,True,-1.7
3696,32.917483,-117.101552,5619.1,223.2,3.04,170,85,288,,True,-1.6
3697,32.917462,-117.101567,5622.1,223.2,3.06,169,85,286,,True,-1.6
3698,32.917435,-117.101586,5625.5,223.2,3.08,170,84,286,,True,0.0
3699,32.917418,-117.101605,5628.3,223.2,3.06,170,84,286,,True,0.0
3700,32.917393,-117.101618,5631.3,223.2,3.06,169,84,286,,True,0.0
3701,32.917364,-117.101632,5634.6,223.2,3.1,170,84,284,,True,0.0
3702,32.917347,-117.101651,5637.5,223.2,3.08,172,84,284,,True,0.0
3703,32.917321,-117.101679,5640.9,223.2,3.08,174,83,284,,True,0.0
3704,32.917305,-117.101694,5643.4,223.2,3.02,175,83,284,,True,0.0
3705,32.917284,-117.101703,5646.0,223.2,2.94,175,83,282,,True,0.0
3706,32.917255,-117.101721,5649.1,223.2,2.9,175,83,281,,True,-1.6
3707,32.917236,-117.101743,5652.2,223.2,2.94,175,83,279,,True,-1.6
3708,32.917207,-117.101767,5655.9,223.0,3.0,175,84,276,,True,-1.6
3709,32.917186,-117.101781,5658.8,223.0,3.08,176,84,276,,True,-1.6
3710,32.917164,-117.101796,5661.7,223.0,3.14,175,84,277,,True,0.0
3711,32.917138,-117.101815,5664.7,223.0,3.12,175,83,277,,True,0.0
3712,32.917121,-117.101834,5667.9,223.0,3.14,176,83,277,,True,0.0
3713,32.917093,-117.101862,5671.4,223.0,3.1,175,83,277,,True,0.0
3714,32.917079,-117.101884,5674.1,223.0,3.06,175,84,276,,True,0.0
3715,32.917057,-117.101906,5677.3,223.0,3.12,175,84,277,,True,1.7
3716,32.917039,-117.10193,5680.2,223.0,3.1,176,84,277,,True,1.7
3717,32.917023,-117.101949,5683.2,223.2,3.06,175,84,277,,True,3.6
3718,32.917004,-117.101974,5686.0,223.2,2.92,175,84,276,,True,3.4
3719,32.916994,-117.101996,5688.5,223.4,2.88,175,86,276,,True,1.7
3720,32.916971,-117.102025,5691.8,223.4,2.9,175,86,274,,True,1.6
3721,32.916952,-117.102048,5694.9,223.4,2.94,175,86,272,,True,0.0
3722,32.916928,-117.102071,5698.3,223.4,3.02,175,85,274,,True,0.0
3723,32.916904,-117.102099,5701.9,223.4,3.18,175,84,275,,True,0.0
3724,32.916884,-117.102124,5705.2,223.4,3.34,175,84,275,,True,0.0
3725,32.91686,-117.102154,5709.0,223.4,3.44,175,84,276,,True,0.0
3726,32.916835,-117.102186,5712.8,223.4,3.58,175,86,274,,True,0.0
3727,32.916809,-117.102217,5716.8,223.4,3.7,175,87,274,,True,0.0
3728,32.916786,-117.102241,5720.5,223.4,3.72,175,87,318,,True,1.6
3729,32.916771,-117.102263,5723.5,223.4,3.66,175,88,316,,True,1.8
3730,32.916759,-117.102277,5725.5,223.6,3.3,174,88,310,,True,4.0
3731,32.916742,-117.102305,5728.1,223.6,3.06,175,0,81,,True,3.9
3732,32.91673,-117.102327,5730.5,223.8,2.74,175,0,81,,True,1.8
3733,32.916711,-117.102362,5733.8,223.8,2.66,174,90,82,,True,1.7
3734,32.9167,-117.102389,5736.9,223.8,2.68,174,90,246,,True,0.0
3735,32.916692,-117.102418,5739.8,223.8,2.86,174,84,273,,True,0.0
3736,32.916689,-117.102453,5742.8,223.8,2.94,174,84,293,,True,1.8
3737,32.916696,-117.102476,5745.4,223.8,2.98,174,84,286,,True,1.8
3738,32.916704,-117.102512,5748.1,224.0,2.86,174,84,289,,True,1.9
3739,32.916709,-117.102535,5750.7,224.0,2.76,174,84,278,,True,1.9
3740,32.916721,-117.102564,5753.5,224.0,2.74,174,84,284,,True,-1.9
3741,32.916742,-117.102585,5756.2,224.0,2.68,173,84,285,,True,-3.5
3742,32.916761,-117.102596,5758.8,223.8,2.68,173,84,288,,True,-3.6
3743,32.916796,-117.10261,5762.0,223.6,2.78,173,84,292,,True,-3.4
3744,32.916817,-117.102612,5764.7,223.6,2.8,173,84,294,,True,-1.7
3745,32.916845,-117.102619,5767.9,223.6,2.88,173,84,300,,True,0.0
3746,32.916871,-117.102623,5770.7,223.6,2.9,172,84,300,,True,0.0
3747,32.916892,-117.102621,5773.4,223.6,2.92,172,83,299,,True,0.0
3748,32.916925,-117.102628,5776.4,223.6,2.88,172,83,299,,True,1.7
3749,32.916946,-117.102624,5779.3,223.6,2.92,172,83,297,,True,1.7
3750,32.916975,-117.102628,5782.5,223.8,2.92,172,83,299,,True,1.8
3751,32.917,-117.102629,5785.0,223.8,2.86,172,84,297,,True,1.8
3752,32.91702,-117.102627,5787.5,223.8,2.82,172,84,295,,True,0.0
3753,32.917051,-117.102634,5790.5,223.8,2.82,172,84,292,,True,0.0
3754,32.917068,-117.102631,5792.7,223.8,2.68,172,83,291,,True,0.0
3755,32.917096,-117.102633,5795.8,223.8,2.66,172,83,290,,True,0.0
3756,32.917122,-117.102636,5798.5,223.8,2.7,172,83,289,,True,1.7
3757,32.917142,-117.102633,5801.0,223.8,2.7,172,83,287,,True,1.7
3758,32.917177,-117.102635,5804.3,224.0,2.76,172,83,287,,True,1.8
3759,32.917198,-117.102631,5807.3,224.0,2.92,172,83,287,,True,1.7
3760,32.917222,-117.102631,5809.9,224.0,2.82,172,83,289,,True,-1.7
3761,32.917248,-117.102637,5812.8,224.0,2.86,172,82,290,,True,-1.7
3762,32.917276,-117.102633,5815.8,223.8,2.96,171,84,288,,True,-3.3
3763,32.917305,-117.102641,5818.8,223.8,2.9,171,85,284,,True,-4.5
3764,32.917333,-117.102641,5821.9,223.6,2.92,171,85,282,,True,-1.5
3765,32.91737,-117.10264,5826.0,223.4,3.22,171,85,281,,True,0.0
3766,32.917393,-117.10264,5828.8,223.6,3.2,172,85,284,,True,3.1
3767,32.917421,-117.102638,5831.8,223.8,3.2,171,86,285,,True,7.0
3768,32.917446,-117.102646,5834.6,224.0,3.16,172,86,286,,True,6.8
3769,32.917471,-117.102642,5837.5,224.2,3.12,172,86,284,,True,5.2
3770,32.917502,-117.102646,5840.6,224.4,2.92,172,84,284,,True,5.0
3771,32.917523,-117.102642,5843.4,224.4,2.92,172,84,288,,True,3.3
3772,32.917551,-117.102651,5846.6,224.6,2.96,172,84,293,,True,1.7
3773,32.917577,-117.102666,5849.7,224.6,3.02,172,85,295,,True,1.6
3774,32.917597,-117.102669,5852.3,224.6,2.96,171,85,296,,True,0.0
3775,32.91763,-117.102683,5855.7,224.6,3.02,171,85,300,,True,0.0
3776,32.91765,-117.102686,5858.2,224.6,2.96,171,85,302,,True,0.0
3777,32.917671,-117.102691,5860.5,224.6,2.78,171,84,304,,True,0.0
3778,32.917697,-117.102703,5863.4,224.6,2.74,171,83,305,,True,0.0
3779,32.917719,-117.102707,5866.1,224.6,2.76,170,83,300,,True,0.0
3780,32.917749,-117.102714,5869.0,224.6,2.66,170,83,300,,True,-1.8
3781,32.917769,-117.102715,5871.6,224.6,2.68,171,83,297,,True,-3.5
3782,32.917794,-117.102716,5874.5,224.4,2.8,171,82,296,,True,-5.3
3783,32.917825,-117.102726,5877.5,224.2,2.82,171,82,297,,True,-5.3
3784,32.917845,-117.102724,5880.3,224.0,2.84,171,82,293,,True,-3.7
3785,32.917869,-117.10273,5882.9,224.0,2.78,171,82,290,,True,-3.9
3786,32.91789,-117.102735,5885.2,224.0,2.72,171,82,288,,True,-1.9
3787,32.917914,-117.102732,5887.8,223.8,2.66,172,82,284,,True,-1.9
3788,32.917944,-117.102743,5890.9,223.8,2.68,171,82,282,,True,-1.7
3789,32.917967,-117.102743,5893.7,223.8,2.68,171,82,281,,True,0.0
3790,32.917995,-117.102749,5896.9,223.8,2.8,171,82,280,,True,-1.7
3791,32.918022,-117.102758,5900.1,223.8,2.98,171,82,281,,True,-3.3
3792,32.918046,-117.102754,5902.9,223.6,3.02,170,82,279,,True,-5.1
3793,32.918075,-117.102759,5906.0,223.4,3.02,170,83,277,,True,-5.2
3794,32.918098,-117.102764,5908.7,223.2,3.0,170,83,278,,True,-3.5
3795,32.918121,-117.102765,5911.6,223.2,2.94,169,83,278,,True,0.0
3796,32.91815,-117.102768,5914.4,223.2,2.86,169,82,280,,True,3.8
3797,32.918171,-117.102768,5917.0,223.4,2.82,169,83,280,,True,5.6
3798,32.918196,-117.102769,5919.3,223.6,2.66,168,83,279,,True,7.5
3799,32.918225,-117.102776,5922.4,223.8,2.74,168,83,280,,True,5.3
3800,32.918249,-117.102777,5925.1,224.0,2.7,168,83,279,,True,1.7
3801,32.918282,-117.102781,5928.3,224.0,2.78,168,83,279,,True,-1.6
3802,32.918306,-117.102781,5931.4,223.8,2.88,168,83,279,,True,-3.2
3803,32.918335,-117.102783,5934.6,223.6,3.06,167,83,279,,True,-5.0
3804,32.918362,-117.102785,5937.5,223.6,3.02,167,83,279,,True,-3.4
3805,32.918386,-117.102781,5940.4,223.4,3.06,167,83,277,,True,-1.7
3806,32.918418,-117.102786,5943.3,223.4,3.0,167,83,276,,True,-1.7
3807,32.918442,-117.102786,5946.5,223.4,3.02,167,83,276,,True,-1.6
3808,32.918469,-117.102786,5949.6,223.4,3.0,167,84,273,,True,-3.4
3809,32.918497,-117.102792,5952.7,223.2,3.04,167,84,274,,True,-3.7
3810,32.918516,-117.10279,5955.2,223.0,2.96,166,84,273,,True,-3.9
3811,32.91854,-117.102797,5957.4,223.0,2.82,166,84,274,,True,0.0
3812,32.918559,-117.102798,5959.8,223.0,2.66,166,84,273,,True,3.1
3813,32.91858,-117.102801,5962.1,223.0,2.5,166,84,272,,True,3.8
3814,32.91861,-117.102811,5965.1,223.2,2.48,166,83,273,,True,3.7
3815,32.918633,-117.10281,5967.9,223.4,2.54,166,83,272,,True,3.5
3816,32.918658,-117.102815,5970.5,223.4,2.62,166,82,273,,True,0.0
3817,32.918685,-117.102825,5973.6,223.4,2.76,166,82,273,,True,-3.4
3818,32.918705,-117.102828,5976.5,223.2,2.88,165,82,272,,True,-3.4
3819,32.918734,-117.102839,5979.6,223.0,2.9,166,82,272,,True,-5.3
3820,32.918752,-117.102847,5982.1,223.0,2.84,165,82,273,,True,-3.6
3821,32.918773,-117.102857,5984.9,222.8,2.88,165,82,273,,True,0.0
3822,32.918801,-117.102872,5987.6,222.8,2.8,165,82,271,,True,-1.9
3823,32.918821,-117.102877,5990.1,223.0,2.72,165,82,271,,True,1.9
3824,32.918845,-117.102885,5992.5,222.8,2.58,165,82,272,,True,1.9
3825,32.918866,-117.102897,5995.3,223.0,2.64,165,82,272,,True,0.0
3826,32.918889,-117.102911,5998.4,223.0,2.7,165,82,272,,True,1.7
3827,32.91892,-117.102925,6001.5,223.0,2.78,164,82,271,,True,0.0
3828,32.918937,-117.102933,6004.0,223.0,2.78,164,82,271,,True,-1.7
3829,32.918963,-117.102946,6006.9,223.0,2.88,164,83,271,,True,-1.8
3830,32.918988,-117.102959,6009.9,222.8,2.92,164,83,270,,True,-1.8
3831,32.919008,-117.102967,6012.5,222.8,2.82,164,83,270,,True,-1.9
3832,32.919036,-117.102983,6015.4,222.8,2.78,164,83,271,,True,1.9
3833,32.919053,-117.10299,6017.7,222.8,2.74,163,83,271,,True,2.0
3834,32.919076,-117.102995,6020.3,223.0,2.68,163,83,272,,True,3.1
3835,32.919099,-117.103004,6022.7,223.0,2.56,163,83,273,,True,3.8
3836,32.919121,-117.103005,6025.3,223.2,2.56,163,83,273,,True,2.0
3837,32.919149,-117.103011,6028.3,223.2,2.58,163,83,272,,True,1.6
3838,32.919165,-117.103017,6030.4,223.2,2.54,163,83,273,,True,1.6
3839,32.919185,-117.103018,6032.6,223.2,2.46,163,83,274,,True,1.7
3840,32.919213,-117.103029,6035.2,223.2,2.5,163,83,273,,True,1.6
3841,32.919231,-117.10303,6037.7,223.4,2.48,163,83,273,,True,1.9
3842,32.919257,-117.103037,6040.2,223.4,2.38,163,83,272,,True,1.9
3843,32.919283,-117.10305,6043.0,223.4,2.52,163,83,273,,True,-1.8
3844,32.919306,-117.103054,6045.7,223.4,2.62,162,83,272,,True,0.0
3845,32.919324,-117.103073,6048.6,223.2,2.68,162,82,273,,True,0.0
3846,32.919335,-117.103086,6050.5,223.4,2.56,163,82,274,,True,0.0
3847,32.919349,-117.103089,6052.0,223.4,2.36,163,82,275,,True,1.7
3848,32.919365,-117.103089,6053.5,223.4,2.1,163,81,273,,True,3.4
3849,32.919379,-117.103109,6055.6,223.4,1.98,162,80,274,,True,1.6
3850,32.919387,-117.103128,6057.5,223.6,1.78,162,80,274,,True,1.5
3851,32.919386,-117.103167,6060.3,223.6,1.96,162,79,259,,True,1.8
3852,32.919382,-117.103196,6063.1,223.6,2.22,162,79,253,,True,0.0
3853,32.91936,-117.10323,6066.5,223.6,2.6,163,77,250,,True,0.0
3854,32.919328,-117.10325,6070.4,223.6,2.96,162,77,252,,True,0.0
3855,32.919295,-117.103269,6075.0,223.6,3.5,162,83,260,,True,0.0
3856,32.919258,-117.103279,6079.1,223.6,3.76,162,87,274,,True,0.0
3857,32.919231,-117.103288,6083.2,223.6,4.02,162,87,282,,True,0.0
3858,32.919191,-117.103294,6087.2,223.6,4.14,162,87,303,,True,0.0
3859,32.919168,-117.103295,6090.5,223.6,4.02,163,86,313,,True,0.0
3860,32.919139,-117.103294,6093.8,223.6,3.76,163,86,309,,True,0.0
3861,32.91911,-117.103297,6097.0,223.6,3.58,164,85,280,,True,1.7
3862,32.919091,-117.103303,6099.3,223.6,3.22,164,85,269,,True,1.8
3863,32.919061,-117.103302,6102.4,223.8,3.04,164,84,266,,True,1.8
3864,32.919037,-117.103304,6105.1,223.8,2.92,164,84,261,,True,1.7
3865,32.919012,-117.103308,6108.2,223.8,2.88,164,84,256,,True,0.0
3866,32.91898,-117.103306,6111.2,223.8,2.84,165,84,260,,True,0.0
3867,32.918952,-117.103313,6114.5,223.8,3.04,164,83,262,,True,0.0
3868,32.918919,-117.103314,6118.4,223.8,3.2,164,83,265,,True,-1.5
3869,32.91889,-117.103311,6121.6,223.8,3.3,164,83,276,,True,-1.5
3870,32.918863,-117.103316,6124.9,223.6,3.34,165,83,282,,True,-1.6
3871,32.918833,-117.103319,6127.8,223.6,3.32,164,83,280,,True,-3.3
3872,32.918812,-117.103331,6130.9,223.6,3.28,165,85,276,,True,-1.8
3873,32.918785,-117.103336,6133.7,223.4,3.06,165,85,265,,True,-1.8
3874,32.918761,-117.103337,6136.2,223.4,2.92,164,85,263,,True,0.0
3875,32.918741,-117.103342,6138.9,223.4,2.8,164,85,261,,True,0.0
3876,32.91871,-117.103346,6141.7,223.6,2.78,164,84,258,,True,0.0
3877,32.918688,-117.10335,6144.5,223.4,2.72,164,84,255,,True,0.0
3878,32.918656,-117.103358,6147.6,223.4,2.78,164,84,254,,True,-1.7
3879,32.918629,-117.103362,6150.6,223.4,2.88,163,84,254,,True,-1.7
3880,32.91861,-117.103371,6153.3,223.4,2.88,163,83,255,,True,-1.8
3881,32.918579,-117.103381,6156.2,223.2,2.9,163,83,254,,True,-1.9
3882,32.918561,-117.103392,6158.8,223.2,2.86,163,83,252,,True,-3.6
3883,32.91854,-117.103402,6161.2,223.2,2.72,163,84,251,,True,-1.9
3884,32.91851,-117.103415,6164.3,223.0,2.74,163,84,245,,True,-1.8
3885,32.918496,-117.10343,6166.8,223.0,2.7,163,84,245,,True,0.0
3886,32.918468,-117.10345,6169.9,223.0,2.74,163,84,243,,True,1.8
3887,32.918446,-117.103472,6172.9,223.2,2.82,163,82,246,,True,1.6
3888,32.918428,-117.103491,6175.7,223.2,2.9,163,81,248,,True,1.6
3889,32.918401,-117.10352,6179.2,223.2,2.98,162,81,249,,True,0.0
3890,32.918389,-117.10354,6182.2,223.2,3.08,162,81,252,,True,0.0
3891,32.918363,-117.103565,6185.4,223.2,3.1,162,82,255,,True,1.5
3892,32.918337,-117.103584,6189.0,223.2,3.22,163,83,256,,True,1.4
3893,32.91831,-117.103599,6192.5,223.4,3.36,162,83,258,,True,1.3
3894,32.918269,-117.103613,6196.9,223.4,3.54,162,83,262,,True,1.4
3895,32.918248,-117.103631,6200.3,223.4,3.62,163,83,264,,True,1.4
3896,32.918217,-117.10364,6203.7,223.4,3.66,162,83,264,,True,1.6
3897,32.918189,-117.103646,6206.8,223.6,3.56,162,83,267,,True,1.6
3898,32.918166,-117.103652,6209.7,223.6,3.44,163,83,268,,True,3.3
3899,32.918132,-117.103656,6213.0,223.6,3.22,162,83,267,,True,1.6
3900,32.918109,-117.103662,6216.0,223.8,3.14,162,83,268,,True,1.6
3901,32.918076,-117.103666,6219.7,223.8,3.2,163,83,267,,True,0.0
3902,32.91805,-117.103671,6222.5,223.8,3.14,162,83,271,,True,-1.6
3903,32.918027,-117.103678,6225.5,223.6,3.16,163,83,273,,True,-1.6
3904,32.917994,-117.103683,6228.6,223.6,3.12,163,84,273,,True,-1.5
3905,32.917972,-117.1037,6232.0,223.6,3.2,163,84,271,,True,-1.4
3906,32.917934,-117.103713,6236.0,223.6,3.26,163,84,270,,True,-1.3
3907,32.917898,-117.10373,6240.3,223.4,3.56,163,84,275,,True,-1.3
3908,32.91787,-117.103741,6243.9,223.4,3.68,163,84,299,,True,-2.6
3909,32.917832,-117.103755,6247.8,223.4,3.84,163,84,319,,True,-1.4
3910,32.917808,-117.10377,6251.2,223.2,3.84,164,84,319,,True,0.0
3911,32.917773,-117.103793,6254.6,223.2,3.72,164,84,317,,True,-1.4
3912,32.917748,-117.103809,6258.4,223.4,3.62,165,86,297,,True,0.0
3913,32.917717,-117.103823,6262.0,223.2,3.62,165,86,292,,True,0.0
3914,32.917687,-117.103834,6265.2,223.2,3.48,165,86,301,,True,-1.5
3915,32.917667,-117.103845,6268.0,223.2,3.36,165,86,301,,True,0.0
3916,32.917634,-117.103862,6271.6,223.2,3.4,166,85,290,,True,0.0
3917,32.917618,-117.103877,6274.3,223.2,3.18,166,85,286,,True,1.7
3918,32.917595,-117.103888,6276.9,223.2,2.98,166,85,280,,True,1.8
3919,32.917564,-117.103907,6280.1,223.4,2.98,166,84,282,,True,1.7
3920,32.917546,-117.103919,6282.7,223.4,2.94,166,83,279,,True,3.3
3921,32.917512,-117.103931,6286.1,223.4,2.9,166,83,275,,True,1.9
3922,32.917491,-117.103942,6288.9,223.6,2.92,166,83,276,,True,1.8
3923,32.91748,-117.103947,6290.5,223.6,2.72,166,84,273,,True,2.0
3924,32.917471,-117.103954,6291.9,223.6,2.36,166,84,272,,True,0.0
3925,32.917449,-117.103969,6294.0,223.6,2.26,166,84,272,,True,0.0
3926,32.917435,-117.103984,6296.2,223.6,2.02,166,82,275,,True,0.0
3927,32.917414,-117.104002,6299.0,223.6,2.02,166,81,271,,True,0.0
3928,32.917386,-117.104024,6302.5,223.6,2.4,166,81,267,,True,0.0
3929,32.917367,-117.104041,6305.3,223.6,2.68,166,81,267,,True,1.6
3930,32.917334,-117.104063,6308.9,223.6,2.98,167,81,268,,True,1.6
3931,32.917315,-117.104077,6311.9,223.8,3.14,167,84,268,,True,1.6
3932,32.917289,-117.104097,6315.4,223.8,3.28,167,84,275,,True,1.7
3933,32.91727,-117.104118,6318.2,223.8,3.14,167,84,280,,True,0.0
3934,32.917252,-117.104136,6320.8,223.8,3.1,168,84,275,,True,-3.3
3935,32.917239,-117.104149,6323.0,223.8,2.82,168,84,273,,True,-3.3
3936,32.917221,-117.104162,6325.1,223.6,2.64,168,83,263,,True,-3.3
3937,32.917204,-117.104177,6327.7,223.4,2.46,168,83,249,,True,-4.0
3938,32.917179,-117.104187,6330.4,223.4,2.44,168,82,241,,True,-1.9
3939,32.917164,-117.104207,6333.0,223.4,2.44,168,82,242,,True,0.0
3940,32.917143,-117.104223,6335.6,223.4,2.52,168,82,243,,True,0.0
3941,32.917119,-117.104243,6338.6,223.4,2.7,167,82,243,,True,-1.7
3942,32.917101,-117.104266,6341.8,223.4,2.82,168,82,243,,True,-1.7
3943,32.917075,-117.104287,6345.1,223.2,2.94,168,82,250,,True,-3.6
3944,32.917059,-117.104297,6347.5,223.2,2.9,167,82,257,,True,-3.6
3945,32.917041,-117.104311,6349.8,223.0,2.84,168,82,257,,True,-3.7
3946,32.917011,-117.104329,6352.8,223.0,2.84,167,81,253,,True,-3.4
3947,32.916995,-117.10435,6355.8,222.8,2.8,167,82,246,,True,-1.5
3948,32.916968,-117.104374,6359.3,222.8,2.84,167,82,244,,True,-1.5
3949,32.916946,-117.104397,6362.9,222.8,3.08,167,82,246,,True,0.0
3950,32.916922,-117.104412,6365.9,222.8,3.22,167,83,261,,True,0.0
3951,32.916896,-117.104431,6369.2,222.8,3.28,167,84,267,,True,0.0
3952,32.916876,-117.104451,6372.1,222.8,3.26,167,84,272,,True,0.0
3953,32.91685,-117.104474,6375.3,222.8,3.2,167,84,268,,True,1.7
3954,32.916832,-117.104492,6378.4,222.8,3.1,167,85,263,,True,1.7
3955,32.916811,-117.104509,6381.3,223.0,3.08,167,84,261,,True,1.8
3956,32.916788,-117.104526,6383.9,223.0,2.94,167,84,262,,True,1.8
3957,32.91677,-117.104543,6386.5,223.0,2.88,167,84,260,,True,0.0
3958,32.916744,-117.104561,6389.6,223.0,2.86,167,84,258,,True,0.0
3959,32.916726,-117.104582,6392.6,223.0,2.84,167,85,256,,True,0.0
3960,32.9167,-117.104601,6395.9,223.0,2.92,167,85,256,,True,0.0
3961,32.916674,-117.104618,6399.2,223.0,3.06,167,85,257,,True,1.6
3962,32.916654,-117.104633,6402.1,223.0,3.12,167,84,260,,True,0.0
3963,32.916626,-117.104651,6405.4,223.2,3.16,167,84,263,,True,1.7
3964,32.916609,-117.104671,6408.3,223.0,3.14,167,84,263,,True,1.8
3965,32.916584,-117.104689,6411.0,223.2,3.02,167,85,262,,True,1.9
3966,32.916571,-117.104698,6413.1,223.2,2.78,167,85,262,,True,3.9
3967,32.916553,-117.104716,6415.7,223.4,2.72,167,85,262,,True,2.0
3968,32.916526,-117.104728,6418.6,223.4,2.64,167,85,260,,True,3.7
3969,32.916509,-117.104738,6421.1,223.4,2.56,166,84,261,,True,0.0
3970,32.916486,-117.104753,6423.8,223.6,2.56,167,84,262,,True,0.0
3971,32.916461,-117.104769,6426.8,223.4,2.74,167,84,261,,True,-1.8
3972,32.916447,-117.104785,6429.3,223.4,2.72,167,84,260,,True,-3.6
3973,32.916421,-117.1048,6432.4,223.2,2.76,166,84,260,,True,-1.9
3974,32.916403,-117.104812,6434.9,223.2,2.76,166,83,261,,True,0.0
3975,32.916382,-117.104828,6437.5,223.2,2.74,166,83,262,,True,1.9
3976,32.916357,-117.104844,6440.2,223.4,2.68,166,83,261,,True,3.6
3977,32.916336,-117.104853,6442.9,223.4,2.72,165,83,260,,True,3.4
3978,32.916306,-117.104869,6446.0,223.6,2.72,165,84,260,,True,1.7
3979,32.916284,-117.104886,6449.1,223.6,2.84,165,84,259,,True,1.6
3980,32.916263,-117.104898,6452.0,223.6,2.9,165,84,260,,True,-1.7
3981,32.916233,-117.104917,6455.4,223.6,3.04,165,84,260,,True,-1.7
3982,32.916215,-117.10493,6458.0,223.4,3.02,164,83,260,,True,-1.7
3983,32.916194,-117.104949,6460.7,223.4,2.94,165,83,259,,True,-3.7
3984,32.91617,-117.104967,6463.7,223.4,2.92,165,83,259,,True,0.0
3985,32.916159,-117.104982,6466.1,223.2,2.82,165,83,258,,True,0.0
3986,32.916137,-117.105004,6469.0,223.4,2.72,165,82,258,,True,0.0
3987,32.916121,-117.105018,6471.5,223.4,2.7,165,82,258,,True,1.8
3988,32.916109,-117.10503,6473.5,223.4,2.56,166,82,258,,True,0.0
3989,32.916099,-117.105049,6475.4,223.4,2.34,166,82,256,,True,-2.0
3990,32.916092,-117.105068,6477.0,223.4,2.18,166,82,254,,True,-3.1
3991,32.916078,-117.105087,6479.2,223.4,2.04,167,82,250,,True,-3.1
3992,32.916067,-117.105103,6481.3,223.2,1.96,167,82,250,,True,-3.6
3993,32.916045,-117.105132,6484.5,223.0,2.2,167,81,243,,True,-1.7
3994,32.916024,-117.105162,6488.1,223.0,2.54,167,79,241,,True,0.0
3995,32.916009,-117.105184,6491.3,223.2,2.86,166,79,241,,True,3.1
3996,32.915991,-117.105217,6494.4,223.2,3.04,167,79,261,,True,5.0
3997,32.91598,-117.105241,6497.2,223.4,3.18,167,79,265,,True,5.0
3998,32.915967,-117.105267,6500.1,223.6,3.12,166,84,262,,True,5.2
3999,32.915948,-117.105296,6503.2,223.8,3.02,166,83,258,,True,3.4
4000,32.915939,-117.105317,6506.0,223.8,2.94,166,83,255,,True,1.8
4001,32.915927,-117.105344,6508.9,223.8,2.9,166,83,256,,True,0.0
4002,32.915915,-117.105368,6511.4,223.8,2.84,167,83,256,,True,0.0
4003,32.915907,-117.105388,6513.8,223.8,2.74,166,83,256,,True,0.0
4004,32.915892,-117.105422,6516.7,223.8,2.7,166,83,252,,True,0.0
4005,32.915879,-117.105439,6519.3,223.8,2.66,166,82,251,,True,0.0
4006,32.915866,-117.105473,6522.6,223.8,2.74,166,82,250,,True,0.0
4007,32.915856,-117.105505,6525.5,223.8,2.82,166,82,254,,True,0.0
4008,32.915846,-117.105529,6528.3,223.8,2.9,166,82,261,,True,0.0
4009,32.915831,-117.105567,6531.6,223.8,2.98,166,83,261,,True,0.0
4010,32.915828,-117.105589,6534.3,223.8,3.0,166,84,261,,True,0.0
4011,32.915821,-117.105623,6537.5,223.8,2.98,165,84,265,,True,-1.9
4012,32.91581,-117.105646,6540.0,223.8,2.9,166,83,270,,True,0.0
4013,32.9158,-117.105666,6542.4,223.6,2.82,166,83,263,,True,0.0
4014,32.91579,-117.105695,6545.0,223.8,2.68,166,82,259,,True,0.0
4015,32.915782,-117.105724,6547.8,223.8,2.7,166,82,254,,True,1.9
4016,32.915774,-117.105746,6550.3,223.8,2.56,165,82,252,,True,0.0
4017,32.915765,-117.10578,6553.0,223.8,2.6,166,82,251,,True,0.0
4018,32.915762,-117.105802,6555.6,223.8,2.64,166,82,250,,True,-1.8
4019,32.915756,-117.105831,6558.3,223.8,2.66,165,82,249,,True,-1.8
4020,32.915744,-117.105864,6561.3,223.6,2.7,166,82,249,,True,-1.7
4021,32.915738,-117.105891,6564.2,223.6,2.78,166,83,248,,True,-3.3
4022,32.91573,-117.10593,6567.3,223.6,2.86,165,83,248,,True,-1.6
4023,32.915725,-117.105957,6570.3,223.4,2.94,166,83,249,,True,-1.6
4024,32.915716,-117.105989,6573.6,223.4,3.06,166,83,250,,True,-1.7
4025,32.915712,-117.106024,6576.5,223.4,3.04,166,83,252,,True,0.0
4026,32.915714,-117.10605,6579.3,223.4,3.02,166,83,255,,True,0.0
4027,32.915712,-117.106088,6582.4,223.4,3.02,165,83,255,,True,0.0
4028,32.915708,-117.106107,6584.9,223.4,2.92,166,83,255,,True,0.0
4029,32.915716,-117.106147,6588.2,223.4,2.92,166,82,257,,True,0.0
4030,32.915728,-117.10617,6590.8,223.4,2.86,166,83,260,,True,1.6
4031,32.915742,-117.106201,6594.2,223.4,2.98,166,83,262,,True,1.6
4032,32.915755,-117.106236,6597.3,223.6,2.98,166,83,265,,True,3.1
4033,32.915771,-117.10626,6600.5,223.6,3.12,165,83,271,,True,3.1
4034,32.915798,-117.106289,6603.9,223.8,3.14,166,83,277,,True,1.5
4035,32.91582,-117.106304,6606.9,223.8,3.22,166,83,280,,True,1.5
4036,32.915846,-117.106318,6610.3,223.8,3.22,165,84,283,,True,-1.6
4037,32.915878,-117.106326,6613.5,223.8,3.24,166,84,284,,True,-1.7
4038,32.915899,-117.106325,6616.2,223.6,3.14,166,84,286,,True,-3.5
4039,32.915929,-117.106321,6618.8,223.6,2.98,166,84,287,,True,-3.7
4040,32.915952,-117.106318,6621.6,223.4,2.94,166,84,285,,True,-3.5
4041,32.915976,-117.106313,6624.4,223.4,2.82,166,83,282,,True,-3.5
4042,32.916003,-117.106299,6627.6,223.2,2.82,167,83,280,,True,-1.7
4043,32.916024,-117.106291,6630.3,223.2,2.82,166,83,278,,True,-3.4
4044,32.916051,-117.106284,6633.4,223.2,2.92,167,83,277,,True,-1.8
4045,32.916076,-117.106276,6636.0,223.0,2.88,167,82,278,,True,-3.6
4046,32.916096,-117.106268,6638.5,223.0,2.82,167,82,275,,True,-3.6
4047,32.916128,-117.106259,6641.5,222.8,2.78,166,82,275,,True,-1.8
4048,32.91615,-117.106253,6644.4,222.8,2.82,167,82,274,,True,-3.4
4049,32.91618,-117.106249,6647.0,222.8,2.72,167,83,273,,True,-1.7
4050,32.916214,-117.106251,6650.3,222.6,2.86,167,83,274,,True,-3.3
4051,32.916239,-117.106249,6653.2,222.6,2.94,167,83,274,,True,-3.1
4052,32.916271,-117.106264,6656.7,222.4,3.04,166,83,275,,True,-3.1
4053,32.916298,-117.106279,6660.1,222.4,3.14,167,83,276,,True,-1.5
4054,32.916321,-117.106298,6663.2,222.2,3.24,167,82,278,,True,1.5
4055,32.916335,-117.106334,6666.8,222.4,3.3,166,82,280,,True,3.0
4056,32.916339,-117.106367,6670.2,222.6,3.4,166,82,278,,True,4.2
4057,32.91634,-117.106408,6673.6,222.8,3.38,166,82,277,,True,4.0
4058,32.916343,-117.10645,6677.5,222.8,3.48,166,82,273,,True,2.5
4059,32.916337,-117.106501,6681.8,223.0,3.72,167,82,271,,True,2.5
4060,32.916334,-117.106541,6685.9,223.0,3.82,166,82,271,,True,2.6
4061,32.916326,-117.106572,6689.5,223.2,3.86,166,82,270,,True,1.5
4062,32.916326,-117.106606,6692.7,223.2,3.82,167,82,293,,True,3.3
4063,32.916324,-117.106639,6695.5,223.2,3.6,167,82,294,,True,0.0
4064,32.916325,-117.106667,6698.2,223.4,3.28,167,82,294,,True,0.0
4065,32.916323,-117.106703,6701.4,223.2,3.1,167,86,281,,True,0.0
4066,32.916319,-117.10674,6704.7,223.2,3.04,168,86,276,,True,0.0
4067,32.916317,-117.106768,6708.0,223.2,3.06,168,86,279,,True,3.3
4068,32.916314,-117.106806,6711.4,223.4,3.18,168,85,288,,True,3.3
4069,32.916314,-117.106828,6713.6,223.6,3.08,168,85,294,,True,3.3
4070,32.91631,-117.106865,6716.8,223.6,3.08,169,85,296,,True,3.3
4071,32.916308,-117.106903,6720.1,223.6,3.08,169,84,289,,True,1.5
4072,32.916307,-117.106933,6723.6,223.8,3.12,169,84,290,,True,0.0
4073,32.916302,-117.106972,6726.7,223.8,3.06,169,83,293,,True,0.0
4074,32.916299,-117.106996,6729.1,223.6,3.1,169,83,298,,True,-1.8
4075,32.916298,-117.107026,6732.1,223.6,3.06,169,83,303,,True,-1.8
4076,32.916292,-117.107061,6735.0,223.6,2.98,169,83,289,,True,0.0
4077,32.916287,-117.107084,6737.8,223.6,2.84,169,83,286,,True,0.0
4078,32.91628,-117.107117,6740.9,223.6,2.84,169,83,285,,True,1.7
4079,32.916275,-117.107148,6743.6,223.6,2.9,170,83,285,,True,0.0
4080,32.916272,-117.107176,6746.7,223.8,2.92,170,83,284,,True,0.0
4081,32.916271,-117.107206,6749.4,223.6,2.88,170,83,285,,True,0.0
4082,32.916266,-117.10723,6751.6,223.6,2.76,170,83,280,,True,-1.8
4083,32.91626,-117.10727,6754.7,223.6,2.76,170,83,280,,True,0.0
4084,32.916254,-117.107304,6758.0,223.6,2.88,170,84,277,,True,-1.5
4085,32.916245,-117.107341,6761.7,223.6,3.0,170,84,276,,True,-1.5
4086,32.916233,-117.107378,6765.2,223.4,3.16,170,84,283,,True,-1.4
4087,32.916226,-117.107407,6768.4,223.4,3.36,170,84,294,,True,-1.5
4088,32.916219,-117.107444,6772.0,223.4,3.46,170,84,298,,True,-1.5
4089,32.916203,-117.10747,6775.1,223.4,3.42,171,84,296,,True,-1.5
4090,32.916191,-117.107498,6778.2,223.2,3.3,171,84,291,,True,-1.7
4091,32.916177,-117.107533,6781.4,223.2,3.24,171,84,284,,True,-3.3
4092,32.916169,-117.107555,6784.1,223.2,3.14,171,84,281,,True,-1.6
4093,32.916152,-117.10759,6787.3,223.0,3.06,171,84,279,,True,-1.5
4094,32.91613,-117.107618,6790.9,223.0,3.16,172,84,276,,True,-2.9
4095,32.916115,-117.107644,6794.4,223.0,3.24,172,84,275,,True,-1.4
4096,32.916092,-117.107676,6798.1,222.8,3.34,172,84,275,,True,-1.4
4097,32.916078,-117.1077,6801.2,222.8,3.42,173,83,275,,True,0.0
4098,32.916053,-117.107731,6804.7,222.8,3.48,173,83,281,,True,1.5
4099,32.91603,-117.107749,6808.0,223.0,3.42,173,83,281,,True,2.9
4100,32.915998,-117.107773,6811.7,223.0,3.46,173,83,282,,True,4.4
4101,32.915974,-117.107786,6815.0,223.2,3.38,173,85,283,,True,2.9
4102,32.915946,-117.107796,6818.3,223.4,3.42,174,85,282,,True,3.2
4103,32.915915,-117.107806,6821.7,223.4,3.4,174,85,284,,True,3.3
4104,32.915895,-117.107812,6824.3,223.4,3.26,174,85,284,,True,3.4
4105,32.915865,-117.107819,6827.1,223.6,3.08,173,85,284,,True,5.1
4106,32.915844,-117.107824,6829.9,223.8,2.98,173,85,283,,True,6.7
4107,32.915809,-117.107828,6833.4,224.0,3.02,173,86,283,,True,4.8
4108,32.915785,-117.107825,6836.2,224.2,2.9,173,85,286,,True,3.1
4109,32.915754,-117.107813,6839.5,224.2,3.04,174,85,288,,True,1.5
4110,32.915725,-117.107797,6843.0,224.2,3.18,174,85,290,,True,0.0
4111,32.9157,-117.10779,6846.4,224.2,3.3,174,85,291,,True,0.0
4112,32.915664,-117.107768,6850.1,224.2,3.34,173,86,292,,True,0.0
4113,32.915639,-117.107759,6853.6,224.2,3.48,174,86,294,,True,0.0
4114,32.915612,-117.107735,6857.2,224.2,3.54,174,85,301,,True,1.4
4115,32.915587,-117.107712,6860.8,224.2,3.56,174,85,303,,True,1.5
4116,32.915562,-117.10769,6864.0,224.4,3.52,173,85,306,,True,1.6
4117,32.915543,-117.107669,6867.0,224.4,3.38,174,85,309,,True,1.8
4118,32.915524,-117.107658,6869.5,224.4,3.18,173,86,308,,True,1.7
4119,32.915506,-117.107641,6871.9,224.4,2.94,174,86,308,,True,-11.5
4120,32.915495,-117.107628,6873.6,224.6,2.56,174,86,306,,True,-9.5
4121,32.915483,-117.107617,6875.7,224.6,2.34,174,86,304,,True,-7.8
4313,32.915466,-117.107592,6875.7,223.4,0.011,126,0,0,,False,-7.2
4314,32.915454,-117.107575,6877.5,223.4,0.009,127,0,0,,True,-10.1
4315,32.915438,-117.107564,6879.7,223.6,0.021,127,0,0,,True,-9.0
4316,32.915412,-117.107536,6883.0,223.6,0.037,128,0,0,,True,0.0
4317,32.915397,-117.107526,6885.5,223.4,0.05,128,0,0,,True,-3.3
4318,32.915373,-117.10751,6889.0,223.4,0.05,128,0,0,,True,-3.5
4319,32.915349,-117.107491,6892.0,223.2,2.9,129,81,290,,True,-1.8
4320,32.915331,-117.10748,6894.5,223.2,2.96,130,81,287,,True,-1.9
4321,32.915315,-117.107468,6896.7,223.2,2.74,130,81,289,,True,0.0
4322,32.915293,-117.107445,6899.6,223.2,2.82,131,81,252,,True,0.0
4323,32.915275,-117.107429,6902.1,223.2,2.62,132,81,249,,True,0.0
4324,32.915256,-117.107413,6905.1,223.2,2.62,133,81,239,,True,0.0
4325,32.915233,-117.107393,6907.9,223.2,2.68,134,80,256,,True,-1.8
4326,32.915214,-117.107385,6910.3,223.2,2.72,134,79,250,,True,-1.9
4327,32.915193,-117.107362,6913.1,223.0,2.7,133,80,251,,True,-1.8
4328,32.915173,-117.107346,6915.8,223.0,2.74,132,80,254,,True,-3.3
4329,32.915151,-117.107333,6919.0,223.0,2.78,132,80,247,,True,-1.6
4330,32.91512,-117.107309,6922.4,222.8,2.9,132,82,244,,True,-1.4
4331,32.915095,-117.107296,6925.8,222.8,3.1,132,83,249,,True,-1.4
4332,32.915061,-117.107265,6929.9,222.8,3.36,132,83,263,,True,0.0
4333,32.915037,-117.107247,6933.6,222.8,3.56,132,83,271,,True,1.3
4334,32.915002,-117.107221,6937.7,222.8,3.74,132,83,292,,True,1.3
4335,32.914975,-117.107197,6941.6,223.0,3.84,131,86,293,,True,1.3
4336,32.914941,-117.107179,6945.7,223.0,3.98,131,86,302,,True,1.3
4337,32.914914,-117.107152,6949.5,223.0,3.92,131,87,340,,True,-1.3
4338,32.914887,-117.107135,6953.0,223.0,3.88,132,87,341,,True,-1.3
4339,32.914851,-117.107108,6957.4,222.8,3.94,133,87,336,,True,-1.3
4340,32.914825,-117.107093,6961.1,222.8,3.9,134,87,331,,True,-1.2
4341,32.914789,-117.10706,6965.4,222.8,3.94,135,87,320,,True,1.2
4342,32.914763,-117.107045,6969.4,222.8,3.98,136,87,348,,True,2.5
4343,32.914727,-117.107021,6973.6,223.0,4.12,138,87,342,,True,2.6
4344,32.914703,-117.107005,6977.1,223.2,3.94,139,87,353,,True,4.0
4345,32.914671,-117.106983,6980.9,223.2,3.96,140,87,342,,True,2.7
4346,32.914644,-117.106962,6984.4,223.4,3.8,141,87,328,,True,1.3
4347,32.914614,-117.106944,6988.6,223.4,3.84,143,86,328,,True,1.4
4348,32.914586,-117.106921,6992.0,223.4,3.68,144,86,328,,True,0.0
4349,32.91456,-117.106909,6995.4,223.4,3.66,145,86,325,,True,0.0
4350,32.914525,-117.106884,6999.3,223.4,3.68,146,87,324,,True,0.0
4351,32.914501,-117.106869,7002.9,223.4,3.7,147,87,323,,True,0.0
4352,32.914464,-117.106842,7007.1,223.4,3.7,149,87,324,,True,0.0
4353,32.914446,-117.106821,7010.3,223.4,3.66,150,87,325,,True,0.0
4354,32.914416,-117.106798,7014.1,223.4,3.74,151,87,325,,True,0.0
4355,32.914392,-117.106773,7017.7,223.4,3.68,152,87,326,,True,0.0
4356,32.914366,-117.106755,7021.0,223.4,3.62,153,87,326,,True,0.0
4357,32.914335,-117.106734,7024.6,223.4,3.5,154,86,325,,True,0.0
4358,32.914311,-117.106722,7027.8,223.4,3.5,155,86,323,,True,0.0
4359,32.914279,-117.1067,7032.1,223.4,3.6,156,86,323,,True,0.0
4360,32.914255,-117.106683,7035.3,223.4,3.52,157,86,323,,True,0.0
4361,32.914226,-117.106663,7039.0,223.4,3.6,158,86,322,,True,0.0
4362,32.914204,-117.10664,7042.2,223.4,3.52,159,86,322,,True,0.0
4363,32.914183,-117.106628,7045.1,223.4,3.46,160,85,319,,True,0.0
4364,32.914153,-117.106606,7048.6,223.4,3.3,161,85,312,,True,0.0
4365,32.914136,-117.106596,7051.2,223.4,3.18,161,85,306,,True,0.0
4366,32.914109,-117.106582,7053.7,223.4,2.94,162,84,303,,True,0.0
4367,32.914088,-117.106566,7056.7,223.4,2.9,162,84,302,,True,-1.7
4368,32.914067,-117.106555,7059.4,223.4,2.86,163,84,295,,True,-1.7
4369,32.914037,-117.106534,7062.8,223.2,2.84,163,84,293,,True,-1.7
4370,32.914016,-117.106534,7065.5,223.2,2.86,164,84,292,,True,-1.6
4371,32.913987,-117.10652,7068.8,223.2,3.02,164,84,290,,True,0.0
4372,32.913966,-117.106502,7071.7,223.2,3.0,164,84,290,,True,0.0
4373,32.913944,-117.106492,7074.4,223.2,3.0,164,83,287,,True,0.0
4374,32.913912,-117.106476,7077.4,223.2,2.92,165,83,285,,True,-1.8
4375,32.913892,-117.106466,7080.4,223.2,2.98,165,83,280,,True,-1.9
4376,32.913875,-117.106445,7083.1,223.0,2.86,165,84,277,,True,-1.9
4377,32.91386,-117.106437,7085.1,223.0,2.68,165,84,277,,True,-1.9
4378,32.913834,-117.106415,7088.2,223.0,2.76,166,84,270,,True,0.0
4379,32.913815,-117.106404,7090.7,223.0,2.66,166,84,265,,True,0.0
4380,32.913778,-117.106382,7095.1,223.0,2.94,166,84,262,,True,0.0
4381,32.913753,-117.106365,7098.5,223.0,3.08,166,84,266,,True,0.0
4382,32.913729,-117.106352,7101.9,223.0,3.36,165,84,270,,True,1.5
4383,32.913701,-117.106331,7105.0,223.0,3.36,166,84,285,,True,1.5
4384,32.913675,-117.106319,7108.3,223.2,3.52,166,86,292,,True,1.6
4385,32.913641,-117.106301,7111.8,223.2,3.34,166,86,291,,True,1.6
4386,32.91362,-117.106299,7114.7,223.2,3.24,167,86,291,,True,0.0
4387,32.913591,-117.106288,7117.8,223.2,3.18,167,86,287,,True,0.0
4388,32.91357,-117.106278,7120.4,223.2,3.08,167,86,280,,True,0.0
4389,32.913549,-117.106277,7122.9,223.2,2.92,167,86,278,,True,0.0
4390,32.913525,-117.106263,7125.7,223.2,2.78,167,85,266,,True,0.0
4391,32.913507,-117.106255,7128.0,223.2,2.66,167,85,262,,True,0.0
4392,32.913484,-117.106239,7130.7,223.2,2.58,168,84,262,,True,0.0
4393,32.913463,-117.10622,7133.5,223.2,2.62,167,84,257,,True,-3.4
4394,32.913446,-117.106214,7135.7,223.2,2.56,167,83,256,,True,-3.3
4395,32.913427,-117.106207,7137.9,223.0,2.44,168,83,256,,True,-3.2
4396,32.913409,-117.106201,7139.8,222.8,2.36,167,83,250,,True,-3.9
4397,32.913381,-117.10619,7142.9,222.8,2.44,167,84,245,,True,-1.8
4398,32.913355,-117.106178,7145.9,222.8,2.48,168,84,244,,True,1.6
4399,32.91333,-117.106176,7149.0,222.8,2.66,167,84,245,,True,3.3
4400,32.9133,-117.106171,7152.3,223.0,2.88,167,83,252,,True,3.3
4401,32.913278,-117.106168,7154.9,223.2,3.02,167,83,264,,True,3.5
4402,32.913251,-117.106162,7157.9,223.2,3.0,167,83,265,,True,1.8
4403,32.913228,-117.106151,7160.4,223.2,2.9,167,84,265,,True,-1.8
4404,32.913205,-117.106146,7163.3,223.2,2.86,166,84,260,,True,-1.8
4405,32.913172,-117.106138,7166.3,223.0,2.8,166,84,252,,True,-1.7
4406,32.913149,-117.10614,7169.2,223.0,2.86,166,84,252,,True,-3.4
4407,32.913121,-117.106135,7172.1,223.0,2.84,167,84,256,,True,-1.7
4408,32.913094,-117.106121,7175.2,222.8,2.96,166,84,255,,True,0.0
4409,32.913069,-117.106114,7178.1,222.8,2.96,166,83,256,,True,-1.6
4410,32.913033,-117.106104,7181.9,223.0,3.12,167,83,260,,True,0.0
4411,32.91301,-117.106099,7185.0,222.8,3.16,166,83,259,,True,0.0
4412,32.91298,-117.106085,7188.7,222.8,3.32,166,84,274,,True,-1.6
4413,32.912956,-117.106072,7191.4,222.8,3.24,167,84,276,,True,0.0
4414,32.91293,-117.106066,7194.5,222.8,3.28,166,84,274,,True,1.7
4415,32.912899,-117.106053,7198.0,222.8,3.22,166,84,271,,True,1.6
4416,32.912879,-117.106045,7200.7,223.0,3.14,167,84,266,,True,1.7
4417,32.912851,-117.106036,7203.9,223.0,3.04,166,84,265,,True,1.7
4418,32.91283,-117.106025,7206.5,223.0,3.02,166,84,266,,True,0.0
4419,32.912806,-117.106014,7209.5,223.0,3.0,166,85,264,,True,0.0
4420,32.91278,-117.105997,7212.2,223.0,2.84,167,84,258,,True,0.0
4421,32.912756,-117.105992,7215.0,223.0,2.86,166,83,257,,True,0.0
4422,32.912726,-117.105979,7218.3,223.0,2.88,166,83,258,,True,-1.6
4423,32.912705,-117.105968,7221.0,223.0,2.9,166,83,258,,True,-1.5
4424,32.912671,-117.105952,7225.0,222.8,3.1,166,85,258,,True,-1.5
4425,32.912648,-117.105926,7228.5,222.8,3.26,166,85,255,,True,-1.4
4426,32.912626,-117.105912,7231.7,222.8,3.34,166,85,264,,True,0.0
4427,32.912599,-117.105888,7235.1,222.8,3.36,166,85,268,,True,1.6
4428,32.91258,-117.105874,7238.0,222.8,3.4,166,85,270,,True,1.5
4429,32.912553,-117.105847,7241.3,223.0,3.26,167,85,272,,True,1.6
4430,32.912531,-117.105826,7244.8,223.0,3.26,167,85,270,,True,1.5
4431,32.912513,-117.105803,7247.7,223.0,3.2,167,85,270,,True,0.0
4432,32.912496,-117.105766,7251.3,223.0,3.24,167,85,271,,True,0.0
4433,32.912481,-117.105742,7254.5,223.0,3.3,167,85,272,,True,0.0
4434,32.912463,-117.105703,7258.3,223.0,3.4,167,85,273,,True,0.0
4435,32.912451,-117.105674,7261.6,223.0,3.36,167,85,273,,True,-1.4
4436,32.912437,-117.105643,7264.8,223.0,3.42,168,85,273,,True,-1.4
4437,32.912425,-117.105608,7268.3,222.8,3.4,167,84,273,,True,-1.3
4438,32.912408,-117.105565,7272.5,222.8,3.6,168,84,273,,True,-1.2
4439,32.912392,-117.105521,7276.9,222.8,3.72,168,84,305,,True,1.2
4440,32.912382,-117.10548,7281.2,222.8,3.92,168,84,346,,True,2.4
4441,32.912378,-117.105431,7285.5,223.0,4.14,169,84,359,,True,3.6
4442,32.912371,-117.105396,7289.2,223.2,4.18,169,87,356,,True,5.1
4443,32.91237,-117.105345,7293.5,223.4,4.2,170,88,354,,True,5.1
4444,32.912366,-117.105316,7296.9,223.6,4.0,170,89,336,,True,2.5
4445,32.912364,-117.105265,7301.2,223.8,4.0,171,89,313,,True,2.6
4446,32.912357,-117.105231,7304.9,223.6,3.88,171,89,336,,True,1.3
4447,32.912359,-117.105187,7308.7,223.8,3.9,172,87,322,,True,0.0
4448,32.912365,-117.105151,7312.3,223.8,3.76,172,87,331,,True,1.4
4449,32.912369,-117.105119,7315.6,223.8,3.74,172,87,334,,True,2.9
4450,32.912378,-117.105081,7318.9,223.8,3.54,173,87,332,,True,2.8
4451,32.91238,-117.105048,7322.3,224.2,3.48,173,87,326,,True,4.3
4452,32.912382,-117.105001,7326.4,224.2,3.54,173,86,323,,True,4.2
4453,32.912379,-117.104971,7329.5,224.4,3.44,174,86,325,,True,1.4
4454,32.912383,-117.104929,7333.1,224.4,3.5,174,86,336,,True,1.5
4455,32.91239,-117.104895,7336.4,224.4,3.5,173,86,344,,True,0.0
4456,32.912394,-117.104863,7339.8,224.4,3.5,174,85,349,,True,0.0
4457,32.912404,-117.104826,7343.1,224.4,3.34,174,85,347,,True,-1.5
4458,32.912405,-117.1048,7346.0,224.4,3.3,174,85,341,,True,-1.6
4459,32.912403,-117.104754,7349.6,224.2,3.3,174,86,336,,True,-1.6
4460,32.912401,-117.104729,7352.6,224.2,3.24,173,86,336,,True,-3.1
4461,32.912402,-117.104693,7355.8,224.2,3.2,174,86,335,,True,-1.6
4462,32.912408,-117.10466,7358.8,224.0,3.14,174,86,332,,True,-1.6
4463,32.912413,-117.104627,7362.1,224.0,3.22,174,85,330,,True,0.0
4464,32.912422,-117.104593,7365.1,224.0,3.1,174,86,326,,True,1.6
4465,32.912423,-117.104563,7368.2,224.2,3.12,174,86,324,,True,3.3
4466,32.912428,-117.104523,7371.4,224.2,3.12,174,86,322,,True,3.3
4467,32.912427,-117.104495,7374.4,224.4,3.12,174,86,320,,True,1.6
4468,32.912434,-117.104465,7377.4,224.4,3.06,173,86,321,,True,1.7
4469,32.912444,-117.104432,7380.5,224.4,3.08,174,86,319,,True,0.0
4470,32.912447,-117.104407,7383.0,224.4,2.96,174,86,313,,True,0.0
4471,32.91245,-117.104366,7386.3,224.4,2.98,174,84,311,,True,-1.7
4472,32.912449,-117.10434,7389.1,224.4,2.94,174,83,306,,True,-1.6
4473,32.912454,-117.104305,7392.4,224.2,3.0,173,83,304,,True,-3.4
4474,32.912462,-117.104274,7395.4,224.2,2.98,173,83,301,,True,-3.3
4475,32.912466,-117.104248,7398.0,224.0,3.0,173,84,297,,True,0.0
4476,32.912468,-117.104211,7401.1,224.0,2.96,174,84,294,,True,0.0
4477,32.912468,-117.104188,7403.7,224.2,2.92,174,84,291,,True,3.5
4478,32.912476,-117.104159,7406.3,224.2,2.78,174,84,292,,True,3.6
4479,32.912486,-117.104128,7409.3,224.4,2.78,173,83,290,,True,1.7
4480,32.912489,-117.104098,7412.3,224.4,2.86,173,83,288,,True,3.3
4481,32.912494,-117.10406,7415.6,224.4,2.9,173,83,287,,True,1.6
4482,32.912495,-117.10403,7418.6,224.6,2.98,173,83,287,,True,3.1
4483,32.912495,-117.10399,7422.0,224.6,3.14,174,84,284,,True,3.2
4484,32.912498,-117.103959,7425.0,224.8,3.14,173,85,286,,True,3.1
4485,32.912502,-117.103928,7428.1,224.8,3.16,173,85,287,,True,4.8
4486,32.912508,-117.103891,7431.3,225.0,3.14,174,85,290,,True,3.2
4487,32.912508,-117.103861,7434.4,225.2,3.16,173,85,292,,True,3.3
4488,32.912512,-117.103825,7437.4,225.2,3.08,173,85,292,,True,1.7
4489,32.912509,-117.103799,7440.4,225.2,3.08,174,85,293,,True,0.0
4490,32.912512,-117.103766,7443.4,225.2,3.06,173,85,294,,True,0.0
4491,32.912518,-117.103734,7446.4,225.2,3.02,173,85,295,,True,0.0
4492,32.912521,-117.10371,7449.0,225.2,2.92,173,85,294,,True,-1.8
4493,32.912524,-117.103673,7451.9,225.2,2.9,173,85,292,,True,-1.8
4494,32.912529,-117.103651,7454.3,225.0,2.78,173,85,290,,True,-1.8
4495,32.912534,-117.103619,7457.3,225.0,2.78,173,83,291,,True,-1.9
4496,32.912538,-117.103589,7460.3,225.0,2.78,173,83,291,,True,0.0
4497,32.912536,-117.103567,7462.7,225.0,2.74,173,83,288,,True,0.0
4498,32.912537,-117.103532,7465.5,225.0,2.72,173,83,284,,True,0.0
4499,32.912541,-117.103506,7468.0,225.0,2.74,173,84,280,,True,0.0
4500,32.912544,-117.10348,7470.8,225.0,2.7,173,84,279,,True,0.0
4501,32.912552,-117.103447,7473.6,225.0,2.66,172,83,279,,True,1.9
4502,32.912552,-117.103426,7475.9,225.0,2.64,172,83,278,,True,1.6
4503,32.912555,-117.103395,7478.3,225.2,2.56,172,82,280,,True,0.0
4504,32.91256,-117.10337,7480.6,225.2,2.52,172,82,278,,True,0.0
4505,32.912563,-117.103345,7483.3,225.2,2.5,172,82,274,,True,-3.9
4506,32.912566,-117.10331,7486.2,225.0,2.52,172,82,270,,True,-3.8
4507,32.91256,-117.103288,7488.6,224.8,2.54,172,82,267,,True,-3.7
4508,32.912563,-117.103261,7491.1,224.8,2.56,171,82,266,,True,-1.9
4509,32.912568,-117.103227,7494.0,224.8,2.68,171,82,265,,True,0.0
4510,32.912565,-117.103203,7496.6,224.8,2.66,171,82,261,,True,0.0
4511,32.912572,-117.103168,7499.7,224.8,2.7,171,82,260,,True,0.0
4512,32.912578,-117.103143,7502.3,224.8,2.74,171,82,259,,True,-1.8
4513,32.912584,-117.103119,7504.5,224.8,2.68,170,83,258,,True,0.0
4514,32.912595,-117.103084,7507.6,224.6,2.72,170,83,257,,True,-1.7
4515,32.912598,-117.103065,7509.9,224.8,2.66,170,83,256,,True,-1.7
4516,32.91259,-117.10304,7512.1,224.8,2.48,170,83,255,,True,-2.0
4517,32.912594,-117.103016,7514.3,224.6,2.4,170,82,253,,True,-5.5
4518,32.912601,-117.103,7516.0,224.6,2.3,170,83,248,,True,-13.5
4519,32.912603,-117.102988,7517.5,224.4,1.98,170,83,245,,True,-14.7
4520,32.912605,-117.102978,7518.5,224.0,1.72,170,83,241,,True,-12.6
4521,32.912607,-117.102978,7518.8,223.8,1.34,169,83,182,,False,-13.7
4522,32.912609,-117.102979,7518.8,223.6,0.9,169,0,166,,False,-8.5
4523,32.912611,-117.102973,7518.9,223.6,0.58,168,0,0,,False,-4.7
4524,32.912612,-117.102967,7519.4,223.4,0.38,168,0,0,,False,-5.4
4525,32.912612,-117.102973,7519.4,223.4,0.18,167,0,0,,False,-1.5
4526,32.912615,-117.102977,7519.4,223.6,0.12,167,0,0,,False,3.3
4527,32.912613,-117.10297,7520.1,223.4,0.26,167,0,0,,False,4.9
4528,32.912614,-117.102948,7521.6,223.4,0.54,166,0,0,,True,6.8
4529,32.912613,-117.102922,7523.9,223.8,0.9,165,0,0,,True,7.3
4530,32.912613,-117.102893,7527.1,224.0,1.54,164,0,0,,True,7.7
4531,32.912639,-117.102848,7531.1,224.2,2.34,163,0,0,,True,5.5
4532,32.912646,-117.102818,7534.6,224.4,2.9,163,0,0,,True,4.0
4533,32.912662,-117.102779,7538.5,224.6,3.38,162,83,324,,True,2.8
4534,32.912675,-117.102746,7542.0,224.6,3.62,162,83,355,,True,2.8
4535,32.912689,-117.102717,7545.4,224.6,3.66,162,83,337,,True,1.4
4536,32.912723,-117.1027,7548.9,224.8,3.56,163,85,337,,True,1.4
4537,32.912747,-117.102678,7552.5,224.8,3.58,163,85,313,,True,2.7
4538,32.912781,-117.102651,7556.5,224.8,3.6,163,86,315,,True,1.3
4539,32.912799,-117.102626,7560.0,225.0,3.6,164,86,324,,True,0.0
4540,32.912827,-117.102596,7564.0,225.0,3.72,164,86,344,,True,1.4
4541,32.912844,-117.102574,7567.1,224.8,3.64,164,86,359,,True,0.0
4542,32.912866,-117.102546,7570.6,225.0,3.62,164,86,343,,True,-1.5
4543,32.912887,-117.102515,7574.2,225.0,3.54,165,86,324,,True,-1.4
4544,32.912903,-117.102486,7577.7,224.8,3.54,165,86,320,,True,-2.8
4545,32.912928,-117.102453,7581.4,224.6,3.48,165,86,317,,True,-2.8
4546,32.912941,-117.102425,7584.9,224.6,3.56,165,86,316,,True,-1.4
4547,32.912963,-117.102391,7588.7,224.6,3.62,165,86,316,,True,1.4
4548,32.912979,-117.102362,7592.2,224.6,3.6,166,86,317,,True,1.4
4549,32.913004,-117.102332,7595.7,224.8,3.6,166,86,323,,True,3.0
4550,32.913025,-117.102303,7599.0,224.8,3.52,166,86,324,,True,3.2
4551,32.913037,-117.102278,7602.1,225.0,3.44,166,86,322,,True,0.0
4552,32.913046,-117.102252,7604.7,225.0,3.2,166,86,317,,True,-1.9
4553,32.913054,-117.102233,7606.8,224.8,2.92,166,85,312,,True,-7.3
4554,32.913048,-117.102223,7608.1,224.6,2.48,167,85,304,,True,-7.7
4555,32.913049,-117.102204,7609.6,224.6,2.12,167,85,300,,True,-5.9
4556,32.913053,-117.102197,7610.3,224.4,1.64,167,85,296,,False,-3.5
4557,32.913066,-117.102171,7612.5,224.2,1.56,167,83,297,,True,0.0
4558,32.913072,-117.102145,7614.9,224.4,1.62,167,0,208,,True,1.8
4559,32.91308,-117.102107,7618.3,224.4,2.04,167,0,0,,True,3.2
4560,32.913088,-117.102076,7621.5,224.6,2.38,166,0,0,,True,1.5
4561,32.913098,-117.102042,7624.9,224.6,2.92,166,83,0,,True,1.5
4562,32.91311,-117.102006,7628.4,224.6,3.18,166,84,297,,True,0.0
4563,32.913118,-117.101979,7631.6,224.6,3.34,166,84,306,,True,0.0
4564,32.913127,-117.101939,7634.9,224.6,3.32,166,84,310,,True,0.0
4565,32.913129,-117.101909,7638.1,224.6,3.32,166,84,301,,True,0.0
4566,32.913138,-117.10187,7641.5,224.6,3.32,167,84,294,,True,0.0
4567,32.913146,-117.101835,7644.9,224.6,3.3,167,84,290,,True,-1.5
4568,32.913153,-117.101803,7648.0,224.6,3.28,167,84,288,,True,0.0
4569,32.91316,-117.10176,7651.8,224.4,3.38,166,84,287,,True,0.0
4570,32.913161,-117.101728,7655.3,224.6,3.44,167,84,291,,True,0.0
4571,32.913166,-117.101685,7659.2,224.6,3.54,167,84,295,,True,1.4
4572,32.913171,-117.101652,7662.5,224.6,3.52,167,84,298,,True,1.4
4573,32.913177,-117.101618,7665.6,224.6,3.52,168,84,307,,True,1.5
4574,32.91319,-117.10158,7669.4,224.8,3.52,168,84,306,,True,0.0
4575,32.913194,-117.10155,7672.5,224.8,3.44,168,84,304,,True,-1.4
4576,32.913203,-117.10151,7676.1,224.6,3.38,168,84,302,,True,-3.1
4577,32.913211,-117.10148,7679.4,224.4,3.38,167,85,300,,True,-3.1
4578,32.913222,-117.10145,7682.3,224.4,3.34,168,85,299,,True,-1.7
4579,32.913232,-117.10142,7685.5,224.4,3.22,168,85,299,,True,-1.6
4580,32.913241,-117.101393,7687.9,224.4,3.08,168,85,291,,True,-1.5
4581,32.91326,-117.101352,7691.8,224.2,3.14,168,84,287,,True,-1.5
4582,32.913278,-117.101319,7695.6,224.2,3.24,168,84,289,,True,-2.8
4583,32.913287,-117.101288,7699.0,224.2,3.34,168,84,290,,True,-1.5
4584,32.913289,-117.101249,7702.4,224.0,3.38,168,84,296,,True,0.0
4585,32.913294,-117.101221,7705.2,224.0,3.46,168,84,296,,True,0.0
4586,32.913301,-117.101188,7708.2,224.2,3.28,168,88,293,,True,1.6
4587,32.913315,-117.101149,7711.8,224.2,3.24,169,88,280,,True,1.6
4588,32.913314,-117.101121,7714.7,224.2,3.14,168,88,279,,True,0.0
4589,32.913318,-117.101088,7717.8,224.2,3.08,168,84,280,,True,0.0
4590,32.913326,-117.101053,7721.1,224.2,3.18,168,84,281,,True,-1.6
4591,32.913333,-117.101024,7724.2,224.2,3.2,168,84,280,,True,-1.6
4592,32.913341,-117.100986,7727.6,224.0,3.16,169,84,279,,True,0.0
4593,32.913343,-117.100962,7730.3,224.0,3.12,169,83,281,,True,-1.6
4594,32.913352,-117.100929,7733.5,224.2,3.14,169,83,282,,True,0.0
4595,32.91336,-117.100897,7736.6,224.0,3.1,169,83,281,,True,0.0
4596,32.913369,-117.100867,7739.5,224.0,3.06,170,83,279,,True,-1.5
4597,32.91338,-117.100824,7743.3,224.0,3.14,170,83,279,,True,0.0
4598,32.913381,-117.100792,7746.7,224.0,3.28,170,83,278,,True,1.4
4599,32.913384,-117.100754,7749.9,224.0,3.28,170,84,278,,True,1.5
4600,32.913382,-117.100714,7753.3,224.2,3.34,170,84,279,,True,2.9
4601,32.913384,-117.100677,7756.8,224.2,3.46,170,87,277,,True,4.3
4602,32.913384,-117.100644,7760.5,224.4,3.44,170,87,275,,True,4.4
4603,32.913389,-117.100603,7764.0,224.6,3.46,170,87,278,,True,4.6
4604,32.913388,-117.100573,7766.8,224.8,3.38,170,87,283,,True,4.9
4605,32.913394,-117.10054,7769.9,224.8,3.32,170,85,285,,True,3.3
4606,32.913399,-117.100509,7772.8,225.0,3.2,170,85,292,,True,1.7
4607,32.913402,-117.10048,7776.0,225.0,3.1,170,85,291,,True,3.4
4608,32.913408,-117.100446,7778.6,225.0,2.92,170,84,290,,True,1.6
4609,32.91341,-117.100416,7781.8,225.2,3.0,170,84,291,,True,1.7
4610,32.913415,-117.10038,7785.2,225.2,3.06,170,84,290,,True,1.7
4611,32.913416,-117.100353,7787.6,225.2,2.96,170,84,291,,True,0.0
4612,32.913414,-117.100329,7790.3,225.2,2.86,170,84,291,,True,-3.6
4613,32.913418,-117.100306,7792.2,225.2,2.72,170,84,287,,True,-5.5
4614,32.913425,-117.100287,7794.4,225.0,2.52,170,84,281,,True,-3.9
4615,32.913429,-117.100268,7796.3,224.8,2.22,170,83,278,,True,-3.9
4616,32.913433,-117.100242,7798.6,224.6,2.2,170,83,277,,True,0.0
4617,32.913433,-117.100223,7800.6,224.8,2.06,170,83,269,,True,3.1
4618,32.913436,-117.100199,7802.4,224.8,2.04,170,83,248,,True,8.9
4619,32.913439,-117.10018,7804.3,225.0,1.98,170,83,235,,True,8.3
4620,32.913448,-117.100146,7807.1,225.4,2.16,170,83,235,,True,9.7
4621,32.913447,-117.10012,7809.8,225.6,2.24,170,86,236,,True,9.3
4622,32.913448,-117.10009,7812.7,225.8,2.42,170,86,265,,True,5.8
4623,32.91345,-117.100064,7815.1,226.0,2.54,170,87,278,,True,3.8
4624,32.913447,-117.100046,7817.4,226.0,2.62,170,87,275,,True,1.9
4625,32.91345,-117.100006,7820.4,226.0,2.66,171,85,271,,True,0.0
4626,32.91345,-117.099981,7823.2,226.0,2.68,171,85,265,,True,0.0
4627,32.913449,-117.099949,7826.1,226.0,2.68,171,83,274,,True,0.0
4628,32.913452,-117.099921,7828.6,226.0,2.7,171,83,278,,True,0.0
4629,32.913452,-117.099899,7831.2,226.0,2.76,171,83,284,,True,0.0
4630,32.913457,-117.099863,7834.1,226.0,2.74,171,83,283,,True,0.0
4631,32.913448,-117.099844,7836.2,226.0,2.6,171,83,283,,True,0.0
4632,32.913447,-117.099817,7838.4,226.0,2.46,172,84,285,,True,0.0
4633,32.913455,-117.099785,7841.0,226.0,2.48,171,84,284,,True,0.0
4634,32.913455,-117.099759,7843.6,226.0,2.48,171,84,278,,True,1.6
4635,32.913463,-117.099739,7846.1,226.0,2.4,172,84,275,,True,1.6
4636,32.913459,-117.099719,7848.1,226.0,2.38,172,84,273,,True,2.0
4637,32.913462,-117.099686,7850.8,226.2,2.48,172,82,272,,True,1.8
4638,32.913472,-117.099655,7853.6,226.2,2.52,172,82,271,,True,1.6
4639,32.91348,-117.099624,7857.0,226.2,2.68,172,82,267,,True,-1.6
4640,32.913498,-117.09959,7860.6,226.2,2.9,173,85,262,,True,-1.5
4641,32.913507,-117.099565,7863.5,226.0,3.08,172,85,261,,True,-3.0
4642,32.913523,-117.099529,7867.1,226.0,3.26,173,85,280,,True,-2.9
4643,32.913536,-117.099499,7870.5,225.8,3.38,173,86,281,,True,-2.6
4644,32.913561,-117.099461,7874.6,225.8,3.52,173,86,295,,True,-2.8
4645,32.913583,-117.099427,7878.7,225.6,3.62,173,86,296,,True,0.0
4646,32.913593,-117.099409,7881.4,225.6,3.58,173,86,303,,True,1.7
4647,32.913613,-117.09938,7884.2,225.8,3.42,174,86,301,,True,7.3
4648,32.913623,-117.099358,7886.7,226.0,3.24,174,86,259,,True,9.3
4649,32.913641,-117.09933,7889.7,226.4,3.02,173,86,260,,True,9.4
4650,32.913654,-117.099309,7892.2,226.6,2.7,173,86,263,,True,9.5
4651,32.91367,-117.099287,7894.8,226.8,2.68,173,86,265,,True,1.5
4652,32.913679,-117.099267,7897.2,227.0,2.6,174,86,266,,True,0.0
4653,32.91369,-117.099245,7899.5,226.8,2.56,173,86,265,,True,-1.9
4654,32.913711,-117.099215,7902.7,226.6,2.6,173,86,258,,True,-5.0
4655,32.913727,-117.099197,7905.6,226.6,2.68,173,83,260,,True,-3.2
4656,32.913749,-117.099162,7909.1,226.4,2.86,174,83,264,,True,0.0
4657,32.913756,-117.099136,7912.1,226.4,2.98,173,83,268,,True,0.0
4658,32.913773,-117.099107,7915.3,226.6,3.16,173,85,282,,True,1.6
4659,32.913791,-117.099081,7918.5,226.6,3.16,173,85,282,,True,0.0
4660,32.913805,-117.099056,7921.5,226.6,3.18,173,85,281,,True,0.0
4661,32.913826,-117.099026,7924.8,226.4,3.14,173,85,279,,True,0.0
4662,32.913837,-117.099001,7927.7,226.6,3.12,173,85,278,,True,0.0
4663,32.913852,-117.098975,7930.8,226.6,3.1,173,85,278,,True,3.8
4664,32.913867,-117.098953,7933.2,226.6,2.94,173,84,278,,True,2.0
4665,32.913875,-117.098935,7935.4,226.8,2.78,173,84,278,,True,0.0
4666,32.91389,-117.09891,7937.8,226.8,2.6,173,84,274,,True,0.0
4667,32.913896,-117.098896,7939.6,226.6,2.38,173,84,269,,True,0.0
4668,32.913909,-117.098877,7941.9,226.6,2.22,172,83,269,,True,0.0
4669,32.91393,-117.098853,7944.8,226.6,2.32,173,83,265,,True,1.5
4670,32.913934,-117.098834,7946.7,226.8,2.26,173,82,264,,True,1.8
4671,32.913953,-117.098809,7949.5,226.8,2.34,173,81,264,,True,3.7
4672,32.913973,-117.098778,7952.8,226.8,2.64,173,81,260,,True,1.6
4673,32.913982,-117.098753,7955.7,227.0,2.76,173,81,259,,True,1.6
4674,32.914002,-117.098727,7959.1,227.0,2.86,173,81,262,,True,1.7
4675,32.914018,-117.098699,7962.1,227.0,3.08,173,81,262,,True,0.0
4676,32.914032,-117.098677,7964.8,227.0,3.06,173,82,265,,True,1.7
4677,32.914051,-117.098647,7968.1,227.0,3.06,173,82,266,,True,1.7
4678,32.914061,-117.098623,7970.9,227.2,3.04,173,83,265,,True,1.7
4679,32.914082,-117.098592,7974.1,227.2,3.0,173,83,266,,True,1.7
4680,32.914093,-117.09857,7976.9,227.2,2.96,173,83,268,,True,-1.7
4681,32.914107,-117.098541,7979.7,227.2,2.98,173,83,269,,True,-1.7
4682,32.914132,-117.098515,7983.0,227.0,2.98,173,83,268,,True,-1.9
4683,32.914145,-117.098494,7985.7,227.0,2.96,173,83,266,,True,-2.0
4684,32.914156,-117.09848,7987.6,227.0,2.7,173,83,267,,True,0.0
4685,32.914161,-117.098479,7988.0,227.0,2.22,173,83,267,,False,0.0
4686,32.914147,-117.098498,7989.8,227.0,2.02,173,83,272,,True,-1.6
4687,32.914128,-117.098524,7992.5,227.0,1.9,173,83,271,,True,-1.7
4688,32.91411,-117.098552,7995.9,227.0,2.04,173,83,256,,True,-3.0
4689,32.914087,-117.098584,7999.8,226.8,2.44,172,83,249,,True,-2.8
4690,32.914074,-117.098611,8003.3,226.6,3.06,172,83,248,,True,-2.8
4691,32.914061,-117.098649,8006.7,226.6,3.38,172,83,252,,True,-1.4
4692,32.914057,-117.098681,8010.1,226.6,3.52,172,84,254,,True,0.0
4693,32.914047,-117.098714,8013.9,226.6,3.6,172,84,315,,True,0.0
4694,32.914034,-117.09875,8017.3,226.6,3.5,172,84,317,,True,0.0
4695,32.914031,-117.098774,8020.3,226.6,3.4,172,84,321,,True,0.0
4696,32.914015,-117.098801,8023.0,226.6,3.26,172,84,322,,True,1.8
4697,32.914,-117.098824,8025.4,226.6,3.06,173,84,278,,True,1.8
4698,32.913984,-117.098847,8028.3,226.8,2.88,173,84,261,,True,1.9
4699,32.913964,-117.098872,8031.2,226.8,2.78,172,83,242,,True,0.0
4700,32.913955,-117.098893,8033.6,226.8,2.66,172,83,242,,True,-1.8
4701,32.913938,-117.098919,8036.6,226.6,2.72,172,83,241,,True,-1.9
4702,32.913921,-117.098942,8039.3,226.6,2.78,172,83,238,,True,-1.9
4703,32.91391,-117.098962,8041.7,226.6,2.68,172,84,237,,True,1.7
4704,32.913896,-117.098986,8044.0,226.6,2.56,172,84,237,,True,1.7
4705,32.913885,-117.099007,8046.3,226.6,2.54,172,84,233,,True,1.6
4706,32.913875,-117.099034,8048.6,226.8,2.4,172,84,227,,True,2.0
4707,32.913856,-117.099057,8051.4,226.8,2.42,172,83,226,,True,0.0
4708,32.913843,-117.099079,8054.1,226.8,2.48,172,83,224,,True,-1.7
4709,32.91382,-117.099105,8057.3,226.6,2.66,171,83,224,,True,-1.8
4710,32.913803,-117.099127,8060.1,226.6,2.76,171,83,224,,True,-2.4
4711,32.913789,-117.099147,8062.6,226.6,2.8,171,84,226,,True,0.0
