t,lat,lng,distance_m,altitude_m,velocity_ms,heartrate,cadence,watts,temp_c,moving,grade_pct
0,32.913759,-117.111581,0.7,167.2,0.0,101,51,86,,False,0.0
1,32.91377,-117.111554,3.8,167.2,0.0,101,56,101,,True,2.3
2,32.913781,-117.111527,6.8,167.2,3.05,101,112,159,,True,0.0
3,32.91378,-117.111495,9.3,167.4,2.867,100,112,254,,True,1.5
4,32.91378,-117.111452,13.4,167.2,3.175,102,112,303,,True,1.4
5,32.913782,-117.111413,17.0,167.4,3.26,103,83,395,,True,0.0
6,32.913789,-117.111365,21.3,167.4,3.51,104,83,358,,True,1.3
7,32.913792,-117.111334,24.9,167.4,3.62,105,83,345,,True,0.0
8,32.913793,-117.111287,28.8,167.4,3.9,106,83,361,,True,0.0
9,32.913786,-117.111255,32.0,167.4,3.72,107,84,339,,True,1.4
10,32.913781,-117.111218,35.7,167.4,3.74,108,84,338,,True,1.5
11,32.913779,-117.111175,39.2,167.6,3.58,109,84,338,,True,2.9
12,32.913777,-117.111146,42.5,167.6,3.52,110,84,332,,True,2.9
13,32.913776,-117.111105,45.8,167.8,3.4,111,83,330,,True,1.5
14,32.913774,-117.111071,49.3,167.8,3.46,112,83,322,,True,1.5
15,32.913772,-117.111039,52.3,167.8,3.32,113,83,318,,True,1.5
16,32.913772,-117.110994,56.1,167.8,3.38,115,83,317,,True,1.5
17,32.91377,-117.110965,59.2,168.0,3.34,116,83,315,,True,1.5
18,32.913772,-117.110929,62.3,168.0,3.3,117,84,314,,True,3.0
19,32.913772,-117.110889,65.8,168.0,3.3,118,84,312,,True,1.4
20,32.913769,-117.110856,69.3,168.2,3.4,119,84,311,,True,1.4
21,32.913766,-117.110815,73.2,168.2,3.42,120,82,313,,True,1.4
22,32.913765,-117.110782,76.6,168.2,3.48,121,82,314,,True,1.5
23,32.913763,-117.110752,79.7,168.2,3.48,122,82,317,,True,3.3
24,32.913766,-117.110713,82.8,168.4,3.4,123,82,319,,True,3.4
25,32.913765,-117.110689,85.4,168.6,3.22,124,82,319,,True,3.3
26,32.913765,-117.110659,88.3,168.6,3.02,125,82,318,,True,3.3
27,32.913765,-117.110616,91.8,168.6,3.04,126,82,319,,True,1.5
28,32.913764,-117.110587,95.0,168.8,3.06,127,82,316,,True,1.5
29,32.913768,-117.110546,98.6,168.8,3.16,127,81,317,,True,1.5
30,32.913766,-117.110514,101.8,168.8,3.28,128,81,318,,True,1.5
31,32.913764,-117.110484,104.9,168.8,3.32,129,81,319,,True,1.6
32,32.913761,-117.110439,108.6,169.0,3.36,130,82,316,,True,3.4
33,32.913762,-117.110413,111.3,169.0,3.26,131,82,316,,True,3.4
34,32.913761,-117.110387,113.7,169.2,3.02,132,82,316,,True,3.7
35,32.91377,-117.110352,116.7,169.2,2.98,132,82,318,,True,3.5
36,32.913771,-117.110326,119.4,169.4,2.9,133,82,311,,True,1.7
37,32.913773,-117.11029,122.7,169.4,2.82,134,81,308,,True,1.7
38,32.913778,-117.110254,125.4,169.4,2.82,134,81,308,,True,0.0
39,32.913775,-117.110221,128.7,169.4,3.0,135,81,307,,True,0.0
40,32.91377,-117.11018,132.1,169.4,3.08,136,81,308,,True,0.0
41,32.913764,-117.110148,135.1,169.4,3.14,137,81,318,,True,0.0
42,32.913751,-117.110128,137.6,169.4,2.98,138,81,323,,True,2.0
43,32.913728,-117.11011,139.9,169.4,2.9,139,81,325,,True,1.7
44,32.913708,-117.110103,142.1,169.6,2.68,139,81,314,,True,1.7
45,32.913687,-117.110103,144.7,169.6,2.52,140,81,306,,True,1.7
46,32.913662,-117.110094,147.0,169.6,2.38,141,81,297,,True,0.0
47,32.913642,-117.110096,149.4,169.6,2.36,141,81,295,,True,0.0
48,32.913617,-117.110099,152.0,169.6,2.42,141,81,294,,True,0.0
49,32.913584,-117.1101,155.2,169.6,2.62,142,81,294,,True,0.0
50,32.91356,-117.110103,158.1,169.6,2.68,142,81,293,,True,0.0
51,32.913528,-117.110103,161.6,169.6,2.92,142,81,303,,True,0.0
52,32.913492,-117.110103,165.4,169.6,3.2,142,81,304,,True,-1.4
53,32.913468,-117.11011,168.8,169.6,3.36,142,81,319,,True,-1.4
54,32.913429,-117.110108,172.9,169.4,3.54,143,81,338,,True,-1.5
55,32.913405,-117.110106,175.8,169.4,3.54,143,81,332,,True,-1.6
56,32.913383,-117.110105,178.6,169.4,3.4,144,81,329,,True,-1.6
57,32.91335,-117.110102,181.6,169.4,3.24,144,81,321,,True,-3.1
58,32.91332,-117.110103,185.2,169.2,3.28,144,81,301,,True,-3.0
59,32.913294,-117.110106,188.5,169.0,3.12,145,81,296,,True,-4.6
60,32.913259,-117.110107,191.9,169.0,3.22,145,81,298,,True,-2.9
61,32.913234,-117.110111,194.6,168.8,3.2,145,81,296,,True,-1.5
62,32.913201,-117.110114,198.8,168.8,3.44,145,81,299,,True,-3.0
63,32.913166,-117.110112,202.1,168.8,3.38,145,81,301,,True,-1.4
64,32.91314,-117.110113,205.3,168.6,3.36,146,81,307,,True,-3.1
65,32.91311,-117.110115,208.7,168.6,3.36,146,81,308,,True,-4.5
66,32.913077,-117.110112,211.9,168.4,3.46,146,81,300,,True,-4.4
67,32.913053,-117.110113,215.4,168.2,3.32,146,81,294,,True,-4.5
68,32.913017,-117.11011,218.9,168.0,3.36,146,81,293,,True,-2.9
69,32.912989,-117.110106,221.9,168.0,3.32,146,81,291,,True,-1.5
70,32.912962,-117.110104,225.5,168.0,3.36,146,81,290,,True,-1.6
71,32.912926,-117.1101,228.6,168.0,3.34,146,81,289,,True,-1.5
72,32.912904,-117.110099,231.7,167.8,3.26,146,81,285,,True,-3.1
73,32.912875,-117.110099,235.4,167.8,3.3,146,81,284,,True,-3.1
74,32.91284,-117.110095,238.4,167.6,3.3,146,81,281,,True,-1.6
75,32.912817,-117.110095,241.3,167.6,3.16,146,81,279,,True,-1.6
76,32.91279,-117.110093,244.6,167.6,3.2,146,81,278,,True,1.6
77,32.912757,-117.110088,247.7,167.6,3.2,146,81,277,,True,1.6
78,32.912734,-117.110091,250.7,167.8,3.06,146,81,277,,True,3.4
79,32.912709,-117.110087,253.8,167.8,3.08,146,81,278,,True,3.6
80,32.912681,-117.110084,256.5,168.0,3.04,146,80,280,,True,3.6
81,32.912661,-117.110086,258.9,168.0,2.86,147,80,281,,True,3.6
82,32.912634,-117.110084,261.8,168.2,2.82,147,80,281,,True,0.0
83,32.912603,-117.110078,264.8,168.2,2.82,147,80,283,,True,0.0
84,32.912582,-117.110082,267.4,168.0,2.72,147,80,283,,True,-1.6
85,32.912545,-117.110083,271.0,168.0,2.9,148,80,282,,True,-1.6
86,32.91252,-117.11008,274.4,168.0,3.1,148,80,282,,True,1.5
87,32.912497,-117.110084,277.3,168.0,3.1,148,80,285,,True,3.4
88,32.912464,-117.110087,280.4,168.2,3.12,147,81,286,,True,3.7
89,32.912444,-117.110082,282.7,168.4,3.06,147,81,285,,True,5.5
90,32.912422,-117.110083,285.2,168.4,2.84,147,81,287,,True,5.7
91,32.912391,-117.110081,288.3,168.6,2.78,148,81,287,,True,5.4
92,32.912371,-117.110081,290.9,168.8,2.72,148,81,283,,True,6.9
93,32.912347,-117.110077,293.9,169.0,2.7,148,81,282,,True,7.5
94,32.912318,-117.110075,296.8,169.2,2.82,148,81,282,,True,7.5
95,32.912302,-117.110081,299.0,169.4,2.76,147,81,286,,True,6.0
96,32.912278,-117.110076,301.5,169.6,2.64,148,81,289,,True,3.3
97,32.912254,-117.11007,303.9,169.6,2.6,148,81,283,,True,3.2
98,32.912236,-117.110068,306.2,169.6,2.46,148,81,278,,True,2.0
99,32.912207,-117.110066,308.8,169.6,2.4,147,81,277,,True,3.8
100,32.912183,-117.110066,311.5,169.8,2.5,148,81,277,,True,5.2
101,32.912159,-117.110064,314.5,170.0,2.6,148,82,280,,True,7.2
102,32.912128,-117.110065,317.7,170.2,2.76,147,81,285,,True,7.4
103,32.912115,-117.110071,319.9,170.4,2.74,148,81,302,,True,7.8
104,32.912091,-117.110069,322.3,170.6,2.7,148,81,316,,True,8.1
105,32.912068,-117.110066,324.7,170.8,2.64,147,81,317,,True,7.9
106,32.91205,-117.110068,326.9,171.0,2.48,148,82,322,,True,5.9
107,32.912019,-117.110063,330.0,171.2,2.46,149,82,324,,True,5.9
108,32.911997,-117.110059,332.4,171.2,2.5,149,82,326,,True,3.6
109,32.911978,-117.11006,334.8,171.4,2.5,149,82,329,,True,1.9
110,32.911948,-117.110056,337.9,171.4,2.64,150,81,333,,True,4.0
111,32.911929,-117.110051,340.3,171.4,2.68,150,81,334,,True,3.8
112,32.911909,-117.110052,342.5,171.6,2.5,150,80,334,,True,5.2
113,32.911881,-117.110043,345.4,171.8,2.6,151,80,335,,True,5.1
114,32.911863,-117.11004,347.4,171.8,2.52,151,81,332,,True,5.0
115,32.911845,-117.110044,349.5,172.0,2.32,151,81,326,,True,5.4
116,32.91182,-117.110041,352.0,172.0,2.34,152,80,325,,True,7.0
117,32.911803,-117.110041,354.4,172.2,2.38,152,80,322,,True,7.0
118,32.911784,-117.110042,356.5,172.4,2.22,153,80,323,,True,8.5
119,32.911757,-117.110039,358.9,172.6,2.3,153,80,324,,True,8.5
120,32.91174,-117.110037,361.0,172.8,2.3,153,80,323,,True,8.4
121,32.911714,-117.110042,363.8,173.0,2.36,153,80,324,,True,8.8
122,32.91169,-117.110047,366.2,173.2,2.36,153,81,325,,True,4.3
123,32.911672,-117.110056,368.4,173.4,2.38,154,81,324,,True,5.6
124,32.911659,-117.110064,370.3,173.6,2.28,154,81,325,,True,5.3
134,32.911681,-117.110065,370.3,173.2,0.173,151,0,0,,False,3.1
135,32.911685,-117.110054,371.8,173.4,0.136,150,0,0,,True,0.0
136,32.911691,-117.110003,375.2,173.6,0.408,150,0,0,,True,3.0
137,32.91169,-117.109968,379.3,173.6,0.692,150,0,0,,True,1.3
138,32.911701,-117.109917,383.8,173.6,0.964,150,0,0,,True,0.0
139,32.91171,-117.109882,387.5,173.6,0.964,149,0,0,,True,0.0
140,32.911722,-117.109833,392.1,173.6,4.06,149,0,0,,True,0.0
141,32.911728,-117.109793,396.1,173.6,4.18,148,85,388,,True,1.2
142,32.911736,-117.109754,400.0,173.6,4.14,149,85,392,,True,1.4
143,32.911743,-117.109714,403.8,173.8,4.0,149,85,398,,True,2.9
144,32.911734,-117.109688,406.6,173.8,3.82,149,86,358,,True,4.7
145,32.911731,-117.10965,409.9,174.0,3.56,150,86,352,,True,5.0
146,32.911727,-117.109617,412.9,174.2,3.36,150,86,331,,True,6.6
147,32.911728,-117.109589,415.8,174.4,3.16,150,85,335,,True,8.8
148,32.911733,-117.109555,418.7,174.6,2.98,151,85,343,,True,9.2
149,32.911735,-117.109531,421.2,175.0,2.92,151,85,342,,True,7.5
150,32.911734,-117.109505,423.8,175.2,2.78,151,84,339,,True,7.9
151,32.911739,-117.109473,426.4,175.2,2.7,152,84,329,,True,6.3
152,32.911734,-117.109452,428.8,175.4,2.6,152,82,329,,True,6.0
153,32.911739,-117.109425,431.1,175.6,2.48,152,81,328,,True,7.6
154,32.911746,-117.109393,433.8,175.8,2.52,151,81,330,,True,7.4
155,32.911745,-117.109371,436.3,176.0,2.5,151,81,326,,True,7.0
156,32.911752,-117.109335,439.6,176.2,2.64,151,81,330,,True,5.2
157,32.911756,-117.109303,442.6,176.4,2.76,152,80,334,,True,5.5
158,32.911754,-117.109281,445.3,176.4,2.84,151,80,338,,True,3.8
159,32.911759,-117.109255,447.3,176.6,2.7,152,80,342,,True,6.0
160,32.911764,-117.109223,450.2,176.6,2.78,152,80,344,,True,5.9
161,32.91176,-117.1092,452.6,177.0,2.6,152,80,341,,True,5.6
162,32.911768,-117.10917,455.5,177.0,2.58,152,80,340,,True,7.8
163,32.911768,-117.109139,458.0,177.2,2.54,152,80,338,,True,5.6
164,32.911762,-117.109119,460.5,177.4,2.64,153,80,337,,True,7.8
165,32.911768,-117.109086,463.3,177.6,2.62,153,80,336,,True,8.0
166,32.911771,-117.109059,465.7,177.8,2.62,153,80,335,,True,7.6
167,32.91177,-117.109036,468.0,178.0,2.5,153,80,332,,True,7.9
168,32.911777,-117.109002,471.0,178.2,2.6,154,80,331,,True,10.1
169,32.911785,-117.108982,473.4,178.4,2.58,154,81,330,,True,10.3
170,32.911791,-117.108965,475.3,178.8,2.4,154,81,330,,True,10.9
171,32.911797,-117.108935,477.6,179.0,2.38,154,81,331,,True,9.3
172,32.911801,-117.108915,479.6,179.2,2.32,155,81,327,,True,7.3
173,32.911801,-117.108895,482.0,179.4,2.2,155,81,327,,True,7.4
174,32.911801,-117.108869,484.2,179.4,2.16,155,81,324,,True,5.4
175,32.911803,-117.108847,486.2,179.6,2.18,155,81,320,,True,5.6
176,32.9118,-117.108826,488.4,179.8,2.16,155,79,319,,True,7.5
177,32.911803,-117.108799,490.7,179.8,2.22,156,79,317,,True,7.5
178,32.911803,-117.108777,492.7,180.0,2.14,156,79,317,,True,7.8
179,32.911804,-117.108761,494.9,180.2,2.14,156,79,317,,True,11.2
180,32.911805,-117.108735,496.9,180.4,2.14,156,79,314,,True,8.8
181,32.911809,-117.108717,498.6,180.6,2.04,156,79,312,,True,8.8
182,32.911807,-117.108705,499.6,180.8,1.78,156,80,309,,True,8.8
183,32.911811,-117.108675,502.0,180.8,1.86,156,80,304,,True,6.8
184,32.911811,-117.108651,504.0,181.0,1.82,157,80,302,,True,5.3
185,32.911812,-117.108632,506.3,181.2,1.88,157,80,300,,True,7.3
186,32.911815,-117.108603,508.7,181.2,2.02,157,80,300,,True,6.9
187,32.911813,-117.10858,510.9,181.4,2.26,156,80,300,,True,7.0
188,32.911812,-117.108562,513.0,181.6,2.2,156,80,300,,True,8.8
189,32.911816,-117.108529,515.6,181.8,2.32,156,80,298,,True,6.8
190,32.911816,-117.108508,517.7,182.0,2.28,157,79,295,,True,6.7
191,32.911816,-117.108485,520.0,182.2,2.26,156,79,293,,True,6.8
192,32.911823,-117.108452,522.6,182.2,2.34,156,79,292,,True,4.9
193,32.91182,-117.10843,524.9,182.4,2.38,157,79,289,,True,4.7
194,32.911816,-117.108407,527.4,182.6,2.36,156,80,289,,True,5.8
195,32.91182,-117.108375,529.9,182.6,2.44,156,80,288,,True,5.9
196,32.911819,-117.108346,532.9,182.8,2.58,156,80,287,,True,7.6
197,32.91182,-117.108325,535.1,183.0,2.5,156,80,290,,True,7.4
198,32.911825,-117.108287,537.9,183.4,2.6,156,80,292,,True,7.8
199,32.911824,-117.108263,540.7,183.4,2.66,156,80,291,,True,7.5
200,32.911825,-117.108239,543.2,183.6,2.66,155,80,293,,True,6.0
201,32.911822,-117.108208,545.7,183.8,2.56,155,80,294,,True,6.5
202,32.91182,-117.108188,547.9,184.0,2.56,156,80,292,,True,6.6
203,32.911818,-117.108162,550.6,184.2,2.54,156,80,295,,True,7.0
204,32.911816,-117.108133,553.1,184.2,2.48,155,80,298,,True,5.2
205,32.911814,-117.108114,555.3,184.4,2.42,154,80,298,,True,5.7
206,32.911815,-117.108092,557.2,184.6,2.3,154,80,297,,True,5.6
207,32.911814,-117.108063,559.5,184.6,2.32,153,80,296,,True,5.4
208,32.911806,-117.108047,561.2,184.8,2.12,152,80,291,,True,5.0
209,32.911802,-117.108022,563.8,184.8,2.14,151,80,289,,True,6.6
210,32.9118,-117.107987,566.4,185.0,2.22,151,80,286,,True,5.7
211,32.9118,-117.107964,569.1,185.2,2.38,150,81,281,,True,5.8
212,32.911799,-117.107938,571.7,185.4,2.44,150,81,287,,True,7.1
213,32.911799,-117.107906,574.2,185.4,2.6,150,80,296,,True,6.8
214,32.911791,-117.107892,575.8,185.6,2.4,149,80,296,,True,5.3
215,32.911787,-117.107871,577.7,185.8,2.26,149,79,296,,True,7.1
216,32.911792,-117.107835,580.8,186.0,2.34,149,79,282,,True,6.6
217,32.911787,-117.107816,583.0,186.0,2.26,149,79,276,,True,5.8
218,32.911784,-117.107789,585.5,186.2,2.26,149,79,282,,True,3.4
219,32.911785,-117.107762,588.0,186.4,2.44,149,80,285,,True,5.0
220,32.911783,-117.107739,590.2,186.4,2.5,149,80,289,,True,3.5
221,32.911782,-117.107714,592.6,186.4,2.35,149,80,287,,True,3.4
222,32.91178,-117.107689,594.9,186.6,2.38,149,81,278,,True,3.4
223,32.911777,-117.107666,597.0,186.6,2.3,149,81,277,,True,5.0
224,32.91177,-117.107636,599.6,186.8,2.32,148,81,273,,True,3.1
225,32.911771,-117.107611,602.1,186.8,2.38,148,81,271,,True,3.7
226,32.911769,-117.107587,604.6,187.0,2.41,148,80,272,,True,3.8
227,32.91177,-117.107549,607.7,187.0,2.56,148,80,274,,True,5.9
228,32.911765,-117.107531,610.0,187.2,2.6,147,80,275,,True,3.8
229,32.911763,-117.107506,612.2,187.4,2.52,147,80,280,,True,7.0
230,32.91176,-117.107472,615.2,187.4,2.62,147,80,281,,True,6.6
231,32.911759,-117.107455,617.3,187.6,2.54,147,81,280,,True,6.7
232,32.911754,-117.107433,619.2,187.8,2.3,147,81,280,,True,7.1
233,32.911756,-117.107397,622.1,188.0,2.42,148,81,279,,True,6.8
234,32.911751,-117.10738,624.2,188.2,2.4,147,81,277,,True,6.8
235,32.911749,-117.107357,626.4,188.2,2.24,147,81,276,,True,5.3
236,32.911753,-117.107324,629.0,188.4,2.34,147,81,277,,True,5.0
237,32.911745,-117.107309,630.9,188.6,2.34,147,81,278,,True,5.0
238,32.911747,-117.10728,633.5,188.6,2.28,147,81,280,,True,5.0
239,32.911747,-117.10725,636.2,188.8,2.4,147,80,280,,True,4.0
240,32.911741,-117.107229,638.4,188.8,2.4,147,80,279,,True,4.0
241,32.911741,-117.107198,640.9,189.0,2.38,147,80,277,,True,3.5
242,32.911739,-117.107174,643.6,189.0,2.54,147,80,274,,True,7.0
243,32.911735,-117.107158,645.3,189.2,2.36,146,80,274,,True,7.3
244,32.911734,-117.107129,647.6,189.2,2.28,147,80,277,,True,9.2
245,32.911733,-117.107108,649.8,189.6,2.28,147,81,278,,True,8.6
246,32.911731,-117.107087,651.8,189.8,2.18,146,81,281,,True,11.6
247,32.911729,-117.107051,654.5,190.0,2.18,146,81,283,,True,8.0
248,32.911721,-117.107034,656.9,190.2,2.32,146,81,285,,True,7.6
249,32.911717,-117.107005,659.7,190.6,2.42,146,81,290,,True,7.9
250,32.911722,-117.106972,662.3,190.6,2.5,146,81,294,,True,7.8
251,32.911716,-117.106953,664.6,190.8,2.56,146,81,295,,True,5.8
252,32.911719,-117.106924,667.1,191.0,2.52,146,81,296,,True,6.4
253,32.911722,-117.106891,670.1,191.2,2.64,146,81,297,,True,5.9
254,32.911718,-117.106872,672.2,191.2,2.5,146,81,297,,True,5.8
255,32.911723,-117.106843,674.8,191.4,2.5,146,81,296,,True,3.2
256,32.91173,-117.106814,677.5,191.6,2.58,146,80,295,,True,3.8
257,32.911731,-117.106794,679.7,191.6,2.52,147,80,294,,True,4.8
258,32.911736,-117.106761,682.6,191.6,2.5,146,80,294,,True,3.2
259,32.91174,-117.10674,684.7,191.8,2.5,146,80,295,,True,3.9
260,32.911742,-117.106715,687.2,192.0,2.48,146,80,295,,True,6.5
261,32.911746,-117.106682,689.9,192.0,2.48,146,80,294,,True,5.8
262,32.911746,-117.106657,692.5,192.2,2.56,146,80,291,,True,5.8
263,32.911747,-117.106633,695.0,192.4,2.48,146,80,291,,True,7.4
264,32.911752,-117.106601,697.6,192.6,2.58,146,80,292,,True,7.5
265,32.911763,-117.106575,700.7,192.8,2.7,146,80,292,,True,5.6
266,32.911771,-117.106554,703.1,193.0,2.64,146,81,293,,True,5.7
267,32.911774,-117.106518,705.7,193.0,2.64,146,81,295,,True,5.7
268,32.911781,-117.106496,708.2,193.2,2.64,147,80,295,,True,3.7
269,32.911787,-117.10647,711.2,193.4,2.72,146,80,296,,True,5.6
270,32.911797,-117.106436,714.0,193.4,2.66,146,80,296,,True,7.8
271,32.911803,-117.106415,716.4,193.6,2.66,146,80,297,,True,8.3
272,32.911806,-117.106395,718.1,194.0,2.48,147,80,302,,True,11.7
273,32.911814,-117.106361,721.0,194.2,2.56,146,80,307,,True,10.4
274,32.911813,-117.10634,723.3,194.4,2.42,146,80,308,,True,8.0
275,32.91182,-117.106317,726.0,194.8,2.4,147,80,307,,True,6.8
276,32.911827,-117.10629,727.9,194.8,2.3,147,80,311,,True,7.0
277,32.911835,-117.106269,730.6,195.0,2.5,147,80,311,,True,5.6
278,32.911843,-117.106252,732.8,195.0,2.36,147,80,310,,True,7.3
279,32.911847,-117.106224,734.8,195.2,2.3,146,80,309,,True,7.5
280,32.911845,-117.106206,736.7,195.4,2.14,147,80,306,,True,9.7
281,32.911849,-117.106185,738.8,195.6,2.18,147,80,306,,True,10.3
282,32.911853,-117.106155,741.2,195.8,2.12,147,80,305,,True,8.4
283,32.91185,-117.10614,743.1,196.0,2.06,147,80,301,,True,5.9
284,32.911851,-117.106123,744.5,196.2,1.94,147,80,300,,True,5.9
285,32.911856,-117.106092,746.7,196.2,2.0,147,80,297,,True,3.6
286,32.911855,-117.106072,748.9,196.2,2.02,148,80,293,,True,3.4
287,32.911858,-117.106048,751.4,196.4,2.04,147,80,292,,True,3.4
288,32.911858,-117.106013,754.1,196.4,2.2,147,79,293,,True,5.1
289,32.911853,-117.105996,756.3,196.6,2.36,147,79,291,,True,3.6
290,32.911858,-117.105974,758.5,196.6,2.36,148,79,291,,True,5.5
291,32.911862,-117.105945,760.6,196.8,2.34,147,80,291,,True,3.6
292,32.911856,-117.105929,762.6,196.8,2.24,147,80,287,,True,5.5
293,32.911863,-117.105904,765.0,197.0,2.18,147,80,285,,True,5.3
294,32.911869,-117.105875,767.3,197.0,2.2,147,80,284,,True,6.8
295,32.911867,-117.105856,769.4,197.2,2.18,147,79,281,,True,5.0
296,32.911869,-117.105826,772.0,197.4,2.28,147,80,281,,True,6.3
297,32.911871,-117.105797,774.4,197.6,2.36,147,80,283,,True,5.7
298,32.911868,-117.105773,777.1,197.6,2.42,147,81,283,,True,3.8
299,32.911868,-117.105739,779.9,197.8,2.52,147,81,282,,True,3.8
300,32.911871,-117.105713,782.5,197.8,2.62,147,81,280,,True,3.6
301,32.911869,-117.105688,785.0,198.0,2.6,147,81,278,,True,3.8
302,32.911871,-117.105655,788.1,198.0,2.74,147,81,278,,True,4.0
303,32.911872,-117.105631,790.4,198.2,2.66,146,81,278,,True,3.8
304,32.911867,-117.105611,792.6,198.2,2.54,146,80,277,,True,5.8
305,32.911874,-117.105578,795.5,198.4,2.6,146,80,279,,True,5.8
306,32.911878,-117.105544,798.5,198.6,2.7,146,80,282,,True,7.5
307,32.911878,-117.105526,800.7,198.8,2.52,146,80,283,,True,7.8
308,32.911881,-117.105494,803.2,199.0,2.56,146,80,286,,True,8.8
309,32.911886,-117.105469,805.7,199.2,2.62,146,80,292,,True,9.0
310,32.911888,-117.105453,807.7,199.4,2.44,145,80,297,,True,9.3
311,32.911891,-117.105424,809.9,199.6,2.28,145,80,297,,True,9.4
312,32.911889,-117.105407,811.8,199.8,2.22,146,81,295,,True,7.5
313,32.91189,-117.105386,814.0,200.0,2.16,146,81,298,,True,7.5
314,32.911892,-117.105352,816.3,200.2,2.12,146,81,304,,True,6.9
315,32.911887,-117.105336,818.3,200.2,2.12,145,80,305,,True,6.8
316,32.91189,-117.105313,820.5,200.4,2.12,146,81,304,,True,7.3
317,32.911891,-117.105275,823.4,200.6,2.32,146,81,303,,True,7.0
318,32.911885,-117.105259,825.7,200.8,2.34,146,81,300,,True,7.0
319,32.911886,-117.105244,827.3,201.0,2.2,146,81,299,,True,7.3
320,32.911888,-117.105209,829.8,201.0,2.3,146,80,297,,True,7.3
321,32.911883,-117.105192,832.0,201.2,2.3,146,80,294,,True,7.2
322,32.911887,-117.105166,834.3,201.4,2.18,146,80,293,,True,9.2
323,32.911893,-117.10514,836.6,201.6,2.18,146,80,294,,True,7.5
324,32.911886,-117.105124,838.4,201.8,2.22,146,80,293,,True,7.8
325,32.911887,-117.105099,840.7,202.0,2.18,146,80,292,,True,5.7
326,32.911891,-117.105076,842.7,202.0,2.14,146,80,289,,True,5.5
327,32.911889,-117.105061,844.6,202.2,2.06,146,80,286,,True,3.7
328,32.911891,-117.10503,847.1,202.2,2.1,146,81,285,,True,5.2
329,32.911896,-117.105007,849.3,202.4,2.18,146,81,282,,True,3.3
330,32.911897,-117.104985,851.6,202.4,2.18,145,81,281,,True,5.0
331,32.911903,-117.10495,854.3,202.6,2.32,146,81,280,,True,4.9
332,32.911907,-117.104928,856.7,202.6,2.42,146,80,278,,True,6.0
333,32.911902,-117.104908,859.0,202.8,2.38,145,80,277,,True,4.0
334,32.911909,-117.104877,861.6,203.0,2.46,145,80,279,,True,5.9
335,32.911913,-117.104846,864.4,203.0,2.56,145,79,279,,True,5.5
336,32.91191,-117.104825,866.8,203.2,2.5,145,79,277,,True,3.8
337,32.911913,-117.104787,870.0,203.4,2.66,144,79,277,,True,6.8
338,32.911915,-117.104765,872.2,203.4,2.64,144,79,275,,True,5.1
339,32.91191,-117.104748,873.9,203.6,2.46,145,80,277,,True,5.8
340,32.91191,-117.104722,876.2,203.8,2.36,145,80,279,,True,7.6
341,32.911911,-117.104697,878.6,203.8,2.36,145,80,277,,True,5.5
342,32.911912,-117.104679,880.4,204.0,2.08,145,80,277,,True,5.7
343,32.911911,-117.104649,882.7,204.2,2.1,145,80,277,,True,7.8
344,32.911914,-117.104628,884.9,204.2,2.2,145,80,276,,True,5.4
345,32.911911,-117.104613,886.8,204.4,2.12,144,80,274,,True,5.4
346,32.911913,-117.104587,888.9,204.6,2.06,144,80,273,,True,5.7
347,32.911918,-117.104555,891.6,204.6,2.24,144,80,271,,True,5.5
348,32.911914,-117.104536,893.8,204.8,2.22,144,80,270,,True,3.7
349,32.91192,-117.104518,895.4,204.8,2.1,145,79,270,,True,6.1
350,32.911923,-117.104491,897.8,205.0,2.2,144,79,269,,True,6.4
351,32.911918,-117.104475,899.6,205.0,2.14,144,79,269,,True,5.6
352,32.911917,-117.10445,901.5,205.2,1.98,144,79,269,,True,5.7
353,32.91192,-117.104425,904.1,205.4,2.06,144,79,272,,True,5.5
354,32.911915,-117.104407,906.2,205.4,2.16,144,79,272,,True,5.6
355,32.911915,-117.104379,908.4,205.6,2.12,144,80,271,,True,3.7
356,32.911918,-117.104358,910.5,205.6,2.18,144,80,269,,True,3.4
357,32.911916,-117.10434,912.2,205.8,2.14,144,80,265,,True,3.3
358,32.911916,-117.104304,914.9,205.8,2.16,144,80,264,,True,4.0
359,32.911922,-117.104279,917.8,205.8,2.32,144,80,265,,True,3.6
360,32.911923,-117.104254,920.5,206.0,2.42,144,80,265,,True,5.7
361,32.911921,-117.104221,923.2,206.2,2.54,143,80,265,,True,8.1
362,32.911928,-117.104201,925.4,206.4,2.64,144,80,266,,True,8.3
363,32.911934,-117.104178,927.5,206.6,2.52,143,81,269,,True,8.3
364,32.911935,-117.104146,930.2,206.8,2.48,143,81,271,,True,6.6
365,32.911931,-117.104125,932.6,207.0,2.42,143,81,270,,True,5.9
366,32.911931,-117.104095,935.2,207.2,2.4,143,81,271,,True,4.9
367,32.911939,-117.104068,937.6,207.2,2.44,143,82,273,,True,4.6
368,32.911934,-117.104049,939.7,207.4,2.44,144,82,274,,True,3.8
369,32.911929,-117.104013,942.4,207.4,2.44,143,82,273,,True,3.8
370,32.911932,-117.103984,945.6,207.6,2.6,143,82,272,,True,1.8
371,32.911935,-117.10396,948.2,207.6,2.6,143,82,272,,True,3.7
372,32.911942,-117.103927,950.9,207.6,2.66,143,82,274,,True,4.0
373,32.91194,-117.103907,953.2,207.8,2.7,143,81,276,,True,3.8
374,32.911947,-117.103879,955.6,208.0,2.64,143,82,276,,True,5.9
375,32.911954,-117.103849,958.6,208.0,2.6,143,82,275,,True,4.0
376,32.911953,-117.103828,961.0,208.2,2.56,143,82,273,,True,2.0
377,32.911954,-117.103798,963.2,208.2,2.46,143,82,272,,True,3.8
378,32.911963,-117.103778,965.6,208.2,2.48,143,82,272,,True,1.9
379,32.911959,-117.103765,967.1,208.4,2.3,144,82,272,,True,3.6
380,32.91196,-117.103734,969.2,208.4,2.12,144,82,270,,True,3.4
381,32.911961,-117.103708,971.8,208.4,2.16,144,81,265,,True,2.0
382,32.91196,-117.103682,974.3,208.6,2.22,143,81,260,,True,3.8
383,32.911959,-117.103646,977.3,208.6,2.34,144,81,258,,True,3.9
384,32.911955,-117.103626,979.7,208.8,2.52,143,81,256,,True,1.8
385,32.911956,-117.103597,982.1,208.8,2.58,143,81,257,,True,3.9
386,32.911959,-117.103564,985.2,208.8,2.68,143,81,258,,True,1.9
387,32.911962,-117.103539,987.5,209.0,2.64,144,81,256,,True,0.0
388,32.911966,-117.103507,990.2,209.0,2.58,143,81,254,,True,0.0
389,32.911964,-117.103467,993.4,208.8,2.74,143,81,254,,True,0.0
390,32.911959,-117.103441,996.4,208.8,2.86,143,81,252,,True,0.0
391,32.911958,-117.103403,999.8,209.0,2.92,143,80,251,,True,3.3
392,32.911957,-117.103371,1003.0,209.0,3.1,143,80,249,,True,4.9
393,32.911948,-117.103347,1005.6,209.2,3.08,143,80,249,,True,3.5
394,32.911943,-117.103311,1008.7,209.4,3.06,143,81,252,,True,3.6
395,32.911942,-117.103283,1011.3,209.4,2.98,142,81,261,,True,3.8
396,32.911939,-117.103259,1014.0,209.4,2.84,142,81,269,,True,3.3
397,32.911939,-117.10323,1016.2,209.6,2.64,142,81,271,,True,3.2
398,32.911939,-117.103208,1018.4,209.6,2.56,142,80,270,,True,3.3
399,32.911937,-117.103181,1020.8,209.8,2.42,142,80,260,,True,2.0
400,32.911934,-117.103146,1023.8,209.8,2.5,141,80,257,,True,1.9
401,32.911932,-117.103122,1026.3,209.8,2.46,141,81,254,,True,1.8
402,32.911929,-117.103095,1029.1,209.8,2.58,141,81,262,,True,2.0
403,32.911928,-117.103063,1031.9,210.0,2.7,140,81,273,,True,3.9
404,32.911923,-117.103047,1033.8,210.0,2.6,140,81,276,,True,3.8
405,32.911924,-117.103019,1036.6,210.2,2.56,140,81,277,,True,3.4
406,32.911922,-117.102984,1039.5,210.2,2.64,140,81,270,,True,3.3
407,32.911913,-117.102969,1041.7,210.2,2.52,140,80,268,,True,1.7
408,32.91191,-117.102948,1043.6,210.4,2.34,140,80,267,,True,1.8
409,32.911907,-117.10292,1045.9,210.4,2.42,140,80,267,,True,1.7
410,32.911902,-117.102903,1048.1,210.4,2.3,140,80,265,,True,0.0
411,32.911896,-117.10287,1050.7,210.4,2.24,140,80,263,,True,0.0
412,32.91189,-117.102845,1053.3,210.4,2.32,140,80,257,,True,0.0
413,32.91188,-117.102827,1055.4,210.4,2.36,140,80,252,,True,0.0
414,32.911877,-117.10279,1058.2,210.4,2.46,140,81,249,,True,0.0
415,32.91187,-117.102763,1060.9,210.4,2.56,140,81,243,,True,-1.8
416,32.911861,-117.102736,1063.7,210.4,2.6,140,81,239,,True,0.0
417,32.91186,-117.102704,1066.6,210.2,2.66,139,81,239,,True,0.0
418,32.911862,-117.102679,1069.1,210.4,2.74,139,81,243,,True,1.7
419,32.911863,-117.102648,1072.0,210.4,2.76,139,81,251,,True,5.1
420,32.911859,-117.102606,1075.3,210.6,2.88,140,81,258,,True,4.8
421,32.911855,-117.102581,1078.3,210.8,2.92,139,80,263,,True,4.8
422,32.911859,-117.102548,1081.5,211.0,2.98,139,80,266,,True,5.0
423,32.911852,-117.102513,1084.6,211.0,3.1,139,81,274,,True,3.3
424,32.911846,-117.10249,1087.3,211.2,3.06,140,81,282,,True,1.7
425,32.911847,-117.102454,1090.3,211.2,3.0,139,81,281,,True,1.8
426,32.911845,-117.102424,1093.4,211.2,3.02,139,81,280,,True,0.0
427,32.911837,-117.1024,1095.8,211.2,2.86,139,81,279,,True,0.0
428,32.911833,-117.102358,1099.2,211.2,2.92,139,81,276,,True,0.0
429,32.911828,-117.102329,1102.3,211.2,3.0,140,81,281,,True,0.0
430,32.911824,-117.102301,1105.4,211.2,3.02,140,81,282,,True,1.7
431,32.911818,-117.102263,1108.4,211.2,3.0,140,81,286,,True,1.8
432,32.911816,-117.102242,1110.9,211.4,3.02,140,81,287,,True,3.8
433,32.911814,-117.102213,1113.5,211.4,2.86,141,81,285,,True,4.0
434,32.911808,-117.102183,1116.0,211.6,2.74,141,81,276,,True,2.0
435,32.911801,-117.102163,1118.5,211.6,2.62,142,81,273,,True,3.8
436,32.911798,-117.102134,1121.0,211.6,2.52,144,81,271,,True,1.9
437,32.911794,-117.102097,1124.0,211.8,2.62,148,81,273,,True,3.7
438,32.911783,-117.102077,1126.4,211.8,2.58,149,81,275,,True,3.6
439,32.911776,-117.102046,1129.3,212.0,2.66,150,81,277,,True,1.8
440,32.911772,-117.102009,1132.2,212.0,2.74,151,81,282,,True,1.7
441,32.911764,-117.101983,1135.1,212.0,2.82,151,80,283,,True,1.7
442,32.91176,-117.101948,1138.1,212.0,2.82,151,80,287,,True,1.7
443,32.911757,-117.101923,1140.8,212.2,2.88,151,80,290,,True,1.8
444,32.911756,-117.101897,1143.7,212.2,2.88,152,80,292,,True,3.7
445,32.91177,-117.101863,1146.4,212.2,2.84,152,80,289,,True,1.8
446,32.911775,-117.101841,1149.0,212.4,2.78,153,81,286,,True,3.5
447,32.911797,-117.101817,1151.9,212.4,2.76,153,83,287,,True,5.4
448,32.91182,-117.101793,1155.1,212.6,2.86,153,83,292,,True,5.5
449,32.911834,-117.101778,1157.6,212.8,2.78,153,83,296,,True,9.8
450,32.911855,-117.101773,1160.0,213.0,2.72,153,83,300,,True,9.9
451,32.911877,-117.101771,1162.1,213.4,2.62,153,81,305,,True,10.0
452,32.911897,-117.101766,1164.3,213.6,2.48,154,81,310,,True,9.8
453,32.911924,-117.101759,1167.2,213.8,2.42,154,81,311,,True,7.8
454,32.911948,-117.101764,1169.6,214.0,2.4,154,81,313,,True,7.2
455,32.911971,-117.101763,1172.3,214.2,2.46,154,81,316,,True,7.8
456,32.911998,-117.101766,1175.4,214.4,2.66,155,81,320,,True,8.0
457,32.912015,-117.101772,1177.4,214.6,2.62,155,81,324,,True,6.9
458,32.912031,-117.101778,1179.6,214.8,2.48,155,81,327,,True,7.5
459,32.91205,-117.101797,1182.2,215.0,2.52,156,81,328,,True,7.3
460,32.912062,-117.101809,1183.9,215.0,2.32,156,80,326,,True,9.4
461,32.91208,-117.101818,1186.1,215.2,2.14,156,80,330,,True,10.3
462,32.912092,-117.101835,1188.4,215.4,2.2,157,80,333,,True,11.4
463,32.912103,-117.101854,1190.2,215.8,2.12,157,79,337,,True,15.1
464,32.912113,-117.101868,1191.9,216.0,1.94,157,79,342,,True,16.0
465,32.912119,-117.101891,1194.5,216.4,2.12,158,79,344,,True,13.2
466,32.912131,-117.101915,1196.7,216.8,2.12,158,79,343,,True,12.4
467,32.91214,-117.101923,1198.4,217.0,2.0,158,78,342,,True,13.5
468,32.91215,-117.101947,1200.8,217.2,2.12,159,78,343,,True,11.8
469,32.912162,-117.101972,1203.2,217.4,2.26,159,79,341,,True,12.8
470,32.912172,-117.101979,1204.9,217.8,2.08,159,79,342,,True,13.3
471,32.912184,-117.101999,1206.9,218.0,2.04,159,79,346,,True,11.4
472,32.9122,-117.102021,1209.3,218.4,2.18,160,79,345,,True,9.2
473,32.91221,-117.102032,1211.3,218.6,2.1,160,79,341,,True,9.5
474,32.912219,-117.102051,1213.7,218.6,2.1,160,79,340,,True,8.2
475,32.912231,-117.102072,1215.8,218.8,2.18,161,79,344,,True,8.4
476,32.912241,-117.102082,1217.4,219.0,2.1,161,79,337,,True,6.7
477,32.912247,-117.102098,1219.1,219.2,1.96,161,79,335,,True,8.7
478,32.912258,-117.102125,1221.2,219.4,1.98,161,79,323,,True,6.8
479,32.912263,-117.102145,1223.3,219.4,1.92,161,79,319,,True,6.1
480,32.912278,-117.102157,1225.2,219.6,1.88,162,78,318,,True,6.6
481,32.912294,-117.102176,1227.6,219.6,2.04,162,78,318,,True,5.6
482,32.912304,-117.102186,1229.0,219.8,1.98,162,78,317,,True,5.6
483,32.912321,-117.102198,1231.3,220.0,2.02,162,78,311,,True,5.7
484,32.91234,-117.102223,1234.0,220.0,2.14,162,78,306,,True,5.2
485,32.912352,-117.102233,1236.0,220.2,2.16,162,79,302,,True,5.3
486,32.912368,-117.102242,1238.2,220.2,2.12,162,79,301,,True,5.6
487,32.912389,-117.102261,1240.6,220.4,2.32,162,80,298,,True,5.3
488,32.912405,-117.102271,1242.7,220.6,2.28,162,80,293,,True,7.0
489,32.91242,-117.102282,1244.7,220.6,2.14,163,80,292,,True,5.3
490,32.912443,-117.102301,1247.3,220.8,2.26,163,79,290,,True,5.1
491,32.912461,-117.102303,1249.6,221.0,2.28,163,79,288,,True,6.9
492,32.912479,-117.102305,1251.9,221.0,2.26,162,80,287,,True,5.4
493,32.912504,-117.102314,1254.4,221.2,2.34,162,80,285,,True,3.6
494,32.91252,-117.102312,1256.3,221.4,2.32,162,80,281,,True,5.8
495,32.912537,-117.102314,1258.4,221.4,2.22,162,80,279,,True,3.9
496,32.912561,-117.102323,1260.8,221.4,2.24,163,80,275,,True,3.9
497,32.912572,-117.102327,1262.3,221.6,2.08,162,80,271,,True,4.0
498,32.912587,-117.10233,1264.7,221.6,2.06,162,80,269,,True,5.3
499,32.912609,-117.102333,1266.5,221.8,2.04,162,80,265,,True,6.9
500,32.912624,-117.102337,1268.3,221.8,1.98,162,80,261,,True,5.9
501,32.912638,-117.102338,1269.8,222.0,1.8,161,80,260,,True,3.8
502,32.912665,-117.102343,1272.4,222.2,2.02,161,80,257,,True,5.2
503,32.912685,-117.102346,1274.8,222.2,2.02,161,80,252,,True,4.0
504,32.912705,-117.102349,1277.1,222.2,2.12,161,80,250,,True,2.0
505,32.912735,-117.102357,1279.9,222.4,2.32,161,80,248,,True,1.8
506,32.912754,-117.102355,1282.5,222.4,2.54,161,80,244,,True,1.7
507,32.912788,-117.102358,1286.0,222.4,2.72,161,80,244,,True,1.7
508,32.912812,-117.102362,1288.8,222.4,2.8,160,80,244,,True,1.7
509,32.912833,-117.102361,1291.4,222.6,2.86,161,81,244,,True,1.9
510,32.912863,-117.102355,1294.3,222.6,2.88,160,81,248,,True,3.9
511,32.912881,-117.102356,1296.7,222.6,2.84,160,81,247,,True,3.9
512,32.912903,-117.102354,1299.1,222.8,2.62,160,82,250,,True,3.4
513,32.912931,-117.102352,1301.7,223.0,2.58,160,82,250,,True,3.3
514,32.912951,-117.102344,1304.1,223.0,2.54,160,82,246,,True,1.6
515,32.912966,-117.102335,1306.1,223.0,2.36,160,82,244,,True,0.0
516,32.912988,-117.102313,1308.7,223.0,2.4,160,81,243,,True,-1.6
517,32.913001,-117.102294,1311.3,223.0,2.44,159,80,241,,True,-2.0
518,32.913011,-117.102273,1313.6,223.0,2.38,159,80,237,,True,-3.2
519,32.91303,-117.102248,1316.3,222.8,2.44,159,80,232,,True,-4.7
520,32.913031,-117.102228,1318.5,222.6,2.48,159,80,223,,True,-5.8
521,32.913044,-117.102199,1321.2,222.6,2.5,158,81,218,,True,-4.0
522,32.913055,-117.102172,1324.0,222.4,2.54,158,81,215,,True,-1.8
523,32.913062,-117.102154,1326.4,222.4,2.56,158,82,215,,True,0.0
524,32.913077,-117.10212,1329.5,222.4,2.64,157,82,217,,True,1.7
525,32.913087,-117.102086,1332.8,222.6,2.86,157,82,213,,True,1.6
526,32.91309,-117.10206,1335.6,222.6,2.88,157,82,220,,True,0.0
527,32.913102,-117.102015,1339.3,222.6,3.06,156,81,222,,True,-3.0
528,32.913109,-117.101984,1342.9,222.4,3.3,156,80,228,,True,-2.9
529,32.913118,-117.101952,1346.3,222.2,3.36,156,80,255,,True,-3.2
530,32.913129,-117.101916,1349.5,222.2,3.34,155,80,268,,True,-1.6
531,32.91313,-117.101893,1351.9,222.2,3.26,155,81,276,,True,-1.7
532,32.913142,-117.101852,1355.4,222.2,3.22,155,81,273,,True,-1.7
533,32.91315,-117.101822,1358.4,222.0,3.1,155,81,262,,True,-1.5
534,32.913154,-117.101792,1361.6,222.0,3.06,155,81,248,,True,-1.7
535,32.913159,-117.101752,1364.9,222.0,3.08,155,81,249,,True,1.7
536,32.91316,-117.101728,1367.5,222.0,3.12,155,81,250,,True,0.0
537,32.913168,-117.101695,1370.5,222.2,3.02,155,82,250,,True,0.0
538,32.913174,-117.101657,1373.9,222.0,3.1,154,82,249,,True,0.0
539,32.913173,-117.101628,1377.1,222.0,3.1,154,82,246,,True,-3.1
540,32.913181,-117.101591,1380.4,222.0,3.1,154,82,257,,True,-1.5
541,32.913188,-117.101558,1383.4,221.8,3.18,154,83,259,,True,-1.5
542,32.913196,-117.101526,1386.9,221.8,3.28,154,83,259,,True,-1.5
543,32.913209,-117.101485,1390.4,221.8,3.3,154,83,260,,True,0.0
544,32.913214,-117.101455,1393.8,221.8,3.34,154,83,259,,True,0.0
545,32.913228,-117.10142,1397.3,221.8,3.38,154,83,265,,True,0.0
546,32.91324,-117.101395,1400.2,221.8,3.36,153,83,268,,True,-1.7
547,32.913246,-117.101371,1402.8,221.8,3.18,154,83,268,,True,-1.8
548,32.913257,-117.101339,1405.3,221.6,2.98,153,82,267,,True,-1.8
549,32.913268,-117.101312,1408.5,221.6,2.94,153,82,261,,True,-1.7
550,32.913279,-117.101286,1411.5,221.6,2.84,153,82,259,,True,0.0
551,32.913291,-117.101252,1414.5,221.6,2.86,153,81,258,,True,-1.6
552,32.913295,-117.101226,1417.4,221.6,2.92,153,81,258,,True,-1.5
553,32.913304,-117.101179,1421.0,221.4,3.14,152,82,257,,True,0.0
554,32.913316,-117.101142,1424.8,221.4,3.26,152,82,257,,True,-1.3
555,32.913329,-117.101098,1429.5,221.6,3.6,152,82,260,,True,1.3
556,32.913335,-117.101059,1433.0,221.4,3.7,153,82,269,,True,1.3
557,32.913344,-117.101024,1436.8,221.6,3.88,152,84,271,,True,0.0
558,32.913352,-117.100983,1440.5,221.6,3.9,152,84,279,,True,0.0
559,32.913354,-117.100949,1444.0,221.6,3.84,153,85,288,,True,-1.4
560,32.91336,-117.100902,1447.9,221.4,3.68,153,86,291,,True,-1.4
561,32.913361,-117.100874,1451.2,221.4,3.64,153,87,292,,True,0.0
562,32.913363,-117.100832,1454.4,221.4,3.52,153,87,291,,True,1.6
563,32.913364,-117.100799,1457.8,221.6,3.46,153,87,287,,True,1.5
564,32.913372,-117.100766,1460.8,221.6,3.36,154,87,282,,True,1.6
565,32.913376,-117.100731,1464.3,221.6,3.28,154,87,282,,True,1.6
566,32.913375,-117.100702,1467.2,221.6,3.2,154,87,283,,True,1.6
567,32.913377,-117.100658,1470.5,221.8,3.22,154,87,282,,True,1.6
568,32.913375,-117.10063,1473.6,221.8,3.16,154,86,282,,True,1.5
569,32.913378,-117.100593,1477.2,221.8,3.28,155,86,280,,True,0.0
570,32.913385,-117.100558,1480.2,221.8,3.18,155,85,284,,True,0.0
571,32.913387,-117.10053,1483.0,221.8,3.16,155,85,282,,True,-1.7
572,32.913388,-117.100496,1485.7,221.8,3.04,155,85,281,,True,0.0
573,32.91339,-117.100463,1489.0,221.6,3.08,155,83,277,,True,0.0
574,32.913392,-117.100434,1492.0,221.8,2.96,156,82,278,,True,0.0
575,32.913391,-117.100394,1495.2,221.8,3.0,156,82,278,,True,3.2
576,32.913395,-117.100366,1498.4,221.8,3.08,156,82,279,,True,1.6
577,32.913401,-117.100331,1501.5,222.0,3.16,156,82,283,,True,1.6
578,32.913409,-117.100299,1504.7,222.0,3.14,156,82,284,,True,1.6
579,32.913407,-117.100274,1507.5,222.0,3.1,156,82,285,,True,0.0
580,32.913413,-117.10024,1510.6,222.0,3.08,156,82,285,,True,0.0
581,32.913415,-117.100216,1512.8,222.0,2.88,157,82,283,,True,0.0
582,32.913416,-117.100194,1515.0,222.0,2.7,156,81,284,,True,1.9
583,32.913418,-117.100156,1517.9,222.0,2.64,156,81,273,,True,1.9
584,32.91342,-117.100127,1520.9,222.2,2.68,156,81,270,,True,3.5
585,32.91342,-117.100101,1523.6,222.2,2.6,156,81,271,,True,3.5
586,32.91343,-117.100064,1526.4,222.4,2.72,156,83,273,,True,1.7
587,32.913432,-117.100037,1529.4,222.4,2.88,156,83,274,,True,1.7
588,32.913439,-117.100003,1532.9,222.4,3.0,155,83,276,,True,-1.7
589,32.913442,-117.099972,1535.5,222.4,2.92,155,83,279,,True,-1.7
590,32.913442,-117.099948,1538.0,222.2,2.88,155,82,282,,True,-3.7
591,32.913444,-117.099915,1541.3,222.2,2.98,155,81,282,,True,-1.8
592,32.913445,-117.099886,1543.8,222.0,2.88,155,81,283,,True,0.0
593,32.913444,-117.099863,1546.4,222.2,2.7,155,81,277,,True,1.9
594,32.913448,-117.099826,1549.1,222.2,2.72,155,81,274,,True,3.7
595,32.913452,-117.099799,1551.9,222.4,2.78,155,81,273,,True,3.6
596,32.913453,-117.099773,1554.6,222.4,2.66,155,81,271,,True,1.8
597,32.913461,-117.099737,1557.6,222.6,2.76,155,81,271,,True,0.0
598,32.913464,-117.099709,1560.5,222.4,2.82,154,81,270,,True,0.0
599,32.913477,-117.099681,1563.5,222.4,2.88,155,81,271,,True,-1.6
600,32.913494,-117.099642,1567.2,222.4,3.06,155,81,272,,True,0.0
601,32.913502,-117.099616,1570.5,222.4,3.18,154,80,278,,True,0.0
602,32.913519,-117.099579,1574.0,222.4,3.28,155,81,297,,True,1.5
603,32.913526,-117.099549,1577.0,222.4,3.3,154,81,301,,True,1.5
604,32.913532,-117.099516,1580.2,222.6,3.34,154,81,302,,True,1.7
605,32.913545,-117.099478,1583.7,222.6,3.3,155,81,301,,True,3.2
606,32.91355,-117.09946,1586.0,222.6,3.1,155,82,294,,True,1.7
607,32.91357,-117.099431,1589.4,222.8,3.08,155,82,294,,True,3.6
608,32.913589,-117.099404,1592.3,222.8,3.06,155,82,292,,True,5.0
609,32.913601,-117.099382,1594.9,223.0,2.94,155,82,287,,True,3.4
610,32.913621,-117.09936,1598.0,223.2,2.86,155,83,288,,True,3.5
611,32.913643,-117.099334,1601.1,223.2,3.02,155,81,289,,True,1.7
612,32.91365,-117.099311,1603.7,223.2,2.86,156,81,291,,True,0.0
613,32.913669,-117.099279,1606.9,223.2,2.92,155,81,292,,True,0.0
614,32.913688,-117.099254,1610.0,223.2,3.02,155,81,293,,True,0.0
615,32.913696,-117.099227,1613.0,223.2,3.0,156,81,293,,True,1.7
616,32.913713,-117.099195,1616.3,223.2,3.04,155,81,294,,True,1.7
617,32.913727,-117.099177,1618.8,223.4,3.02,155,81,295,,True,3.4
618,32.91374,-117.099154,1621.6,223.4,2.94,156,81,294,,True,3.6
619,32.91376,-117.099124,1624.6,223.6,2.92,155,81,293,,True,3.5
620,32.913774,-117.099105,1627.3,223.6,2.86,155,80,295,,True,3.3
621,32.913792,-117.099079,1630.3,223.8,2.8,155,80,299,,True,1.7
622,32.913811,-117.099048,1633.9,223.8,3.02,155,80,303,,True,1.6
623,32.913821,-117.099023,1636.7,223.8,3.02,155,81,301,,True,0.0
624,32.913838,-117.098993,1640.2,223.8,3.12,155,81,303,,True,0.0
625,32.913857,-117.098965,1643.3,223.8,3.2,156,81,306,,True,0.0
626,32.913866,-117.098944,1645.9,223.8,3.12,155,81,305,,True,0.0
627,32.913884,-117.098918,1648.9,223.8,3.0,155,81,305,,True,0.0
628,32.913899,-117.098894,1651.5,223.8,2.96,156,80,304,,True,-1.8
629,32.913905,-117.098873,1654.0,223.8,2.76,156,80,301,,True,-1.8
630,32.913925,-117.098841,1657.0,223.6,2.74,156,80,296,,True,0.0
631,32.913939,-117.098818,1659.8,223.6,2.78,156,80,293,,True,0.0
632,32.91395,-117.098795,1662.6,223.8,2.74,155,81,291,,True,3.5
633,32.913967,-117.098759,1665.9,223.8,2.88,156,81,290,,True,3.4
634,32.913975,-117.09874,1668.5,224.0,2.9,156,81,288,,True,1.7
635,32.913991,-117.098716,1671.4,224.0,2.88,156,80,289,,True,3.7
636,32.914011,-117.098686,1674.4,224.0,2.92,155,80,288,,True,1.8
637,32.914015,-117.098667,1676.7,224.2,2.82,156,80,286,,True,1.8
638,32.914031,-117.098641,1679.7,224.2,2.76,156,81,290,,True,1.8
639,32.914054,-117.098615,1682.7,224.2,2.84,155,81,290,,True,0.0
640,32.914064,-117.098593,1685.5,224.2,2.82,156,81,290,,True,0.0
641,32.914084,-117.098566,1688.6,224.2,2.84,156,81,290,,True,-1.8
642,32.914102,-117.098544,1691.2,224.2,2.9,156,81,288,,True,-1.7
643,32.914112,-117.098524,1693.8,224.0,2.82,155,81,283,,True,-1.8
644,32.914134,-117.098492,1697.2,224.0,2.9,156,81,280,,True,-1.8
645,32.914145,-117.098473,1699.5,224.0,2.8,156,81,276,,True,0.0
646,32.914164,-117.098452,1702.5,224.0,2.78,156,81,276,,True,0.0
647,32.914187,-117.098427,1705.3,224.0,2.82,156,81,275,,True,0.0
648,32.914197,-117.098409,1708.1,224.0,2.86,156,81,271,,True,0.0
649,32.914217,-117.098386,1710.9,224.0,2.74,156,81,270,,True,-1.7
650,32.91423,-117.098356,1713.9,224.0,2.88,155,82,269,,True,-1.7
651,32.914238,-117.09833,1716.8,223.8,2.86,156,82,266,,True,-3.4
652,32.914252,-117.098294,1720.1,223.8,2.96,156,82,264,,True,-5.0
653,32.914259,-117.098271,1722.6,223.6,2.9,156,82,261,,True,-3.1
654,32.914262,-117.098235,1725.9,223.4,3.0,155,81,260,,True,-3.1
655,32.914265,-117.098188,1729.8,223.4,3.18,155,81,260,,True,-1.5
656,32.914264,-117.098161,1733.0,223.4,3.24,155,82,259,,True,-1.5
657,32.914259,-117.09813,1736.1,223.4,3.2,155,82,260,,True,-1.7
658,32.914251,-117.098096,1739.1,223.2,3.3,155,82,261,,True,-3.7
659,32.914242,-117.098079,1741.5,223.2,3.12,155,82,260,,True,-5.7
660,32.914242,-117.098049,1743.9,223.0,2.82,155,81,259,,True,-5.8
661,32.914242,-117.098016,1746.7,222.8,2.74,155,81,257,,True,-5.2
662,32.91424,-117.09799,1749.5,222.6,2.68,154,81,255,,True,-3.3
663,32.914243,-117.097948,1753.1,222.6,2.8,154,81,252,,True,-3.2
664,32.914252,-117.097919,1756.2,222.6,2.94,154,81,251,,True,-1.6
665,32.914256,-117.097891,1759.2,222.4,3.06,154,81,252,,True,-1.6
666,32.91426,-117.097855,1762.3,222.4,3.12,153,81,253,,True,-1.7
667,32.914264,-117.097824,1765.4,222.4,3.18,153,81,252,,True,0.0
668,32.914266,-117.097801,1768.0,222.4,2.98,153,80,252,,True,1.8
669,32.91427,-117.097763,1770.8,222.4,2.92,153,80,252,,True,1.8
670,32.914274,-117.097734,1773.7,222.6,2.9,153,81,251,,True,1.7
671,32.914279,-117.097704,1776.8,222.6,2.9,153,81,250,,True,1.7
672,32.914286,-117.097671,1779.6,222.6,2.84,153,82,249,,True,-1.7
673,32.914288,-117.097645,1782.3,222.6,2.86,153,82,248,,True,-1.7
674,32.914296,-117.097609,1785.6,222.4,2.96,153,82,247,,True,-1.7
675,32.914304,-117.09758,1788.4,222.4,2.94,152,82,247,,True,-3.2
676,32.914307,-117.097551,1791.4,222.4,2.92,152,82,247,,True,-1.6
677,32.914312,-117.097512,1794.7,222.2,3.02,152,82,247,,True,-1.6
678,32.914316,-117.097479,1797.8,222.2,3.1,152,81,247,,True,-3.1
679,32.914317,-117.097448,1801.3,222.2,3.14,152,81,249,,True,-1.5
680,32.914327,-117.09741,1804.5,222.0,3.22,152,81,248,,True,-3.1
681,32.914334,-117.097379,1807.7,222.0,3.26,152,81,249,,True,-4.7
682,32.914347,-117.097351,1810.9,221.8,3.24,152,81,249,,True,-3.3
683,32.914355,-117.097314,1814.1,221.6,3.26,152,81,248,,True,-3.4
684,32.914354,-117.097292,1816.6,221.6,3.06,151,81,249,,True,-3.6
685,32.914361,-117.097263,1819.3,221.6,2.96,151,81,250,,True,-1.9
686,32.914372,-117.097232,1822.1,221.4,2.88,151,81,249,,True,0.0
687,32.914373,-117.097209,1824.7,221.4,2.76,151,81,249,,True,0.0
688,32.914386,-117.097165,1828.3,221.6,2.84,152,81,248,,True,1.6
689,32.914398,-117.097138,1831.4,221.6,2.96,151,81,250,,True,1.6
690,32.914402,-117.097111,1834.3,221.6,3.0,151,81,250,,True,0.0
691,32.91441,-117.097069,1837.6,221.6,3.1,151,81,251,,True,0.0
692,32.914413,-117.097043,1840.6,221.6,3.18,151,81,252,,True,0.0
693,32.914417,-117.097014,1843.6,221.6,3.06,151,81,255,,True,0.0
694,32.914427,-117.096979,1846.5,221.6,3.02,150,81,255,,True,0.0
695,32.914432,-117.096954,1849.4,221.6,3.02,151,81,257,,True,0.0
696,32.914439,-117.096933,1851.5,221.6,2.78,151,81,259,,True,0.0
697,32.914453,-117.096898,1854.7,221.6,2.82,150,81,259,,True,1.8
698,32.91446,-117.096873,1857.5,221.6,2.78,150,81,260,,True,3.4
699,32.914475,-117.096842,1860.8,221.8,2.86,150,81,261,,True,3.5
700,32.914485,-117.096817,1863.3,222.0,2.78,150,81,262,,True,3.4
701,32.914493,-117.096794,1866.0,222.0,2.9,150,81,264,,True,1.8
702,32.914507,-117.096756,1869.3,222.0,2.92,151,81,263,,True,0.0
703,32.914512,-117.096735,1871.7,222.0,2.84,150,81,263,,True,0.0
704,32.914519,-117.096703,1874.8,222.0,2.8,150,81,264,,True,0.0
705,32.914521,-117.09667,1877.8,222.0,2.9,150,81,264,,True,0.0
706,32.914525,-117.096644,1880.6,222.0,2.92,151,81,265,,True,1.8
707,32.914533,-117.096615,1882.9,222.0,2.72,150,81,267,,True,0.0
708,32.914535,-117.096583,1886.1,222.2,2.88,150,81,267,,True,0.0
709,32.914535,-117.096557,1889.1,222.0,2.86,150,81,266,,True,0.0
710,32.914541,-117.09651,1892.6,222.0,2.96,151,81,269,,True,-1.6
711,32.91455,-117.096481,1895.8,222.0,3.04,150,81,272,,True,1.6
712,32.914554,-117.096457,1898.6,222.0,3.14,151,82,273,,True,3.4
713,32.914558,-117.096417,1901.6,222.2,3.1,151,82,274,,True,3.4
714,32.914563,-117.096393,1904.4,222.4,3.06,151,82,274,,True,3.4
715,32.914569,-117.096357,1907.6,222.4,3.0,151,81,275,,True,1.7
716,32.914574,-117.096323,1910.4,222.4,2.92,151,81,277,,True,0.0
717,32.914573,-117.096293,1913.3,222.4,2.94,151,81,278,,True,-1.6
718,32.914575,-117.096253,1917.1,222.4,3.1,152,81,278,,True,-1.5
719,32.914585,-117.096218,1920.3,222.2,3.18,152,81,278,,True,-1.4
720,32.914589,-117.096188,1923.6,222.2,3.2,152,82,277,,True,-1.5
721,32.914594,-117.096144,1927.2,222.2,3.36,152,82,277,,True,0.0
722,32.9146,-117.096116,1930.5,222.2,3.44,152,82,278,,True,0.0
723,32.914609,-117.096091,1933.2,222.2,3.22,152,81,280,,True,1.7
724,32.914622,-117.096053,1936.5,222.2,3.24,152,82,279,,True,1.6
725,32.914626,-117.096027,1939.3,222.4,3.14,152,82,280,,True,1.6
726,32.914638,-117.095995,1942.7,222.4,3.1,152,82,280,,True,1.6
727,32.914649,-117.095958,1946.1,222.4,3.12,152,82,287,,True,0.0
728,32.914654,-117.095932,1949.1,222.4,3.18,151,82,288,,True,1.7
729,32.914668,-117.095906,1951.8,222.4,3.06,152,81,288,,True,1.8
730,32.914682,-117.095879,1954.6,222.6,3.06,152,81,289,,True,1.8
731,32.91469,-117.095854,1957.2,222.6,2.9,152,81,281,,True,3.7
732,32.914709,-117.095828,1960.0,222.6,2.78,151,81,281,,True,1.9
733,32.914718,-117.095805,1962.7,222.8,2.72,152,81,280,,True,1.8
734,32.914724,-117.09578,1965.4,222.8,2.72,152,81,281,,True,3.7
735,32.914741,-117.095748,1968.3,222.8,2.74,152,80,281,,True,1.9
736,32.914751,-117.095729,1970.8,223.0,2.72,151,81,282,,True,1.8
737,32.914765,-117.095709,1973.4,223.0,2.68,152,81,282,,True,2.0
738,32.914779,-117.095675,1976.5,223.0,2.76,152,81,281,,True,1.8
739,32.914791,-117.09566,1978.5,223.0,2.62,151,81,281,,True,1.8
740,32.914809,-117.095638,1981.7,223.2,2.68,152,81,278,,True,2.0
741,32.914829,-117.09561,1984.6,223.2,2.76,152,81,281,,True,1.7
742,32.914837,-117.095592,1986.7,223.2,2.66,151,80,282,,True,0.0
743,32.914857,-117.095567,1990.0,223.2,2.7,152,80,284,,True,0.0
744,32.914876,-117.095542,1992.9,223.2,2.88,152,81,291,,True,0.0
745,32.914885,-117.095523,1995.3,223.2,2.72,152,81,290,,True,0.0
746,32.914907,-117.095493,1998.5,223.2,2.78,152,80,286,,True,0.0
747,32.914918,-117.095468,2001.3,223.2,2.92,153,80,285,,True,0.0
748,32.914929,-117.09545,2003.6,223.2,2.72,153,80,283,,True,0.0
749,32.914947,-117.095419,2006.7,223.2,2.76,153,81,278,,True,0.0
750,32.91496,-117.095397,2009.5,223.2,2.84,152,81,274,,True,0.0
751,32.914972,-117.095372,2012.6,223.2,2.82,152,81,272,,True,0.0
752,32.914986,-117.095338,2015.5,223.2,2.84,152,81,276,,True,-1.7
753,32.914995,-117.095317,2017.9,223.2,2.86,152,81,279,,True,0.0
754,32.91501,-117.09529,2021.1,223.0,2.88,153,81,278,,True,0.0
755,32.915023,-117.095258,2024.3,223.2,2.96,152,81,280,,True,0.0
756,32.91503,-117.09524,2026.5,223.2,2.78,152,81,275,,True,1.9
757,32.915046,-117.095219,2028.9,223.2,2.68,152,81,272,,True,0.0
758,32.915061,-117.095188,2031.8,223.2,2.78,152,81,267,,True,0.0
759,32.915065,-117.095168,2034.2,223.2,2.62,152,81,259,,True,-1.8
760,32.915082,-117.095135,2037.6,223.2,2.66,153,81,255,,True,-1.8
761,32.915094,-117.09511,2039.9,223.0,2.68,152,81,254,,True,-1.6
762,32.9151,-117.095082,2043.0,223.0,2.82,152,80,254,,True,-1.6
763,32.915117,-117.095047,2046.6,223.0,2.96,152,80,265,,True,0.0
764,32.915133,-117.095015,2049.9,223.0,3.14,152,80,270,,True,0.0
765,32.915139,-117.094988,2052.9,223.0,3.06,151,80,275,,True,0.0
766,32.915154,-117.094952,2056.3,223.0,3.28,151,80,275,,True,0.0
767,32.91516,-117.09493,2058.8,223.0,3.16,151,80,272,,True,0.0
768,32.915168,-117.094911,2061.1,223.0,2.9,151,80,267,,True,-1.6
769,32.915168,-117.094876,2063.5,223.0,2.72,150,80,264,,True,-2.0
770,32.915166,-117.094854,2065.7,223.0,2.56,150,81,258,,True,-1.9
771,32.915173,-117.094826,2068.8,222.8,2.5,150,81,253,,True,-1.9
772,32.915172,-117.09479,2071.7,222.8,2.58,150,81,251,,True,-1.8
773,32.915171,-117.094769,2074.2,222.8,2.62,150,81,252,,True,-1.9
774,32.915169,-117.094734,2077.1,222.8,2.72,150,81,252,,True,-1.9
775,32.915164,-117.094709,2079.4,222.6,2.74,150,81,250,,True,-1.8
776,32.915157,-117.094684,2082.1,222.6,2.66,150,82,248,,True,-1.8
777,32.915154,-117.094646,2085.4,222.6,2.74,150,82,247,,True,0.0
778,32.915149,-117.094614,2088.2,222.6,2.8,150,81,246,,True,0.0
779,32.915137,-117.094592,2090.8,222.6,2.74,149,81,250,,True,0.0
780,32.915135,-117.094565,2093.1,222.6,2.74,149,81,252,,True,0.0
781,32.91513,-117.094535,2095.1,222.6,2.6,149,81,246,,True,0.0
782,32.91512,-117.094506,2098.2,222.6,2.56,150,81,243,,True,0.0
783,32.91511,-117.094466,2101.8,222.6,2.72,149,80,240,,True,0.0
784,32.915106,-117.094435,2104.7,222.6,2.78,150,80,239,,True,1.5
785,32.915106,-117.094403,2108.0,222.6,2.98,150,80,252,,True,3.1
786,32.9151,-117.094364,2111.2,222.8,3.22,150,80,255,,True,2.9
787,32.915098,-117.094332,2114.6,223.0,3.28,150,80,261,,True,2.9
788,32.9151,-117.094295,2118.4,223.0,3.32,150,81,267,,True,3.0
789,32.915107,-117.09426,2121.7,223.0,3.4,149,81,268,,True,1.6
790,32.915113,-117.094235,2124.4,223.2,3.28,150,81,282,,True,1.7
791,32.915132,-117.094205,2127.4,223.2,3.24,150,82,284,,True,3.5
792,32.915149,-117.094182,2130.4,223.2,3.16,150,82,283,,True,1.7
793,32.915161,-117.094161,2133.0,223.4,2.92,150,82,266,,True,3.6
794,32.915187,-117.094138,2136.1,223.4,2.88,150,82,266,,True,3.6
795,32.915206,-117.094125,2138.4,223.6,2.8,150,82,266,,True,1.7
796,32.915229,-117.094111,2141.6,223.6,2.84,151,82,268,,True,1.7
797,32.915264,-117.094101,2145.1,223.6,2.94,150,82,265,,True,0.0
798,32.915285,-117.094092,2147.7,223.6,2.94,150,81,268,,True,-1.7
799,32.915313,-117.094086,2150.9,223.6,2.96,151,80,272,,True,-1.7
800,32.915343,-117.094087,2153.7,223.4,3.06,150,80,273,,True,-1.5
801,32.915366,-117.094079,2156.8,223.4,3.04,150,80,274,,True,-1.7
802,32.915397,-117.094081,2160.8,223.4,3.14,151,81,273,,True,0.0
803,32.91542,-117.094078,2162.8,223.4,3.02,150,81,273,,True,0.0
804,32.915441,-117.094069,2165.3,223.4,2.88,150,81,276,,True,2.0
805,32.91547,-117.09406,2168.1,223.4,2.88,150,81,277,,True,1.8
806,32.915494,-117.09405,2171.0,223.6,2.84,151,81,272,,True,1.6
807,32.91552,-117.094037,2174.1,223.6,2.66,150,81,272,,True,1.6
808,32.915553,-117.094018,2177.9,223.6,3.02,150,81,273,,True,-1.5
809,32.915572,-117.094,2180.8,223.6,3.1,150,81,273,,True,-2.9
810,32.915594,-117.09398,2184.0,223.4,3.18,150,81,279,,True,-4.5
811,32.915624,-117.093957,2187.8,223.2,3.36,151,81,282,,True,-5.9
812,32.915645,-117.093938,2191.1,223.0,3.4,150,81,282,,True,-4.3
813,32.915668,-117.093915,2194.4,222.8,3.3,150,81,279,,True,-4.6
814,32.915693,-117.093887,2198.0,222.8,3.44,151,81,293,,True,-3.1
815,32.915703,-117.093865,2200.9,222.6,3.38,151,81,290,,True,-3.1
816,32.915719,-117.093836,2203.9,222.6,3.22,151,81,287,,True,-5.0
817,32.915737,-117.093806,2207.2,222.4,3.22,151,81,280,,True,-5.1
818,32.915744,-117.093785,2209.9,222.2,3.1,151,81,274,,True,-7.1
819,32.91576,-117.093756,2212.6,222.0,2.92,151,81,272,,True,-5.6
820,32.915776,-117.093734,2215.2,221.8,2.86,151,81,265,,True,-3.6
821,32.915785,-117.09371,2217.9,221.8,2.8,151,81,263,,True,-1.7
822,32.915802,-117.093675,2221.0,221.8,2.76,151,80,256,,True,0.0
823,32.915813,-117.093647,2224.1,221.8,2.84,150,80,254,,True,-1.6
824,32.915825,-117.093617,2227.3,221.8,2.94,150,81,254,,True,-1.6
825,32.915836,-117.093579,2230.8,221.6,3.12,150,81,253,,True,-3.1
826,32.915838,-117.093553,2233.6,221.6,3.14,150,81,264,,True,-3.2
827,32.915851,-117.093518,2236.8,221.4,3.16,150,81,265,,True,-1.7
828,32.915859,-117.09349,2239.7,221.4,3.12,150,81,263,,True,-1.7
829,32.915862,-117.093464,2242.4,221.4,3.02,150,81,258,,True,-1.7
830,32.915867,-117.093423,2245.6,221.4,2.96,151,81,250,,True,0.0
831,32.915866,-117.093394,2248.7,221.2,3.02,150,81,249,,True,-1.6
832,32.915864,-117.093365,2251.8,221.4,3.0,150,82,256,,True,-1.6
833,32.915863,-117.09332,2255.3,221.2,3.12,150,82,255,,True,0.0
834,32.91586,-117.093288,2258.5,221.2,3.22,150,82,257,,True,-3.0
835,32.915851,-117.093253,2262.1,221.2,3.3,150,82,262,,True,-1.5
836,32.915842,-117.093215,2265.3,221.0,3.32,150,81,265,,True,-3.1
837,32.91583,-117.093191,2268.3,221.0,3.3,150,82,266,,True,-3.3
838,32.91581,-117.093161,2271.4,220.8,3.22,150,82,263,,True,-1.7
839,32.915796,-117.093138,2274.3,220.8,3.16,150,82,255,,True,-1.7
840,32.91578,-117.093116,2277.0,220.8,2.98,150,82,255,,True,1.6
841,32.915758,-117.093083,2280.4,220.8,3.02,151,82,256,,True,1.5
842,32.915739,-117.093061,2283.7,221.0,3.08,150,82,254,,True,1.5
843,32.915714,-117.093031,2287.5,221.0,3.22,150,83,256,,True,1.5
844,32.915691,-117.093011,2290.6,221.0,3.26,150,84,261,,True,1.5
845,32.91567,-117.092993,2293.6,221.0,3.32,151,84,265,,True,1.6
846,32.915644,-117.092964,2297.2,221.2,3.36,150,83,269,,True,1.6
847,32.915627,-117.092945,2300.0,221.2,3.26,150,83,272,,True,1.7
848,32.91561,-117.092929,2303.1,221.2,3.12,151,83,274,,True,1.8
849,32.915588,-117.092905,2305.7,221.2,3.02,151,83,275,,True,1.9
850,32.915574,-117.092892,2308.1,221.4,2.9,151,82,276,,True,1.9
851,32.915554,-117.092872,2310.8,221.4,2.72,151,82,276,,True,1.8
852,32.915532,-117.092847,2313.9,221.4,2.78,151,82,275,,True,0.0
853,32.915517,-117.092834,2316.6,221.4,2.7,151,81,273,,True,1.8
854,32.915496,-117.09281,2319.4,221.4,2.74,151,81,273,,True,1.9
855,32.915475,-117.092792,2322.1,221.6,2.8,151,81,271,,True,1.8
856,32.915459,-117.092777,2324.5,221.6,2.74,151,82,271,,True,1.8
857,32.915438,-117.092748,2327.5,221.6,2.72,151,82,270,,True,0.0
858,32.915425,-117.092725,2330.3,221.6,2.74,151,82,270,,True,0.0
859,32.915412,-117.092705,2333.1,221.6,2.74,151,81,269,,True,0.0
860,32.915405,-117.092666,2336.1,221.6,2.8,151,80,269,,True,0.0
861,32.915397,-117.09264,2339.0,221.6,2.9,151,80,269,,True,1.7
862,32.91539,-117.092615,2341.6,221.6,2.82,151,80,270,,True,1.7
863,32.915391,-117.092576,2344.7,221.8,2.88,151,80,271,,True,1.7
864,32.915393,-117.092548,2347.6,221.8,2.9,151,81,275,,True,1.6
865,32.915399,-117.092518,2350.7,221.8,2.92,151,80,277,,True,0.0
866,32.915413,-117.092485,2354.0,221.8,3.0,151,80,278,,True,0.0
867,32.915425,-117.092456,2356.9,221.8,3.06,151,80,283,,True,0.0
868,32.915439,-117.092428,2360.1,221.8,3.08,151,80,286,,True,1.6
869,32.915467,-117.092403,2363.3,221.8,3.14,151,80,288,,True,1.6
870,32.915482,-117.092383,2366.2,222.0,3.1,151,80,291,,True,1.5
871,32.915508,-117.092367,2369.6,222.0,3.12,151,80,290,,True,1.6
872,32.915537,-117.092354,2373.1,222.0,3.24,151,80,294,,True,1.5
873,32.91556,-117.092343,2375.9,222.0,3.16,151,81,293,,True,1.6
874,32.915589,-117.092334,2379.2,222.2,3.18,152,81,294,,True,1.7
875,32.915615,-117.092331,2381.9,222.2,3.14,152,81,295,,True,1.5
876,32.91564,-117.092323,2385.0,222.2,3.08,152,81,294,,True,0.0
877,32.915677,-117.092316,2388.9,222.2,3.16,152,81,291,,True,0.0
878,32.915699,-117.092313,2391.6,222.2,3.14,152,81,289,,True,-1.6
879,32.915724,-117.092307,2394.6,222.2,3.08,152,81,292,,True,-1.8
880,32.915755,-117.0923,2397.7,222.0,3.16,152,81,294,,True,-3.5
881,32.915773,-117.092295,2400.3,222.0,3.06,152,81,293,,True,-3.6
882,32.915794,-117.092294,2402.9,221.8,2.8,152,81,290,,True,-2.0
883,32.915826,-117.09229,2405.7,221.8,2.82,152,81,287,,True,-1.9
884,32.915845,-117.092283,2407.9,221.8,2.66,153,81,280,,True,-1.8
885,32.915873,-117.092279,2411.1,221.8,2.68,153,81,279,,True,-1.8
886,32.915905,-117.092285,2414.1,221.6,2.76,153,81,274,,True,-1.6
887,32.915926,-117.092278,2417.1,221.6,2.84,152,81,272,,True,-1.7
888,32.915949,-117.092276,2420.1,221.6,2.88,152,80,272,,True,0.0
889,32.915978,-117.092277,2422.6,221.6,2.94,152,80,272,,True,0.0
890,32.915999,-117.092271,2425.4,221.6,2.86,153,81,270,,True,0.0
891,32.916029,-117.092267,2428.6,221.6,2.9,152,81,269,,True,0.0
892,32.916055,-117.092267,2431.4,221.6,2.86,152,81,267,,True,0.0
893,32.916073,-117.092259,2433.8,221.6,2.74,152,81,265,,True,0.0
894,32.916105,-117.092262,2436.8,221.6,2.84,152,81,263,,True,-1.9
895,32.916127,-117.092258,2439.1,221.6,2.74,152,81,264,,True,0.0
896,32.916154,-117.092251,2442.1,221.4,2.7,152,81,263,,True,-1.7
897,32.916188,-117.092243,2445.6,221.6,2.84,152,81,260,,True,-1.6
898,32.916213,-117.09224,2448.6,221.4,2.96,152,81,258,,True,0.0
899,32.916239,-117.092229,2451.7,221.4,2.98,152,81,267,,True,-1.7
900,32.916267,-117.092211,2455.1,221.4,3.2,153,81,271,,True,-1.7
901,32.91628,-117.092191,2457.6,221.4,3.1,154,82,273,,True,-1.7
902,32.916303,-117.092166,2460.7,221.2,3.02,154,82,272,,True,-3.6
903,32.916319,-117.092141,2463.7,221.2,3.02,154,81,262,,True,-3.6
904,32.916327,-117.092116,2466.3,221.0,2.92,154,81,261,,True,-3.7
905,32.91634,-117.09209,2468.8,221.0,2.74,154,81,261,,True,-4.0
906,32.916349,-117.092066,2471.5,220.8,2.78,153,81,261,,True,0.0
907,32.916355,-117.092045,2473.7,220.8,2.6,154,81,255,,True,0.0
908,32.916356,-117.092007,2476.7,221.0,2.6,154,81,245,,True,1.8
909,32.916359,-117.091979,2479.5,221.0,2.64,153,81,244,,True,1.7
910,32.916361,-117.09195,2482.6,221.0,2.76,153,81,248,,True,-1.7
911,32.916368,-117.091912,2485.7,221.0,2.84,153,81,248,,True,0.0
912,32.916367,-117.091888,2488.3,220.8,2.92,153,81,257,,True,0.0
913,32.91637,-117.091858,2491.2,221.0,2.9,153,81,258,,True,0.0
914,32.916373,-117.091825,2493.8,221.0,2.86,152,81,253,,True,1.8
915,32.916372,-117.091799,2496.4,221.0,2.76,152,81,251,,True,0.0
916,32.916369,-117.091768,2499.4,221.0,2.74,152,81,248,,True,0.0
917,32.916371,-117.091739,2502.0,221.0,2.74,152,80,248,,True,0.0
918,32.916367,-117.091712,2504.8,221.0,2.72,152,80,247,,True,0.0
919,32.916365,-117.091678,2507.7,221.0,2.78,152,80,247,,True,0.0
920,32.916365,-117.091652,2510.1,221.0,2.74,152,81,247,,True,0.0
921,32.916361,-117.091628,2512.7,221.0,2.66,152,81,247,,True,0.0
922,32.916354,-117.091595,2515.4,221.0,2.68,151,81,245,,True,0.0
923,32.916351,-117.091567,2518.2,221.0,2.68,151,81,244,,True,0.0
924,32.916351,-117.091537,2521.4,221.0,2.74,151,81,245,,True,0.0
925,32.916345,-117.091501,2524.2,221.0,2.82,151,82,246,,True,1.7
926,32.916337,-117.091477,2526.9,221.0,2.84,152,82,247,,True,1.8
927,32.916336,-117.091442,2530.1,221.2,2.94,151,80,250,,True,1.7
928,32.916335,-117.091409,2532.8,221.2,2.92,151,81,250,,True,1.6
929,32.916334,-117.09138,2535.9,221.2,2.9,151,81,250,,True,0.0
930,32.916333,-117.091343,2539.1,221.2,2.98,151,81,250,,True,0.0
931,32.916328,-117.091315,2542.0,221.2,3.02,151,83,250,,True,0.0
932,32.916326,-117.091282,2545.0,221.2,2.98,151,83,252,,True,0.0
933,32.916316,-117.091241,2548.5,221.2,3.14,151,83,254,,True,0.0
934,32.916307,-117.091217,2551.3,221.2,3.08,151,82,257,,True,0.0
935,32.916302,-117.091185,2554.6,221.2,3.1,151,82,258,,True,0.0
936,32.916302,-117.091149,2557.6,221.2,3.12,151,82,259,,True,1.6
937,32.916297,-117.09112,2560.6,221.2,3.12,151,82,260,,True,1.6
938,32.916285,-117.091082,2563.9,221.4,3.08,150,82,263,,True,1.6
939,32.91628,-117.091058,2566.8,221.4,3.1,151,81,263,,True,1.6
940,32.916274,-117.091029,2569.9,221.4,3.06,151,82,269,,True,0.0
941,32.916272,-117.090991,2573.1,221.4,3.1,151,82,270,,True,-1.6
942,32.91626,-117.090964,2576.3,221.4,3.14,151,83,273,,True,-1.6
943,32.916257,-117.090929,2579.3,221.2,3.08,151,82,276,,True,-1.8
944,32.916253,-117.090901,2582.1,221.2,3.06,151,82,276,,True,0.0
945,32.916245,-117.090882,2584.0,221.2,2.82,151,82,277,,True,1.9
946,32.916239,-117.090848,2587.1,221.4,2.8,152,82,262,,True,1.9
947,32.916241,-117.090821,2589.6,221.4,2.66,152,82,259,,True,1.8
948,32.916238,-117.090794,2592.4,221.4,2.62,152,82,261,,True,0.0
949,32.916235,-117.090758,2595.4,221.4,2.66,151,82,259,,True,0.0
950,32.916226,-117.09074,2597.6,221.4,2.72,152,82,258,,True,0.0
951,32.916217,-117.09071,2599.9,221.4,2.56,151,82,259,,True,0.0
952,32.916209,-117.090676,2603.2,221.4,2.72,151,83,252,,True,0.0
953,32.916194,-117.090652,2606.1,221.4,2.74,151,83,250,,True,0.0
954,32.916171,-117.090617,2609.9,221.4,2.9,151,83,256,,True,0.0
955,32.916158,-117.090593,2613.0,221.4,3.08,151,82,260,,True,0.0
956,32.916142,-117.090568,2616.1,221.4,3.24,151,82,282,,True,0.0
957,32.916125,-117.090537,2619.1,221.4,3.18,151,82,285,,True,-1.7
958,32.916107,-117.09052,2621.9,221.4,3.16,151,82,280,,True,-1.7
959,32.916084,-117.090493,2625.1,221.2,3.04,151,82,278,,True,-1.8
960,32.916071,-117.090472,2627.9,221.2,2.98,151,83,269,,True,-1.7
961,32.916054,-117.090454,2630.5,221.2,2.88,151,83,265,,True,0.0
962,32.916032,-117.09042,2634.0,221.2,2.98,151,83,264,,True,0.0
963,32.916017,-117.090398,2637.0,221.2,3.02,152,83,263,,True,0.0
964,32.916004,-117.090371,2640.2,221.2,3.02,152,82,262,,True,0.0
965,32.915983,-117.090335,2643.7,221.2,3.16,152,82,262,,True,-1.5
966,32.915963,-117.090317,2646.7,221.2,3.24,151,82,268,,True,-1.5
967,32.915938,-117.090289,2650.1,221.0,3.22,152,82,275,,True,0.0
968,32.915922,-117.090264,2653.3,221.0,3.26,152,81,280,,True,0.0
969,32.915902,-117.090247,2656.3,221.2,3.22,152,82,282,,True,1.6
970,32.915875,-117.090213,2660.0,221.2,3.26,152,82,280,,True,1.6
971,32.915858,-117.090195,2662.9,221.2,3.24,152,83,275,,True,0.0
972,32.915841,-117.090165,2666.1,221.2,3.2,153,83,273,,True,1.6
973,32.915825,-117.090132,2669.4,221.2,3.22,153,83,273,,True,1.6
974,32.915809,-117.09011,2672.3,221.4,3.2,153,83,273,,True,1.5
975,32.915796,-117.090071,2675.8,221.4,3.16,153,83,273,,True,1.5
976,32.915783,-117.090042,2679.2,221.4,3.26,152,83,275,,True,0.0
977,32.915779,-117.09001,2682.6,221.4,3.3,153,82,275,,True,0.0
978,32.915781,-117.089972,2685.7,221.4,3.26,153,82,279,,True,0.0
979,32.915782,-117.089942,2688.7,221.4,3.28,153,83,279,,True,0.0
980,32.915793,-117.089903,2692.0,221.4,3.24,154,83,279,,True,0.0
981,32.915803,-117.089873,2695.2,221.4,3.2,154,83,279,,True,1.6
982,32.915822,-117.089841,2698.4,221.4,3.16,154,83,278,,True,1.7
983,32.915849,-117.089824,2701.4,221.6,3.14,154,83,279,,True,3.8
984,32.91587,-117.089817,2704.0,221.6,3.06,154,84,279,,True,1.9
985,32.915864,-117.089835,2705.8,221.8,2.76,154,84,280,,True,-1.9
986,32.915854,-117.089867,2708.9,221.6,2.74,155,84,281,,True,-1.7
987,32.915844,-117.089899,2712.1,221.4,2.74,155,82,288,,True,-4.3
988,32.91583,-117.089941,2715.8,221.4,2.88,156,82,299,,True,-2.8
989,32.915828,-117.089984,2719.8,221.2,3.16,157,80,304,,True,-2.7
990,32.915832,-117.090018,2723.2,221.2,3.48,157,80,308,,True,-2.7
991,32.915844,-117.090062,2727.1,221.0,3.64,158,80,311,,True,-1.4
992,32.915858,-117.09009,2730.5,221.0,3.68,158,83,309,,True,0.0
993,32.915873,-117.090127,2733.9,221.0,3.62,158,84,312,,True,1.5
994,32.915891,-117.090152,2737.4,221.2,3.52,158,84,309,,True,2.9
995,32.915906,-117.09018,2740.6,221.2,3.48,158,85,308,,True,4.4
996,32.915925,-117.090218,2744.3,221.4,3.44,159,85,308,,True,1.5
997,32.915947,-117.090237,2747.6,221.6,3.42,159,85,306,,True,0.0
998,32.915964,-117.090266,2750.7,221.4,3.36,159,84,306,,True,-1.5
999,32.915985,-117.090294,2753.8,221.2,3.28,159,83,305,,True,-4.4
1000,32.916007,-117.090316,2757.5,221.2,3.38,160,83,299,,True,-1.5
1001,32.916029,-117.090348,2761.1,221.0,3.36,160,83,297,,True,1.5
1002,32.916048,-117.090369,2764.2,221.2,3.32,160,83,309,,True,1.5
1003,32.916067,-117.09039,2767.1,221.4,3.28,160,83,311,,True,3.2
1004,32.916092,-117.090421,2770.6,221.4,3.36,161,83,306,,True,1.6
1005,32.916111,-117.090434,2773.5,221.4,3.2,161,82,305,,True,-1.6
1006,32.916129,-117.090458,2776.8,221.4,3.14,161,82,304,,True,-1.7
1007,32.916145,-117.090487,2779.6,221.2,3.08,161,82,302,,True,0.0
1008,32.916164,-117.090505,2782.4,221.2,3.06,162,82,301,,True,0.0
1009,32.916184,-117.090536,2786.2,221.4,3.12,162,82,298,,True,3.0
1010,32.916203,-117.090566,2789.4,221.4,3.18,162,82,300,,True,2.9
1011,32.916219,-117.090588,2792.8,221.6,3.2,162,82,310,,True,1.6
1012,32.91624,-117.09062,2796.0,221.6,3.28,161,82,311,,True,0.0
1013,32.916255,-117.090642,2799.0,221.6,3.32,162,82,313,,True,-1.6
1014,32.916266,-117.090671,2802.1,221.4,3.18,162,82,314,,True,-1.6
1015,32.916279,-117.090704,2805.0,221.4,3.12,162,82,308,,True,-1.6
1016,32.916287,-117.090732,2808.4,221.4,3.12,163,82,308,,True,0.0
1017,32.916299,-117.090773,2811.9,221.4,3.18,163,83,310,,True,1.6
1018,32.916309,-117.090793,2814.5,221.4,3.1,163,83,309,,True,1.6
1019,32.916315,-117.090827,2817.4,221.6,3.06,163,83,311,,True,1.7
1020,32.916318,-117.090861,2820.6,221.6,3.12,163,84,305,,True,3.1
1021,32.916326,-117.09089,2823.6,221.6,3.04,163,84,306,,True,1.5
1022,32.916332,-117.090933,2827.4,221.8,3.1,163,83,306,,True,1.5
1023,32.916336,-117.090966,2830.8,221.8,3.26,163,83,309,,True,1.4
1024,32.916343,-117.090997,2834.0,221.8,3.32,163,83,322,,True,0.0
1025,32.91635,-117.091039,2837.7,221.8,3.42,164,82,324,,True,-1.6
1026,32.916359,-117.09106,2840.1,221.8,3.3,163,82,326,,True,-1.7
1027,32.916364,-117.091091,2843.1,221.6,3.14,164,82,326,,True,-1.8
1028,32.916363,-117.091126,2846.1,221.6,3.06,164,81,312,,True,-1.7
1029,32.916368,-117.091153,2849.0,221.6,3.0,164,82,310,,True,0.0
1030,32.916373,-117.091188,2851.9,221.6,2.84,164,82,308,,True,0.0
1031,32.916377,-117.09122,2854.9,221.6,2.96,164,82,306,,True,-3.3
1032,32.91639,-117.091251,2858.4,221.6,3.06,164,82,302,,True,-3.5
1033,32.916392,-117.091282,2861.0,221.2,2.98,164,82,300,,True,-3.5
1034,32.916394,-117.091306,2863.3,221.2,2.86,164,81,299,,True,-3.7
1035,32.916396,-117.091335,2866.2,221.2,2.86,164,81,299,,True,3.5
1036,32.916401,-117.091375,2869.3,221.2,2.88,164,81,289,,True,6.6
1037,32.916408,-117.091401,2872.3,221.6,2.78,164,82,286,,True,6.6
1038,32.916415,-117.091434,2875.5,222.0,2.9,164,82,292,,True,6.8
1039,32.916413,-117.091468,2878.4,222.0,3.02,164,82,297,,True,3.4
1040,32.916417,-117.091492,2881.1,222.0,2.98,163,82,304,,True,0.0
1041,32.91642,-117.091526,2884.0,222.0,2.94,163,81,303,,True,0.0
1042,32.916424,-117.09156,2887.0,222.0,2.94,163,81,297,,True,0.0
1043,32.916428,-117.091586,2889.9,222.0,2.88,164,81,299,,True,1.6
1044,32.916431,-117.091628,2893.1,222.0,2.94,163,81,300,,True,1.6
1045,32.916432,-117.091657,2896.3,222.2,3.04,164,81,303,,True,1.6
1046,32.916436,-117.091691,2899.5,222.2,3.1,164,81,306,,True,1.6
1047,32.916439,-117.091725,2902.7,222.2,3.14,164,81,313,,True,0.0
1048,32.916443,-117.091749,2905.4,222.2,3.1,164,81,315,,True,-1.7
1049,32.91644,-117.091782,2908.4,222.2,3.06,164,81,315,,True,-1.6
1050,32.916437,-117.091819,2911.6,222.0,3.06,164,80,317,,True,-3.1
1051,32.916438,-117.09185,2914.9,222.0,3.08,164,80,314,,True,-3.0
1052,32.916436,-117.091892,2918.1,221.8,3.08,164,81,313,,True,-1.5
1053,32.916428,-117.091927,2921.6,221.8,3.24,165,81,312,,True,-2.9
1054,32.916423,-117.09196,2925.2,221.8,3.36,164,82,314,,True,0.0
1055,32.916415,-117.092005,2928.9,221.6,3.46,164,82,314,,True,0.0
1056,32.916411,-117.092032,2931.9,221.8,3.4,165,82,315,,True,-1.5
1057,32.916404,-117.092071,2935.5,221.8,3.48,164,82,319,,True,0.0
1058,32.916391,-117.092105,2938.9,221.6,3.46,164,83,317,,True,-1.5
1059,32.916385,-117.092133,2942.1,221.6,3.38,165,83,316,,True,-1.6
1060,32.916374,-117.092166,2945.1,221.6,3.24,165,83,328,,True,0.0
1061,32.916363,-117.092193,2948.0,221.6,3.22,165,82,325,,True,0.0
1062,32.916352,-117.092224,2951.2,221.6,3.14,165,82,317,,True,0.0
1063,32.916332,-117.092257,2954.5,221.6,3.12,164,82,311,,True,0.0
1064,32.91632,-117.092281,2957.6,221.6,3.1,165,82,309,,True,-1.6
1065,32.916301,-117.092301,2960.5,221.6,3.08,165,80,308,,True,-1.6
1066,32.916266,-117.092319,2963.9,221.4,3.18,165,81,308,,True,-3.0
1067,32.91624,-117.092328,2967.2,221.4,3.2,165,81,305,,True,-1.4
1068,32.91621,-117.092336,2970.8,221.2,3.26,165,81,311,,True,0.0
1069,32.916173,-117.092341,2974.4,221.4,3.36,164,81,307,,True,0.0
1070,32.916142,-117.092346,2978.1,221.4,3.52,165,81,311,,True,2.8
1071,32.91611,-117.092344,2982.2,221.4,3.66,165,81,312,,True,1.4
1072,32.91609,-117.092351,2985.2,221.6,3.6,164,81,314,,True,0.0
1073,32.916048,-117.092356,2988.9,221.6,3.62,165,81,324,,True,-1.4
1074,32.916022,-117.092363,2992.2,221.4,3.56,165,0,105,,True,-2.6
1075,32.915979,-117.092367,2996.6,221.2,3.7,165,84,105,,True,-2.5
1076,32.915946,-117.09237,3000.3,221.2,3.62,165,84,105,,True,-1.2
1077,32.915903,-117.09237,3005.0,221.2,3.96,165,84,336,,True,1.2
1078,32.915872,-117.092372,3008.5,221.2,3.92,165,87,335,,True,2.4
1079,32.915831,-117.09237,3012.9,221.4,4.14,165,87,348,,True,3.8
1080,32.915796,-117.092374,3016.9,221.6,4.06,166,87,365,,True,3.7
1081,32.915761,-117.092377,3020.9,221.8,4.12,166,87,348,,True,3.9
1082,32.915725,-117.092381,3024.7,221.8,3.94,167,88,352,,True,2.6
1083,32.9157,-117.092387,3028.2,222.0,3.94,167,88,349,,True,2.7
1084,32.915659,-117.092393,3032.4,222.0,3.9,167,88,347,,True,2.8
1085,32.915632,-117.092398,3035.8,222.2,3.78,168,88,349,,True,1.4
1086,32.915597,-117.092407,3039.2,222.2,3.66,168,88,349,,True,3.0
1087,32.91557,-117.092415,3042.4,222.2,3.54,169,87,349,,True,1.5
1088,32.91554,-117.092428,3045.7,222.4,3.5,169,87,353,,True,0.0
1089,32.915509,-117.092449,3049.0,222.4,3.32,169,87,343,,True,0.0
1090,32.915486,-117.092474,3052.4,222.2,3.32,170,86,342,,True,-2.9
1091,32.91546,-117.09251,3056.3,222.2,3.42,170,86,343,,True,-2.8
1092,32.915447,-117.092537,3059.7,222.0,3.46,170,85,343,,True,-1.4
1093,32.915434,-117.092581,3063.4,222.0,3.54,170,85,345,,True,-2.9
1094,32.91543,-117.092614,3066.7,222.0,3.54,170,85,353,,True,-1.4
1095,32.915434,-117.092655,3070.2,221.8,3.56,171,85,353,,True,-1.5
1096,32.91545,-117.092688,3073.8,221.8,3.5,171,85,347,,True,-2.9
1097,32.915469,-117.092721,3077.0,221.8,3.46,171,85,343,,True,-1.5
1098,32.915493,-117.092746,3080.4,221.6,3.4,171,87,332,,True,-1.5
1099,32.915512,-117.092768,3083.6,221.6,3.38,171,87,326,,True,-1.4
1100,32.91554,-117.092796,3087.3,221.6,3.42,171,87,320,,True,0.0
1101,32.915565,-117.092819,3091.0,221.6,3.44,172,87,319,,True,0.0
1102,32.915599,-117.092852,3095.4,221.6,3.68,172,89,317,,True,0.0
1103,32.91562,-117.092865,3098.7,221.6,3.66,172,89,315,,True,0.0
1104,32.915651,-117.092894,3102.5,221.6,3.78,172,88,327,,True,0.0
1105,32.915674,-117.092913,3105.9,221.6,3.72,172,87,328,,True,-1.4
1106,32.915692,-117.092936,3109.2,221.6,3.64,173,86,320,,True,-1.5
1107,32.915717,-117.09297,3112.8,221.4,3.48,173,86,320,,True,-2.8
1108,32.915738,-117.092989,3116.2,221.4,3.5,173,85,319,,True,-2.7
1109,32.915766,-117.093028,3120.2,221.2,3.54,173,85,317,,True,-2.7
1110,32.915786,-117.093051,3123.9,221.2,3.6,174,85,318,,True,-2.6
1111,32.915808,-117.093084,3127.8,221.0,3.72,174,85,327,,True,-2.6
1112,32.915831,-117.093115,3131.5,221.0,3.74,174,85,330,,True,-3.9
1113,32.91585,-117.093141,3135.3,220.8,3.82,174,85,335,,True,-2.7
1114,32.91587,-117.093183,3139.4,220.6,3.84,174,85,334,,True,-2.7
1115,32.915882,-117.09321,3142.7,220.6,3.76,173,85,333,,True,0.0
1116,32.915894,-117.093252,3146.3,220.6,3.7,173,85,334,,True,3.0
1117,32.915901,-117.093286,3149.8,220.8,3.66,173,85,339,,True,4.4
1118,32.915908,-117.093317,3152.9,221.0,3.52,173,85,343,,True,5.9
1119,32.915912,-117.093362,3156.4,221.2,3.4,173,85,344,,True,4.5
1120,32.91592,-117.093389,3159.8,221.4,3.42,173,85,342,,True,3.0
1121,32.915916,-117.093425,3163.1,221.4,3.36,173,85,343,,True,1.5
1122,32.915912,-117.093462,3166.4,221.4,3.32,173,84,343,,True,-1.5
1123,32.915906,-117.093493,3169.6,221.4,3.34,173,84,347,,True,-1.6
1124,32.915898,-117.09353,3172.9,221.2,3.3,173,84,346,,True,-3.3
1125,32.915895,-117.093555,3175.6,221.2,3.16,173,84,344,,True,-3.2
1126,32.915887,-117.093593,3178.6,221.0,3.1,173,84,341,,True,-1.7
1127,32.915874,-117.093624,3182.1,221.0,3.14,172,84,328,,True,-1.6
1128,32.915866,-117.093652,3185.0,221.0,3.08,173,84,328,,True,1.5
1129,32.915854,-117.09369,3188.3,221.0,3.08,173,84,324,,True,1.5
1130,32.915845,-117.09372,3191.6,221.2,3.2,173,83,327,,True,1.4
1131,32.915829,-117.093757,3195.1,221.2,3.3,173,83,328,,True,1.5
1132,32.915809,-117.093784,3198.8,221.2,3.34,172,84,327,,True,0.0
1133,32.9158,-117.093816,3202.0,221.2,3.4,173,84,335,,True,-1.4
1134,32.915785,-117.093851,3205.6,221.2,3.46,173,84,335,,True,-1.4
1135,32.91577,-117.093886,3209.2,221.0,3.52,172,83,345,,True,-1.4
1136,32.915752,-117.093924,3212.9,221.0,3.56,173,83,345,,True,-1.4
1137,32.915733,-117.093949,3216.5,221.0,3.54,173,83,344,,True,0.0
1138,32.915715,-117.093968,3219.4,221.0,3.48,172,84,347,,True,1.5
1139,32.91569,-117.093997,3223.1,221.0,3.5,172,84,343,,True,1.6
1140,32.915679,-117.09402,3226.2,221.2,3.4,172,84,343,,True,3.2
1141,32.915657,-117.094046,3229.1,221.2,3.24,172,84,330,,True,3.5
1142,32.915638,-117.094061,3232.0,221.4,3.1,172,84,327,,True,3.5
1143,32.915617,-117.094078,3234.5,221.4,3.02,173,84,328,,True,5.3
1144,32.915585,-117.094091,3237.6,221.6,2.9,172,84,328,,True,5.0
1145,32.915564,-117.0941,3240.5,221.8,2.86,172,84,321,,True,6.5
1146,32.915527,-117.094105,3244.1,222.0,3.0,172,84,320,,True,6.1
1147,32.915505,-117.094116,3246.9,222.2,2.98,172,84,321,,True,4.3
1148,32.91547,-117.094123,3250.8,222.4,3.26,172,84,323,,True,2.8
1149,32.915436,-117.094124,3254.5,222.4,3.38,172,84,326,,True,1.3
1150,32.915405,-117.094126,3258.6,222.4,3.62,172,84,343,,True,1.3
1151,32.915368,-117.094132,3262.2,222.4,3.62,172,85,344,,True,2.5
1152,32.915338,-117.094138,3266.0,222.6,3.82,172,85,343,,True,2.7
1153,32.915297,-117.094146,3270.2,222.8,3.88,172,85,369,,True,2.8
1154,32.915274,-117.094159,3273.3,222.8,3.76,172,85,377,,True,3.0
1155,32.915246,-117.094172,3276.3,222.8,3.54,173,85,383,,True,0.0
1156,32.915219,-117.094192,3279.3,223.0,3.42,173,85,371,,True,0.0
1157,32.9152,-117.094209,3281.7,222.8,3.14,173,86,365,,True,0.0
1158,32.915177,-117.094244,3285.3,222.8,3.02,173,86,351,,True,-3.1
1159,32.915167,-117.094275,3288.6,222.8,3.06,173,86,352,,True,-1.4
1160,32.915158,-117.094318,3292.2,222.6,3.18,173,86,361,,True,-2.8
1161,32.915157,-117.094356,3295.8,222.6,3.3,173,85,366,,True,-4.2
1162,32.915158,-117.09439,3299.4,222.4,3.54,173,85,366,,True,-3.0
1163,32.915161,-117.094431,3302.8,222.2,3.5,173,85,364,,True,-2.9
1164,32.915168,-117.094459,3305.7,222.2,3.42,174,85,352,,True,-3.0
1165,32.915174,-117.094504,3309.5,222.2,3.46,174,85,347,,True,-1.5
1166,32.915182,-117.094534,3312.8,222.0,3.4,174,84,346,,True,-1.4
1167,32.915185,-117.094566,3315.8,222.0,3.28,173,84,340,,True,-1.5
1168,32.915192,-117.09461,3319.6,222.0,3.36,174,84,335,,True,0.0
1169,32.9152,-117.094638,3322.9,222.0,3.44,174,84,331,,True,1.4
1170,32.915206,-117.094679,3326.3,222.0,3.36,174,84,329,,True,1.5
1171,32.915209,-117.094713,3329.7,222.2,3.38,173,84,330,,True,3.0
1172,32.91521,-117.094743,3333.2,222.2,3.48,174,84,333,,True,4.9
1173,32.915211,-117.094781,3336.2,222.4,3.32,174,84,333,,True,3.3
1174,32.915211,-117.094801,3338.5,222.6,3.12,174,83,335,,True,3.3
1175,32.91521,-117.094842,3341.8,222.6,3.1,174,83,337,,True,1.7
1176,32.915208,-117.094877,3345.2,222.6,3.1,174,83,327,,True,0.0
1177,32.915211,-117.094907,3348.3,222.6,3.02,174,83,328,,True,-1.5
1178,32.915202,-117.094954,3352.1,222.6,3.18,173,84,329,,True,-1.4
1179,32.9152,-117.09498,3355.4,222.4,3.38,174,84,326,,True,-1.4
1180,32.915189,-117.09502,3359.1,222.4,3.46,174,83,336,,True,-3.0
1181,32.915181,-117.095053,3362.4,222.4,3.44,174,84,335,,True,-1.5
1182,32.915174,-117.095085,3365.6,222.2,3.46,173,84,340,,True,-1.5
1183,32.915166,-117.095123,3369.0,222.2,3.38,173,84,341,,True,0.0
1184,32.915152,-117.095156,3372.5,222.2,3.42,173,83,339,,True,4.4
1185,32.915133,-117.095186,3376.1,222.4,3.4,174,83,340,,True,5.8
1186,32.915119,-117.095211,3379.2,222.8,3.36,173,83,339,,True,5.9
1187,32.9151,-117.095251,3382.8,223.0,3.44,173,83,338,,True,4.7
1188,32.915089,-117.09528,3386.1,223.0,3.42,174,83,340,,True,1.5
1189,32.915082,-117.095308,3389.0,223.0,3.3,174,83,336,,True,-1.6
1190,32.915065,-117.095342,3392.4,223.0,3.26,174,83,337,,True,-1.7
1191,32.915055,-117.095363,3395.0,222.8,3.16,173,83,337,,True,0.0
1192,32.91504,-117.095389,3397.6,222.8,2.96,174,83,335,,True,0.0
1193,32.91502,-117.095416,3400.9,223.0,2.96,174,83,321,,True,1.8
1194,32.915012,-117.095438,3403.5,223.0,2.9,173,83,320,,True,0.0
1195,32.914996,-117.095467,3406.1,223.0,2.74,173,82,315,,True,-1.8
1196,32.914974,-117.095488,3409.4,222.8,2.88,173,82,315,,True,-1.6
1197,32.914963,-117.095513,3412.3,222.8,2.94,173,82,316,,True,0.0
1198,32.914943,-117.095548,3415.8,222.8,2.98,173,82,318,,True,1.6
1199,32.914931,-117.095571,3418.7,223.0,3.04,173,81,318,,True,1.6
1200,32.914917,-117.095595,3421.6,223.0,3.1,173,81,326,,True,1.7
1201,32.9149,-117.095626,3424.7,223.0,3.06,173,81,326,,True,0.0
1202,32.914889,-117.095647,3427.4,223.0,3.02,173,81,321,,True,-1.7
1203,32.914876,-117.095673,3430.0,223.0,2.84,172,81,319,,True,-1.7
1204,32.914855,-117.095698,3433.3,222.8,2.92,172,81,310,,True,-1.8
1205,32.914844,-117.095721,3436.3,222.8,2.94,172,81,308,,True,-3.4
1206,32.91483,-117.095745,3438.6,222.8,2.78,172,81,309,,True,-1.9
1207,32.914807,-117.095762,3441.6,222.6,2.84,171,81,307,,True,-1.9
1208,32.914793,-117.095781,3443.9,222.6,2.78,171,81,299,,True,-1.8
1209,32.914776,-117.095814,3447.0,222.6,2.74,170,81,293,,True,0.0
1210,32.914768,-117.095839,3449.9,222.6,2.72,170,82,293,,True,0.0
1211,32.914756,-117.095863,3452.4,222.6,2.76,169,82,295,,True,-1.7
1212,32.91474,-117.095893,3455.6,222.6,2.8,169,81,296,,True,-3.5
1213,32.914732,-117.095921,3458.5,222.4,2.92,168,81,296,,True,-3.3
1214,32.914721,-117.095949,3461.4,222.2,2.88,168,82,291,,True,-5.2
1215,32.91471,-117.095982,3464.5,222.2,2.92,167,82,289,,True,-3.4
1216,32.914703,-117.096006,3467.1,222.0,2.94,167,81,288,,True,-1.6
1217,32.914695,-117.096041,3470.2,222.0,2.92,166,81,287,,True,-1.8
1218,32.914685,-117.096075,3473.7,222.0,3.04,166,81,289,,True,0.0
1219,32.914683,-117.096095,3475.9,222.0,2.9,166,81,288,,True,0.0
1220,32.914674,-117.09613,3478.8,222.0,2.86,166,81,287,,True,0.0
1221,32.914668,-117.096158,3481.6,222.0,2.9,165,81,281,,True,-1.6
1222,32.914662,-117.096183,3484.3,222.0,2.82,165,81,281,,True,-1.6
1223,32.914652,-117.09623,3488.1,221.8,2.88,165,81,280,,True,-1.6
1224,32.914648,-117.096259,3491.5,221.8,3.12,165,81,281,,True,-2.9
1225,32.914641,-117.09629,3494.5,221.8,3.14,165,81,291,,True,-1.6
1226,32.914632,-117.096328,3497.9,221.6,3.26,165,81,292,,True,-1.6
1227,32.914632,-117.096353,3500.6,221.6,3.26,164,81,293,,True,-1.6
1228,32.91463,-117.096394,3503.9,221.6,3.16,164,81,289,,True,-1.7
1229,32.914627,-117.096424,3507.2,221.6,3.14,164,81,284,,True,-1.7
1230,32.914617,-117.096451,3510.0,221.4,3.1,165,82,294,,True,-1.7
1231,32.914608,-117.096484,3512.7,221.4,2.96,164,82,295,,True,-3.6
1232,32.914604,-117.096509,3515.6,221.4,3.0,164,82,295,,True,-1.8
1233,32.914597,-117.096536,3518.3,221.2,2.88,165,83,279,,True,0.0
1234,32.914589,-117.096564,3521.1,221.2,2.78,164,83,279,,True,0.0
1235,32.914588,-117.09659,3523.6,221.4,2.72,164,83,275,,True,3.5
1236,32.914586,-117.096631,3526.8,221.4,2.82,164,82,274,,True,3.5
1237,32.914581,-117.096656,3529.6,221.6,2.8,164,82,273,,True,0.0
1238,32.914571,-117.096686,3532.5,221.6,2.84,164,82,271,,True,-1.7
1239,32.914558,-117.096721,3535.9,221.4,2.96,163,82,268,,True,-3.1
1240,32.914554,-117.096747,3538.8,221.2,3.04,163,82,271,,True,-4.8
1241,32.914542,-117.096788,3542.3,221.2,3.1,163,82,271,,True,-3.1
1242,32.914532,-117.096815,3545.1,221.0,3.1,163,82,273,,True,0.0
1243,32.914527,-117.096849,3548.6,221.0,3.22,163,82,278,,True,0.0
1244,32.91452,-117.096888,3552.0,221.2,3.22,162,82,282,,True,1.6
1245,32.914509,-117.096912,3554.9,221.2,3.22,162,82,281,,True,0.0
1246,32.914499,-117.096944,3558.0,221.2,3.14,162,82,281,,True,-3.2
1247,32.914487,-117.096979,3561.5,221.0,3.28,162,82,283,,True,-3.1
1248,32.914481,-117.097006,3564.5,220.8,3.18,162,83,283,,True,-4.8
1249,32.914471,-117.097043,3567.8,220.8,3.16,162,83,284,,True,-3.3
1250,32.914461,-117.097067,3570.5,220.6,3.12,161,83,285,,True,-1.6
1251,32.914453,-117.097102,3573.6,220.6,3.12,161,83,285,,True,-1.7
1252,32.914444,-117.097137,3577.0,220.6,3.1,161,84,282,,True,0.0
1253,32.91444,-117.097166,3579.9,220.6,3.08,161,84,282,,True,1.5
1254,32.914429,-117.097207,3583.5,220.6,3.14,161,84,282,,True,1.6
1255,32.914428,-117.097237,3586.9,220.8,3.28,161,83,284,,True,1.5
1256,32.914418,-117.097269,3589.9,220.8,3.26,161,83,287,,True,1.6
1257,32.914414,-117.097301,3592.9,220.8,3.18,161,84,286,,True,1.6
1258,32.914414,-117.097331,3595.8,220.8,3.18,161,84,288,,True,1.6
1259,32.914405,-117.097372,3599.2,221.0,3.14,160,84,289,,True,1.6
1260,32.914399,-117.097398,3602.1,221.0,3.04,160,84,289,,True,1.5
1261,32.914394,-117.097433,3605.3,221.0,3.08,160,84,290,,True,0.0
1262,32.914387,-117.097472,3608.9,221.0,3.2,161,84,291,,True,0.0
1263,32.914389,-117.0975,3611.9,221.0,3.22,160,84,292,,True,0.0
1264,32.91438,-117.097541,3615.5,221.0,3.26,160,84,293,,True,1.6
1265,32.914376,-117.097569,3618.3,221.0,3.24,160,83,294,,True,1.6
1266,32.914364,-117.097599,3621.5,221.2,3.24,160,83,297,,True,3.2
1267,32.91435,-117.097634,3624.8,221.2,3.18,160,83,300,,True,3.1
1268,32.914344,-117.097664,3628.0,221.4,3.22,160,83,302,,True,3.1
1269,32.914339,-117.097701,3631.1,221.4,3.12,160,84,302,,True,4.8
1270,32.914332,-117.097729,3634.2,221.6,3.18,160,84,306,,True,1.6
1271,32.914326,-117.097761,3637.2,221.8,3.14,159,84,308,,True,1.6
1272,32.914313,-117.097793,3640.3,221.6,3.1,159,84,310,,True,0.0
1273,32.914303,-117.097821,3643.3,221.6,3.06,160,83,309,,True,-1.5
1274,32.914292,-117.097868,3647.4,221.6,3.26,160,83,310,,True,0.0
1275,32.914292,-117.097894,3650.3,221.6,3.22,160,83,312,,True,1.5
1276,32.914286,-117.097935,3653.9,221.6,3.34,159,83,314,,True,3.3
1277,32.91428,-117.097961,3656.7,221.8,3.28,160,84,316,,True,3.3
1278,32.914274,-117.097987,3659.5,222.0,3.24,160,84,322,,True,3.5
1279,32.914271,-117.098025,3662.3,222.0,2.98,160,84,326,,True,1.7
1280,32.914273,-117.098053,3665.2,222.0,2.98,161,85,323,,True,1.7
1281,32.914268,-117.098094,3668.3,222.0,2.88,161,86,322,,True,1.6
1282,32.914268,-117.098125,3671.6,222.2,2.98,161,84,322,,True,1.5
1283,32.914273,-117.098163,3675.0,222.2,3.1,161,84,323,,True,1.4
1284,32.914268,-117.098205,3678.8,222.2,3.3,161,84,324,,True,0.0
1285,32.914267,-117.098236,3682.5,222.2,3.46,161,84,325,,True,0.0
1286,32.914263,-117.098275,3686.2,222.2,3.58,162,84,326,,True,0.0
1287,32.91426,-117.098309,3689.4,222.2,3.56,162,84,327,,True,0.0
1288,32.914252,-117.098334,3691.8,222.2,3.36,162,84,331,,True,0.0
1289,32.914242,-117.098381,3695.4,222.2,3.32,162,83,333,,True,0.0
1290,32.91424,-117.098404,3698.5,222.2,3.2,163,83,333,,True,0.0
1291,32.914228,-117.098436,3701.7,222.2,3.1,163,83,337,,True,0.0
1292,32.914208,-117.098463,3705.1,222.2,3.14,163,83,340,,True,1.5
1293,32.914198,-117.098489,3707.9,222.2,3.22,163,83,340,,True,3.1
1294,32.914175,-117.098528,3711.5,222.4,3.22,163,83,336,,True,3.1
1295,32.914159,-117.098547,3714.5,222.6,3.2,163,83,336,,True,2.9
1296,32.914138,-117.098574,3717.9,222.6,3.24,164,83,337,,True,1.5
1297,32.914114,-117.098605,3721.7,222.6,3.32,164,83,337,,True,0.0
1298,32.914105,-117.098628,3724.6,222.6,3.34,164,83,337,,True,0.0
1299,32.914091,-117.098662,3727.7,222.6,3.24,164,83,337,,True,1.7
1300,32.914081,-117.098689,3730.6,222.6,3.22,164,83,339,,True,1.6
1301,32.914067,-117.098714,3733.5,222.8,3.12,164,84,340,,True,0.0
1302,32.914042,-117.098744,3737.2,222.8,3.1,165,84,338,,True,0.0
1303,32.91403,-117.098768,3740.3,222.6,3.14,165,84,333,,True,-1.6
1304,32.914007,-117.098803,3743.6,222.6,3.18,165,84,328,,True,-1.6
1305,32.913995,-117.098825,3746.3,222.6,3.14,165,84,323,,True,-1.6
1306,32.913975,-117.098854,3749.7,222.6,3.24,165,84,322,,True,-1.6
1307,32.913954,-117.098882,3752.9,222.4,3.14,164,84,321,,True,-1.6
1308,32.913944,-117.098907,3755.8,222.4,3.1,165,84,321,,True,0.0
1309,32.913929,-117.098941,3758.8,222.4,3.04,165,84,320,,True,1.7
1310,32.913917,-117.098964,3761.4,222.6,3.02,165,84,319,,True,0.0
1311,32.913898,-117.098989,3764.4,222.6,2.94,165,84,316,,True,-1.6
1312,32.913874,-117.09902,3768.0,222.4,3.02,165,84,310,,True,-4.5
1313,32.913861,-117.099049,3771.5,222.2,3.14,165,83,310,,True,-4.2
1314,32.91384,-117.099077,3774.8,222.0,3.2,165,83,309,,True,-2.7
1315,32.913827,-117.099109,3778.8,222.0,3.48,164,83,309,,True,-1.3
1316,32.913807,-117.099145,3782.7,222.0,3.66,165,83,306,,True,1.2
1317,32.913784,-117.099185,3787.0,222.0,3.8,165,83,312,,True,1.2
1318,32.913764,-117.099222,3791.2,222.2,3.94,165,83,316,,True,1.1
1319,32.913735,-117.099264,3796.0,222.2,4.24,164,85,318,,True,2.3
1320,32.913717,-117.099293,3800.1,222.2,4.26,164,85,322,,True,2.5
1321,32.913695,-117.099331,3804.2,222.4,4.3,164,85,393,,True,2.7
1322,32.913683,-117.099357,3807.3,222.6,4.06,164,87,392,,True,1.4
1323,32.913663,-117.099389,3810.7,222.6,3.9,165,87,391,,True,0.0
1324,32.913644,-117.099417,3814.0,222.4,3.6,165,87,339,,True,-1.5
1325,32.91363,-117.099439,3816.9,222.4,3.36,165,87,326,,True,-1.5
1326,32.913605,-117.099473,3820.7,222.4,3.3,165,87,329,,True,0.0
1327,32.913591,-117.099497,3823.9,222.4,3.32,165,85,331,,True,-1.4
1328,32.913568,-117.099532,3827.4,222.4,3.34,165,85,325,,True,-3.0
1329,32.91355,-117.099563,3831.0,222.2,3.4,165,85,330,,True,-2.9
1330,32.913538,-117.099589,3834.2,222.0,3.46,164,84,331,,True,-4.5
1331,32.913523,-117.099626,3837.6,222.0,3.38,165,83,332,,True,-4.8
1332,32.913518,-117.099653,3840.7,221.8,3.36,165,83,330,,True,-3.2
1333,32.91351,-117.099685,3843.4,221.6,3.2,165,83,325,,True,-3.3
1334,32.913494,-117.099714,3846.8,221.6,3.16,164,83,321,,True,-1.7
1335,32.913483,-117.099741,3849.6,221.6,3.08,165,84,316,,True,0.0
1336,32.913468,-117.099774,3852.8,221.6,3.04,165,84,313,,True,0.0
1337,32.913463,-117.099802,3855.6,221.6,2.98,165,84,312,,True,1.7
1338,32.913455,-117.099841,3858.8,221.6,3.08,164,84,311,,True,1.7
1339,32.913451,-117.099869,3861.6,221.8,2.96,165,84,309,,True,0.0
1340,32.913449,-117.099905,3864.8,221.8,3.04,165,85,307,,True,0.0
1341,32.913455,-117.099944,3868.2,221.6,3.08,165,85,305,,True,-1.4
1342,32.913459,-117.099974,3871.3,221.6,3.14,165,85,304,,True,-2.8
1343,32.91346,-117.100027,3875.6,221.6,3.36,165,85,303,,True,-2.6
1344,32.913459,-117.100059,3879.1,221.4,3.5,165,85,303,,True,-2.5
1345,32.913456,-117.100107,3883.3,221.2,3.7,165,85,307,,True,-2.5
1346,32.913454,-117.100149,3887.4,221.2,3.84,165,85,309,,True,-1.2
1347,32.913454,-117.100191,3891.9,221.2,4.12,166,85,325,,True,1.3
1348,32.913452,-117.100234,3895.4,221.2,3.96,166,85,337,,True,1.3
1349,32.913451,-117.10027,3899.0,221.4,3.98,166,84,340,,True,0.0
1350,32.913448,-117.100314,3903.0,221.4,3.94,166,84,348,,True,0.0
1351,32.913444,-117.100351,3906.7,221.2,3.86,167,84,342,,True,-2.8
1352,32.913443,-117.100379,3909.6,221.2,3.54,167,84,349,,True,-3.1
1353,32.913441,-117.10042,3913.3,221.0,3.58,167,84,348,,True,-1.6
1354,32.913438,-117.100448,3915.9,221.0,3.38,168,83,329,,True,-1.5
1355,32.913431,-117.100478,3918.9,221.0,3.18,168,83,318,,True,-1.7
1356,32.913424,-117.100514,3922.6,221.0,3.18,168,83,311,,True,-3.2
1357,32.913422,-117.100539,3925.0,220.8,3.08,168,82,306,,True,-4.8
1358,32.913412,-117.100579,3928.3,220.6,3.0,167,82,305,,True,-6.6
1359,32.913403,-117.100608,3931.3,220.4,3.08,168,82,305,,True,-4.5
1360,32.913398,-117.100645,3934.7,220.2,3.16,168,82,304,,True,-4.4
1361,32.91339,-117.100685,3938.3,220.2,3.14,168,83,300,,True,-4.1
1362,32.913388,-117.100721,3941.8,220.0,3.36,167,83,298,,True,-2.8
1363,32.913385,-117.100768,3945.8,219.8,3.5,167,83,298,,True,-2.8
1364,32.913382,-117.100795,3949.0,219.8,3.54,167,83,300,,True,-1.4
1365,32.913377,-117.100834,3952.6,219.8,3.58,167,84,305,,True,1.5
1366,32.913375,-117.100874,3956.1,219.8,3.56,167,84,308,,True,1.5
1367,32.913378,-117.100903,3959.3,220.0,3.5,167,84,308,,True,1.6
1368,32.913373,-117.100939,3962.5,220.0,3.34,167,83,309,,True,1.7
1369,32.913365,-117.100966,3965.4,220.0,3.28,166,82,309,,True,0.0
1370,32.913364,-117.100993,3968.1,220.0,3.1,166,82,311,,True,0.0
1371,32.913364,-117.101035,3971.5,220.0,3.08,166,82,313,,True,0.0
1372,32.913367,-117.101066,3974.6,220.0,3.06,165,82,311,,True,0.0
1373,32.913358,-117.101095,3977.5,220.0,3.0,165,82,311,,True,0.0
1374,32.913345,-117.101133,3980.8,220.0,3.08,165,82,314,,True,0.0
1375,32.913345,-117.101159,3983.7,220.0,3.12,165,82,311,,True,-1.6
1376,32.913332,-117.101196,3987.3,220.0,3.16,164,82,309,,True,-1.7
1377,32.913322,-117.101226,3990.2,219.8,3.12,164,82,311,,True,-1.7
1378,32.913321,-117.101249,3992.7,219.8,3.04,164,82,311,,True,-1.8
1379,32.913315,-117.101285,3995.6,219.8,2.96,164,82,310,,True,0.0
1380,32.913307,-117.101312,3998.6,219.8,2.98,164,82,307,,True,1.8
1381,32.913301,-117.101335,4001.2,219.8,2.78,164,81,305,,True,1.9
1382,32.913293,-117.101371,4003.9,220.0,2.74,164,81,305,,True,1.9
1383,32.913283,-117.10139,4006.3,220.0,2.72,164,81,303,,True,1.8
1384,32.913271,-117.101415,4009.1,220.0,2.7,164,81,302,,True,0.0
1385,32.913262,-117.10145,4012.1,220.0,2.7,164,81,302,,True,0.0
1386,32.913256,-117.101473,4014.8,220.0,2.72,164,81,301,,True,0.0
1387,32.913245,-117.101503,4017.6,220.0,2.74,164,81,301,,True,0.0
1388,32.913236,-117.101531,4020.6,220.0,2.86,164,81,300,,True,0.0
1389,32.913233,-117.101553,4022.9,220.0,2.76,163,81,298,,True,0.0
1390,32.913219,-117.101584,4025.4,220.0,2.66,163,82,297,,True,0.0
1391,32.913219,-117.101601,4027.6,220.0,2.56,163,82,296,,True,0.0
1392,32.913213,-117.10163,4030.1,220.0,2.5,163,82,295,,True,0.0
1393,32.913202,-117.101664,4033.1,220.0,2.5,163,82,293,,True,1.8
1394,32.913199,-117.101688,4035.7,220.0,2.56,163,82,293,,True,3.3
1395,32.913188,-117.101722,4038.9,220.2,2.7,163,82,293,,True,3.4
1396,32.913182,-117.101753,4042.1,220.4,2.9,163,82,294,,True,3.3
1397,32.913181,-117.101779,4044.8,220.4,2.94,163,82,295,,True,3.5
1398,32.91318,-117.101818,4047.8,220.4,2.94,163,82,296,,True,1.8
1399,32.913177,-117.101838,4050.2,220.6,2.9,163,82,298,,True,1.8
1400,32.913173,-117.101868,4053.0,220.6,2.82,163,82,298,,True,3.8
1401,32.91317,-117.101902,4055.8,220.6,2.74,164,82,298,,True,0.0
1402,32.913166,-117.101923,4058.2,220.8,2.68,164,82,298,,True,0.0
1403,32.913158,-117.101953,4061.0,220.6,2.64,164,82,298,,True,0.0
1404,32.91315,-117.101985,4063.9,220.6,2.74,164,82,297,,True,-1.9
1405,32.913151,-117.102008,4066.4,220.6,2.68,163,82,296,,True,-1.9
1406,32.913146,-117.102039,4069.0,220.6,2.64,164,82,296,,True,-1.9
1407,32.913134,-117.102067,4071.8,220.4,2.72,164,81,295,,True,-1.8
1408,32.913129,-117.102093,4074.5,220.4,2.7,163,81,294,,True,-1.7
1409,32.913112,-117.102125,4077.7,220.4,2.76,163,81,292,,True,0.0
1410,32.913099,-117.102149,4080.6,220.4,2.84,163,81,294,,True,0.0
1411,32.913088,-117.102176,4083.7,220.4,2.94,163,81,295,,True,0.0
1412,32.913075,-117.102207,4086.6,220.4,2.96,163,81,296,,True,0.0
1413,32.913061,-117.102234,4089.6,220.4,3.02,163,81,295,,True,0.0
1414,32.913033,-117.102264,4093.2,220.4,3.1,164,82,291,,True,1.5
1415,32.913015,-117.102279,4096.4,220.4,3.16,163,83,290,,True,-1.4
1416,32.91299,-117.102315,4100.3,220.6,3.32,163,83,290,,True,-1.3
1417,32.912974,-117.102353,4104.1,220.2,3.5,164,83,289,,True,0.0
1418,32.912954,-117.102391,4108.2,220.2,3.72,163,83,292,,True,-1.4
1419,32.91293,-117.102417,4111.8,220.4,3.72,163,85,296,,True,1.6
1420,32.912908,-117.102423,4114.4,220.4,3.6,164,85,295,,True,3.9
1421,32.91289,-117.102409,4116.8,220.4,3.3,164,85,292,,True,1.9
1422,32.912874,-117.102397,4118.5,220.6,2.88,164,85,271,,True,1.9
1423,32.912863,-117.102388,4120.0,220.6,2.36,163,85,259,,True,0.0
1424,32.912841,-117.102375,4122.3,220.6,2.1,163,85,233,,True,-3.0
1425,32.912811,-117.102364,4125.1,220.6,2.14,163,85,230,,True,-3.4
1426,32.91279,-117.10237,4127.9,220.4,2.22,163,85,231,,True,-4.8
1427,32.912753,-117.102375,4131.7,220.2,2.64,163,82,248,,True,-6.3
1428,32.912732,-117.102383,4134.8,220.0,2.96,164,79,268,,True,-4.8
1429,32.91271,-117.102394,4137.8,219.8,3.1,163,79,300,,True,-5.2
1430,32.912681,-117.102398,4140.4,219.8,3.06,163,78,308,,True,-1.7
1431,32.912657,-117.102399,4143.3,219.6,3.08,163,81,293,,True,0.0
1432,32.912631,-117.102396,4146.5,219.8,2.96,164,81,276,,True,0.0
1433,32.912601,-117.10239,4149.2,219.8,2.88,164,81,268,,True,1.7
1434,32.912579,-117.102387,4151.7,219.8,2.78,164,81,265,,True,-1.8
1435,32.912547,-117.102378,4155.1,219.8,2.94,164,81,264,,True,-1.7
1436,32.912521,-117.102367,4157.9,219.6,2.92,163,81,261,,True,-1.6
1437,32.912494,-117.102359,4160.9,219.6,2.88,163,81,258,,True,-3.2
1438,32.912459,-117.102343,4164.6,219.6,3.08,163,81,258,,True,-1.5
1439,32.912435,-117.102336,4167.6,219.4,3.18,163,82,256,,True,-2.6
1440,32.912405,-117.102316,4171.6,219.4,3.3,163,81,259,,True,-4.0
1441,32.912368,-117.102293,4176.0,219.2,3.62,163,81,262,,True,-3.8
1442,32.912342,-117.10228,4179.5,219.0,3.72,163,81,265,,True,-3.9
1443,32.912313,-117.102257,4183.5,218.8,3.78,163,82,263,,True,-4.3
1444,32.912293,-117.102228,4186.8,218.8,3.84,163,82,263,,True,-4.3
1445,32.912275,-117.102206,4189.9,218.6,3.66,163,82,271,,True,-4.5
1446,32.912253,-117.102175,4193.6,218.4,3.52,163,82,268,,True,-7.6
1447,32.912238,-117.102143,4196.8,218.2,3.46,163,81,265,,True,-7.3
1448,32.912222,-117.102118,4200.0,217.8,3.3,163,81,266,,True,-9.0
1449,32.912202,-117.102089,4203.6,217.6,3.36,163,81,255,,True,-9.1
1450,32.912183,-117.102059,4206.9,217.2,3.4,163,81,251,,True,-8.8
1451,32.912162,-117.102041,4210.0,217.0,3.28,163,81,249,,True,-8.9
1452,32.912142,-117.102009,4213.6,216.6,3.36,163,80,240,,True,-9.0
1453,32.912132,-117.101972,4217.1,216.4,3.42,163,80,238,,True,-9.1
1454,32.912117,-117.101947,4220.3,216.0,3.34,163,80,242,,True,-9.6
1455,32.912102,-117.101918,4223.2,215.8,3.26,163,80,238,,True,-10.1
1456,32.912091,-117.101889,4226.1,215.4,3.22,163,80,231,,True,-10.2
1457,32.912075,-117.101869,4229.0,215.2,3.08,163,79,217,,True,-11.6
1458,32.912054,-117.101844,4232.1,214.8,3.0,162,79,209,,True,-12.0
1459,32.912028,-117.101818,4235.3,214.4,3.0,162,79,204,,True,-12.2
1460,32.91201,-117.101807,4237.8,214.0,2.92,162,79,201,,True,-14.4
1461,32.911983,-117.101798,4240.5,213.8,2.88,162,79,196,,True,-15.0
1462,32.911956,-117.10179,4243.2,213.2,2.84,162,79,194,,True,-16.2
1463,32.911929,-117.101792,4246.0,212.8,2.78,163,79,195,,True,-20.0
1464,32.911903,-117.101793,4248.9,212.2,2.72,162,79,198,,True,-16.4
1465,32.911874,-117.101795,4251.5,211.6,2.74,163,79,202,,True,-15.0
1466,32.911852,-117.101804,4254.2,211.4,2.74,163,79,206,,True,-10.7
1467,32.91183,-117.101823,4256.7,211.2,2.7,163,79,208,,True,-7.0
1468,32.911809,-117.101856,4260.1,211.0,2.82,163,79,206,,True,-5.0
1469,32.911799,-117.101879,4262.9,210.8,2.8,163,79,210,,True,-6.5
1470,32.911791,-117.101919,4266.2,210.8,2.94,163,79,218,,True,-5.1
1471,32.911789,-117.101949,4269.1,210.4,2.98,163,79,216,,True,-4.9
1472,32.911792,-117.101977,4271.8,210.4,3.02,163,79,221,,True,-5.0
1473,32.9118,-117.102018,4275.1,210.2,3.0,163,80,218,,True,-1.7
1474,32.911805,-117.102045,4278.1,210.2,3.04,163,82,214,,True,-3.1
1475,32.91181,-117.102079,4281.2,210.2,3.0,163,82,212,,True,-3.1
1476,32.911815,-117.102116,4284.6,210.0,3.1,163,82,212,,True,-3.1
1477,32.911819,-117.102145,4287.8,209.8,3.2,163,82,211,,True,-4.5
1478,32.911822,-117.102186,4291.0,209.8,3.18,162,82,215,,True,-4.4
1479,32.911825,-117.102222,4294.6,209.6,3.3,162,82,225,,True,-2.9
1480,32.911832,-117.102255,4298.1,209.4,3.38,162,82,228,,True,-3.0
1481,32.911835,-117.102295,4301.5,209.4,3.38,162,81,234,,True,-1.5
1482,32.91184,-117.102323,4304.5,209.4,3.34,162,81,239,,True,-1.5
1483,32.911844,-117.102362,4308.0,209.4,3.4,162,81,240,,True,-1.5
1484,32.911852,-117.102399,4311.5,209.2,3.38,162,82,244,,True,0.0
1485,32.91186,-117.102424,4314.5,209.2,3.28,161,83,248,,True,-1.5
1486,32.911864,-117.102466,4317.9,209.4,3.28,162,83,256,,True,-1.5
1487,32.911867,-117.102499,4321.2,209.2,3.34,162,83,259,,True,-1.5
1488,32.911869,-117.102532,4324.6,209.0,3.32,162,83,264,,True,-4.6
1489,32.911871,-117.102569,4327.7,209.0,3.24,161,83,269,,True,-6.0
1490,32.911873,-117.102603,4331.0,208.8,3.3,162,83,272,,True,-5.8
1491,32.911881,-117.102643,4334.6,208.4,3.34,162,83,274,,True,-5.6
1492,32.911887,-117.102683,4338.3,208.2,3.42,162,82,277,,True,-4.0
1493,32.911893,-117.102718,4342.1,208.2,3.5,162,82,286,,True,-1.3
1494,32.911895,-117.102764,4346.0,208.2,3.66,162,81,295,,True,1.3
1495,32.911899,-117.102799,4349.7,208.2,3.74,162,81,303,,True,1.3
1496,32.91191,-117.10284,4353.5,208.4,3.78,162,81,309,,True,2.7
1497,32.911918,-117.10288,4357.2,208.4,3.78,163,82,316,,True,2.7
1498,32.911926,-117.102914,4361.0,208.6,3.78,163,84,320,,True,1.4
1499,32.911925,-117.102956,4364.6,208.6,3.72,164,84,325,,True,1.4
1500,32.911929,-117.102989,4367.7,208.6,3.6,164,83,326,,True,-1.4
1501,32.911934,-117.103025,4371.2,208.6,3.54,164,83,325,,True,-2.9
1502,32.911939,-117.103069,4374.9,208.4,3.54,165,83,325,,True,-2.7
1503,32.911946,-117.103101,4378.5,208.2,3.5,165,83,321,,True,-2.8
1504,32.911949,-117.103143,4382.3,208.2,3.54,165,83,323,,True,-1.4
1505,32.911954,-117.103178,4385.7,208.2,3.6,166,83,324,,True,0.0
1506,32.91196,-117.103215,4389.6,208.2,3.68,166,82,324,,True,-1.4
1507,32.911965,-117.103256,4393.1,208.2,3.64,166,82,327,,True,-3.0
1508,32.91197,-117.103284,4396.1,208.0,3.52,166,82,326,,True,-4.7
1509,32.911972,-117.103317,4399.1,207.8,3.36,166,82,325,,True,-6.8
1510,32.911972,-117.103353,4402.3,207.6,3.32,167,82,324,,True,-4.9
1511,32.911976,-117.103378,4404.8,207.4,3.04,167,83,307,,True,-4.7
1512,32.911981,-117.103421,4408.3,207.4,3.04,167,83,303,,True,-3.1
1513,32.91198,-117.103455,4411.8,207.2,3.14,167,82,303,,True,-2.8
1514,32.911984,-117.103488,4415.1,207.2,3.2,167,82,303,,True,-4.3
1515,32.911983,-117.103535,4419.2,207.0,3.38,167,82,303,,True,-2.9
1516,32.911983,-117.103563,4422.3,206.8,3.5,167,82,302,,True,-4.4
1517,32.911981,-117.103596,4425.4,206.8,3.42,167,82,310,,True,-3.2
1518,32.91198,-117.103635,4428.6,206.6,3.36,167,83,311,,True,0.0
1519,32.911985,-117.103665,4431.8,206.6,3.34,168,82,301,,True,0.0
1520,32.911982,-117.103709,4435.5,206.8,3.26,168,82,299,,True,2.9
1521,32.91198,-117.103742,4439.0,206.8,3.34,168,82,300,,True,4.3
1522,32.911981,-117.103774,4442.3,207.0,3.38,168,82,308,,True,1.4
1523,32.911978,-117.103818,4445.9,207.2,3.46,167,82,318,,True,0.0
1524,32.91198,-117.103852,4449.4,207.0,3.52,168,82,319,,True,-2.8
1525,32.911976,-117.103889,4452.8,206.8,3.46,168,82,320,,True,-7.4
1526,32.911971,-117.103929,4456.5,206.6,3.5,168,82,319,,True,-8.6
1527,32.911972,-117.103958,4459.5,206.2,3.44,168,81,315,,True,-8.6
1528,32.911971,-117.104006,4463.3,205.8,3.48,168,81,318,,True,-9.1
1529,32.911965,-117.104038,4466.8,205.6,3.48,169,81,314,,True,-5.8
1530,32.911967,-117.104066,4469.7,205.4,3.38,169,82,316,,True,-3.1
1531,32.911968,-117.104111,4473.3,205.4,3.36,169,82,315,,True,0.0
1532,32.911968,-117.104139,4476.2,205.4,3.34,169,81,312,,True,4.7
1533,32.911964,-117.104167,4479.1,205.6,3.16,169,81,308,,True,8.3
1534,32.91196,-117.104211,4482.4,206.0,3.12,169,81,309,,True,3.2
1535,32.911953,-117.104237,4485.4,206.4,3.14,169,81,308,,True,-3.0
1536,32.91195,-117.104271,4488.7,205.8,3.08,169,81,305,,True,-7.7
1537,32.911945,-117.104313,4492.3,205.2,3.22,169,81,303,,True,-15.2
1538,32.911946,-117.104339,4495.4,205.0,3.26,169,81,305,,True,-11.8
1539,32.911944,-117.104378,4498.6,204.4,3.24,169,81,304,,True,-10.9
1540,32.911941,-117.104414,4502.3,204.2,3.38,169,81,298,,True,-9.6
1541,32.911941,-117.104445,4505.1,203.8,3.28,169,81,293,,True,-4.8
1542,32.911942,-117.104477,4507.9,203.8,3.12,169,81,288,,True,-5.3
1543,32.911942,-117.104508,4511.1,203.8,3.14,169,81,280,,True,-3.5
1544,32.911943,-117.104535,4513.7,203.6,3.02,169,80,279,,True,-3.5
1545,32.911942,-117.10457,4516.4,203.4,2.82,169,80,282,,True,-3.5
1546,32.911941,-117.104598,4519.4,203.4,2.86,169,80,283,,True,-1.6
1547,32.911944,-117.10463,4522.4,203.4,2.9,169,81,274,,True,0.0
1548,32.911942,-117.104675,4526.0,203.4,2.98,168,81,271,,True,0.0
1549,32.911941,-117.104701,4529.0,203.4,3.06,169,81,270,,True,-3.0
1550,32.911942,-117.104733,4532.2,203.4,3.16,169,81,275,,True,-4.6
1551,32.911942,-117.104777,4535.8,203.0,3.28,169,81,274,,True,-7.6
1552,32.911943,-117.104808,4539.0,202.8,3.32,168,81,274,,True,-11.7
1553,32.91194,-117.104841,4542.1,202.4,3.22,168,81,274,,True,-10.6
1554,32.911938,-117.104887,4545.9,201.8,3.38,168,81,276,,True,-12.0
1555,32.911934,-117.104912,4549.0,201.6,3.36,168,81,275,,True,-12.7
1556,32.911925,-117.104946,4552.3,201.2,3.3,168,81,273,,True,-10.0
1557,32.911922,-117.104996,4556.3,200.6,3.46,168,81,265,,True,-12.2
1558,32.911922,-117.105029,4559.9,200.4,3.56,168,81,263,,True,-11.6
1559,32.911924,-117.105074,4563.8,199.8,3.58,168,81,266,,True,-9.4
1560,32.911923,-117.105115,4567.8,199.4,3.76,168,81,280,,True,-8.0
1561,32.911926,-117.105148,4571.2,199.2,3.78,168,81,291,,True,-2.8
1562,32.911929,-117.105195,4574.9,199.2,3.72,168,81,293,,True,1.5
1563,32.91192,-117.105221,4578.1,199.4,3.64,167,81,294,,True,4.3
1564,32.911919,-117.105254,4581.4,199.6,3.52,168,81,293,,True,4.5
1565,32.911917,-117.105301,4585.2,199.8,3.48,168,81,289,,True,1.6
1566,32.911915,-117.10533,4588.3,199.8,3.42,167,81,285,,True,-1.6
1567,32.911914,-117.105356,4591.0,199.6,3.22,168,81,285,,True,-7.0
1568,32.911917,-117.105398,4594.1,199.4,3.2,168,81,285,,True,-9.3
1569,32.91191,-117.105418,4596.7,199.0,3.06,167,81,270,,True,-8.5
1570,32.911912,-117.105446,4599.1,198.8,2.78,168,81,273,,True,-8.4
1571,32.911914,-117.105489,4602.7,198.6,2.88,168,80,261,,True,-8.2
1572,32.911911,-117.105519,4606.0,198.4,3.0,167,80,259,,True,-7.7
1573,32.91191,-117.105547,4608.9,198.0,2.96,167,80,259,,True,-10.0
1574,32.911909,-117.105589,4612.1,197.8,3.08,167,80,265,,True,-10.5
1575,32.911912,-117.105613,4614.7,197.4,3.12,167,80,268,,True,-8.2
1576,32.91191,-117.105641,4617.4,197.2,2.94,167,80,265,,True,-8.4
1577,32.911908,-117.105687,4621.1,197.0,3.02,167,80,261,,True,-8.2
1578,32.911904,-117.105713,4624.0,196.8,3.02,167,80,260,,True,-7.8
1579,32.911899,-117.105743,4626.9,196.4,2.96,166,80,262,,True,-10.3
1580,32.911894,-117.105784,4630.2,196.2,3.1,166,80,262,,True,-8.2
1581,32.911893,-117.105807,4632.8,195.8,3.08,166,80,260,,True,-6.3
1582,32.911895,-117.105843,4636.2,195.8,3.02,166,80,254,,True,-6.5
1583,32.911892,-117.105884,4639.6,195.6,3.12,166,80,251,,True,-4.5
1584,32.911893,-117.105911,4642.5,195.4,3.12,166,80,252,,True,-4.4
1585,32.911891,-117.105952,4646.2,195.2,3.2,165,81,258,,True,-4.4
1586,32.911883,-117.10599,4649.8,195.2,3.4,165,81,262,,True,-2.8
1587,32.911884,-117.106019,4653.2,195.0,3.4,165,81,263,,True,-4.2
1588,32.911882,-117.106065,4656.9,195.0,3.46,165,81,280,,True,-5.9
1589,32.911873,-117.106098,4660.4,194.6,3.58,165,81,281,,True,-5.8
1590,32.911873,-117.106127,4663.3,194.4,3.42,165,81,279,,True,-7.4
1591,32.911869,-117.106175,4666.9,194.2,3.42,165,81,280,,True,-6.2
1592,32.911865,-117.106206,4670.4,194.0,3.44,165,80,278,,True,-5.8
1593,32.911865,-117.106237,4673.3,193.8,3.28,165,81,277,,True,-2.9
1594,32.911861,-117.106287,4677.1,193.6,3.34,165,81,274,,True,-1.5
1595,32.911856,-117.106319,4680.8,193.8,3.5,164,81,279,,True,0.0
1596,32.911853,-117.106353,4684.0,193.8,3.42,165,81,285,,True,-1.5
1597,32.911848,-117.106395,4687.5,193.8,3.42,165,80,284,,True,-4.5
1598,32.91184,-117.106423,4690.7,193.4,3.48,165,80,282,,True,-7.3
1599,32.911833,-117.106459,4694.2,193.2,3.42,165,80,278,,True,-10.6
1600,32.911828,-117.106504,4697.7,192.8,3.38,164,81,277,,True,-8.8
1601,32.911819,-117.106526,4700.7,192.4,3.34,164,81,277,,True,-8.8
1602,32.91181,-117.106562,4704.3,192.2,3.36,164,81,277,,True,-7.5
1603,32.911802,-117.106606,4707.9,192.0,3.44,164,81,275,,True,-5.8
1604,32.911796,-117.106632,4711.0,191.8,3.36,164,80,277,,True,-5.8
1605,32.911795,-117.106668,4714.5,191.6,3.36,164,80,279,,True,-6.0
1606,32.911785,-117.106709,4718.2,191.4,3.5,164,80,281,,True,-6.0
1607,32.911783,-117.106738,4721.3,191.2,3.4,163,80,283,,True,-6.1
1608,32.911777,-117.106771,4724.4,191.0,3.3,163,80,282,,True,-8.1
1609,32.911774,-117.10681,4727.7,190.8,3.34,163,80,281,,True,-8.4
1610,32.91177,-117.106835,4730.6,190.4,3.22,163,80,272,,True,-8.6
1611,32.911763,-117.106862,4733.2,190.2,3.0,163,80,272,,True,-9.3
1612,32.91176,-117.106895,4736.0,190.0,2.94,163,80,270,,True,-7.5
1613,32.911762,-117.106921,4738.4,189.8,2.8,163,80,259,,True,-5.3
1614,32.911757,-117.106953,4741.3,189.6,2.72,163,80,255,,True,-3.5
1615,32.911754,-117.106989,4744.6,189.6,2.8,162,80,248,,True,-3.1
1616,32.911755,-117.107019,4747.5,189.6,2.86,162,80,255,,True,-3.0
1617,32.911757,-117.107061,4751.2,189.4,3.04,162,80,256,,True,-4.6
1618,32.911758,-117.107094,4754.5,189.2,3.22,162,81,259,,True,-5.9
1619,32.911763,-117.107126,4757.6,189.0,3.26,163,81,265,,True,-4.5
1620,32.91177,-117.107168,4761.1,188.8,3.3,162,81,261,,True,-3.1
1621,32.911775,-117.107198,4764.4,188.8,3.38,162,80,269,,True,-2.9
1622,32.91178,-117.107229,4767.5,188.8,3.26,162,81,269,,True,-1.5
1623,32.911785,-117.107276,4771.2,188.6,3.34,162,81,268,,True,-3.0
1624,32.911781,-117.107302,4774.1,188.6,3.3,162,81,269,,True,-4.3
1625,32.911783,-117.107342,4777.8,188.4,3.34,162,81,267,,True,-4.5
1626,32.91178,-117.107384,4781.4,188.2,3.4,162,81,277,,True,-7.1
1627,32.91178,-117.107414,4784.6,188.0,3.42,162,81,278,,True,-7.0
1628,32.91178,-117.107451,4788.2,187.6,3.4,162,81,280,,True,-7.5
1629,32.911786,-117.10749,4792.0,187.4,3.58,162,81,281,,True,-8.8
1630,32.911791,-117.107519,4794.8,187.2,3.4,162,81,282,,True,-7.4
1631,32.911794,-117.107553,4798.2,186.8,3.36,162,81,280,,True,-8.2
1632,32.911793,-117.107596,4801.7,186.6,3.42,162,81,270,,True,-7.9
1633,32.911795,-117.10762,4804.2,186.4,3.2,162,81,269,,True,-6.1
1634,32.911795,-117.107657,4807.5,186.2,3.1,162,81,269,,True,-6.5
1635,32.911795,-117.107698,4811.3,186.0,3.3,162,80,265,,True,-8.0
1636,32.911801,-117.107722,4814.0,185.8,3.16,162,80,263,,True,-8.1
1637,32.911805,-117.107753,4816.7,185.4,3.0,162,80,262,,True,-8.6
1638,32.911805,-117.107789,4819.8,185.2,3.12,161,81,257,,True,-8.0
1639,32.911811,-117.107819,4822.9,185.0,3.08,161,81,253,,True,-6.3
1640,32.911813,-117.107861,4826.5,184.8,3.04,161,81,251,,True,-4.9
1641,32.911814,-117.107888,4829.4,184.6,3.08,161,81,251,,True,-3.3
1642,32.911818,-117.107914,4832.1,184.6,3.08,161,81,257,,True,-3.4
1643,32.911819,-117.107955,4835.2,184.6,3.08,161,81,260,,True,-3.3
1644,32.911828,-117.107986,4838.2,184.4,3.06,161,81,256,,True,-6.3
1645,32.91183,-117.108021,4841.7,184.2,3.04,161,81,253,,True,-7.9
1646,32.911828,-117.108056,4844.8,183.8,3.08,161,80,252,,True,-9.4
1647,32.911828,-117.108089,4847.8,183.6,3.14,161,80,252,,True,-11.0
1648,32.911829,-117.108122,4851.0,183.2,3.16,160,80,250,,True,-11.2
1649,32.91183,-117.108162,4854.4,182.8,3.24,160,81,249,,True,-11.5
1650,32.911831,-117.108188,4857.3,182.4,3.12,160,81,248,,True,-8.6
1651,32.911831,-117.108214,4860.0,182.2,3.04,160,80,248,,True,-7.1
1652,32.91183,-117.108247,4862.6,182.2,2.96,160,80,252,,True,-3.6
1653,32.911834,-117.108275,4865.6,182.0,2.92,160,80,251,,True,-3.6
1654,32.911831,-117.108303,4868.3,182.0,2.78,160,80,251,,True,-3.4
1655,32.911832,-117.10834,4871.1,181.8,2.76,160,80,253,,True,-3.4
1656,32.911834,-117.10837,4874.2,181.8,2.84,159,81,253,,True,-3.3
1657,32.911829,-117.108402,4877.4,181.6,2.96,159,81,251,,True,-3.3
1658,32.911826,-117.108438,4880.4,181.6,2.96,159,81,251,,True,-6.6
1659,32.911827,-117.108465,4883.2,181.4,2.98,159,81,250,,True,-8.1
1660,32.911825,-117.1085,4886.4,181.0,3.06,158,80,249,,True,-9.5
1661,32.911826,-117.108539,4889.8,180.6,3.12,158,80,248,,True,-10.4
1662,32.911828,-117.108569,4893.0,180.4,3.12,158,80,245,,True,-9.1
1663,32.91183,-117.108608,4896.6,180.0,3.24,158,80,249,,True,-7.9
1664,32.911825,-117.10864,4899.6,179.8,3.28,157,80,250,,True,-9.0
1665,32.911829,-117.108671,4902.4,179.6,3.2,157,80,251,,True,-7.3
1666,32.911829,-117.108717,4906.3,179.2,3.3,157,80,251,,True,-5.8
1667,32.91183,-117.108753,4910.3,179.0,3.46,157,80,248,,True,-5.6
1668,32.911833,-117.108786,4913.3,179.0,3.34,158,80,257,,True,-4.2
1669,32.911829,-117.108829,4916.8,178.8,3.44,157,80,260,,True,-2.9
1670,32.911827,-117.108866,4920.7,178.6,3.66,157,80,267,,True,-5.4
1671,32.911832,-117.108902,4924.2,178.6,3.58,156,80,267,,True,-5.5
1672,32.911826,-117.108947,4928.2,178.2,3.58,156,80,274,,True,-5.5
1673,32.911823,-117.108979,4931.4,178.0,3.62,156,81,279,,True,-8.0
1674,32.911824,-117.109017,4935.2,177.8,3.68,157,81,275,,True,-8.5
1675,32.911822,-117.109063,4939.2,177.4,3.7,156,80,281,,True,-8.5
1676,32.91182,-117.109094,4942.3,177.0,3.62,156,80,274,,True,-10.1
1677,32.911818,-117.109124,4945.5,176.8,3.46,156,80,270,,True,-10.7
1678,32.91181,-117.109167,4949.1,176.4,3.54,157,80,263,,True,-10.4
1679,32.911802,-117.109197,4952.3,176.0,3.42,156,81,258,,True,-11.3
1680,32.911795,-117.109231,4955.8,175.6,3.32,156,81,254,,True,-9.9
1681,32.911787,-117.109275,4959.6,175.2,3.46,156,81,255,,True,-6.8
1682,32.911783,-117.109312,4963.3,175.0,3.56,156,80,256,,True,-5.4
1683,32.911775,-117.109351,4967.0,175.0,3.58,156,80,264,,True,-2.8
1684,32.911768,-117.109387,4970.6,174.8,3.66,156,81,275,,True,-2.9
1685,32.91177,-117.109419,4973.7,174.8,3.58,155,81,276,,True,-2.9
1686,32.911764,-117.109464,4977.3,174.6,3.54,156,81,270,,True,-4.3
1687,32.911755,-117.109498,4980.9,174.6,3.52,156,82,268,,True,-5.4
1688,32.91175,-117.109537,4984.6,174.2,3.52,155,82,270,,True,-4.1
1689,32.911745,-117.109583,4988.5,174.0,3.58,156,82,273,,True,-5.4
1690,32.911744,-117.109617,4992.0,174.0,3.66,155,81,288,,True,-2.8
1691,32.911738,-117.109658,4995.8,173.8,3.7,156,81,290,,True,-3.4
1692,32.91174,-117.109694,4998.7,173.8,3.56,156,82,290,,True,-25.2
1693,32.911742,-117.109705,5000.3,173.6,3.14,156,82,286,,True,-22.8
1748,32.911747,-117.109742,5002.3,171.4,0.064,125,0,0,,False,-20.7
1749,32.91174,-117.109765,5004.4,171.2,0.073,126,0,0,,True,-21.8
1750,32.911731,-117.109802,5008.1,171.0,0.137,125,0,0,,True,-2.8
1751,32.911721,-117.109844,5012.2,171.0,0.205,124,0,0,,True,-2.5
1752,32.911706,-117.109883,5016.5,171.0,0.275,124,0,0,,True,0.0
1753,32.911695,-117.10993,5020.4,170.8,0.275,124,0,0,,True,1.3
1754,32.911695,-117.109965,5023.9,171.0,3.9,124,84,396,,True,1.5
1755,32.911692,-117.110005,5027.4,171.2,3.86,125,86,387,,True,1.6
1756,32.911698,-117.110031,5030.2,171.2,3.6,126,86,336,,True,0.0
1757,32.911725,-117.110049,5032.8,171.0,3.26,128,86,311,,True,-2.9
1758,32.911768,-117.110035,5036.5,171.0,3.22,129,86,271,,True,-5.3
1759,32.911809,-117.110029,5041.3,170.8,3.48,130,87,254,,True,-4.6
1760,32.911849,-117.110032,5045.4,170.4,3.6,131,87,258,,True,-4.5
1761,32.911883,-117.110033,5050.2,170.2,4.0,131,87,323,,True,-4.7
1762,32.911926,-117.110035,5054.2,170.2,4.28,132,87,327,,True,-4.5
1763,32.911959,-117.110032,5058.2,170.0,4.34,134,84,338,,True,-6.1
1764,32.912002,-117.110031,5063.0,169.6,4.34,135,84,338,,True,-7.2
1765,32.912036,-117.110035,5066.5,169.2,4.22,136,83,315,,True,-7.0
1766,32.912072,-117.110034,5070.8,169.0,4.12,137,83,310,,True,-7.4
1767,32.912117,-117.11004,5075.4,168.8,4.24,139,84,301,,True,-5.9
1768,32.912147,-117.110031,5079.3,168.4,4.22,140,84,297,,True,-4.8
1769,32.912188,-117.110032,5083.5,168.2,4.1,141,84,295,,True,-5.0
1770,32.912223,-117.11003,5087.5,168.2,4.2,142,84,297,,True,-3.8
1771,32.912251,-117.110027,5091.3,168.0,4.1,143,84,296,,True,-4.0
1772,32.912291,-117.110027,5095.2,167.8,3.96,144,84,295,,True,-4.1
1773,32.912318,-117.110024,5098.6,167.6,3.86,145,84,293,,True,-4.1
1774,32.912354,-117.110025,5102.3,167.6,3.76,146,83,294,,True,-4.3
1775,32.912385,-117.110032,5105.8,167.4,3.66,147,84,294,,True,-4.2
1776,32.912412,-117.110036,5109.0,167.2,3.54,147,84,294,,True,-4.5
1777,32.91245,-117.110041,5112.8,167.0,3.52,148,84,294,,True,-3.0
1778,32.912472,-117.110039,5115.6,167.0,3.4,148,84,286,,True,-3.0
1779,32.912502,-117.110042,5119.0,167.0,3.34,149,83,287,,True,-3.2
1780,32.912536,-117.110048,5122.4,166.8,3.32,149,83,276,,True,-3.1
1781,32.912558,-117.110046,5125.4,166.6,3.28,150,83,272,,True,-5.0
1782,32.91259,-117.110045,5128.5,166.6,3.14,150,83,273,,True,-5.0
1783,32.912611,-117.110048,5130.9,166.4,3.06,151,83,264,,True,-3.4
1784,32.912638,-117.110048,5134.3,166.2,3.06,151,83,262,,True,-5.3
1785,32.912668,-117.110055,5137.2,166.2,2.96,151,83,264,,True,-3.4
1786,32.912688,-117.110053,5139.8,166.0,2.88,151,83,262,,True,-1.9
1787,32.912718,-117.11005,5142.7,166.0,2.84,152,83,263,,True,-1.8
1788,32.912741,-117.110052,5145.1,166.0,2.84,152,83,258,,True,0.0
1789,32.912766,-117.110053,5148.2,166.0,2.78,152,83,258,,True,-1.7
1790,32.912805,-117.11006,5151.9,166.0,2.94,153,83,262,,True,-1.6
1791,32.912827,-117.110055,5154.7,165.8,2.98,154,83,266,,True,-1.5
1792,32.912851,-117.110055,5157.8,165.8,3.02,154,83,270,,True,-3.1
1793,32.912887,-117.11006,5161.3,165.8,3.24,154,83,265,,True,-1.4
1794,32.912915,-117.11006,5164.6,165.6,3.28,154,82,267,,True,0.0
1795,32.912953,-117.110055,5168.8,165.6,3.38,154,82,286,,True,1.5
1796,32.912978,-117.110056,5171.9,165.8,3.44,154,82,298,,True,4.5
1797,32.913002,-117.110061,5174.5,166.0,3.34,154,82,306,,True,6.4
1798,32.913038,-117.110069,5178.0,166.2,3.34,155,82,311,,True,6.4
1799,32.913061,-117.110062,5181.3,166.4,3.34,155,83,295,,True,4.9
1800,32.913092,-117.110061,5184.4,166.6,3.12,155,83,297,,True,3.5
1801,32.913111,-117.11006,5186.9,166.6,2.99,156,83,301,,True,3.7
1802,32.91313,-117.11006,5189.3,166.6,2.96,156,83,303,,True,1.5
1803,32.913162,-117.110064,5192.1,166.8,2.82,157,83,303,,True,1.9
1804,32.913181,-117.110069,5194.3,166.8,2.6,157,83,303,,True,1.8
1805,32.913206,-117.110073,5197.5,166.8,2.62,157,83,303,,True,0.0
1806,32.913239,-117.110077,5200.6,166.8,2.75,158,83,300,,True,0.0
1807,32.913259,-117.110072,5203.5,166.8,2.84,158,82,300,,True,1.8
1808,32.913287,-117.110068,5206.5,166.8,2.88,159,82,303,,True,3.9
1809,32.913305,-117.110074,5208.7,167.0,2.88,159,82,305,,True,4.0
1810,32.913323,-117.110069,5210.8,167.2,2.66,159,82,306,,True,4.9
1811,32.913353,-117.110082,5213.6,167.2,2.6,159,82,305,,True,4.0
1812,32.913373,-117.110079,5216.3,167.4,2.56,160,83,302,,True,0.0
1813,32.913395,-117.110084,5218.7,167.4,2.44,160,83,302,,True,0.0
1814,32.913423,-117.110092,5221.5,167.2,2.56,160,82,300,,True,-1.9
1815,32.913442,-117.110085,5223.9,167.2,2.62,160,82,299,,True,0.0
1816,32.913474,-117.110086,5227.0,167.2,2.68,160,83,294,,True,3.8
1817,32.913494,-117.110087,5229.5,167.4,2.64,161,83,293,,True,5.5
1818,32.913516,-117.110086,5232.1,167.6,2.68,161,83,295,,True,5.9
1819,32.913545,-117.110087,5234.9,167.8,2.68,161,82,296,,True,3.7
1820,32.913566,-117.110082,5237.2,167.8,2.66,161,82,297,,True,1.8
1821,32.913591,-117.110082,5240.4,167.8,2.68,161,82,300,,True,0.0
1822,32.913622,-117.11008,5243.4,167.8,2.78,162,82,302,,True,0.0
1823,32.913643,-117.110072,5245.8,167.8,2.74,162,82,303,,True,0.0
1824,32.913671,-117.110076,5249.1,167.8,2.84,162,81,302,,True,0.0
1825,32.913697,-117.110078,5251.7,167.8,2.9,162,81,302,,True,1.7
1826,32.913697,-117.110078,5254.7,167.8,2.86,162,81,303,,True,3.5
1827,32.913722,-117.110077,5257.6,168.0,2.84,163,81,299,,True,3.4
1828,32.913769,-117.110114,5260.5,168.2,2.94,163,81,303,,True,3.3
1829,32.913789,-117.110139,5263.5,168.2,2.88,163,82,302,,True,0.0
1830,32.913791,-117.11018,5266.8,168.2,3.02,163,82,299,,True,-1.5
1831,32.913799,-117.11021,5270.2,168.0,3.1,163,83,296,,True,-1.4
1832,32.913802,-117.110256,5274.1,168.0,3.3,164,83,307,,True,-1.3
1833,32.913806,-117.110295,5278.2,168.0,3.54,164,83,322,,True,0.0
1834,32.91381,-117.110327,5281.7,168.0,3.64,164,82,344,,True,0.0
1835,32.913811,-117.110369,5285.1,168.0,3.66,164,82,358,,True,0.0
1836,32.913812,-117.110392,5287.8,168.0,3.52,164,82,351,,True,-1.6
1837,32.913802,-117.110427,5290.8,168.0,3.34,165,83,339,,True,0.0
1838,32.9138,-117.110468,5294.4,167.8,3.24,165,82,319,,True,-1.6
1839,32.9138,-117.110493,5297.1,168.0,3.08,165,82,318,,True,0.0
1840,32.913799,-117.110533,5300.3,167.8,3.04,165,82,314,,True,1.7
1841,32.913795,-117.110563,5303.5,168.0,3.14,165,82,309,,True,0.0
1842,32.913791,-117.110588,5306.2,168.0,3.08,165,83,307,,True,0.0
1843,32.913793,-117.110633,5309.9,168.0,3.1,165,83,305,,True,-3.3
1844,32.913798,-117.110657,5312.9,167.8,3.16,165,83,304,,True,-3.2
1845,32.913796,-117.110691,5315.7,167.6,3.08,165,83,305,,True,-5.0
1846,32.913803,-117.110726,5318.8,167.6,3.06,165,83,302,,True,-3.3
1847,32.913807,-117.110754,5322.0,167.4,3.16,165,83,294,,True,-1.6
1848,32.913806,-117.110794,5325.1,167.4,3.04,165,82,293,,True,-1.7
1849,32.913796,-117.110821,5327.9,167.4,3.0,165,82,293,,True,0.0
1850,32.913799,-117.110848,5330.7,167.4,3.0,165,82,292,,True,0.0
1851,32.913805,-117.110889,5334.0,167.4,3.04,165,82,289,,True,0.0
1852,32.913811,-117.110911,5336.5,167.4,2.9,165,81,287,,True,0.0
1853,32.913811,-117.110941,5339.2,167.4,2.82,165,82,286,,True,-1.9
1854,32.913812,-117.110973,5342.0,167.4,2.82,165,82,283,,True,0.0
1855,32.913817,-117.110996,5344.5,167.2,2.76,165,82,280,,True,0.0
1856,32.91382,-117.11104,5348.1,167.4,2.82,164,82,280,,True,0.0
1857,32.913805,-117.111061,5350.9,167.4,2.88,164,82,282,,True,3.3
1858,32.913791,-117.111085,5353.5,167.4,2.86,164,82,283,,True,1.9
1859,32.913758,-117.111106,5356.6,167.6,2.92,164,82,285,,True,0.0
1860,32.913744,-117.111121,5358.7,167.6,2.84,165,82,285,,True,0.0
1861,32.913722,-117.111136,5361.9,167.4,2.76,164,82,284,,True,-1.8
1862,32.913688,-117.111146,5365.3,167.4,2.88,164,82,277,,True,-1.7
1863,32.913671,-117.111158,5367.9,167.4,2.88,164,81,273,,True,-1.7
1864,32.913657,-117.111185,5370.5,167.4,2.78,164,81,272,,True,-1.9
1865,32.913652,-117.111216,5373.5,167.2,2.96,163,81,273,,True,-3.4
1866,32.913648,-117.111242,5376.0,167.2,2.82,163,82,272,,True,-5.1
1867,32.913643,-117.111284,5379.5,167.0,2.84,163,82,271,,True,-3.4
1868,32.913636,-117.111306,5382.3,166.8,2.88,163,82,271,,True,-3.2
1869,32.913628,-117.111339,5385.3,166.8,2.96,163,82,275,,True,-1.7
1870,32.913623,-117.111374,5388.4,166.8,2.98,163,82,277,,True,0.0
1871,32.913619,-117.111401,5391.2,166.8,3.04,163,82,277,,True,1.9
1872,32.913614,-117.111428,5394.0,166.8,2.9,162,83,274,,True,2.6
1873,32.913608,-117.111444,5396.0,167.0,2.74,162,83,271,,True,4.2
