t,lat,lng,distance_m,altitude_m,velocity_ms,heartrate,cadence,watts,temp_c,moving,grade_pct
0,32.925631,-117.193328,0.0,108.6,0.0,91,0,,,False,-14.8
1,32.925631,-117.193328,0.0,108.6,0.0,91,0,,,False,-14.8
7,32.925631,-117.193328,0.0,108.0,0.0,88,0,,,False,-11.1
10,32.925656,-117.19331,3.5,107.8,0.389,87,0,,,True,-11.1
15,32.925658,-117.19331,4.3,107.8,0.538,94,0,,,False,-11.1
16,32.925656,-117.193315,4.3,107.8,0.133,95,0,,,False,-14.8
21,32.925656,-117.193315,4.3,107.8,0.0,91,0,,,False,-14.8
23,32.925656,-117.193315,4.3,107.8,0.0,88,0,,,False,-13.3
24,32.925656,-117.193315,4.3,107.8,0.0,88,0,,,False,-9.5
39,32.925656,-117.193315,4.3,107.8,0.0,87,0,,,False,-4.9
44,32.925638,-117.193313,5.4,107.8,0.055,84,0,,,False,0.0
46,32.925638,-117.193313,5.4,107.8,0.157,84,0,,,False,0.0
54,32.925638,-117.193313,5.4,108.0,0.0,84,0,,,False,0.0
59,32.925638,-117.193313,5.4,108.0,0.0,87,0,,,False,0.0
61,32.925638,-117.193313,5.4,108.0,0.0,88,0,,,False,0.0
66,32.925638,-117.193313,5.4,107.8,0.0,85,0,,,False,0.0
69,32.925638,-117.193313,5.4,107.8,0.0,82,0,,,False,-1.4
75,32.92563,-117.193348,6.0,107.8,0.067,82,0,,,False,-1.4
77,32.92565,-117.193334,8.4,107.8,0.375,82,0,,,True,0.0
79,32.925643,-117.193297,12.2,108.0,0.68,83,57,,,True,-1.3
84,32.925573,-117.193306,20.0,107.8,1.657,86,55,,,True,-3.7
85,32.925564,-117.193314,21.2,107.6,1.5,88,55,,,True,-7.9
88,32.925535,-117.193317,24.4,107.2,1.356,91,63,,,True,-14.8
90,32.92551,-117.193327,27.3,106.8,1.22,94,63,,,True,-9.9
91,32.925504,-117.193333,28.2,106.6,1.167,95,62,,,True,-9.2
93,32.925482,-117.193344,30.8,106.2,1.28,96,61,,,True,-9.1
98,32.925423,-117.193363,37.4,106.0,1.314,99,61,,,True,-9.0
99,32.925414,-117.193361,38.3,105.8,1.25,102,60,,,True,-12.8
100,32.925406,-117.193365,39.3,105.6,1.214,104,60,,,True,-18.4
105,32.925357,-117.193386,44.9,104.4,1.1,106,60,,,True,-17.2
110,32.925299,-117.193405,51.5,103.4,1.22,105,58,,,True,-17.6
117,32.925231,-117.193421,59.2,102.2,1.192,104,58,,,True,-15.5
119,32.925206,-117.193409,62.0,101.6,1.167,104,59,,,True,-16.0
121,32.925174,-117.193404,65.5,101.2,1.273,104,61,,,True,-15.6
126,32.925132,-117.193422,70.2,100.4,1.171,104,59,,,True,-13.8
128,32.925103,-117.19342,73.3,100.0,1.114,104,60,,,True,-15.5
134,32.925039,-117.193405,80.8,99.0,1.325,104,58,,,True,-15.3
141,32.924997,-117.193374,86.2,98.0,0.992,103,56,,,True,-17.4
143,32.924986,-117.193376,87.2,97.8,0.711,103,55,,,True,-20.0
147,32.924957,-117.193365,90.5,97.0,0.717,100,55,,,True,-18.2
148,32.924946,-117.193363,91.8,96.8,0.92,96,61,,,True,-18.0
149,32.924935,-117.193361,92.9,96.6,0.95,94,62,,,True,-15.5
154,32.92489,-117.193339,98.3,95.8,1.083,94,57,,,True,-14.2
157,32.924869,-117.193331,100.8,95.4,0.987,94,55,,,True,-14.4
162,32.924824,-117.193326,105.9,94.8,0.95,95,54,,,True,-12.4
164,32.924802,-117.193325,108.2,94.4,1.057,96,53,,,True,-12.0
171,32.924734,-117.193325,116.1,93.6,1.133,97,56,,,True,-11.5
181,32.924651,-117.193355,125.8,92.4,1.035,95,57,,,True,-10.8
189,32.92458,-117.193348,133.7,91.6,0.978,93,56,,,True,-11.3
191,32.924561,-117.193354,135.9,91.4,1.01,93,56,,,True,-8.9
194,32.924532,-117.193351,139.2,91.0,1.1,96,53,,,True,-5.5
198,32.92449,-117.193353,143.8,90.8,1.129,96,56,,,True,-5.7
207,32.924386,-117.193329,155.6,90.4,1.262,94,58,,,True,-4.9
208,32.924374,-117.193327,157.0,90.2,1.32,94,56,,,True,-4.8
216,32.924315,-117.193309,163.6,89.8,0.889,95,55,,,True,-2.9
224,32.92427,-117.193296,168.7,89.6,0.731,93,0,,,True,0.0
228,32.92428,-117.19329,169.3,90.0,0.475,93,0,,,False,-1.9
231,32.924273,-117.193262,172.1,90.2,0.486,90,0,,,True,-6.2
232,32.924269,-117.193253,172.9,90.0,0.525,90,0,,,True,-9.1
234,32.924258,-117.19325,174.0,89.6,0.783,90,0,,,True,-1.4
235,32.92425,-117.193243,175.1,89.2,0.829,90,0,,,True,-4.2
238,32.924248,-117.193235,175.3,89.0,0.4,93,0,,,False,-5.7
239,32.924243,-117.193243,175.3,89.0,0.26,93,0,,,False,1.4
245,32.924263,-117.193262,178.4,89.2,0.443,95,0,,,True,6.2
251,32.924293,-117.193302,183.5,89.4,0.683,96,51,,,True,6.1
256,32.924334,-117.193321,188.3,89.8,0.9,98,55,,,True,6.2
259,32.924364,-117.193331,191.6,90.0,1.012,101,54,,,True,6.7
263,32.924417,-117.193346,197.7,90.4,1.343,101,56,,,True,5.9
265,32.924421,-117.193347,198.5,90.4,1.15,104,0,,,True,5.8
266,32.924421,-117.193347,198.5,90.4,0.986,108,0,,,False,2.4
267,32.924421,-117.193347,198.5,90.4,0.863,107,0,,,False,2.3
268,32.924421,-117.193347,198.5,90.4,0.16,102,0,,,False,1.9
270,32.924421,-117.193347,198.5,90.2,0.0,99,0,,,False,-2.9
272,32.924438,-117.193344,200.1,90.2,0.32,95,0,,,True,0.0
273,32.92444,-117.193338,200.1,90.2,0.32,91,0,,,False,0.0
274,32.924442,-117.193338,200.3,90.2,0.3,87,0,,,False,0.0
275,32.924459,-117.193342,202.3,90.2,0.76,84,0,,,True,1.8
276,32.924472,-117.193345,203.8,90.2,0.883,84,0,,,True,1.8
277,32.92448,-117.193348,204.6,90.2,0.9,83,66,,,True,5.8
281,32.924524,-117.193343,209.4,90.4,1.12,86,0,,,True,6.5
282,32.924539,-117.193341,211.1,90.4,1.3,86,53,,,True,6.3
286,32.924585,-117.193346,216.1,91.0,1.34,90,52,,,True,7.3
288,32.924595,-117.193349,217.2,91.0,1.017,93,52,,,True,9.7
291,32.924624,-117.193353,220.4,91.2,0.86,99,53,,,True,8.1
292,32.924633,-117.193352,221.4,91.4,0.883,101,53,,,True,8.6
295,32.924673,-117.193342,225.9,91.8,1.243,102,54,,,True,10.1
302,32.92474,-117.193326,233.4,92.4,1.2,102,54,,,True,9.3
307,32.924801,-117.193327,240.3,93.2,1.2,104,53,,,True,9.6
309,32.924824,-117.193337,243.0,93.4,1.371,106,53,,,True,11.0
312,32.924857,-117.193341,246.7,93.8,1.28,105,53,,,True,11.1
315,32.9249,-117.19335,251.5,94.4,1.417,102,56,,,True,12.7
316,32.924913,-117.19335,252.9,94.6,1.414,102,56,,,True,13.5
319,32.924938,-117.193352,255.6,95.0,1.271,100,55,,,True,17.9
322,32.924976,-117.193366,260.0,95.6,1.183,99,53,,,True,20.0
325,32.924998,-117.193382,262.7,96.4,1.183,101,50,,,True,21.8
326,32.925008,-117.193384,263.9,96.8,1.186,101,50,,,True,20.2
328,32.925025,-117.193382,265.7,97.2,0.95,106,51,,,True,19.5
329,32.925033,-117.193382,266.6,97.4,0.943,106,51,,,True,16.0
331,32.925056,-117.193383,268.9,97.4,1.0,106,55,,,True,14.2
333,32.925077,-117.19339,271.3,97.8,1.12,106,55,,,True,13.5
336,32.925111,-117.193399,275.2,98.4,1.26,106,55,,,True,16.1
338,32.925127,-117.193395,277.0,98.8,1.14,107,55,,,True,15.7
342,32.925174,-117.193376,282.6,99.6,1.233,110,53,,,True,14.6
344,32.925199,-117.193373,285.3,100.0,1.383,110,55,,,True,13.0
346,32.925219,-117.193375,287.5,100.2,1.313,105,55,,,True,16.0
348,32.925247,-117.193383,290.8,100.6,1.367,111,55,,,True,15.5
349,32.925259,-117.193384,292.1,101.0,1.36,115,55,,,True,16.8
350,32.925264,-117.193385,292.6,101.2,1.217,120,55,,,True,15.7
352,32.925291,-117.193388,295.6,101.6,1.35,123,55,,,True,14.9
354,32.925314,-117.193386,298.2,102.0,1.22,125,53,,,True,14.0
356,32.925339,-117.193386,301.0,102.2,1.4,125,52,,,True,14.3
361,32.925379,-117.193373,305.5,103.0,1.043,122,54,,,True,13.9
362,32.92539,-117.19337,306.8,103.2,0.967,119,54,,,True,19.0
364,32.925417,-117.193366,309.7,103.6,1.087,115,55,,,True,21.1
365,32.925426,-117.193364,310.7,103.8,1.078,111,55,,,True,17.6
367,32.925445,-117.193362,312.6,104.4,1.16,117,55,,,True,17.1
368,32.92545,-117.19336,313.1,104.6,1.05,119,52,,,True,14.0
369,32.92546,-117.193351,314.5,104.8,0.96,123,52,,,True,13.5
370,32.925464,-117.193336,315.7,104.8,1.0,126,52,,,True,9.8
371,32.92548,-117.193332,317.3,105.0,1.1,126,51,,,True,9.4
374,32.925513,-117.193319,321.1,105.2,1.32,129,53,,,True,9.8
376,32.925526,-117.193309,322.8,105.4,1.1,130,53,,,True,9.8
380,32.925565,-117.193281,328.0,106.0,1.15,130,53,,,True,11.5
381,32.925581,-117.193281,329.5,106.2,1.34,131,54,,,True,11.4
384,32.925599,-117.193278,331.5,106.4,1.087,131,0,,,True,14.1
385,32.925615,-117.193279,333.3,106.6,1.06,131,0,,,True,7.8
389,32.925625,-117.193301,336.5,107.2,1.0,132,0,,,True,6.7
390,32.925627,-117.1933,336.5,107.2,0.64,132,0,,,False,5.4
395,32.925622,-117.193302,337.2,106.8,0.117,132,58,,,False,1.9
400,32.925615,-117.193302,338.3,106.8,0.18,132,0,,,False,0.0
405,32.925619,-117.193301,338.5,106.8,0.13,133,0,,,False,-2.1
407,32.925619,-117.193301,338.5,106.8,0.029,136,0,,,False,0.0
411,32.925631,-117.193317,340.6,106.8,0.35,136,0,,,True,-11.0
416,32.925619,-117.193301,341.8,106.6,0.367,135,0,,,False,-13.3
421,32.925628,-117.193313,342.0,106.6,0.14,135,71,,,False,-12.2
427,32.925628,-117.193313,343.0,106.6,0.109,133,0,,,False,-11.8
435,32.925628,-117.193313,343.0,106.4,0.071,130,0,,,False,-12.5
436,32.925622,-117.193305,343.0,106.4,0.0,126,0,,,False,-12.4
437,32.925622,-117.193314,343.8,106.6,0.08,122,0,,,True,-16.0
439,32.925628,-117.193313,343.8,106.4,0.067,118,0,,,False,-10.8
441,32.925623,-117.193301,343.8,106.4,0.16,117,0,,,False,-10.3
446,32.925628,-117.193313,344.0,106.2,0.029,116,0,,,False,-11.7
453,32.925628,-117.193313,344.0,106.4,0.017,117,0,,,False,-13.4
461,32.925622,-117.193311,344.7,106.2,0.047,120,0,,,False,-13.1
465,32.925628,-117.193313,345.0,106.4,0.083,124,0,,,False,-12.3
468,32.925628,-117.193313,345.0,106.2,0.043,127,0,,,False,-10.8
472,32.925626,-117.193308,345.7,106.0,0.1,123,0,,,False,-13.1
473,32.925625,-117.193313,346.1,106.0,0.22,122,0,,,True,-11.5
475,32.925628,-117.193313,346.2,106.0,0.171,122,0,,,False,-11.7
477,32.925628,-117.193313,346.2,106.0,0.1,121,0,,,False,-12.7
482,32.925628,-117.193313,346.5,105.6,0.043,119,0,,,False,-9.7
488,32.925628,-117.193313,346.5,105.8,0.027,120,0,,,False,-9.5
494,32.925621,-117.193295,348.8,105.6,0.192,121,0,,,True,-9.6
497,32.925588,-117.193299,352.5,105.2,0.667,122,0,,,True,-8.6
499,32.925557,-117.193303,356.0,105.0,1.44,123,57,,,True,-7.3
505,32.925481,-117.193343,365.0,104.2,1.563,126,60,,,True,-6.2
507,32.925458,-117.193362,368.0,104.2,1.5,126,64,,,True,-6.6
510,32.925427,-117.193384,372.0,104.0,1.4,122,62,,,True,-9.0
511,32.925409,-117.193391,374.1,103.8,1.517,121,62,,,True,-12.1
514,32.925373,-117.193403,378.3,103.0,1.471,121,63,,,True,-13.1
515,32.925361,-117.193404,379.6,102.8,1.52,120,72,,,True,-12.7
521,32.925277,-117.193402,388.8,101.8,1.5,117,62,,,True,-12.7
522,32.925267,-117.193402,389.9,101.8,1.471,117,64,,,True,-14.0
525,32.925217,-117.193403,395.6,100.8,1.6,113,64,,,True,-16.2
526,32.925206,-117.193404,396.7,100.4,1.58,111,63,,,True,-17.1
528,32.925177,-117.193404,399.9,100.0,1.667,109,64,,,True,-18.5
531,32.925141,-117.193411,403.9,99.4,1.44,111,64,,,True,-16.3
532,32.925132,-117.193411,405.0,99.2,1.383,115,64,,,True,-13.9
533,32.925119,-117.19341,406.4,98.8,1.3,115,64,,,True,-13.6
535,32.925094,-117.193411,409.0,98.4,1.3,115,62,,,True,-14.9
543,32.924995,-117.193398,420.1,97.2,1.37,114,61,,,True,-14.5
547,32.924954,-117.193373,425.2,96.2,1.35,115,63,,,True,-14.9
549,32.924925,-117.19336,428.4,95.6,1.383,124,60,,,True,-19.0
550,32.924918,-117.19336,429.2,95.4,1.3,136,60,,,True,-14.4
551,32.924905,-117.193356,430.6,95.2,1.313,138,62,,,True,-10.9
554,32.924871,-117.193341,434.7,94.8,1.26,135,60,,,True,-11.4
555,32.924857,-117.193339,436.3,94.6,1.42,129,59,,,True,-10.2
556,32.924845,-117.19334,437.6,94.6,1.4,128,59,,,True,-11.2
559,32.924801,-117.193344,442.4,94.0,1.54,128,59,,,True,-10.5
561,32.924774,-117.193346,445.4,93.6,1.56,124,60,,,True,-10.5
564,32.924736,-117.193338,449.6,93.2,1.44,120,62,,,True,-8.1
566,32.924707,-117.193349,452.9,93.0,1.5,116,62,,,True,-7.9
567,32.92469,-117.19335,454.8,93.0,1.567,114,61,,,True,-7.5
570,32.924661,-117.193354,458.1,92.6,1.417,111,59,,,True,-6.7
574,32.924617,-117.193354,462.9,92.2,1.157,110,61,,,True,-9.0
577,32.924573,-117.193355,467.8,92.0,1.386,109,60,,,True,-7.6
581,32.92453,-117.193358,472.6,91.4,1.386,106,61,,,True,-7.2
584,32.924494,-117.193358,476.6,91.2,1.257,104,61,,,True,-7.5
588,32.924441,-117.193359,482.4,90.8,1.4,103,60,,,True,-4.9
589,32.924429,-117.193355,483.7,90.8,1.42,100,59,,,True,-4.7
590,32.924419,-117.19335,484.9,90.8,1.383,97,59,,,True,-1.8
593,32.924381,-117.193336,489.3,90.6,1.38,94,58,,,True,-3.9
596,32.924343,-117.193325,493.6,90.6,1.45,93,59,,,True,-4.8
604,32.924264,-117.193264,504.3,90.0,1.364,93,59,,,True,-7.2
605,32.92426,-117.193249,505.8,89.8,1.356,93,60,,,True,-6.8
609,32.924243,-117.193233,508.7,89.2,0.88,93,60,,,True,-6.6
615,32.924234,-117.193229,511.2,89.4,0.54,93,0,,,True,-5.8
620,32.924186,-117.193159,519.5,89.0,0.982,96,0,,,True,-3.9
622,32.924166,-117.193129,523.1,88.8,1.7,99,61,,,True,-6.9
623,32.924161,-117.193122,523.9,88.6,1.587,99,61,,,True,-7.1
631,32.92412,-117.193021,534.5,87.8,1.267,100,64,,,True,-6.9
632,32.924112,-117.193004,536.3,87.8,1.378,100,62,,,True,-6.7
637,32.924061,-117.192962,543.3,87.4,1.467,99,59,,,True,-5.2
640,32.924032,-117.192927,547.9,87.0,1.45,94,58,,,True,-5.6
641,32.924024,-117.192909,549.8,87.0,1.5,94,58,,,True,-5.8
642,32.924021,-117.192902,550.6,87.0,1.46,97,59,,,True,-5.6
643,32.92401,-117.192889,552.3,87.0,1.5,100,59,,,True,-10.7
644,32.924003,-117.192878,553.6,86.8,1.471,96,59,,,True,-15.5
646,32.924,-117.192862,555.1,86.6,1.06,93,56,,,True,-14.9
648,32.923993,-117.192846,556.8,86.2,0.9,97,56,,,True,-17.3
650,32.923987,-117.192822,559.1,85.8,0.917,100,61,,,True,-15.9
652,32.923984,-117.192811,560.1,85.4,0.833,102,62,,,True,-14.4
654,32.923973,-117.192786,562.7,85.2,0.983,106,59,,,True,-15.4
656,32.923959,-117.192769,564.9,85.0,0.967,109,59,,,True,-20.8
657,32.923948,-117.192765,566.2,85.0,1.22,109,58,,,True,-21.0
660,32.923931,-117.192757,568.5,84.4,0.967,112,59,,,True,-20.6
662,32.923923,-117.192749,569.7,83.6,0.7,114,57,,,True,-25.2
663,32.923918,-117.19274,570.6,83.2,0.733,115,57,,,True,-24.0
667,32.923881,-117.192715,575.3,82.6,1.12,118,59,,,True,-12.3
669,32.923863,-117.192709,577.3,82.2,1.117,119,59,,,True,-10.4
670,32.923851,-117.192706,578.5,82.0,1.129,119,60,,,True,-7.7
676,32.923796,-117.192663,586.0,81.6,1.243,121,59,,,True,-6.6
679,32.923764,-117.192628,590.8,81.4,1.367,118,57,,,True,-6.8
680,32.923754,-117.192614,592.5,81.2,1.4,111,57,,,True,-9.4
681,32.923747,-117.19261,593.3,81.0,1.46,108,57,,,True,-11.5
683,32.923727,-117.192605,595.6,80.6,1.371,107,57,,,True,-12.0
689,32.923666,-117.192572,603.0,80.0,1.213,105,59,,,True,-8.7
690,32.923654,-117.192572,604.2,79.8,1.229,104,58,,,True,-6.8
698,32.923572,-117.192534,614.0,79.2,1.222,102,58,,,True,-6.2
704,32.923529,-117.192511,619.0,79.0,1.057,99,0,,,True,-5.4
705,32.92353,-117.19251,619.0,79.0,0.714,99,0,,,False,-12.0
707,32.92353,-117.19251,619.0,79.0,0.556,98,0,,,False,-16.0
710,32.92353,-117.19251,619.0,78.8,0.0,94,0,,,False,-20.0
717,32.92353,-117.19251,619.0,78.6,0.0,95,0,,,False,-5.1
720,32.92353,-117.19251,619.0,78.4,0.0,99,0,,,False,-8.8
724,32.92353,-117.19251,619.0,78.4,0.0,102,0,,,False,-11.8
730,32.92353,-117.19251,619.0,78.4,0.0,103,0,,,False,-11.8
739,32.92353,-117.19251,619.0,78.2,0.0,100,0,,,False,-9.8
741,32.923495,-117.192486,623.4,78.2,0.4,99,0,,,True,-5.9
747,32.923473,-117.192485,625.8,78.6,0.85,100,0,,,True,-5.9
752,32.923473,-117.192485,625.8,78.4,0.218,97,0,,,False,-12.1
755,32.923449,-117.192475,628.6,78.2,0.35,94,0,,,True,-11.8
756,32.923443,-117.192473,629.2,77.8,0.378,95,65,,,True,-14.9
762,32.923408,-117.192454,633.3,77.0,0.671,96,65,,,True,-15.0
764,32.923392,-117.192445,635.3,76.8,0.762,98,0,,,True,-14.1
770,32.923346,-117.192429,640.6,76.4,0.913,97,0,,,True,-13.8
772,32.923337,-117.192418,642.0,76.0,0.838,102,0,,,True,-13.8
774,32.923337,-117.192418,642.0,76.0,0.67,107,0,,,False,-13.2
775,32.923337,-117.192418,642.0,75.8,0.28,107,0,,,False,-11.0
776,32.923337,-117.192418,642.0,75.8,0.233,106,0,,,False,-9.7
777,32.923337,-117.192418,642.0,75.8,0.0,100,0,,,False,-8.8
778,32.923337,-117.192418,642.0,75.8,0.0,92,0,,,False,-6.0
779,32.923336,-117.192409,642.4,75.8,0.08,89,0,,,True,-4.0
781,32.923322,-117.192399,644.2,75.8,0.44,87,0,,,True,-4.0
784,32.923288,-117.192395,647.7,75.6,1.06,87,0,,,True,-3.8
792,32.923261,-117.192377,652.0,75.4,0.709,87,0,,,True,-3.9
799,32.923216,-117.192349,658.1,75.2,0.693,87,49,,,True,-4.2
808,32.923158,-117.192332,664.5,75.0,0.781,87,43,,,True,-6.4
812,32.923146,-117.19231,666.7,74.8,0.662,87,44,,,True,-12.5
816,32.923134,-117.192314,667.7,74.4,0.4,90,0,,,False,-10.4
821,32.923134,-117.192314,667.7,74.2,0.111,87,0,,,False,-8.1
826,32.923134,-117.192314,667.7,74.0,0.0,84,0,,,False,-14.1
833,32.923134,-117.192314,667.7,74.2,0.0,91,0,,,False,-11.7
835,32.923134,-117.192314,667.7,74.2,0.0,92,0,,,False,-7.5
842,32.923087,-117.192311,673.0,74.0,0.589,90,0,,,True,-4.8
847,32.923087,-117.192311,673.0,73.8,0.442,87,0,,,False,-1.6
852,32.923087,-117.192311,673.0,73.8,0.0,86,0,,,False,-3.2
857,32.923083,-117.192301,673.6,73.8,0.06,82,0,,,False,-7.9
858,32.923073,-117.192292,674.8,73.8,0.3,83,0,,,True,-5.9
864,32.923029,-117.192264,680.1,73.8,0.929,85,0,,,True,-6.3
867,32.923023,-117.19226,681.0,73.6,0.689,86,0,,,False,-6.6
874,32.923012,-117.192242,683.1,73.2,0.3,84,0,,,True,-12.4
879,32.923012,-117.192242,683.1,73.2,0.175,85,0,,,False,-11.1
882,32.92299,-117.192234,685.7,73.0,0.325,83,0,,,True,-9.5
886,32.922951,-117.192228,689.8,72.6,0.957,82,0,,,True,-8.8
889,32.922944,-117.19222,690.9,72.6,0.743,82,0,,,True,-7.4
900,32.922938,-117.192223,691.5,72.6,0.121,84,0,,,False,-7.4
907,32.922944,-117.19222,691.5,72.4,0.033,83,0,,,False,-6.6
912,32.922936,-117.192223,692.2,72.4,0.058,85,0,,,False,-7.2
913,32.92292,-117.192216,693.9,72.4,0.4,85,0,,,True,-5.7
917,32.922877,-117.192184,699.3,72.0,1.42,88,60,,,True,-5.1
919,32.922857,-117.192166,702.0,71.8,1.35,92,60,,,True,-7.5
920,32.922842,-117.192155,703.9,71.8,1.429,93,59,,,True,-6.2
921,32.922838,-117.192151,704.5,71.6,1.325,94,59,,,True,-5.6
926,32.922824,-117.192157,705.8,71.6,0.317,91,0,,,False,-4.5
927,32.922824,-117.192157,705.8,71.6,0.217,90,0,,,False,-8.2
929,32.922824,-117.192157,705.8,71.4,0.162,87,0,,,False,-7.5
934,32.922785,-117.192149,710.1,71.4,0.614,90,0,,,True,-7.4
935,32.922779,-117.192146,710.8,71.4,0.833,90,0,,,True,-6.7
939,32.922773,-117.192142,711.8,71.2,0.34,93,0,,,False,-5.4
944,32.922776,-117.192139,711.8,71.0,0.111,94,0,,,False,-9.2
956,32.922743,-117.192132,715.3,70.8,0.206,93,0,,,False,-8.1
961,32.922703,-117.192102,720.7,70.6,0.524,93,41,,,True,-6.5
964,32.922699,-117.192089,721.7,70.4,0.8,93,0,,,True,-5.7
972,32.922681,-117.192081,724.1,70.2,0.309,93,0,,,False,-7.5
974,32.922666,-117.192077,725.8,70.2,0.41,96,0,,,True,-6.5
979,32.922638,-117.192078,728.8,70.2,0.671,94,0,,,True,-7.6
985,32.922599,-117.192048,734.0,69.6,0.745,90,49,,,True,-8.2
986,32.922594,-117.192046,734.6,69.4,0.829,90,49,,,True,-8.3
991,32.922584,-117.192052,735.0,69.2,0.167,90,0,,,False,-5.7
996,32.922566,-117.192033,738.0,69.2,0.34,93,0,,,True,-9.6
1000,32.922542,-117.192017,740.9,69.2,0.656,96,0,,,True,-8.6
1002,32.922545,-117.192016,741.0,69.2,0.5,99,0,,,False,-5.7
1006,32.92255,-117.192015,741.9,68.8,0.167,103,0,,,False,-8.1
1008,32.922541,-117.192021,742.3,68.8,0.217,106,0,,,False,-2.0
1011,32.92251,-117.19201,745.6,68.6,0.74,106,0,,,True,-9.9
1015,32.922508,-117.192004,747.5,68.4,0.743,105,0,,,True,-7.0
1018,32.922504,-117.192009,747.9,68.4,0.329,109,0,,,False,-12.5
1020,32.922502,-117.192009,748.1,69.0,0.12,112,0,,,False,-6.5
1027,32.922502,-117.192009,748.1,68.6,0.022,112,0,,,False,-3.5
1031,32.922502,-117.192009,749.0,68.4,0.082,115,0,,,False,0.0
1033,32.922509,-117.192005,749.5,68.4,0.233,116,0,,,False,0.0
1039,32.922505,-117.192011,749.5,68.6,0.063,114,0,,,False,6.6
1045,32.922514,-117.192024,750.5,68.0,0.083,113,45,,,False,2.8
1046,32.922508,-117.192008,750.5,68.0,0.143,113,0,,,False,7.4
1049,32.922529,-117.192027,753.2,68.4,0.37,113,0,,,True,6.1
1055,32.922527,-117.192012,753.2,68.6,0.3,111,0,,,False,11.6
1062,32.922545,-117.192029,755.7,68.6,0.192,112,0,,,True,11.4
1068,32.922599,-117.192059,762.6,69.4,0.723,109,0,,,True,12.2
1069,32.922609,-117.192061,763.7,69.6,1.143,108,49,,,True,14.1
1072,32.922647,-117.192081,767.9,70.4,1.22,108,56,,,True,13.5
1073,32.922664,-117.192086,769.9,70.6,1.46,95,52,,,True,12.5
1074,32.922677,-117.192092,771.4,70.8,1.54,98,50,,,True,9.5
1075,32.92269,-117.1921,773.0,70.8,1.55,103,50,,,True,8.2
1076,32.922707,-117.192106,774.9,71.0,1.6,106,50,,,True,9.8
1079,32.922731,-117.19213,778.4,71.4,1.4,110,50,,,True,11.0
1080,32.922743,-117.192135,779.7,71.4,1.34,110,50,,,True,11.1
1082,32.922763,-117.192143,782.1,71.8,1.2,111,57,,,True,8.1
1086,32.922796,-117.192144,785.7,72.2,1.0,112,0,,,True,9.1
1091,32.922815,-117.192163,788.2,72.2,0.678,115,0,,,True,10.4
1093,32.922836,-117.192171,790.7,72.4,0.714,117,0,,,True,9.4
1095,32.922861,-117.192182,793.6,73.0,0.878,115,55,,,True,11.8
1099,32.922898,-117.192208,798.4,73.4,1.283,117,56,,,True,11.0
1101,32.922912,-117.192216,800.1,73.6,1.083,120,56,,,True,8.3
1102,32.922924,-117.192222,801.6,73.6,1.143,124,56,,,True,9.4
1105,32.922957,-117.192239,805.6,74.0,1.2,126,56,,,True,9.1
1106,32.922978,-117.192246,807.9,74.2,1.56,127,56,,,True,10.5
1111,32.923025,-117.192262,813.3,74.8,1.283,127,56,,,True,11.1
1112,32.923038,-117.19227,814.9,75.0,1.167,127,56,,,True,7.3
1113,32.923051,-117.192274,816.4,75.2,1.214,126,56,,,True,8.5
1119,32.923114,-117.192312,824.3,75.4,1.343,127,56,,,True,7.5
1124,32.923158,-117.19234,829.8,76.2,1.218,128,55,,,True,6.5
1125,32.923168,-117.192347,831.0,76.2,1.117,128,55,,,True,10.7
1129,32.923253,-117.192374,840.9,76.8,2.22,127,55,,,True,8.0
1130,32.923255,-117.192378,841.2,77.2,2.04,128,56,,,True,6.6
1134,32.923256,-117.192378,842.3,77.2,0.28,127,0,,,False,7.7
1135,32.923264,-117.192377,843.1,77.0,0.38,127,0,,,True,5.3
1139,32.923309,-117.1924,848.5,77.4,1.24,125,55,,,True,6.7
1145,32.923376,-117.192424,856.4,78.0,1.33,124,54,,,True,8.6
1146,32.923384,-117.192428,857.2,78.2,1.243,123,55,,,True,9.9
1147,32.923397,-117.192444,859.3,78.4,1.35,123,55,,,True,28.0
1150,32.923441,-117.192465,864.7,79.0,1.66,120,55,,,True,13.6
1151,32.923443,-117.192466,864.9,79.4,1.54,118,56,,,False,12.7
1155,32.923449,-117.19247,865.7,80.6,0.2,119,0,,,False,10.4
1162,32.923449,-117.19247,865.7,80.2,0.073,118,0,,,False,7.1
1165,32.923457,-117.192498,868.2,79.6,0.25,120,0,,,True,5.3
1166,32.923464,-117.192503,869.1,79.4,0.309,121,0,,,True,-5.7
1167,32.923479,-117.192508,870.8,79.6,1.02,124,0,,,True,1.7
1168,32.923499,-117.192516,873.1,79.6,1.233,126,55,,,True,4.9
1173,32.92356,-117.192519,879.7,79.8,1.483,129,57,,,True,3.8
1175,32.923573,-117.192525,881.3,80.0,1.171,128,58,,,True,5.4
1180,32.923618,-117.192542,886.7,80.2,1.0,127,57,,,True,7.5
1181,32.923629,-117.192545,887.9,80.4,1.1,127,57,,,True,7.5
1183,32.92365,-117.192554,890.4,80.6,1.138,126,57,,,True,7.4
1186,32.923687,-117.192567,894.6,81.0,1.34,123,56,,,True,7.7
1188,32.923707,-117.192589,897.5,81.0,1.42,121,56,,,True,10.9
1193,32.923755,-117.192611,903.4,81.6,1.257,123,55,,,True,10.2
1195,32.923772,-117.19262,905.1,82.2,1.086,122,53,,,True,9.5
1198,32.923812,-117.192652,908.3,82.4,0.98,121,56,,,True,9.8
1202,32.923854,-117.192694,914.4,82.6,1.329,122,57,,,True,10.3
1203,32.923865,-117.192701,915.7,82.8,1.48,121,57,,,True,11.9
1208,32.923898,-117.192734,920.6,83.8,1.033,122,55,,,True,14.2
1209,32.923907,-117.192738,921.7,84.0,1.0,121,55,,,True,15.1
1216,32.92397,-117.192809,931.3,85.0,1.337,121,53,,,True,14.9
1219,32.923987,-117.192824,934.2,85.6,1.25,121,55,,,True,12.9
1221,32.923994,-117.192843,935.4,86.0,0.82,121,55,,,True,15.4
1222,32.924002,-117.192861,937.2,86.0,0.983,121,55,,,True,13.7
1226,32.924018,-117.192921,943.0,86.8,1.52,124,56,,,True,8.2
1227,32.924028,-117.19293,944.4,87.0,1.44,125,56,,,True,8.8
1231,32.924071,-117.192963,950.0,87.2,1.4,125,56,,,True,6.4
1232,32.924076,-117.192971,950.9,87.2,1.3,125,55,,,True,5.0
1236,32.924088,-117.193018,955.5,87.6,1.1,128,54,,,True,5.9
1237,32.924089,-117.193029,956.4,87.6,1.1,130,49,,,True,4.9
1241,32.924108,-117.193061,960.1,87.8,0.92,127,51,,,True,7.5
1244,32.924127,-117.193085,963.2,87.8,0.971,125,47,,,True,4.7
1246,32.924127,-117.193089,963.5,88.0,0.68,124,42,,,False,2.2
1249,32.924128,-117.193081,963.5,88.2,0.06,123,0,,,False,4.7
1255,32.924153,-117.193109,968.4,88.2,0.544,121,55,,,True,5.2
1256,32.924158,-117.193119,969.4,88.0,0.843,124,55,,,True,1.8
1259,32.924178,-117.193153,972.9,88.4,0.94,130,55,,,True,5.1
1260,32.924191,-117.193167,974.7,88.4,1.26,130,55,,,True,6.8
1262,32.924208,-117.193185,977.3,88.6,1.317,131,56,,,True,7.1
1268,32.924233,-117.193246,984.0,89.0,1.162,132,56,,,True,13.5
1269,32.924232,-117.193247,984.2,89.2,0.986,132,55,,,False,14.1
1273,32.924234,-117.193275,984.2,89.8,0.04,128,55,,,False,8.3
1274,32.924241,-117.193275,985.1,89.8,0.18,127,0,,,True,5.2
1275,32.92425,-117.193279,985.8,89.8,0.267,125,0,,,True,4.0
1277,32.924281,-117.193288,989.3,89.6,0.637,120,0,,,True,0.0
1279,32.924305,-117.193303,992.4,89.4,1.46,117,0,,,True,0.0
1284,32.924362,-117.193333,999.3,89.8,1.429,120,0,,,True,2.3
1285,32.924373,-117.193333,1000.6,89.8,1.367,120,0,,,True,4.5
1290,32.924431,-117.193345,1007.0,90.0,1.283,119,56,,,True,4.0
1292,32.92446,-117.19335,1010.3,90.2,1.386,119,57,,,True,5.9
1298,32.92454,-117.193352,1019.2,90.6,1.525,117,57,,,True,6.3
1304,32.92462,-117.193354,1027.9,91.4,1.467,116,56,,,True,6.7
1310,32.924692,-117.193347,1035.8,91.8,1.383,116,56,,,True,7.6
1315,32.924752,-117.19332,1042.9,92.4,1.364,115,56,,,True,7.7
1317,32.924776,-117.193321,1045.4,92.6,1.371,116,56,,,True,10.6
1321,32.92483,-117.193328,1051.3,93.2,1.4,119,56,,,True,11.6
1323,32.924841,-117.193334,1052.8,93.6,1.233,121,56,,,True,12.6
1329,32.924908,-117.193343,1060.1,94.4,1.1,123,56,,,True,12.1
1330,32.924919,-117.193346,1061.3,94.6,1.214,123,56,,,True,13.0
1331,32.924933,-117.19335,1062.9,94.6,1.263,124,55,,,True,17.7
1336,32.925004,-117.193382,1071.3,96.0,1.667,126,56,,,True,16.7
1338,32.925014,-117.193389,1072.5,96.6,1.371,126,56,,,True,16.3
1340,32.925042,-117.193395,1075.7,97.0,1.422,126,58,,,True,15.2
1343,32.925068,-117.193391,1078.9,97.2,1.28,127,0,,,True,12.5
1348,32.925122,-117.193401,1084.5,98.0,1.1,128,0,,,True,12.8
1349,32.925128,-117.193395,1085.3,98.2,1.067,129,0,,,True,14.6
1353,32.925181,-117.193388,1091.3,99.0,1.36,132,53,,,True,16.9
1354,32.925192,-117.193387,1092.6,99.2,1.46,133,53,,,True,16.4
1355,32.925197,-117.19338,1093.1,99.4,1.3,134,53,,,True,20.0
1360,32.925238,-117.193376,1097.5,100.2,0.817,136,55,,,True,19.7
1361,32.925245,-117.193372,1098.3,100.6,0.867,137,54,,,True,19.2
1362,32.925263,-117.193377,1100.3,100.8,1.029,138,54,,,True,16.3
1364,32.925291,-117.193383,1103.5,101.4,1.156,138,53,,,True,14.2
1366,32.925314,-117.193382,1106.0,101.8,1.54,138,53,,,True,14.3
1371,32.925358,-117.193372,1111.0,102.4,1.071,139,55,,,True,15.6
1372,32.925375,-117.193368,1112.9,102.6,1.15,140,55,,,True,16.5
1377,32.925418,-117.193362,1117.6,103.6,1.1,141,53,,,True,14.2
1378,32.925424,-117.193365,1118.1,103.8,0.867,141,53,,,True,13.2
1383,32.925488,-117.193323,1126.5,104.6,1.483,141,53,,,True,11.2
1385,32.925517,-117.193322,1129.6,104.8,1.643,142,53,,,True,10.1
1390,32.92557,-117.193314,1135.5,105.6,1.286,143,56,,,True,12.1
1392,32.925592,-117.19331,1138.0,105.8,1.2,143,55,,,True,15.8
1394,32.925613,-117.193294,1139.7,106.2,1.122,144,55,,,True,17.4
1395,32.925616,-117.19329,1139.7,106.4,0.84,143,55,,,False,12.9
1398,32.92562,-117.193303,1141.0,106.8,0.5,142,0,,,True,9.8
1402,32.925626,-117.193306,1142.4,106.8,0.386,140,0,,,True,12.2
1407,32.92562,-117.193303,1143.9,107.0,0.322,138,0,,,False,9.2
1412,32.92562,-117.193303,1144.8,106.8,0.24,138,0,,,False,3.9
1414,32.925614,-117.193309,1145.7,106.6,0.257,139,0,,,True,-5.5
1416,32.925609,-117.193302,1145.9,106.6,0.222,138,47,,,False,-1.7
1422,32.925624,-117.193313,1147.8,107.0,0.262,139,0,,,True,-4.0
1428,32.925624,-117.193318,1148.9,106.8,0.25,137,0,,,False,-2.0
1433,32.925622,-117.193309,1149.9,106.6,0.191,135,0,,,False,0.0
1439,32.925622,-117.193309,1151.9,106.2,0.273,134,0,,,True,-4.1
1444,32.925647,-117.193296,1154.0,106.6,0.373,131,0,,,True,-3.1
1447,32.925646,-117.193285,1154.9,106.6,0.375,127,0,,,True,-1.7
1449,32.925638,-117.193296,1156.2,106.6,0.44,124,0,,,True,3.5
1451,32.925628,-117.193304,1157.5,106.6,0.5,124,0,,,True,-1.7
1453,32.925633,-117.193306,1157.5,106.6,0.433,123,0,,,False,-1.8
1456,32.925634,-117.193311,1160.9,106.6,0.68,123,0,,,True,4.4
1460,32.925623,-117.193314,1163.3,106.6,0.829,124,0,,,True,4.9
1465,32.925642,-117.193305,1166.0,106.4,0.567,125,0,,,True,0.0
1472,32.925625,-117.193275,1169.7,107.2,0.533,125,0,,,True,-1.5
1476,32.925582,-117.193294,1174.7,106.6,0.791,129,0,,,True,-4.6
1479,32.925564,-117.193297,1176.9,106.4,1.029,132,62,,,True,-17.2
1483,32.925555,-117.193308,1179.0,105.8,0.614,135,0,,,True,-9.6
1484,32.925555,-117.193308,1179.0,105.8,0.42,135,0,,,False,-8.5
1485,32.925555,-117.193308,1179.0,105.6,0.35,135,0,,,False,-8.4
1491,32.925528,-117.193319,1182.2,106.0,0.457,132,0,,,True,-4.5
1492,32.925516,-117.193321,1183.5,106.0,0.643,131,0,,,True,-3.0
1496,32.925466,-117.193338,1188.8,105.4,1.32,134,58,,,True,-7.0
1498,32.925439,-117.193354,1192.2,105.2,1.45,137,62,,,True,-9.7
1499,32.925425,-117.193355,1193.7,105.2,1.457,139,62,,,True,-12.1
1502,32.925389,-117.193365,1197.9,104.6,1.517,141,62,,,True,-15.0
1506,32.925356,-117.193385,1202.0,103.8,1.186,141,66,,,True,-18.8
1507,32.925347,-117.193383,1202.9,103.6,1.0,140,66,,,True,-18.3
1511,32.925306,-117.193393,1207.5,102.6,1.1,139,62,,,True,-17.3
1517,32.925245,-117.193392,1214.3,101.6,1.14,136,61,,,True,-18.6
1518,32.925229,-117.193387,1215.9,101.4,1.2,136,60,,,True,-16.6
1522,32.925182,-117.193399,1221.2,100.2,1.38,133,61,,,True,-17.8
1525,32.925143,-117.193397,1225.6,99.6,1.386,131,61,,,True,-17.3
1529,32.925113,-117.1934,1228.9,99.0,1.1,130,59,,,True,-15.3
1533,32.925064,-117.193395,1234.4,98.2,1.1,131,59,,,True,-15.4
1534,32.925053,-117.193395,1235.6,98.0,1.34,131,59,,,True,-14.6
1542,32.924979,-117.193384,1243.8,96.8,1.044,129,60,,,True,-20.2
1543,32.924967,-117.193378,1245.3,96.6,1.078,129,60,,,True,-16.6
1546,32.924949,-117.193374,1247.3,95.6,0.975,126,59,,,True,-17.5
1551,32.924872,-117.193346,1256.1,94.6,1.35,126,59,,,True,-14.3
1552,32.92486,-117.193345,1257.5,94.4,1.7,126,59,,,True,-10.1
1561,32.924782,-117.193327,1266.3,93.6,1.02,125,58,,,True,-12.8
1562,32.924775,-117.193326,1267.1,93.6,0.96,125,58,,,True,-8.4
1568,32.924746,-117.193333,1270.2,92.8,0.557,124,0,,,True,-7.2
1575,32.924667,-117.193327,1279.0,92.6,0.915,124,55,,,True,-8.3
1576,32.924657,-117.193331,1280.2,92.6,1.25,124,55,,,True,-6.4
1586,32.924557,-117.193341,1291.2,91.6,1.109,124,59,,,True,-8.3
1587,32.924548,-117.193342,1292.2,91.4,1.091,125,58,,,True,-7.9
1594,32.924471,-117.19334,1300.8,90.8,1.2,124,57,,,True,-6.4
1601,32.924403,-117.193339,1308.2,90.4,1.143,122,57,,,True,-5.1
1604,32.92436,-117.193331,1313.0,90.2,1.22,120,57,,,True,-5.8
1614,32.924281,-117.193281,1323.3,89.8,1.162,119,56,,,True,-6.2
1619,32.924263,-117.193232,1328.4,89.2,1.027,118,55,,,True,-5.9
1621,32.924241,-117.193222,1330.7,89.0,1.057,118,56,,,True,-7.2
1632,32.924166,-117.193118,1343.7,88.4,1.177,118,58,,,True,-6.2
1634,32.924156,-117.193103,1345.4,88.2,1.131,119,57,,,True,-5.5
1642,32.924115,-117.193025,1354.3,87.6,1.06,118,57,,,True,-5.9
1649,32.924058,-117.192955,1363.6,87.2,1.213,117,57,,,True,-6.8
1652,32.924032,-117.192927,1367.5,87.0,1.32,117,56,,,True,-9.6
1657,32.924036,-117.192932,1368.9,86.6,0.663,117,0,,,False,-7.6
1667,32.924036,-117.192932,1368.9,86.2,0.093,115,0,,,False,-11.1
1668,32.924036,-117.192932,1368.9,86.2,0.0,113,0,,,False,-11.4
1674,32.924013,-117.192853,1376.7,86.2,1.114,113,0,,,True,-8.6
1676,32.924001,-117.192841,1378.3,85.8,1.175,116,64,,,True,-9.8
1680,32.923979,-117.1928,1382.9,85.0,1.033,117,62,,,True,-17.8
1682,32.923966,-117.192781,1385.3,84.6,1.167,127,62,,,True,-15.5
1683,32.923954,-117.192771,1386.8,84.4,1.214,133,61,,,True,-14.9
1684,32.923948,-117.192766,1387.6,84.4,1.162,121,61,,,True,-12.1
1686,32.923933,-117.192748,1389.9,84.0,1.167,119,61,,,True,-11.9
1690,32.923895,-117.192717,1395.0,83.2,1.233,135,58,,,True,-12.6
1691,32.923882,-117.192705,1396.9,83.2,1.4,141,57,,,True,-11.7
1692,32.923869,-117.192691,1398.7,83.0,1.467,142,57,,,True,-9.2
1693,32.923859,-117.192682,1400.2,82.8,1.471,142,57,,,True,-11.5
1700,32.923798,-117.19264,1408.1,82.0,1.175,139,59,,,True,-10.1
1701,32.92379,-117.192634,1409.1,81.8,1.112,138,59,,,True,-10.1
1709,32.923721,-117.192578,1418.6,81.0,1.167,135,59,,,True,-9.0
1710,32.923711,-117.19257,1420.0,80.8,1.211,135,59,,,True,-7.7
1717,32.92364,-117.192547,1428.1,80.2,1.188,133,60,,,True,-6.8
1722,32.923581,-117.192516,1435.2,79.8,1.267,131,56,,,True,-5.9
1725,32.923545,-117.192503,1439.3,79.6,1.4,128,57,,,True,-3.9
1729,32.923506,-117.192491,1443.7,79.4,1.214,125,57,,,True,-4.1
1733,32.923463,-117.192486,1448.5,79.4,1.15,126,59,,,True,-3.7
1738,32.923465,-117.192495,1450.0,79.2,0.7,125,0,,,False,0.0
1744,32.923466,-117.192495,1450.0,79.2,0.136,124,0,,,False,-6.5
1746,32.923456,-117.192496,1450.0,79.0,0.0,123,0,,,False,-9.7
1751,32.923436,-117.192457,1453.8,79.4,0.543,122,0,,,True,-9.3
1754,32.923408,-117.192435,1457.7,78.8,0.963,119,63,,,True,-8.5
1759,32.923352,-117.192393,1465.0,77.8,1.4,120,64,,,True,-12.8
1760,32.923338,-117.192389,1466.5,77.6,1.467,120,64,,,True,-11.9
1762,32.923313,-117.192379,1469.4,77.4,1.463,123,64,,,True,-10.2
1763,32.923297,-117.192378,1471.1,77.2,1.489,127,64,,,True,-11.3
1764,32.923281,-117.192374,1472.9,77.0,1.58,131,64,,,True,-9.0
1766,32.923265,-117.19237,1474.8,76.8,1.383,136,63,,,True,-9.2
1767,32.923258,-117.192368,1475.6,76.6,1.24,139,62,,,True,-8.8
1772,32.923203,-117.192346,1482.0,76.2,1.2,141,60,,,True,-10.2
1778,32.92315,-117.192307,1488.8,75.6,1.2,140,59,,,True,-9.1
1782,32.92312,-117.19229,1492.5,75.0,1.05,137,61,,,True,-10.4
1785,32.923079,-117.192268,1497.5,74.6,1.243,135,62,,,True,-13.2
1790,32.92305,-117.192267,1501.2,74.2,1.088,135,61,,,True,-10.1
1794,32.92304,-117.192275,1502.4,73.8,0.544,132,0,,,True,-10.1
1798,32.92304,-117.192275,1502.4,73.8,0.15,129,0,,,False,-16.2
1800,32.92304,-117.192275,1502.4,74.0,0.0,125,0,,,False,-12.6
1802,32.92304,-117.192275,1502.4,74.4,0.0,120,0,,,False,-11.3
1808,32.92304,-117.192275,1502.4,74.0,0.0,121,0,,,False,-11.2
1811,32.92304,-117.192275,1502.4,73.4,0.0,124,0,,,False,-9.4
1814,32.92304,-117.192275,1502.4,73.4,0.0,128,0,,,False,-10.7
1815,32.92304,-117.192275,1502.4,73.4,0.0,127,0,,,False,-10.7
1818,32.923033,-117.192272,1503.6,73.6,0.171,127,0,,,True,-6.7
1821,32.923002,-117.19224,1508.1,73.4,0.95,127,0,,,True,-6.1
1827,32.922926,-117.1922,1517.3,72.4,1.522,132,63,,,True,-8.5
1828,32.922914,-117.192192,1518.9,72.4,1.543,135,65,,,True,-6.8
1829,32.922905,-117.192185,1520.0,72.2,1.488,137,66,,,True,-4.8
1835,32.92283,-117.192156,1528.8,72.0,1.414,138,59,,,True,-4.7
1843,32.922747,-117.192129,1538.2,71.4,1.3,136,62,,,True,-5.3
1844,32.922732,-117.192121,1540.0,71.4,1.244,136,62,,,True,-8.4
1847,32.922719,-117.192109,1542.6,71.0,1.15,133,59,,,True,-8.2
1849,32.922722,-117.192117,1543.1,70.8,0.62,133,58,,,False,-8.2
1854,32.922727,-117.192119,1543.1,70.8,0.071,130,0,,,False,0.0
1859,32.922727,-117.192119,1543.1,71.0,0.0,131,0,,,False,-2.4
1868,32.922727,-117.192119,1543.1,71.0,0.0,130,0,,,False,0.0
1870,32.922727,-117.192119,1543.1,71.0,0.0,121,0,,,False,1.5
1872,32.92271,-117.192106,1545.3,71.4,0.169,118,0,,,True,0.0
1874,32.922687,-117.192087,1548.5,71.4,0.9,119,62,,,True,-1.4
1880,32.922618,-117.192052,1556.8,71.0,1.438,122,63,,,True,-4.4
1881,32.922609,-117.19205,1557.7,70.8,1.314,124,63,,,True,-9.2
1882,32.922599,-117.192047,1558.9,70.8,1.3,128,63,,,True,-14.0
1884,32.922579,-117.19203,1561.6,70.2,1.31,129,62,,,True,-13.6
1889,32.922525,-117.191999,1568.2,69.4,1.329,132,59,,,True,-11.4
1890,32.922514,-117.191994,1569.5,69.2,1.317,133,59,,,True,-9.7
1900,32.922406,-117.191964,1581.8,68.2,1.236,134,59,,,True,-9.2
1908,32.922329,-117.19194,1590.6,67.4,1.172,134,58,,,True,-10.6
1911,32.922319,-117.19194,1592.1,67.2,0.936,134,57,,,True,-17.3
1914,32.922321,-117.191942,1592.2,66.8,0.267,134,0,,,False,-14.2
1921,32.922324,-117.191936,1592.2,66.4,0.01,133,0,,,False,-8.3
1926,32.922263,-117.191907,1599.4,66.0,0.6,133,0,,,True,-6.5
1928,32.922242,-117.1919,1601.9,65.8,1.386,132,60,,,True,-4.9
1937,32.922132,-117.191891,1613.9,65.4,1.318,129,64,,,True,-5.1
1942,32.922069,-117.19189,1620.9,65.0,1.357,129,61,,,True,-5.1
1947,32.92202,-117.191872,1626.6,64.6,1.27,129,60,,,True,-5.8
1954,32.921927,-117.191871,1636.9,64.0,1.333,130,60,,,True,-8.7
1955,32.921917,-117.191874,1638.1,64.0,1.438,130,60,,,True,-6.5
1962,32.921866,-117.191885,1643.8,63.0,0.862,130,59,,,True,-4.9
1970,32.921872,-117.191902,1645.2,63.4,0.473,128,0,,,False,-6.1
1976,32.921805,-117.191932,1653.2,63.2,0.671,131,59,,,True,-7.1
1978,32.921792,-117.191935,1654.6,63.0,1.175,132,60,,,True,-8.8
1985,32.921794,-117.191962,1655.0,62.2,0.2,133,0,,,False,-13.7
1991,32.92174,-117.191978,1661.1,62.0,0.5,132,70,,,True,-13.6
1992,32.92173,-117.191987,1662.5,62.0,1.071,132,62,,,True,-7.0
1994,32.921714,-117.192006,1664.9,61.6,1.1,135,64,,,True,-15.6
1996,32.921707,-117.192024,1666.5,61.4,1.08,138,64,,,True,-19.1
1998,32.921695,-117.192031,1667.9,61.0,0.9,138,61,,,True,-21.8
1999,32.92169,-117.192039,1668.8,60.8,0.78,137,61,,,True,-24.2
2001,32.921675,-117.192039,1670.1,60.4,0.72,134,61,,,True,-25.9
2004,32.921653,-117.192044,1672.6,59.8,0.76,132,59,,,True,-30.9
2005,32.921648,-117.19205,1673.4,59.6,0.767,131,58,,,True,-35.1
2010,32.921611,-117.192052,1677.3,58.6,0.783,132,55,,,True,-28.6
2012,32.921612,-117.192059,1677.6,58.4,0.6,132,55,,,False,-29.1
2024,32.921612,-117.192063,1677.6,58.0,0.021,135,0,,,False,-29.6
2025,32.921612,-117.192063,1677.6,58.0,0.0,135,0,,,False,-31.4
2031,32.921612,-117.192063,1677.6,57.6,0.0,132,0,,,False,-29.5
2032,32.921612,-117.192063,1677.6,57.6,0.0,131,0,,,False,-32.0
2035,32.921592,-117.192069,1679.8,57.6,0.22,130,48,,,True,-29.0
2041,32.92156,-117.192072,1683.6,56.4,0.667,131,0,,,True,-26.1
2042,32.92155,-117.192066,1684.8,56.2,0.714,132,0,,,True,-23.2
2043,32.921538,-117.192064,1686.1,56.0,0.787,136,0,,,True,-28.9
2045,32.921528,-117.192069,1687.3,55.4,0.75,136,0,,,True,-28.8
2050,32.921493,-117.192056,1691.4,54.4,0.757,136,0,,,True,-27.0
2053,32.921476,-117.192061,1693.3,53.6,0.75,132,0,,,True,-25.7
2054,32.921464,-117.192059,1694.7,53.2,0.822,130,0,,,True,-27.0
2056,32.92144,-117.192065,1697.4,52.8,1.0,134,0,,,True,-25.9
2058,32.921425,-117.192071,1698.8,52.6,1.1,131,0,,,True,-28.2
2062,32.921424,-117.192074,1698.8,52.4,0.233,126,0,,,False,-29.8
2063,32.921417,-117.192074,1699.4,52.4,0.12,126,0,,,True,-28.6
2064,32.921414,-117.192079,1699.9,52.2,0.183,124,0,,,True,-23.0
2065,32.921414,-117.192072,1699.9,52.2,0.157,125,0,,,False,-18.9
2066,32.921415,-117.192066,1699.9,52.0,0.138,128,0,,,False,-14.4
2067,32.92141,-117.192062,1700.6,51.8,0.36,133,0,,,True,0.0
2068,32.921408,-117.192061,1700.8,51.6,0.28,136,0,,,False,9.6
2071,32.921401,-117.192068,1701.9,51.4,0.4,132,0,,,True,11.5
2072,32.921411,-117.192084,1701.9,51.4,0.26,131,0,,,False,15.8
2073,32.921414,-117.192088,1702.0,51.6,0.24,128,0,,,False,18.3
2074,32.921416,-117.192087,1702.2,51.6,0.233,124,0,,,False,23.5
2075,32.92142,-117.192092,1702.8,51.8,0.286,124,0,,,True,29.4
2077,32.921434,-117.192094,1704.4,52.0,0.5,120,0,,,True,29.4
2082,32.921478,-117.192088,1708.7,53.2,0.843,124,0,,,True,30.0
2083,32.921482,-117.192087,1709.2,53.6,0.8,129,0,,,True,28.6
2086,32.921494,-117.192077,1710.8,54.2,0.711,126,53,,,True,32.6
2087,32.921506,-117.192077,1712.1,54.4,0.68,120,53,,,True,30.5
2088,32.921507,-117.19208,1712.2,54.6,0.6,114,0,,,False,41.9
2089,32.921522,-117.192084,1713.3,54.8,0.683,115,0,,,True,25.9
2090,32.921524,-117.192083,1713.6,55.0,0.629,120,0,,,False,23.3
2091,32.921535,-117.192077,1714.9,55.2,0.82,124,0,,,True,21.7
2092,32.921535,-117.192077,1714.9,55.4,0.56,131,0,,,False,22.4
2094,32.921535,-117.192077,1714.9,55.8,0.32,134,0,,,False,21.2
2099,32.921552,-117.192086,1716.7,55.4,0.257,134,0,,,True,21.4
2103,32.921569,-117.192085,1719.5,56.0,0.511,137,0,,,True,19.4
2105,32.921578,-117.192077,1720.6,56.4,0.65,138,45,,,True,27.4
2107,32.921607,-117.192067,1723.7,57.0,0.875,138,0,,,True,29.4
2108,32.921621,-117.192065,1725.2,57.4,1.14,139,0,,,True,28.0
2110,32.921631,-117.192063,1726.2,58.0,1.12,139,0,,,True,24.1
2111,32.921633,-117.192062,1726.3,58.2,0.95,134,0,,,False,22.4
2112,32.921633,-117.192055,1726.9,58.4,0.64,130,0,,,True,22.0
2113,32.921648,-117.192043,1728.8,58.6,0.72,126,58,,,True,17.3
2114,32.921658,-117.192031,1730.3,58.6,0.85,124,0,,,True,15.9
2118,32.921693,-117.192031,1734.0,59.4,1.04,129,0,,,True,15.8
2120,32.92171,-117.192019,1736.1,59.8,0.967,133,0,,,True,18.8
2123,32.921731,-117.192002,1738.9,60.2,0.98,132,0,,,True,17.8
2125,32.92174,-117.191993,1740.1,60.6,0.8,131,51,,,True,16.4
2129,32.921771,-117.191973,1744.1,61.2,0.867,130,49,,,True,18.4
2132,32.921796,-117.19196,1747.1,61.6,1.0,129,44,,,True,19.0
2134,32.921803,-117.191949,1748.1,61.8,0.8,145,46,,,True,13.8
2135,32.921808,-117.191945,1748.7,62.0,0.767,148,46,,,True,10.2
2136,32.921814,-117.191942,1749.4,62.2,0.757,149,46,,,True,9.3
2140,32.921854,-117.191919,1754.6,62.6,1.18,149,46,,,True,8.6
2143,32.92189,-117.191903,1758.9,62.8,1.357,149,50,,,True,10.2
2145,32.921902,-117.191898,1760.3,63.0,1.14,149,50,,,True,12.7
2149,32.921946,-117.191904,1765.1,63.8,1.033,147,50,,,True,13.2
2151,32.92195,-117.191903,1765.6,64.0,0.883,147,48,,,False,14.4
2156,32.921998,-117.19189,1771.0,64.4,0.843,145,47,,,True,4.5
2157,32.922001,-117.191889,1771.4,64.6,0.967,144,47,,,True,3.1
2158,32.922015,-117.19189,1773.0,64.6,1.057,143,48,,,True,3.8
2163,32.922061,-117.191891,1778.3,64.4,1.15,143,52,,,True,2.0
2165,32.922081,-117.191888,1780.4,64.6,1.057,142,52,,,True,3.0
2167,32.92209,-117.191894,1781.6,64.8,0.956,142,50,,,True,5.9
2169,32.922102,-117.1919,1782.9,64.8,0.767,141,50,,,True,5.8
2172,32.922133,-117.191898,1786.2,65.0,0.92,138,45,,,True,4.8
2175,32.922154,-117.1919,1788.5,65.0,0.933,137,41,,,True,5.9
2181,32.922205,-117.191918,1794.2,65.4,0.889,136,42,,,True,5.1
2188,32.922254,-117.191929,1799.8,65.8,0.869,133,44,,,True,6.5
2190,32.922273,-117.191933,1802.0,65.8,0.867,130,79,,,True,6.2
2194,32.922312,-117.191963,1806.9,66.2,1.183,127,47,,,True,6.7
2197,32.922342,-117.191969,1810.3,66.4,1.186,124,47,,,True,4.7
2199,32.922353,-117.19196,1811.7,66.6,0.96,124,45,,,True,7.4
2205,32.922375,-117.191976,1814.8,66.4,0.563,124,0,,,True,7.7
2208,32.922385,-117.19198,1816.1,66.8,0.489,123,48,,,True,6.9
2210,32.9224,-117.191977,1817.7,67.0,0.58,123,47,,,True,9.0
2216,32.922449,-117.191993,1823.3,67.4,0.9,124,43,,,True,8.1
2221,32.922492,-117.192003,1828.1,67.6,0.945,125,75,,,True,7.4
2225,32.922519,-117.192003,1831.0,68.0,0.856,124,0,,,True,8.8
2226,32.922522,-117.191998,1831.2,68.0,0.62,123,42,,,False,10.0
2232,32.922523,-117.192002,1831.4,68.0,0.057,122,0,,,False,8.9
2238,32.922565,-117.192033,1836.9,68.6,0.475,121,0,,,True,9.1
2240,32.92259,-117.19205,1840.1,68.8,1.087,117,45,,,True,9.8
2242,32.922607,-117.19206,1842.2,69.0,1.08,120,45,,,True,9.6
2243,32.922617,-117.19207,1843.6,69.2,1.34,121,46,,,True,9.8
2245,32.922633,-117.192078,1845.4,69.4,1.06,118,51,,,True,9.9
2248,32.922671,-117.192079,1849.4,69.8,1.16,118,51,,,True,8.1
2250,32.922695,-117.192091,1852.3,70.0,1.38,118,51,,,True,8.6
2254,32.922742,-117.192127,1858.5,70.4,1.517,119,57,,,True,8.3
2259,32.922786,-117.192151,1863.9,71.0,1.289,120,53,,,True,9.2
2261,32.922808,-117.192157,1866.3,71.2,1.114,119,53,,,True,8.8
2265,32.922859,-117.192162,1871.9,71.8,1.333,120,53,,,True,8.6
2271,32.922914,-117.192208,1878.9,72.2,1.26,121,52,,,True,10.6
2273,32.922941,-117.192225,1882.4,72.6,1.313,121,52,,,True,6.7
2275,32.922964,-117.192239,1885.2,73.2,1.33,122,0,,,True,8.1
2281,32.923002,-117.192254,1889.9,73.0,0.938,122,48,,,True,9.0
2283,32.923008,-117.192266,1891.3,73.2,0.762,121,48,,,True,4.1
2287,32.92305,-117.192266,1895.7,73.8,0.967,122,48,,,True,7.2
2290,32.923086,-117.192285,1900.0,73.8,1.243,126,48,,,True,6.8
2291,32.923094,-117.192294,1901.0,73.8,1.213,129,49,,,True,5.9
2293,32.923108,-117.192307,1903.0,74.0,1.217,129,50,,,True,11.3
2297,32.923129,-117.192325,1905.8,74.4,0.8,127,47,,,True,10.1
2301,32.923169,-117.192343,1910.6,75.0,0.95,127,50,,,True,10.6
2307,32.923223,-117.192367,1916.9,75.4,1.11,125,50,,,True,7.3
2312,32.92328,-117.192393,1923.7,76.2,1.191,125,48,,,True,7.1
2318,32.923335,-117.19242,1930.3,76.2,1.218,124,49,,,True,7.7
2321,32.923362,-117.192424,1933.2,76.6,1.056,123,49,,,True,7.9
2325,32.923399,-117.192444,1937.7,77.0,1.057,123,48,,,True,13.2
2329,32.92343,-117.19246,1941.5,77.6,1.037,120,47,,,True,14.0
2333,32.923459,-117.192487,1945.5,78.2,0.975,123,50,,,True,11.0
2336,32.923476,-117.192492,1947.5,78.6,0.857,123,49,,,True,5.1
2340,32.923519,-117.192506,1952.3,78.6,0.971,123,48,,,True,3.7
2346,32.923565,-117.192512,1957.3,78.4,0.98,126,49,,,True,2.1
2351,32.9236,-117.192533,1961.5,78.8,0.836,129,0,,,True,3.9
2355,32.923638,-117.192559,1966.3,79.0,1.0,128,45,,,True,8.6
2357,32.923648,-117.192567,1967.7,79.2,1.033,129,47,,,True,6.6
2361,32.92368,-117.192579,1971.3,79.6,0.833,126,47,,,True,6.8
2363,32.9237,-117.192587,1973.7,79.6,1.0,123,49,,,True,5.8
2365,32.923717,-117.192599,1975.8,79.6,1.012,122,49,,,True,7.2
2369,32.923731,-117.192615,1978.1,79.8,0.733,121,0,,,True,11.3
2371,32.923746,-117.192619,1979.2,79.8,0.567,120,0,,,True,10.3
2373,32.923761,-117.19262,1979.6,80.2,0.475,118,51,,,False,9.6
2376,32.923777,-117.192636,1981.9,80.8,0.54,116,51,,,True,10.4
2380,32.92382,-117.192666,1987.3,81.0,1.1,118,46,,,True,8.2
2385,32.92386,-117.192694,1992.7,81.2,1.2,117,54,,,True,6.5
2386,32.923871,-117.192706,1994.2,81.4,1.15,117,54,,,True,7.4
2389,32.92389,-117.192728,1997.2,81.8,1.1,121,50,,,True,12.8
2390,32.923896,-117.192734,1998.1,81.8,1.08,121,50,,,True,13.7
2392,32.923907,-117.192743,1999.5,82.2,0.883,125,48,,,True,14.0
2393,32.923914,-117.19275,2000.5,82.2,0.9,125,49,,,True,15.2
2398,32.923954,-117.192782,2005.8,83.0,1.05,122,49,,,True,13.0
2401,32.923971,-117.192803,2008.6,83.4,1.012,120,48,,,True,14.5
2405,32.923999,-117.192842,2013.3,84.0,1.071,119,48,,,True,15.4
2408,32.924009,-117.192865,2015.7,84.4,1.014,120,47,,,True,15.5
2414,32.924007,-117.192884,2017.5,84.8,0.467,119,0,,,False,12.0
2416,32.924012,-117.192897,2018.9,85.0,0.4,118,0,,,True,10.5
2420,32.924049,-117.192948,2025.0,85.4,1.25,120,42,,,True,7.2
2424,32.924056,-117.192969,2027.1,85.6,1.025,121,46,,,True,7.4
2428,32.92406,-117.192975,2027.4,85.6,0.3,124,0,,,False,7.4
2431,32.924065,-117.192977,2028.6,85.6,0.214,123,0,,,True,7.7
2437,32.924091,-117.192998,2032.5,86.0,0.567,126,0,,,True,7.6
2438,32.924093,-117.193005,2033.1,86.0,0.643,125,45,,,True,7.3
2445,32.924125,-117.193074,2040.6,86.6,1.012,125,47,,,True,7.0
2450,32.924163,-117.193136,2047.9,87.0,1.233,124,50,,,True,7.9
2451,32.924173,-117.19315,2049.6,87.2,1.5,123,50,,,True,9.5
2453,32.924179,-117.193163,2050.9,87.4,1.288,119,49,,,True,9.9
2454,32.92418,-117.193166,2051.1,87.6,1.167,116,48,,,False,9.2
2457,32.924202,-117.193197,2055.0,87.8,0.9,115,46,,,True,9.3
2460,32.924228,-117.193211,2058.0,88.0,1.15,115,49,,,True,7.6
2462,32.924243,-117.193231,2060.5,88.2,1.1,115,51,,,True,10.9
2467,32.92424,-117.193242,2061.6,88.4,0.514,114,0,,,False,8.7
2470,32.924254,-117.193262,2064.0,88.8,0.438,111,0,,,True,9.7
2473,32.924254,-117.193266,2064.2,88.8,0.433,114,0,,,False,15.4
2474,32.924253,-117.193263,2064.2,88.8,0.371,114,0,,,False,13.9
2478,32.924254,-117.193262,2064.2,88.6,0.0,115,0,,,False,2.8
2483,32.924251,-117.193266,2065.3,88.8,0.122,114,0,,,False,1.5
2485,32.924247,-117.193262,2065.8,89.0,0.229,114,0,,,False,-1.9
2487,32.924252,-117.193277,2065.8,89.2,0.178,115,0,,,False,0.0
2490,32.92427,-117.193259,2068.1,89.4,0.46,116,0,,,True,-1.8
2491,32.924272,-117.193248,2069.0,89.2,0.533,115,0,,,True,-5.6
2495,32.924239,-117.193198,2074.8,88.6,1.34,111,0,,,True,-7.9
2497,32.92423,-117.193181,2076.6,88.6,1.267,112,0,,,True,-5.5
2501,32.924201,-117.193154,2080.7,88.4,0.983,112,0,,,True,-4.4
2507,32.924156,-117.193107,2087.3,88.2,1.07,113,55,,,True,-6.2
2508,32.924149,-117.1931,2088.3,88.0,1.086,113,55,,,True,-6.0
2515,32.924117,-117.19303,2095.8,87.4,1.063,113,56,,,True,-6.6
2519,32.924098,-117.192981,2100.8,87.2,1.136,112,0,,,True,-8.5
2522,32.924069,-117.192943,2105.5,87.0,1.386,111,56,,,True,-9.7
2527,32.924044,-117.192914,2109.5,86.2,1.087,117,0,,,True,-11.8
2528,32.924039,-117.192908,2110.2,86.0,0.783,118,0,,,True,-13.7
2533,32.924021,-117.192866,2114.4,85.6,0.817,119,0,,,True,-12.4
2537,32.923992,-117.192817,2120.1,85.0,1.1,119,55,,,True,-12.4
2538,32.923991,-117.19281,2120.8,84.8,1.28,119,56,,,True,-13.7
2543,32.923956,-117.192767,2126.3,84.0,1.033,119,59,,,True,-16.2
2544,32.923949,-117.192756,2127.5,83.8,1.117,118,59,,,True,-15.4
2546,32.923931,-117.192743,2129.9,83.4,1.137,115,53,,,True,-14.1
2548,32.923924,-117.192731,2131.2,83.2,0.98,113,50,,,True,-12.2
2550,32.92392,-117.192721,2132.2,83.2,0.783,116,52,,,True,-11.7
2552,32.923909,-117.19272,2133.4,83.0,0.583,113,52,,,True,-9.9
2554,32.923888,-117.192708,2136.1,82.8,0.817,112,52,,,True,-10.1
2556,32.923875,-117.192698,2137.8,82.6,0.933,113,59,,,True,-9.0
2562,32.923804,-117.192669,2146.0,81.8,1.238,116,58,,,True,-8.8
2563,32.9238,-117.192661,2146.7,81.8,1.271,117,57,,,True,-9.2
2564,32.923796,-117.192653,2147.5,81.8,1.212,120,57,,,True,-7.4
2570,32.923757,-117.192611,2153.1,81.2,0.914,119,53,,,True,-5.5
2575,32.923703,-117.19258,2159.6,80.8,1.1,118,55,,,True,-6.3
2579,32.923659,-117.192557,2165.0,80.8,1.322,117,54,,,True,-4.2
2581,32.923645,-117.192564,2166.4,80.6,1.133,117,54,,,True,-1.4
2583,32.923636,-117.192557,2167.5,80.6,0.988,114,55,,,True,-3.9
2584,32.923627,-117.19255,2168.6,80.6,0.72,111,55,,,True,-2.9
2588,32.923589,-117.192518,2173.9,80.6,1.28,109,53,,,True,-2.4
2594,32.923536,-117.192495,2180.2,80.2,1.16,109,54,,,True,-1.2
2597,32.923499,-117.192497,2184.2,80.2,1.144,115,54,,,True,-1.7
2598,32.923489,-117.192496,2185.3,80.4,1.14,125,52,,,True,5.1
2599,32.923483,-117.192494,2185.9,80.4,1.14,127,50,,,True,7.1
2600,32.923468,-117.192491,2187.6,80.4,1.233,131,50,,,True,5.6
2601,32.923466,-117.192487,2188.1,80.6,1.129,134,50,,,True,11.9
2602,32.923469,-117.192485,2188.1,80.6,0.78,134,50,,,False,14.9
2604,32.923465,-117.192477,2188.7,80.8,0.56,128,50,,,False,0.0
2608,32.923472,-117.192504,2190.9,80.8,0.467,126,0,,,True,-4.3
2609,32.923477,-117.192504,2190.9,80.8,0.44,125,0,,,False,-3.3
2613,32.923477,-117.192504,2190.9,81.0,0.0,122,0,,,False,-5.8
2615,32.923477,-117.192504,2190.9,81.2,0.0,119,0,,,False,-10.5
2616,32.923477,-117.192504,2190.9,81.2,0.0,109,0,,,False,-12.5
2617,32.923477,-117.192504,2190.9,81.0,0.0,105,0,,,False,-18.0
2620,32.923472,-117.1925,2190.9,80.2,0.0,103,0,,,False,-20.0
2624,32.923477,-117.192504,2191.5,79.6,0.086,104,0,,,False,-22.0
2630,32.923461,-117.192492,2193.5,79.8,0.26,106,0,,,True,-12.0
2632,32.923442,-117.192473,2196.2,79.8,0.587,109,0,,,True,-6.7
2636,32.923411,-117.192438,2200.9,79.0,1.233,110,57,,,True,-9.5
2640,32.923388,-117.192431,2203.5,78.8,0.913,113,57,,,True,-7.0
2642,32.923377,-117.192434,2204.0,78.8,0.517,116,57,,,False,7.0
2643,32.923381,-117.192439,2204.5,79.0,0.514,117,0,,,True,10.3
2645,32.923403,-117.192451,2207.6,79.0,0.82,117,0,,,True,11.9
2648,32.923461,-117.192492,2215.2,80.0,2.14,112,75,,,True,10.1
2649,32.923481,-117.19249,2217.4,80.4,2.15,108,75,,,True,10.7
2650,32.923506,-117.192498,2220.3,80.6,2.54,105,75,,,True,6.6
2651,32.923542,-117.192512,2224.5,80.8,2.817,106,76,,,True,2.7
2652,32.923567,-117.192522,2227.4,80.8,2.829,109,76,,,True,4.5
2654,32.92361,-117.192537,2232.4,80.8,3.0,110,76,,,True,4.1
2657,32.923658,-117.192542,2237.9,81.4,2.1,113,77,,,True,6.2
2658,32.92367,-117.192548,2239.1,81.4,1.95,115,77,,,True,7.4
2659,32.92368,-117.192557,2240.4,81.6,1.6,119,77,,,True,4.1
2660,32.923692,-117.192565,2241.9,81.6,1.583,121,77,,,True,6.1
2663,32.923725,-117.192584,2246.0,81.8,1.38,120,77,,,True,5.8
2664,32.923735,-117.192596,2247.6,81.8,1.44,120,61,,,True,8.3
2667,32.923785,-117.192635,2254.2,82.4,1.757,118,116,,,True,8.6
2668,32.923801,-117.19265,2256.4,82.8,2.08,118,116,,,True,9.0
2671,32.923868,-117.192681,2264.7,83.4,2.443,118,71,,,True,10.3
2673,32.923903,-117.192717,2269.7,83.8,2.66,118,76,,,True,10.6
2674,32.923916,-117.192729,2271.6,84.2,2.533,117,76,,,True,12.2
2675,32.92393,-117.19274,2273.4,84.6,2.429,116,76,,,True,15.1
2676,32.923947,-117.192762,2276.2,84.8,2.3,116,77,,,True,13.2
2678,32.923979,-117.192783,2280.3,85.4,2.12,120,77,,,True,12.2
2679,32.92399,-117.192799,2282.2,85.6,2.12,126,76,,,True,14.8
2680,32.923999,-117.192826,2284.9,86.0,2.3,131,76,,,True,15.9
2681,32.924009,-117.192844,2287.0,86.4,2.16,136,76,,,True,17.2
2683,32.924017,-117.192869,2289.4,87.0,1.82,138,76,,,True,17.8
2684,32.924024,-117.192891,2291.6,87.2,1.88,138,76,,,True,12.3
2686,32.924043,-117.192922,2295.0,87.8,1.6,140,76,,,True,8.6
2688,32.924072,-117.192963,2300.0,88.0,2.12,142,76,,,True,8.8
2690,32.924098,-117.193014,2305.7,88.4,2.35,145,76,,,True,5.9
2692,32.924119,-117.193049,2309.8,88.8,2.467,147,79,,,True,7.1
2694,32.924141,-117.1931,2315.2,89.0,2.533,148,79,,,True,6.6
2695,32.924156,-117.193102,2316.8,89.2,2.22,148,79,,,True,7.8
2698,32.924192,-117.193166,2324.0,89.6,2.367,149,79,,,True,7.8
2701,32.924221,-117.193184,2327.8,90.2,1.833,151,76,,,True,6.5
2703,32.924238,-117.193212,2330.5,90.2,1.3,152,76,,,True,7.8
2704,32.924242,-117.193228,2332.1,90.2,1.35,152,76,,,True,5.3
2707,32.924248,-117.19325,2334.3,90.4,1.083,152,68,,,True,4.0
2717,32.924242,-117.193251,2334.3,90.2,0.169,149,0,,,False,0.0
2720,32.924254,-117.193251,2335.3,90.6,0.077,146,0,,,True,-1.6
2722,32.924258,-117.193252,2335.6,90.8,0.26,145,0,,,False,-5.8
2725,32.924255,-117.193231,2337.7,90.6,0.48,142,0,,,True,-4.9
2727,32.924239,-117.19321,2340.4,90.2,0.96,138,57,,,True,-8.3
2729,32.924219,-117.193189,2343.3,90.0,1.1,137,55,,,True,-8.5
2737,32.924154,-117.193095,2354.9,89.2,1.45,139,59,,,True,-5.3
2740,32.924125,-117.193069,2358.8,88.8,1.409,143,62,,,True,-5.0
2743,32.924109,-117.193025,2363.2,89.0,1.383,143,62,,,True,-3.9
2746,32.924082,-117.19299,2367.3,88.8,1.417,138,60,,,True,-2.0
2747,32.924065,-117.192965,2370.3,88.6,1.643,135,60,,,True,-4.7
2751,32.924021,-117.192887,2379.1,88.4,2.36,132,0,,,True,-5.9
2752,32.924014,-117.192877,2380.3,88.2,2.0,132,70,,,True,-6.8
2753,32.924008,-117.192873,2380.9,88.0,1.767,133,75,,,True,-12.1
2757,32.923976,-117.192807,2388.0,87.4,1.54,133,65,,,True,-10.6
2759,32.923961,-117.192785,2390.7,87.0,1.633,132,62,,,True,-8.4
2761,32.923943,-117.192765,2393.5,86.8,1.575,129,62,,,True,-11.9
2762,32.92393,-117.192753,2395.2,86.8,1.44,128,62,,,True,-11.9
2767,32.923901,-117.192717,2399.8,86.0,1.05,128,64,,,True,-13.8
2769,32.923888,-117.192691,2402.5,85.6,1.043,128,61,,,True,-11.5
2771,32.923867,-117.192682,2405.1,85.2,1.1,125,60,,,True,-7.4
2773,32.923834,-117.192666,2409.1,85.2,1.55,122,59,,,True,-4.7
2774,32.923822,-117.192658,2410.6,85.2,1.62,122,59,,,True,-3.5
2778,32.923785,-117.192634,2415.3,85.0,1.24,120,58,,,True,-10.6
2779,32.923778,-117.192624,2416.5,84.8,1.18,117,58,,,True,-13.0
2780,32.923773,-117.192618,2417.3,84.6,1.117,110,58,,,True,-19.7
2781,32.923766,-117.192608,2418.5,84.2,1.129,107,57,,,True,-14.9
2782,32.923757,-117.192599,2419.9,83.8,1.163,106,56,,,True,-14.7
2785,32.923733,-117.192585,2422.8,82.8,1.1,106,56,,,True,-12.6
2786,32.923727,-117.192582,2423.5,82.8,1.0,107,56,,,True,-10.7
2792,32.923648,-117.192549,2432.8,82.4,1.429,110,61,,,True,-6.6
2796,32.9236,-117.192522,2438.6,81.8,1.51,111,59,,,True,-4.8
2799,32.923551,-117.192502,2444.1,81.4,1.614,110,59,,,True,-4.5
2802,32.923511,-117.192499,2448.6,81.6,1.667,110,59,,,True,-2.4
2804,32.923494,-117.192502,2450.6,81.6,1.3,110,59,,,True,-1.3
2809,32.923452,-117.192497,2455.6,81.4,1.0,110,59,,,True,-8.6
2813,32.923426,-117.192476,2459.2,81.2,0.956,109,59,,,True,-7.8
2815,32.923405,-117.192449,2462.6,80.4,1.167,107,0,,,True,-10.6
2818,32.923376,-117.192433,2466.0,80.4,1.36,109,61,,,True,-20.2
2819,32.92337,-117.192427,2466.9,80.2,1.283,112,0,,,True,-15.5
2821,32.923358,-117.192413,2468.7,79.4,1.017,115,0,,,True,-11.9
2822,32.923353,-117.192414,2469.1,79.2,0.929,116,0,,,True,-16.5
2823,32.923353,-117.192414,2469.1,79.2,0.62,117,0,,,False,-12.8
2827,32.92335,-117.192417,2469.5,79.6,0.08,114,0,,,False,-7.0
2829,32.923323,-117.192406,2472.7,79.2,0.6,109,0,,,True,-5.5
2830,32.923308,-117.192398,2474.5,79.0,0.771,109,0,,,True,-6.3
2835,32.923264,-117.192367,2480.1,78.6,1.233,108,0,,,True,-6.4
2840,32.923249,-117.192358,2482.1,78.8,0.76,108,0,,,True,-5.1
2845,32.923245,-117.192362,2482.1,78.8,0.2,107,55,,,False,-5.3
2846,32.923249,-117.19236,2482.1,78.6,0.0,107,55,,,False,-5.2
2848,32.923227,-117.192357,2484.4,78.6,0.288,103,55,,,True,-8.6
2853,32.923184,-117.192338,2489.6,78.2,1.071,102,60,,,True,-7.5
2854,32.923164,-117.192338,2491.7,78.0,1.217,102,60,,,True,-9.3
2859,32.923094,-117.192291,2500.7,77.2,1.85,101,61,,,True,-9.5
2865,32.923032,-117.19227,2508.0,76.4,1.482,105,63,,,True,-6.8
2866,32.923027,-117.192269,2508.5,76.4,1.114,105,62,,,True,-9.1
2870,32.923026,-117.192261,2509.4,76.8,0.28,108,0,,,False,-11.9
2873,32.92301,-117.192244,2511.7,76.2,0.457,108,0,,,True,-20.0
2876,32.922996,-117.192222,2514.0,76.0,0.767,108,56,,,True,-17.1
2882,32.922986,-117.192219,2514.7,75.6,0.333,107,0,,,False,-12.0
2889,32.922986,-117.192219,2515.0,75.4,0.077,109,0,,,False,-12.5
2891,32.922986,-117.192219,2515.0,75.0,0.033,106,0,,,False,-15.8
2895,32.922986,-117.192219,2515.0,75.0,0.0,102,0,,,False,-18.2
2896,32.922986,-117.192219,2515.0,75.2,0.0,102,0,,,False,-20.5
2902,32.922975,-117.192224,2516.7,75.4,0.243,103,0,,,False,-20.5
2907,32.922948,-117.192223,2519.7,75.0,0.427,105,0,,,True,-16.3
2910,32.922932,-117.19221,2521.8,74.6,0.638,109,0,,,True,-12.4
2912,32.922924,-117.192206,2522.8,74.4,0.62,110,0,,,True,-8.8
2919,32.922934,-117.192213,2522.8,74.2,0.111,106,0,,,False,-13.3
2920,32.922934,-117.192213,2522.8,74.2,0.0,104,0,,,False,-14.0
2922,32.922934,-117.192213,2522.8,74.2,0.0,101,0,,,False,-11.9
2924,32.922934,-117.192213,2522.8,74.2,0.0,98,0,,,False,-11.1
2928,32.922902,-117.192211,2526.3,74.0,0.583,97,0,,,True,-9.3
2929,32.922896,-117.192205,2527.2,74.0,0.88,97,0,,,True,-9.3
2935,32.922866,-117.192181,2531.1,73.4,0.686,96,0,,,True,-9.4
2941,32.922849,-117.192167,2533.6,73.2,0.533,95,0,,,True,-10.7
2945,32.922819,-117.192161,2536.9,73.0,0.58,96,0,,,True,-10.8
2947,32.922806,-117.192157,2538.4,72.8,0.8,97,0,,,True,-10.6
2953,32.922788,-117.192157,2540.4,73.0,0.438,97,0,,,True,-6.8
2959,32.922788,-117.192157,2540.4,72.4,0.167,100,0,,,False,-4.5
2960,32.922788,-117.192157,2540.4,72.4,0.0,100,0,,,False,-4.5
2966,32.922764,-117.192158,2542.4,72.2,0.286,102,0,,,True,-4.5
2970,32.922762,-117.19215,2542.4,72.6,0.2,99,0,,,False,-6.8
2972,32.922762,-117.19215,2542.4,72.8,0.0,96,0,,,False,-13.6
2974,32.922762,-117.19215,2542.4,72.8,0.0,95,0,,,False,-13.6
2977,32.922762,-117.19215,2542.4,72.8,0.0,103,0,,,False,-13.6
2978,32.922762,-117.19215,2542.4,72.8,0.0,106,0,,,False,0.0
2979,32.922762,-117.19215,2542.4,72.8,0.0,106,0,,,False,0.0
2984,32.922762,-117.19215,2542.4,72.8,0.0,105,0,,,False,0.0
2990,32.922762,-117.19215,2542.4,72.8,0.0,108,0,,,False,0.0
2994,32.922762,-117.19215,2542.4,72.6,0.0,110,0,,,False,0.0
3003,32.922762,-117.19215,2542.4,72.2,0.0,109,0,,,False,0.0
3009,32.922762,-117.19215,2542.4,72.0,0.0,106,0,,,False,0.0
3010,32.922762,-117.19215,2542.4,72.0,0.0,103,0,,,False,0.0
3011,32.922762,-117.19215,2542.4,72.0,0.0,99,0,,,False,0.0
3018,32.922762,-117.19215,2542.4,72.0,0.0,104,0,,,False,0.0
3019,32.922762,-117.19215,2542.4,72.0,0.0,104,0,,,False,0.0
3020,32.922762,-117.19215,2542.4,71.8,0.0,105,0,,,False,-18.0
3025,32.922762,-117.19215,2542.4,72.2,0.0,102,0,,,False,-18.0
3027,32.922762,-117.19215,2542.4,72.2,0.0,102,40,,,False,-12.6
3031,32.922772,-117.192148,2542.4,71.8,0.0,108,0,,,False,-10.8
3033,32.922762,-117.19215,2543.1,71.6,0.117,111,0,,,True,-10.8
3034,32.922762,-117.19215,2543.1,71.6,0.1,112,0,,,False,-9.0
3039,32.92276,-117.192154,2543.1,71.4,0.0,115,0,,,False,-12.6
3042,32.922777,-117.192155,2543.1,71.6,0.0,116,0,,,False,-7.7
3047,32.92278,-117.19215,2544.9,71.8,0.225,117,0,,,True,-5.8
3053,32.922733,-117.192109,2551.6,71.0,0.773,118,55,,,True,-7.0
3056,32.922718,-117.192101,2553.5,70.8,0.956,116,0,,,True,-10.2
3058,32.922706,-117.192101,2554.6,70.8,0.6,117,49,,,True,-5.0
3060,32.922692,-117.192085,2556.7,70.6,0.729,121,0,,,True,-3.9
3063,32.92267,-117.192077,2559.6,70.8,1.0,124,50,,,True,-7.1
3069,32.922631,-117.192069,2563.7,70.4,0.778,125,0,,,True,-7.6
3074,32.922618,-117.192051,2565.9,70.0,0.573,126,57,,,True,-11.8
3075,32.922615,-117.192047,2566.3,69.8,0.433,126,53,,,True,-15.4
3079,32.922586,-117.192041,2569.8,69.6,0.78,123,50,,,True,-9.3
3081,32.922587,-117.192041,2569.8,69.4,0.583,120,0,,,False,-11.6
3084,32.922586,-117.192032,2570.2,69.4,0.08,119,0,,,False,-11.6
3089,32.922567,-117.192029,2572.3,69.4,0.313,116,0,,,True,-11.6
3098,32.922567,-117.192029,2572.3,69.6,0.15,116,0,,,False,-10.0
3101,32.922567,-117.192029,2572.3,69.4,0.0,113,0,,,False,-6.4
3102,32.922567,-117.192029,2572.3,69.4,0.0,110,0,,,False,-7.5
3103,32.922567,-117.192029,2572.3,69.4,0.0,107,0,,,False,-4.0
3104,32.922567,-117.192029,2572.3,69.4,0.0,107,0,,,False,-4.4
3105,32.922567,-117.192029,2572.3,69.4,0.0,106,0,,,False,-3.0
3111,32.92256,-117.192025,2572.3,69.4,0.0,106,0,,,False,-5.4
3113,32.922567,-117.192029,2572.6,69.2,0.037,107,0,,,False,-3.6
3118,32.922567,-117.192029,2573.7,69.4,0.2,105,0,,,False,-3.6
3123,32.922583,-117.192037,2575.3,69.4,0.27,106,0,,,True,-3.6
3125,32.922574,-117.192027,2576.5,69.2,0.4,106,0,,,True,-5.9
3128,32.922549,-117.192015,2579.7,69.2,0.88,105,0,,,True,-6.5
3132,32.922518,-117.192019,2583.4,69.0,0.986,109,0,,,True,-5.8
3133,32.922514,-117.192019,2583.9,68.8,0.84,111,0,,,True,-4.3
3134,32.922519,-117.192011,2584.6,68.8,0.817,114,0,,,True,1.7
3135,32.922519,-117.192008,2584.8,68.8,0.729,117,0,,,False,-7.2
3136,32.922511,-117.192007,2585.6,68.8,0.738,117,0,,,True,-7.2
3137,32.922511,-117.192004,2585.7,68.8,0.46,117,0,,,False,-7.2
3142,32.922489,-117.192002,2588.0,69.4,0.4,114,0,,,True,-7.2
3145,32.922489,-117.192002,2588.0,69.0,0.288,115,0,,,False,-6.6
3148,32.922489,-117.192002,2588.0,68.6,0.0,118,0,,,False,-4.4
3150,32.922489,-117.192002,2588.0,68.6,0.0,112,0,,,False,-6.6
3151,32.922489,-117.192002,2588.0,68.6,0.0,107,0,,,False,-5.9
3152,32.922489,-117.192002,2588.0,68.6,0.0,102,0,,,False,-50.0
3153,32.922489,-117.192002,2588.0,68.6,0.0,98,0,,,False,-7.9
3154,32.922489,-117.192002,2588.0,68.6,0.0,95,0,,,False,-6.5
3156,32.922489,-117.192002,2588.0,68.6,0.0,92,0,,,False,0.0
3160,32.922489,-117.192002,2588.0,68.4,0.0,90,0,,,False,0.0
3165,32.922489,-117.192002,2588.8,68.6,0.089,89,0,,,False,-14.0
3170,32.922489,-117.192002,2588.8,68.8,0.08,93,0,,,False,-10.0
3171,32.922489,-117.192002,2588.8,68.8,0.0,100,0,,,False,-6.0
3172,32.922489,-117.192002,2588.8,68.6,0.0,100,0,,,False,-6.0
3174,32.922489,-117.192002,2588.8,68.6,0.0,101,0,,,False,-6.0
3177,32.922495,-117.191991,2589.0,68.6,0.04,104,0,,,False,-4.0
3178,32.922487,-117.191988,2589.9,68.6,0.183,105,0,,,True,-5.3
3179,32.92248,-117.191982,2590.8,68.6,0.4,105,0,,,True,-7.0
3181,32.922477,-117.191975,2591.7,68.4,0.414,105,44,,,True,-5.3
3183,32.922466,-117.191978,2593.5,68.2,0.72,105,44,,,True,-5.8
3185,32.92244,-117.191965,2596.3,68.0,0.917,106,44,,,True,-3.5
3186,32.922424,-117.191965,2598.0,68.0,1.26,116,44,,,True,-1.9
3187,32.922405,-117.191959,2600.2,68.0,1.417,121,44,,,True,0.0
3188,32.922395,-117.191961,2600.2,68.0,1.34,122,44,,,False,3.7
3190,32.92241,-117.191977,2602.1,68.2,1.16,122,44,,,True,0.0
3192,32.922414,-117.191971,2603.8,68.2,0.72,122,0,,,True,-1.8
3194,32.922395,-117.191952,2606.2,68.4,1.0,122,0,,,True,3.5
3195,32.922391,-117.191945,2607.0,68.4,0.98,123,0,,,True,3.5
3197,32.922395,-117.191943,2607.0,68.0,0.64,123,0,,,False,2.1
3198,32.922387,-117.191942,2607.2,67.8,0.567,124,0,,,False,-1.7
3200,32.922364,-117.191942,2609.4,67.8,0.48,121,77,,,True,-2.0
3202,32.922347,-117.191941,2611.7,68.4,0.94,119,77,,,True,-4.0
3203,32.922352,-117.191939,2611.8,68.6,0.92,116,41,,,False,-6.5
3204,32.922349,-117.191952,2611.8,68.4,0.767,112,0,,,False,-10.8
3206,32.922352,-117.191952,2611.8,68.0,0.4,108,41,,,False,-10.8
3207,32.922334,-117.191947,2613.8,68.0,0.42,106,41,,,True,-3.7
3208,32.922322,-117.191946,2615.1,68.0,0.66,105,41,,,True,1.9
3212,32.922313,-117.19195,2616.3,68.0,0.5,108,0,,,True,0.0
3213,32.922313,-117.19195,2616.3,67.8,0.24,109,0,,,False,0.0
3214,32.922313,-117.19195,2616.3,67.4,0.2,112,0,,,False,-7.6
3215,32.922313,-117.19195,2616.3,67.4,0.171,117,0,,,False,-6.5
3216,32.922313,-117.19195,2616.3,67.4,0.15,121,0,,,False,-6.5
3217,32.922308,-117.191946,2616.3,67.4,0.0,123,0,,,False,-3.9
3222,32.92229,-117.191934,2617.8,68.0,0.25,125,0,,,False,-4.4
3223,32.922281,-117.191927,2618.9,68.0,0.433,118,0,,,True,-4.8
3224,32.922278,-117.191925,2619.3,67.8,0.429,118,0,,,True,0.0
3226,32.922274,-117.191934,2619.6,67.8,0.367,122,0,,,False,0.0
3227,32.922274,-117.191934,2619.6,67.8,0.36,125,0,,,False,-5.5
3228,32.922274,-117.191934,2619.6,67.8,0.14,126,0,,,False,-3.7
3233,32.922239,-117.191911,2624.1,67.6,0.75,128,0,,,True,-2.0
3237,32.922233,-117.191917,2624.4,67.4,0.533,128,0,,,False,-2.0
3243,32.922194,-117.19191,2628.8,67.4,0.47,127,76,,,True,-2.2
3247,32.922187,-117.19191,2629.7,67.6,0.53,127,0,,,False,-4.4
3253,32.922183,-117.191916,2630.0,67.4,0.12,128,0,,,False,-4.4
3258,32.922153,-117.191909,2633.3,67.4,0.327,129,0,,,True,-3.4
3264,32.922115,-117.191899,2637.6,67.0,0.691,130,0,,,True,-3.8
3268,32.922111,-117.191904,2637.9,67.0,0.46,130,0,,,False,-6.5
3273,32.922087,-117.191897,2640.6,67.0,0.333,130,0,,,True,-9.5
3279,32.922046,-117.191877,2645.7,66.6,0.709,129,48,,,True,-9.5
3282,32.922043,-117.191875,2646.0,66.4,0.6,126,0,,,False,-9.3
3288,32.922043,-117.191875,2646.0,66.2,0.033,123,0,,,False,-9.3
3291,32.922043,-117.191875,2646.0,66.2,0.0,121,0,,,False,-10.0
3293,32.922043,-117.191875,2646.0,66.2,0.0,118,0,,,False,-10.3
3294,32.922043,-117.191875,2646.0,66.2,0.0,113,0,,,False,-7.3
3296,32.922048,-117.191876,2646.2,66.2,0.04,107,0,,,False,-9.2
3298,32.922043,-117.191875,2646.2,66.2,0.04,98,0,,,False,-8.6
3299,32.922053,-117.191873,2646.2,66.2,0.04,94,0,,,False,-10.8
3302,32.922052,-117.191884,2647.3,66.0,0.183,100,0,,,True,-9.4
3303,32.922053,-117.191889,2647.6,66.0,0.28,106,0,,,False,-1.6
3304,32.922053,-117.191889,2647.6,66.0,0.28,112,0,,,False,0.0
3305,32.922053,-117.191889,2647.6,66.0,0.233,116,0,,,False,1.6
3307,32.922048,-117.191875,2648.8,66.2,0.3,120,0,,,True,1.6
3309,32.922043,-117.191873,2649.3,66.2,0.34,122,0,,,False,1.7
3311,32.922043,-117.191873,2649.3,66.2,0.283,118,0,,,False,3.7
3322,32.922043,-117.191873,2649.9,66.2,0.046,108,0,,,False,3.8
3323,32.922047,-117.191883,2649.9,66.0,0.05,105,0,,,False,2.9
3325,32.922049,-117.191891,2649.9,66.0,0.043,103,0,,,False,3.1
3327,32.92206,-117.191889,2651.2,66.0,0.26,100,0,,,True,3.2
3331,32.922108,-117.191895,2655.4,66.4,0.917,98,59,,,True,4.8
3332,32.922132,-117.191901,2658.2,66.4,1.4,99,59,,,True,3.4
3336,32.922171,-117.191908,2662.4,66.6,1.4,100,0,,,True,0.0
3341,32.922178,-117.191907,2662.8,66.4,0.511,100,0,,,False,4.9
3343,32.922153,-117.191907,2665.5,66.4,0.443,103,0,,,True,1.7
3344,32.922147,-117.191911,2665.9,66.6,0.438,106,0,,,True,0.0
3345,32.922143,-117.191908,2666.4,66.8,0.444,110,0,,,True,-1.8
3346,32.922138,-117.191902,2667.0,66.8,0.84,110,0,,,True,-1.6
3349,32.922112,-117.191894,2669.9,66.6,0.8,115,0,,,True,-3.2
3350,32.9221,-117.191889,2671.3,66.6,0.98,119,0,,,True,-5.3
3352,32.922078,-117.191893,2673.7,66.4,1.117,121,0,,,True,-6.6
3356,32.922033,-117.19189,2678.4,66.2,1.183,117,45,,,True,-4.8
3357,32.922028,-117.191885,2678.4,66.2,0.94,116,45,,,False,1.4
3359,32.922033,-117.191893,2679.0,66.0,0.757,115,48,,,False,1.9
3362,32.922064,-117.191895,2682.4,66.0,0.8,115,47,,,True,1.9
3368,32.922117,-117.191901,2688.3,66.6,1.033,114,53,,,True,2.0
3369,32.922112,-117.191902,2688.7,66.4,0.9,114,53,,,True,0.0
3371,32.922114,-117.191904,2689.2,66.2,0.756,115,53,,,False,-5.1
3374,32.922123,-117.191893,2689.3,66.2,0.12,117,53,,,False,-2.5
3378,32.922107,-117.191889,2690.3,66.0,0.157,120,0,,,False,-2.5
3381,32.922107,-117.191889,2690.3,66.2,0.143,118,0,,,False,-2.5
3388,32.922092,-117.191894,2690.3,65.6,0.0,118,0,,,False,-5.1
3389,32.922092,-117.191894,2690.3,65.4,0.0,113,0,,,False,-2.5
3395,32.922092,-117.191894,2690.3,65.8,0.0,107,0,,,False,-2.2
3396,32.922092,-117.191894,2690.3,65.8,0.0,103,0,,,False,0.0
3397,32.922092,-117.191894,2690.3,65.8,0.0,98,0,,,False,0.0
3398,32.922092,-117.191894,2690.3,65.8,0.0,95,0,,,False,0.0
3399,32.922092,-117.191894,2690.3,65.8,0.0,95,0,,,False,0.0
3406,32.922093,-117.191889,2690.3,65.6,0.0,99,0,,,False,0.0
3407,32.922092,-117.191894,2690.3,65.6,0.0,99,0,,,False,-13.5
3409,32.922092,-117.191894,2690.3,66.0,0.0,102,0,,,False,-9.7
3410,32.922094,-117.191888,2690.3,65.8,0.0,106,0,,,False,-8.9
3411,32.922098,-117.19188,2690.3,65.8,0.0,109,0,,,False,-7.5
3414,32.922096,-117.191884,2691.7,65.8,0.28,111,0,,,True,-5.7
3416,32.922099,-117.191881,2691.7,65.8,0.28,114,0,,,False,-1.9
3419,32.922081,-117.191881,2692.9,65.6,0.24,117,0,,,True,-3.8
3420,32.922075,-117.191892,2692.9,65.4,0.2,118,18,,,False,-3.8
3421,32.922075,-117.191892,2692.9,65.4,0.24,113,18,,,False,-3.8
3422,32.922073,-117.191897,2692.9,65.4,0.2,101,18,,,False,-1.9
3423,32.922076,-117.191902,2693.3,65.4,0.229,97,0,,,True,-3.8
3425,32.922082,-117.191896,2693.3,65.6,0.08,94,0,,,False,-5.6
3426,32.922083,-117.191891,2693.3,65.4,0.08,93,0,,,False,-5.6
3431,32.922072,-117.191902,2694.0,65.4,0.117,92,0,,,False,-2.1
3433,32.922052,-117.191886,2696.8,65.4,0.5,99,0,,,True,-4.2
3434,32.922051,-117.191881,2697.2,65.4,0.487,105,0,,,True,-6.2
3437,32.922054,-117.191899,2698.6,65.6,0.767,108,0,,,True,-8.0
3440,32.922034,-117.191903,2699.9,65.4,0.45,108,0,,,True,-6.0
3442,32.922014,-117.191892,2700.8,65.4,0.44,109,0,,,True,-6.0
3446,32.921995,-117.191898,2702.5,65.2,0.433,110,0,,,True,-7.8
3448,32.921993,-117.191903,2702.5,65.2,0.283,113,0,,,False,-7.8
3452,32.921993,-117.191903,2702.5,65.4,0.0,110,0,,,False,-8.2
3454,32.921993,-117.191903,2702.5,65.2,0.0,107,0,,,False,-5.3
3455,32.921993,-117.191903,2702.5,65.2,0.0,103,0,,,False,-5.5
3456,32.921993,-117.191903,2702.5,65.2,0.0,99,0,,,False,-5.5
3458,32.921993,-117.191903,2702.5,65.0,0.0,95,0,,,False,-8.1
3460,32.921993,-117.191903,2702.5,65.0,0.0,92,66,,,False,-8.1
3463,32.921996,-117.191905,2702.9,64.8,0.08,92,62,,,False,-9.8
3472,32.921993,-117.191903,2703.5,64.6,0.083,93,0,,,False,-8.1
3474,32.921993,-117.191903,2703.5,64.4,0.055,92,0,,,False,-6.5
3483,32.922018,-117.191894,2706.2,64.4,0.245,92,0,,,False,-5.0
3489,32.922008,-117.191889,2708.2,64.8,0.313,89,47,,,True,-1.8
3493,32.92201,-117.191898,2709.6,65.0,0.34,89,0,,,True,-3.5
3497,32.921959,-117.191886,2714.8,64.2,0.825,91,0,,,True,-10.2
3498,32.921948,-117.191883,2716.1,64.2,1.3,92,0,,,True,-7.9
3501,32.921928,-117.19189,2717.6,64.0,1.0,93,54,,,True,-10.5
3503,32.921931,-117.191886,2718.0,63.8,0.38,96,55,,,False,-16.8
3505,32.921928,-117.191887,2718.3,64.0,0.314,102,58,,,False,-16.8
3507,32.921929,-117.1919,2718.8,64.0,0.2,105,58,,,False,-14.7
3508,32.921931,-117.191902,2719.1,64.0,0.22,106,58,,,False,-13.6
3510,32.92193,-117.191903,2719.1,63.8,0.16,109,0,,,False,-7.9
3512,32.92193,-117.191903,2719.1,63.4,0.06,108,0,,,False,-7.7
3513,32.92193,-117.191903,2719.1,63.4,0.0,95,0,,,False,-11.8
3514,32.92193,-117.191903,2719.1,63.4,0.0,90,0,,,False,-13.8
3516,32.92193,-117.191903,2719.1,63.2,0.0,88,0,,,False,-9.2
3523,32.921921,-117.191889,2719.1,63.6,0.0,91,0,,,False,-13.2
3524,32.921913,-117.191891,2719.9,63.6,0.1,92,0,,,True,-11.8
3525,32.9219,-117.191894,2721.4,63.6,0.256,97,0,,,True,-18.2
3526,32.921892,-117.191901,2722.4,63.6,0.33,103,0,,,True,-8.1
3527,32.921888,-117.191908,2723.1,63.4,0.364,104,0,,,True,-9.8
3529,32.921872,-117.191919,2725.2,63.4,1.06,105,58,,,True,-8.5
3533,32.921868,-117.191936,2726.3,63.0,0.533,106,0,,,False,-5.8
3534,32.921868,-117.191936,2726.3,62.8,0.22,107,0,,,False,-1.9
3537,32.921861,-117.191919,2726.3,63.2,0.138,108,0,,,False,0.0
3539,32.921861,-117.191919,2726.3,63.2,0.0,107,0,,,False,-8.3
3541,32.921853,-117.191926,2727.4,63.0,0.157,106,0,,,True,-8.2
3548,32.921848,-117.191934,2728.2,62.6,0.211,103,0,,,False,-3.6
3552,32.921848,-117.191934,2728.2,62.4,0.073,101,0,,,False,-6.2
3559,32.921848,-117.191934,2728.2,62.2,0.0,98,0,,,False,-5.6
3560,32.921848,-117.191934,2728.2,62.2,0.0,95,0,,,False,-5.7
3567,32.921848,-117.191934,2728.2,63.2,0.0,96,0,,,False,-3.4
3571,32.921847,-117.19193,2728.5,63.0,0.027,96,58,,,False,-7.8
3573,32.921851,-117.19192,2729.5,63.2,0.217,97,58,,,True,-5.1
3577,32.921849,-117.191926,2729.5,62.8,0.167,100,56,,,False,-6.8
3579,32.92185,-117.191929,2729.5,62.8,0.0,104,58,,,False,-5.6
3581,32.921853,-117.191932,2729.7,62.8,0.025,108,58,,,False,-1.9
3582,32.921852,-117.191933,2729.8,62.8,0.06,109,58,,,False,1.9
3586,32.921844,-117.191922,2731.1,63.2,0.28,112,59,,,True,-7.5
3592,32.921849,-117.191916,2731.1,63.0,0.13,113,61,,,False,-8.7
3598,32.921846,-117.191919,2732.1,63.0,0.083,114,59,,,False,-5.2
3600,32.921836,-117.191917,2732.9,63.0,0.225,111,59,,,True,-5.3
3601,32.921837,-117.191918,2733.0,63.0,0.211,109,59,,,False,-9.7
3603,32.921825,-117.191934,2735.0,63.0,0.58,106,0,,,True,-8.1
3608,32.921807,-117.191961,2738.1,62.4,0.729,103,0,,,True,-9.4
3609,32.921799,-117.191961,2738.9,62.4,0.65,103,0,,,True,-14.1
3613,32.92178,-117.191972,2741.0,62.2,0.58,103,50,,,True,-13.5
3620,32.92176,-117.191979,2743.5,62.0,0.418,104,0,,,True,-14.6
3622,32.92176,-117.191979,2743.5,61.8,0.278,108,0,,,False,-15.8
3623,32.921761,-117.191982,2743.8,61.8,0.28,116,0,,,True,-12.7
3624,32.921753,-117.191989,2743.9,61.8,0.264,124,0,,,False,-11.8
3625,32.921746,-117.191992,2744.2,61.6,0.14,135,0,,,False,-13.1
3626,32.921735,-117.191995,2744.6,61.6,0.183,140,0,,,True,-16.3
3627,32.921729,-117.192,2745.1,61.4,0.32,143,0,,,True,-8.4
3628,32.921729,-117.192,2745.1,61.4,0.26,146,0,,,False,-9.7
3632,32.921722,-117.192003,2746.0,61.4,0.18,145,0,,,False,-7.8
3637,32.921708,-117.192007,2747.5,61.2,0.267,142,0,,,False,-8.8
3639,32.921702,-117.192012,2748.3,61.2,0.329,140,0,,,True,-7.3
3641,32.921689,-117.19201,2749.6,61.0,0.4,137,0,,,True,-5.9
3643,32.921708,-117.192007,2749.6,60.8,0.35,135,0,,,False,-7.6
3651,32.921701,-117.19201,2750.2,61.4,0.06,135,0,,,False,-7.7
3658,32.921694,-117.192021,2752.9,61.2,0.22,136,60,,,True,-5.9
3659,32.92169,-117.19203,2753.8,61.0,0.45,138,0,,,True,-4.2
3661,32.921695,-117.192044,2755.2,60.8,0.5,139,0,,,True,-1.9
3664,32.921705,-117.192044,2756.5,60.6,0.54,140,52,,,True,0.0
3667,32.921695,-117.192033,2757.9,60.4,0.45,135,51,,,True,-2.5
3669,32.921697,-117.192024,2758.5,60.6,0.4,138,51,,,False,-4.3
3670,32.921693,-117.192019,2759.1,60.6,0.433,139,51,,,True,-5.8
3673,32.921695,-117.192026,2759.3,60.8,0.233,142,48,,,False,-4.2
3675,32.921698,-117.192019,2760.3,60.8,0.24,145,50,,,True,-2.1
3678,32.921695,-117.192012,2760.9,61.0,0.32,146,47,,,False,-3.9
3681,32.921708,-117.192007,2762.2,61.0,0.317,149,0,,,True,-2.3
3682,32.921708,-117.192007,2762.2,60.8,0.271,150,0,,,False,-6.8
3687,32.921703,-117.192006,2762.6,60.6,0.067,148,0,,,False,-9.1
3688,32.921702,-117.192014,2763.3,60.6,0.183,144,0,,,True,-9.1
3690,32.921708,-117.192007,2763.3,60.6,0.138,140,0,,,False,-9.1
3691,32.921708,-117.192007,2763.3,60.8,0.122,135,0,,,False,-6.4
3692,32.921708,-117.192007,2763.3,60.8,0.14,135,0,,,False,-7.1
3697,32.921708,-117.192007,2764.0,60.6,0.117,132,0,,,False,-8.8
3701,32.921708,-117.192007,2764.0,60.6,0.078,135,0,,,False,-8.0
3703,32.921708,-117.192007,2764.0,60.6,0.0,135,0,,,False,-7.7
3709,32.921708,-117.192007,2764.0,60.4,0.0,129,0,,,False,-8.2
3710,32.921708,-117.192007,2764.0,60.2,0.0,130,0,,,False,-7.9
3711,32.921708,-117.192007,2764.0,60.2,0.0,133,0,,,False,0.0
3712,32.921708,-117.192007,2764.0,60.0,0.0,140,0,,,False,0.0
3713,32.9217,-117.192019,2764.0,60.0,0.0,145,0,,,False,-33.3
3714,32.921708,-117.192007,2764.0,60.0,0.0,150,0,,,False,-16.5
3715,32.921708,-117.192007,2764.0,60.0,0.0,151,0,,,False,-13.3
3723,32.921708,-117.192007,2764.0,60.0,0.0,148,0,,,False,-10.3
3724,32.921708,-117.192007,2764.0,60.2,0.0,148,57,,,False,-12.1
3728,32.9217,-117.192013,2764.6,60.2,0.12,146,0,,,False,-11.0
3732,32.921708,-117.192007,2764.6,60.4,0.075,143,0,,,False,-11.0
3735,32.921708,-117.192007,2766.4,60.0,0.257,140,0,,,True,-7.3
3741,32.921694,-117.192016,2767.9,59.6,0.367,138,0,,,False,-5.5
3745,32.921692,-117.192022,2767.9,59.8,0.15,135,0,,,False,-5.5
3748,32.92169,-117.192023,2768.9,59.8,0.143,132,0,,,True,-5.5
3749,32.921693,-117.192017,2768.9,59.8,0.125,130,0,,,False,-7.8
3750,32.921692,-117.192021,2769.2,59.8,0.26,128,0,,,False,-6.9
3753,32.921671,-117.192024,2771.3,59.6,0.48,125,0,,,True,-5.9
3754,32.921666,-117.192028,2771.9,59.6,0.6,125,0,,,True,0.0
3759,32.921671,-117.192031,2772.0,59.2,0.117,125,0,,,False,-2.1
3760,32.92167,-117.192015,2773.1,59.2,0.2,124,0,,,True,-1.9
3764,32.921684,-117.192013,2774.9,59.4,0.58,122,0,,,True,-1.9
3765,32.921684,-117.192009,2775.1,59.4,0.4,122,0,,,False,0.0
3770,32.921674,-117.192015,2776.6,59.4,0.283,120,0,,,False,-5.8
3774,32.921672,-117.192034,2778.6,59.6,0.389,121,0,,,True,-7.6
3775,32.921671,-117.19203,2778.6,59.6,0.4,120,0,,,False,-3.8
3777,32.921668,-117.192041,2779.7,59.6,0.443,117,0,,,True,-6.5
3780,32.921668,-117.192041,2779.7,59.6,0.22,123,0,,,False,-6.3
3781,32.921668,-117.192041,2779.7,59.6,0.183,125,0,,,False,-5.6
3786,32.921668,-117.192041,2780.4,59.4,0.117,127,0,,,False,-13.3
3792,32.921659,-117.192039,2781.7,59.0,0.182,127,0,,,False,0.0
3799,32.921655,-117.192048,2782.4,58.8,0.154,127,0,,,False,6.9
3804,32.921655,-117.192048,2782.4,58.6,0.058,115,0,,,False,7.0
3805,32.921655,-117.192048,2782.4,58.6,0.0,106,0,,,False,5.6
3806,32.921655,-117.192048,2782.4,58.6,0.0,101,66,,,False,-2.3
3807,32.921654,-117.192051,2782.6,58.6,0.025,97,66,,,False,-6.8
3811,32.921648,-117.192063,2783.9,58.6,0.3,97,0,,,True,-6.8
3815,32.921648,-117.192063,2783.9,58.2,0.163,99,0,,,False,-6.1
3816,32.921648,-117.192063,2783.9,58.2,0.0,99,0,,,False,6.1
3824,32.921648,-117.192063,2783.9,59.0,0.0,103,0,,,False,3.6
3826,32.921648,-117.192063,2783.9,59.4,0.0,106,0,,,False,3.6
3827,32.921654,-117.192058,2784.7,59.6,0.073,107,0,,,True,4.0
3832,32.921664,-117.192041,2786.5,60.2,0.433,106,0,,,True,11.4
3833,32.921657,-117.192046,2787.4,60.0,0.45,106,0,,,True,2.1
3834,32.921664,-117.192041,2787.4,59.6,0.386,112,0,,,False,-2.1
3835,32.921664,-117.192041,2787.4,59.4,0.338,117,0,,,False,-2.1
3836,32.921664,-117.192041,2787.4,59.2,0.3,121,0,,,False,-1.8
3837,32.921664,-117.192041,2787.4,59.0,0.18,121,0,,,False,0.0
3841,32.921664,-117.192041,2787.4,59.0,0.0,121,0,,,False,1.9
3844,32.921664,-117.192041,2787.4,59.0,0.0,118,0,,,False,17.4
3851,32.921676,-117.192049,2788.5,58.8,0.11,117,0,,,False,4.0
3857,32.921668,-117.192031,2788.5,59.0,0.085,115,0,,,False,-2.3
3869,32.921668,-117.192031,2788.5,60.0,0.0,112,0,,,False,2.0
3872,32.921668,-117.192031,2788.5,60.2,0.0,110,0,,,False,-8.0
3873,32.921668,-117.192031,2788.5,60.2,0.0,110,0,,,False,-2.0
3877,32.921668,-117.192031,2789.7,60.0,0.24,110,0,,,False,-15.2
3882,32.921661,-117.192041,2789.7,59.8,0.133,107,0,,,False,28.6
3883,32.921656,-117.192037,2789.9,59.8,0.033,108,0,,,False,-13.6
3886,32.921657,-117.192042,2789.9,59.6,0.022,111,0,,,False,-21.0
3889,32.921657,-117.192042,2789.9,59.2,0.0,115,0,,,False,-15.2
3890,32.921657,-117.192042,2789.9,59.2,0.0,118,0,,,False,-11.4
3891,32.921657,-117.192042,2789.9,59.2,0.0,121,0,,,False,-11.4
3892,32.921657,-117.192042,2789.9,59.2,0.0,124,88,,,False,-8.5
3896,32.921654,-117.192039,2790.1,59.0,0.04,124,0,,,False,-18.2
3899,32.92165,-117.192034,2791.3,59.2,0.2,124,47,,,True,-17.1
3902,32.921636,-117.192033,2792.7,59.0,0.433,126,47,,,True,-28.6
3904,32.921645,-117.192034,2792.7,58.8,0.28,129,0,,,False,-30.5
3907,32.921645,-117.192034,2792.7,58.4,0.0,128,0,,,False,-31.7
3908,32.921641,-117.19204,2793.1,58.2,0.067,128,0,,,True,-27.2
3914,32.921645,-117.192034,2793.9,58.8,0.171,130,0,,,False,-25.2
3918,32.921645,-117.192034,2793.9,58.2,0.08,137,0,,,False,-21.4
3919,32.921645,-117.192034,2793.9,58.2,0.0,142,0,,,False,-21.4
3925,32.921645,-117.192034,2793.9,58.2,0.0,139,0,,,False,-20.8
3931,32.921623,-117.192074,2797.9,57.8,0.333,139,0,,,True,-20.8
3938,32.921623,-117.192074,2797.9,58.2,0.308,136,0,,,False,-15.5
3943,32.921623,-117.192074,2797.9,58.0,0.0,137,0,,,False,-13.7
3947,32.921623,-117.192074,2797.9,57.2,0.0,137,0,,,False,-6.1
3951,32.921621,-117.192082,2798.4,57.0,0.063,133,0,,,False,-12.2
3952,32.921615,-117.192081,2799.0,57.0,0.22,125,0,,,True,-12.2
3954,32.921606,-117.192079,2799.8,56.8,0.271,122,0,,,True,-13.3
3958,32.921623,-117.192074,2800.2,57.0,0.2,121,0,,,False,-20.6
3964,32.921623,-117.192074,2800.9,57.2,0.11,120,0,,,False,-16.5
3966,32.921623,-117.192074,2800.9,57.2,0.088,115,0,,,False,-11.0
3969,32.921622,-117.192069,2800.9,57.2,0.0,120,0,,,False,-10.5
3972,32.921623,-117.192074,2802.9,57.4,0.333,119,0,,,True,-16.9
3975,32.921623,-117.192074,2802.9,57.6,0.333,116,0,,,False,-15.4
3984,32.921623,-117.192074,2802.9,57.2,0.0,118,0,,,False,-15.8
3988,32.921623,-117.192074,2802.9,57.0,0.0,112,0,,,False,-17.8
3993,32.921623,-117.192074,2802.9,57.0,0.0,109,0,,,False,-10.1
3994,32.921623,-117.192074,2802.9,57.0,0.0,110,0,,,False,-8.1
3999,32.921619,-117.192083,2802.9,57.0,0.0,106,0,,,False,-8.1
4001,32.921617,-117.192077,2803.6,56.8,0.1,104,0,,,True,-6.1
4008,32.921623,-117.192074,2803.6,56.8,0.078,105,0,,,False,-6.1
4010,32.92162,-117.192087,2804.8,57.0,0.133,109,0,,,True,-6.1
4013,32.921622,-117.192094,2805.5,57.0,0.38,110,0,,,False,-1.7
4022,32.921622,-117.192094,2805.5,56.6,0.058,112,0,,,False,-18.5
4033,32.921622,-117.192094,2806.2,56.4,0.035,115,0,,,False,-14.8
4037,32.921622,-117.192094,2806.2,56.4,0.047,117,0,,,False,-14.8
4042,32.921622,-117.192084,2807.0,56.4,0.089,118,0,,,False,-14.8
4044,32.921613,-117.192077,2808.0,56.2,0.257,119,0,,,True,-12.5
4048,32.921614,-117.192074,2808.3,56.0,0.217,122,0,,,False,-9.6
4054,32.921614,-117.192074,2808.3,56.0,0.03,121,0,,,False,-8.0
4061,32.921614,-117.192074,2808.3,56.2,0.0,120,0,,,False,-6.4
4064,32.921614,-117.192074,2808.3,56.4,0.0,117,0,,,False,-6.4
4067,32.921614,-117.192074,2808.3,56.2,0.0,126,0,,,False,-5.1
4068,32.921614,-117.192074,2808.3,56.2,0.0,129,0,,,False,0.0
4070,32.921614,-117.192074,2808.3,56.4,0.0,132,0,,,False,30.0
4071,32.921614,-117.192074,2808.3,56.4,0.0,132,0,,,False,-5.9
4076,32.921614,-117.192074,2808.3,56.4,0.0,129,0,,,False,-7.1
4080,32.921614,-117.192074,2808.3,56.4,0.0,128,0,,,False,-3.4
4086,32.921614,-117.192074,2808.3,56.4,0.0,131,0,,,False,-3.4
4089,32.921629,-117.192065,2810.3,56.8,0.222,129,0,,,True,-6.8
4090,32.921635,-117.19205,2811.7,56.8,0.34,129,0,,,True,-5.1
4098,32.921635,-117.19205,2811.7,56.2,0.156,129,0,,,False,-6.8
4105,32.921635,-117.19205,2811.7,56.2,0.0,130,0,,,False,-6.8
4112,32.921631,-117.192061,2812.5,56.2,0.057,132,0,,,False,-13.2
4118,32.921619,-117.19208,2815.4,56.2,0.285,132,0,,,True,-17.5
4120,32.921612,-117.192088,2816.4,55.8,0.488,128,51,,,True,-11.7
4122,32.921596,-117.192087,2818.2,55.6,0.57,125,0,,,True,-12.8
4124,32.92158,-117.192081,2820.1,55.6,0.783,124,0,,,True,-17.4
4126,32.921573,-117.19208,2820.9,55.4,0.75,119,79,,,True,-17.1
4128,32.921563,-117.192091,2822.0,55.0,0.633,118,79,,,True,-16.8
4130,32.921549,-117.192084,2823.4,54.8,0.55,115,79,,,True,-17.0
4132,32.921538,-117.192081,2824.6,54.6,0.617,112,0,,,True,-15.8
4133,32.921533,-117.192084,2825.1,54.4,0.62,109,0,,,True,-15.5
4134,32.921526,-117.192086,2825.9,54.4,0.65,107,0,,,True,-12.7
4137,32.921516,-117.192086,2827.1,54.0,0.5,107,40,,,True,-15.4
4138,32.921511,-117.192085,2827.6,54.0,0.5,110,79,,,True,-14.0
4141,32.921494,-117.19208,2829.6,53.8,0.529,109,79,,,True,-17.2
4148,32.921468,-117.192076,2833.0,53.6,0.54,107,0,,,True,-15.4
4152,32.921452,-117.192079,2835.1,53.0,0.5,106,0,,,True,-15.7
4153,32.921444,-117.192081,2835.5,53.0,0.5,106,0,,,True,-15.5
4156,32.921436,-117.192093,2837.5,52.4,0.563,103,51,,,True,-18.0
4157,32.921421,-117.192094,2839.1,52.2,0.8,105,51,,,True,-14.9
4159,32.921391,-117.192085,2842.5,51.8,1.167,105,0,,,True,-13.8
4161,32.921377,-117.192088,2844.1,51.6,1.32,108,0,,,True,-14.0
4163,32.921349,-117.192084,2847.2,51.2,1.35,108,71,,,True,-17.6
4165,32.921335,-117.192071,2849.1,50.8,1.1,109,71,,,True,-18.5
4170,32.921284,-117.192093,2855.0,49.6,1.114,111,0,,,True,-17.3
4172,32.921264,-117.192093,2857.1,49.2,1.143,114,65,,,True,-15.9
4174,32.921232,-117.192077,2861.1,48.8,1.333,117,64,,,True,-12.7
4176,32.921216,-117.192079,2862.9,48.6,1.317,118,62,,,True,-11.9
4178,32.921175,-117.19209,2867.6,48.0,1.75,119,62,,,True,-20.9
4179,32.921165,-117.192097,2868.9,47.8,1.56,119,0,,,True,-15.4
4181,32.921153,-117.192091,2869.7,47.2,1.36,118,75,,,True,-3.4
4182,32.921144,-117.192084,2869.7,47.0,1.133,118,75,,,False,-1.9
4188,32.921182,-117.192092,2874.1,46.8,0.629,118,60,,,True,5.7
4194,32.921228,-117.192088,2879.2,47.6,0.792,119,53,,,True,11.6
4195,32.921237,-117.192084,2880.3,47.8,0.886,119,53,,,True,16.8
4198,32.921253,-117.192082,2881.8,48.4,0.77,119,54,,,True,14.5
4199,32.921267,-117.192077,2883.3,48.4,0.82,119,0,,,True,16.5
4200,32.921281,-117.192077,2884.8,48.6,0.9,119,0,,,True,16.0
4202,32.921293,-117.192079,2886.1,48.6,0.829,119,0,,,True,12.6
4204,32.921297,-117.19208,2886.7,48.8,0.68,119,0,,,False,10.5
4208,32.921312,-117.1921,2888.9,49.2,0.467,122,0,,,True,8.4
4209,32.921315,-117.192102,2889.2,49.2,0.5,122,0,,,False,5.6
4215,32.921322,-117.192105,2889.8,49.2,0.129,122,0,,,False,0.0
4218,32.921319,-117.192107,2889.8,49.0,0.067,125,0,,,False,0.0
4221,32.921319,-117.192107,2889.8,48.8,0.0,128,0,,,False,-2.0
4222,32.921319,-117.192107,2889.8,48.8,0.0,128,0,,,False,-1.8
4228,32.921322,-117.192123,2889.8,48.8,0.0,125,42,,,False,-3.1
4230,32.921323,-117.192124,2889.8,48.6,0.0,123,0,,,False,-5.5
4235,32.921321,-117.192107,2891.0,48.4,0.171,120,70,,,False,-6.0
4236,32.921323,-117.19211,2891.0,48.4,0.2,119,70,,,False,-6.5
4242,32.921325,-117.192099,2891.7,48.4,0.1,116,0,,,False,-3.2
4244,32.921325,-117.1921,2891.9,48.4,0.113,115,0,,,False,-3.2
4247,32.921329,-117.192109,2892.0,48.2,0.06,112,0,,,False,0.0
4249,32.921321,-117.192083,2893.2,48.2,0.26,112,0,,,True,0.0
4250,32.921311,-117.192078,2894.4,48.2,0.417,113,0,,,True,2.0
4253,32.921281,-117.192081,2897.7,48.2,0.95,113,0,,,True,-5.6
4256,32.92124,-117.192093,2902.2,48.4,1.3,114,120,,,True,-5.8
4261,32.92124,-117.192102,2904.0,47.6,0.788,114,0,,,True,-9.8
4263,32.921245,-117.192114,2904.8,47.6,0.371,118,0,,,True,-12.2
4265,32.921256,-117.192111,2905.9,47.6,0.411,114,0,,,True,-11.9
4269,32.921256,-117.192111,2905.9,47.4,0.183,113,0,,,False,-14.3
4272,32.921256,-117.192111,2905.9,47.4,0.0,117,0,,,False,-16.7
4274,32.921256,-117.192111,2905.9,47.2,0.0,120,0,,,False,-17.6
4275,32.921256,-117.192111,2905.9,47.0,0.0,123,0,,,False,-12.1
4281,32.921256,-117.192111,2906.1,47.2,0.029,121,0,,,False,-12.1
4285,32.921256,-117.192111,2906.1,47.0,0.02,118,0,,,False,-1.8
4286,32.921256,-117.192111,2906.1,47.0,0.0,115,0,,,False,-2.0
4287,32.921256,-117.192111,2906.1,47.0,0.0,113,0,,,False,0.0
4289,32.921256,-117.192111,2906.1,46.8,0.0,109,0,,,False,1.9
4292,32.921256,-117.192111,2906.1,46.6,0.0,106,0,,,False,5.6
4294,32.921253,-117.192119,2906.8,46.6,0.14,104,69,,,True,5.7
4299,32.921255,-117.192075,2909.3,46.8,0.457,102,66,,,True,5.7
4303,32.921219,-117.192076,2913.1,47.0,0.7,106,0,,,True,9.5
4306,32.921201,-117.192083,2914.9,47.4,0.8,107,16,,,True,9.7
4308,32.921195,-117.192091,2915.7,47.4,0.52,103,16,,,True,7.8
4310,32.921189,-117.192085,2916.6,47.6,0.5,96,43,,,True,5.6
4311,32.921185,-117.192084,2917.1,47.6,0.44,92,43,,,True,0.0
4316,32.921166,-117.192094,2919.6,47.6,0.5,92,43,,,True,-5.2
4317,32.921159,-117.192097,2920.2,47.4,0.517,97,43,,,True,-7.8
4318,32.921158,-117.192101,2920.3,47.4,0.457,103,0,,,False,-7.8
4319,32.921161,-117.192106,2920.8,47.2,0.463,108,0,,,True,-10.4
4320,32.921161,-117.192106,2920.8,47.0,0.411,113,0,,,False,-14.8
4321,32.921167,-117.192108,2920.8,46.8,0.24,117,0,,,False,-14.0
4327,32.921167,-117.192108,2920.8,46.6,0.0,114,0,,,False,-17.2
4331,32.921167,-117.192108,2920.8,46.6,0.0,109,0,,,False,-19.4
4332,32.921167,-117.192108,2920.8,46.4,0.0,103,0,,,False,-19.4
4333,32.921167,-117.192108,2920.8,46.4,0.0,94,0,,,False,-22.7
4334,32.921167,-117.192108,2920.8,46.4,0.0,89,0,,,False,-19.1
4339,32.921167,-117.192108,2920.8,46.2,0.0,92,0,,,False,-25.0
4341,32.921167,-117.192108,2920.8,46.2,0.0,95,53,,,False,-25.2
4345,32.921174,-117.192106,2921.2,46.2,0.067,98,54,,,False,-25.2
4352,32.921176,-117.192091,2921.2,45.8,0.036,95,0,,,False,-25.2
4358,32.921176,-117.192097,2921.7,45.8,0.038,95,0,,,False,-25.2
4361,32.921176,-117.192091,2921.7,45.8,0.056,99,0,,,False,-16.6
4366,32.921176,-117.192091,2921.7,45.6,0.0,102,0,,,False,-15.9
4372,32.921176,-117.192091,2922.4,45.4,0.064,102,0,,,False,-13.5
4375,32.921176,-117.192091,2922.4,45.2,0.078,102,0,,,False,-10.5
4378,32.921176,-117.192091,2922.4,45.2,0.0,98,0,,,False,-9.0
4382,32.921176,-117.192091,2922.4,45.0,0.0,96,0,,,False,-9.0
4387,32.921176,-117.192091,2922.4,44.8,0.0,99,0,,,False,-7.5
4392,32.921176,-117.192091,2922.4,44.8,0.0,99,0,,,False,-4.7
4394,32.921173,-117.192094,2922.8,44.8,0.057,102,0,,,False,-4.8
4397,32.921176,-117.192091,2922.8,44.8,0.08,101,0,,,False,-1.7
4400,32.921163,-117.192076,2924.6,44.8,0.3,97,0,,,True,0.0
4402,32.921157,-117.19208,2925.3,44.8,0.5,93,0,,,True,3.4
4403,32.921151,-117.192081,2926.0,44.8,0.533,88,0,,,True,3.5
4406,32.921139,-117.192084,2926.9,44.8,0.383,98,0,,,True,-2.5
4407,32.921139,-117.192084,2926.9,44.8,0.32,99,0,,,False,-2.6
4410,32.921133,-117.192079,2927.9,45.0,0.271,100,0,,,True,-2.9
4416,32.921078,-117.192073,2934.1,45.2,0.8,100,61,,,True,-2.6
4422,32.921013,-117.192081,2940.6,44.4,1.058,102,59,,,True,-4.1
4427,32.920976,-117.192109,2942.2,44.4,0.736,102,0,,,True,-13.5
4428,32.920973,-117.192113,2942.4,44.4,0.3,101,0,,,False,-18.0
4429,32.920971,-117.192105,2942.4,44.2,0.257,97,0,,,False,-15.7
4430,32.920976,-117.192111,2943.0,44.0,0.3,97,0,,,True,-7.3
4433,32.920976,-117.192111,2943.0,43.8,0.12,94,0,,,False,-7.7
4438,32.920976,-117.192111,2943.0,43.6,0.0,97,0,,,False,-13.2
4439,32.920976,-117.192111,2943.0,43.6,0.0,100,0,,,False,-11.4
4441,32.920976,-117.192111,2943.0,43.8,0.0,104,50,,,False,-14.2
4443,32.92099,-117.192131,2945.0,44.4,0.4,109,0,,,True,-8.3
4445,32.92099,-117.192131,2945.0,44.8,0.333,111,0,,,False,-8.4
4452,32.920986,-117.192132,2945.8,44.0,0.089,112,0,,,False,-5.8
4459,32.920981,-117.192139,2947.3,43.6,0.164,112,55,,,False,-2.9
4466,32.920978,-117.192135,2948.2,43.4,0.171,113,53,,,False,-4.4
4470,32.920973,-117.192138,2949.4,43.4,0.191,110,0,,,True,-13.7
4471,32.920975,-117.192136,2949.4,43.4,0.24,109,0,,,False,-3.9
4476,32.920986,-117.192129,2950.4,43.2,0.167,107,0,,,False,-2.0
4482,32.921006,-117.192108,2951.9,42.8,0.227,107,0,,,False,-4.1
4488,32.920968,-117.192087,2956.7,43.2,0.525,111,0,,,True,-5.5
4489,32.920961,-117.192083,2957.5,43.2,0.8,114,55,,,True,-4.0
4490,32.920954,-117.192084,2958.3,43.2,0.8,118,55,,,True,-5.5
4491,32.920946,-117.192083,2959.2,43.0,0.811,122,53,,,True,-14.3
4493,32.920932,-117.192088,2960.4,42.8,0.74,126,53,,,True,-13.6
4494,32.920928,-117.192085,2960.9,42.6,0.68,127,0,,,True,-11.7
4497,32.920909,-117.19208,2962.9,42.2,0.617,129,53,,,True,-10.8
4498,32.920902,-117.192081,2963.7,42.2,0.66,128,53,,,True,-11.7
4499,32.920893,-117.192084,2964.7,42.2,0.76,125,53,,,True,4.0
4500,32.920885,-117.19209,2965.5,42.0,0.767,120,53,,,True,6.2
4501,32.920877,-117.192094,2966.3,42.0,0.771,113,53,,,True,-3.7
4502,32.920875,-117.192086,2967.0,42.0,0.82,113,56,,,True,0.0
4505,32.920867,-117.192069,2968.6,42.0,0.62,116,56,,,True,-3.6
4506,32.920863,-117.192065,2969.1,42.0,0.56,115,0,,,True,-3.9
4511,32.920864,-117.192062,2969.2,43.4,0.1,113,0,,,False,-10.2
4514,32.920871,-117.192067,2970.1,43.4,0.125,111,0,,,True,-9.8
4519,32.920871,-117.192074,2971.1,42.4,0.238,109,55,,,False,-6.2
4520,32.920875,-117.192083,2972.0,42.2,0.317,109,55,,,True,-5.7
4523,32.920874,-117.192083,2972.4,42.0,0.256,108,52,,,False,-8.1
4528,32.920867,-117.192088,2973.9,41.8,0.238,107,51,,,False,-9.3
4534,32.920863,-117.192085,2974.2,41.6,0.164,109,0,,,False,-10.0
4536,32.920862,-117.192083,2974.5,41.2,0.075,109,0,,,False,-11.5
4537,32.92086,-117.192088,2974.9,41.2,0.111,112,0,,,True,-12.8
4539,32.92086,-117.192088,2974.9,41.4,0.14,116,0,,,False,-15.5
4540,32.920846,-117.19208,2975.2,41.4,0.167,119,0,,,False,-17.3
4544,32.920839,-117.192072,2976.0,41.4,0.22,121,0,,,False,-32.0
4547,32.920839,-117.19208,2976.2,41.4,0.143,120,0,,,False,-24.2
4549,32.920836,-117.192088,2976.2,41.2,0.04,128,0,,,False,-22.0
4550,32.920836,-117.192079,2976.2,41.0,0.033,136,0,,,False,-26.4
4551,32.920828,-117.19208,2977.0,41.0,0.143,139,0,,,True,-28.6
4552,32.920824,-117.192086,2977.3,41.0,0.22,142,0,,,True,-24.0
4553,32.920826,-117.192089,2977.3,41.0,0.183,144,0,,,False,-24.1
4559,32.920826,-117.192089,2978.0,40.8,0.1,144,0,,,False,-19.8
4560,32.920827,-117.192078,2978.0,40.8,0.1,141,0,,,False,-18.7
4564,32.92082,-117.192081,2978.9,40.4,0.18,141,0,,,False,-16.5
4569,32.920826,-117.192089,2979.5,40.2,0.167,138,0,,,False,-18.6
4571,32.920816,-117.192081,2980.1,40.2,0.171,136,0,,,False,-20.4
4574,32.920805,-117.192082,2980.2,40.2,0.14,135,0,,,False,-16.7
4577,32.920805,-117.192082,2980.2,40.0,0.017,132,0,,,False,-17.0
4579,32.920805,-117.192082,2980.2,40.4,0.0,129,0,,,False,-17.0
4581,32.920805,-117.192082,2980.2,40.4,0.0,128,0,,,False,-12.9
4585,32.920802,-117.192095,2980.2,40.0,0.0,125,0,,,False,-11.0
4587,32.920814,-117.192095,2980.2,40.0,0.0,124,0,,,False,-10.4
4589,32.920813,-117.192091,2980.2,39.8,0.0,124,0,,,False,-9.0
4591,32.920801,-117.192079,2981.0,39.6,0.133,126,0,,,True,-12.0
4593,32.920778,-117.192082,2983.6,39.4,0.567,126,115,,,True,-9.0
4595,32.920746,-117.192083,2987.0,39.2,1.133,125,115,,,True,-6.4
4596,32.920738,-117.192088,2987.9,39.2,1.38,125,115,,,True,-6.9
4600,32.920683,-117.192107,2993.5,38.8,1.3,125,61,,,True,-6.2
4601,32.920668,-117.192107,2995.2,38.6,1.46,125,61,,,True,-6.6
4606,32.920597,-117.192098,3003.2,38.2,1.617,125,56,,,True,-9.0
4611,32.920544,-117.192108,3009.1,37.8,1.39,125,57,,,True,-10.3
4616,32.920507,-117.192133,3013.6,37.0,1.04,124,0,,,True,-14.0
4621,32.920501,-117.192125,3014.6,36.6,0.55,122,0,,,False,-21.8
4624,32.920501,-117.192125,3014.6,36.6,0.125,119,0,,,False,1.1
4625,32.920501,-117.192125,3014.6,36.6,0.111,118,0,,,False,7.2
4626,32.920501,-117.192136,3014.6,36.6,0.0,115,0,,,False,10.9
4629,32.920531,-117.192149,3017.6,37.0,0.6,117,0,,,True,5.6
4637,32.920617,-117.192123,3027.4,38.0,1.164,116,53,,,True,4.1
4641,32.920662,-117.1921,3032.6,37.6,1.25,119,54,,,True,3.9
4643,32.920666,-117.192104,3034.2,37.4,1.133,120,54,,,True,-3.7
4649,32.920622,-117.192081,3038.0,37.8,0.675,121,0,,,True,-6.5
4650,32.92062,-117.192079,3038.3,37.6,0.586,121,0,,,True,-16.1
4652,32.920627,-117.192099,3038.3,37.0,0.456,119,0,,,False,-16.1
4657,32.920627,-117.192099,3038.8,37.2,0.071,121,0,,,False,-20.6
4669,32.920627,-117.192099,3038.8,36.6,0.029,116,0,,,False,-10.5
4670,32.920627,-117.192099,3038.8,36.6,0.0,112,0,,,False,-11.5
4671,32.920627,-117.192099,3038.8,36.6,0.0,106,0,,,False,-9.4
4672,32.920627,-117.192099,3038.8,36.6,0.0,101,0,,,False,-19.6
4674,32.920627,-117.192099,3038.8,36.4,0.0,98,0,,,False,-17.2
4680,32.920627,-117.192099,3039.4,36.2,0.075,97,0,,,False,-15.9
4687,32.920627,-117.192099,3040.9,36.8,0.162,98,0,,,False,-13.0
4693,32.920593,-117.192102,3042.1,36.6,0.208,99,0,,,False,-7.4
4699,32.920595,-117.192101,3042.1,36.6,0.1,97,0,,,False,-7.4
4705,32.920597,-117.192104,3043.0,36.4,0.075,94,0,,,False,-3.9
4710,32.920566,-117.192108,3046.9,36.2,0.436,94,50,,,True,-9.2
4713,32.920565,-117.192117,3047.2,36.0,0.525,94,0,,,False,-13.8
4715,32.920563,-117.192119,3047.6,36.0,0.14,94,0,,,False,-13.2
4720,32.920546,-117.192113,3049.6,35.8,0.343,96,0,,,True,-13.2
4724,32.920546,-117.192113,3049.6,36.0,0.222,101,0,,,False,-15.4
4725,32.920546,-117.192113,3049.6,36.0,0.0,106,0,,,False,-15.4
4726,32.920546,-117.192113,3049.6,35.8,0.0,116,0,,,False,-13.9
4728,32.920546,-117.192113,3049.6,35.6,0.0,119,0,,,False,-3.9
4732,32.920546,-117.192113,3050.0,35.6,0.067,117,0,,,False,-3.9
4739,32.920546,-117.192113,3050.0,35.6,0.036,113,0,,,False,-3.9
4741,32.920546,-117.192113,3050.0,35.6,0.0,112,0,,,False,1.6
4748,32.920546,-117.192113,3050.0,35.6,0.0,109,0,,,False,3.9
4750,32.920546,-117.192113,3050.0,35.6,0.0,106,0,,,False,2.0
4752,32.920546,-117.192113,3050.0,35.4,0.0,101,0,,,False,5.9
4753,32.920546,-117.192113,3050.0,35.4,0.0,98,0,,,False,7.3
4755,32.920546,-117.192113,3050.0,35.4,0.0,96,0,,,False,7.3
4759,32.920546,-117.192133,3050.2,35.4,0.033,94,0,,,False,7.3
4760,32.920554,-117.192133,3051.0,35.4,0.2,94,0,,,True,9.2
4766,32.920612,-117.192131,3057.4,36.0,1.029,95,53,,,True,9.3
4768,32.920634,-117.192129,3059.8,36.2,1.1,101,53,,,True,8.5
4769,32.920644,-117.192122,3060.9,36.4,1.1,104,53,,,True,8.9
4770,32.92066,-117.192125,3062.7,36.4,1.17,105,53,,,True,8.0
4775,32.920733,-117.192139,3070.9,37.2,1.667,103,56,,,True,6.7
4776,32.920746,-117.192141,3072.3,37.2,1.6,103,56,,,True,9.8
4780,32.920776,-117.192123,3075.9,37.4,1.0,103,57,,,True,6.6
4785,32.920825,-117.192126,3081.1,38.2,0.978,104,53,,,True,8.3
4788,32.920869,-117.192123,3086.1,38.2,1.275,104,52,,,True,8.3
4790,32.920896,-117.192121,3089.1,38.6,1.6,107,51,,,True,7.3
4791,32.920908,-117.192121,3090.4,38.6,1.55,109,51,,,True,13.6
4793,32.920921,-117.192126,3092.0,39.0,1.18,112,51,,,True,12.1
4796,32.920939,-117.192122,3094.2,39.2,0.76,114,47,,,True,12.3
4797,32.920945,-117.19212,3094.9,39.4,0.75,115,47,,,True,12.8
4800,32.92097,-117.192121,3097.7,39.6,0.814,120,47,,,True,12.5
4803,32.920996,-117.192126,3100.5,40.0,0.933,123,78,,,True,14.9
4804,32.921003,-117.192129,3101.4,40.2,0.929,123,78,,,True,15.0
4806,32.921019,-117.192128,3103.2,40.4,0.917,123,47,,,True,15.2
4810,32.921047,-117.192133,3106.3,41.0,0.817,123,45,,,True,12.7
4817,32.921084,-117.192107,3111.0,41.6,0.709,121,42,,,True,14.4
4823,32.921123,-117.19212,3115.6,42.0,0.715,122,41,,,True,13.3
4827,32.921147,-117.192112,3118.5,42.6,0.75,122,41,,,True,15.3
4830,32.9212,-117.192105,3124.4,43.4,1.257,122,55,,,True,18.3
4831,32.921209,-117.192106,3125.4,43.8,1.225,122,55,,,True,14.8
4837,32.921256,-117.192108,3130.9,44.8,0.929,120,48,,,True,14.7
4841,32.92129,-117.192112,3134.7,45.0,0.93,124,48,,,True,14.2
4842,32.921295,-117.19211,3135.3,45.0,0.88,126,45,,,True,14.9
4844,32.921307,-117.192112,3136.7,45.4,0.829,129,45,,,True,21.4
4848,32.921334,-117.192122,3139.8,46.0,0.75,129,44,,,True,20.4
4850,32.92134,-117.192124,3140.3,46.2,0.6,129,0,,,False,21.6
4855,32.921348,-117.192119,3141.2,47.0,0.2,130,0,,,False,19.4
4856,32.921348,-117.192119,3141.2,47.0,0.15,131,0,,,False,19.4
4861,32.921383,-117.192125,3145.5,47.2,0.717,129,0,,,True,20.0
4862,32.921391,-117.192124,3146.4,47.2,0.867,129,0,,,True,15.3
4868,32.921423,-117.192114,3150.1,48.0,0.657,131,47,,,True,24.8
4873,32.921465,-117.1921,3154.3,49.0,0.718,132,49,,,True,26.9
4874,32.921472,-117.192103,3155.2,49.4,0.85,133,50,,,True,30.2
4877,32.921488,-117.192094,3156.8,50.0,0.744,132,48,,,True,29.8
4880,32.921511,-117.192091,3159.2,50.6,0.667,132,0,,,True,32.7
4882,32.921525,-117.192095,3160.7,51.2,0.78,133,0,,,True,29.6
4885,32.921551,-117.192101,3163.7,51.8,0.9,136,0,,,True,26.4
4887,32.921558,-117.192098,3164.7,52.4,0.8,137,45,,,True,25.5
4889,32.921578,-117.192101,3166.7,52.8,0.857,138,45,,,True,25.9
4892,32.921607,-117.192097,3169.7,53.4,1.0,138,45,,,True,21.6
4894,32.921617,-117.192095,3170.9,53.8,0.84,138,45,,,True,20.6
4898,32.921646,-117.192074,3174.5,54.6,0.8,138,44,,,True,20.8
4899,32.921656,-117.19207,3175.8,54.8,0.98,138,45,,,True,20.0
4904,32.921686,-117.192039,3180.3,55.6,0.967,138,45,,,True,19.6
4905,32.921692,-117.192037,3180.9,55.8,0.85,138,45,,,True,17.6
4908,32.921722,-117.192029,3184.4,56.6,0.956,140,48,,,True,16.9
4909,32.921734,-117.192031,3185.7,56.8,1.08,140,48,,,True,16.2
4914,32.921762,-117.19201,3189.4,57.2,0.833,140,48,,,True,16.2
4919,32.921795,-117.191962,3194.5,58.0,0.88,143,47,,,True,15.7
4924,32.921838,-117.191957,3199.2,59.0,0.98,144,47,,,True,14.3
4925,32.92184,-117.191951,3199.7,59.0,0.867,144,47,,,True,13.2
4928,32.921876,-117.191912,3204.8,59.4,1.144,144,48,,,True,8.1
4930,32.921893,-117.191913,3206.6,59.6,1.38,144,48,,,True,9.6
4936,32.92196,-117.191919,3214.0,60.2,1.15,144,48,,,True,9.7
4939,32.921982,-117.19192,3216.4,60.6,1.089,141,48,,,True,8.4
4942,32.922008,-117.19192,3219.2,60.8,0.867,138,46,,,True,8.8
4944,32.922023,-117.191922,3220.9,60.8,0.9,137,46,,,True,6.8
4946,32.922024,-117.191909,3221.0,61.0,0.657,137,47,,,False,3.9
4948,32.922044,-117.191912,3223.1,61.0,0.65,135,47,,,True,4.3
4950,32.922095,-117.191912,3228.7,61.2,1.3,135,98,,,True,4.4
4952,32.922147,-117.191921,3234.7,61.4,2.283,136,98,,,True,6.0
4956,32.922226,-117.191926,3243.5,62.0,2.467,134,77,,,True,6.4
4957,32.92225,-117.191938,3246.4,62.4,2.34,134,77,,,True,7.3
4959,32.922289,-117.191937,3250.6,62.6,2.271,135,78,,,True,7.9
4961,32.922339,-117.191959,3256.6,63.0,2.62,139,77,,,True,7.4
4962,32.922357,-117.191963,3258.6,63.2,2.44,140,77,,,True,8.5
4963,32.92237,-117.191962,3260.0,63.4,2.267,141,77,,,True,7.5
4965,32.92241,-117.191978,3264.7,63.8,2.35,144,77,,,True,7.1
4966,32.922424,-117.191978,3266.2,63.8,1.92,145,78,,,True,6.5
4971,32.922479,-117.19201,3272.7,64.2,1.333,146,71,,,True,7.9
4974,32.922504,-117.192012,3275.4,64.4,1.15,147,71,,,True,8.3
4978,32.922544,-117.192026,3279.9,65.0,1.029,147,53,,,True,10.4
4980,32.922568,-117.192039,3283.0,65.2,1.267,149,53,,,True,14.0
4981,32.922574,-117.19205,3284.2,65.4,1.257,149,53,,,True,16.7
4983,32.922586,-117.192049,3285.1,65.6,1.04,149,55,,,True,16.5
4987,32.922608,-117.192073,3288.3,66.2,0.683,148,0,,,True,12.7
4988,32.922608,-117.192073,3288.3,66.4,0.64,148,0,,,False,12.4
4994,32.922612,-117.192085,3289.4,67.0,0.157,145,0,,,False,10.0
4996,32.922621,-117.192094,3290.8,66.8,0.313,145,0,,,True,7.8
5003,32.922701,-117.192128,3300.3,67.4,1.211,146,52,,,True,5.9
5006,32.922727,-117.192148,3303.7,67.6,1.29,147,55,,,True,6.6
5010,32.922781,-117.192162,3309.6,68.2,1.329,147,54,,,True,7.1
5016,32.922855,-117.192181,3317.9,68.6,1.42,147,56,,,True,7.6
5018,32.922875,-117.192178,3320.0,68.8,1.3,147,56,,,True,8.0
5022,32.922911,-117.192214,3324.8,69.2,1.15,144,55,,,True,10.6
5026,32.922925,-117.192235,3327.1,69.6,0.887,141,0,,,True,9.4
5028,32.922931,-117.192228,3327.7,69.8,0.483,137,44,,,False,6.5
5030,32.922944,-117.192232,3329.2,69.8,0.55,134,44,,,True,8.2
5031,32.922955,-117.192238,3330.6,69.8,0.7,133,0,,,True,8.1
5034,32.922963,-117.19223,3331.0,69.6,0.55,134,45,,,False,6.4
5041,32.922972,-117.19222,3332.1,69.4,0.15,136,0,,,False,5.8
5046,32.922972,-117.192219,3332.1,69.8,0.092,142,0,,,False,7.8
5050,32.922983,-117.192243,3333.7,69.8,0.178,142,0,,,True,12.3
5055,32.92303,-117.192274,3339.6,70.4,0.833,142,57,,,True,6.6
5058,32.923062,-117.192287,3343.5,70.8,1.225,139,58,,,True,8.3
5060,32.923092,-117.192305,3347.2,70.8,1.52,138,59,,,True,8.1
5066,32.923177,-117.192357,3357.8,71.8,1.788,137,61,,,True,8.8
5067,32.923189,-117.192364,3359.3,72.0,1.729,136,61,,,True,10.0
5072,32.923248,-117.192381,3366.1,72.8,1.383,135,61,,,True,8.0
5073,32.923259,-117.192379,3367.3,72.8,1.333,136,61,,,True,8.2
5079,32.923324,-117.192415,3375.3,73.2,1.314,136,60,,,True,6.3
5084,32.923352,-117.19243,3378.7,73.6,1.036,136,0,,,True,8.8
5088,32.923352,-117.19243,3378.7,73.6,0.378,133,0,,,False,15.8
5092,32.923352,-117.19243,3378.7,73.8,0.0,131,0,,,False,12.0
5096,32.923374,-117.19243,3378.7,73.8,0.0,131,0,,,False,20.0
5100,32.923374,-117.19243,3379.1,73.8,0.05,131,0,,,False,16.0
5102,32.92338,-117.192426,3379.7,73.8,0.167,131,0,,,False,16.0
5105,32.923376,-117.192437,3380.3,73.8,0.24,131,0,,,False,12.0
5107,32.923374,-117.19243,3380.3,74.0,0.12,127,0,,,False,2.9
5109,32.923374,-117.19243,3380.3,74.2,0.086,132,0,,,False,2.7
5110,32.923374,-117.19243,3380.3,74.2,0.0,136,0,,,False,2.7
5116,32.923374,-117.19243,3380.3,74.0,0.0,133,0,,,False,2.7
5120,32.923374,-117.19243,3380.3,74.0,0.0,129,0,,,False,0.0
5124,32.923374,-117.19243,3380.3,74.0,0.0,126,0,,,False,4.3
5129,32.923374,-117.19243,3380.3,74.0,0.0,123,0,,,False,0.0
5134,32.923374,-117.19243,3380.3,73.8,0.0,123,0,,,False,0.0
5140,32.923367,-117.192437,3380.9,73.6,0.055,122,0,,,False,-48.0
5144,32.923381,-117.192438,3382.2,73.4,0.19,119,0,,,True,-40.0
5145,32.923374,-117.19243,3382.2,73.4,0.26,117,0,,,False,-32.0
5151,32.923374,-117.19243,3382.8,73.4,0.086,114,0,,,False,-2.9
5152,32.923374,-117.19243,3382.8,73.4,0.086,113,0,,,False,-3.0
5158,32.923374,-117.19243,3382.8,73.4,0.0,119,0,,,False,-3.3
5159,32.923374,-117.19243,3382.8,73.4,0.0,119,0,,,False,-6.6
5163,32.923374,-117.19243,3382.8,73.4,0.0,118,0,,,False,-5.0
5168,32.923374,-117.19243,3382.8,73.0,0.0,115,0,,,False,-5.0
5172,32.923374,-117.19243,3382.8,73.2,0.0,113,0,,,False,-3.3
5180,32.923374,-117.19243,3382.8,73.4,0.0,114,0,,,False,0.0
5185,32.923361,-117.192413,3384.5,73.6,0.131,114,0,,,True,-6.3
5186,32.923362,-117.19241,3384.8,73.6,0.333,114,0,,,True,-4.9
5188,32.923354,-117.19243,3384.8,73.2,0.25,115,0,,,False,-4.9
5191,32.92336,-117.192436,3385.7,73.2,0.18,120,0,,,False,-4.9
5193,32.92336,-117.192436,3385.7,73.4,0.18,121,0,,,False,-1.6
5198,32.923362,-117.192427,3385.7,73.2,0.0,120,0,,,False,-4.9
5199,32.923349,-117.192424,3387.1,73.2,0.233,118,0,,,True,-7.8
5200,32.923338,-117.19242,3388.4,73.4,0.386,117,0,,,True,-4.3
5205,32.923321,-117.192395,3392.4,73.4,0.883,117,62,,,True,-5.0
5208,32.923338,-117.192416,3392.4,72.8,0.5,119,56,,,False,-5.0
5211,32.923335,-117.192432,3392.5,72.6,0.017,117,56,,,False,-3.2
5220,32.923322,-117.192413,3395.1,72.8,0.225,118,0,,,False,-16.3
5228,32.923322,-117.192413,3395.1,72.8,0.153,118,0,,,False,-14.0
5234,32.923301,-117.19239,3397.8,72.6,0.193,119,0,,,True,-16.3
5236,32.923275,-117.192378,3401.0,73.0,0.738,119,0,,,True,-16.3
5241,32.923286,-117.192379,3401.0,72.0,0.457,119,0,,,False,-12.0
5242,32.923286,-117.192379,3401.0,71.8,0.0,118,0,,,False,-6.8
5247,32.923286,-117.192379,3401.0,72.2,0.0,116,0,,,False,-7.0
5251,32.923286,-117.192379,3401.0,72.2,0.0,119,0,,,False,-7.0
5257,32.923286,-117.192379,3401.0,72.0,0.0,125,0,,,False,-13.6
5258,32.923286,-117.192379,3401.0,72.0,0.0,124,0,,,False,-10.4
5260,32.923286,-117.192379,3401.0,72.0,0.0,122,0,,,False,-16.0
5262,32.923286,-117.192379,3401.0,72.0,0.0,119,0,,,False,-6.0
5269,32.923257,-117.192374,3404.1,72.0,0.344,118,0,,,True,-8.0
5274,32.923251,-117.192375,3406.5,72.0,0.458,118,0,,,True,-6.0
5285,32.923251,-117.192375,3406.6,71.8,0.156,119,0,,,False,-6.0
5297,32.923251,-117.192375,3406.6,71.4,0.004,117,0,,,False,-11.6
5301,32.923251,-117.192375,3406.6,71.6,0.0,121,0,,,False,-11.6
5305,32.923225,-117.192364,3409.3,71.4,0.338,120,0,,,True,-11.6
5307,32.923215,-117.192352,3411.0,71.4,0.733,118,0,,,True,-12.2
5309,32.923213,-117.192367,3411.0,71.2,0.55,116,0,,,False,-8.3
5313,32.923213,-117.192367,3411.0,71.0,0.0,119,0,,,False,-12.0
5315,32.923213,-117.192367,3411.0,71.2,0.0,119,0,,,False,-6.7
5324,32.923213,-117.192367,3411.0,71.0,0.0,116,0,,,False,-3.3
5326,32.923213,-117.192367,3411.0,71.2,0.0,115,0,,,False,-6.5
5336,32.923199,-117.192351,3412.2,71.0,0.1,112,0,,,False,-5.8
5337,32.923189,-117.192353,3412.3,71.0,0.118,112,0,,,False,-5.6
5341,32.923163,-117.19232,3416.2,71.0,0.8,111,0,,,True,-3.7
5345,32.923174,-117.192339,3416.5,70.8,0.525,111,64,,,False,-3.7
5346,32.923165,-117.192347,3416.5,70.6,0.06,112,64,,,False,-3.7
5352,32.923167,-117.192324,3418.6,71.0,0.3,112,0,,,True,-1.8
5356,32.923167,-117.192324,3418.6,70.8,0.21,115,0,,,False,-1.8
5361,32.923167,-117.192324,3418.6,71.0,0.0,116,0,,,False,-4.4
5364,32.923161,-117.192319,3419.7,70.8,0.137,115,0,,,True,-8.8
5371,32.923149,-117.192337,3421.8,70.8,0.32,118,0,,,True,-8.8
5374,32.923149,-117.192337,3421.8,70.8,0.21,121,0,,,False,-6.9
5376,32.923145,-117.192307,3423.2,70.8,0.28,124,0,,,True,-3.5
5377,32.923134,-117.192299,3424.6,70.8,0.467,124,0,,,True,-7.6
5379,32.923129,-117.192298,3425.3,70.6,0.7,121,0,,,True,-7.6
5381,32.923132,-117.192304,3425.3,70.4,0.42,117,0,,,False,-8.3
5382,32.923132,-117.192304,3425.3,70.2,0.14,117,0,,,False,-6.2
5394,32.923132,-117.192304,3425.3,70.4,0.0,116,0,,,False,-6.2
5403,32.923132,-117.192304,3425.3,70.2,0.0,115,0,,,False,-8.3
5405,32.923111,-117.192288,3427.8,70.2,0.227,113,0,,,True,-5.8
5407,32.923104,-117.192284,3429.1,70.2,0.292,112,0,,,True,-10.0
5412,32.923104,-117.192287,3429.3,70.0,0.214,113,0,,,False,-15.0
5416,32.923104,-117.192287,3429.3,70.0,0.022,113,0,,,False,-7.6
5424,32.923104,-117.192287,3429.3,70.2,0.0,106,0,,,False,-7.7
5425,32.923104,-117.192287,3429.3,70.2,0.0,103,0,,,False,-3.8
5426,32.923104,-117.192287,3429.3,70.2,0.0,100,0,,,False,-3.8
5427,32.923104,-117.192287,3429.3,70.2,0.0,104,0,,,False,-10.1
5430,32.923104,-117.192287,3429.3,70.0,0.0,108,0,,,False,-7.0
5432,32.923104,-117.192287,3429.3,70.0,0.0,111,0,,,False,-7.0
5439,32.923105,-117.192287,3429.3,70.0,0.0,109,53,,,False,-6.4
5445,32.923071,-117.192265,3433.6,70.0,0.331,110,0,,,True,-3.3
5446,32.923063,-117.192253,3435.1,70.0,0.829,110,0,,,True,-7.6
5449,32.923072,-117.192261,3435.7,69.8,0.64,108,55,,,False,-7.6
5451,32.923063,-117.192272,3435.7,69.6,0.12,106,55,,,False,-3.8
5453,32.923053,-117.192278,3435.7,69.4,0.086,109,0,,,False,-1.9
5456,32.923056,-117.192272,3436.4,69.4,0.14,112,0,,,False,-1.9
5461,32.923056,-117.192272,3436.4,69.6,0.088,115,0,,,False,-8.8
5468,32.923056,-117.192272,3436.4,69.6,0.0,116,0,,,False,-11.8
5475,32.923056,-117.192272,3436.4,69.6,0.0,113,0,,,False,-6.2
5477,32.923056,-117.192272,3436.4,69.6,0.0,108,0,,,False,-7.0
5479,32.923045,-117.192263,3437.2,69.6,0.073,107,0,,,True,-3.7
5481,32.923024,-117.19225,3439.8,69.8,0.567,107,0,,,True,-2.0
5486,32.923023,-117.192256,3440.4,69.2,0.457,107,60,,,False,-4.0
5490,32.923021,-117.192256,3440.4,69.4,0.067,111,0,,,False,-4.0
5496,32.923021,-117.192256,3440.4,69.2,0.0,110,0,,,False,-8.5
5504,32.923021,-117.192256,3440.4,69.2,0.0,111,0,,,False,-7.1
5510,32.92303,-117.192259,3441.2,69.4,0.057,112,0,,,False,-6.4
5514,32.922991,-117.192248,3446.5,69.2,0.61,112,0,,,True,-3.4
5521,32.922991,-117.192248,3446.5,68.8,0.482,113,0,,,False,-1.7
5531,32.922991,-117.192248,3446.6,68.8,0.006,111,0,,,False,-12.9
5538,32.922979,-117.192241,3448.4,68.8,0.112,110,0,,,False,-12.9
5540,32.922948,-117.192222,3452.3,69.0,0.633,110,0,,,True,-5.1
5544,32.922944,-117.192234,3452.7,68.4,0.717,112,0,,,False,-4.5
5546,32.922944,-117.192234,3452.7,68.2,0.067,115,0,,,False,-8.4
5550,32.922944,-117.192234,3452.7,68.4,0.0,115,0,,,False,-8.4
5561,32.922939,-117.192236,3453.3,68.6,0.04,113,0,,,False,-5.6
5563,32.922933,-117.192213,3454.3,68.8,0.123,112,0,,,True,-1.9
5565,32.922928,-117.192211,3454.9,68.8,0.147,109,41,,,False,-7.5
5566,32.922932,-117.192203,3455.3,68.8,0.4,109,41,,,True,-11.8
5571,32.922927,-117.192198,3456.0,68.2,0.183,112,0,,,False,-14.7
5572,32.922927,-117.192198,3456.0,68.4,0.117,113,0,,,False,-17.3
5577,32.922927,-117.192198,3456.0,68.4,0.0,118,0,,,False,-14.6
5582,32.922927,-117.192198,3456.0,68.4,0.0,117,0,,,False,-16.5
5587,32.922915,-117.192186,3457.2,68.6,0.12,119,0,,,False,-16.5
5588,32.922911,-117.192181,3457.9,68.6,0.317,119,0,,,True,-8.7
5592,32.922909,-117.192188,3459.1,68.0,0.38,117,0,,,False,-3.6
5597,32.922912,-117.192188,3459.1,68.2,0.133,114,0,,,False,-3.6
5599,32.922912,-117.192188,3459.1,68.0,0.0,111,0,,,False,-7.1
5601,32.922912,-117.192188,3459.1,68.0,0.0,110,0,,,False,-7.5
5607,32.922912,-117.192188,3459.1,68.0,0.0,109,0,,,False,-5.5
5614,32.922906,-117.192193,3460.4,67.6,0.1,106,79,,,False,-6.6
5615,32.922911,-117.192191,3460.4,67.4,0.163,106,79,,,False,-6.6
5620,32.922912,-117.192188,3460.5,67.8,0.017,104,0,,,False,-8.6
5629,32.922912,-117.192188,3460.8,67.8,0.029,104,0,,,False,-6.7
5636,32.922912,-117.192188,3460.8,67.6,0.019,104,0,,,False,-5.3
5640,32.922909,-117.19217,3460.8,67.6,0.0,104,0,,,False,-2.9
5645,32.922909,-117.19217,3460.8,67.6,0.0,106,0,,,False,-4.4
5650,32.922907,-117.192185,3462.1,67.8,0.13,104,0,,,False,-3.0
5652,32.922893,-117.192185,3463.8,68.0,0.429,101,0,,,True,-3.0
5654,32.922879,-117.192178,3465.5,68.0,0.522,101,0,,,True,-6.1
5661,32.922803,-117.192156,3474.1,67.2,1.144,103,60,,,True,-8.2
5668,32.922745,-117.192112,3481.7,66.6,1.157,104,59,,,True,-8.7
5670,32.922731,-117.192106,3483.3,66.4,1.022,104,59,,,True,-7.5
5674,32.922691,-117.192077,3488.5,66.0,1.133,105,0,,,True,-5.4
5675,32.922681,-117.192089,3490.1,66.0,1.36,104,0,,,True,-1.6
5677,32.922662,-117.192086,3492.8,66.0,1.357,105,51,,,True,5.5
5678,32.922661,-117.192078,3493.1,66.0,1.225,105,51,,,False,11.0
5682,32.922638,-117.19207,3495.8,66.2,0.6,105,0,,,True,-2.0
5683,32.922636,-117.192079,3495.8,66.4,0.54,102,0,,,False,0.0
5689,32.922636,-117.192079,3495.8,66.6,0.0,105,0,,,False,2.3
5690,32.922636,-117.192079,3495.8,66.8,0.0,106,0,,,False,4.7
5699,32.922628,-117.192084,3496.5,66.8,0.07,105,0,,,False,0.0
5705,32.922613,-117.192066,3498.7,65.8,0.193,107,0,,,True,-3.8
5708,32.922613,-117.192066,3498.7,66.0,0.244,111,0,,,False,-11.8
5709,32.922613,-117.192066,3498.7,66.0,0.22,114,0,,,False,-4.1
5713,32.922613,-117.192066,3498.7,66.2,0.0,116,0,,,False,0.0
5722,32.922613,-117.192066,3498.7,66.4,0.0,113,0,,,False,-2.0
5724,32.922613,-117.192066,3498.7,66.4,0.0,110,0,,,False,-3.7
5730,32.922578,-117.192052,3502.6,66.0,0.488,108,60,,,True,-7.3
5733,32.922573,-117.192053,3503.3,65.6,0.511,113,0,,,False,0.0
5735,32.922564,-117.192049,3504.3,65.2,0.34,116,0,,,True,-5.3
5737,32.922558,-117.192048,3505.6,65.0,0.429,117,0,,,True,-7.1
5744,32.922561,-117.192045,3505.6,65.8,0.144,119,0,,,False,-10.6
5755,32.922561,-117.192045,3505.6,66.2,0.0,120,0,,,False,-5.4
5762,32.922561,-117.192045,3505.6,66.2,0.0,117,0,,,False,-2.7
5766,32.922561,-117.192045,3505.6,66.2,0.0,114,0,,,False,-4.3
5772,32.922561,-117.192045,3505.6,66.0,0.0,114,0,,,False,-4.5
5773,32.922562,-117.192026,3506.7,65.8,0.157,114,0,,,True,-3.2
5778,32.922531,-117.192032,3510.0,65.2,0.733,115,0,,,True,-3.8
5782,32.922531,-117.192032,3510.0,65.6,0.367,118,0,,,False,-7.7
5787,32.922531,-117.192032,3510.0,65.6,0.0,118,0,,,False,-5.8
5797,32.922531,-117.192032,3510.0,65.8,0.0,116,0,,,False,-6.5
5805,32.922531,-117.192032,3510.0,65.8,0.0,112,0,,,False,-2.2
5807,32.922529,-117.192004,3511.9,65.6,0.19,111,0,,,True,-3.8
5813,32.922493,-117.192,3516.0,65.4,0.75,113,0,,,True,2.6
5815,32.922493,-117.192,3516.0,65.4,0.512,116,0,,,False,-2.0
5819,32.922493,-117.192,3516.0,65.2,0.0,113,0,,,False,-6.0
5823,32.922493,-117.192,3516.0,65.6,0.0,110,0,,,False,-8.0
5831,32.922493,-117.192,3516.0,65.6,0.0,114,0,,,False,-7.0
5834,32.922493,-117.192,3516.0,65.6,0.0,110,0,,,False,0.0
5835,32.92249,-117.191986,3517.1,65.4,0.092,105,0,,,True,-3.6
5836,32.922486,-117.191981,3517.6,65.4,0.32,105,0,,,True,-4.9
5837,32.922476,-117.191975,3518.8,65.2,0.467,108,0,,,True,-3.7
5838,32.922466,-117.191972,3520.0,65.0,0.571,109,0,,,True,-1.9
5843,32.922461,-117.191987,3520.5,65.0,0.283,112,0,,,False,-5.6
5844,32.922461,-117.191987,3520.5,65.0,0.083,112,0,,,False,-3.9
5852,32.922456,-117.192006,3521.8,65.6,0.144,112,0,,,False,0.0
5858,32.922456,-117.192006,3521.8,65.4,0.093,109,0,,,False,-4.5
5860,32.922453,-117.191986,3522.9,65.2,0.137,106,0,,,True,-1.8
5861,32.922443,-117.191981,3524.1,65.0,0.256,105,41,,,True,-1.9
5865,32.922417,-117.191996,3526.7,65.0,0.76,110,0,,,True,-6.1
5867,32.922412,-117.191991,3527.3,65.0,0.533,114,0,,,True,-4.1
5877,32.922412,-117.191991,3527.3,65.4,0.05,112,0,,,False,-4.1
5885,32.922388,-117.19195,3530.9,64.8,0.2,111,0,,,True,-4.1
5890,32.92238,-117.191957,3531.6,64.8,0.331,111,0,,,False,-6.2
5898,32.92238,-117.191957,3531.6,65.0,0.054,111,0,,,False,-3.4
5907,32.92238,-117.191957,3531.6,65.2,0.0,111,0,,,False,-2.2
5911,32.92238,-117.191957,3531.6,65.2,0.0,108,0,,,False,0.0
5913,32.92238,-117.191957,3531.6,65.2,0.0,103,0,,,False,0.0
5915,32.92238,-117.191957,3531.6,65.2,0.0,101,0,,,False,3.0
5918,32.92238,-117.191957,3531.6,65.2,0.0,104,0,,,False,5.8
5919,32.92238,-117.191957,3531.6,65.2,0.0,107,0,,,False,-3.8
5921,32.922354,-117.191944,3534.7,64.8,0.517,109,0,,,True,-1.9
5928,32.922343,-117.191956,3535.8,64.8,0.467,110,0,,,False,-3.9
5936,32.922343,-117.191956,3535.8,65.0,0.073,110,0,,,False,-5.8
5941,32.922329,-117.191973,3537.5,65.0,0.131,105,0,,,True,-5.8
5942,32.922329,-117.191973,3537.5,65.0,0.283,104,0,,,False,-5.8
5946,32.922329,-117.191973,3537.5,65.2,0.0,103,0,,,False,4.8
5949,32.922328,-117.19196,3537.8,65.2,0.043,104,0,,,False,1.9
5950,32.922329,-117.191938,3538.6,65.0,0.137,104,0,,,True,1.9
5953,32.922306,-117.191925,3541.5,64.4,0.571,107,59,,,True,0.0
5955,32.922297,-117.191944,3541.9,64.6,0.66,107,59,,,False,0.0
5963,32.922282,-117.191958,3543.1,64.8,0.16,107,0,,,False,1.9
5970,32.922282,-117.191958,3543.1,65.2,0.08,107,0,,,False,0.0
5978,32.922282,-117.191958,3543.1,65.0,0.0,109,0,,,False,0.0
5982,32.922268,-117.191939,3545.1,65.0,0.167,105,0,,,True,3.8
5984,32.92226,-117.191933,3546.2,65.0,0.517,103,0,,,True,2.0
5989,32.92226,-117.191933,3546.2,64.6,0.157,106,0,,,False,-2.0
5994,32.92226,-117.191933,3546.2,65.0,0.0,106,0,,,False,2.0
6004,32.922258,-117.191957,3548.2,65.2,0.133,106,0,,,False,-2.0
6008,32.922251,-117.191941,3549.1,65.0,0.207,106,0,,,False,-4.0
6010,32.922231,-117.191924,3551.9,64.8,0.617,105,0,,,True,-5.4
6014,32.922219,-117.191933,3553.0,64.6,0.65,110,0,,,False,-1.8
6015,32.922219,-117.191933,3553.0,64.6,0.22,112,0,,,False,-6.6
6022,32.922219,-117.191933,3553.0,65.2,0.0,113,0,,,False,-5.4
6030,32.922215,-117.19194,3553.2,65.0,0.013,114,0,,,False,0.0
6033,32.922216,-117.191923,3555.1,64.6,0.191,106,0,,,True,2.4
6035,32.922196,-117.191904,3557.4,64.4,0.84,104,0,,,True,0.0
6040,32.922171,-117.191908,3560.3,64.4,0.743,104,0,,,True,-1.7
6050,32.922171,-117.191908,3560.3,64.6,0.193,104,0,,,False,0.0
6052,32.922171,-117.191908,3560.3,64.8,0.0,108,0,,,False,-3.9
6056,32.922171,-117.191908,3560.3,65.0,0.0,110,0,,,False,4.0
6063,32.922171,-117.191908,3560.3,65.0,0.0,106,0,,,False,10.3
6067,32.922171,-117.191908,3560.3,64.8,0.0,106,0,,,False,7.7
6069,32.922164,-117.191909,3560.8,64.8,0.083,106,0,,,False,3.8
6072,32.922143,-117.191898,3563.4,64.6,0.62,105,0,,,True,12.2
6077,32.922128,-117.191908,3565.2,65.0,0.55,109,0,,,True,2.0
6079,32.922128,-117.191908,3565.2,65.0,0.257,112,0,,,False,6.1
6085,32.922128,-117.191908,3565.2,65.2,0.0,110,0,,,False,0.0
6091,32.922128,-117.191908,3565.2,65.0,0.0,107,0,,,False,-1.8
6097,32.922128,-117.191908,3565.2,65.0,0.0,107,0,,,False,-3.7
6104,32.922135,-117.191901,3565.2,65.2,0.0,107,0,,,False,-1.9
6106,32.922115,-117.191885,3567.9,64.8,0.3,108,0,,,True,-6.7
6109,32.922096,-117.191888,3570.1,64.6,0.98,106,0,,,True,-2.2
6118,32.922096,-117.191888,3570.1,64.6,0.183,107,0,,,False,-5.9
6123,32.922096,-117.191888,3570.1,64.6,0.0,110,0,,,False,-18.4
6127,32.922096,-117.191888,3570.1,64.8,0.0,109,0,,,False,-20.7
6134,32.922095,-117.191914,3570.2,65.0,0.009,108,0,,,False,-20.7
6137,32.922086,-117.191917,3571.2,64.6,0.11,103,0,,,True,-16.1
6138,32.922095,-117.191914,3571.2,64.4,0.1,102,0,,,False,-13.8
6139,32.922095,-117.191914,3571.2,64.2,0.2,102,0,,,False,-20.7
6144,32.922079,-117.191916,3571.4,64.2,0.033,104,0,,,False,-16.1
6150,32.922078,-117.191913,3572.7,64.4,0.136,107,0,,,False,-21.1
6151,32.922079,-117.191911,3572.9,64.2,0.214,107,0,,,False,-36.8
6153,32.922083,-117.191922,3573.6,64.0,0.244,107,0,,,True,-26.3
6155,32.922089,-117.191904,3573.9,63.4,0.24,108,0,,,False,-20.0
6157,32.922089,-117.191904,3573.9,63.2,0.167,108,0,,,False,-23.1
6160,32.922089,-117.191904,3573.9,63.2,0.0,105,0,,,False,-16.0
6162,32.922089,-117.191904,3573.9,63.2,0.0,101,0,,,False,-16.0
6164,32.922089,-117.191904,3573.9,63.2,0.0,98,0,,,False,-18.0
6167,32.922089,-117.191904,3573.9,63.6,0.0,95,0,,,False,0.0
6169,32.922089,-117.191904,3573.9,63.8,0.0,93,0,,,False,6.7
6171,32.922089,-117.191904,3573.9,63.6,0.0,88,0,,,False,-7.0
6173,32.922089,-117.191904,3573.9,63.2,0.0,84,0,,,False,-6.9
6175,32.922089,-117.191904,3573.9,63.2,0.0,83,0,,,False,-5.3
6179,32.922093,-117.19191,3573.9,63.6,0.0,87,0,,,False,1.9
6181,32.922112,-117.19188,3576.9,63.4,0.5,90,0,,,True,3.8
6182,32.922112,-117.191875,3577.4,63.2,0.5,94,0,,,True,3.8
6183,32.922101,-117.191865,3577.4,63.0,0.438,94,0,,,False,-1.9
6185,32.9221,-117.191871,3577.9,62.8,0.667,95,0,,,False,3.8
6195,32.9221,-117.191871,3577.9,62.8,0.042,96,0,,,False,0.0
6202,32.922085,-117.191906,3578.3,63.2,0.024,96,0,,,False,2.7
6206,32.922083,-117.191886,3580.1,63.0,0.2,96,0,,,True,8.1
6207,32.922081,-117.191876,3580.6,63.0,0.46,96,0,,,True,8.7
6212,32.922058,-117.191888,3582.6,63.4,0.417,96,0,,,True,4.8
6215,32.922051,-117.191898,3584.3,63.6,0.463,95,0,,,True,6.7
6216,32.922048,-117.191897,3584.3,63.6,0.411,88,0,,,False,10.4
6217,32.922046,-117.191899,3584.3,63.6,0.34,88,0,,,False,7.2
6222,32.922046,-117.191899,3584.3,64.0,0.0,91,0,,,False,13.0
6223,32.922046,-117.191899,3584.3,64.0,0.0,91,0,,,False,12.0
6224,32.922046,-117.191899,3584.3,64.2,0.0,92,0,,,False,12.0
6225,32.922063,-117.191892,3586.1,64.2,0.225,92,0,,,True,13.0
6226,32.922057,-117.191888,3586.4,64.2,0.233,92,0,,,True,10.2
6231,32.922087,-117.191892,3589.4,64.0,0.55,96,0,,,True,10.2
6233,32.922096,-117.191901,3590.9,64.4,0.643,101,0,,,True,8.2
6234,32.922097,-117.191905,3590.9,64.4,0.563,105,0,,,False,7.2
6235,32.922092,-117.191906,3590.9,64.4,0.5,108,0,,,False,3.7
6237,32.922092,-117.191906,3590.9,64.4,0.25,110,0,,,False,3.7
6243,32.922092,-117.191906,3591.8,64.6,0.113,110,0,,,False,0.0
6251,32.922092,-117.191906,3591.8,64.6,0.064,111,0,,,False,-1.6
6257,32.922092,-117.191906,3591.8,64.4,0.0,108,0,,,False,-1.6
6260,32.922092,-117.191906,3592.4,64.4,0.067,106,0,,,False,0.0
6268,32.922092,-117.191906,3592.4,64.4,0.055,109,0,,,False,0.0
6269,32.922092,-117.191906,3592.4,64.4,0.0,108,0,,,False,0.0
6278,32.922092,-117.191906,3592.4,64.2,0.0,111,0,,,False,0.0
6279,32.922092,-117.191906,3592.4,64.2,0.0,110,0,,,False,-5.6
6283,32.922081,-117.191893,3593.7,64.2,0.26,109,0,,,True,-9.4
6284,32.922073,-117.191878,3595.1,64.0,0.54,108,0,,,True,-9.7
6291,32.92205,-117.191893,3598.6,64.0,0.613,107,0,,,True,-3.2
6296,32.92205,-117.191893,3598.6,64.0,0.292,104,0,,,False,-10.7
6298,32.92205,-117.191893,3598.6,64.0,0.0,100,0,,,False,-10.7
6299,32.92205,-117.191893,3598.6,64.0,0.0,97,0,,,False,-8.9
6300,32.92205,-117.191893,3598.6,64.0,0.0,95,0,,,False,-6.1
6303,32.92205,-117.191893,3598.6,63.8,0.0,92,0,,,False,-8.1
6312,32.92205,-117.191893,3598.6,64.0,0.0,93,0,,,False,-10.1
6318,32.92205,-117.191893,3598.6,64.2,0.0,97,0,,,False,-16.0
6319,32.922051,-117.191878,3599.1,64.0,0.071,97,0,,,True,-16.0
6324,32.922012,-117.191895,3603.6,63.2,0.833,100,0,,,True,-16.0
6325,32.922012,-117.191895,3603.6,63.4,0.75,103,0,,,False,-9.3
6328,32.922012,-117.191895,3603.6,63.6,0.5,106,0,,,False,-9.3
6335,32.922012,-117.191895,3603.6,63.6,0.0,107,0,,,False,-9.3
6342,32.922012,-117.191895,3603.6,63.4,0.0,110,0,,,False,-9.8
6344,32.922012,-117.191895,3603.6,63.2,0.0,110,0,,,False,-7.0
6345,32.922012,-117.191895,3603.6,63.2,0.0,109,0,,,False,-8.3
6348,32.921994,-117.191878,3605.8,63.0,0.367,106,0,,,True,-12.0
6349,32.921983,-117.191877,3607.1,63.0,0.7,105,0,,,True,-14.0
6356,32.921968,-117.191899,3609.3,63.0,0.438,106,0,,,True,-16.0
6362,32.921968,-117.191899,3609.3,62.8,0.169,103,0,,,False,-12.0
6369,32.921968,-117.191899,3609.3,62.8,0.0,106,0,,,False,-12.8
6372,32.921968,-117.191899,3609.3,62.8,0.0,103,0,,,False,-7.7
6374,32.921952,-117.191882,3610.8,62.6,0.3,99,0,,,True,-9.2
6375,32.921939,-117.191884,3612.3,62.6,0.5,96,0,,,True,-9.7
6377,32.921927,-117.191886,3613.6,62.0,0.86,95,0,,,True,-12.4
6380,32.921928,-117.191884,3613.6,62.0,0.26,95,0,,,False,-12.0
6387,32.921928,-117.191884,3613.6,62.4,0.0,99,0,,,False,-10.3
6389,32.921928,-117.191884,3613.6,62.4,0.0,96,0,,,False,-9.8
6391,32.921928,-117.191884,3613.6,62.4,0.0,97,0,,,False,-8.4
6395,32.92192,-117.191884,3614.5,62.2,0.15,101,0,,,False,0.0
6396,32.921905,-117.191886,3616.1,62.0,0.5,102,0,,,True,0.0
6399,32.921898,-117.191916,3618.4,61.6,0.6,101,0,,,True,7.3
6401,32.921922,-117.191911,3621.0,61.6,0.98,101,0,,,True,4.9
6402,32.921929,-117.191913,3621.8,61.6,0.95,101,0,,,True,3.9
6403,32.921927,-117.191911,3621.8,61.8,0.814,104,0,,,False,0.0
6405,32.921927,-117.191911,3621.8,62.2,0.567,108,0,,,False,0.0
6407,32.921927,-117.191911,3621.8,62.6,0.0,108,0,,,False,0.0
6409,32.921927,-117.191911,3621.8,62.6,0.0,101,0,,,False,5.0
6418,32.921927,-117.191911,3621.8,62.6,0.0,98,0,,,False,7.5
6419,32.921927,-117.191911,3621.8,62.6,0.0,99,0,,,False,1.8
6430,32.921927,-117.191911,3621.8,62.4,0.0,99,0,,,False,-1.7
6440,32.921924,-117.191902,3622.5,62.2,0.033,102,0,,,False,-3.6
6441,32.921911,-117.191906,3623.9,62.4,0.191,102,0,,,True,-10.8
6445,32.921894,-117.191922,3626.4,62.2,0.78,104,0,,,True,-10.8
6449,32.921894,-117.191922,3626.4,62.0,0.313,107,0,,,False,-9.0
6453,32.921894,-117.191922,3626.4,62.2,0.0,109,0,,,False,-6.7
6456,32.921894,-117.191922,3626.4,62.2,0.0,110,0,,,False,-10.3
6459,32.921864,-117.191913,3629.7,61.8,0.55,110,0,,,True,-14.4
6464,32.92184,-117.191931,3632.9,61.4,0.813,108,0,,,True,-7.5
6473,32.92184,-117.191931,3632.9,61.8,0.229,107,0,,,False,-14.1
6474,32.92184,-117.191931,3632.9,61.6,0.0,105,0,,,False,-14.1
6476,32.921837,-117.191922,3633.6,61.4,0.058,102,0,,,True,-6.7
6478,32.92184,-117.191931,3633.6,61.2,0.14,99,0,,,False,-6.3
6480,32.921838,-117.191924,3633.6,61.0,0.117,99,0,,,False,-7.5
6481,32.921836,-117.191925,3633.6,61.0,0.0,99,0,,,False,-7.5
6486,32.921819,-117.191924,3634.6,61.6,0.167,99,0,,,False,-6.6
6491,32.921817,-117.191926,3634.9,61.0,0.13,100,0,,,False,-7.6
6498,32.921817,-117.191926,3634.9,61.0,0.025,100,0,,,False,-7.8
6500,32.921817,-117.191926,3634.9,61.0,0.0,103,73,,,False,-9.8
6502,32.921814,-117.191962,3635.4,61.2,0.045,106,73,,,False,-11.2
6506,32.921813,-117.191967,3635.4,61.6,0.083,109,0,,,False,-8.0
6507,32.921813,-117.191967,3635.4,61.6,0.0,111,0,,,False,-13.9
6514,32.921813,-117.191967,3636.0,61.6,0.075,109,0,,,False,-8.9
6519,32.921808,-117.191959,3637.1,61.4,0.142,106,0,,,False,-11.2
6520,32.921793,-117.191953,3638.8,61.2,0.467,105,0,,,True,-15.0
6521,32.921779,-117.191955,3640.2,61.0,0.6,103,0,,,True,-13.2
6524,32.921773,-117.19199,3643.1,60.6,1.2,104,0,,,True,-13.5
6530,32.921764,-117.191956,3646.1,60.0,0.656,106,0,,,True,-1.9
6535,32.921757,-117.191986,3649.2,59.8,0.555,108,0,,,True,-2.1
6543,32.921764,-117.192003,3650.9,60.8,0.369,108,0,,,False,-10.4
6553,32.921764,-117.192003,3650.9,60.8,0.094,107,0,,,False,0.0
6559,32.921754,-117.191984,3652.6,60.4,0.106,107,0,,,False,-3.9
6564,32.921734,-117.191997,3654.6,59.4,0.336,109,0,,,True,-8.0
6572,32.921734,-117.191997,3654.6,59.6,0.154,107,0,,,False,-5.3
6581,32.921734,-117.191997,3654.6,60.0,0.0,109,0,,,False,-2.7
6585,32.921726,-117.191993,3655.4,59.8,0.062,111,0,,,False,-5.3
6586,32.921717,-117.191999,3656.4,59.6,0.36,110,0,,,True,-7.1
6590,32.921715,-117.192004,3656.7,59.2,0.26,107,0,,,False,-9.3
6592,32.921715,-117.192004,3656.7,59.2,0.05,108,0,,,False,-25.5
6603,32.921715,-117.192004,3656.7,59.4,0.0,101,0,,,False,-24.3
6604,32.921715,-117.192004,3656.7,59.4,0.0,97,0,,,False,-19.0
6608,32.921715,-117.192004,3656.7,59.6,0.0,93,0,,,False,-21.0
6609,32.921715,-117.192004,3656.7,59.4,0.0,90,0,,,False,-23.6
6623,32.921715,-117.192004,3656.7,59.4,0.0,95,0,,,False,-24.0
6624,32.921715,-117.192004,3656.7,59.4,0.0,98,0,,,False,-21.0
6625,32.92171,-117.192012,3657.6,59.2,0.056,98,0,,,True,-22.6
6628,32.921698,-117.192036,3660.0,58.8,0.66,98,0,,,True,-24.2
6634,32.921695,-117.192039,3661.1,58.2,0.389,98,0,,,False,-22.6
6637,32.92167,-117.19204,3663.3,57.8,0.367,97,0,,,True,-22.6
6638,32.921657,-117.192052,3665.1,57.4,0.51,99,0,,,True,-18.5
6639,32.921645,-117.192056,3666.4,57.2,1.06,105,0,,,True,-15.8
6642,32.921627,-117.192077,3669.1,56.6,1.16,106,97,,,True,-8.8
6643,32.921625,-117.192079,3669.4,56.6,0.86,106,97,,,True,-6.8
6645,32.921618,-117.192076,3670.8,56.8,0.733,108,0,,,True,6.2
6647,32.921622,-117.192076,3671.2,56.6,0.42,108,0,,,False,6.3
6653,32.921672,-117.192066,3676.9,56.6,0.762,106,0,,,True,8.8
6658,32.921698,-117.192024,3682.1,57.4,0.991,107,0,,,True,8.9
6660,32.921694,-117.192036,3682.1,57.8,0.743,108,0,,,False,18.2
6664,32.921697,-117.192043,3682.4,57.6,0.05,105,0,,,False,18.2
6666,32.921697,-117.192043,3682.4,57.6,0.05,101,0,,,False,18.2
6670,32.921697,-117.192043,3682.4,57.6,0.0,98,0,,,False,18.2
6672,32.921697,-117.192043,3682.4,57.6,0.0,101,0,,,False,32.7
6673,32.921697,-117.192043,3682.4,57.6,0.0,105,0,,,False,32.7
6674,32.921697,-117.192043,3682.4,57.6,0.0,106,0,,,False,0.0
6680,32.921697,-117.192043,3682.4,57.6,0.0,106,0,,,False,0.0
6685,32.921697,-117.192043,3682.4,57.4,0.0,103,0,,,False,0.0
6688,32.921697,-117.192043,3682.4,57.6,0.0,98,0,,,False,0.0
6689,32.921697,-117.192043,3682.4,57.6,0.0,95,0,,,False,0.0
6695,32.921697,-117.192043,3682.4,58.4,0.0,94,0,,,False,42.9
6699,32.921697,-117.192043,3682.4,58.4,0.0,97,0,,,False,-5.6
6702,32.921697,-117.192043,3682.4,58.4,0.0,99,0,,,False,-5.3
6704,32.921697,-117.192043,3682.4,58.4,0.0,102,0,,,False,-5.3
6706,32.921697,-117.192043,3682.4,58.4,0.0,106,0,,,False,-5.3
6708,32.921709,-117.19204,3683.8,58.2,0.233,107,0,,,True,-5.3
6709,32.921703,-117.192028,3684.0,58.2,0.32,106,0,,,False,-15.8
6713,32.921661,-117.192027,3688.5,57.8,0.94,105,0,,,True,-15.4
6719,32.921653,-117.192044,3690.0,57.6,0.6,106,0,,,False,-15.4
6727,32.921653,-117.192044,3690.0,57.6,0.107,108,0,,,False,-15.4
6734,32.921653,-117.192044,3690.0,57.2,0.0,111,0,,,False,-15.4
6743,32.921653,-117.192044,3690.0,57.6,0.0,111,0,,,False,-18.7
6750,32.921653,-117.192044,3690.0,57.4,0.0,113,0,,,False,-20.8
6756,32.921653,-117.192044,3690.0,57.2,0.0,109,0,,,False,-15.6
6761,32.92163,-117.192068,3692.8,56.8,0.255,109,0,,,True,-15.6
6763,32.921625,-117.192079,3694.2,56.6,0.6,110,0,,,True,-16.1
6766,32.92161,-117.192091,3696.0,56.4,0.64,113,60,,,True,-24.1
6776,32.921611,-117.192091,3696.2,56.2,0.154,110,0,,,False,-24.1
6777,32.921611,-117.192091,3696.2,56.2,0.018,108,0,,,False,-26.5
6784,32.921611,-117.192091,3696.2,56.6,0.0,105,0,,,False,-26.5
6787,32.921611,-117.192091,3696.2,56.6,0.0,101,0,,,False,-18.8
6788,32.921611,-117.192091,3696.2,56.8,0.0,102,0,,,False,-16.4
6796,32.921611,-117.192091,3696.2,56.6,0.0,104,0,,,False,-16.8
6800,32.921611,-117.192091,3696.8,55.8,0.05,107,0,,,False,-16.8
6801,32.921611,-117.192091,3696.8,55.6,0.12,110,0,,,False,-16.8
6802,32.921611,-117.192091,3696.8,55.8,0.1,114,0,,,False,-15.7
6803,32.921611,-117.192091,3696.8,55.8,0.086,114,0,,,False,-15.7
6811,32.921611,-117.192091,3696.8,56.0,0.0,111,0,,,False,-20.0
6813,32.921611,-117.192091,3696.8,55.8,0.0,111,0,,,False,-21.4
6818,32.921611,-117.192091,3696.8,55.8,0.0,108,0,,,False,-19.8
6822,32.921619,-117.192085,3696.9,55.6,0.011,107,0,,,False,-23.8
6828,32.921612,-117.192085,3697.9,55.0,0.11,108,68,,,False,-23.8
6833,32.921598,-117.192081,3698.1,55.2,0.109,108,0,,,False,-16.8
6838,32.921598,-117.192081,3698.1,55.4,0.02,111,0,,,False,-21.1
6841,32.921598,-117.192081,3698.1,56.0,0.0,112,0,,,False,-16.8
6845,32.921604,-117.19211,3700.7,55.8,0.371,109,0,,,True,-18.9
6846,32.921604,-117.19211,3700.7,55.6,0.52,109,0,,,False,-17.8
6853,32.921595,-117.192101,3701.7,55.4,0.125,108,0,,,False,-17.8
6854,32.921584,-117.192104,3703.0,55.2,0.288,109,0,,,True,-16.0
6857,32.921563,-117.192114,3705.2,54.4,0.409,109,0,,,True,-20.0
6860,32.921554,-117.192111,3706.3,54.2,0.55,110,0,,,True,-20.5
6867,32.921554,-117.192111,3706.3,54.4,0.11,111,0,,,False,-22.6
6873,32.921554,-117.192111,3706.3,54.2,0.0,110,0,,,False,-29.6
6878,32.921554,-117.192111,3706.3,53.6,0.0,113,0,,,False,-37.1
6880,32.921554,-117.192111,3706.3,53.8,0.0,116,0,,,False,-29.1
6881,32.921554,-117.192111,3706.3,54.0,0.0,116,0,,,False,-23.7
6888,32.921554,-117.192111,3706.9,54.0,0.075,112,0,,,False,-20.9
6889,32.921554,-117.192111,3706.9,53.6,0.075,108,0,,,False,-17.5
6891,32.921554,-117.192111,3706.9,53.2,0.06,106,0,,,False,-19.6
6895,32.92156,-117.192099,3707.6,53.0,0.117,106,0,,,False,-19.8
6902,32.921553,-117.192072,3709.6,52.6,0.245,105,0,,,False,-19.8
6906,32.921553,-117.192072,3709.6,52.4,0.182,100,0,,,False,-15.8
6907,32.921546,-117.192073,3710.4,52.2,0.16,98,0,,,True,-12.6
6911,32.921539,-117.1921,3711.0,52.8,0.28,96,0,,,False,-10.5
6913,32.921539,-117.1921,3711.0,53.2,0.1,106,0,,,False,-13.3
6916,32.921522,-117.192117,3713.2,53.0,0.44,109,0,,,True,-9.5
6917,32.921522,-117.192117,3713.2,53.0,0.367,109,0,,,False,-5.3
6922,32.921534,-117.192105,3713.5,52.2,0.05,109,55,,,False,-2.2
6927,32.92153,-117.192131,3716.4,52.2,0.32,109,0,,,True,-2.1
6930,32.921522,-117.192117,3716.4,52.8,0.363,106,0,,,False,0.0
6932,32.921525,-117.192118,3716.4,53.0,0.0,102,0,,,False,4.3
6933,32.921524,-117.192116,3716.4,53.0,0.0,100,0,,,False,0.0
6935,32.921522,-117.192117,3716.6,53.0,0.04,97,0,,,False,-10.0
6939,32.921519,-117.192116,3717.4,52.6,0.167,97,0,,,False,-17.5
6943,32.921509,-117.192115,3718.9,52.4,0.288,100,0,,,True,2.2
6944,32.921505,-117.192114,3718.9,52.4,0.3,101,0,,,False,0.0
6946,32.921508,-117.192115,3719.2,52.6,0.257,104,0,,,False,7.8
6949,32.921508,-117.192115,3719.3,52.4,0.08,104,0,,,False,8.2
6953,32.921508,-117.192115,3719.7,52.6,0.071,107,0,,,False,8.2
6954,32.921508,-117.19212,3719.7,52.6,0.08,108,0,,,False,8.2
6956,32.921515,-117.192109,3721.0,52.2,0.243,110,0,,,True,11.0
6958,32.921522,-117.192095,3721.2,51.6,0.3,111,0,,,False,2.6
6959,32.921525,-117.192093,3721.2,51.6,0.3,112,0,,,False,12.8
6962,32.92154,-117.192098,3722.2,52.6,0.2,114,0,,,True,14.9
6964,32.92154,-117.192098,3722.2,53.2,0.2,114,0,,,False,8.0
6967,32.921526,-117.192091,3723.7,53.0,0.3,114,0,,,True,0.0
6977,32.921526,-117.192091,3723.7,52.8,0.115,115,0,,,False,0.0
6986,32.921526,-117.192091,3723.7,52.8,0.0,117,0,,,False,-3.2
6987,32.921526,-117.192091,3723.7,52.8,0.0,120,0,,,False,2.0
6990,32.921526,-117.192091,3723.7,52.8,0.0,123,0,,,False,1.9
6994,32.921526,-117.192091,3723.7,52.8,0.0,123,0,,,False,1.9
6996,32.921526,-117.192091,3723.7,52.8,0.0,117,0,,,False,2.0
7000,32.921526,-117.192091,3723.7,53.0,0.0,121,0,,,False,2.0
7002,32.921526,-117.192091,3723.7,53.0,0.0,126,0,,,False,3.9
7004,32.921526,-117.192091,3723.7,52.6,0.0,129,0,,,False,10.0
7006,32.921535,-117.192108,3724.0,52.4,0.05,132,0,,,False,-5.0
7008,32.921541,-117.192115,3724.9,52.8,0.2,132,0,,,True,-10.0
7010,32.92155,-117.192118,3725.8,53.4,0.35,132,0,,,True,-7.6
7016,32.92155,-117.192118,3725.8,53.6,0.113,129,0,,,False,-7.6
7018,32.92155,-117.192118,3725.8,53.6,0.0,125,0,,,False,-7.6
7022,32.92155,-117.192118,3726.4,53.0,0.1,122,0,,,False,-9.5
7026,32.92155,-117.192118,3726.4,53.0,0.075,123,0,,,False,-5.7
7034,32.921527,-117.192091,3729.1,52.6,0.225,123,0,,,True,-7.8
7041,32.921527,-117.192091,3729.5,52.8,0.207,122,0,,,False,-21.0
7043,32.921528,-117.192084,3729.5,52.8,0.044,122,0,,,False,-22.9
7045,32.921519,-117.192099,3729.9,52.8,0.073,122,0,,,False,-15.7
7049,32.921523,-117.192109,3731.2,52.6,0.283,121,0,,,True,-15.7
7050,32.921516,-117.192111,3731.9,52.4,0.4,121,0,,,True,0.0
7052,32.921498,-117.192113,3734.2,52.0,0.614,122,0,,,True,-1.9
7054,32.921488,-117.192116,3735.2,52.0,0.8,123,0,,,True,-2.0
7060,32.921482,-117.192115,3736.3,51.2,0.263,123,67,,,False,-6.0
7063,32.921497,-117.192119,3737.9,51.2,0.3,123,58,,,True,-14.3
7064,32.921511,-117.192123,3738.8,51.4,0.36,122,58,,,True,-10.2
7069,32.921516,-117.192123,3740.1,52.6,0.367,120,0,,,False,-15.8
7075,32.921497,-117.192112,3741.2,52.0,0.218,118,0,,,False,-16.0
7079,32.921492,-117.192106,3741.7,51.2,0.16,115,0,,,False,-8.5
7080,32.921492,-117.192106,3741.7,51.0,0.1,115,0,,,False,-8.5
7081,32.921492,-117.192106,3741.7,51.0,0.083,115,0,,,False,-10.6
7089,32.921492,-117.192106,3741.7,51.4,0.0,116,0,,,False,-8.5
7094,32.921464,-117.19209,3743.3,50.6,0.123,115,0,,,True,-3.1
7098,32.921457,-117.192099,3744.2,50.4,0.278,119,0,,,False,-5.7
7100,32.921457,-117.192099,3744.2,50.6,0.15,123,74,,,False,-19.1
7108,32.921457,-117.192099,3744.6,51.2,0.04,119,0,,,False,-17.5
7110,32.921457,-117.192099,3744.6,51.4,0.04,122,0,,,False,-13.9
7115,32.921457,-117.192099,3744.6,51.2,0.0,121,0,,,False,-5.5
7118,32.921457,-117.192099,3744.6,51.2,0.0,117,0,,,False,-9.1
7120,32.921457,-117.192099,3744.6,51.0,0.0,114,0,,,False,0.0
7124,32.921466,-117.192122,3744.7,51.2,0.017,113,0,,,False,0.0
7130,32.921422,-117.192099,3749.4,50.8,0.48,112,0,,,True,-8.0
7135,32.921423,-117.192094,3749.4,50.8,0.427,114,0,,,False,-6.0
7142,32.921408,-117.192105,3749.5,50.8,0.008,113,0,,,False,-7.5
7148,32.921408,-117.192105,3749.5,50.8,0.008,113,0,,,False,-6.8
7154,32.921378,-117.192086,3752.7,50.4,0.267,113,0,,,True,-8.1
7162,32.921361,-117.192108,3754.6,50.6,0.364,114,58,,,False,-14.8
7168,32.921355,-117.192108,3755.3,50.4,0.186,111,0,,,False,-20.7
7170,32.921355,-117.192108,3755.3,50.4,0.088,112,0,,,False,-16.1
7171,32.921355,-117.192108,3755.3,50.4,0.078,117,0,,,False,-16.5
7172,32.921341,-117.192094,3756.8,50.2,0.22,121,0,,,True,-16.1
7173,32.921334,-117.192088,3757.5,50.0,0.44,122,0,,,True,-16.2
7174,32.921334,-117.192086,3757.5,49.6,0.367,124,58,,,False,-18.4
7177,32.921329,-117.192087,3758.1,49.0,0.26,117,0,,,False,-17.3
7178,32.921334,-117.192086,3758.1,49.0,0.12,108,0,,,False,-23.5
7182,32.921334,-117.192086,3758.1,49.2,0.0,105,0,,,False,-21.0
7183,32.921334,-117.192086,3758.1,49.4,0.0,105,0,,,False,-20.7
7187,32.921334,-117.192086,3758.1,49.4,0.0,108,0,,,False,-20.7
7189,32.921325,-117.192085,3759.1,49.2,0.167,109,0,,,True,-21.8
7192,32.921313,-117.192091,3760.6,49.0,0.5,110,0,,,True,-20.8
7194,32.921296,-117.192087,3762.5,48.6,0.68,110,55,,,True,-17.0
7200,32.921291,-117.192095,3763.1,48.6,0.313,107,0,,,False,-12.0
7201,32.921291,-117.192095,3763.1,48.6,0.086,106,0,,,False,-16.0
7205,32.921291,-117.192095,3763.1,48.6,0.0,109,0,,,False,-15.1
7211,32.921291,-117.192095,3763.1,48.6,0.0,109,0,,,False,-10.8
7216,32.921276,-117.19209,3765.1,48.4,0.182,107,0,,,True,-11.5
7220,32.921261,-117.1921,3766.9,48.0,0.422,110,0,,,True,-11.2
7221,32.921261,-117.1921,3766.9,48.2,0.36,110,0,,,False,-8.9
7230,32.921249,-117.192099,3768.1,47.8,0.12,111,0,,,False,-8.9
7232,32.921246,-117.192098,3768.4,47.8,0.136,111,0,,,False,-12.2
7235,32.921246,-117.192098,3768.4,48.0,0.06,114,0,,,False,-12.8
7241,32.921246,-117.192098,3768.4,48.2,0.0,115,0,,,False,-12.8
7245,32.921246,-117.192098,3768.4,48.0,0.0,114,0,,,False,-14.2
7247,32.92122,-117.192091,3771.3,47.8,0.483,113,0,,,True,-16.5
7253,32.921219,-117.192093,3771.5,47.6,0.387,113,0,,,False,-12.4
7256,32.921219,-117.192093,3771.5,47.8,0.022,110,0,,,False,-9.1
7260,32.921219,-117.192093,3771.5,48.0,0.0,111,0,,,False,-10.4
7268,32.921219,-117.192093,3771.5,47.8,0.0,111,0,,,False,-8.6
7270,32.921219,-117.192093,3771.5,47.6,0.0,109,0,,,False,-11.5
7273,32.921194,-117.192088,3774.0,47.2,0.5,110,0,,,True,-10.9
7275,32.921172,-117.192092,3776.4,46.8,0.98,111,0,,,True,-11.1
7279,32.921172,-117.192095,3776.6,46.4,0.433,110,0,,,False,-11.1
7289,32.921172,-117.192095,3776.6,46.8,0.014,109,0,,,False,-7.2
7292,32.921172,-117.192095,3776.6,46.8,0.0,106,0,,,False,-7.9
7296,32.921172,-117.192095,3776.6,47.0,0.0,105,0,,,False,-5.9
7302,32.921122,-117.192109,3782.3,46.6,0.57,110,0,,,True,-6.0
7309,32.921122,-117.192109,3782.3,46.6,0.438,109,0,,,False,-8.0
7313,32.921122,-117.192109,3782.3,46.6,0.0,107,0,,,False,-18.9
7316,32.921084,-117.192085,3786.6,46.2,0.614,105,0,,,True,-19.7
7321,32.921076,-117.192101,3787.6,45.8,0.662,104,0,,,False,-20.2
7327,32.921076,-117.192101,3787.6,45.6,0.091,105,0,,,False,-18.3
7329,32.921076,-117.192101,3787.6,45.6,0.0,106,0,,,False,-18.3
7332,32.921076,-117.192101,3788.4,45.4,0.16,110,0,,,False,-27.3
7334,32.92107,-117.192083,3789.4,45.0,0.36,113,0,,,True,-25.0
7336,32.921049,-117.192094,3792.2,44.6,0.657,114,0,,,True,-24.8
7338,32.921032,-117.192103,3794.3,44.4,0.983,117,0,,,True,-22.4
7344,32.921032,-117.192098,3795.4,44.2,0.4,114,0,,,False,-20.6
7351,32.921032,-117.192098,3795.4,43.8,0.085,111,0,,,False,-20.2
7352,32.921032,-117.192098,3795.4,43.6,0.0,109,0,,,False,-18.3
7357,32.921019,-117.192114,3795.4,44.0,0.0,107,94,,,False,-16.3
7361,32.921019,-117.192113,3796.0,43.8,0.067,107,0,,,False,-12.2
7362,32.921012,-117.192102,3797.1,43.6,0.34,107,0,,,True,-12.2
7363,32.921001,-117.192097,3798.3,43.4,0.483,106,0,,,True,-13.0
7366,32.920977,-117.192106,3800.3,43.0,0.86,105,0,,,True,-14.1
7368,32.920977,-117.192106,3800.3,42.8,0.4,108,54,,,False,-16.4
7371,32.920971,-117.192123,3802.0,43.0,0.34,111,51,,,True,-18.7
7372,32.920972,-117.192123,3802.0,43.2,0.283,114,0,,,False,-13.1
7373,32.920975,-117.192124,3802.0,43.4,0.34,117,0,,,False,-15.8
7374,32.920975,-117.192124,3802.0,43.4,0.283,131,0,,,False,-13.3
7375,32.920975,-117.192124,3802.0,43.4,0.243,134,0,,,False,-8.9
7377,32.920975,-117.192124,3802.0,43.2,0.0,137,0,,,False,-11.1
7378,32.920968,-117.19211,3803.0,43.2,0.2,135,0,,,True,-13.3
7379,32.920958,-117.1921,3804.2,43.0,0.44,132,0,,,True,-14.6
7381,32.920948,-117.192099,3805.3,42.6,0.55,131,0,,,True,-14.6
7384,32.920947,-117.192105,3806.1,42.2,0.38,129,0,,,False,-19.5
7387,32.920947,-117.192105,3806.1,42.4,0.133,123,0,,,False,-15.1
7388,32.920947,-117.192105,3806.1,42.4,0.114,120,0,,,False,-17.2
7389,32.920947,-117.192105,3806.1,42.4,0.0,120,0,,,False,-14.5
7391,32.920947,-117.192105,3806.1,42.8,0.0,115,0,,,False,-16.4
7392,32.920947,-117.192105,3806.1,42.6,0.0,112,0,,,False,-18.2
7393,32.920947,-117.192105,3806.1,42.6,0.0,110,0,,,False,-16.4
7400,32.920947,-117.192105,3806.1,42.4,0.0,107,0,,,False,-15.9
7401,32.920947,-117.192105,3806.1,42.4,0.0,106,0,,,False,-14.5
7408,32.920907,-117.192101,3810.7,42.0,0.575,105,0,,,True,-14.5
7409,32.920906,-117.192103,3810.7,41.8,0.575,106,0,,,False,-9.8
7411,32.920901,-117.192102,3811.3,41.6,0.52,109,0,,,True,-9.8
7412,32.920901,-117.192102,3811.3,41.6,0.473,111,0,,,False,-11.5
7413,32.920901,-117.192102,3811.3,41.6,0.12,116,0,,,False,-9.8
7414,32.920901,-117.192102,3811.3,41.4,0.12,115,0,,,False,-2.6
7415,32.920901,-117.192102,3811.3,41.4,0.1,115,66,,,False,0.0
7423,32.920891,-117.192119,3813.0,41.4,0.189,116,103,,,False,-5.6
7428,32.920889,-117.192123,3813.0,41.6,0.131,115,0,,,False,-2.0
7429,32.920883,-117.192114,3813.9,41.4,0.15,114,0,,,True,-2.0
7434,32.920843,-117.192113,3818.3,41.2,0.883,116,0,,,True,0.0
7442,32.920845,-117.192112,3818.3,41.8,0.338,115,0,,,False,2.4
7449,32.920845,-117.192112,3818.3,41.8,0.0,110,0,,,False,-1.8
7451,32.920845,-117.192112,3819.0,42.0,0.078,109,0,,,True,-3.7
7458,32.920831,-117.192102,3821.4,41.4,0.344,107,0,,,True,-3.9
7460,32.920831,-117.192102,3821.4,41.2,0.267,111,0,,,False,-9.8
7466,32.920831,-117.192102,3821.4,41.6,0.0,112,0,,,False,-11.2
7471,32.920831,-117.192102,3821.4,41.2,0.0,114,0,,,False,-4.7
7473,32.920809,-117.192097,3823.9,41.2,0.357,113,0,,,True,-2.3
7476,32.920769,-117.192115,3828.5,40.8,1.42,118,53,,,True,-4.3
7479,32.920759,-117.192118,3829.7,40.8,0.967,122,53,,,True,-7.0
7483,32.920761,-117.192121,3830.0,41.0,0.214,125,59,,,False,-8.8
7487,32.920763,-117.19212,3830.1,41.2,0.05,126,0,,,False,-10.9
7489,32.920763,-117.19212,3830.1,41.2,0.017,121,0,,,False,-19.6
7491,32.920763,-117.19212,3830.1,41.0,0.012,117,0,,,False,-14.5
7493,32.920764,-117.192105,3830.6,41.0,0.083,114,0,,,False,-13.5
7497,32.920748,-117.192089,3832.8,40.6,0.45,112,0,,,True,-19.6
7500,32.920747,-117.192085,3833.1,40.2,0.357,115,0,,,False,-21.7
7507,32.920748,-117.192089,3833.1,40.0,0.03,116,0,,,False,-22.7
7515,32.920748,-117.192089,3833.1,39.4,0.0,113,0,,,False,-18.7
7516,32.920746,-117.19209,3833.3,39.4,0.022,110,0,,,False,-23.3
7520,32.920714,-117.192075,3837.7,39.2,0.92,109,0,,,True,-21.4
7526,32.920704,-117.192063,3838.9,39.4,0.56,111,0,,,False,-21.0
7532,32.920706,-117.192058,3838.9,39.0,0.1,109,0,,,False,-18.9
7538,32.920708,-117.192058,3838.9,38.8,0.0,112,0,,,False,-8.8
7539,32.920711,-117.192057,3838.9,38.8,0.0,111,0,,,False,-5.5
7545,32.920722,-117.192074,3838.9,38.4,0.0,112,0,,,False,1.8
7548,32.920715,-117.192096,3839.4,38.6,0.056,113,0,,,False,8.5
7551,32.920724,-117.192098,3840.4,38.8,0.25,119,0,,,True,16.1
7552,32.92073,-117.192099,3841.1,38.8,0.314,119,0,,,True,17.4
7554,32.920736,-117.192097,3841.6,38.6,0.367,117,0,,,False,13.1
7555,32.920732,-117.192092,3842.3,38.8,0.414,118,0,,,True,6.3
7558,32.920735,-117.192085,3842.4,39.2,0.217,118,0,,,False,11.1
7561,32.920738,-117.192105,3844.1,39.6,0.3,118,0,,,True,14.3
7563,32.920739,-117.192114,3844.8,39.8,0.48,117,51,,,True,12.6
7567,32.920733,-117.192125,3846.4,40.4,0.383,113,0,,,True,15.7
7570,32.920733,-117.192125,3846.4,40.6,0.229,113,0,,,False,14.8
7571,32.920733,-117.192125,3846.4,40.6,0.2,114,0,,,False,2.2
7576,32.920728,-117.192122,3846.9,40.8,0.083,116,0,,,False,4.4
7577,32.920715,-117.192118,3848.4,40.6,0.333,117,0,,,True,4.4
7579,32.920686,-117.192117,3851.5,40.2,0.637,120,0,,,True,1.9
7582,32.920671,-117.19212,3853.1,40.4,0.94,121,0,,,True,-7.7
7588,32.920671,-117.19212,3853.1,39.8,0.178,118,0,,,False,-9.6
7591,32.920671,-117.19212,3853.1,39.8,0.0,117,0,,,False,-12.1
7597,32.920671,-117.19212,3853.1,40.0,0.0,113,0,,,False,-14.1
7600,32.920671,-117.19212,3853.1,40.0,0.0,111,0,,,False,-8.3
7605,32.920671,-117.192119,3853.2,40.0,0.012,109,0,,,False,-13.3
7606,32.920656,-117.192123,3854.9,39.8,0.3,109,0,,,True,-8.0
7608,32.920638,-117.192122,3856.8,39.6,0.463,109,0,,,True,-8.9
7610,32.920638,-117.192117,3856.8,39.6,0.72,113,0,,,False,-5.4
7611,32.920638,-117.192117,3856.8,39.6,0.38,116,0,,,False,-12.2
7613,32.920638,-117.192117,3856.8,39.4,0.0,119,56,,,False,-18.4
7616,32.920634,-117.192134,3859.0,39.8,0.44,116,0,,,True,-20.4
7624,32.920634,-117.192134,3859.0,39.2,0.2,116,0,,,False,-14.3
7627,32.920634,-117.192134,3859.0,39.6,0.0,119,0,,,False,-18.4
7632,32.920634,-117.192134,3859.0,39.6,0.0,119,0,,,False,-18.2
7633,32.920634,-117.192134,3859.0,39.6,0.0,117,0,,,False,-20.0
7635,32.92062,-117.192129,3860.5,39.4,0.188,121,0,,,True,-20.2
7636,32.92061,-117.192129,3861.6,39.4,0.289,121,0,,,True,-35.9
7639,32.920598,-117.192141,3862.9,39.2,0.65,117,0,,,True,-46.2
7640,32.920598,-117.192141,3862.9,39.2,0.48,114,0,,,False,-15.9
7642,32.920598,-117.192141,3862.9,38.8,0.217,112,0,,,False,-15.9
7643,32.920598,-117.192141,3862.9,38.6,0.186,111,0,,,False,-14.2
7651,32.920598,-117.192141,3862.9,38.2,0.0,108,0,,,False,-23.0
7654,32.920598,-117.192141,3862.9,38.4,0.0,103,0,,,False,-17.7
7656,32.920598,-117.192141,3862.9,38.4,0.0,100,0,,,False,-21.2
7666,32.920598,-117.192141,3862.9,38.0,0.0,103,0,,,False,-12.8
7669,32.920598,-117.192141,3862.9,37.8,0.0,106,0,,,False,-9.8
7672,32.920585,-117.192147,3864.1,37.8,0.2,109,0,,,True,-9.0
7673,32.920585,-117.192147,3864.1,37.8,0.171,109,0,,,False,-2.1
7679,32.920596,-117.192131,3864.1,37.6,0.0,109,0,,,False,0.0
7688,32.920585,-117.192147,3865.9,37.6,0.12,110,0,,,False,2.1
7695,32.920585,-117.192147,3865.9,38.2,0.113,109,0,,,False,1.8
7699,32.920599,-117.19213,3868.1,37.8,0.2,110,0,,,True,7.0
7701,32.920599,-117.19213,3868.1,37.4,0.367,111,0,,,False,10.5
7705,32.9206,-117.192105,3870.3,37.2,0.367,113,0,,,True,8.8
7711,32.920599,-117.192111,3871.4,38.0,0.33,114,0,,,False,14.0
7716,32.9206,-117.192105,3871.8,38.4,0.136,114,0,,,False,15.7
7718,32.920594,-117.192111,3871.8,38.4,0.057,115,0,,,False,20.7
7722,32.920588,-117.192113,3871.9,38.4,0.017,115,0,,,False,16.1
7727,32.920588,-117.192113,3872.3,39.0,0.056,113,0,,,False,13.8
7730,32.920588,-117.192113,3872.3,39.2,0.05,111,0,,,False,13.8
7731,32.920588,-117.192113,3872.3,39.2,0.044,111,0,,,False,11.5
7735,32.920588,-117.192113,3872.3,39.2,0.0,109,0,,,False,11.5
7738,32.920588,-117.192113,3872.3,39.4,0.0,106,0,,,False,13.8
7740,32.920585,-117.192108,3874.3,39.4,0.4,102,0,,,True,16.1
7741,32.920588,-117.192113,3874.6,39.4,0.383,102,0,,,False,-8.7
7744,32.920588,-117.192113,3874.6,39.0,0.383,105,0,,,False,-17.4
7745,32.920588,-117.192113,3874.6,39.0,0.06,108,0,,,False,-17.4
7751,32.920588,-117.192113,3874.6,38.8,0.0,111,0,,,False,-8.7
7754,32.920588,-117.192113,3874.6,38.8,0.0,110,0,,,False,0.0
7759,32.920603,-117.192127,3874.6,38.6,0.0,107,0,,,False,0.0
7761,32.920603,-117.192127,3874.6,38.8,0.0,106,0,,,False,0.0
7765,32.920603,-117.192127,3874.6,38.6,0.0,102,0,,,False,0.0
7766,32.920603,-117.192127,3874.6,38.6,0.0,99,0,,,False,0.0
7767,32.920603,-117.192127,3874.6,38.6,0.0,95,0,,,False,0.0
7768,32.920603,-117.192127,3874.6,38.6,0.0,91,0,,,False,0.0
7770,32.920603,-117.192127,3874.6,38.8,0.0,88,0,,,False,0.0
7771,32.920603,-117.192127,3874.6,38.8,0.0,85,0,,,False,0.0
7772,32.920603,-117.192127,3874.6,38.8,0.0,82,0,,,False,0.0
7776,32.920603,-117.192127,3874.6,39.0,0.0,79,0,,,False,0.0
7777,32.920592,-117.192119,3874.6,39.2,0.0,72,0,,,False,-30.8
7778,32.920586,-117.192119,3874.6,39.4,0.0,62,0,,,False,-30.8
7779,32.920586,-117.192119,3874.6,39.4,0.0,53,0,,,False,-15.4
7780,32.920586,-117.192119,3874.6,39.4,0.0,42,0,,,False,-15.4
7781,32.920585,-117.192128,3875.4,39.4,0.16,42,0,,,True,-30.8
7782,32.920587,-117.19212,3875.4,39.4,0.16,42,61,,,False,-46.2
7783,32.920589,-117.192118,3875.4,39.2,0.16,45,61,,,False,-30.8
7790,32.920586,-117.192119,3875.9,38.6,0.063,46,0,,,False,-30.8
7793,32.920586,-117.192119,3875.9,38.6,0.05,50,0,,,False,-11.3
7795,32.920586,-117.192119,3875.9,38.6,0.0,56,0,,,False,-11.3
7796,32.920586,-117.192119,3875.9,38.6,0.0,62,0,,,False,-11.3
7797,32.920586,-117.192119,3875.9,38.4,0.0,67,0,,,False,-15.1
7798,32.920586,-117.192119,3875.9,38.4,0.0,73,0,,,False,-15.1
7800,32.920586,-117.192119,3875.9,38.6,0.0,82,0,,,False,-18.9
7801,32.920586,-117.192119,3875.9,38.6,0.0,87,0,,,False,-18.9
7803,32.920586,-117.192119,3875.9,38.6,0.0,88,0,,,False,-3.8
7807,32.920606,-117.19212,3876.4,38.8,0.083,87,0,,,False,-5.8
7811,32.920606,-117.19212,3876.4,39.0,0.063,86,0,,,False,-15.0
7814,32.920601,-117.192114,3876.8,38.6,0.057,87,0,,,False,-15.0
7816,32.920598,-117.192104,3877.7,39.0,0.26,89,0,,,True,-10.0
7824,32.920598,-117.192104,3877.7,38.2,0.09,88,0,,,False,-10.0
7831,32.920598,-117.192104,3878.3,38.2,0.04,89,0,,,False,-9.8
7836,32.920589,-117.192119,3879.9,38.0,0.183,94,0,,,True,-8.1
7837,32.920589,-117.192119,3879.9,38.0,0.267,96,0,,,False,-3.4
7838,32.920589,-117.192119,3879.9,38.0,0.229,99,0,,,False,-3.4
7839,32.920589,-117.192119,3879.9,38.0,0.2,103,0,,,False,-1.7
7843,32.920589,-117.192119,3879.9,38.0,0.0,91,0,,,False,-3.4
7844,32.920589,-117.192119,3879.9,38.0,0.0,86,0,,,False,-5.3
7845,32.920589,-117.192119,3879.9,38.0,0.0,86,0,,,False,-3.7
7848,32.920589,-117.192119,3879.9,38.0,0.0,89,0,,,False,0.0
7850,32.920589,-117.192119,3879.9,38.0,0.0,92,0,,,False,-6.2
7856,32.920589,-117.192119,3880.8,38.2,0.113,90,0,,,False,-8.2
7859,32.920589,-117.192119,3880.8,38.4,0.1,98,0,,,False,-8.2
7862,32.920589,-117.192119,3880.8,38.4,0.0,101,0,,,False,-7.4
7863,32.920589,-117.192119,3880.8,38.4,0.0,101,0,,,False,-7.4
7870,32.920568,-117.192114,3883.2,38.4,0.3,99,0,,,True,-7.4
7874,32.920553,-117.192127,3885.0,38.2,0.382,98,0,,,True,4.9
7879,32.92054,-117.192118,3885.3,38.2,0.233,102,0,,,False,-3.8
7881,32.920519,-117.192126,3887.7,38.2,0.386,105,0,,,True,-3.8
7888,32.920515,-117.192126,3888.0,38.0,0.3,108,0,,,False,-3.8
7892,32.920515,-117.192126,3888.0,37.6,0.027,111,0,,,False,-3.8
7893,32.920515,-117.192126,3888.0,37.6,0.0,112,0,,,False,-8.2
7894,32.920515,-117.192126,3888.0,37.4,0.0,109,0,,,False,-9.2
7895,32.920515,-117.192126,3888.0,37.4,0.0,109,0,,,False,-10.5
7897,32.920515,-117.192126,3888.0,37.4,0.0,106,0,,,False,-10.5
7903,32.920515,-117.192126,3888.0,38.2,0.0,104,0,,,False,-12.7
7904,32.920515,-117.192126,3888.0,38.4,0.0,100,0,,,False,-10.7
7905,32.920516,-117.192135,3888.5,38.6,0.063,100,68,,,True,-9.6
7910,32.920515,-117.192118,3889.4,37.8,0.233,98,0,,,False,-7.2
7911,32.920515,-117.192115,3889.4,37.6,0.15,95,0,,,False,-6.0
7913,32.920503,-117.192125,3890.4,37.6,0.238,91,0,,,True,-10.8
7915,32.920498,-117.192136,3890.6,37.6,0.24,91,0,,,False,-13.7
7916,32.920498,-117.192136,3890.6,37.4,0.24,91,0,,,False,-7.9
7920,32.920503,-117.192135,3890.6,37.4,0.0,90,0,,,False,-8.6
7925,32.920458,-117.192132,3896.0,36.8,0.6,94,0,,,True,-7.4
7928,32.920382,-117.192148,3904.6,36.4,1.75,95,0,,,True,-7.1
7929,32.920362,-117.192159,3906.9,36.2,1.811,94,71,,,True,-6.3
7931,32.920331,-117.192169,3910.4,36.0,2.4,97,71,,,True,-7.5
7933,32.920291,-117.192174,3914.9,35.6,2.06,98,72,,,True,-8.1
7934,32.920265,-117.192168,3917.9,35.4,2.2,99,72,,,True,-9.2
7936,32.920231,-117.192163,3921.7,35.0,2.26,100,72,,,True,-10.3
7937,32.920221,-117.192144,3923.4,34.8,2.167,100,69,,,True,-11.8
7940,32.920202,-117.192094,3928.5,34.2,1.767,101,69,,,True,-13.2
7941,32.920208,-117.192081,3929.8,34.0,1.62,100,72,,,True,-13.9
7944,32.92023,-117.192047,3933.8,33.4,1.486,99,68,,,True,-9.9
7945,32.920235,-117.192037,3934.9,33.2,1.28,99,68,,,True,-8.0
7953,32.920303,-117.191972,3944.6,32.6,1.2,99,58,,,True,-6.5
7957,32.920332,-117.191927,3949.9,32.4,1.25,102,58,,,True,-5.0
7959,32.920346,-117.191908,3952.2,32.2,1.267,106,59,,,True,-5.5
7961,32.920367,-117.191893,3955.0,32.2,1.3,107,57,,,True,-2.9
7966,32.920413,-117.19183,3962.9,31.6,1.529,106,59,,,True,-0.8
7971,32.920467,-117.191782,3970.5,31.8,1.55,107,60,,,True,-0.9
7975,32.920515,-117.191745,3976.8,32.0,1.544,112,121,,,True,4.6
7976,32.920521,-117.191738,3977.8,32.0,1.46,115,121,,,True,7.0
7978,32.920538,-117.191719,3980.3,32.4,1.4,118,121,,,True,4.4
7979,32.920548,-117.191706,3981.9,32.6,1.425,118,121,,,True,1.8
7987,32.920607,-117.191648,3990.4,32.6,1.122,120,57,,,True,0.0
7995,32.920683,-117.191595,4000.2,32.4,1.144,120,53,,,True,-1.8
7996,32.920688,-117.191581,4001.6,32.4,1.244,119,53,,,True,-3.1
7999,32.920708,-117.191561,4004.5,32.2,1.175,119,57,,,True,-2.4
8008,32.920809,-117.191514,4016.4,31.8,1.233,121,55,,,True,-3.6
8016,32.920877,-117.191462,4025.4,31.8,1.229,122,56,,,True,-4.5
8024,32.920939,-117.191397,4034.7,31.2,1.144,121,56,,,True,-5.0
8026,32.920948,-117.19139,4035.8,30.8,1.04,121,57,,,True,-4.4
8031,32.921004,-117.191324,4044.6,30.4,1.414,122,58,,,True,-5.2
8036,32.921028,-117.191303,4048.3,30.8,1.25,120,0,,,True,-3.8
8040,32.921068,-117.191264,4054.1,30.2,1.056,118,56,,,True,-4.1
8046,32.921119,-117.1912,4062.3,29.8,1.4,119,60,,,True,-4.9
8048,32.921127,-117.191182,4064.1,29.6,1.25,116,60,,,True,-3.7
8052,32.921154,-117.191142,4068.9,29.8,1.1,113,56,,,True,-1.4
8053,32.921166,-117.191137,4070.1,29.6,1.2,112,0,,,True,-2.5
8058,32.921193,-117.191081,4076.1,29.6,1.2,114,59,,,True,-3.1
8062,32.921214,-117.191049,4080.0,29.2,1.1,115,59,,,True,-0.9
8064,32.92122,-117.191031,4081.8,29.4,0.95,118,59,,,True,-1.1
8071,32.921248,-117.190932,4091.4,29.4,1.267,115,56,,,True,1.2
8073,32.921255,-117.19091,4093.6,29.4,1.311,115,56,,,True,0.0
8075,32.921259,-117.19087,4097.3,29.4,1.409,115,56,,,True,4.6
8076,32.921255,-117.190859,4098.4,29.4,1.4,114,0,,,True,9.2
8079,32.921243,-117.190846,4100.1,29.6,1.083,117,0,,,True,2.0
8080,32.921243,-117.190846,4100.1,29.8,0.56,120,0,,,False,1.6
8083,32.921243,-117.190846,4100.1,30.2,0.243,116,0,,,False,3.7
8084,32.921243,-117.190846,4100.1,30.2,0.0,112,0,,,False,5.4
8087,32.921243,-117.190846,4100.1,30.2,0.0,109,0,,,False,3.8
8090,32.92126,-117.190843,4101.6,29.6,0.25,109,0,,,True,1.9
8094,32.921291,-117.190807,4106.5,29.6,0.914,113,51,,,True,-1.9
8095,32.9213,-117.190791,4108.2,29.8,1.32,116,51,,,True,3.9
8096,32.921309,-117.190781,4109.6,30.0,1.333,116,58,,,True,3.0
8097,32.921312,-117.190772,4110.5,30.0,1.271,117,59,,,True,1.7
8098,32.921319,-117.19076,4111.9,30.0,1.287,120,59,,,True,-2.9
8105,32.921363,-117.190693,4119.8,30.0,1.163,120,58,,,True,-1.0
8113,32.921418,-117.190598,4130.4,29.4,1.233,119,57,,,True,0.0
8117,32.921424,-117.19059,4131.1,29.8,0.942,118,0,,,False,1.1
8122,32.921446,-117.190544,4136.1,30.0,0.633,116,0,,,True,7.5
8124,32.921461,-117.190535,4137.8,30.2,0.957,113,56,,,True,3.0
8126,32.921469,-117.190503,4141.0,30.2,1.1,112,57,,,True,-1.1
8128,32.921478,-117.190466,4144.5,30.2,1.4,112,57,,,True,-2.3
8135,32.921534,-117.190385,4154.1,29.8,1.456,110,57,,,True,-2.2
8141,32.921578,-117.190298,4163.9,29.6,1.492,111,60,,,True,-2.4
8144,32.921584,-117.190254,4168.1,29.6,1.556,114,61,,,True,-2.2
8147,32.921593,-117.190264,4169.0,29.6,0.85,114,0,,,False,-2.0
8151,32.921623,-117.190238,4172.7,29.4,0.657,113,0,,,True,0.0
8152,32.921635,-117.190235,4173.9,29.4,0.98,113,0,,,True,-1.2
8155,32.921666,-117.190206,4178.4,29.6,1.175,115,54,,,True,-2.6
8160,32.921723,-117.190185,4185.2,29.4,1.413,114,58,,,True,-2.1
8162,32.921745,-117.190171,4187.9,29.0,1.357,110,57,,,True,-1.3
8166,32.92178,-117.190138,4192.9,29.0,1.283,108,58,,,True,-3.2
8170,32.92178,-117.190136,4193.6,29.4,0.713,108,0,,,False,-1.2
8171,32.921789,-117.190136,4194.3,29.2,0.28,108,0,,,True,-1.2
8178,32.921859,-117.190076,4203.9,28.8,1.287,110,56,,,True,-2.1
8183,32.921909,-117.190048,4209.8,28.8,1.292,113,57,,,True,-1.0
8185,32.921931,-117.190031,4212.8,29.0,1.271,109,57,,,True,1.6
8186,32.921939,-117.190024,4213.8,29.0,1.238,108,57,,,True,1.4
8192,32.921951,-117.189995,4216.2,29.0,0.486,106,0,,,True,0.0
8198,32.921968,-117.189976,4219.0,28.8,0.433,105,0,,,True,-1.2
8203,32.922026,-117.189974,4224.2,29.0,0.727,102,0,,,True,-1.4
8210,32.922064,-117.189926,4230.1,28.8,0.925,103,56,,,True,0.0
8212,32.92205,-117.189901,4230.1,28.8,0.656,103,0,,,False,2.5
8214,32.922041,-117.189923,4232.2,28.8,0.727,102,0,,,True,9.1
8216,32.922041,-117.189923,4232.2,29.4,0.35,99,0,,,False,2.9
8223,32.922041,-117.189923,4232.2,29.2,0.0,99,0,,,False,4.2
8227,32.922041,-117.189923,4232.2,29.6,0.0,102,0,,,False,3.7
8229,32.922044,-117.18991,4233.0,29.8,0.133,103,0,,,True,2.7
8230,32.922053,-117.189913,4233.6,29.6,0.2,107,0,,,True,-1.3
8233,32.922087,-117.189893,4237.8,29.4,0.933,110,0,,,True,-2.7
8234,32.922102,-117.189883,4239.6,29.2,1.32,110,0,,,True,-2.9
8235,32.922111,-117.189876,4240.8,29.2,1.44,109,0,,,True,-1.9
8239,32.922159,-117.189832,4247.2,29.2,1.52,110,60,,,True,1.9
8240,32.922168,-117.189822,4248.5,29.2,1.54,111,60,,,True,3.2
8242,32.922183,-117.189814,4250.3,29.4,1.357,114,60,,,True,1.9
8244,32.922203,-117.189794,4253.4,29.6,1.24,114,60,,,True,0.0
8247,32.922222,-117.189754,4257.9,29.4,1.52,114,60,,,True,-1.9
8249,32.922209,-117.18973,4259.7,29.2,1.26,114,60,,,True,-7.7
8253,32.922213,-117.189721,4260.6,29.2,0.45,117,0,,,False,-3.4
8257,32.922213,-117.189721,4260.6,29.0,0.113,115,0,,,False,2.6
8262,32.922217,-117.189744,4261.2,29.0,0.067,116,0,,,False,4.5
8266,32.922254,-117.189747,4265.2,29.2,0.511,117,0,,,True,6.4
8267,32.922255,-117.189743,4265.2,29.2,0.8,116,0,,,False,6.0
8273,32.922301,-117.189807,4273.1,29.8,1.129,119,62,,,True,6.2
8274,32.922311,-117.189817,4274.6,29.8,1.343,119,62,,,True,5.5
8276,32.922337,-117.189836,4278.0,30.0,1.422,120,61,,,True,4.7
8277,32.922354,-117.189825,4279.8,30.0,1.46,121,61,,,True,5.5
8279,32.922358,-117.189824,4280.3,30.0,1.14,121,59,,,False,2.6
8280,32.92236,-117.189839,4281.7,30.2,1.183,120,59,,,True,1.9
8282,32.922356,-117.189864,4284.1,30.4,0.86,120,59,,,True,3.4
8286,32.922357,-117.189928,4290.2,30.2,1.417,119,58,,,True,7.2
8288,32.922368,-117.18995,4292.1,30.4,1.333,118,58,,,True,8.3
8291,32.92239,-117.189974,4295.5,31.2,1.06,119,58,,,True,13.8
8293,32.922404,-117.190002,4298.5,31.6,1.28,121,58,,,True,13.6
8295,32.922423,-117.190028,4301.8,31.8,1.386,125,58,,,True,8.8
8297,32.922441,-117.190037,4303.9,32.0,1.4,128,58,,,True,5.9
8300,32.922465,-117.190057,4306.9,32.2,1.02,130,58,,,True,7.3
8301,32.922479,-117.190064,4308.6,32.2,1.133,132,58,,,True,6.9
8302,32.922484,-117.190074,4309.5,32.4,1.12,136,58,,,True,6.7
8306,32.922523,-117.190119,4315.5,32.8,1.38,138,57,,,True,9.2
8312,32.922558,-117.190173,4321.8,33.2,1.23,139,57,,,True,9.3
8314,32.922574,-117.190186,4323.9,33.6,1.05,140,56,,,True,9.6
8320,32.922591,-117.190262,4331.1,34.4,1.163,141,54,,,True,10.2
8321,32.922589,-117.190273,4332.2,34.4,1.186,141,54,,,True,10.3
8327,32.9226,-117.190348,4339.4,35.0,1.186,141,54,,,True,14.5
8329,32.922604,-117.190369,4341.4,35.4,1.15,140,54,,,True,16.6
8334,32.922609,-117.190406,4344.9,36.4,0.786,138,54,,,True,20.9
8341,32.922622,-117.190474,4351.5,37.6,0.842,136,53,,,True,21.1
8347,32.922634,-117.190538,4357.6,38.8,0.977,135,54,,,True,19.6
8348,32.922635,-117.190547,4358.5,39.0,1.0,135,54,,,True,20.5
8349,32.922636,-117.190555,4359.2,39.2,0.962,132,54,,,True,20.8
8353,32.92264,-117.190597,4363.2,40.0,0.94,132,53,,,True,18.5
8356,32.922648,-117.190625,4365.9,40.6,0.957,134,53,,,True,17.9
8359,32.922654,-117.190649,4368.2,41.0,0.833,136,53,,,True,17.1
8361,32.922653,-117.190673,4370.4,41.2,0.9,137,53,,,True,16.8
8366,32.922653,-117.19072,4374.9,42.0,0.957,140,47,,,True,18.6
8368,32.922657,-117.190738,4376.6,42.4,0.886,142,47,,,True,20.8
8372,32.922662,-117.190773,4380.0,43.2,0.85,145,50,,,True,19.8
8375,32.922664,-117.190805,4382.9,43.8,0.9,145,52,,,True,18.5
8378,32.922667,-117.190839,4386.0,44.2,1.0,145,51,,,True,16.8
8379,32.922675,-117.190851,4387.4,44.4,1.057,145,50,,,True,15.7
8381,32.922695,-117.19086,4389.8,44.6,1.15,145,50,,,True,15.8
8385,32.922724,-117.190872,4393.1,45.4,0.95,145,51,,,True,15.9
8387,32.922732,-117.190886,4394.7,45.8,0.817,145,50,,,True,19.7
8393,32.922744,-117.190955,4401.2,46.6,1.012,144,44,,,True,14.4
8396,32.922759,-117.190934,4403.0,47.2,0.922,143,0,,,True,5.7
8398,32.922756,-117.190922,4404.2,47.0,0.6,142,0,,,True,-7.7
8403,32.922764,-117.190916,4405.3,46.4,0.329,142,0,,,False,-7.3
8410,32.922766,-117.190913,4406.4,46.2,0.183,141,0,,,False,1.9
8414,32.922766,-117.190913,4406.4,46.2,0.1,138,0,,,False,-6.5
8416,32.922766,-117.190913,4406.4,46.2,0.0,135,0,,,False,-7.8
8418,32.922766,-117.190913,4406.7,46.2,0.038,133,0,,,False,-7.7
8422,32.922757,-117.190881,4411.7,46.8,0.883,132,0,,,True,-2.1
8427,32.922758,-117.190881,4411.9,46.6,0.578,131,0,,,False,-1.9
8435,32.922757,-117.1909,4412.2,46.6,0.038,129,0,,,False,-2.2
8442,32.922751,-117.190913,4413.3,46.4,0.093,128,0,,,False,-2.2
8444,32.922752,-117.190914,4414.6,46.2,0.267,126,0,,,True,-2.2
8446,32.922757,-117.1909,4414.9,46.2,0.245,127,0,,,False,-4.3
8457,32.922757,-117.1909,4414.9,46.2,0.023,128,0,,,False,-2.2
8464,32.922757,-117.1909,4415.6,46.2,0.039,129,0,,,False,-4.3
8467,32.922757,-117.1909,4415.6,46.2,0.07,126,0,,,False,-3.2
8471,32.922757,-117.1909,4415.6,46.0,0.0,123,0,,,False,-3.2
8473,32.922757,-117.1909,4415.6,46.0,0.0,116,0,,,False,-9.7
8474,32.922757,-117.1909,4415.6,46.0,0.0,109,0,,,False,-7.9
8475,32.922757,-117.1909,4415.6,46.0,0.0,105,0,,,False,0.0
8476,32.922757,-117.1909,4415.6,46.0,0.0,98,0,,,False,0.0
8477,32.922757,-117.1909,4415.6,46.0,0.0,101,0,,,False,0.0
8478,32.922757,-117.1909,4415.6,45.8,0.0,104,0,,,False,-5.9
8479,32.922757,-117.1909,4415.6,45.8,0.0,106,0,,,False,0.0
8481,32.922757,-117.1909,4415.6,46.0,0.0,109,0,,,False,0.0
8490,32.922757,-117.1909,4415.6,45.8,0.0,112,0,,,False,0.0
8493,32.922757,-117.1909,4415.6,45.8,0.0,113,0,,,False,2.0
8501,32.922764,-117.190912,4419.0,45.8,0.309,113,0,,,True,2.0
8506,32.922752,-117.190883,4422.0,45.8,0.492,113,0,,,True,3.3
8511,32.922762,-117.190916,4425.7,46.0,0.67,114,0,,,True,9.4
8512,32.922781,-117.190924,4427.9,46.2,0.983,114,0,,,True,10.9
8516,32.922795,-117.190923,4429.6,46.8,0.78,117,0,,,True,13.6
8518,32.92281,-117.190931,4431.3,46.8,0.567,122,51,,,True,17.6
8519,32.922824,-117.190938,4433.0,47.0,0.729,123,51,,,True,22.4
8521,32.92285,-117.190938,4436.0,47.4,1.28,124,55,,,True,22.9
8523,32.922861,-117.190943,4437.0,47.8,1.14,123,55,,,True,26.7
8525,32.92286,-117.190943,4437.0,48.2,0.667,122,54,,,False,31.2
8527,32.922879,-117.190955,4439.5,48.8,0.583,122,51,,,True,27.3
8528,32.922886,-117.190952,4440.1,49.2,0.62,122,49,,,True,30.5
8530,32.922897,-117.190953,4441.8,49.6,0.96,122,49,,,True,30.2
8531,32.922903,-117.190961,4442.6,50.0,0.933,123,49,,,True,26.4
8533,32.922915,-117.190967,4444.0,50.0,0.78,125,0,,,True,32.0
8535,32.922926,-117.19098,4445.5,50.4,0.74,128,0,,,True,28.3
8536,32.922934,-117.190969,4446.5,50.6,0.78,131,44,,,True,29.4
8537,32.922943,-117.190978,4447.6,51.0,0.833,132,44,,,True,29.7
8541,32.922962,-117.190973,4449.5,52.0,0.6,134,0,,,True,31.4
8544,32.922973,-117.190977,4450.7,52.2,0.443,135,0,,,True,34.0
8546,32.922985,-117.19098,4452.0,52.6,0.5,136,0,,,True,33.6
8548,32.922992,-117.190979,4452.7,53.0,0.457,138,42,,,True,26.9
8552,32.923019,-117.190992,4456.1,53.8,0.683,140,44,,,True,29.2
8553,32.923024,-117.190994,4456.5,54.0,0.76,140,44,,,True,31.2
8556,32.923027,-117.191012,4458.3,54.6,0.7,141,0,,,True,21.2
8557,32.923023,-117.191029,4459.9,54.8,0.76,141,0,,,True,13.3
8559,32.92302,-117.191032,4460.3,55.0,0.633,140,0,,,False,5.6
8560,32.92302,-117.191032,4460.3,55.2,0.543,140,0,,,False,2.8
8561,32.92302,-117.191032,4460.3,55.2,0.4,139,0,,,False,4.0
8564,32.923025,-117.19105,4462.0,54.6,0.34,141,0,,,True,10.3
8567,32.923024,-117.191063,4463.2,54.4,0.483,144,0,,,True,6.2
8569,32.923019,-117.191064,4463.2,54.2,0.24,144,0,,,False,2.1
8572,32.923019,-117.191064,4463.2,54.0,0.0,143,0,,,False,2.1
8582,32.923019,-117.191064,4463.2,54.0,0.0,142,0,,,False,1.8
8588,32.923019,-117.191064,4463.2,54.0,0.0,141,0,,,False,-4.0
8595,32.923034,-117.191092,4466.2,54.2,0.231,139,0,,,True,-6.7
8602,32.923034,-117.191092,4466.2,55.0,0.214,135,0,,,False,-6.7
8604,32.923034,-117.191092,4466.2,55.0,0.0,131,0,,,False,16.2
8609,32.923034,-117.191092,4466.2,54.6,0.0,128,0,,,False,28.3
8611,32.923034,-117.191092,4466.2,54.2,0.0,124,0,,,False,26.3
8612,32.923034,-117.191092,4466.2,54.2,0.0,121,0,,,False,20.2
8614,32.923034,-117.191092,4466.2,54.2,0.0,118,0,,,False,45.7
8623,32.923034,-117.191092,4466.2,54.2,0.0,116,0,,,False,40.0
8625,32.923046,-117.191098,4467.7,54.2,0.136,110,0,,,True,40.0
8626,32.92305,-117.191106,4468.3,54.2,0.175,106,0,,,True,40.0
8629,32.923061,-117.191094,4469.6,54.4,0.567,105,0,,,True,40.0
8633,32.923071,-117.191094,4470.2,55.0,0.271,109,0,,,False,40.0
8636,32.923071,-117.191094,4470.2,56.2,0.086,109,0,,,False,40.0
8638,32.923071,-117.191094,4470.2,56.6,0.0,106,0,,,False,40.0
8643,32.923071,-117.191094,4470.2,56.6,0.0,105,0,,,False,40.0
8648,32.923071,-117.191094,4470.2,57.2,0.0,106,0,,,False,6.3
8653,32.923071,-117.191094,4470.2,57.8,0.0,107,0,,,False,0.0
8658,32.923071,-117.191094,4470.2,57.6,0.0,110,0,,,False,0.0
8662,32.923071,-117.191094,4470.2,57.6,0.0,109,0,,,False,0.0
8672,32.923071,-117.191094,4470.2,57.2,0.0,112,0,,,False,0.0
8678,32.923071,-117.191094,4470.2,57.0,0.0,113,0,,,False,0.0
8683,32.923071,-117.191094,4470.2,57.8,0.0,109,0,,,False,0.0
8689,32.923071,-117.191094,4470.2,57.6,0.0,109,0,,,False,0.0
8702,32.923071,-117.191094,4470.2,57.2,0.0,106,0,,,False,0.0
8703,32.923071,-117.191094,4470.2,57.2,0.0,101,0,,,False,0.0
8708,32.923071,-117.191094,4470.2,57.0,0.0,98,0,,,False,0.0
8713,32.923071,-117.191094,4470.2,57.0,0.0,98,0,,,False,0.0
8721,32.92307,-117.191103,4471.2,56.6,0.077,95,0,,,False,0.0
8724,32.923063,-117.191116,4472.7,56.2,0.227,94,0,,,True,0.0
8726,32.923071,-117.191122,4472.7,55.8,0.3,91,0,,,False,0.0
8727,32.923072,-117.19112,4472.7,55.8,0.25,91,0,,,False,0.0
8729,32.923072,-117.19112,4472.7,55.4,0.0,87,0,,,False,0.0
8730,32.923072,-117.19112,4472.7,55.4,0.0,84,0,,,False,0.0
8732,32.923072,-117.19112,4472.7,55.2,0.0,86,0,,,False,0.0
8733,32.923072,-117.19112,4472.7,55.0,0.0,88,0,,,False,0.0
8734,32.923072,-117.19112,4472.7,55.0,0.0,91,0,,,False,0.0
8736,32.923072,-117.19112,4472.7,55.0,0.0,94,0,,,False,0.0
8742,32.923072,-117.19112,4472.7,55.0,0.0,91,0,,,False,0.0
8743,32.923072,-117.19112,4472.7,55.0,0.0,87,0,,,False,0.0
8749,32.923072,-117.19112,4472.7,55.2,0.0,88,0,,,False,0.0
8756,32.923072,-117.19112,4472.7,56.0,0.0,92,0,,,False,0.0
8761,32.923072,-117.19112,4472.7,56.0,0.0,96,0,,,False,0.0
8765,32.923072,-117.19112,4472.7,56.0,0.0,99,0,,,False,1.9
8769,32.923072,-117.19112,4472.7,56.2,0.0,97,0,,,False,5.8
8771,32.923072,-117.19112,4472.7,56.2,0.0,96,0,,,False,9.6
8772,32.923072,-117.19112,4472.7,56.2,0.0,93,0,,,False,9.6
8777,32.923072,-117.19112,4473.4,56.2,0.117,92,0,,,False,9.6
8785,32.923072,-117.19112,4474.0,56.2,0.1,92,0,,,False,0.0
8790,32.923087,-117.191116,4476.0,56.0,0.2,102,0,,,True,0.0
8791,32.923094,-117.191108,4477.1,56.2,0.517,105,0,,,True,-1.9
8792,32.923096,-117.191113,4477.3,56.4,0.471,105,0,,,False,-2.1
8796,32.923088,-117.191118,4479.0,56.8,0.38,107,0,,,True,0.0
8802,32.923084,-117.19115,4482.3,55.8,0.5,106,50,,,True,0.0
8809,32.923086,-117.191143,4482.3,56.0,0.254,107,0,,,False,0.0
8815,32.923086,-117.191143,4483.1,56.0,0.062,107,0,,,False,-2.4
8818,32.923089,-117.191149,4483.1,56.0,0.089,111,0,,,False,-2.0
8819,32.923085,-117.191145,4483.1,56.2,0.08,114,0,,,False,-4.2
8821,32.923084,-117.191139,4483.7,56.2,0.1,116,60,,,False,-5.4
8823,32.923083,-117.191144,4484.2,56.2,0.22,113,65,,,False,-7.3
8825,32.923086,-117.191145,4484.2,56.0,0.183,110,65,,,False,-13.6
8828,32.92309,-117.191139,4484.3,55.8,0.02,113,0,,,False,-7.8
8832,32.923086,-117.191143,4484.3,55.8,0.014,119,0,,,False,-9.8
8834,32.923086,-117.191143,4484.3,55.8,0.0,122,0,,,False,-11.9
8837,32.923095,-117.191128,4486.0,55.8,0.34,125,0,,,True,-13.9
8839,32.923096,-117.191138,4486.6,55.8,0.46,126,0,,,True,-11.3
8845,32.92309,-117.191129,4486.9,55.6,0.112,127,0,,,False,-9.9
8851,32.923086,-117.191143,4488.3,55.6,0.142,128,0,,,False,-8.0
8856,32.92309,-117.19113,4489.3,55.4,0.218,125,0,,,False,2.4
8858,32.9231,-117.191132,4490.1,55.6,0.257,125,0,,,True,1.8
8863,32.923113,-117.191149,4492.5,55.0,0.457,124,0,,,True,1.9
8864,32.923108,-117.191142,4493.2,54.8,0.517,124,0,,,True,10.0
8867,32.923114,-117.191132,4494.3,55.0,0.467,124,0,,,True,14.4
8871,32.923114,-117.191132,4494.3,56.0,0.157,122,0,,,False,13.6
8873,32.923115,-117.191114,4495.9,56.0,0.267,121,0,,,True,24.6
8874,32.923122,-117.191107,4496.9,56.0,0.371,121,0,,,True,27.6
8878,32.923136,-117.191107,4498.3,56.6,0.48,121,0,,,True,19.6
8882,32.923155,-117.191112,4500.4,57.0,0.438,121,0,,,True,21.6
8883,32.923162,-117.191109,4501.2,57.0,0.58,122,0,,,True,23.9
8889,32.9232,-117.19111,4505.5,58.2,0.729,122,0,,,True,19.6
8890,32.923204,-117.191113,4506.1,58.2,0.7,123,45,,,True,20.2
8892,32.923215,-117.191126,4507.8,58.6,0.733,129,47,,,True,20.6
8893,32.923222,-117.191126,4508.5,58.6,0.73,132,47,,,True,23.3
8894,32.923229,-117.191123,4509.1,58.8,0.72,132,46,,,True,18.9
8897,32.923228,-117.191121,4509.3,58.8,0.3,132,0,,,False,15.0
8901,32.923227,-117.191118,4509.3,59.2,0.029,134,0,,,False,15.8
8903,32.923244,-117.191134,4511.1,59.2,0.3,134,0,,,True,13.5
8908,32.923248,-117.191133,4511.5,59.4,0.314,135,0,,,False,15.4
8913,32.923259,-117.19113,4512.9,59.6,0.18,138,0,,,False,14.4
8916,32.923277,-117.191142,4515.1,59.8,0.45,141,0,,,True,11.0
8918,32.923296,-117.191154,4517.5,60.0,0.92,142,0,,,True,16.2
8919,32.923302,-117.191153,4518.2,60.0,0.883,143,0,,,True,18.2
8920,32.923304,-117.191151,4518.4,60.2,0.786,143,0,,,False,13.2
8924,32.92332,-117.191162,4520.2,60.4,0.4,143,0,,,True,11.9
8929,32.923316,-117.191162,4520.3,60.6,0.211,141,0,,,False,11.3
8936,32.923316,-117.191162,4521.0,60.8,0.067,141,0,,,False,10.3
8943,32.923316,-117.191162,4521.0,60.8,0.05,141,0,,,False,10.9
8951,32.923316,-117.191162,4521.0,61.0,0.0,140,0,,,False,8.3
8954,32.923356,-117.191154,4524.7,61.0,0.336,139,0,,,True,9.5
8955,32.923363,-117.191171,4525.7,61.0,0.392,139,0,,,True,9.5
8956,32.923373,-117.19118,4527.1,61.0,1.22,138,0,,,True,9.5
8958,32.923392,-117.191183,4529.2,61.2,1.171,135,0,,,True,10.8
8959,32.923398,-117.191182,4529.8,61.2,1.02,134,0,,,True,11.2
8960,32.923406,-117.191183,4530.7,61.4,1.0,134,0,,,True,13.1
8966,32.923451,-117.191198,4535.8,62.2,0.857,132,0,,,True,13.9
8968,32.923469,-117.191196,4537.8,62.2,0.888,130,0,,,True,13.7
8971,32.923488,-117.191197,4539.9,62.6,0.82,127,0,,,True,7.8
8972,32.923497,-117.1912,4540.9,62.8,0.85,127,0,,,True,7.1
8980,32.923542,-117.191218,4546.1,63.0,0.689,126,0,,,True,6.3
8986,32.923565,-117.191218,4549.0,63.0,0.579,127,0,,,True,4.3
8989,32.923593,-117.191231,4552.5,63.4,0.711,127,0,,,True,4.0
8992,32.923613,-117.191236,4554.8,63.4,0.967,128,0,,,True,-5.4
8993,32.923625,-117.191241,4556.2,63.4,1.029,128,0,,,True,-10.5
8998,32.923622,-117.191266,4558.2,63.4,0.567,127,50,,,True,-19.1
9006,32.923622,-117.191324,4563.9,62.2,0.592,125,50,,,True,-21.8
9007,32.923621,-117.191331,4564.6,62.0,0.711,124,50,,,True,-25.0
9010,32.92362,-117.19135,4566.3,61.2,0.675,123,47,,,True,-30.8
9014,32.923611,-117.19139,4570.2,60.4,0.8,123,49,,,True,-30.5
9016,32.923608,-117.191405,4571.6,60.0,0.883,123,49,,,True,-18.9
9021,32.923608,-117.191434,4574.3,59.0,0.586,123,0,,,True,-23.2
9022,32.923606,-117.191442,4575.1,58.8,0.583,123,44,,,True,-17.3
9026,32.923601,-117.191486,4579.0,58.8,0.94,124,44,,,True,-13.7
9031,32.923609,-117.191458,4579.7,58.2,0.511,125,0,,,False,-8.0
9037,32.923609,-117.191458,4579.7,58.4,0.064,122,0,,,False,-9.8
9039,32.923604,-117.19147,4580.6,58.6,0.113,119,0,,,True,-11.9
9040,32.923612,-117.191478,4581.8,58.6,0.233,119,0,,,True,-19.7
9042,32.923606,-117.191475,4581.8,58.4,0.42,118,0,,,False,-24.7
9047,32.923585,-117.191496,4584.5,58.0,0.386,114,0,,,True,-24.4
9048,32.923578,-117.191495,4584.8,57.8,0.5,113,0,,,True,-20.5
9049,32.923572,-117.191495,4585.2,57.6,0.486,109,0,,,True,-19.1
9051,32.923573,-117.191505,4586.1,57.4,0.478,106,0,,,True,-26.5
9053,32.923575,-117.191506,4586.3,57.0,0.3,107,0,,,False,-21.2
9055,32.92358,-117.191509,4586.3,57.0,0.183,110,0,,,False,-18.9
9057,32.923586,-117.191503,4586.5,57.0,0.067,114,0,,,False,-17.5
9058,32.923582,-117.191509,4587.2,56.8,0.18,115,0,,,True,-19.3
9060,32.923575,-117.191506,4587.8,56.8,0.3,118,0,,,True,-13.8
9066,32.923575,-117.191506,4587.8,57.0,0.075,120,0,,,False,-15.0
9068,32.92359,-117.19151,4588.0,57.2,0.025,121,0,,,False,-13.5
9070,32.9236,-117.191517,4588.4,57.0,0.06,121,0,,,False,-9.5
9071,32.9236,-117.191517,4588.4,56.8,0.12,121,0,,,False,-5.8
9075,32.9236,-117.191517,4588.8,56.2,0.08,121,0,,,False,-5.9
9078,32.923604,-117.191532,4590.3,56.4,0.271,124,0,,,True,-3.7
9079,32.9236,-117.19153,4590.4,56.4,0.25,125,0,,,False,-5.9
9084,32.923583,-117.191534,4593.2,56.4,0.483,126,0,,,True,-4.2
9088,32.923587,-117.191542,4593.2,56.8,0.311,128,0,,,False,-6.2
9093,32.923597,-117.191545,4594.0,56.2,0.089,130,0,,,False,-3.8
9098,32.923595,-117.191547,4595.2,56.4,0.2,131,0,,,False,3.9
9102,32.923597,-117.191534,4596.6,56.4,0.289,129,0,,,True,1.8
9108,32.92359,-117.191521,4598.0,56.4,0.28,128,0,,,False,1.8
9110,32.92359,-117.191521,4598.0,56.6,0.175,123,0,,,False,8.8
9112,32.92359,-117.191521,4598.0,56.4,0.14,119,0,,,False,-1.9
9114,32.92359,-117.191521,4598.0,56.4,0.0,123,0,,,False,2.0
9116,32.923592,-117.191527,4599.0,56.6,0.167,126,0,,,True,4.0
9119,32.9236,-117.191529,4600.1,56.6,0.42,128,0,,,True,2.1
9124,32.923603,-117.191528,4601.3,56.6,0.288,125,0,,,False,3.4
9127,32.92359,-117.191521,4602.3,56.6,0.275,128,0,,,True,2.1
9131,32.92359,-117.191521,4602.3,57.2,0.143,127,0,,,False,-1.9
9138,32.923605,-117.191557,4603.9,56.2,0.145,126,0,,,False,-1.9
9143,32.923609,-117.191533,4603.9,56.4,0.133,128,78,,,False,-1.9
9144,32.923602,-117.19154,4603.9,56.4,0.0,138,0,,,False,0.0
9145,32.923601,-117.191541,4604.0,56.6,0.014,141,0,,,False,0.0
9146,32.923592,-117.191523,4604.6,56.6,0.088,142,0,,,True,0.0
9151,32.923599,-117.191534,4606.8,56.8,0.467,139,0,,,True,-1.7
9152,32.923597,-117.191543,4607.6,56.6,0.5,139,0,,,True,2.0
9156,32.923593,-117.191542,4608.4,56.2,0.32,136,0,,,False,0.0
9159,32.92359,-117.191533,4609.5,56.4,0.271,135,0,,,True,-2.0
9164,32.923586,-117.191528,4610.7,56.6,0.288,134,0,,,False,-1.8
9165,32.923587,-117.191535,4610.7,56.6,0.2,134,0,,,False,-3.7
9167,32.923599,-117.191532,4612.0,56.6,0.313,131,0,,,True,-2.0
9171,32.923608,-117.19154,4614.1,56.4,0.567,128,0,,,True,0.0
9172,32.923602,-117.191534,4614.4,56.4,0.48,128,0,,,False,4.0
9177,32.923591,-117.191536,4615.5,56.4,0.233,125,0,,,False,2.0
9181,32.92359,-117.191524,4616.0,56.4,0.178,126,0,,,False,1.9
9185,32.923599,-117.191539,4617.6,56.4,0.263,125,0,,,True,-1.9
9190,32.923579,-117.191554,4618.7,56.2,0.3,125,0,,,False,-1.9
9194,32.923583,-117.191543,4619.1,56.4,0.167,126,0,,,False,-1.8
9197,32.923593,-117.191536,4619.4,56.8,0.1,126,0,,,False,-2.2
9203,32.923593,-117.191536,4619.4,56.6,0.033,125,0,,,False,0.0
9205,32.923592,-117.19154,4619.4,56.6,0.0,125,0,,,False,0.0
9207,32.923593,-117.191536,4620.1,56.6,0.07,124,0,,,True,0.0
9213,32.923596,-117.191521,4620.1,56.4,0.088,125,73,,,False,0.0
9218,32.923595,-117.191534,4621.2,56.4,0.1,125,0,,,False,-1.7
9222,32.923596,-117.191532,4623.3,56.4,0.356,123,0,,,True,-2.0
9223,32.923599,-117.191535,4623.3,56.4,0.42,122,0,,,False,-7.0
9226,32.923605,-117.191535,4623.4,56.2,0.275,122,0,,,False,-5.3
9227,32.923608,-117.191541,4623.4,56.2,0.02,123,0,,,False,-3.7
9232,32.923593,-117.191533,4624.7,56.4,0.217,121,0,,,False,6.1
9236,32.923601,-117.191526,4627.0,56.4,0.4,122,0,,,True,0.0
9237,32.923605,-117.191531,4627.1,56.4,0.48,121,0,,,False,-1.9
9239,32.923585,-117.19152,4629.3,56.2,0.657,119,0,,,True,0.0
9243,32.923598,-117.191531,4630.8,56.0,0.617,122,0,,,True,-2.2
9245,32.923598,-117.191535,4631.1,56.2,0.3,119,0,,,False,-1.9
9249,32.923598,-117.191535,4631.1,57.0,0.05,118,0,,,False,0.0
9254,32.923596,-117.191543,4632.0,56.4,0.1,120,0,,,False,0.0
9259,32.923601,-117.191543,4633.7,56.2,0.26,118,0,,,True,4.6
9262,32.923601,-117.191537,4633.8,56.2,0.225,117,0,,,False,1.8
9264,32.92359,-117.191546,4633.8,56.0,0.02,117,0,,,False,0.0
9269,32.923593,-117.191548,4635.2,56.2,0.2,121,0,,,False,2.0
9274,32.923583,-117.191535,4637.6,56.4,0.38,120,0,,,True,-2.0
9277,32.923578,-117.191551,4638.0,56.6,0.35,117,0,,,False,-1.7
9278,32.923579,-117.191554,4638.0,56.6,0.311,116,0,,,False,-3.7
9281,32.923597,-117.191536,4640.2,56.4,0.371,113,0,,,True,0.0
9282,32.9236,-117.191539,4640.2,56.2,0.44,113,0,,,False,0.0
9285,32.923604,-117.19153,4640.5,56.0,0.357,113,75,,,False,-3.7
9286,32.923601,-117.191537,4640.5,56.2,0.06,111,0,,,False,-1.9
9290,32.9236,-117.191533,4640.9,56.2,0.08,108,0,,,False,-1.9
9291,32.923603,-117.191535,4640.9,56.0,0.08,108,0,,,False,-5.0
9296,32.923586,-117.191539,4642.7,56.0,0.3,109,0,,,True,-6.7
9300,32.923587,-117.191547,4643.0,56.2,0.233,108,0,,,False,-4.2
9302,32.923585,-117.191546,4643.1,56.2,0.067,108,0,,,False,-3.8
9304,32.923587,-117.191547,4643.3,56.2,0.075,109,0,,,False,-6.0
9306,32.923596,-117.191538,4643.3,56.2,0.05,109,0,,,False,-2.4
9308,32.923587,-117.191547,4644.6,55.8,0.25,113,0,,,True,-4.8
9314,32.923596,-117.191528,4644.7,56.0,0.175,112,0,,,False,-4.5
9317,32.923598,-117.191521,4645.6,56.0,0.111,108,0,,,True,-4.3
9318,32.923599,-117.191527,4645.6,56.0,0.1,107,0,,,False,3.8
9322,32.923598,-117.191547,4646.5,56.0,0.18,103,0,,,False,7.8
9324,32.923598,-117.191547,4646.5,55.8,0.15,103,0,,,False,3.8
9325,32.923598,-117.191547,4646.5,55.8,0.129,103,0,,,False,5.7
9327,32.923585,-117.191547,4647.1,56.0,0.12,102,0,,,True,2.3
9329,32.923587,-117.191539,4648.0,56.0,0.3,104,0,,,True,0.0
9330,32.923585,-117.191544,4648.5,56.2,0.4,112,0,,,True,-5.5
9331,32.923595,-117.191543,4648.5,56.2,0.333,111,0,,,False,-7.6
9334,32.923598,-117.191551,4648.6,56.0,0.12,109,0,,,False,-7.8
9335,32.923594,-117.191542,4648.6,56.0,0.02,109,0,,,False,-2.2
9336,32.923591,-117.191541,4649.0,56.2,0.1,106,0,,,True,-2.0
9337,32.923595,-117.191528,4649.0,56.0,0.083,103,0,,,False,0.0
9338,32.923595,-117.191528,4649.0,56.0,0.071,100,0,,,False,-1.8
9341,32.923595,-117.191528,4649.5,56.0,0.1,98,0,,,False,-2.0
9345,32.923595,-117.191528,4650.7,56.8,0.243,98,0,,,False,-3.9
9347,32.923586,-117.191539,4651.4,56.6,0.317,103,0,,,True,-2.0
9348,32.923595,-117.191528,4651.4,56.4,0.271,106,0,,,False,-2.1
9349,32.923595,-117.191528,4651.4,56.2,0.237,110,0,,,False,-3.8
9350,32.923595,-117.191528,4651.4,56.0,0.14,113,0,,,False,-4.0
9351,32.92359,-117.191534,4652.1,56.0,0.233,115,0,,,True,-3.8
9356,32.9236,-117.19154,4653.6,55.4,0.367,116,0,,,False,-5.3
9357,32.923595,-117.191528,4653.6,55.6,0.25,121,0,,,False,-5.3
9358,32.923595,-117.191528,4653.6,55.6,0.214,128,0,,,False,-3.6
9360,32.923595,-117.191528,4653.6,55.6,0.167,132,0,,,False,-3.7
9362,32.9236,-117.191539,4654.4,55.6,0.16,133,0,,,True,-3.9
9364,32.9236,-117.191534,4654.4,55.6,0.133,133,0,,,False,-13.5
9366,32.9236,-117.191534,4655.8,55.8,0.367,133,0,,,True,-11.9
9368,32.923599,-117.191532,4656.7,55.6,0.383,132,0,,,True,-9.9
9369,32.923595,-117.191542,4656.7,55.8,0.46,132,0,,,False,-5.9
9371,32.923595,-117.191528,4656.8,55.8,0.2,129,0,,,False,-3.8
9374,32.92359,-117.191524,4657.5,55.6,0.16,130,0,,,False,-2.2
9376,32.923591,-117.19153,4657.5,55.6,0.14,130,0,,,False,0.0
9377,32.923595,-117.191544,4657.9,55.6,0.183,130,0,,,True,-2.0
9380,32.923592,-117.19154,4658.4,55.6,0.15,130,0,,,False,-2.0
9381,32.923588,-117.191528,4658.4,55.6,0.18,129,0,,,False,6.5
9383,32.923588,-117.191543,4659.8,55.6,0.317,126,0,,,True,1.9
9385,32.923593,-117.191535,4659.8,55.6,0.28,125,0,,,False,-6.0
9389,32.923587,-117.191547,4661.1,55.4,0.217,127,0,,,True,-2.2
9390,32.923594,-117.19155,4661.5,55.4,0.34,127,0,,,True,-3.8
9394,32.923587,-117.191547,4662.5,55.6,0.28,130,0,,,False,-5.7
9397,32.923589,-117.191545,4662.5,55.6,0.143,134,0,,,False,-5.1
9399,32.923587,-117.191547,4662.7,55.2,0.04,136,0,,,False,-5.1
9405,32.923587,-117.191547,4662.9,55.2,0.05,134,0,,,False,-5.6
9409,32.923579,-117.191536,4663.6,55.4,0.09,138,0,,,False,-6.4
9414,32.923577,-117.191533,4663.6,56.0,0.078,140,0,,,False,-1.8
9421,32.923577,-117.19153,4663.6,56.2,0.0,138,45,,,False,3.5
9423,32.923577,-117.191533,4664.8,55.8,0.133,135,0,,,True,3.7
9430,32.923574,-117.191539,4665.8,55.2,0.244,133,0,,,False,1.9
9431,32.923577,-117.191535,4666.0,55.4,0.15,133,0,,,False,5.7
9434,32.92356,-117.19154,4666.3,55.6,0.136,133,0,,,False,0.0
9437,32.923555,-117.19153,4667.3,55.2,0.217,132,0,,,True,-6.0
9440,32.923574,-117.191536,4669.2,55.0,0.483,132,0,,,True,-4.2
9441,32.923568,-117.191539,4669.2,55.0,0.414,132,0,,,False,-2.0
9446,32.92357,-117.191535,4670.8,55.4,0.267,132,79,,,True,0.0
9450,32.923582,-117.191529,4672.4,55.8,0.356,133,0,,,True,10.0
9454,32.923576,-117.19153,4673.2,55.8,0.3,133,0,,,False,5.5
9458,32.923562,-117.191541,4673.6,55.4,0.15,134,0,,,False,4.0
9462,32.923577,-117.191533,4674.4,55.4,0.15,134,0,,,False,9.6
9465,32.923571,-117.191541,4674.8,55.6,0.171,129,44,,,False,9.4
9466,32.923562,-117.191535,4674.8,55.4,0.15,128,0,,,False,5.5
9470,32.92357,-117.191532,4675.6,55.2,0.16,130,0,,,False,0.0
9475,32.923577,-117.191533,4675.8,56.2,0.111,130,0,,,False,0.0
9481,32.923577,-117.191533,4677.0,56.0,0.127,132,0,,,False,6.4
9486,32.923577,-117.191533,4677.4,55.6,0.145,133,0,,,False,5.8
9489,32.923568,-117.191543,4677.5,55.8,0.063,133,0,,,False,2.3
9491,32.923565,-117.191546,4677.7,55.8,0.06,132,0,,,False,10.3
9497,32.923565,-117.191546,4677.7,55.8,0.025,132,0,,,False,7.5
9501,32.923571,-117.191517,4680.1,55.6,0.24,133,0,,,True,-2.0
9502,32.92357,-117.191506,4680.1,55.4,0.48,136,0,,,False,-2.0
9503,32.923571,-117.191506,4680.1,55.4,0.4,140,0,,,False,2.0
9504,32.923567,-117.191523,4680.1,55.4,0.343,143,0,,,False,2.0
9505,32.92356,-117.191524,4680.1,55.4,0.3,145,0,,,False,0.0
9511,32.923559,-117.191521,4680.2,56.0,0.014,141,0,,,False,2.0
9512,32.923548,-117.191525,4681.1,56.0,0.143,140,0,,,True,7.3
9513,32.92355,-117.191532,4681.1,56.0,0.125,137,0,,,False,-1.9
9515,32.92356,-117.191539,4681.1,56.0,0.1,134,0,,,False,5.1
9516,32.923561,-117.191539,4681.1,56.0,0.18,134,0,,,False,8.8
9521,32.92356,-117.191524,4682.1,56.8,0.167,135,0,,,False,7.3
9523,32.92356,-117.191524,4683.1,56.6,0.286,135,0,,,True,9.9
9526,32.92356,-117.191524,4683.1,55.8,0.2,129,0,,,False,11.9
9527,32.92356,-117.191524,4683.1,55.6,0.167,125,0,,,False,11.9
9528,32.923562,-117.19153,4683.3,55.6,0.04,126,0,,,False,6.0
9529,32.923558,-117.19153,4683.7,55.6,0.1,126,0,,,True,9.7
9531,32.92355,-117.191533,4684.4,55.6,0.26,129,0,,,True,9.7
9533,32.923549,-117.191536,4684.5,55.4,0.24,128,0,,,False,9.7
9535,32.923553,-117.19154,4685.0,55.6,0.217,127,0,,,False,0.0
9537,32.923549,-117.191525,4685.1,55.6,0.117,127,0,,,False,-1.9
9541,32.923559,-117.19153,4686.6,56.0,0.267,130,0,,,True,7.6
9542,32.923562,-117.19153,4686.7,56.2,0.32,131,0,,,False,11.1
9546,32.923578,-117.191517,4688.7,56.6,0.42,133,0,,,True,11.9
9550,32.923575,-117.191518,4690.2,56.6,0.438,132,0,,,True,16.8
9553,32.923574,-117.191516,4690.7,57.0,0.286,132,0,,,False,14.7
9554,32.923567,-117.191516,4691.4,57.0,0.337,133,0,,,True,8.8
9556,32.923555,-117.191513,4692.8,56.8,0.433,136,0,,,True,9.3
9561,32.923547,-117.191497,4693.6,56.4,0.314,137,0,,,False,7.5
9565,32.923548,-117.191493,4694.5,56.8,0.189,138,0,,,False,6.9
9570,32.923548,-117.191493,4694.5,57.2,0.1,141,0,,,False,5.7
9571,32.923548,-117.191493,4694.5,57.2,0.0,142,0,,,False,6.7
9572,32.923548,-117.191493,4694.5,57.0,0.0,142,0,,,False,3.7
9575,32.923558,-117.191517,4696.3,56.6,0.36,142,0,,,True,-1.9
9579,32.923577,-117.191497,4697.4,57.0,0.414,139,0,,,False,-2.1
9580,32.92358,-117.191504,4697.4,57.0,0.22,137,0,,,False,-1.9
9586,32.923564,-117.191499,4697.4,57.2,0.0,135,0,,,False,2.0
9587,32.923572,-117.191508,4698.6,57.2,0.171,135,0,,,True,4.4
9589,32.92358,-117.191504,4699.2,57.2,0.2,138,0,,,False,11.0
9591,32.92358,-117.191504,4699.2,57.2,0.36,141,0,,,False,7.2
9596,32.923566,-117.191509,4701.0,57.0,0.257,136,0,,,True,3.6
9597,32.923558,-117.191524,4702.2,56.8,0.5,132,0,,,True,6.3
9598,32.923556,-117.191521,4702.5,56.6,0.471,129,0,,,True,8.8
9599,32.923553,-117.191529,4703.3,56.6,0.513,134,0,,,True,5.8
9601,32.923553,-117.191514,4703.4,56.6,0.48,138,0,,,False,3.9
9602,32.923551,-117.191513,4703.6,56.6,0.28,139,0,,,False,0.0
9607,32.92355,-117.191523,4703.6,57.2,0.033,135,0,,,False,0.0
9608,32.92355,-117.191523,4703.6,57.4,0.0,133,0,,,False,4.6
9609,32.92355,-117.191523,4703.6,57.8,0.0,132,0,,,False,4.5
9612,32.923565,-117.191516,4705.6,57.6,0.4,131,0,,,True,4.2
9616,32.923564,-117.191521,4705.9,57.2,0.329,137,0,,,False,4.0
9617,32.923574,-117.191511,4705.9,57.2,0.06,137,0,,,False,13.5
9621,32.92356,-117.191503,4707.7,57.6,0.36,136,0,,,True,7.5
9626,32.92356,-117.191503,4708.0,57.0,0.233,136,0,,,False,8.3
9630,32.923558,-117.191521,4709.2,57.2,0.167,138,0,,,False,7.8
9634,32.92356,-117.191511,4709.7,57.4,0.212,141,0,,,False,9.7
9635,32.923556,-117.19152,4709.7,57.4,0.1,141,0,,,False,4.8
9641,32.923557,-117.191523,4709.9,57.4,0.029,142,0,,,False,0.0
9648,32.923568,-117.191532,4710.5,57.4,0.062,143,0,,,False,5.9
9650,32.923563,-117.191517,4710.6,57.4,0.078,142,0,,,False,6.5
9652,32.923557,-117.191523,4711.1,57.4,0.109,143,0,,,False,11.7
9657,32.92357,-117.191511,4711.1,58.0,0.071,142,0,,,False,17.0
9659,32.92357,-117.191511,4711.1,58.0,0.0,143,0,,,False,17.8
9662,32.923582,-117.191524,4712.8,57.6,0.34,142,0,,,True,22.2
9665,32.923587,-117.191526,4712.9,57.4,0.3,141,0,,,False,8.2
9669,32.923591,-117.191532,4713.5,57.4,0.1,141,0,,,False,8.2
9672,32.923575,-117.191504,4716.0,57.8,0.443,142,0,,,True,8.8
9673,32.923578,-117.191494,4716.9,58.2,0.5,143,68,,,True,9.3
9676,32.92358,-117.191472,4718.0,58.8,0.643,144,68,,,True,3.7
9677,32.923586,-117.191469,4718.6,58.8,0.52,147,68,,,True,2.2
9679,32.92359,-117.191479,4719.3,59.0,0.4,150,0,,,True,-4.3
9680,32.923584,-117.191481,4719.5,59.0,0.371,150,0,,,False,-3.8
9684,32.923581,-117.191478,4719.6,59.6,0.06,148,0,,,False,-1.9
9686,32.923581,-117.191478,4719.6,59.4,0.017,145,0,,,False,1.9
9690,32.923575,-117.191501,4721.9,58.4,0.383,139,0,,,True,0.0
9691,32.923576,-117.191503,4722.0,58.2,0.48,135,0,,,False,5.5
9692,32.923577,-117.1915,4722.0,57.8,0.4,132,0,,,False,2.0
9693,32.923579,-117.191502,4722.1,57.4,0.357,131,0,,,False,-8.2
9694,32.923579,-117.191502,4722.1,57.2,0.313,132,0,,,False,-10.3
9695,32.923588,-117.191506,4722.1,57.2,0.04,133,0,,,False,-9.7
9698,32.923581,-117.191502,4723.2,57.2,0.22,136,0,,,True,-14.9
9699,32.923579,-117.191502,4723.4,57.2,0.26,137,0,,,False,-17.6
9705,32.923579,-117.191502,4724.1,57.6,0.129,139,0,,,False,-21.0
9712,32.923579,-117.191502,4724.1,57.8,0.054,139,0,,,False,-14.0
9716,32.923579,-117.191502,4725.5,57.6,0.127,139,0,,,True,-7.9
9720,32.923589,-117.191517,4726.9,58.4,0.35,142,115,,,True,-5.9
9721,32.923596,-117.191513,4727.7,58.6,0.44,144,0,,,True,-8.9
9728,32.923581,-117.191503,4727.7,58.0,0.1,145,0,,,False,-7.8
9731,32.923581,-117.191503,4727.7,57.6,0.0,145,0,,,False,-13.9
9735,32.923581,-117.191503,4727.7,57.8,0.0,144,0,,,False,-15.8
9740,32.923581,-117.191503,4728.3,57.8,0.067,141,0,,,False,-16.5
9746,32.923593,-117.191539,4732.0,56.8,0.391,142,0,,,True,-18.5
9747,32.92359,-117.191541,4732.2,56.6,0.557,142,0,,,False,-30.9
9749,32.92359,-117.191541,4732.2,56.4,0.433,141,0,,,False,-35.3
9751,32.923597,-117.191552,4733.5,56.4,0.3,140,0,,,True,-25.5
9754,32.923606,-117.191561,4734.2,56.2,0.4,137,0,,,False,-28.3
9756,32.923607,-117.191563,4734.4,56.0,0.18,134,0,,,False,-27.7
9757,32.923603,-117.191571,4735.2,56.0,0.283,135,0,,,True,-36.7
9762,32.923594,-117.191578,4736.3,55.6,0.317,134,0,,,False,-35.5
9763,32.923593,-117.191573,4736.3,55.6,0.183,133,0,,,False,-32.4
9767,32.92358,-117.191582,4737.9,55.0,0.32,129,0,,,True,-38.0
9771,32.923567,-117.191602,4740.3,54.4,0.5,131,0,,,True,-38.8
9772,32.923559,-117.191609,4741.4,54.2,0.7,131,0,,,True,-40.8
9777,32.923557,-117.191621,4741.8,53.4,0.25,130,0,,,False,-33.3
9778,32.923548,-117.191617,4741.8,53.2,0.067,130,0,,,False,-43.0
9779,32.923543,-117.191625,4742.7,53.0,0.186,130,0,,,True,-35.4
9783,32.923548,-117.191629,4743.2,52.8,0.28,132,0,,,False,-30.8
9788,32.923541,-117.191624,4743.5,52.6,0.089,132,57,,,False,-25.5
9793,32.923541,-117.191624,4744.0,52.4,0.08,133,0,,,False,-21.2
9798,32.923533,-117.191626,4744.5,52.0,0.1,135,0,,,False,-21.5
9804,32.923535,-117.191625,4745.4,52.6,0.127,138,0,,,False,-15.4
9807,32.92353,-117.191619,4745.6,51.6,0.122,142,0,,,False,-21.4
9808,32.923532,-117.191621,4745.6,51.4,0.11,143,0,,,False,-13.8
9813,32.923535,-117.191625,4745.9,52.2,0.05,145,0,,,False,-11.2
9816,32.923527,-117.191632,4746.7,52.4,0.137,144,0,,,False,-5.5
9819,32.923541,-117.191624,4747.3,52.6,0.233,141,0,,,False,-3.8
9821,32.923549,-117.191627,4747.3,52.8,0.12,139,0,,,False,-5.5
9827,32.923551,-117.19163,4748.3,52.8,0.125,139,0,,,False,3.7
9830,32.923543,-117.191628,4749.6,52.4,0.256,140,0,,,True,-1.9
9836,32.923538,-117.191622,4750.7,52.8,0.267,140,0,,,False,-5.7
9841,32.923544,-117.191621,4751.7,52.0,0.191,142,0,,,False,-5.5
9847,32.923537,-117.19162,4753.4,51.8,0.245,141,0,,,False,-8.0
9852,32.923541,-117.191624,4754.5,52.0,0.255,140,0,,,False,-1.8
9855,32.923534,-117.191633,4756.4,52.0,0.375,137,0,,,True,-5.8
9857,32.923537,-117.191623,4757.2,51.8,0.54,138,0,,,True,4.3
9860,32.923536,-117.191615,4758.3,52.0,0.38,135,0,,,True,2.0
9861,32.923531,-117.191616,4758.9,52.2,0.417,134,0,,,True,4.8
9864,32.923536,-117.191624,4761.0,52.2,0.543,135,0,,,True,9.8
9865,32.923541,-117.191624,4761.0,52.4,0.54,138,0,,,False,12.5
9868,32.923541,-117.191624,4761.0,52.4,0.3,142,0,,,False,3.4
9871,32.923541,-117.191624,4761.0,52.4,0.0,144,0,,,False,5.0
9873,32.923543,-117.191623,4761.7,52.2,0.14,145,0,,,True,6.0
9875,32.923538,-117.191612,4761.7,52.2,0.1,145,0,,,False,1.9
9879,32.923537,-117.191595,4763.6,52.8,0.317,146,0,,,True,6.5
9882,32.923537,-117.191595,4763.6,53.4,0.271,146,0,,,False,9.8
9885,32.923538,-117.19159,4764.1,53.2,0.083,146,0,,,False,7.8
9889,32.923533,-117.191608,4766.1,52.4,0.357,146,0,,,True,5.5
9892,32.923537,-117.191619,4768.3,52.6,0.6,145,0,,,True,5.5
9896,32.923539,-117.191615,4769.6,52.4,0.5,144,0,,,True,-4.0
9900,32.923539,-117.191611,4769.7,52.6,0.175,143,0,,,False,-9.9
9905,32.923539,-117.191615,4770.3,52.8,0.078,142,0,,,False,-7.7
9914,32.923544,-117.191601,4771.2,53.2,0.107,142,0,,,False,2.2
9917,32.923539,-117.191615,4772.7,52.8,0.2,142,0,,,True,0.0
9921,32.92354,-117.191615,4773.4,52.4,0.314,140,0,,,False,8.1
9922,32.923548,-117.191613,4773.7,52.4,0.2,141,0,,,True,8.1
9925,32.92355,-117.191617,4774.5,52.4,0.225,141,0,,,False,0.0
9926,32.923548,-117.191608,4774.5,52.4,0.22,140,0,,,False,9.5
9928,32.923545,-117.191616,4775.4,52.6,0.283,140,0,,,True,7.7
9933,32.923539,-117.191604,4777.4,52.4,0.414,140,0,,,True,1.7
9940,32.923535,-117.191598,4778.2,53.4,0.233,138,0,,,False,6.3
9943,32.923535,-117.191598,4778.2,53.4,0.08,135,0,,,False,3.6
9949,32.923535,-117.191598,4778.2,53.4,0.0,134,0,,,False,8.0
9954,32.923535,-117.191598,4778.2,53.4,0.0,129,0,,,False,6.5
9960,32.923535,-117.191598,4778.2,53.4,0.0,127,0,,,False,7.8
9969,32.923539,-117.191602,4778.6,52.6,0.027,127,0,,,False,16.3
9974,32.92355,-117.191606,4780.1,53.4,0.136,129,0,,,False,11.9
9978,32.923553,-117.191609,4782.1,53.0,0.389,129,0,,,True,15.2
9983,32.923551,-117.191587,4782.2,53.4,0.233,131,0,,,False,18.7
9989,32.923542,-117.191595,4783.7,53.2,0.145,132,0,,,False,20.8
9995,32.923535,-117.191598,4783.8,53.2,0.133,133,0,,,False,27.1
10001,32.923535,-117.191598,4783.8,53.0,0.008,136,0,,,False,19.5
10004,32.923545,-117.191588,4784.7,53.2,0.1,134,0,,,False,11.4
10010,32.92354,-117.191578,4785.2,54.2,0.156,133,61,,,False,11.4
10017,32.923539,-117.191583,4785.5,53.8,0.062,130,0,,,False,19.8
10019,32.92354,-117.191575,4786.5,53.6,0.144,131,0,,,True,11.2
10023,32.923547,-117.191587,4786.6,53.8,0.183,135,0,,,False,10.5
10028,32.923573,-117.191573,4786.6,54.2,0.011,133,0,,,False,13.5
10035,32.923567,-117.191567,4787.0,54.2,0.033,135,0,,,False,19.0
10040,32.923567,-117.191567,4787.0,54.2,0.033,138,0,,,False,8.8
10043,32.923567,-117.191567,4787.0,54.4,0.0,143,0,,,False,4.2
10044,32.923567,-117.191567,4787.0,54.6,0.0,143,0,,,False,3.5
10048,32.923567,-117.191567,4787.0,55.0,0.0,141,0,,,False,0.0
10052,32.923542,-117.191575,4788.7,54.6,0.212,144,0,,,True,0.0
10053,32.923542,-117.191575,4788.7,54.6,0.34,146,0,,,False,0.0
10060,32.923542,-117.191575,4789.0,54.4,0.038,146,0,,,False,-2.0
10062,32.923542,-117.191575,4789.0,54.4,0.033,143,0,,,False,0.0
10064,32.923546,-117.191559,4789.6,54.4,0.082,139,0,,,True,3.2
10065,32.923544,-117.191559,4789.6,54.6,0.12,138,0,,,False,3.5
10073,32.923535,-117.191566,4790.5,54.8,0.1,135,0,,,False,0.0
10075,32.923544,-117.191559,4790.5,54.6,0.09,131,0,,,False,-1.8
10083,32.923539,-117.191581,4791.2,54.2,0.07,131,0,,,False,-7.3
10085,32.923544,-117.19158,4791.2,53.8,0.07,135,0,,,False,0.0
10087,32.923543,-117.191578,4791.5,53.4,0.083,136,0,,,False,0.0
10088,32.923545,-117.191571,4791.6,53.4,0.08,136,0,,,False,0.0
10093,32.923533,-117.191592,4793.6,53.4,0.35,136,62,,,True,5.9
10098,32.923546,-117.19161,4795.3,53.2,0.37,136,0,,,True,8.4
10102,32.923546,-117.19161,4795.3,53.6,0.189,133,0,,,False,-2.0
10105,32.923546,-117.19161,4795.3,53.6,0.0,130,0,,,False,2.0
10110,32.923546,-117.19161,4795.3,53.8,0.0,130,0,,,False,6.1
10114,32.92356,-117.191588,4798.0,54.2,0.3,130,0,,,True,5.6
10115,32.92356,-117.191588,4798.0,54.4,0.54,130,0,,,False,1.9
10119,32.92356,-117.191588,4798.0,54.6,0.0,134,0,,,False,3.7
10124,32.92356,-117.191588,4798.0,54.2,0.0,135,0,,,False,11.9
10129,32.923558,-117.191574,4798.9,54.6,0.09,135,0,,,False,8.8
10131,32.923561,-117.191576,4799.1,55.0,0.157,138,0,,,False,8.1
10133,32.923566,-117.19157,4799.1,55.2,0.122,141,0,,,False,12.3
10135,32.923566,-117.19157,4799.1,55.2,0.033,141,0,,,False,13.8
10140,32.923566,-117.19157,4799.4,54.2,0.043,140,0,,,False,10.3
10146,32.923566,-117.19157,4799.4,54.6,0.027,142,0,,,False,4.4
10156,32.923566,-117.19157,4799.4,54.6,0.0,144,0,,,False,5.9
10162,32.923551,-117.191566,4799.4,54.6,0.0,142,0,,,False,2.0
10171,32.923551,-117.191566,4799.4,55.0,0.0,141,0,,,False,2.2
10178,32.923561,-117.191547,4800.3,55.0,0.056,141,0,,,False,0.0
10187,32.923549,-117.191553,4801.3,55.0,0.119,141,0,,,False,-4.0
10194,32.923561,-117.191547,4802.8,54.4,0.156,143,0,,,False,-3.3
10196,32.923552,-117.191557,4803.5,54.2,0.244,140,0,,,True,-5.0
10200,32.923537,-117.191566,4805.0,54.8,0.367,140,0,,,True,0.0
10206,32.923526,-117.191559,4806.9,54.8,0.34,138,0,,,True,0.0
10208,32.923526,-117.191559,4807.0,54.6,0.25,138,0,,,False,-3.7
10213,32.923534,-117.191578,4808.1,54.8,0.171,138,0,,,False,-5.9
10214,32.923531,-117.19157,4808.1,54.8,0.183,138,0,,,False,-13.2
10221,32.923529,-117.191562,4808.4,54.6,0.037,139,0,,,False,-10.9
10224,32.92353,-117.191565,4809.0,54.6,0.09,140,0,,,False,-15.9
10225,32.923536,-117.19156,4809.0,54.6,0.082,140,0,,,False,-11.7
10230,32.92353,-117.191549,4811.2,54.6,0.367,143,0,,,True,-13.5
10231,32.923532,-117.191547,4811.5,54.4,0.417,145,0,,,True,-11.4
10234,32.923539,-117.191542,4811.6,53.2,0.289,148,0,,,False,-9.6
10237,32.923526,-117.191547,4811.9,53.2,0.067,147,0,,,False,-7.8
10242,32.923543,-117.19157,4813.8,53.2,0.275,146,44,,,True,-7.8
10243,32.923548,-117.191566,4813.8,53.4,0.317,143,42,,,False,-6.3
10244,32.923549,-117.191564,4813.8,53.4,0.271,138,40,,,False,-2.0
10247,32.923537,-117.191556,4815.3,53.6,0.3,135,0,,,True,-2.0
10248,32.923533,-117.191553,4815.8,53.6,0.4,132,0,,,True,-2.3
10249,32.923529,-117.191554,4815.8,53.4,0.4,132,0,,,False,-4.6
10253,32.923533,-117.191552,4817.4,53.6,0.32,136,43,,,True,-6.7
10254,32.923536,-117.191555,4817.4,53.8,0.32,137,43,,,False,-12.9
10255,32.923528,-117.191558,4818.4,54.0,0.433,134,50,,,True,-6.3
10256,32.923525,-117.191555,4818.5,54.0,0.386,129,0,,,False,-2.0
10258,32.923521,-117.191553,4818.9,53.6,0.3,129,0,,,False,0.0
10262,32.92354,-117.19157,4819.2,54.4,0.117,131,0,,,False,4.1
10264,32.923539,-117.19157,4819.2,54.6,0.05,135,0,,,False,5.2
10267,32.923532,-117.191562,4819.9,54.4,0.14,139,0,,,False,7.1
10268,32.923535,-117.191563,4819.9,54.2,0.117,136,0,,,False,18.5
10269,32.92354,-117.19157,4819.9,54.2,0.14,133,0,,,False,18.9
10270,32.92354,-117.19156,4820.1,54.0,0.15,141,0,,,False,15.2
10271,32.923538,-117.191556,4820.1,54.0,0.129,150,0,,,False,13.3
10272,32.923533,-117.191553,4820.1,53.8,0.04,156,0,,,False,8.9
10274,32.923526,-117.191562,4820.5,53.4,0.12,158,0,,,False,15.2
10276,32.923523,-117.191556,4820.5,53.2,0.08,158,0,,,False,7.3
10281,32.923526,-117.191568,4820.7,54.0,0.029,157,0,,,False,9.6
10286,32.923536,-117.191573,4820.9,54.4,0.04,156,0,,,False,2.2
10287,32.923526,-117.191568,4821.0,54.4,0.05,155,0,,,False,-1.9
10291,32.923526,-117.191568,4821.0,54.6,0.02,150,0,,,False,-6.3
10294,32.923526,-117.191568,4821.0,54.6,0.0,147,0,,,False,2.0
10296,32.923526,-117.191568,4821.0,54.8,0.0,145,0,,,False,5.9
10298,32.923526,-117.191568,4821.0,55.0,0.0,141,0,,,False,0.0
10300,32.923526,-117.191568,4821.0,55.0,0.0,138,0,,,False,-1.9
10303,32.923543,-117.191565,4822.7,55.2,0.34,135,0,,,True,2.0
10304,32.923543,-117.191566,4822.7,55.0,0.283,132,0,,,False,5.7
10305,32.923538,-117.191569,4823.3,55.0,0.46,136,0,,,True,5.7
10306,32.923526,-117.191568,4824.3,54.8,0.55,139,0,,,True,11.8
10307,32.923526,-117.191568,4824.3,54.6,0.471,152,0,,,False,6.0
10308,32.923526,-117.191568,4824.3,54.4,0.32,154,0,,,False,3.1
10313,32.923544,-117.191568,4824.5,55.0,0.033,154,0,,,False,1.6
10315,32.923551,-117.191561,4824.5,55.0,0.029,151,0,,,False,0.0
10321,32.92354,-117.19156,4826.2,54.4,0.212,150,0,,,False,-1.6
10324,32.923541,-117.191572,4826.4,54.0,0.211,146,0,,,False,-1.8
10325,32.92354,-117.191577,4826.4,53.8,0.19,147,0,,,False,0.0
10330,32.923526,-117.191568,4827.9,53.4,0.25,146,0,,,False,-1.8
10331,32.923526,-117.191568,4827.9,53.4,0.25,146,66,,,False,1.8
10337,32.923548,-117.191566,4828.6,54.2,0.1,149,0,,,False,-3.6
10339,32.923547,-117.191559,4829.0,54.2,0.138,150,0,,,False,8.2
10345,32.923543,-117.191561,4830.0,54.4,0.175,149,0,,,False,0.0
10346,32.923546,-117.191569,4830.7,54.6,0.243,149,0,,,True,0.0
10353,32.923565,-117.191587,4833.6,54.8,0.45,148,0,,,True,8.2
10354,32.923565,-117.191587,4833.6,54.8,0.363,149,0,,,False,8.2
10356,32.923578,-117.191605,4835.5,54.6,0.48,149,0,,,True,6.2
10364,32.92358,-117.191614,4835.9,55.4,0.23,149,0,,,False,4.1
10369,32.92358,-117.191614,4835.9,55.2,0.031,146,0,,,False,-1.9
10372,32.92358,-117.191614,4835.9,55.2,0.0,146,0,,,False,1.9
10382,32.92358,-117.191614,4835.9,54.4,0.0,147,0,,,False,8.8
10388,32.92358,-117.191614,4835.9,54.4,0.0,150,0,,,False,11.0
10391,32.92358,-117.191614,4835.9,54.4,0.0,150,0,,,False,0.0
10396,32.92358,-117.191614,4835.9,55.0,0.0,147,0,,,False,0.0
10404,32.92358,-117.191614,4835.9,55.2,0.0,147,0,,,False,0.0
10406,32.92358,-117.191614,4835.9,55.2,0.0,142,0,,,False,0.0
10407,32.92358,-117.191614,4835.9,55.2,0.0,138,0,,,False,0.0
10408,32.92358,-117.191614,4835.9,55.2,0.0,138,0,,,False,0.0
10413,32.92358,-117.191614,4835.9,55.0,0.0,135,0,,,False,-14.3
10418,32.92358,-117.191614,4835.9,54.8,0.0,135,0,,,False,-14.3
10422,32.92358,-117.191614,4835.9,54.8,0.0,133,0,,,False,-31.4
10425,32.923567,-117.191621,4835.9,54.8,0.0,133,0,,,False,-20.0
10433,32.923559,-117.191608,4837.0,54.2,0.1,131,0,,,False,-28.6
10440,32.923559,-117.191608,4837.0,54.2,0.073,128,0,,,False,-31.4
10443,32.923559,-117.191608,4837.0,54.2,0.0,127,0,,,False,-31.4
10447,32.923559,-117.191608,4837.0,54.4,0.0,124,0,,,False,-18.7
10450,32.923558,-117.191604,4838.1,53.8,0.157,124,0,,,True,-16.8
10456,32.92355,-117.191596,4839.2,53.6,0.244,126,0,,,False,-15.0
10467,32.92355,-117.191596,4839.2,53.8,0.065,123,0,,,False,-5.9
10470,32.92355,-117.191596,4839.2,53.6,0.0,123,0,,,False,-5.9
10474,32.92355,-117.191596,4839.2,53.4,0.0,123,0,,,False,-7.9
10476,32.92355,-117.191596,4839.2,53.0,0.0,122,0,,,False,-4.4
10485,32.923578,-117.191617,4842.9,53.0,0.336,125,0,,,True,-5.9
10487,32.923593,-117.191607,4844.8,53.2,0.509,129,0,,,True,-7.5
10489,32.923574,-117.191608,4846.6,53.2,0.569,130,0,,,True,-9.4
10495,32.923569,-117.19161,4847.1,53.6,0.288,132,0,,,False,-5.7
10496,32.923569,-117.19161,4847.1,53.6,0.071,135,0,,,False,-2.7
10498,32.923569,-117.19161,4847.1,53.4,0.056,138,0,,,False,4.7
10502,32.923569,-117.19161,4847.1,53.4,0.0,140,0,,,False,2.4
10508,32.923552,-117.191629,4848.3,53.2,0.12,139,0,,,False,2.4
10514,32.923565,-117.19162,4849.8,52.8,0.225,142,0,,,False,9.4
10517,32.923552,-117.191629,4850.2,52.8,0.211,141,0,,,False,7.1
10522,32.923552,-117.191629,4851.4,53.4,0.2,140,0,,,False,7.1
10526,32.923552,-117.191629,4851.4,53.4,0.133,146,0,,,False,6.6
10528,32.923552,-117.191629,4851.4,53.2,0.0,148,0,,,False,8.7
10532,32.923552,-117.191629,4851.4,53.2,0.0,145,0,,,False,4.3
10539,32.923552,-117.191629,4851.4,53.4,0.0,145,0,,,False,6.5
10543,32.923552,-117.191629,4851.4,53.2,0.0,141,0,,,False,0.0
10545,32.923552,-117.191629,4851.4,53.4,0.0,138,0,,,False,0.0
10548,32.923552,-117.191629,4851.4,53.8,0.0,135,0,,,False,0.0
10552,32.923552,-117.191629,4851.4,53.6,0.0,132,0,,,False,33.3
10553,32.923552,-117.191629,4851.4,53.6,0.0,128,0,,,False,-2.0
10554,32.923552,-117.191629,4851.4,53.6,0.0,121,0,,,False,6.5
10555,32.923552,-117.191629,4851.4,53.6,0.0,118,0,,,False,12.9
10565,32.923552,-117.191629,4851.4,54.2,0.0,115,0,,,False,12.9
10572,32.923552,-117.191629,4852.0,53.6,0.035,114,0,,,False,-6.5
10580,32.923561,-117.191626,4852.0,53.8,0.04,115,0,,,False,8.6
10582,32.923552,-117.191629,4852.1,53.8,0.01,120,0,,,False,9.9
10583,32.923552,-117.191629,4852.1,54.0,0.009,120,0,,,False,18.4
10588,32.923552,-117.191629,4852.1,53.4,0.0,119,0,,,False,20.0
10594,32.923552,-117.191629,4852.1,53.2,0.0,120,0,,,False,16.7
10603,32.923552,-117.191629,4852.1,53.6,0.0,120,0,,,False,18.5
10609,32.923544,-117.191633,4854.5,53.6,0.16,120,47,,,True,18.5
10612,32.923552,-117.191629,4854.8,53.4,0.3,117,0,,,False,13.0
10614,32.923552,-117.191629,4854.8,53.2,0.06,115,0,,,False,14.8
10620,32.923544,-117.191629,4855.5,53.2,0.087,119,0,,,False,14.8
10623,32.923546,-117.191625,4856.6,52.8,0.2,119,0,,,True,15.7
10629,32.923549,-117.191614,4857.1,53.4,0.178,117,0,,,False,13.9
10632,32.923559,-117.191622,4857.2,53.2,0.067,120,0,,,False,17.8
10635,32.923555,-117.19162,4857.9,53.0,0.133,122,73,,,False,15.8
10640,32.923548,-117.191627,4858.0,53.0,0.1,124,0,,,False,23.4
10644,32.923552,-117.191629,4858.6,53.0,0.078,125,0,,,False,19.0
10650,32.923547,-117.19161,4859.1,53.2,0.11,126,0,,,False,21.6
10654,32.923558,-117.191621,4859.1,53.6,0.05,129,0,,,False,23.5
10655,32.923564,-117.191613,4859.9,53.8,0.16,130,0,,,True,29.6
10658,32.923564,-117.191613,4859.9,54.4,0.1,133,0,,,False,27.5
10660,32.923562,-117.19161,4860.0,54.6,0.02,134,0,,,False,29.2
10665,32.923576,-117.191594,4862.2,55.2,0.329,135,0,,,True,26.9
10668,32.923576,-117.191594,4862.2,55.2,0.275,138,0,,,False,35.1
10672,32.923576,-117.191594,4862.2,55.4,0.0,140,0,,,False,37.1
10675,32.923576,-117.191594,4862.2,55.6,0.0,141,0,,,False,37.1
10679,32.923582,-117.191562,4865.0,55.6,0.4,142,56,,,True,35.1
10683,32.923562,-117.191559,4867.4,56.0,0.65,146,0,,,True,36.9
10684,32.923561,-117.191565,4867.4,56.0,0.48,147,0,,,False,30.6
10685,32.923562,-117.191563,4867.5,55.8,0.417,148,0,,,False,30.6
10688,32.923563,-117.191562,4868.3,55.8,0.18,149,0,,,False,28.6
10692,32.923563,-117.191562,4868.3,56.4,0.114,146,0,,,False,26.7
10693,32.923563,-117.191562,4868.3,56.6,0.0,145,0,,,False,22.6
10695,32.923563,-117.191562,4868.3,56.6,0.0,145,0,,,False,17.4
10705,32.923563,-117.191562,4868.3,56.4,0.0,148,0,,,False,17.4
10706,32.923563,-117.191562,4868.3,56.6,0.0,152,0,,,False,17.4
10707,32.923563,-117.191562,4868.3,56.6,0.0,152,0,,,False,13.0
10714,32.923563,-117.191562,4868.3,56.4,0.0,150,0,,,False,13.0
10719,32.923563,-117.191562,4868.9,56.8,0.05,149,0,,,False,13.0
10730,32.923563,-117.191562,4868.9,56.2,0.037,147,0,,,False,13.8
10732,32.923563,-117.191562,4868.9,56.2,0.0,143,0,,,False,16.7
10733,32.923563,-117.191562,4868.9,56.2,0.0,140,0,,,False,-6.5
10734,32.923563,-117.191562,4868.9,56.2,0.0,137,0,,,False,-6.5
10736,32.923563,-117.191562,4868.9,56.0,0.0,132,0,,,False,25.5
10739,32.923563,-117.191562,4868.9,56.0,0.0,129,0,,,False,27.7
10744,32.923563,-117.191562,4869.6,56.0,0.088,130,0,,,False,8.0
10748,32.923567,-117.191535,4871.4,56.4,0.278,127,0,,,True,16.0
10753,32.923568,-117.191541,4871.4,56.8,0.2,125,0,,,False,22.6
10766,32.923568,-117.191541,4871.4,56.4,0.0,125,0,,,False,20.9
10780,32.923568,-117.191541,4871.4,56.8,0.0,125,0,,,False,20.2
10786,32.923568,-117.191541,4871.4,56.6,0.0,128,0,,,False,25.7
10793,32.923568,-117.191541,4871.4,56.4,0.0,127,0,,,False,25.7
10798,32.923568,-117.191541,4871.4,56.6,0.0,124,0,,,False,27.5
10802,32.923564,-117.191534,4871.7,56.8,0.033,122,0,,,False,32.2
10804,32.923583,-117.191526,4873.8,57.0,0.4,121,0,,,True,34.9
10805,32.923587,-117.19152,4874.6,57.2,0.457,121,0,,,True,31.2
10807,32.92359,-117.191516,4875.0,57.6,0.66,120,0,,,False,31.2
10808,32.92359,-117.191516,4875.0,57.8,0.55,120,0,,,False,34.9
10813,32.923605,-117.191509,4876.7,58.6,0.283,122,0,,,True,32.1
10814,32.923609,-117.1915,4877.6,58.6,0.433,122,0,,,True,34.9
10816,32.923613,-117.191478,4879.8,59.0,0.6,122,0,,,True,36.0
10817,32.923616,-117.191476,4880.1,59.2,0.567,123,0,,,True,34.0
10819,32.923626,-117.191477,4880.9,59.6,0.66,125,0,,,True,38.6
10822,32.923628,-117.191461,4882.3,60.2,0.44,127,0,,,True,36.4
10826,32.923632,-117.191435,4884.7,60.8,0.543,126,0,,,True,40.4
10828,32.92363,-117.191429,4885.0,61.2,0.45,127,0,,,False,36.2
10835,32.92363,-117.191429,4885.0,61.6,0.033,130,0,,,False,29.8
10837,32.92363,-117.191429,4885.0,61.8,0.0,132,0,,,False,34.5
10839,32.923634,-117.191434,4885.1,61.8,0.009,136,0,,,False,28.0
10840,32.92364,-117.191435,4885.5,61.8,0.1,136,0,,,True,20.4
10841,32.923642,-117.191435,4885.7,61.8,0.117,137,0,,,False,12.8
10846,32.92363,-117.191429,4886.1,62.4,0.1,140,0,,,False,12.8
10848,32.92363,-117.191429,4886.1,62.4,0.057,140,0,,,False,12.8
10859,32.923642,-117.19143,4886.1,62.0,0.0,140,0,,,False,13.6
10864,32.923637,-117.191382,4890.8,62.8,0.294,141,0,,,True,6.0
10866,32.923633,-117.19139,4891.6,62.6,0.786,141,0,,,True,1.8
10868,32.923637,-117.191406,4893.1,62.4,0.778,143,0,,,True,1.9
10875,32.923641,-117.191416,4894.1,62.0,0.278,142,0,,,False,-4.0
10884,32.923641,-117.191416,4894.1,62.0,0.063,139,0,,,False,0.0
10887,32.923641,-117.191416,4894.1,62.0,0.0,136,0,,,False,-10.0
10890,32.923641,-117.191416,4894.1,62.0,0.0,133,0,,,False,-7.6
10897,32.923641,-117.191416,4894.1,62.0,0.0,132,0,,,False,-1.9
10899,32.923636,-117.191401,4895.0,62.2,0.1,133,0,,,True,2.0
10902,32.923647,-117.191411,4896.2,62.0,0.42,134,0,,,True,6.5
10904,32.923641,-117.191416,4896.8,61.8,0.36,128,0,,,True,9.4
10909,32.923654,-117.191415,4896.8,62.2,0.086,125,0,,,False,13.7
10910,32.923659,-117.191403,4897.8,62.0,0.167,124,0,,,True,13.7
10913,32.923666,-117.191395,4898.7,62.2,0.211,117,0,,,False,13.0
10914,32.923665,-117.191384,4899.7,62.4,0.58,117,0,,,True,17.5
10916,32.923664,-117.191365,4901.5,62.6,0.617,123,0,,,True,20.4
10917,32.923661,-117.19136,4901.8,62.8,0.571,125,0,,,True,23.5
10918,32.923658,-117.191355,4902.3,63.0,0.72,126,0,,,True,23.6
10923,32.923651,-117.191316,4905.8,63.6,0.667,126,43,,,True,25.8
10924,32.923655,-117.191314,4906.1,63.6,0.633,126,0,,,True,24.8
10926,32.923667,-117.191304,4907.6,64.0,0.663,126,44,,,True,22.6
10930,32.923675,-117.191283,4909.7,64.8,0.6,125,0,,,True,24.1
10932,32.923679,-117.19127,4910.8,65.0,0.533,123,43,,,True,21.6
10934,32.923689,-117.191267,4912.0,65.2,0.55,120,43,,,True,22.2
10935,32.923698,-117.191264,4912.9,65.4,0.64,118,43,,,True,21.8
10936,32.923709,-117.191263,4914.1,65.6,0.733,118,43,,,True,19.3
10940,32.923725,-117.19124,4916.9,66.0,0.8,121,40,,,True,19.4
10941,32.92373,-117.191236,4917.5,66.2,0.68,124,0,,,True,19.7
10942,32.923732,-117.191236,4917.7,66.2,0.6,128,0,,,False,19.5
10944,32.923742,-117.191225,4919.3,66.4,0.65,131,0,,,True,21.8
10949,32.923756,-117.191203,4921.1,67.0,0.486,131,0,,,True,21.2
10950,32.92376,-117.191209,4921.5,67.2,0.367,130,0,,,True,21.6
10954,32.923784,-117.191205,4924.2,67.6,0.62,132,77,,,True,19.3
10959,32.923806,-117.191206,4927.0,68.2,0.611,134,80,,,True,16.3
10960,32.923814,-117.191206,4927.9,68.4,0.617,135,80,,,True,17.9
10968,32.923867,-117.191213,4933.8,69.2,0.756,136,43,,,True,17.1
10969,32.92387,-117.191208,4934.0,69.4,0.678,137,44,,,False,17.4
10975,32.923912,-117.191213,4938.7,70.2,0.7,136,42,,,True,23.5
10980,32.923938,-117.191218,4941.7,70.8,0.7,136,40,,,True,22.0
10984,32.923953,-117.191228,4943.7,71.2,0.556,137,77,,,True,19.8
10987,32.923958,-117.191229,4944.0,71.6,0.329,138,0,,,False,12.4
10993,32.923986,-117.191253,4948.1,72.0,0.489,138,0,,,True,11.0
10998,32.923995,-117.19126,4948.8,72.2,0.436,138,0,,,False,8.7
11004,32.924036,-117.1913,4954.6,72.4,0.591,138,0,,,True,6.1
11005,32.924044,-117.191303,4955.5,72.6,0.957,139,44,,,True,5.6
11011,32.924084,-117.191343,4961.2,72.8,0.943,139,44,,,True,8.1
11017,32.924127,-117.191373,4966.7,73.2,0.933,139,47,,,True,7.4
11020,32.924144,-117.191395,4969.5,73.6,0.922,139,47,,,True,11.2
11023,32.924158,-117.191415,4971.7,73.8,0.833,139,46,,,True,10.6
11028,32.924193,-117.191434,4975.5,74.4,0.75,137,44,,,True,8.7
11032,32.924209,-117.191452,4978.0,74.4,0.7,136,44,,,True,6.7
11035,32.92423,-117.191471,4981.0,74.6,0.786,135,47,,,True,7.4
11038,32.924243,-117.191499,4983.7,74.6,0.95,133,47,,,True,7.2
11044,32.924282,-117.191534,4989.0,75.4,0.889,132,79,,,True,6.3
11047,32.924305,-117.191547,4991.8,75.4,0.9,135,45,,,True,8.5
11050,32.92432,-117.191559,4993.8,75.4,0.8,136,44,,,True,2.0
11052,32.924332,-117.191569,4995.5,75.6,0.74,137,43,,,True,1.9
11056,32.924361,-117.191586,4999.1,75.6,0.883,134,48,,,True,1.7
11059,32.924382,-117.191606,5002.1,75.6,0.943,133,47,,,True,0.0
11061,32.924393,-117.191605,5003.4,75.6,0.86,132,0,,,True,0.0
11064,32.924412,-117.191618,5005.4,75.6,0.66,129,41,,,True,6.3
11065,32.92442,-117.191619,5006.3,75.6,0.7,129,41,,,True,9.9
11069,32.924441,-117.191629,5008.7,75.6,0.66,130,42,,,True,6.8
11075,32.924464,-117.191638,5011.7,76.4,0.54,129,0,,,True,4.9
11076,32.924468,-117.191635,5012.2,76.6,0.5,128,0,,,True,5.8
11078,32.924492,-117.191652,5015.1,76.4,0.711,125,40,,,True,0.0
11081,32.924515,-117.191651,5017.6,76.2,1.08,125,42,,,True,-1.7
11087,32.92456,-117.191657,5022.4,76.4,0.811,123,41,,,True,2.0
11088,32.924574,-117.191658,5023.9,76.4,0.9,122,41,,,True,4.8
11092,32.924586,-117.191653,5025.2,76.6,0.56,122,80,,,True,5.1
11098,32.924629,-117.191655,5030.0,76.8,0.61,123,47,,,True,6.3
11105,32.924667,-117.191659,5034.1,77.0,0.685,123,75,,,True,4.4
11108,32.924687,-117.191649,5036.6,77.2,0.66,123,72,,,True,5.5
11110,32.924707,-117.191651,5038.8,77.2,0.94,123,72,,,True,5.4
11117,32.924757,-117.191659,5044.5,77.6,0.878,123,42,,,True,6.5
11118,32.924763,-117.191656,5045.2,77.6,0.8,123,42,,,True,8.8
11123,32.924796,-117.191647,5048.9,78.0,0.733,123,40,,,True,12.8
11124,32.924805,-117.191653,5050.1,78.2,0.817,123,40,,,True,13.0
11128,32.92482,-117.191649,5051.9,78.4,0.6,123,41,,,True,13.6
11130,32.924838,-117.191657,5053.9,78.8,0.633,123,80,,,True,13.4
11135,32.924864,-117.191657,5056.8,79.2,0.7,126,73,,,True,13.9
11138,32.924885,-117.19165,5059.2,79.4,0.663,129,41,,,True,9.8
11141,32.924911,-117.191651,5062.0,79.8,0.867,131,78,,,True,8.7
11146,32.924948,-117.191659,5066.2,80.0,0.875,130,45,,,True,8.8
11147,32.924949,-117.19166,5066.3,80.0,0.717,131,45,,,False,6.0
11151,32.924989,-117.191661,5070.6,80.4,0.88,134,44,,,True,9.6
11156,32.925031,-117.191661,5075.4,80.6,1.011,136,44,,,True,8.9
11158,32.925043,-117.191662,5076.6,81.0,0.857,136,52,,,True,5.6
11161,32.925071,-117.191662,5079.8,81.2,0.88,137,52,,,True,6.6
11169,32.925117,-117.191662,5084.9,81.2,0.755,138,42,,,True,5.6
11176,32.925166,-117.191655,5090.5,81.6,0.713,135,40,,,True,6.0
11177,32.925168,-117.19165,5090.9,81.8,0.75,135,76,,,True,11.5
11179,32.925185,-117.191643,5093.2,82.0,0.83,135,76,,,True,13.6
11182,32.925205,-117.191646,5095.3,82.4,0.88,135,43,,,True,11.8
11186,32.925238,-117.191661,5099.1,82.8,0.843,135,0,,,True,10.4
11187,32.925235,-117.191655,5099.3,82.8,0.8,136,0,,,False,9.5
11189,32.925248,-117.191654,5100.7,82.8,0.771,137,55,,,True,6.6
11191,32.925261,-117.191652,5102.4,83.0,0.66,138,0,,,True,6.7
11196,32.925311,-117.191658,5108.0,83.4,1.043,140,42,,,True,9.9
11202,32.925339,-117.19165,5111.3,83.6,0.809,138,74,,,True,9.6
11207,32.925351,-117.191661,5112.8,84.0,0.436,135,0,,,False,4.2
11208,32.925351,-117.191661,5112.8,84.0,0.25,135,0,,,False,8.2
11217,32.925351,-117.191661,5112.8,83.8,0.0,136,0,,,False,20.4
11219,32.925351,-117.191661,5112.8,83.6,0.0,139,0,,,False,19.2
11224,32.925351,-117.191661,5112.8,83.8,0.0,142,0,,,False,14.0
11230,32.925354,-117.191659,5112.9,83.8,0.009,143,0,,,False,9.5
11232,32.925352,-117.191644,5112.9,84.0,0.012,143,0,,,False,8.1
11236,32.925354,-117.191632,5112.9,84.4,0.0,140,0,,,False,9.4
11237,32.925351,-117.191631,5112.9,84.4,0.0,139,0,,,False,7.8
11240,32.925352,-117.191622,5113.2,84.4,0.038,136,0,,,False,1.7
11242,32.925359,-117.191618,5113.2,84.4,0.06,133,0,,,False,1.7
11245,32.925355,-117.191616,5113.7,84.2,0.1,130,0,,,False,5.1
11247,32.92536,-117.191611,5114.2,84.2,0.2,127,0,,,False,3.4
11252,32.925382,-117.191612,5116.4,84.2,0.386,124,0,,,True,-1.7
11260,32.925366,-117.191625,5116.6,84.4,0.185,123,0,,,False,-1.8
11267,32.925373,-117.191614,5117.9,84.2,0.1,120,0,,,False,0.0
11269,32.92537,-117.191616,5117.9,84.2,0.144,119,0,,,False,0.0
11276,32.925372,-117.191615,5118.6,84.4,0.078,117,0,,,False,-2.1
11284,32.925399,-117.191623,5121.6,84.4,0.247,116,0,,,True,0.0
11290,32.925371,-117.191619,5124.6,84.2,0.429,115,0,,,True,0.0
11298,32.925368,-117.191612,5125.4,84.2,0.271,116,0,,,False,-1.9
11306,32.925376,-117.191612,5125.5,84.2,0.056,115,0,,,False,-5.2
11314,32.925394,-117.191626,5125.9,84.0,0.031,113,0,,,False,-2.0
11322,32.925383,-117.191656,5126.7,84.2,0.075,114,0,,,False,3.6
11323,32.925381,-117.19165,5126.8,84.2,0.1,114,0,,,False,3.8
11326,32.92539,-117.191651,5128.4,84.0,0.208,115,0,,,True,8.7
11329,32.925406,-117.191648,5130.1,83.8,0.55,118,50,,,True,7.5
11331,32.92542,-117.191655,5131.7,84.2,0.66,119,46,,,True,11.8
11336,32.925456,-117.191651,5135.8,84.6,0.814,120,40,,,True,19.0
11337,32.92547,-117.191645,5137.4,85.0,0.95,120,40,,,True,17.0
11338,32.925481,-117.191643,5138.6,85.2,0.986,120,40,,,True,11.8
11340,32.925497,-117.191651,5140.6,85.8,0.989,118,0,,,True,13.3
11342,32.9255,-117.191642,5141.1,85.8,0.74,117,0,,,False,11.5
11344,32.925506,-117.191645,5141.9,85.4,0.55,118,0,,,True,13.3
11348,32.925529,-117.191644,5144.4,85.6,0.55,118,41,,,True,9.4
11354,32.92556,-117.191647,5147.8,86.2,0.59,118,43,,,True,7.6
11356,32.925565,-117.191644,5148.5,86.4,0.513,120,75,,,True,8.0
11359,32.925569,-117.191638,5149.1,86.6,0.26,123,0,,,False,13.0
11361,32.925569,-117.191638,5149.1,86.6,0.12,122,0,,,False,15.3
11363,32.925577,-117.191636,5150.0,86.6,0.214,121,0,,,True,13.2
11366,32.925587,-117.191639,5151.1,86.6,0.4,122,0,,,True,16.3
11371,32.925615,-117.191656,5154.2,87.0,0.525,121,0,,,True,15.4
11374,32.925633,-117.191659,5156.2,87.4,0.637,121,63,,,True,18.2
11377,32.925654,-117.191656,5158.4,87.6,0.7,122,77,,,True,19.2
11382,32.925674,-117.191666,5160.8,88.4,0.575,123,42,,,True,17.6
11383,32.925686,-117.191672,5162.1,88.6,0.617,124,42,,,True,21.1
11387,32.925705,-117.191686,5164.6,89.0,0.76,127,45,,,True,16.8
11389,32.92572,-117.191696,5166.4,89.2,0.717,128,45,,,True,14.9
11391,32.925732,-117.191703,5167.9,89.6,0.725,129,45,,,True,16.7
11396,32.925757,-117.191729,5171.5,89.8,0.729,128,43,,,True,18.2
11400,32.925777,-117.191731,5174.2,90.4,0.7,131,41,,,True,16.5
11401,32.925776,-117.191731,5174.2,90.6,0.54,131,41,,,False,17.1
11407,32.925779,-117.191731,5174.5,90.6,0.043,134,0,,,False,21.7
11408,32.925779,-117.191731,5174.5,90.8,0.043,134,0,,,False,18.6
11415,32.925779,-117.191731,5174.5,91.2,0.0,134,0,,,False,17.6
11419,32.925829,-117.191756,5180.4,91.6,0.536,131,0,,,True,16.7
11420,32.925832,-117.191753,5180.7,91.8,1.24,131,0,,,True,15.0
11421,32.925832,-117.191753,5180.7,91.8,1.033,132,0,,,False,19.7
11427,32.925869,-117.191758,5184.4,92.2,0.529,132,0,,,True,12.0
11433,32.925888,-117.191765,5186.5,92.6,0.483,132,0,,,True,11.3
11437,32.925888,-117.191765,5186.5,92.8,0.21,131,0,,,False,11.3
11441,32.925894,-117.191795,5189.1,93.0,0.325,130,0,,,True,14.4
11446,32.925901,-117.191808,5190.4,92.8,0.433,127,0,,,False,13.6
11450,32.925925,-117.191814,5193.1,93.2,0.444,124,0,,,True,11.7
11452,32.925929,-117.19181,5193.6,93.4,0.533,125,71,,,False,14.9
11454,32.925947,-117.191813,5195.5,93.8,0.638,126,72,,,True,18.2
11456,32.925959,-117.191818,5196.8,94.0,0.617,126,74,,,True,17.9
11458,32.92596,-117.191815,5197.6,94.2,0.667,126,74,,,True,16.4
11466,32.925994,-117.191842,5202.5,95.0,0.57,126,62,,,True,17.1
11471,32.926029,-117.191856,5206.5,95.6,0.685,128,68,,,True,19.0
11474,32.926048,-117.191858,5208.5,96.0,0.75,130,75,,,True,19.8
11477,32.92605,-117.191857,5209.2,96.4,0.45,130,66,,,False,22.9
11482,32.92608,-117.191847,5212.3,97.0,0.475,127,63,,,True,27.2
11483,32.926082,-117.191847,5212.6,97.0,0.567,126,63,,,True,28.6
11489,32.926109,-117.191864,5216.1,97.8,0.543,125,63,,,True,21.4
11491,32.926109,-117.191868,5216.2,98.2,0.45,125,0,,,False,25.2
11495,32.92613,-117.191869,5219.0,99.0,0.483,126,62,,,True,26.1
11500,32.926153,-117.191879,5222.3,99.2,0.678,127,69,,,True,26.0
11502,32.926157,-117.191877,5222.9,99.6,0.557,128,69,,,False,22.1
11506,32.926182,-117.191876,5225.3,100.2,0.5,131,70,,,True,25.6
11507,32.926189,-117.191879,5226.1,100.4,0.64,131,76,,,True,26.9
11514,32.926224,-117.191875,5229.8,101.2,0.563,132,76,,,True,22.2
11516,32.926233,-117.191879,5230.9,101.4,0.533,132,72,,,True,19.5
11521,32.926264,-117.191886,5234.2,102.4,0.629,130,70,,,True,18.8
11522,32.926271,-117.191894,5235.2,102.4,0.717,130,73,,,True,18.9
11528,32.926296,-117.19191,5238.6,102.8,0.629,129,70,,,True,16.2
11533,32.926319,-117.191926,5241.5,103.4,0.573,133,66,,,True,18.9
11534,32.926325,-117.191925,5241.6,103.6,0.5,133,69,,,False,27.0
11542,32.92633,-117.191918,5241.6,103.6,0.011,132,0,,,False,13.5
11552,32.92633,-117.191918,5241.6,103.8,0.0,137,0,,,False,18.9
11553,32.92633,-117.191918,5241.6,103.8,0.0,138,0,,,False,21.6
11562,32.92633,-117.191918,5241.6,104.0,0.0,139,0,,,False,15.9
11572,32.92633,-117.191918,5241.6,104.4,0.0,137,0,,,False,0.0
11577,32.92633,-117.191918,5241.6,103.6,0.0,133,0,,,False,0.0
11579,32.92633,-117.191918,5241.6,103.4,0.0,131,0,,,False,0.0
11588,32.92633,-117.191918,5241.6,103.4,0.0,133,0,,,False,-14.3
11591,32.92633,-117.191918,5241.6,103.8,0.0,129,0,,,False,28.6
11592,32.92633,-117.191918,5241.6,104.0,0.0,122,0,,,False,14.3
11593,32.92633,-117.191918,5241.6,104.0,0.0,111,0,,,False,-28.6
11594,32.926322,-117.191907,5241.6,103.8,0.0,112,0,,,False,42.9
11595,32.92633,-117.191918,5243.0,103.8,0.2,112,0,,,True,42.9
11597,32.92633,-117.191918,5243.0,103.8,0.28,109,0,,,False,42.9
11598,32.92633,-117.191918,5243.0,104.0,0.28,106,0,,,False,42.9
11599,32.92633,-117.191918,5243.0,104.0,0.28,109,0,,,False,42.9
11601,32.92633,-117.191918,5243.0,103.8,0.0,112,0,,,False,42.9
11604,32.92633,-117.191918,5243.0,104.0,0.0,114,0,,,False,0.0
11613,32.92633,-117.191918,5243.0,104.0,0.0,117,0,,,False,0.0
11616,32.92633,-117.191918,5243.0,104.2,0.0,122,0,,,False,0.0
11618,32.92633,-117.191918,5243.0,104.4,0.0,125,0,,,False,0.0
11620,32.92633,-117.191918,5243.0,104.6,0.0,126,0,,,False,0.0
11623,32.92633,-117.191918,5243.0,104.6,0.0,128,0,,,False,0.0
11632,32.92633,-117.191918,5243.0,104.8,0.0,129,0,,,False,0.0
11640,32.92633,-117.191918,5243.0,104.8,0.0,126,0,,,False,0.0
11641,32.92633,-117.191918,5243.0,104.8,0.0,126,0,,,False,0.0
11650,32.92633,-117.191918,5243.0,104.8,0.0,123,0,,,False,0.0
11651,32.92633,-117.191918,5243.0,104.8,0.0,123,0,,,False,0.0
11660,32.92633,-117.191918,5243.0,104.6,0.0,121,0,,,False,0.0
11668,32.92633,-117.191918,5243.0,104.6,0.0,122,0,,,False,0.0
11678,32.92633,-117.191918,5243.0,105.0,0.0,121,0,,,False,0.0
11685,32.92633,-117.191918,5243.0,105.0,0.0,118,0,,,False,0.0
11692,32.92633,-117.191918,5243.0,104.8,0.0,118,0,,,False,0.0
11703,32.92633,-117.191918,5243.0,104.8,0.0,119,0,,,False,0.0
11710,32.92633,-117.191918,5243.0,104.4,0.0,112,0,,,False,0.0
11711,32.92633,-117.191918,5243.0,104.2,0.0,112,0,,,False,0.0
11712,32.92633,-117.191918,5243.0,104.2,0.0,115,0,,,False,0.0
11713,32.92633,-117.191918,5243.0,104.4,0.0,118,0,,,False,0.0
11714,32.92633,-117.191918,5243.0,104.4,0.0,118,0,,,False,0.0
11716,32.92633,-117.191918,5243.0,104.6,0.0,115,0,,,False,0.0
11718,32.92633,-117.191918,5243.0,104.8,0.0,112,0,,,False,0.0
11719,32.92633,-117.191918,5243.0,104.8,0.0,109,0,,,False,0.0
11721,32.92633,-117.191918,5243.0,104.8,0.0,106,0,,,False,0.0
11727,32.92633,-117.191918,5243.0,105.2,0.0,110,0,,,False,0.0
11734,32.92633,-117.191918,5243.0,105.4,0.0,112,0,,,False,0.0
11735,32.92633,-117.191918,5243.0,105.6,0.0,112,0,,,False,0.0
11748,32.92633,-117.191918,5243.0,105.6,0.0,112,0,,,False,0.0
11760,32.92633,-117.191918,5243.0,105.8,0.0,112,0,,,False,0.0
11769,32.92633,-117.191918,5243.0,106.2,0.0,115,0,,,False,0.0
11773,32.92633,-117.191918,5243.0,106.2,0.0,112,0,,,False,33.3
11776,32.92633,-117.191918,5243.0,106.0,0.0,112,0,,,False,33.3
11785,32.92633,-117.191918,5243.0,106.0,0.0,109,0,,,False,33.3
11789,32.92633,-117.191918,5243.0,106.4,0.0,107,0,,,False,26.7
11792,32.92633,-117.191918,5243.0,106.6,0.0,108,0,,,False,13.3
11802,32.926322,-117.19191,5243.6,105.8,0.046,111,0,,,False,-13.3
11810,32.926331,-117.191893,5244.5,105.8,0.083,109,0,,,False,-13.3
11811,32.92633,-117.19189,5244.5,105.8,0.1,106,0,,,False,32.3
11812,32.92633,-117.19189,5244.5,105.8,0.09,102,0,,,False,30.6
11813,32.92633,-117.19189,5244.5,106.0,0.082,96,0,,,False,27.4
11814,32.92633,-117.19189,5244.5,106.0,0.075,93,0,,,False,24.2
11815,32.92633,-117.19189,5244.5,106.0,0.0,87,0,,,False,22.6
11820,32.92633,-117.19189,5244.5,106.0,0.0,86,0,,,False,19.4
11827,32.92632,-117.191884,5245.6,105.8,0.092,87,0,,,False,21.0
11832,32.926337,-117.191866,5247.0,105.6,0.208,90,0,,,False,16.1
11835,32.926344,-117.191877,5247.0,105.8,0.175,91,0,,,False,25.7
11844,32.926337,-117.191889,5248.3,106.0,0.108,90,0,,,False,25.7
11852,32.926335,-117.191882,5248.6,106.0,0.094,88,0,,,False,23.9
11859,32.926336,-117.191899,5249.8,106.0,0.1,86,0,,,False,23.9
11865,32.926323,-117.191907,5251.5,105.8,0.223,83,0,,,False,21.2
11867,32.926327,-117.191909,5251.5,105.8,0.212,81,0,,,False,23.7
11874,32.926331,-117.191907,5252.0,105.6,0.056,83,0,,,False,25.5
11876,32.92634,-117.19191,5252.0,105.6,0.056,83,0,,,False,26.2
12020,32.92633,-117.19189,5252.0,108.6,0.0,85,0,,,False,29.8
12025,32.926337,-117.191933,5255.4,108.6,0.023,86,0,,,True,29.8
12029,32.926353,-117.191963,5258.8,108.6,0.756,96,0,,,True,33.0
12030,32.926361,-117.191963,5259.7,108.8,0.86,106,0,,,True,9.7
12031,32.926368,-117.191966,5260.5,108.8,0.85,111,0,,,True,14.1
12037,32.926388,-117.191979,5262.9,109.2,0.457,111,0,,,True,16.0
12042,32.92641,-117.191993,5265.7,109.6,0.473,112,0,,,True,19.4
12045,32.926423,-117.192001,5267.3,109.8,0.55,115,40,,,True,21.8
12047,32.926436,-117.192003,5268.8,110.2,0.62,111,40,,,True,23.6
12050,32.926447,-117.192005,5270.0,110.8,0.54,111,0,,,True,26.1
12051,32.926449,-117.192005,5270.2,110.8,0.483,111,0,,,False,30.8
12054,32.926469,-117.192003,5272.4,111.4,0.514,114,0,,,True,34.7
12056,32.926482,-117.19201,5273.9,111.8,0.74,116,0,,,True,36.7
12057,32.926492,-117.192009,5274.9,112.0,0.783,117,0,,,True,33.6
12061,32.926504,-117.192012,5276.1,112.8,0.44,117,0,,,True,31.9
12062,32.926509,-117.192011,5276.7,113.0,0.36,118,0,,,True,30.5
12064,32.926512,-117.192009,5277.1,113.2,0.314,122,0,,,False,34.6
12065,32.926512,-117.192009,5277.1,113.4,0.275,125,0,,,False,37.1
12067,32.926512,-117.192009,5277.1,113.4,0.08,129,0,,,False,36.0
12069,32.926522,-117.192006,5278.0,113.4,0.18,133,50,,,True,37.8
12074,32.926545,-117.192008,5280.7,114.0,0.514,133,0,,,True,36.6
12075,32.926545,-117.192008,5280.7,114.4,0.45,134,0,,,False,34.6
12078,32.926561,-117.191994,5282.8,115.0,0.533,133,0,,,True,31.5
12080,32.926569,-117.191998,5283.6,115.4,0.58,134,41,,,True,36.7
12085,32.926571,-117.191981,5283.9,115.4,0.157,135,0,,,False,36.7
12092,32.926571,-117.191981,5283.9,115.6,0.025,138,0,,,False,38.8
12095,32.926571,-117.191981,5283.9,115.4,0.0,141,0,,,False,34.7
12096,32.926571,-117.191981,5283.9,115.4,0.0,142,0,,,False,34.7
12103,32.92657,-117.191972,5284.2,115.4,0.038,144,0,,,False,36.7
12104,32.926561,-117.191971,5285.3,115.6,0.175,144,0,,,True,36.7
12108,32.926548,-117.191969,5286.9,116.2,0.54,145,0,,,True,34.2
12110,32.926553,-117.191971,5286.9,116.8,0.267,145,0,,,False,32.4
12115,32.926553,-117.191971,5286.9,116.8,0.0,142,0,,,False,35.3
12117,32.926553,-117.191971,5286.9,116.8,0.0,139,0,,,False,34.7
12120,32.926553,-117.191971,5286.9,116.8,0.0,136,0,,,False,34.7
12121,32.926553,-117.191971,5286.9,117.0,0.0,135,0,,,False,0.0
12125,32.926553,-117.191971,5286.9,116.6,0.0,132,0,,,False,0.0
12128,32.926553,-117.191971,5286.9,116.6,0.0,132,0,,,False,0.0
12132,32.926553,-117.191971,5286.9,116.6,0.0,129,0,,,False,0.0
12134,32.926553,-117.191971,5286.9,116.6,0.0,125,0,,,False,0.0
12136,32.926553,-117.191971,5286.9,116.6,0.0,122,0,,,False,30.8
12140,32.926553,-117.191971,5286.9,116.8,0.0,124,0,,,False,-12.5
12145,32.926553,-117.191971,5286.9,116.8,0.0,121,0,,,False,-25.0
12149,32.926553,-117.191971,5286.9,116.8,0.0,118,0,,,False,0.0
12150,32.926553,-117.191971,5286.9,116.8,0.0,118,0,,,False,0.0
12160,32.926545,-117.191987,5288.2,117.0,0.118,117,0,,,False,23.7
12167,32.926545,-117.191987,5288.2,116.6,0.076,113,0,,,False,23.7
12168,32.926545,-117.191987,5288.2,116.6,0.0,106,0,,,False,24.7
12169,32.926545,-117.191987,5288.2,116.6,0.0,96,0,,,False,25.8
12176,32.926545,-117.191987,5288.2,116.6,0.0,94,0,,,False,21.7
12179,32.926545,-117.191987,5288.5,116.6,0.03,88,0,,,False,13.0
12183,32.926545,-117.191987,5288.5,116.6,0.043,88,0,,,False,13.0
12187,32.926545,-117.191987,5288.5,116.4,0.0,93,0,,,False,13.0
12188,32.926545,-117.191987,5288.5,116.4,0.0,97,0,,,False,8.7
12189,32.926552,-117.191992,5289.5,116.4,0.167,101,0,,,True,8.7
12190,32.926545,-117.191987,5289.5,116.6,0.143,101,0,,,False,8.7
12193,32.926545,-117.191987,5289.5,116.6,0.2,101,0,,,False,8.7
12200,32.926554,-117.191983,5289.6,116.6,0.01,101,0,,,False,6.1
12205,32.926545,-117.191987,5289.6,116.8,0.008,99,0,,,False,18.2
12208,32.926553,-117.191983,5290.4,117.0,0.1,99,0,,,False,18.2
12210,32.926551,-117.191968,5291.5,117.2,0.38,98,0,,,True,18.2
