t,lat,lng,distance_m,altitude_m,velocity_ms,heartrate,cadence,watts,temp_c,moving,grade_pct
0,32.941239,-117.154075,0.9,83.6,0.0,89,0,0,,False,-3.8
1,32.941218,-117.154095,3.8,83.6,0.0,88,0,0,,True,-2.4
2,32.941197,-117.154112,6.2,83.4,2.65,88,0,0,,True,-1.6
3,32.941182,-117.154136,9.4,83.4,2.833,87,0,0,,True,0.0
4,32.941165,-117.154174,13.2,83.4,3.075,87,0,0,,True,2.8
5,32.941146,-117.154212,17.3,83.6,3.28,87,0,0,,True,2.7
6,32.941131,-117.15424,20.7,83.8,3.38,88,83,358,,True,4.1
7,32.941109,-117.154274,24.4,83.8,3.64,89,83,363,,True,4.3
8,32.941097,-117.154303,27.9,84.0,3.7,90,85,356,,True,3.0
9,32.941105,-117.154348,31.3,84.2,3.62,90,85,355,,True,4.7
10,32.941108,-117.154374,34.1,84.2,3.36,91,85,323,,True,4.6
11,32.941103,-117.154413,37.3,84.4,3.32,92,86,322,,True,3.0
12,32.941093,-117.154449,41.0,84.6,3.32,93,86,302,,True,4.3
13,32.941082,-117.154479,44.5,84.6,3.32,94,86,304,,True,2.9
14,32.941072,-117.15452,48.1,84.8,3.36,95,86,324,,True,3.0
15,32.941068,-117.154546,50.9,84.8,3.36,96,86,329,,True,3.0
16,32.941068,-117.15459,54.5,85.0,3.44,97,85,340,,True,4.7
17,32.941069,-117.154623,57.8,85.0,3.36,97,85,340,,True,5.9
18,32.941069,-117.154654,60.9,85.4,3.28,98,85,333,,True,4.7
19,32.941069,-117.154699,64.5,85.6,3.28,99,84,338,,True,6.2
20,32.941074,-117.154721,67.3,85.6,3.28,100,82,343,,True,4.7
21,32.941073,-117.154758,70.6,85.8,3.22,101,82,349,,True,5.0
22,32.941069,-117.154793,73.6,86.0,3.16,102,82,352,,True,5.0
23,32.941073,-117.154818,76.4,86.2,3.1,104,82,357,,True,5.2
24,32.941078,-117.154855,79.4,86.2,2.98,105,82,362,,True,5.3
25,32.941073,-117.154881,82.2,86.4,2.98,106,82,369,,True,6.6
26,32.941072,-117.154912,85.0,86.6,2.88,107,82,377,,True,6.5
27,32.941069,-117.154957,88.6,87.0,3.0,108,82,380,,True,4.9
28,32.94107,-117.154982,91.7,87.0,3.06,109,82,381,,True,3.2
29,32.941073,-117.155015,94.5,87.0,3.02,110,82,379,,True,1.7
30,32.941074,-117.155048,97.4,87.0,3.04,111,82,379,,True,1.7
31,32.941078,-117.155076,100.4,87.2,3.08,112,82,372,,True,3.2
32,32.941072,-117.155117,103.8,87.2,3.04,113,82,369,,True,4.9
33,32.94107,-117.155146,107.0,87.4,3.06,114,82,371,,True,4.8
34,32.94107,-117.155174,109.7,87.6,3.04,116,82,376,,True,6.8
35,32.941069,-117.155212,112.8,87.8,3.08,117,82,376,,True,6.8
36,32.941067,-117.155237,115.6,88.0,3.04,118,82,372,,True,4.9
37,32.941066,-117.155272,118.7,88.2,2.98,120,82,368,,True,3.4
38,32.941064,-117.155308,122.0,88.2,3.0,122,82,362,,True,3.4
39,32.941068,-117.155329,124.5,88.2,2.96,123,82,361,,True,1.8
40,32.941068,-117.155365,127.3,88.4,2.9,124,82,361,,True,3.7
41,32.941064,-117.155391,129.9,88.4,2.86,125,82,361,,True,5.1
42,32.941063,-117.155419,132.7,88.6,2.8,126,82,360,,True,3.4
43,32.941061,-117.155462,136.2,88.8,2.84,128,82,356,,True,3.2
44,32.941063,-117.155488,138.9,88.8,2.88,129,82,354,,True,3.2
45,32.941061,-117.155525,142.4,88.8,3.02,130,82,350,,True,3.4
46,32.941053,-117.155556,145.3,89.0,3.08,131,82,348,,True,3.2
47,32.941054,-117.155582,148.0,89.2,3.06,132,82,349,,True,7.0
48,32.94106,-117.155623,151.3,89.2,3.02,133,83,347,,True,7.1
49,32.941056,-117.155645,153.9,89.6,3.0,134,83,347,,True,6.8
50,32.941057,-117.155672,156.5,89.8,2.82,136,83,347,,True,9.3
51,32.941058,-117.155714,159.7,90.0,2.88,137,83,346,,True,5.4
52,32.941057,-117.155734,162.1,90.2,2.82,138,82,344,,True,3.5
53,32.94106,-117.155764,165.0,90.2,2.74,140,81,342,,True,1.9
54,32.941055,-117.1558,167.9,90.2,2.8,141,81,339,,True,1.9
55,32.941058,-117.155818,170.1,90.2,2.72,142,81,337,,True,1.9
56,32.941058,-117.15585,172.9,90.4,2.64,143,81,335,,True,3.9
57,32.941063,-117.155877,175.6,90.4,2.7,143,81,332,,True,3.7
58,32.941067,-117.155901,178.1,90.6,2.62,144,81,331,,True,3.8
59,32.941071,-117.155933,180.8,90.6,2.58,145,81,329,,True,4.6
60,32.941066,-117.155957,183.3,90.8,2.64,146,81,330,,True,3.8
61,32.941067,-117.155981,185.5,91.0,2.52,146,81,331,,True,5.7
62,32.941064,-117.15602,188.6,91.0,2.6,147,81,327,,True,5.4
63,32.941061,-117.156046,191.4,91.2,2.66,147,81,325,,True,3.4
64,32.941059,-117.156076,194.4,91.4,2.72,148,81,324,,True,5.4
65,32.941055,-117.156113,197.4,91.4,2.82,148,81,323,,True,3.7
66,32.941058,-117.156133,199.7,91.6,2.84,149,81,323,,True,1.9
67,32.941055,-117.156163,202.2,91.6,2.72,149,81,321,,True,2.0
68,32.941048,-117.156194,205.0,91.6,2.72,149,81,316,,True,1.8
69,32.941049,-117.156221,207.5,91.6,2.62,150,81,314,,True,1.8
70,32.941046,-117.156258,210.8,91.8,2.68,150,81,313,,True,3.5
71,32.941039,-117.156283,213.5,91.8,2.76,150,81,312,,True,5.0
72,32.941042,-117.156309,216.3,92.0,2.82,150,81,311,,True,5.5
73,32.941043,-117.156346,219.5,92.2,2.9,150,81,311,,True,7.5
74,32.941042,-117.156367,221.8,92.4,2.86,150,81,310,,True,5.6
75,32.941044,-117.156389,224.1,92.6,2.66,151,81,310,,True,6.7
76,32.941042,-117.156426,227.0,92.6,2.7,151,81,309,,True,4.8
77,32.941046,-117.156442,228.8,92.8,2.5,151,81,308,,True,3.9
78,32.941047,-117.156471,231.5,93.0,2.4,152,81,308,,True,5.0
79,32.941038,-117.156505,234.4,93.0,2.52,152,81,308,,True,4.0
80,32.941036,-117.156521,236.6,93.0,2.5,152,80,308,,True,2.0
81,32.941033,-117.156548,238.9,93.2,2.38,153,81,307,,True,3.3
82,32.941022,-117.15658,241.7,93.2,2.58,153,81,303,,True,4.0
83,32.941022,-117.156603,244.3,93.2,2.56,153,81,301,,True,2.0
84,32.941023,-117.156634,246.7,93.4,2.46,153,80,303,,True,4.7
85,32.941021,-117.156656,249.0,93.4,2.48,154,80,303,,True,5.8
86,32.941019,-117.156682,251.4,93.6,2.5,154,81,304,,True,5.9
87,32.941015,-117.156721,254.6,93.8,2.58,154,81,303,,True,6.3
88,32.941004,-117.156737,256.9,94.0,2.52,154,81,305,,True,5.8
89,32.941001,-117.156756,258.9,94.0,2.44,154,81,307,,True,5.1
90,32.940996,-117.156791,261.7,94.2,2.54,154,81,307,,True,4.9
91,32.940988,-117.15681,263.9,94.2,2.5,154,81,305,,True,5.8
92,32.940984,-117.156834,266.3,94.4,2.34,155,81,304,,True,5.1
93,32.940978,-117.156871,269.2,94.6,2.46,155,81,301,,True,4.9
94,32.940975,-117.156887,271.4,94.6,2.5,155,81,301,,True,5.0
95,32.940975,-117.15691,273.5,94.8,2.36,155,81,302,,True,3.5
96,32.940968,-117.156943,276.1,94.8,2.44,155,81,299,,True,5.2
97,32.940969,-117.156961,278.2,95.0,2.38,155,81,299,,True,3.5
98,32.940964,-117.156986,280.6,95.0,2.28,155,80,298,,True,3.5
99,32.940957,-117.157016,283.0,95.2,2.32,155,80,297,,True,3.4
100,32.940959,-117.15703,285.0,95.2,2.3,155,80,296,,True,3.4
101,32.940952,-117.157057,287.5,95.2,2.28,155,80,294,,True,3.5
102,32.94094,-117.157086,290.1,95.4,2.38,154,80,291,,True,3.3
103,32.940938,-117.157104,292.2,95.4,2.32,155,80,292,,True,5.0
104,32.940929,-117.157128,294.4,95.6,2.28,155,80,292,,True,3.2
105,32.940918,-117.157159,297.1,95.6,2.42,155,80,289,,True,3.8
106,32.940915,-117.15718,299.5,95.8,2.4,155,80,286,,True,1.8
107,32.940906,-117.15721,302.7,95.8,2.52,154,80,284,,True,3.7
108,32.940895,-117.157242,305.7,95.8,2.7,154,80,281,,True,1.8
109,32.940891,-117.157261,308.0,96.0,2.72,154,80,279,,True,1.9
110,32.940884,-117.157291,310.5,96.0,2.68,154,80,276,,True,3.1
111,32.940878,-117.157317,313.0,96.0,2.7,154,80,272,,True,1.9
112,32.940876,-117.157342,315.6,96.2,2.58,154,80,271,,True,3.9
113,32.940873,-117.157374,318.4,96.2,2.54,153,80,270,,True,5.8
114,32.940863,-117.157396,320.7,96.4,2.54,153,81,271,,True,4.0
115,32.940856,-117.157422,323.4,96.6,2.58,153,81,272,,True,5.0
116,32.940852,-117.157452,325.7,96.6,2.54,154,81,269,,True,3.3
117,32.940844,-117.157471,327.8,96.8,2.44,153,80,270,,True,1.7
118,32.940841,-117.157498,330.3,96.8,2.38,153,80,270,,True,3.2
119,32.940836,-117.157529,332.9,96.8,2.44,153,80,267,,True,1.9
120,32.940827,-117.15755,335.4,96.8,2.4,154,80,266,,True,0.0
121,32.940821,-117.157577,338.3,97.0,2.52,153,81,265,,True,0.0
122,32.940813,-117.157614,341.2,96.8,2.68,153,81,262,,True,0.0
123,32.940803,-117.157633,343.8,96.8,2.7,154,81,259,,True,-1.7
124,32.940795,-117.157664,346.8,96.8,2.78,153,81,258,,True,-1.8
125,32.940785,-117.157701,350.0,96.8,2.92,153,81,254,,True,-3.4
126,32.940781,-117.157718,352.4,96.6,2.82,153,81,250,,True,-3.3
127,32.940769,-117.157751,355.4,96.4,2.84,153,81,244,,True,-5.2
128,32.940758,-117.157788,358.8,96.4,3.0,152,81,238,,True,-4.8
129,32.940752,-117.157812,361.5,96.2,2.94,152,81,233,,True,-3.1
130,32.94074,-117.157847,365.0,96.0,3.0,152,81,230,,True,-5.0
131,32.940728,-117.157878,368.2,96.0,3.16,152,80,228,,True,-3.2
132,32.940722,-117.157903,370.8,95.8,3.08,151,80,230,,True,-1.7
133,32.94071,-117.157936,373.9,95.8,3.02,151,80,230,,True,-3.5
134,32.940698,-117.157968,376.9,95.8,3.08,151,80,229,,True,-1.7
135,32.940695,-117.157991,379.5,95.6,2.9,150,80,229,,True,-3.4
136,32.940686,-117.158025,382.5,95.6,2.86,150,80,228,,True,-5.1
137,32.940678,-117.158062,385.7,95.4,2.98,150,80,228,,True,-5.0
138,32.940675,-117.158086,388.6,95.2,2.94,150,80,227,,True,-4.9
139,32.940666,-117.158116,391.6,95.0,2.94,149,80,227,,True,-5.1
140,32.940645,-117.158148,394.7,95.0,3.04,149,80,227,,True,-5.3
141,32.940638,-117.158165,397.4,94.8,2.98,149,80,226,,True,-3.6
142,32.940629,-117.158189,399.9,94.6,2.84,149,80,224,,True,-5.6
143,32.940611,-117.158221,402.8,94.6,2.84,149,78,221,,True,-3.6
144,32.940605,-117.158242,405.4,94.4,2.76,148,78,220,,True,-3.4
145,32.940593,-117.158268,408.4,94.4,2.74,148,78,218,,True,-4.8
146,32.940576,-117.158307,411.8,94.2,2.88,148,78,213,,True,-4.7
147,32.940566,-117.158339,415.4,94.0,3.1,147,79,212,,True,-7.6
148,32.940557,-117.158367,418.3,93.8,3.1,147,79,212,,True,-7.9
149,32.940545,-117.158405,421.6,93.4,3.24,147,79,211,,True,-8.5
150,32.94054,-117.158432,424.5,93.2,3.22,147,79,209,,True,-8.5
151,32.940535,-117.158457,427.1,93.0,3.06,146,79,208,,True,-8.8
152,32.94052,-117.158491,430.1,92.8,2.94,146,79,205,,True,-8.8
153,32.940511,-117.158518,432.9,92.4,2.92,146,79,202,,True,-10.0
154,32.940501,-117.158547,435.9,92.2,2.86,146,78,201,,True,-9.9
155,32.940489,-117.158578,439.1,91.8,2.92,145,78,199,,True,-9.9
156,32.940476,-117.158611,442.2,91.6,3.02,145,78,196,,True,-9.4
157,32.94047,-117.158635,445.0,91.2,2.98,145,78,196,,True,-7.8
158,32.940456,-117.158668,448.6,91.0,3.14,144,78,194,,True,-8.1
159,32.940448,-117.158706,451.9,90.8,3.2,144,78,194,,True,-4.7
160,32.940441,-117.15873,454.6,90.6,3.1,144,78,196,,True,-4.8
161,32.940431,-117.158764,457.7,90.6,3.1,144,78,197,,True,-5.2
162,32.940408,-117.158798,461.0,90.4,3.2,144,78,199,,True,-3.4
163,32.940397,-117.158816,463.4,90.2,2.96,143,79,199,,True,-6.9
164,32.940379,-117.158841,466.2,90.2,2.86,143,79,199,,True,-7.0
165,32.940349,-117.158854,469.3,89.8,2.94,143,79,197,,True,-6.5
166,32.940321,-117.158863,472.4,89.6,2.94,143,79,198,,True,-6.0
167,32.940288,-117.158865,475.8,89.4,2.96,143,79,198,,True,-4.3
168,32.940251,-117.15886,479.5,89.4,3.22,142,80,201,,True,-4.0
169,32.940223,-117.158863,483.1,89.2,3.38,142,81,202,,True,-3.9
170,32.940183,-117.158858,487.5,89.0,3.64,142,81,205,,True,-5.2
171,32.94015,-117.158851,491.3,88.8,3.78,142,81,208,,True,-5.2
172,32.940123,-117.158848,495.0,88.6,3.84,142,81,211,,True,-5.5
173,32.940087,-117.158836,498.6,88.4,3.82,141,80,237,,True,-5.6
174,32.940057,-117.158821,502.1,88.2,3.8,141,80,254,,True,-4.1
175,32.94003,-117.158814,505.5,88.0,3.6,141,80,263,,True,-4.3
176,32.939988,-117.158803,509.7,88.0,3.68,141,80,265,,True,-4.4
177,32.939967,-117.158811,512.7,87.8,3.54,141,81,256,,True,-4.5
178,32.93994,-117.158826,515.7,87.6,3.42,141,81,252,,True,-5.2
179,32.939912,-117.158833,518.8,87.4,3.34,141,81,252,,True,-4.9
180,32.939889,-117.158838,521.3,87.4,3.16,141,83,245,,True,-3.1
181,32.93985,-117.158843,524.9,87.2,3.04,140,83,243,,True,-3.1
182,32.939821,-117.158848,528.4,87.2,3.14,140,83,244,,True,-3.0
183,32.939794,-117.158857,531.5,87.0,3.16,140,84,246,,True,-3.1
184,32.939762,-117.158873,534.8,87.0,3.2,140,83,248,,True,-4.6
185,32.939739,-117.158891,537.7,86.8,3.28,140,83,252,,True,-3.0
186,32.939714,-117.158914,541.4,86.6,3.3,141,83,251,,True,-4.3
187,32.939687,-117.158942,545.0,86.6,3.32,140,82,254,,True,-2.7
188,32.939664,-117.158967,548.7,86.4,3.44,140,81,261,,True,-1.4
189,32.939642,-117.158997,552.3,86.4,3.5,141,81,272,,True,0.0
190,32.939626,-117.159028,555.6,86.4,3.58,141,81,282,,True,1.4
191,32.939616,-117.159058,559.0,86.6,3.52,141,81,286,,True,1.5
192,32.939604,-117.159096,562.5,86.6,3.5,141,82,283,,True,1.6
193,32.939598,-117.159119,565.3,86.6,3.32,141,82,279,,True,-1.7
194,32.939579,-117.159149,568.3,86.6,3.2,141,82,279,,True,-3.6
195,32.939551,-117.159159,571.0,86.4,3.08,142,82,268,,True,-3.5
196,32.93954,-117.159177,573.6,86.2,2.92,142,82,266,,True,-3.5
197,32.939528,-117.159212,576.6,86.2,2.82,142,82,261,,True,-3.4
198,32.939514,-117.159238,579.7,86.2,2.88,142,82,257,,True,-3.4
199,32.939506,-117.159264,582.6,86.0,2.86,142,82,257,,True,-5.1
200,32.939494,-117.159294,585.5,85.8,2.9,141,83,255,,True,-7.1
201,32.939485,-117.159324,588.3,85.6,2.94,142,81,255,,True,-5.3
202,32.939482,-117.15935,590.9,85.4,2.86,141,80,256,,True,-5.2
203,32.939466,-117.159381,594.0,85.4,2.86,141,80,255,,True,-5.2
204,32.939445,-117.159403,597.0,85.2,2.88,142,80,254,,True,-5.2
205,32.939434,-117.159427,599.8,85.0,2.86,142,80,252,,True,-7.3
206,32.939421,-117.159451,602.4,84.8,2.82,142,80,249,,True,-9.3
207,32.939406,-117.159475,605.0,84.6,2.82,143,80,246,,True,-11.1
208,32.939389,-117.159495,607.8,84.2,2.76,143,79,243,,True,-12.5
209,32.939361,-117.15951,610.6,83.8,2.72,143,79,236,,True,-12.8
210,32.939339,-117.159522,613.6,83.4,2.76,143,79,231,,True,-12.9
211,32.939298,-117.159523,617.5,83.0,3.02,143,79,228,,True,-10.9
212,32.939278,-117.159517,620.2,82.6,3.04,143,79,224,,True,-9.0
213,32.939251,-117.159512,623.5,82.4,3.14,143,79,226,,True,-8.2
214,32.939224,-117.159488,626.9,82.2,3.26,143,79,224,,True,-6.5
215,32.939202,-117.159477,629.7,82.0,3.22,142,79,222,,True,-7.8
216,32.939181,-117.159466,632.6,81.8,3.02,143,79,222,,True,-6.3
217,32.939145,-117.159444,636.4,81.4,3.24,143,80,219,,True,-7.6
218,32.939128,-117.159423,639.5,81.4,3.2,143,80,216,,True,-7.4
219,32.939109,-117.1594,642.8,81.0,3.18,142,80,217,,True,-6.2
220,32.939083,-117.159368,646.2,80.8,3.3,143,79,217,,True,-7.9
221,32.939063,-117.159352,649.3,80.6,3.34,143,80,218,,True,-6.3
222,32.939043,-117.159337,652.1,80.4,3.14,143,81,219,,True,-6.6
223,32.939016,-117.159312,655.4,80.2,3.18,143,81,216,,True,-8.5
224,32.939,-117.159293,658.3,80.0,3.1,143,81,214,,True,-10.0
225,32.938981,-117.159271,661.0,79.6,2.96,143,80,213,,True,-10.7
226,32.938964,-117.159243,664.1,79.2,2.96,143,80,211,,True,-12.5
227,32.938949,-117.159229,666.6,79.0,2.9,143,80,211,,True,-10.5
228,32.938925,-117.15921,669.5,78.6,2.82,142,80,209,,True,-9.4
229,32.938899,-117.159198,672.4,78.4,2.82,142,80,209,,True,-11.1
230,32.938883,-117.159191,674.7,78.2,2.74,142,80,210,,True,-10.0
231,32.938869,-117.159162,677.4,77.8,2.66,142,80,211,,True,-12.3
232,32.938866,-117.159145,679.4,77.6,2.56,142,80,209,,True,-12.2
233,32.938853,-117.159124,681.5,77.4,2.4,142,80,208,,True,-12.7
234,32.938842,-117.159104,683.8,77.0,2.28,142,79,207,,True,-12.7
235,32.938831,-117.159084,686.2,76.8,2.3,142,79,205,,True,-14.7
236,32.938814,-117.159066,688.4,76.4,2.2,142,79,197,,True,-13.1
237,32.9388,-117.159057,690.4,76.2,2.2,142,79,183,,True,-15.0
238,32.938783,-117.159045,692.4,75.8,2.18,142,79,177,,True,-14.8
239,32.938776,-117.159025,694.5,75.6,2.14,141,79,168,,True,-16.4
240,32.93876,-117.159002,696.9,75.2,2.14,141,79,165,,True,-14.2
241,32.938743,-117.158984,699.2,74.8,2.16,141,79,170,,True,-13.0
242,32.938729,-117.15897,701.4,74.4,2.2,141,79,173,,True,-11.5
243,32.938716,-117.158948,703.7,74.2,2.26,141,79,178,,True,-8.2
244,32.938694,-117.15892,706.8,74.0,2.46,140,79,177,,True,-6.0
245,32.93868,-117.15891,709.1,73.8,2.44,140,79,173,,True,-5.9
246,32.938656,-117.158916,711.4,73.8,2.44,140,79,182,,True,-4.6
247,32.938635,-117.158923,713.9,73.6,2.5,140,79,183,,True,-3.7
248,32.938612,-117.158932,716.4,73.4,2.54,140,79,183,,True,-5.6
249,32.93858,-117.158938,719.8,73.4,2.6,139,79,184,,True,-3.4
250,32.938564,-117.15895,722.1,73.2,2.6,139,82,181,,True,-3.1
251,32.938529,-117.158949,725.7,73.2,2.86,139,82,186,,True,-3.2
252,32.938499,-117.158961,729.2,73.0,3.06,139,82,194,,True,-1.5
253,32.938476,-117.158977,732.3,73.0,3.18,139,82,201,,True,-1.5
254,32.938447,-117.158988,735.6,73.0,3.16,138,83,210,,True,0.0
255,32.938422,-117.158996,738.7,73.0,3.32,139,83,212,,True,0.0
256,32.938397,-117.159004,741.8,73.0,3.22,139,82,218,,True,-1.6
257,32.938366,-117.159014,744.9,73.0,3.14,138,82,221,,True,-1.7
258,32.938342,-117.159015,747.9,72.8,3.12,138,81,222,,True,-3.3
259,32.938317,-117.159023,750.8,72.8,3.04,138,81,226,,True,-4.8
260,32.938286,-117.159029,754.0,72.6,3.06,138,81,226,,True,-4.9
261,32.938258,-117.159033,757.4,72.4,3.12,138,81,229,,True,-6.1
262,32.938233,-117.159029,760.1,72.2,3.04,139,81,234,,True,-6.2
263,32.938198,-117.159012,764.0,72.0,3.22,138,81,234,,True,-6.6
264,32.938176,-117.159006,767.0,71.8,3.24,138,80,240,,True,-7.8
265,32.938154,-117.159015,769.6,71.6,3.12,139,80,249,,True,-8.6
266,32.938119,-117.159014,772.9,71.2,3.1,139,80,247,,True,-6.8
267,32.938099,-117.159009,775.6,71.0,3.1,139,80,242,,True,-6.5
268,32.938066,-117.159009,778.8,71.0,2.96,140,80,238,,True,-5.0
269,32.938035,-117.159015,781.9,70.8,2.98,140,80,236,,True,-3.2
270,32.938013,-117.159024,785.0,70.6,3.08,140,80,238,,True,-3.2
271,32.93798,-117.15903,788.2,70.6,3.06,141,80,238,,True,-3.2
272,32.937955,-117.159042,791.4,70.6,3.16,141,80,240,,True,-3.0
273,32.937931,-117.159057,794.4,70.4,3.12,141,80,243,,True,-3.0
274,32.937896,-117.159075,798.3,70.2,3.28,141,80,241,,True,-4.7
275,32.937872,-117.15908,801.4,70.2,3.28,141,81,241,,True,-3.1
276,32.937849,-117.159086,804.1,70.0,3.18,142,82,244,,True,-3.6
277,32.93782,-117.159095,807.2,70.0,3.16,141,82,242,,True,-5.4
278,32.937806,-117.159111,809.5,69.8,3.02,141,82,239,,True,-5.4
279,32.937783,-117.159141,812.5,69.6,2.84,142,82,239,,True,-5.5
280,32.937763,-117.159145,815.2,69.4,2.76,142,83,237,,True,-3.4
281,32.937736,-117.159152,818.1,69.4,2.8,142,83,236,,True,-1.8
282,32.937709,-117.159165,821.1,69.4,2.78,142,83,234,,True,-1.9
283,32.93769,-117.15917,823.6,69.4,2.82,141,83,236,,True,-1.9
284,32.937672,-117.159185,826.0,69.2,2.7,142,83,239,,True,-4.8
285,32.937646,-117.1592,828.8,69.2,2.72,142,82,238,,True,-6.0
286,32.937633,-117.159207,830.8,69.0,2.54,142,82,236,,True,-5.7
287,32.937608,-117.159212,833.6,68.8,2.5,141,81,237,,True,-8.0
288,32.93758,-117.159223,836.5,68.6,2.58,142,81,235,,True,-5.5
289,32.937564,-117.159238,838.8,68.4,2.56,142,80,235,,True,-3.6
290,32.937544,-117.159257,841.7,68.4,2.58,141,80,236,,True,-1.9
291,32.937524,-117.159283,844.6,68.4,2.76,141,80,236,,True,0.0
292,32.937512,-117.1593,847.2,68.4,2.72,141,81,238,,True,0.0
293,32.93749,-117.159334,850.4,68.4,2.78,141,81,239,,True,0.0
294,32.93748,-117.159353,853.0,68.4,2.84,141,81,238,,True,0.0
295,32.937469,-117.159383,856.0,68.4,2.86,141,81,239,,True,0.0
296,32.937451,-117.159422,859.7,68.4,3.02,140,82,239,,True,0.0
297,32.937441,-117.159436,862.1,68.4,2.98,140,82,240,,True,0.0
298,32.937422,-117.159466,865.4,68.4,3.0,140,82,244,,True,0.0
299,32.937409,-117.159502,868.7,68.4,3.14,141,82,248,,True,-1.6
300,32.937403,-117.159527,871.5,68.4,3.1,141,81,250,,True,-1.6
301,32.937396,-117.159558,874.5,68.2,2.96,141,81,250,,True,-1.6
302,32.937383,-117.159594,878.0,68.2,3.18,141,81,251,,True,-1.5
303,32.937376,-117.159625,881.3,68.2,3.18,141,81,250,,True,1.4
304,32.937358,-117.159666,885.1,68.2,3.28,142,81,253,,True,3.1
305,32.937339,-117.15969,888.3,68.4,3.36,142,82,257,,True,3.1
306,32.937331,-117.159715,891.1,68.6,3.32,142,82,263,,True,5.2
307,32.93732,-117.159753,894.0,68.6,3.2,142,82,265,,True,3.5
308,32.937311,-117.159771,896.6,68.8,3.06,142,81,267,,True,3.4
309,32.9373,-117.1598,899.6,68.8,2.9,142,81,269,,True,3.5
310,32.937288,-117.159837,902.7,69.0,2.88,143,81,271,,True,3.3
311,32.937278,-117.159857,905.5,69.0,2.88,143,81,274,,True,1.7
312,32.937266,-117.159884,908.7,69.2,2.94,145,81,277,,True,1.7
313,32.93725,-117.159919,911.7,69.0,3.02,147,81,277,,True,1.7
314,32.937243,-117.159941,914.3,69.2,2.94,148,80,280,,True,0.0
315,32.93723,-117.159971,917.3,69.2,2.92,148,80,282,,True,1.6
316,32.937213,-117.160006,920.8,69.2,3.06,149,81,283,,True,0.0
317,32.937202,-117.160035,924.1,69.2,3.08,149,81,285,,True,0.0
318,32.937183,-117.160071,927.7,69.2,3.2,149,81,286,,True,0.0
319,32.937173,-117.16009,930.3,69.2,3.2,149,81,289,,True,0.0
320,32.937166,-117.160115,932.7,69.2,3.08,150,81,293,,True,0.0
321,32.93715,-117.160154,936.2,69.2,3.08,150,82,292,,True,0.0
322,32.937144,-117.160178,939.0,69.2,2.98,150,82,292,,True,0.0
323,32.937134,-117.160208,942.1,69.2,2.88,150,82,292,,True,0.0
324,32.937122,-117.160244,945.4,69.2,3.02,150,82,290,,True,0.0
325,32.937116,-117.160274,948.5,69.2,3.16,150,82,288,,True,0.0
326,32.937105,-117.160307,951.7,69.2,3.1,151,82,289,,True,1.7
327,32.937092,-117.160335,954.9,69.2,3.18,151,82,291,,True,1.6
328,32.937086,-117.160361,957.5,69.4,3.08,151,82,294,,True,3.3
329,32.937082,-117.160402,960.9,69.4,3.1,151,80,292,,True,3.6
330,32.937075,-117.160426,963.8,69.6,3.06,151,80,294,,True,0.0
331,32.937068,-117.160452,966.1,69.6,2.88,151,80,295,,True,-1.7
332,32.937054,-117.160489,969.4,69.4,2.9,151,81,291,,True,-3.3
333,32.937041,-117.160514,972.5,69.2,3.0,152,82,289,,True,-3.1
334,32.937028,-117.160546,975.9,69.2,3.0,152,82,288,,True,-3.3
335,32.937018,-117.160581,979.2,69.2,3.08,152,82,286,,True,-1.7
336,32.937018,-117.160602,981.7,69.0,3.12,152,82,286,,True,-1.7
337,32.937009,-117.160634,984.5,69.0,3.02,152,82,284,,True,-1.8
338,32.936999,-117.160667,987.5,69.0,3.0,152,82,280,,True,0.0
339,32.936995,-117.160691,990.2,69.0,2.86,153,82,278,,True,-1.7
340,32.93699,-117.160732,993.5,69.0,2.86,153,81,277,,True,-1.8
341,32.936986,-117.160756,996.3,68.8,2.92,153,81,274,,True,-3.4
342,32.936985,-117.160782,998.8,68.8,2.86,152,81,272,,True,-5.5
343,32.936981,-117.160821,1002.1,68.6,2.92,153,81,270,,True,-5.2
344,32.936973,-117.160841,1004.5,68.4,2.86,153,81,268,,True,-6.7
345,32.936964,-117.16088,1007.8,68.2,2.86,152,81,264,,True,-6.8
346,32.936959,-117.16091,1010.8,68.0,2.9,153,81,263,,True,-6.3
347,32.936958,-117.16094,1013.8,67.8,3.0,153,81,261,,True,-5.0
348,32.936951,-117.160982,1017.1,67.6,3.0,152,81,259,,True,-5.0
349,32.936944,-117.161009,1019.8,67.6,3.06,153,84,256,,True,-3.2
350,32.936925,-117.161039,1022.9,67.4,3.02,153,84,255,,True,-1.6
351,32.936893,-117.161057,1026.3,67.4,3.1,152,84,253,,True,-3.0
352,32.936864,-117.16105,1029.6,67.4,3.16,153,84,252,,True,-2.8
353,32.936836,-117.161032,1033.3,67.2,3.24,153,82,252,,True,-4.2
354,32.936802,-117.161007,1037.3,67.0,3.5,152,80,249,,True,-5.4
355,32.936781,-117.160985,1040.6,66.8,3.54,153,80,251,,True,-5.6
356,32.936756,-117.160959,1044.4,66.6,3.62,153,80,256,,True,-5.9
357,32.936745,-117.160925,1047.7,66.4,3.62,152,81,255,,True,-4.5
358,32.936733,-117.160895,1050.9,66.2,3.52,153,80,256,,True,-4.8
359,32.936718,-117.160869,1053.8,66.2,3.3,153,80,254,,True,-3.3
360,32.936692,-117.160849,1056.9,66.0,3.26,153,80,251,,True,-1.6
361,32.936673,-117.160835,1059.8,66.0,3.08,152,80,249,,True,-3.2
362,32.936651,-117.160804,1063.1,66.0,3.08,153,81,249,,True,-1.6
363,32.936637,-117.160773,1066.4,65.8,3.1,153,81,250,,True,-3.1
364,32.936617,-117.160756,1069.3,65.8,3.1,153,81,250,,True,-3.2
365,32.936588,-117.160743,1072.8,65.6,3.18,153,81,248,,True,-3.4
366,32.936561,-117.160739,1075.6,65.6,3.16,153,81,248,,True,-5.0
367,32.936541,-117.160736,1078.3,65.4,3.04,153,81,248,,True,-3.5
368,32.936511,-117.160717,1081.3,65.2,2.98,154,81,248,,True,-5.5
369,32.9365,-117.160693,1084.1,65.2,2.96,153,80,249,,True,-5.3
370,32.936482,-117.160679,1086.6,65.0,2.76,153,79,250,,True,-3.6
371,32.936456,-117.160654,1089.7,64.8,2.82,154,79,250,,True,-5.5
372,32.936444,-117.160633,1092.5,64.8,2.84,154,80,247,,True,-5.0
373,32.93643,-117.160611,1095.0,64.6,2.74,154,80,246,,True,-5.0
374,32.936407,-117.160576,1098.7,64.4,2.92,154,81,244,,True,-4.9
375,32.936397,-117.160547,1101.8,64.2,3.04,153,81,244,,True,-4.6
376,32.936379,-117.160523,1104.7,64.2,3.0,154,81,245,,True,-3.4
377,32.936353,-117.160497,1108.0,64.0,3.1,154,81,244,,True,-3.4
378,32.936332,-117.160491,1110.4,64.0,3.08,154,81,245,,True,-4.8
379,32.936305,-117.160483,1113.6,63.8,2.98,154,81,244,,True,-5.2
380,32.936269,-117.16048,1117.1,63.6,3.06,154,80,244,,True,-6.7
381,32.936249,-117.160484,1119.5,63.4,2.96,153,80,245,,True,-5.1
382,32.936226,-117.160485,1122.3,63.2,2.86,154,80,245,,True,-5.5
383,32.936194,-117.160482,1125.4,63.2,3.0,154,81,244,,True,-4.9
384,32.936172,-117.160481,1128.1,63.0,2.9,154,80,243,,True,-3.2
385,32.936135,-117.160474,1131.8,62.8,2.94,153,80,244,,True,-4.9
386,32.936112,-117.16048,1134.9,62.8,3.08,153,81,245,,True,-3.2
387,32.936086,-117.160492,1137.7,62.6,3.08,153,81,245,,True,-3.5
388,32.93606,-117.1605,1140.6,62.6,3.04,153,81,245,,True,-5.4
389,32.936038,-117.160496,1143.3,62.4,3.04,153,81,244,,True,-5.3
390,32.936017,-117.160475,1146.0,62.2,2.84,152,80,243,,True,-7.7
391,32.935993,-117.160458,1149.1,62.0,2.84,152,80,242,,True,-7.3
392,32.93598,-117.160458,1151.0,61.8,2.66,152,80,241,,True,-7.8
393,32.935959,-117.160457,1152.7,61.6,2.42,152,80,241,,True,-6.2
394,32.935943,-117.160456,1154.3,61.6,2.2,151,82,238,,True,-4.9
395,32.935921,-117.160454,1156.2,61.4,2.04,151,82,237,,True,-1.7
396,32.935906,-117.160478,1158.7,61.4,1.92,151,82,230,,True,-2.0
397,32.935898,-117.160505,1161.3,61.4,2.06,150,82,216,,True,-1.8
398,32.93589,-117.160541,1164.3,61.4,2.32,150,82,215,,True,-1.7
399,32.935885,-117.160572,1167.4,61.2,2.62,149,81,218,,True,-3.3
400,32.935876,-117.160599,1170.3,61.2,2.82,149,81,236,,True,-3.3
401,32.935862,-117.160635,1173.4,61.0,2.94,149,81,246,,True,-1.6
402,32.935856,-117.160665,1176.4,61.0,3.02,149,81,254,,True,-1.5
403,32.935849,-117.16071,1180.2,61.0,3.18,149,81,252,,True,0.0
404,32.935835,-117.160742,1183.7,61.0,3.26,149,82,249,,True,0.0
405,32.935823,-117.160773,1187.3,61.0,3.4,149,83,274,,True,0.0
406,32.93581,-117.160818,1191.3,61.0,3.58,149,83,276,,True,0.0
407,32.935801,-117.160844,1194.5,61.0,3.62,149,83,282,,True,-1.4
408,32.93579,-117.160884,1198.5,61.0,3.66,149,83,287,,True,-1.4
409,32.935775,-117.160923,1202.0,60.8,3.66,150,83,285,,True,-1.4
410,32.935768,-117.16095,1205.2,60.8,3.58,150,83,287,,True,0.0
411,32.935757,-117.160987,1208.7,60.8,3.48,150,82,287,,True,1.6
412,32.93575,-117.161013,1211.5,61.0,3.4,151,82,286,,True,1.7
413,32.935748,-117.161044,1214.4,61.0,3.18,151,82,287,,True,1.7
414,32.935747,-117.16108,1217.3,61.0,3.06,151,82,286,,True,0.0
415,32.935748,-117.161109,1220.2,61.0,3.0,152,82,285,,True,0.0
416,32.935737,-117.161143,1223.7,61.0,3.0,152,82,284,,True,-1.7
417,32.935713,-117.161174,1226.6,61.0,3.02,152,82,283,,True,-1.7
418,32.9357,-117.161193,1229.4,60.8,3.0,152,82,283,,True,-3.3
419,32.935685,-117.16122,1232.3,60.8,3.0,153,82,282,,True,-1.6
420,32.935664,-117.161255,1235.9,60.6,3.14,153,81,280,,True,0.0
421,32.935654,-117.161278,1238.8,60.8,3.02,153,81,281,,True,0.0
422,32.935633,-117.161316,1242.5,60.8,3.18,153,81,280,,True,2.8
423,32.935614,-117.161345,1246.2,60.8,3.36,153,81,289,,True,1.4
424,32.935596,-117.161372,1250.0,61.0,3.54,154,81,290,,True,1.5
425,32.935578,-117.161406,1253.3,61.0,3.48,154,81,297,,True,0.0
426,32.935567,-117.161427,1255.9,61.0,3.42,154,81,304,,True,-1.6
427,32.93555,-117.161454,1259.2,60.8,3.34,154,82,301,,True,-1.6
428,32.935527,-117.161486,1262.7,60.8,3.3,154,82,296,,True,-1.5
429,32.935516,-117.16151,1265.8,60.8,3.16,155,81,293,,True,0.0
430,32.9355,-117.161548,1269.3,60.8,3.2,155,81,293,,True,0.0
431,32.935492,-117.161575,1272.3,60.8,3.28,155,81,295,,True,0.0
432,32.935487,-117.1616,1275.2,60.8,3.2,155,81,294,,True,0.0
433,32.935479,-117.161639,1278.5,60.8,3.16,155,81,294,,True,0.0
434,32.935471,-117.161667,1281.3,60.8,3.1,156,81,295,,True,0.0
435,32.93546,-117.16169,1283.9,60.8,2.92,156,81,296,,True,-1.9
436,32.935448,-117.161722,1286.8,60.8,2.9,156,82,293,,True,-1.9
437,32.935443,-117.161744,1289.1,60.6,2.78,156,82,290,,True,-1.8
438,32.935435,-117.161774,1291.9,60.6,2.68,156,82,288,,True,0.0
439,32.935424,-117.161808,1295.1,60.6,2.76,156,82,286,,True,1.6
440,32.935423,-117.161837,1298.1,60.8,2.84,156,82,285,,True,3.3
441,32.935421,-117.161875,1301.3,60.8,2.9,156,81,285,,True,3.4
442,32.935417,-117.161902,1304.1,61.0,3.0,155,81,285,,True,1.7
443,32.935415,-117.16193,1306.9,61.0,3.0,156,81,287,,True,1.8
444,32.935411,-117.161967,1309.8,61.0,2.94,156,81,286,,True,0.0
445,32.935394,-117.161988,1312.5,61.0,2.88,156,81,285,,True,0.0
446,32.935386,-117.162016,1315.7,61.0,2.88,156,81,285,,True,-1.7
447,32.935377,-117.162057,1319.1,61.0,3.0,156,81,284,,True,-1.6
448,32.935366,-117.16208,1321.8,60.8,2.98,156,81,284,,True,-1.6
449,32.935359,-117.162111,1325.1,60.8,3.06,156,80,284,,True,-1.7
450,32.935357,-117.162148,1328.0,60.8,3.1,156,81,284,,True,0.0
451,32.935355,-117.162173,1330.6,60.8,2.98,156,81,285,,True,1.8
452,32.935355,-117.162204,1333.8,60.8,2.94,156,81,287,,True,3.8
453,32.935351,-117.162232,1336.4,61.0,2.92,156,81,288,,True,3.5
454,32.93535,-117.162255,1338.6,61.2,2.7,156,81,288,,True,3.6
455,32.935341,-117.162294,1341.9,61.2,2.78,156,81,287,,True,1.7
456,32.935331,-117.16232,1344.9,61.2,2.86,156,81,285,,True,-1.6
457,32.935323,-117.162349,1348.1,61.2,2.86,156,81,284,,True,-1.7
458,32.935317,-117.162389,1351.3,61.0,2.98,156,81,283,,True,-1.8
459,32.935312,-117.162407,1353.7,61.0,3.02,156,81,283,,True,-1.9
460,32.935309,-117.16243,1355.8,61.0,2.78,156,81,284,,True,0.0
461,32.935301,-117.162468,1358.9,61.0,2.8,157,81,282,,True,0.0
462,32.935293,-117.162493,1361.7,61.0,2.72,156,81,279,,True,-1.8
463,32.935285,-117.162518,1364.6,61.0,2.66,156,81,279,,True,-2.0
464,32.935283,-117.162552,1367.1,60.8,2.68,157,81,278,,True,-1.9
465,32.935281,-117.162569,1369.1,60.8,2.66,156,80,276,,True,-1.9
466,32.935271,-117.162601,1372.0,60.8,2.62,156,80,273,,True,-1.8
467,32.935259,-117.162635,1375.1,60.8,2.68,157,80,271,,True,-1.7
468,32.935254,-117.162661,1378.0,60.6,2.68,156,80,270,,True,-1.6
469,32.935241,-117.162693,1381.2,60.6,2.82,156,81,268,,True,-1.7
470,32.935229,-117.162724,1384.3,60.6,3.04,156,81,267,,True,0.0
471,32.935219,-117.162752,1387.2,60.6,3.04,156,81,267,,True,0.0
472,32.935208,-117.162785,1390.3,60.6,3.04,156,81,266,,True,0.0
473,32.935198,-117.162808,1392.9,60.6,2.98,156,81,267,,True,-1.7
474,32.935188,-117.162836,1395.8,60.6,2.92,155,81,267,,True,-1.7
475,32.935171,-117.16287,1399.3,60.4,3.0,155,80,265,,True,-3.4
476,32.935154,-117.162887,1401.8,60.4,2.92,155,80,264,,True,-3.2
477,32.935139,-117.16291,1404.7,60.2,2.88,155,80,264,,True,-3.2
478,32.935117,-117.162949,1408.4,60.2,3.1,155,81,263,,True,-3.1
479,32.935099,-117.162969,1411.7,60.0,3.18,155,81,261,,True,-1.5
480,32.93508,-117.162993,1414.8,60.0,3.1,155,81,261,,True,-3.2
481,32.935059,-117.163027,1418.2,60.0,3.28,155,81,261,,True,-1.6
482,32.935051,-117.163049,1421.0,59.8,3.26,155,80,261,,True,-1.6
483,32.935035,-117.163084,1424.4,59.8,3.2,155,80,261,,True,-1.7
484,32.935023,-117.163113,1427.7,59.8,3.2,155,80,262,,True,0.0
485,32.935018,-117.163137,1430.3,59.8,3.1,156,81,261,,True,0.0
486,32.935008,-117.163176,1433.7,59.8,3.1,156,81,261,,True,0.0
487,32.934996,-117.163203,1436.5,59.8,3.1,156,81,262,,True,0.0
488,32.934987,-117.163232,1439.9,59.8,3.1,156,81,263,,True,-1.7
489,32.934973,-117.163263,1442.8,59.8,3.02,156,81,263,,True,-1.7
490,32.93496,-117.163286,1445.6,59.6,3.06,157,81,261,,True,-1.7
491,32.934947,-117.163312,1448.4,59.6,2.94,157,81,259,,True,-1.8
492,32.934931,-117.163348,1451.6,59.6,3.02,157,81,260,,True,0.0
493,32.934922,-117.163369,1454.1,59.6,2.84,156,81,259,,True,0.0
494,32.934906,-117.1634,1457.6,59.6,2.96,156,81,256,,True,0.0
495,32.934893,-117.163437,1461.0,59.6,3.08,156,81,258,,True,0.0
496,32.934883,-117.163462,1464.1,59.6,3.14,156,81,258,,True,0.0
497,32.934872,-117.163495,1467.3,59.6,3.14,156,81,261,,True,0.0
498,32.934863,-117.16352,1470.0,59.6,3.18,157,81,262,,True,0.0
499,32.934861,-117.163539,1471.7,59.6,2.82,156,81,262,,True,0.0
500,32.934858,-117.163573,1474.6,59.6,2.72,156,81,262,,True,0.0
501,32.93485,-117.163598,1477.1,59.6,2.6,157,81,262,,True,0.0
502,32.934842,-117.163624,1480.0,59.6,2.54,157,81,263,,True,0.0
503,32.934837,-117.163661,1482.8,59.6,2.56,157,81,264,,True,0.0
504,32.93483,-117.163682,1485.3,59.6,2.72,157,81,263,,True,0.0
505,32.934824,-117.163712,1488.3,59.6,2.74,157,81,263,,True,0.0
506,32.934815,-117.163753,1491.8,59.6,2.94,157,81,263,,True,0.0
507,32.93481,-117.163777,1494.4,59.6,2.88,157,81,264,,True,0.0
508,32.934798,-117.163808,1497.7,59.6,2.98,157,81,264,,True,0.0
509,32.934787,-117.16384,1500.8,59.6,3.1,157,81,265,,True,1.5
510,32.934783,-117.163872,1504.1,59.6,3.16,157,81,267,,True,1.6
511,32.934783,-117.163917,1507.9,59.8,3.22,157,81,268,,True,3.1
512,32.934781,-117.163943,1510.6,59.8,3.24,157,81,269,,True,3.1
513,32.93478,-117.163976,1513.7,60.0,3.2,157,81,271,,True,3.5
514,32.934783,-117.164015,1517.0,60.0,3.24,157,81,271,,True,3.4
515,32.934784,-117.164037,1519.4,60.2,3.06,158,83,273,,True,1.6
516,32.934775,-117.164068,1522.5,60.2,2.92,158,83,275,,True,0.0
517,32.934762,-117.16411,1526.1,60.2,3.1,158,83,275,,True,-1.5
518,32.934754,-117.164134,1529.0,60.0,3.06,158,82,276,,True,-1.4
519,32.934737,-117.164181,1533.1,60.0,3.22,158,81,280,,True,-2.8
520,32.934717,-117.16421,1536.7,60.0,3.46,158,81,280,,True,-2.6
521,32.934705,-117.164241,1540.3,59.8,3.56,159,81,284,,True,-2.9
522,32.934689,-117.164286,1544.3,59.6,3.64,159,80,285,,True,-2.9
523,32.934683,-117.164311,1547.1,59.6,3.62,159,82,285,,True,-1.5
524,32.934672,-117.164343,1550.3,59.6,3.44,159,83,285,,True,0.0
525,32.934664,-117.164379,1553.6,59.6,3.38,159,83,284,,True,0.0
526,32.934664,-117.164406,1556.7,59.6,3.28,159,83,283,,True,1.6
527,32.934665,-117.164448,1559.9,59.6,3.12,159,82,285,,True,1.7
528,32.934657,-117.164472,1562.7,59.8,3.12,159,82,286,,True,3.3
529,32.934647,-117.1645,1565.4,59.8,3.02,159,82,289,,True,3.4
530,32.934635,-117.164539,1568.9,60.0,3.06,159,82,287,,True,1.7
531,32.934621,-117.164561,1571.8,60.0,3.02,159,82,286,,True,0.0
532,32.934613,-117.164589,1574.7,60.0,2.96,160,82,285,,True,-1.9
533,32.934609,-117.164616,1577.3,59.8,2.92,160,82,284,,True,-3.7
534,32.934612,-117.164639,1579.5,59.8,2.82,160,82,284,,True,-3.7
535,32.934615,-117.164676,1582.6,59.6,2.74,160,81,282,,True,-1.8
536,32.934619,-117.164707,1585.5,59.6,2.74,159,81,278,,True,-1.6
537,32.934626,-117.164733,1588.4,59.6,2.74,160,81,279,,True,0.0
538,32.934626,-117.164774,1591.7,59.6,2.88,160,81,278,,True,1.7
539,32.934626,-117.164799,1594.2,59.6,2.94,159,81,278,,True,1.7
540,32.934622,-117.164826,1597.1,59.8,2.9,159,80,278,,True,1.7
541,32.93461,-117.164865,1600.4,59.8,2.98,159,80,278,,True,1.6
542,32.934595,-117.164891,1603.3,59.8,2.98,159,80,278,,True,-1.6
543,32.934581,-117.164921,1606.6,59.8,2.98,159,81,278,,True,-4.8
544,32.934567,-117.164957,1610.0,59.6,3.16,159,81,275,,True,-6.2
545,32.934555,-117.164979,1612.8,59.2,3.14,159,81,272,,True,-7.8
546,32.934528,-117.164997,1616.1,59.0,3.14,159,81,272,,True,-8.1
547,32.934499,-117.165017,1619.5,58.8,3.24,159,81,272,,True,-6.3
548,32.934481,-117.165038,1622.4,58.6,3.16,158,81,270,,True,-6.3
549,32.93446,-117.165065,1625.6,58.4,3.12,158,81,268,,True,-6.5
550,32.934442,-117.165093,1628.8,58.2,3.2,158,81,267,,True,-6.6
551,32.934431,-117.165117,1631.9,58.0,3.16,159,81,267,,True,-5.2
552,32.934422,-117.165147,1634.6,57.8,3.02,159,81,265,,True,-1.9
553,32.934414,-117.165168,1637.1,57.8,2.94,159,82,263,,True,0.0
554,32.934411,-117.165193,1639.5,58.0,2.78,159,82,262,,True,1.9
555,32.934407,-117.165232,1642.4,58.0,2.72,159,82,261,,True,1.8
556,32.934406,-117.165256,1644.9,58.0,2.6,158,82,259,,True,0.0
557,32.934394,-117.165286,1648.3,58.0,2.74,159,81,258,,True,0.0
558,32.934375,-117.165313,1651.1,58.0,2.8,159,81,257,,True,-1.7
559,32.934364,-117.165334,1653.6,58.0,2.82,158,81,255,,True,0.0
560,32.934349,-117.165357,1656.8,57.8,2.88,158,81,255,,True,1.9
561,32.934325,-117.165377,1659.4,58.0,2.9,158,81,255,,True,1.8
562,32.934309,-117.165392,1661.8,58.2,2.7,157,81,257,,True,3.6
563,32.934287,-117.165413,1664.8,58.2,2.74,157,81,256,,True,1.7
564,32.934262,-117.165437,1667.9,58.2,2.86,156,80,256,,True,0.0
565,32.934247,-117.165456,1671.2,58.2,2.88,156,80,258,,True,-1.7
566,32.93423,-117.165492,1674.2,58.2,2.96,156,81,257,,True,-3.4
567,32.934222,-117.165517,1676.9,58.0,3.02,156,81,256,,True,-3.4
568,32.934214,-117.165543,1679.8,57.8,3.0,156,81,255,,True,-3.4
569,32.934202,-117.16558,1682.8,57.8,2.98,156,82,254,,True,-1.6
570,32.934199,-117.165609,1686.1,57.8,2.98,156,82,253,,True,0.0
571,32.934192,-117.165644,1689.3,57.8,3.02,156,82,254,,True,1.6
572,32.934181,-117.165679,1692.4,57.8,3.1,156,83,255,,True,1.6
573,32.93418,-117.165704,1695.4,58.0,3.12,157,82,259,,True,3.3
574,32.934174,-117.165742,1698.5,58.0,3.14,158,82,261,,True,1.7
575,32.934166,-117.165772,1701.4,58.2,3.06,158,82,262,,True,0.0
576,32.934164,-117.165796,1704.1,58.0,2.96,158,82,263,,True,0.0
577,32.934164,-117.165838,1707.4,58.0,3.0,158,81,263,,True,-3.5
578,32.934166,-117.165864,1710.2,58.0,2.96,158,81,263,,True,-1.7
579,32.93417,-117.165893,1712.9,57.8,2.88,158,81,263,,True,-1.7
580,32.93418,-117.165929,1716.2,57.8,2.96,159,81,263,,True,-1.8
581,32.934191,-117.165951,1719.1,57.8,3.0,159,81,266,,True,0.0
582,32.934199,-117.165978,1721.5,57.8,2.82,159,81,266,,True,1.9
583,32.934207,-117.166007,1724.2,57.8,2.8,158,81,267,,True,2.0
584,32.934222,-117.166025,1726.6,58.0,2.74,159,81,266,,True,1.9
585,32.934235,-117.166052,1729.2,58.0,2.6,159,80,266,,True,1.9
586,32.934239,-117.166082,1732.0,58.0,2.58,159,81,265,,True,-1.7
587,32.934246,-117.166107,1734.7,58.0,2.64,159,81,265,,True,-1.7
588,32.934239,-117.166147,1738.2,57.8,2.8,159,81,264,,True,-1.8
589,32.934239,-117.166174,1740.7,57.8,2.82,159,81,263,,True,-3.5
590,32.934238,-117.1662,1743.2,57.8,2.8,159,81,263,,True,-1.9
591,32.934236,-117.166237,1746.2,57.6,2.84,160,81,263,,True,-1.9
592,32.93423,-117.166259,1748.7,57.6,2.8,159,81,262,,True,-3.4
593,32.934221,-117.166286,1751.5,57.6,2.66,159,81,262,,True,-1.8
594,32.934203,-117.166323,1754.8,57.4,2.82,159,80,260,,True,-1.7
595,32.934187,-117.16634,1757.6,57.4,2.88,159,80,260,,True,-1.6
596,32.934171,-117.166362,1760.4,57.4,2.84,159,80,260,,True,0.0
597,32.934155,-117.166401,1763.9,57.4,3.04,159,80,261,,True,1.7
598,32.934155,-117.16642,1766.6,57.4,3.02,159,81,261,,True,1.8
599,32.934155,-117.166452,1769.3,57.6,2.9,159,81,260,,True,1.5
600,32.934162,-117.166478,1771.7,57.6,2.82,159,81,261,,True,1.9
601,32.934171,-117.166494,1773.7,57.6,2.66,159,81,262,,True,0.0
602,32.934169,-117.166537,1776.9,57.6,2.6,158,81,261,,True,-2.0
603,32.934158,-117.166557,1779.3,57.6,2.54,158,81,258,,True,-1.8
604,32.934144,-117.166579,1781.8,57.4,2.5,158,81,258,,True,-2.0
605,32.934122,-117.166599,1784.6,57.4,2.58,158,81,257,,True,-1.7
606,32.934111,-117.166618,1786.9,57.4,2.64,159,82,256,,True,-1.7
607,32.934118,-117.166642,1789.1,57.4,2.44,158,82,257,,True,-3.6
608,32.934134,-117.166663,1791.3,57.4,2.4,158,82,255,,True,-5.3
609,32.93415,-117.166675,1793.6,57.2,2.36,158,82,253,,True,-7.1
610,32.934166,-117.166694,1795.6,57.0,2.2,158,81,250,,True,-7.0
611,32.934181,-117.166727,1798.2,56.8,2.26,157,80,249,,True,-3.4
612,32.934187,-117.166746,1800.4,56.6,2.26,158,80,246,,True,0.0
613,32.934181,-117.166773,1802.8,56.6,2.3,158,80,244,,True,3.2
614,32.934171,-117.166806,1805.3,56.8,2.34,157,80,239,,True,5.8
615,32.93417,-117.166829,1807.9,57.0,2.46,157,82,236,,True,7.3
616,32.934159,-117.166858,1810.8,57.2,2.52,157,82,233,,True,5.3
617,32.934153,-117.166891,1813.7,57.4,2.66,157,82,233,,True,1.6
618,32.934147,-117.166925,1816.7,57.4,2.78,157,81,236,,True,0.0
619,32.934131,-117.16696,1820.2,57.2,2.98,157,80,241,,True,0.0
620,32.934115,-117.166987,1823.1,57.2,3.04,157,80,247,,True,-1.6
621,32.934096,-117.167006,1826.2,57.4,3.08,157,80,260,,True,1.7
622,32.934067,-117.167023,1829.4,57.2,3.14,156,80,260,,True,0.0
623,32.934048,-117.167031,1831.9,57.4,3.04,156,82,257,,True,-1.7
624,32.934019,-117.167036,1835.1,57.2,2.98,156,82,256,,True,0.0
625,32.933987,-117.167043,1838.1,57.2,3.0,156,82,256,,True,-1.6
626,32.933969,-117.167056,1840.8,57.2,2.92,156,82,255,,True,0.0
627,32.933945,-117.167078,1844.1,57.2,2.94,156,82,255,,True,0.0
628,32.933932,-117.167103,1846.7,57.2,2.96,156,82,255,,True,0.0
629,32.933922,-117.167125,1849.6,57.2,2.9,156,82,251,,True,0.0
630,32.933908,-117.167151,1852.2,57.2,2.82,156,82,251,,True,0.0
631,32.933897,-117.167172,1854.6,57.2,2.76,155,82,251,,True,0.0
632,32.933883,-117.167195,1857.5,57.2,2.68,155,81,248,,True,1.8
633,32.933872,-117.167221,1859.8,57.2,2.62,155,81,247,,True,1.7
634,32.933863,-117.167239,1861.5,57.4,2.38,154,81,245,,True,3.4
635,32.93384,-117.16725,1863.5,57.4,2.26,154,81,243,,True,5.2
636,32.93381,-117.167262,1866.2,57.4,2.32,154,81,232,,True,3.6
637,32.933793,-117.167282,1869.3,57.6,2.36,154,81,232,,True,5.7
638,32.933784,-117.167293,1871.4,57.8,2.32,154,81,233,,True,6.5
639,32.933774,-117.167298,1872.6,57.8,2.22,154,80,239,,True,5.6
640,32.933762,-117.167294,1874.0,58.0,2.1,153,80,241,,True,1.6
641,32.933748,-117.167287,1875.4,58.0,1.84,153,80,235,,True,0.0
642,32.933739,-117.167268,1877.0,58.0,1.54,153,80,226,,True,-1.6
643,32.93372,-117.167253,1879.1,57.8,1.54,153,75,216,,True,-3.1
644,32.933694,-117.167246,1882.2,57.8,1.92,152,75,213,,True,-3.6
645,32.933663,-117.167236,1885.3,57.6,2.26,152,0,213,,True,-1.7
646,32.933641,-117.167233,1888.1,57.6,2.54,151,0,87,,True,0.0
647,32.933613,-117.167232,1890.9,57.6,2.78,151,0,87,,True,1.7
648,32.933582,-117.167238,1894.0,57.8,2.98,151,81,88,,True,3.3
649,32.933559,-117.167244,1897.3,57.8,3.02,151,80,265,,True,3.5
650,32.933533,-117.167258,1900.3,58.0,3.0,150,80,262,,True,0.0
651,32.933515,-117.167279,1902.3,58.0,2.84,150,80,269,,True,0.0
652,32.933499,-117.1673,1905.2,57.8,2.86,150,81,270,,True,-1.8
653,32.93348,-117.167331,1908.6,57.8,2.92,151,81,252,,True,-3.3
654,32.933474,-117.167359,1911.4,57.8,2.82,151,81,250,,True,-1.7
655,32.933466,-117.167387,1914.3,57.6,2.8,151,81,256,,True,-1.8
656,32.933449,-117.167412,1916.8,57.6,2.9,151,82,255,,True,-1.8
657,32.93344,-117.167437,1919.5,57.6,2.86,151,81,258,,True,0.0
658,32.933426,-117.167465,1922.8,57.6,2.84,152,81,255,,True,0.0
659,32.933419,-117.167498,1925.6,57.6,2.84,153,81,253,,True,0.0
660,32.933415,-117.167526,1928.4,57.6,2.82,155,80,256,,True,0.0
661,32.933414,-117.167554,1930.9,57.6,2.82,156,80,255,,True,0.0
662,32.933412,-117.167589,1933.8,57.6,2.86,156,81,256,,True,1.8
663,32.933414,-117.167616,1936.6,57.6,2.76,156,81,254,,True,1.7
664,32.933411,-117.16765,1939.6,57.8,2.8,157,81,253,,True,3.4
665,32.933399,-117.167684,1942.7,57.8,2.86,157,81,254,,True,3.1
666,32.933394,-117.16771,1945.6,58.0,2.94,157,81,257,,True,1.6
667,32.933375,-117.167747,1949.5,58.0,3.14,157,81,259,,True,1.6
668,32.933356,-117.167771,1952.4,58.0,3.16,157,81,261,,True,1.6
669,32.933336,-117.167788,1955.2,58.0,3.12,158,80,267,,True,0.0
670,32.933303,-117.167795,1958.2,58.2,3.1,157,80,267,,True,0.0
671,32.93328,-117.167802,1961.0,58.0,3.08,158,80,266,,True,-1.5
672,32.933247,-117.167802,1964.8,58.0,3.06,158,80,265,,True,-3.1
673,32.933214,-117.167802,1968.2,57.8,3.16,158,81,261,,True,-2.9
674,32.93319,-117.167806,1971.3,57.8,3.22,158,81,264,,True,-3.1
675,32.933157,-117.167799,1974.7,57.6,3.3,158,81,263,,True,-3.1
676,32.93313,-117.167794,1977.9,57.6,3.38,158,82,263,,True,-3.1
677,32.933107,-117.167795,1981.0,57.4,3.24,158,82,263,,True,-1.7
678,32.933075,-117.167789,1984.0,57.4,3.16,158,82,262,,True,-1.7
679,32.933053,-117.167785,1986.7,57.4,3.08,158,82,262,,True,-1.7
680,32.933025,-117.167783,1989.7,57.4,3.0,159,82,261,,True,-1.7
681,32.932996,-117.167795,1992.8,57.2,2.98,158,81,259,,True,-3.4
682,32.932977,-117.167803,1995.5,57.2,2.9,159,81,261,,True,-5.2
683,32.932952,-117.167812,1998.3,57.0,2.86,159,81,258,,True,-3.7
684,32.932927,-117.16783,2001.3,56.8,2.92,159,81,259,,True,-5.2
685,32.932914,-117.167844,2003.5,56.8,2.76,159,81,258,,True,-3.4
686,32.932888,-117.167867,2007.0,56.6,2.84,160,81,256,,True,-3.4
687,32.932865,-117.167889,2010.1,56.6,2.92,160,81,255,,True,-3.1
688,32.932851,-117.167912,2013.0,56.4,2.94,161,80,254,,True,-1.6
689,32.932828,-117.167939,2016.5,56.4,3.04,161,80,253,,True,-1.6
690,32.932807,-117.16796,2019.5,56.4,3.2,161,81,253,,True,0.0
691,32.93279,-117.167981,2022.6,56.4,3.12,161,81,255,,True,0.0
692,32.93277,-117.168006,2025.7,56.4,3.12,160,81,253,,True,0.0
693,32.932753,-117.168027,2028.5,56.4,3.1,161,81,253,,True,0.0
694,32.932736,-117.16805,2031.3,56.4,2.96,161,81,256,,True,0.0
695,32.932707,-117.168067,2034.4,56.4,2.98,161,81,255,,True,0.0
696,32.93269,-117.168084,2037.1,56.4,2.9,160,81,254,,True,-1.7
697,32.932673,-117.16811,2040.3,56.4,2.92,160,81,253,,True,-1.7
698,32.93265,-117.16814,2043.3,56.2,2.96,160,82,251,,True,-1.5
699,32.932635,-117.168164,2046.5,56.2,3.04,161,82,250,,True,-1.6
700,32.932608,-117.168189,2050.1,56.2,3.14,162,82,249,,True,0.0
701,32.93259,-117.168209,2052.9,56.2,3.16,162,82,249,,True,0.0
702,32.932574,-117.168236,2055.8,56.2,3.1,162,82,251,,True,0.0
703,32.932552,-117.168269,2059.4,56.2,3.22,162,82,250,,True,0.0
704,32.93254,-117.16829,2062.4,56.2,3.18,162,82,252,,True,0.0
705,32.932519,-117.168314,2065.6,56.2,3.1,162,82,253,,True,0.0
706,32.932499,-117.168336,2068.3,56.2,3.08,162,82,255,,True,0.0
707,32.932483,-117.168353,2071.1,56.2,3.06,162,82,256,,True,0.0
708,32.932459,-117.168379,2074.4,56.2,3.0,162,82,256,,True,-1.5
709,32.932435,-117.168403,2077.6,56.2,3.04,162,82,255,,True,-3.0
710,32.932417,-117.168424,2081.3,56.0,3.14,162,82,255,,True,-3.1
711,32.932389,-117.168448,2084.4,55.8,3.22,162,82,256,,True,-4.7
712,32.932372,-117.168466,2087.4,55.8,3.26,161,82,257,,True,-3.1
713,32.932351,-117.16849,2090.3,55.6,3.18,162,82,258,,True,-1.6
714,32.932317,-117.16851,2094.2,55.6,3.32,162,82,258,,True,-1.5
715,32.9323,-117.168527,2097.3,55.6,3.2,162,82,258,,True,0.0
716,32.932275,-117.168554,2100.8,55.6,3.28,161,82,260,,True,0.0
717,32.932251,-117.168579,2104.2,55.6,3.36,162,82,260,,True,-1.5
718,32.932237,-117.1686,2107.4,55.6,3.42,161,82,264,,True,-1.6
719,32.932208,-117.168625,2110.8,55.4,3.32,161,82,264,,True,-1.6
720,32.932188,-117.16864,2113.6,55.4,3.26,161,82,264,,True,-3.2
721,32.932167,-117.168657,2116.8,55.4,3.2,162,82,264,,True,-1.7
722,32.932139,-117.168684,2119.9,55.2,3.14,161,82,263,,True,-1.6
723,32.932124,-117.168701,2122.8,55.2,3.08,161,82,263,,True,-1.7
724,32.932102,-117.168723,2126.0,55.2,3.04,162,82,263,,True,1.7
725,32.932082,-117.168745,2128.8,55.2,3.04,161,82,266,,True,1.7
726,32.932065,-117.168764,2131.7,55.4,2.98,161,82,267,,True,1.7
727,32.932034,-117.168788,2134.9,55.4,3.0,161,82,267,,True,0.0
728,32.932016,-117.168805,2138.1,55.4,3.06,162,82,268,,True,-1.6
729,32.932,-117.168829,2141.3,55.2,3.06,161,82,268,,True,-3.3
730,32.931979,-117.168858,2144.3,55.2,3.1,161,83,267,,True,-3.3
731,32.931968,-117.168881,2147.2,55.0,3.1,161,82,269,,True,-1.6
732,32.931952,-117.16891,2150.4,55.0,3.1,161,82,269,,True,-1.7
733,32.931935,-117.168942,2153.6,55.0,3.1,162,82,270,,True,-1.7
734,32.931926,-117.168962,2156.4,55.0,3.02,161,82,271,,True,0.0
735,32.93191,-117.168994,2159.2,54.8,2.98,161,82,271,,True,-1.7
736,32.931893,-117.16902,2162.2,55.0,3.0,161,82,271,,True,-1.6
737,32.931879,-117.169047,2165.3,54.8,2.98,161,82,272,,True,0.0
738,32.931863,-117.169081,2168.6,54.8,3.0,161,82,272,,True,-1.6
739,32.931856,-117.169103,2171.3,54.8,2.98,161,81,272,,True,0.0
740,32.931838,-117.169135,2174.9,54.8,3.14,160,81,273,,True,0.0
741,32.931822,-117.169167,2177.8,54.8,3.12,159,81,275,,True,-1.6
742,32.931811,-117.169189,2181.0,54.8,3.14,159,81,275,,True,-1.6
743,32.931792,-117.169216,2184.1,54.6,3.1,159,81,274,,True,-1.7
744,32.931773,-117.169241,2187.1,54.6,3.16,158,81,274,,True,-1.8
745,32.931762,-117.169261,2189.8,54.6,2.98,158,81,275,,True,1.8
746,32.931746,-117.169289,2192.4,54.6,2.92,158,81,275,,True,1.9
747,32.931737,-117.169316,2195.0,54.8,2.8,157,81,274,,True,1.7
748,32.931723,-117.169339,2197.9,54.8,2.76,157,82,273,,True,1.8
749,32.931704,-117.169369,2201.3,54.8,2.84,157,82,272,,True,0.0
750,32.931698,-117.169388,2203.7,54.8,2.78,157,82,272,,True,0.0
751,32.931681,-117.169414,2206.4,54.8,2.8,157,82,272,,True,0.0
752,32.931663,-117.169439,2209.1,54.8,2.82,157,82,272,,True,0.0
753,32.931649,-117.169458,2211.9,54.8,2.8,157,82,273,,True,1.8
754,32.931635,-117.169491,2214.9,54.8,2.72,158,82,272,,True,1.8
755,32.931625,-117.169515,2217.7,55.0,2.8,158,83,271,,True,1.7
756,32.931613,-117.169539,2220.5,55.0,2.82,158,82,271,,True,0.0
757,32.931596,-117.169573,2223.7,55.0,2.92,158,81,273,,True,-1.7
758,32.931584,-117.169598,2226.6,54.8,2.94,159,81,273,,True,-3.3
759,32.931569,-117.169623,2229.5,54.8,2.92,159,81,271,,True,-5.0
760,32.931545,-117.169648,2232.7,54.6,3.0,159,82,271,,True,-3.2
761,32.931528,-117.16967,2235.6,54.4,3.02,159,83,270,,True,-4.6
762,32.931506,-117.169701,2239.2,54.4,3.1,159,83,269,,True,-3.1
763,32.931493,-117.169731,2242.5,54.2,3.18,160,83,268,,True,-3.0
764,32.931477,-117.169753,2245.6,54.2,3.22,160,81,271,,True,-3.2
765,32.931457,-117.16978,2248.8,54.0,3.22,160,81,270,,True,-1.7
766,32.931443,-117.169807,2251.6,54.0,3.2,160,81,271,,True,-1.7
767,32.931431,-117.169827,2254.4,54.0,3.04,160,81,272,,True,0.0
768,32.931416,-117.169857,2257.2,54.0,2.94,160,81,269,,True,0.0
769,32.931405,-117.169882,2259.8,54.0,2.84,161,80,270,,True,0.0
770,32.931393,-117.169905,2262.5,54.0,2.74,161,80,270,,True,0.0
771,32.931371,-117.169932,2265.4,54.0,2.76,161,80,269,,True,0.0
772,32.931353,-117.169949,2268.0,54.0,2.72,161,80,268,,True,0.0
773,32.931339,-117.16997,2270.9,54.0,2.74,161,80,269,,True,0.0
774,32.931324,-117.170008,2274.2,54.0,2.88,161,80,268,,True,0.0
775,32.931313,-117.170024,2276.8,54.0,2.86,161,80,268,,True,-1.7
776,32.931297,-117.170045,2279.4,54.0,2.8,161,80,267,,True,-1.8
777,32.931278,-117.170078,2282.8,53.8,2.96,161,80,267,,True,-1.8
778,32.93127,-117.170097,2285.4,53.8,2.9,161,80,267,,True,0.0
779,32.931255,-117.17012,2287.9,53.8,2.74,161,80,266,,True,0.0
780,32.931233,-117.170145,2290.9,54.0,2.82,161,81,265,,True,0.0
781,32.931219,-117.170168,2293.9,53.8,2.9,161,80,264,,True,1.6
782,32.931196,-117.170197,2297.4,53.8,2.92,161,80,264,,True,-1.6
783,32.931178,-117.170217,2300.3,54.0,2.98,162,80,265,,True,0.0
784,32.931162,-117.170241,2303.2,53.8,3.06,161,81,265,,True,0.0
785,32.931138,-117.170266,2306.6,53.8,3.14,161,81,265,,True,0.0
786,32.931119,-117.170282,2309.5,53.8,3.12,160,81,266,,True,1.7
787,32.931104,-117.170304,2312.2,54.0,2.96,160,81,268,,True,0.0
788,32.931087,-117.170331,2315.1,54.0,2.96,160,81,267,,True,0.0
789,32.93107,-117.170357,2318.2,53.8,3.0,160,81,266,,True,-1.6
790,32.931058,-117.170379,2321.1,53.8,2.9,159,80,267,,True,-3.3
791,32.931036,-117.170415,2324.7,53.8,3.04,159,80,266,,True,-1.7
792,32.931026,-117.170438,2327.2,53.6,3.0,159,81,266,,True,-1.7
793,32.931011,-117.170461,2329.7,53.6,2.92,158,81,268,,True,-1.9
794,32.93099,-117.170488,2332.9,53.6,2.94,158,81,268,,True,-1.8
795,32.930978,-117.170505,2335.2,53.6,2.82,158,81,266,,True,-1.8
796,32.930964,-117.170528,2338.1,53.4,2.68,158,81,265,,True,-1.9
797,32.930938,-117.170551,2341.0,53.4,2.76,158,81,264,,True,-1.7
798,32.930923,-117.170565,2343.7,53.4,2.8,158,81,264,,True,0.0
799,32.930906,-117.17059,2346.8,53.4,2.78,158,81,264,,True,0.0
800,32.930889,-117.170619,2350.0,53.4,2.96,158,81,264,,True,0.0
801,32.930889,-117.170647,2352.5,53.4,2.88,158,80,263,,True,0.0
802,32.930883,-117.170686,2355.8,53.4,2.96,158,80,263,,True,0.0
803,32.93088,-117.170715,2358.7,53.4,3.0,158,80,263,,True,1.7
804,32.930873,-117.170744,2361.6,53.4,2.96,158,80,264,,True,1.9
805,32.93085,-117.170763,2364.0,53.6,2.8,158,81,263,,True,1.9
806,32.930835,-117.170774,2366.1,53.6,2.72,158,81,263,,True,1.8
807,32.930814,-117.170796,2369.3,53.6,2.7,157,81,263,,True,-1.7
808,32.930796,-117.170829,2372.8,53.6,2.82,157,81,263,,True,-1.5
809,32.930782,-117.170856,2376.0,53.4,2.88,157,80,264,,True,-1.6
810,32.930758,-117.170876,2379.2,53.4,3.04,157,81,266,,True,-1.6
811,32.93073,-117.170883,2382.2,53.4,3.22,156,81,267,,True,0.0
812,32.930703,-117.170889,2385.3,53.4,3.2,156,81,269,,True,0.0
813,32.930671,-117.170891,2388.8,53.4,3.2,156,81,268,,True,0.0
814,32.930654,-117.170906,2391.4,53.4,3.08,156,81,266,,True,-1.7
815,32.930638,-117.170925,2393.9,53.4,2.94,157,81,267,,True,-1.8
816,32.93061,-117.170946,2397.1,53.2,2.98,156,81,266,,True,-1.9
817,32.930588,-117.170956,2399.8,53.2,2.9,156,81,267,,True,-1.8
818,32.930575,-117.170973,2402.1,53.2,2.66,156,82,266,,True,0.0
819,32.930558,-117.171009,2405.3,53.2,2.78,156,82,263,,True,-1.7
820,32.93055,-117.171033,2408.2,53.2,2.86,155,82,262,,True,-1.6
821,32.930534,-117.171065,2411.6,53.0,2.9,156,81,262,,True,-1.7
822,32.930526,-117.171097,2414.7,53.0,2.98,156,81,264,,True,-1.6
823,32.930523,-117.171122,2417.2,53.0,3.02,156,81,264,,True,0.0
824,32.930505,-117.171158,2420.9,53.0,3.12,155,81,264,,True,0.0
825,32.930493,-117.171182,2423.8,53.0,3.12,156,82,263,,True,1.6
826,32.930481,-117.17121,2426.7,53.0,3.02,156,82,265,,True,1.7
827,32.930465,-117.171245,2429.9,53.2,3.04,156,82,264,,True,1.7
828,32.930448,-117.171264,2432.7,53.2,3.1,156,82,264,,True,0.0
829,32.930433,-117.171289,2435.8,53.2,2.98,156,81,264,,True,-3.2
830,32.930415,-117.171328,2439.2,53.0,3.08,156,81,263,,True,-3.2
831,32.930404,-117.171351,2442.4,52.8,3.14,156,81,262,,True,-3.3
832,32.930388,-117.171371,2445.1,52.8,3.04,156,81,263,,True,-1.8
833,32.930368,-117.171399,2447.9,52.8,3.04,156,81,264,,True,0.0
834,32.930359,-117.171418,2450.3,52.8,2.9,157,81,265,,True,2.0
835,32.930351,-117.171439,2452.6,52.8,2.68,157,81,265,,True,0.0
836,32.930337,-117.171467,2455.3,53.0,2.58,157,81,264,,True,0.0
837,32.93033,-117.171484,2457.4,53.0,2.46,157,81,263,,True,0.0
838,32.930316,-117.171515,2460.3,52.8,2.48,157,81,262,,True,-3.9
839,32.93031,-117.171541,2462.7,52.8,2.48,157,81,259,,True,-5.4
840,32.930303,-117.171566,2465.5,52.6,2.58,158,81,258,,True,-3.8
841,32.930298,-117.171602,2468.5,52.4,2.64,158,80,257,,True,-3.7
842,32.930297,-117.171625,2470.7,52.4,2.66,158,80,257,,True,-1.9
843,32.930293,-117.17165,2473.4,52.4,2.62,157,81,256,,True,0.0
844,32.930283,-117.171681,2475.9,52.4,2.64,158,81,253,,True,0.0
845,32.930282,-117.1717,2478.1,52.4,2.52,158,81,252,,True,0.0
846,32.93028,-117.171732,2481.1,52.4,2.52,159,81,252,,True,2.0
847,32.930281,-117.171764,2483.7,52.4,2.6,159,81,252,,True,1.9
848,32.930282,-117.171785,2485.9,52.6,2.5,160,81,253,,True,4.0
849,32.930282,-117.171814,2488.6,52.6,2.54,160,81,252,,True,3.9
850,32.930276,-117.171842,2491.1,52.8,2.6,160,81,251,,True,1.8
851,32.930276,-117.171868,2494.0,52.8,2.58,161,81,251,,True,3.5
852,32.930276,-117.171909,2497.1,52.8,2.68,161,81,252,,True,1.8
853,32.930275,-117.171933,2500.0,53.0,2.82,161,81,253,,True,0.0
854,32.930274,-117.171958,2502.5,53.0,2.78,160,81,253,,True,-1.9
855,32.930268,-117.171992,2505.4,52.8,2.86,161,82,253,,True,-3.8
856,32.930263,-117.172016,2507.8,52.6,2.76,161,82,252,,True,-5.6
857,32.930255,-117.172044,2510.5,52.6,2.68,161,81,252,,True,-3.7
858,32.930239,-117.172073,2513.3,52.4,2.66,161,81,252,,True,-1.8
859,32.930232,-117.172096,2516.1,52.4,2.72,161,82,252,,True,-1.8
860,32.930219,-117.172123,2518.9,52.4,2.7,161,82,251,,True,1.8
861,32.930208,-117.172152,2521.7,52.4,2.78,162,82,251,,True,1.9
862,32.930198,-117.172175,2524.2,52.6,2.74,162,82,252,,True,2.0
863,32.930186,-117.172196,2526.6,52.6,2.66,162,82,252,,True,1.9
864,32.930177,-117.172223,2529.1,52.6,2.6,162,81,251,,True,-1.8
865,32.930168,-117.17225,2532.2,52.6,2.66,161,81,250,,True,-1.8
866,32.930152,-117.172279,2535.1,52.4,2.68,161,81,251,,True,0.0
867,32.930141,-117.172304,2537.6,52.4,2.68,161,81,251,,True,0.0
868,32.930129,-117.172334,2540.6,52.6,2.8,161,81,251,,True,3.8
869,32.930117,-117.172359,2543.1,52.6,2.8,160,81,251,,True,3.7
870,32.930107,-117.172379,2545.7,52.8,2.7,160,81,252,,True,1.9
871,32.930091,-117.172409,2548.5,52.8,2.68,160,81,252,,True,3.5
872,32.930083,-117.172431,2551.2,52.8,2.72,160,82,252,,True,1.8
873,32.930071,-117.172458,2554.4,53.0,2.76,160,82,252,,True,1.9
874,32.930057,-117.172481,2556.7,53.0,2.72,160,82,255,,True,3.3
875,32.93005,-117.172498,2559.1,53.0,2.68,159,82,256,,True,1.7
876,32.930038,-117.17252,2561.0,53.2,2.5,160,82,257,,True,3.4
877,32.930025,-117.172543,2563.2,53.2,2.4,160,82,258,,True,3.3
878,32.930016,-117.172565,2565.9,53.2,2.3,160,82,257,,True,1.9
879,32.930007,-117.172597,2568.6,53.4,2.38,160,83,257,,True,3.5
880,32.929998,-117.172622,2571.4,53.4,2.46,160,82,258,,True,3.4
881,32.929985,-117.172648,2574.7,53.6,2.74,160,82,259,,True,1.7
882,32.929965,-117.172676,2577.5,53.6,2.86,161,81,260,,True,1.7
883,32.929957,-117.1727,2580.4,53.6,2.9,161,82,261,,True,0.0
884,32.92994,-117.172725,2583.1,53.6,2.9,162,82,261,,True,0.0
885,32.929921,-117.17275,2586.0,53.6,2.92,162,82,262,,True,0.0
886,32.929907,-117.172771,2589.0,53.6,2.86,163,82,264,,True,0.0
887,32.929884,-117.172792,2591.8,53.6,2.86,163,82,263,,True,0.0
888,32.92987,-117.172813,2594.4,53.6,2.8,163,82,263,,True,0.0
889,32.929856,-117.172837,2597.4,53.6,2.86,164,82,264,,True,0.0
890,32.929831,-117.172865,2600.7,53.6,2.94,164,82,263,,True,-1.7
891,32.929815,-117.172884,2603.4,53.6,2.88,163,82,261,,True,-3.3
892,32.929797,-117.172907,2606.3,53.4,2.9,163,81,260,,True,-3.3
893,32.929774,-117.172938,2609.6,53.2,3.04,162,80,260,,True,-5.0
894,32.929762,-117.172957,2612.7,53.2,3.06,162,80,258,,True,-3.3
895,32.929745,-117.172979,2615.4,53.0,2.94,161,80,258,,True,-1.8
896,32.929724,-117.172999,2618.3,53.0,2.98,160,79,258,,True,-3.6
897,32.929714,-117.173022,2620.8,53.0,2.9,159,79,256,,True,-1.7
898,32.929698,-117.173052,2623.8,52.8,2.84,159,79,254,,True,-1.7
899,32.92968,-117.17308,2627.0,52.8,2.86,159,80,250,,True,-3.2
900,32.929671,-117.173107,2629.8,52.8,2.88,159,81,249,,True,-1.6
901,32.929655,-117.173146,2633.2,52.6,2.98,159,81,249,,True,-1.8
902,32.929641,-117.173174,2636.3,52.6,3.1,160,81,249,,True,-5.7
903,32.929632,-117.173189,2638.0,52.6,2.84,160,82,248,,True,-4.1
904,32.929617,-117.173191,2639.4,52.4,2.48,160,81,247,,True,-3.3
905,32.929621,-117.173176,2640.4,52.2,2.12,161,81,244,,True,-3.1
906,32.929639,-117.173145,2643.0,52.2,1.96,161,81,242,,True,-2.0
907,32.929644,-117.173123,2645.4,52.2,1.82,161,81,242,,True,1.6
908,32.929661,-117.173079,2649.4,52.2,2.28,161,81,241,,True,1.5
909,32.929675,-117.173052,2652.8,52.4,2.68,161,81,240,,True,2.6
910,32.929689,-117.173017,2656.7,52.4,3.26,161,81,241,,True,4.3
911,32.929709,-117.17298,2660.6,52.6,3.52,161,81,242,,True,2.9
912,32.929722,-117.172958,2663.4,52.8,3.6,161,83,241,,True,3.0
913,32.929741,-117.172929,2666.8,52.8,3.48,160,83,244,,True,3.3
914,32.929761,-117.172907,2669.9,52.8,3.42,161,83,245,,True,3.2
915,32.929776,-117.172885,2672.8,53.0,3.22,160,83,248,,True,3.4
916,32.929797,-117.172859,2675.8,53.2,3.04,160,83,250,,True,3.5
917,32.929812,-117.172842,2678.6,53.2,3.04,160,82,252,,True,1.8
918,32.92983,-117.172822,2681.3,53.2,2.9,160,82,258,,True,0.0
919,32.929849,-117.172796,2684.2,53.2,2.86,160,82,257,,True,1.8
920,32.92986,-117.172774,2686.9,53.2,2.82,160,83,257,,True,1.8
921,32.929882,-117.172753,2689.8,53.4,2.8,160,82,255,,True,1.9
922,32.929898,-117.172734,2692.4,53.4,2.76,159,82,258,,True,1.8
923,32.929911,-117.172717,2694.7,53.4,2.68,159,82,259,,True,0.0
924,32.929934,-117.17269,2697.8,53.4,2.72,159,82,259,,True,0.0
925,32.929945,-117.172672,2700.3,53.4,2.68,160,82,258,,True,0.0
926,32.929961,-117.172647,2703.0,53.4,2.64,159,82,255,,True,0.0
927,32.929978,-117.17262,2706.0,53.4,2.72,159,82,257,,True,-1.9
928,32.929987,-117.172599,2708.5,53.4,2.76,160,83,256,,True,-1.9
929,32.93,-117.172572,2711.1,53.2,2.66,159,83,256,,True,-3.2
930,32.930008,-117.172552,2713.3,53.2,2.6,159,82,256,,True,-3.3
931,32.930016,-117.172528,2715.7,53.2,2.54,159,82,255,,True,-3.3
932,32.930034,-117.172503,2718.4,53.0,2.48,159,82,246,,True,-4.0
933,32.930044,-117.172484,2720.6,53.0,2.42,159,82,245,,True,-5.8
934,32.930054,-117.172458,2723.3,52.8,2.44,159,82,240,,True,-3.8
935,32.930072,-117.17243,2726.1,52.6,2.56,159,82,239,,True,-5.2
936,32.930085,-117.172405,2728.9,52.6,2.64,159,82,237,,True,-3.3
937,32.9301,-117.172375,2732.2,52.4,2.76,159,81,240,,True,-1.7
938,32.930116,-117.172346,2735.3,52.4,2.94,159,81,243,,True,-1.6
939,32.930124,-117.172323,2738.1,52.4,2.96,159,81,253,,True,0.0
940,32.93014,-117.172287,2741.5,52.4,3.08,159,82,256,,True,0.0
941,32.930149,-117.172263,2744.3,52.4,3.08,160,82,257,,True,-1.7
942,32.93016,-117.172237,2747.1,52.4,2.98,159,82,256,,True,-1.7
943,32.930177,-117.172203,2750.0,52.2,2.94,159,82,252,,True,-3.3
944,32.930189,-117.172174,2753.3,52.2,3.04,159,82,250,,True,-4.7
945,32.930201,-117.172144,2756.3,52.0,2.96,159,82,248,,True,-3.1
946,32.930216,-117.172111,2759.8,51.8,3.1,159,82,249,,True,-3.2
947,32.93022,-117.172085,2762.7,51.8,3.12,159,82,250,,True,-1.6
948,32.93023,-117.172051,2765.7,51.8,3.14,159,82,252,,True,0.0
949,32.930234,-117.172022,2768.9,51.8,3.12,159,82,251,,True,0.0
950,32.930239,-117.171996,2771.3,51.8,3.0,159,82,251,,True,0.0
951,32.930243,-117.171954,2774.6,51.8,2.96,159,82,251,,True,0.0
952,32.930242,-117.171931,2777.3,51.8,2.92,160,82,250,,True,1.6
953,32.930246,-117.171892,2780.8,51.8,3.02,159,82,250,,True,3.2
954,32.930251,-117.171855,2784.1,52.0,3.04,160,82,253,,True,4.5
955,32.930249,-117.171826,2787.1,52.2,3.16,160,82,255,,True,6.3
956,32.930257,-117.171788,2790.6,52.4,3.2,160,82,257,,True,4.7
957,32.930258,-117.171757,2793.6,52.6,3.26,160,82,258,,True,1.6
958,32.930257,-117.171726,2796.8,52.6,3.2,160,82,262,,True,-1.6
959,32.93027,-117.171686,2799.9,52.4,3.16,160,82,264,,True,-3.1
960,32.930272,-117.171655,2803.2,52.2,3.22,160,82,263,,True,-4.6
961,32.930276,-117.17162,2806.6,52.2,3.2,160,82,264,,True,-3.1
962,32.930282,-117.171583,2809.8,52.0,3.24,161,81,264,,True,-1.6
963,32.930285,-117.171556,2813.0,52.0,3.24,160,82,265,,True,-3.4
964,32.930298,-117.171525,2815.9,52.0,3.2,160,82,266,,True,-1.7
965,32.930304,-117.171501,2818.5,51.8,3.06,161,83,264,,True,-1.9
966,32.930314,-117.171475,2821.3,51.8,2.94,161,83,263,,True,0.0
967,32.930331,-117.171449,2823.8,51.8,2.8,161,82,263,,True,3.7
968,32.930341,-117.171427,2826.6,52.0,2.72,161,82,264,,True,3.7
969,32.930352,-117.171401,2829.2,52.2,2.66,161,82,264,,True,5.4
970,32.930371,-117.171375,2832.0,52.2,2.7,161,84,262,,True,3.4
971,32.930381,-117.171352,2834.9,52.4,2.72,161,84,263,,True,0.0
972,32.930403,-117.171322,2838.2,52.4,2.88,161,84,262,,True,0.0
973,32.930418,-117.171297,2841.1,52.2,2.9,161,82,265,,True,-1.6
974,32.930428,-117.171271,2844.1,52.2,2.98,161,80,266,,True,-1.7
975,32.930445,-117.171237,2847.4,52.2,3.08,162,80,267,,True,0.0
976,32.930457,-117.171213,2850.2,52.2,3.06,162,80,268,,True,1.6
977,32.930472,-117.171192,2853.1,52.2,2.98,162,80,271,,True,1.6
978,32.930494,-117.171159,2856.4,52.4,3.06,163,80,272,,True,1.6
979,32.930505,-117.171133,2859.7,52.4,3.12,163,81,272,,True,1.5
980,32.930521,-117.1711,2863.1,52.4,3.14,163,81,274,,True,0.0
981,32.930535,-117.171071,2866.3,52.4,3.22,163,81,277,,True,1.6
982,32.93054,-117.171043,2869.1,52.4,3.2,163,81,279,,True,1.7
983,32.93055,-117.171007,2872.3,52.6,3.18,164,81,280,,True,0.0
984,32.930552,-117.170977,2875.1,52.6,3.08,164,82,280,,True,0.0
985,32.93056,-117.170948,2878.4,52.4,3.06,164,82,280,,True,-1.8
986,32.930582,-117.170916,2881.6,52.4,3.06,164,82,278,,True,-1.7
987,32.930593,-117.170905,2883.7,52.4,2.92,164,81,280,,True,0.0
988,32.930617,-117.17089,2886.6,52.4,2.86,165,81,281,,True,-1.9
989,32.93064,-117.170865,2889.6,52.4,2.9,165,81,278,,True,-1.7
990,32.930656,-117.170848,2892.1,52.2,2.74,165,81,276,,True,-1.8
991,32.930683,-117.170833,2895.2,52.2,2.72,165,81,275,,True,-1.8
992,32.930713,-117.170843,2898.0,52.2,2.86,165,81,274,,True,1.8
993,32.930735,-117.17084,2900.9,52.2,2.86,165,81,274,,True,1.9
994,32.930759,-117.170828,2903.5,52.4,2.78,165,81,275,,True,3.9
995,32.930774,-117.170811,2905.9,52.4,2.76,164,81,275,,True,3.8
996,32.930786,-117.17079,2908.3,52.6,2.62,164,82,274,,True,1.9
997,32.930802,-117.170759,2911.5,52.6,2.7,163,82,272,,True,1.8
998,32.930818,-117.170735,2914.3,52.6,2.68,163,82,272,,True,0.0
999,32.930838,-117.170721,2917.1,52.6,2.72,163,81,273,,True,0.0
1000,32.930859,-117.170695,2920.0,52.6,2.82,163,81,274,,True,0.0
1001,32.930865,-117.170675,2922.4,52.6,2.82,163,81,273,,True,-1.9
1002,32.930876,-117.170648,2925.2,52.6,2.74,163,81,271,,True,-1.9
1003,32.930885,-117.170618,2927.6,52.4,2.66,163,81,269,,True,-1.7
1004,32.930891,-117.170589,2930.8,52.4,2.74,163,81,269,,True,-1.7
1005,32.930908,-117.170549,2934.5,52.4,2.9,162,81,268,,True,0.0
1006,32.930914,-117.170535,2936.7,52.4,2.86,163,81,266,,True,0.0
1007,32.930939,-117.170517,2939.5,52.4,2.86,163,81,265,,True,0.0
1008,32.930961,-117.170494,2942.4,52.4,2.96,163,82,265,,True,0.0
1009,32.930974,-117.170476,2944.9,52.4,2.82,163,82,264,,True,0.0
1010,32.930997,-117.17045,2948.1,52.4,2.72,163,84,260,,True,-1.8
1011,32.931013,-117.170428,2951.1,52.4,2.88,163,84,260,,True,-1.7
1012,32.931025,-117.170406,2953.8,52.2,2.86,162,83,260,,True,-1.8
1013,32.931042,-117.170373,2956.8,52.2,2.88,162,83,261,,True,-1.9
1014,32.93105,-117.170356,2959.2,52.2,2.86,162,82,262,,True,1.8
1015,32.931066,-117.170333,2961.8,52.2,2.74,162,82,262,,True,2.0
1016,32.931086,-117.170309,2964.7,52.4,2.72,162,82,260,,True,1.9
1017,32.931098,-117.170292,2967.0,52.4,2.64,162,82,260,,True,3.6
1018,32.931116,-117.170269,2969.8,52.4,2.6,161,82,260,,True,1.9
1019,32.931136,-117.170245,2972.8,52.6,2.72,161,81,259,,True,1.7
1020,32.931151,-117.170227,2975.4,52.6,2.72,160,81,261,,True,1.7
1021,32.931174,-117.170198,2978.6,52.6,2.78,160,81,260,,True,1.6
1022,32.931188,-117.170172,2981.9,52.6,2.98,160,81,261,,True,0.0
1023,32.931204,-117.170149,2985.0,52.8,3.04,160,82,262,,True,0.0
1024,32.931225,-117.170119,2988.0,52.6,3.04,160,82,264,,True,-1.6
1025,32.931239,-117.170096,2991.0,52.6,3.12,160,82,265,,True,-3.3
1026,32.931253,-117.170071,2994.2,52.4,3.12,160,82,264,,True,-1.7
1027,32.931276,-117.170044,2997.2,52.4,3.06,160,81,265,,True,-1.7
1028,32.931289,-117.170024,3000.0,52.4,3.0,160,81,266,,True,1.8
1029,32.931304,-117.170001,3002.7,52.4,2.94,160,81,266,,True,1.9
1030,32.931317,-117.169975,3005.3,52.6,2.86,160,81,266,,True,1.9
1031,32.931325,-117.169955,3007.7,52.6,2.7,160,82,263,,True,0.0
1032,32.931345,-117.169932,3010.5,52.6,2.66,160,82,262,,True,-2.0
1033,32.931355,-117.169911,3012.9,52.4,2.58,160,82,261,,True,-1.9
1034,32.931366,-117.16989,3015.4,52.4,2.54,160,82,260,,True,-1.9
1035,32.931388,-117.169863,3018.2,52.4,2.58,160,81,259,,True,0.0
1036,32.931398,-117.169842,3020.8,52.4,2.62,160,82,258,,True,0.0
1037,32.931415,-117.169815,3023.7,52.4,2.64,160,82,256,,True,1.8
1038,32.93143,-117.169787,3026.7,52.4,2.76,160,82,257,,True,1.7
1039,32.931441,-117.169763,3029.4,52.6,2.8,160,82,257,,True,1.6
1040,32.931465,-117.169732,3032.9,52.6,2.94,161,81,257,,True,1.7
1041,32.93148,-117.169708,3036.0,52.6,3.04,160,81,257,,True,0.0
1042,32.931491,-117.169686,3038.7,52.6,3.0,160,81,258,,True,0.0
1043,32.931506,-117.169662,3041.4,52.6,2.94,160,82,258,,True,1.9
1044,32.931523,-117.169638,3044.0,52.6,2.92,160,81,259,,True,1.9
1045,32.93153,-117.169617,3046.3,52.8,2.68,160,80,260,,True,1.9
1046,32.93155,-117.169596,3049.0,52.8,2.6,160,80,261,,True,3.9
1047,32.931568,-117.169573,3051.9,52.8,2.64,160,79,262,,True,3.8
1048,32.931581,-117.169558,3054.2,53.0,2.56,160,79,263,,True,3.8
1049,32.931601,-117.169537,3056.8,53.2,2.56,160,80,263,,True,5.8
1050,32.931615,-117.169514,3059.5,53.2,2.64,159,80,264,,True,5.3
1051,32.93163,-117.169494,3062.3,53.4,2.66,159,80,266,,True,3.5
1052,32.93165,-117.169465,3065.5,53.6,2.72,160,81,266,,True,3.4
1053,32.93166,-117.169442,3068.3,53.6,2.82,160,81,267,,True,1.7
1054,32.931673,-117.169418,3071.1,53.6,2.86,160,81,269,,True,0.0
1055,32.931687,-117.169388,3074.0,53.6,2.9,160,81,268,,True,-1.7
1056,32.931699,-117.169362,3077.0,53.6,2.94,160,82,269,,True,-1.7
1057,32.931716,-117.16933,3080.2,53.4,2.94,161,82,270,,True,-1.7
1058,32.93173,-117.169306,3083.1,53.4,2.96,161,82,269,,True,-3.2
1059,32.931741,-117.169276,3086.1,53.4,3.0,161,82,272,,True,-1.6
1060,32.931761,-117.169243,3089.5,53.2,3.1,161,82,273,,True,-1.5
1061,32.931776,-117.169215,3092.9,53.2,3.18,160,82,275,,True,-1.5
1062,32.931797,-117.169185,3096.4,53.2,3.24,161,82,275,,True,1.5
1063,32.93181,-117.169154,3099.6,53.2,3.3,161,82,276,,True,1.5
1064,32.931821,-117.169125,3103.0,53.4,3.38,161,84,277,,True,1.5
1065,32.93184,-117.169087,3106.5,53.4,3.4,161,84,277,,True,2.9
1066,32.931849,-117.169061,3109.7,53.4,3.36,161,84,281,,True,1.4
1067,32.931868,-117.169028,3113.6,53.6,3.44,161,84,283,,True,1.5
1068,32.931887,-117.168999,3116.8,53.6,3.44,161,83,287,,True,1.5
1069,32.931896,-117.168977,3119.5,53.6,3.3,161,82,303,,True,0.0
1070,32.931912,-117.16894,3122.8,53.6,3.26,161,82,301,,True,0.0
1071,32.931923,-117.168912,3125.9,53.6,3.24,161,82,299,,True,0.0
1072,32.931934,-117.168889,3128.8,53.6,3.04,162,82,295,,True,0.0
1073,32.931959,-117.168863,3131.9,53.6,3.02,162,82,287,,True,0.0
1074,32.931974,-117.168842,3134.6,53.6,3.02,162,82,285,,True,0.0
1075,32.931992,-117.168815,3137.7,53.6,2.98,162,82,281,,True,0.0
1076,32.932014,-117.168792,3140.9,53.6,3.0,162,82,280,,True,0.0
1077,32.93203,-117.168773,3143.9,53.6,3.02,162,82,281,,True,1.7
1078,32.932052,-117.168749,3146.9,53.6,3.0,162,82,285,,True,1.8
1079,32.932064,-117.16873,3149.4,53.8,2.96,163,82,286,,True,1.8
1080,32.93208,-117.168711,3152.0,53.8,2.86,163,82,284,,True,1.9
1081,32.932103,-117.168689,3154.8,53.8,2.78,163,82,275,,True,0.0
1082,32.932122,-117.168672,3157.6,53.8,2.74,163,82,271,,True,1.8
1083,32.932146,-117.168652,3160.7,53.8,2.76,163,82,271,,True,1.8
1084,32.932164,-117.168641,3163.2,54.0,2.76,164,82,269,,True,1.9
1085,32.932182,-117.168624,3165.7,54.0,2.74,164,83,269,,True,0.0
1086,32.932204,-117.168604,3168.4,54.0,2.72,164,83,267,,True,-1.8
1087,32.932217,-117.168587,3170.8,53.8,2.64,164,83,263,,True,0.0
1088,32.932239,-117.168566,3174.1,53.8,2.68,164,83,263,,True,0.0
1089,32.932261,-117.168548,3176.8,54.0,2.72,163,81,264,,True,1.7
1090,32.93228,-117.168529,3179.6,54.0,2.78,164,81,269,,True,1.8
1091,32.932302,-117.168506,3182.8,54.0,2.88,164,81,270,,True,1.7
1092,32.932322,-117.168492,3185.3,54.0,2.9,164,82,270,,True,0.0
1093,32.932343,-117.168472,3188.7,54.2,2.92,163,83,270,,True,1.9
1094,32.932364,-117.168452,3191.4,54.0,2.92,164,83,270,,True,1.8
1095,32.932376,-117.168437,3193.5,54.2,2.78,164,83,271,,True,0.0
1096,32.932396,-117.168418,3196.5,54.2,2.74,164,82,273,,True,1.9
1097,32.932416,-117.168395,3199.4,54.2,2.82,164,82,270,,True,1.8
1098,32.932428,-117.168377,3201.9,54.2,2.64,164,82,270,,True,1.9
1099,32.932443,-117.168357,3204.6,54.4,2.64,164,81,270,,True,3.3
1100,32.932466,-117.168343,3206.8,54.4,2.66,164,81,270,,True,3.3
1101,32.93248,-117.168329,3209.1,54.4,2.52,164,81,271,,True,1.7
1102,32.932499,-117.168312,3211.6,54.6,2.44,164,81,270,,True,1.6
1103,32.932515,-117.168291,3214.0,54.6,2.42,163,81,267,,True,1.6
1104,32.932528,-117.168274,3216.2,54.6,2.32,164,81,267,,True,0.0
1105,32.93255,-117.168251,3219.0,54.6,2.44,164,82,266,,True,1.9
1106,32.932562,-117.16823,3221.6,54.6,2.5,164,81,265,,True,0.0
1107,32.932577,-117.168208,3224.6,54.8,2.6,164,81,266,,True,0.0
1108,32.932604,-117.16818,3228.1,54.6,2.82,164,81,265,,True,0.0
1109,32.932616,-117.168159,3231.1,54.6,2.98,164,81,264,,True,0.0
1110,32.932637,-117.168131,3234.1,54.6,3.02,164,81,266,,True,1.6
1111,32.932658,-117.168103,3237.7,54.8,3.22,164,81,268,,True,1.5
1112,32.932673,-117.168083,3240.5,54.8,3.18,165,81,270,,True,1.5
1113,32.932703,-117.168056,3244.2,54.8,3.22,165,81,272,,True,0.0
1114,32.932725,-117.168035,3247.4,54.8,3.26,165,82,271,,True,0.0
1115,32.932748,-117.168009,3251.1,54.8,3.4,165,82,273,,True,0.0
1116,32.932775,-117.167981,3255.0,54.8,3.46,165,82,273,,True,1.4
1117,32.932787,-117.16796,3257.9,54.8,3.48,165,82,274,,True,1.5
1118,32.932812,-117.167928,3261.3,55.0,3.42,166,83,286,,True,1.5
1119,32.932829,-117.167904,3264.5,55.0,3.42,165,83,286,,True,2.9
1120,32.93285,-117.167878,3268.1,55.0,3.4,166,83,295,,True,1.5
1121,32.932876,-117.167848,3271.8,55.2,3.36,167,83,298,,True,1.5
1122,32.932892,-117.16783,3274.7,55.2,3.36,167,83,304,,True,3.2
1123,32.932912,-117.16781,3277.6,55.2,3.26,167,83,303,,True,1.8
1124,32.93294,-117.167792,3280.7,55.4,3.24,167,83,300,,True,1.7
1125,32.932959,-117.167777,3283.2,55.4,3.02,168,82,295,,True,1.7
1126,32.932986,-117.167765,3286.3,55.4,2.9,168,82,294,,True,0.0
1127,32.933013,-117.167757,3289.1,55.4,2.88,168,82,289,,True,1.6
1128,32.93304,-117.167749,3292.4,55.4,2.96,168,82,290,,True,1.6
1129,32.933074,-117.167755,3295.9,55.6,3.04,168,82,292,,True,1.5
1130,32.933095,-117.167753,3298.6,55.6,3.08,168,82,295,,True,3.2
1131,32.933123,-117.167754,3302.1,55.6,3.16,168,82,298,,True,1.7
1132,32.93315,-117.167764,3305.0,55.8,3.18,169,82,307,,True,1.7
1133,32.933168,-117.16776,3307.5,55.8,3.02,169,81,301,,True,3.4
1134,32.933192,-117.167759,3310.2,55.8,2.86,169,82,299,,True,3.5
1135,32.933213,-117.167766,3311.8,56.0,2.64,169,82,297,,True,3.5
1136,32.933232,-117.167766,3314.0,56.0,2.38,169,82,300,,True,5.5
1137,32.933261,-117.167768,3316.4,56.2,2.28,169,82,284,,True,3.4
1138,32.933284,-117.167768,3318.9,56.2,2.28,170,81,283,,True,3.4
1139,32.933304,-117.167766,3321.2,56.4,2.2,169,82,286,,True,3.4
1140,32.933333,-117.167764,3323.7,56.4,2.38,169,82,288,,True,3.4
1141,32.933347,-117.167757,3325.7,56.4,2.34,169,82,288,,True,1.7
1142,32.933363,-117.167738,3328.1,56.6,2.34,169,82,287,,True,1.7
1143,32.933379,-117.167713,3330.6,56.6,2.34,168,82,282,,True,3.3
1144,32.933387,-117.167694,3333.1,56.6,2.38,168,82,279,,True,0.0
1145,32.933396,-117.167664,3335.4,56.6,2.34,168,82,276,,True,0.0
1146,32.933398,-117.167635,3337.8,56.8,2.42,168,82,274,,True,-1.6
1147,32.933401,-117.167612,3340.2,56.6,2.42,167,81,274,,True,-1.9
1148,32.933401,-117.167575,3342.8,56.6,2.44,167,81,270,,True,-3.6
1149,32.933396,-117.167545,3345.8,56.4,2.54,167,81,265,,True,-1.7
1150,32.933393,-117.167515,3348.9,56.4,2.7,167,81,263,,True,-1.7
1151,32.933403,-117.16748,3351.9,56.4,2.82,167,82,269,,True,0.0
1152,32.933409,-117.167455,3354.6,56.4,2.88,167,82,275,,True,0.0
1153,32.933422,-117.167427,3357.4,56.4,2.92,168,82,269,,True,0.0
1154,32.933439,-117.1674,3360.3,56.4,2.9,167,82,265,,True,0.0
1155,32.933444,-117.167382,3362.9,56.4,2.8,168,82,260,,True,0.0
1156,32.933458,-117.167349,3365.4,56.4,2.7,168,81,255,,True,-1.9
1157,32.93347,-117.167329,3367.8,56.4,2.64,168,81,253,,True,-1.8
1158,32.933484,-117.167305,3370.7,56.2,2.66,167,81,249,,True,-1.8
1159,32.933506,-117.167279,3373.9,56.2,2.72,167,82,247,,True,-1.7
1160,32.933522,-117.167258,3376.7,56.2,2.76,167,82,246,,True,1.7
1161,32.933546,-117.167242,3379.5,56.2,2.82,167,82,253,,True,1.8
1162,32.933571,-117.167234,3382.3,56.4,2.9,167,82,256,,True,1.9
1163,32.933592,-117.167232,3384.9,56.4,2.84,167,82,256,,True,1.8
1164,32.933618,-117.16723,3387.5,56.4,2.72,167,81,255,,True,1.9
1165,32.933648,-117.167231,3390.6,56.4,2.78,166,81,250,,True,1.8
1166,32.933668,-117.167234,3393.1,56.6,2.72,166,81,251,,True,1.8
1167,32.933694,-117.167237,3396.0,56.6,2.74,166,81,247,,True,3.6
1168,32.933714,-117.167246,3398.5,56.6,2.72,166,81,249,,True,2.0
1169,32.933727,-117.167256,3400.2,56.8,2.54,166,81,249,,True,2.3
1170,32.933736,-117.167272,3401.8,56.8,2.24,166,81,250,,True,1.8
1171,32.933746,-117.167279,3403.3,56.8,2.04,166,81,247,,True,0.0
1172,32.933764,-117.167271,3404.8,56.8,1.76,166,81,242,,True,-1.7
1173,32.933788,-117.16726,3407.3,56.8,1.76,165,81,238,,True,-3.5
1174,32.933807,-117.167257,3409.5,56.6,1.86,165,81,228,,True,-4.0
1175,32.933829,-117.167249,3412.3,56.6,2.1,165,81,225,,True,-3.8
1176,32.933849,-117.167234,3414.8,56.4,2.3,165,80,226,,True,-3.4
1177,32.933865,-117.167208,3417.9,56.4,2.62,164,80,227,,True,-3.4
1178,32.933891,-117.167181,3421.4,56.2,2.82,164,80,227,,True,-1.7
1179,32.933898,-117.167163,3423.9,56.2,2.88,163,80,240,,True,-3.3
1180,32.933916,-117.167136,3426.9,56.2,2.92,163,82,242,,True,-1.8
1181,32.933932,-117.167105,3430.0,56.0,3.04,163,82,248,,True,0.0
1182,32.933942,-117.167086,3432.5,56.0,2.92,162,82,248,,True,0.0
1183,32.933966,-117.167068,3435.0,56.2,2.72,162,82,243,,True,1.9
1184,32.933987,-117.167053,3437.7,56.2,2.76,162,82,241,,True,1.8
1185,32.934009,-117.167041,3440.5,56.2,2.72,162,82,237,,True,0.0
1186,32.934042,-117.16703,3443.8,56.2,2.76,161,82,237,,True,0.0
1187,32.934064,-117.167023,3446.7,56.2,2.84,161,82,239,,True,0.0
1188,32.934089,-117.167011,3449.8,56.2,2.96,161,82,251,,True,0.0
1189,32.934116,-117.166989,3452.9,56.2,3.04,161,82,252,,True,0.0
1190,32.934133,-117.166968,3455.9,56.2,3.08,161,82,256,,True,-1.7
1191,32.934146,-117.166941,3459.1,56.2,3.06,161,82,260,,True,-1.8
1192,32.934159,-117.166913,3461.9,56.0,3.04,161,82,256,,True,-1.8
1193,32.934164,-117.166894,3463.8,56.0,2.8,161,82,255,,True,-1.9
1194,32.934183,-117.166864,3466.9,56.0,2.8,161,82,250,,True,1.6
1195,32.934196,-117.166843,3469.6,56.0,2.74,161,82,243,,True,1.9
1196,32.934205,-117.166821,3471.8,56.2,2.54,162,82,241,,True,0.0
1197,32.93421,-117.166788,3474.4,56.2,2.5,161,82,241,,True,0.0
1198,32.9342,-117.166759,3477.2,56.0,2.68,161,82,232,,True,-3.3
1199,32.934185,-117.166727,3480.6,56.0,2.74,161,81,232,,True,-4.8
1200,32.93416,-117.166699,3483.8,55.8,2.84,161,81,237,,True,-3.1
1201,32.93414,-117.166682,3487.0,55.6,3.04,162,80,244,,True,-3.4
1202,32.934121,-117.166654,3490.1,55.6,3.14,161,80,253,,True,1.9
1203,32.934124,-117.166628,3492.3,55.6,3.02,161,80,258,,True,6.0
1204,32.934131,-117.16661,3494.5,56.0,2.78,161,83,256,,True,8.0
1205,32.934155,-117.166589,3497.0,56.2,2.64,161,83,247,,True,7.8
1206,32.934175,-117.166564,3500.1,56.4,2.62,162,83,242,,True,3.7
1207,32.934182,-117.166542,3502.6,56.4,2.5,161,83,243,,True,2.0
1208,32.934174,-117.16651,3505.2,56.4,2.58,161,82,245,,True,0.0
1209,32.934165,-117.166493,3507.2,56.4,2.54,161,81,245,,True,0.0
1210,32.934152,-117.166463,3510.0,56.2,2.6,162,80,245,,True,0.0
1211,32.934149,-117.166425,3513.2,56.4,2.62,161,80,243,,True,0.0
1212,32.934148,-117.166402,3515.8,56.4,2.64,161,82,242,,True,3.4
1213,32.934161,-117.166371,3518.9,56.4,2.74,161,82,245,,True,1.7
1214,32.934181,-117.166343,3521.9,56.6,2.94,162,81,247,,True,0.0
1215,32.93419,-117.166319,3524.9,56.6,2.98,161,81,250,,True,0.0
1216,32.934205,-117.166284,3528.2,56.4,3.0,161,81,252,,True,-3.2
1217,32.934219,-117.166255,3531.2,56.4,3.08,161,81,251,,True,-4.7
1218,32.934228,-117.166228,3534.3,56.2,3.08,162,81,255,,True,-3.4
1219,32.93424,-117.16619,3537.7,56.0,3.16,161,81,255,,True,-1.7
1220,32.934235,-117.166169,3540.0,56.0,3.02,161,81,255,,True,0.0
1221,32.934234,-117.166141,3542.7,56.2,2.9,161,82,256,,True,3.4
1222,32.934236,-117.166113,3544.8,56.2,2.72,161,82,256,,True,3.4
1223,32.934232,-117.166094,3547.0,56.2,2.54,161,82,255,,True,1.7
1224,32.934229,-117.166065,3549.5,56.4,2.36,162,83,251,,True,1.6
1225,32.934218,-117.166041,3551.8,56.4,2.36,162,82,251,,True,1.9
1226,32.934205,-117.166019,3554.6,56.4,2.38,162,82,254,,True,0.0
1227,32.934185,-117.165987,3557.7,56.4,2.58,161,82,252,,True,0.0
1228,32.934173,-117.165964,3560.6,56.4,2.72,161,81,254,,True,0.0
1229,32.934163,-117.165934,3563.6,56.4,2.82,161,81,256,,True,0.0
1230,32.934158,-117.165892,3567.1,56.4,3.06,162,81,255,,True,0.0
1231,32.934148,-117.16587,3570.0,56.4,3.08,161,81,256,,True,1.6
1232,32.934138,-117.165831,3573.6,56.4,3.18,161,82,258,,True,0.0
1233,32.934132,-117.1658,3576.4,56.6,3.16,162,82,258,,True,0.0
1234,32.934126,-117.165768,3579.8,56.4,3.24,161,82,260,,True,-1.6
1235,32.934125,-117.165729,3583.2,56.4,3.22,161,82,257,,True,-3.1
1236,32.934122,-117.165704,3585.9,56.2,3.18,162,82,258,,True,-1.6
1237,32.934118,-117.165668,3589.4,56.2,3.16,161,82,260,,True,-1.7
1238,32.934126,-117.165633,3592.4,56.2,3.2,161,82,258,,True,0.0
1239,32.934128,-117.165608,3595.1,56.2,3.06,162,82,260,,True,0.0
1240,32.934141,-117.16558,3597.9,56.2,2.94,161,82,257,,True,0.0
1241,32.934158,-117.165551,3600.7,56.2,2.96,161,83,257,,True,0.0
1242,32.93417,-117.165527,3603.5,56.2,2.82,162,82,257,,True,1.6
1243,32.934194,-117.165492,3607.1,56.2,2.94,162,82,258,,True,0.0
1244,32.934211,-117.165466,3610.5,56.4,3.08,162,82,257,,True,0.0
1245,32.934233,-117.165442,3614.6,56.2,3.34,161,82,258,,True,0.0
1246,32.934258,-117.165421,3617.8,56.2,3.42,162,82,260,,True,0.0
1247,32.934273,-117.165405,3620.2,56.2,3.34,162,82,262,,True,1.8
1248,32.934291,-117.165388,3622.9,56.4,3.16,162,82,262,,True,4.0
1249,32.934315,-117.165372,3625.5,56.4,3.0,162,82,263,,True,3.8
1250,32.934327,-117.165356,3627.8,56.6,2.64,161,81,263,,True,4.0
1251,32.934349,-117.165339,3630.6,56.6,2.56,162,81,264,,True,3.2
1252,32.934368,-117.165322,3633.0,56.8,2.56,162,81,266,,True,1.9
1253,32.934382,-117.165305,3635.3,56.8,2.48,162,81,267,,True,2.0
1254,32.934393,-117.165278,3638.1,56.8,2.52,162,81,266,,True,-1.9
1255,32.934398,-117.165251,3640.6,56.8,2.56,162,81,266,,True,-1.8
1256,32.934399,-117.165223,3643.3,56.6,2.54,162,81,265,,True,-3.6
1257,32.934404,-117.165185,3646.2,56.6,2.64,163,81,265,,True,-3.4
1258,32.934409,-117.165157,3649.1,56.4,2.76,163,81,262,,True,-1.6
1259,32.934418,-117.165126,3652.4,56.4,2.86,163,81,262,,True,-1.6
1260,32.934438,-117.165094,3655.5,56.4,2.98,163,81,262,,True,0.0
1261,32.934449,-117.16507,3658.4,56.4,3.02,163,81,261,,True,0.0
1262,32.93447,-117.165045,3661.8,56.4,3.12,163,81,261,,True,0.0
1263,32.934492,-117.165022,3664.8,56.4,3.14,163,81,263,,True,1.7
1264,32.934508,-117.165007,3667.6,56.4,3.04,164,81,265,,True,3.6
1265,32.934534,-117.164993,3670.3,56.6,2.96,164,81,264,,True,5.8
1266,32.934552,-117.164979,3672.8,56.8,2.88,165,82,267,,True,8.0
1267,32.934565,-117.164963,3675.1,57.0,2.66,165,82,270,,True,7.9
1268,32.934579,-117.164933,3677.6,57.2,2.56,166,82,270,,True,7.8
1269,32.934587,-117.164909,3680.1,57.4,2.5,166,81,272,,True,5.7
1270,32.934592,-117.164883,3683.0,57.6,2.54,166,80,275,,True,3.9
1271,32.934601,-117.164851,3685.7,57.6,2.58,166,80,277,,True,1.9
1272,32.934604,-117.164831,3687.8,57.6,2.54,167,80,279,,True,0.0
1273,32.934606,-117.164807,3690.4,57.6,2.56,167,80,280,,True,0.0
1274,32.934616,-117.164776,3692.8,57.6,2.54,167,81,277,,True,0.0
1275,32.934617,-117.164757,3695.0,57.6,2.4,167,81,279,,True,0.0
1276,32.934616,-117.164731,3697.5,57.6,2.36,167,81,278,,True,1.9
1277,32.934616,-117.164694,3700.4,57.6,2.52,167,81,277,,True,3.7
1278,32.934608,-117.164673,3703.1,57.8,2.54,167,81,277,,True,5.6
1279,32.934606,-117.164643,3705.8,58.0,2.6,167,81,279,,True,5.7
1280,32.934607,-117.164612,3708.3,58.2,2.66,167,81,287,,True,3.8
1281,32.934607,-117.164591,3710.9,58.2,2.68,168,81,287,,True,2.0
1282,32.934612,-117.164556,3713.6,58.2,2.64,168,81,285,,True,-1.9
1283,32.934614,-117.164533,3715.8,58.2,2.54,168,82,285,,True,-1.8
1284,32.934624,-117.164503,3719.0,58.0,2.64,168,82,287,,True,0.0
1285,32.934644,-117.164479,3721.8,58.0,2.7,168,82,289,,True,1.8
1286,32.934652,-117.164458,3724.2,58.2,2.66,168,82,292,,True,3.9
1287,32.934656,-117.164433,3727.1,58.4,2.7,169,81,294,,True,4.0
1288,32.934659,-117.1644,3729.2,58.4,2.68,169,81,291,,True,1.9
1289,32.934661,-117.164377,3731.8,58.4,2.56,169,81,288,,True,-1.9
1290,32.934668,-117.164347,3734.8,58.4,2.6,169,81,283,,True,-1.8
1291,32.934679,-117.164312,3737.9,58.2,2.74,169,81,281,,True,-1.7
1292,32.934684,-117.164287,3740.6,58.2,2.7,170,81,279,,True,-1.9
1293,32.934697,-117.164258,3743.3,58.2,2.82,170,81,277,,True,0.0
1294,32.934701,-117.164233,3745.6,58.2,2.76,170,81,275,,True,-1.9
1295,32.93471,-117.164208,3748.5,58.2,2.74,170,81,269,,True,-1.9
1296,32.934724,-117.164177,3751.4,58.0,2.7,170,82,265,,True,-1.8
1297,32.934732,-117.164155,3753.9,58.0,2.66,170,82,262,,True,0.0
1298,32.934743,-117.164128,3756.9,58.0,2.72,170,81,262,,True,1.9
1299,32.934758,-117.164099,3759.6,58.2,2.8,170,81,262,,True,3.8
1300,32.934762,-117.16408,3761.9,58.2,2.68,170,81,261,,True,6.6
1301,32.934767,-117.164048,3764.4,58.4,2.6,170,81,261,,True,5.0
1302,32.934768,-117.164024,3766.6,58.6,2.54,170,82,261,,True,4.9
1303,32.934766,-117.164001,3769.1,58.8,2.44,170,82,262,,True,3.2
1304,32.934766,-117.16397,3771.5,58.8,2.38,169,81,261,,True,2.0
1305,32.934763,-117.163942,3774.1,58.8,2.44,169,81,260,,True,0.0
1306,32.93476,-117.163916,3776.8,58.8,2.48,168,81,260,,True,-1.9
1307,32.934763,-117.163883,3779.4,58.8,2.56,166,80,259,,True,-1.8
1308,32.934762,-117.163858,3782.0,58.6,2.58,165,81,258,,True,-1.7
1309,32.934765,-117.163828,3785.2,58.6,2.74,165,81,257,,True,-1.8
1310,32.934779,-117.163791,3788.4,58.6,2.86,165,81,256,,True,-1.7
1311,32.934782,-117.163768,3790.7,58.6,2.78,165,82,254,,True,-1.7
1312,32.93479,-117.163735,3794.1,58.4,2.94,165,82,253,,True,-1.8
1313,32.934801,-117.163701,3797.2,58.4,3.04,165,82,253,,True,-1.7
1314,32.9348,-117.163679,3799.7,58.4,2.9,165,82,254,,True,0.0
1315,32.934809,-117.163643,3802.7,58.4,2.86,165,81,252,,True,0.0
1316,32.934815,-117.163612,3805.6,58.4,2.98,165,81,251,,True,-1.7
1317,32.934819,-117.163584,3808.7,58.4,2.92,165,81,250,,True,-1.7
1318,32.934833,-117.16355,3811.4,58.2,2.84,165,81,248,,True,-3.3
1319,32.934838,-117.163522,3814.5,58.2,2.96,165,81,246,,True,-3.3
1320,32.934846,-117.163493,3817.7,58.0,3.0,165,81,248,,True,-1.7
1321,32.934858,-117.163458,3821.0,58.0,3.08,165,81,247,,True,-1.8
1322,32.934866,-117.163438,3823.5,58.0,2.96,164,82,247,,True,0.0
1323,32.934878,-117.163408,3825.9,58.0,2.9,164,82,247,,True,0.0
1324,32.934886,-117.163382,3828.7,58.0,2.84,164,82,246,,True,0.0
1325,32.934898,-117.16336,3831.4,58.0,2.74,164,82,247,,True,0.0
1326,32.934913,-117.163326,3834.3,58.0,2.66,165,82,246,,True,0.0
1327,32.934922,-117.163301,3837.2,58.0,2.74,164,83,244,,True,0.0
1328,32.934933,-117.163275,3840.3,58.0,2.88,164,82,244,,True,1.7
1329,32.934948,-117.163242,3843.4,58.0,2.94,164,82,245,,True,1.7
1330,32.934956,-117.16322,3846.1,58.2,2.94,164,82,246,,True,1.8
1331,32.934967,-117.16319,3848.9,58.2,2.92,164,82,248,,True,1.8
1332,32.934977,-117.163162,3851.6,58.2,2.88,164,82,248,,True,0.0
1333,32.934984,-117.163137,3854.6,58.2,2.86,164,82,249,,True,0.0
1334,32.934996,-117.163103,3857.5,58.2,2.82,164,82,249,,True,0.0
1335,32.935,-117.163077,3860.1,58.2,2.8,164,82,249,,True,1.7
1336,32.935007,-117.163046,3863.4,58.2,2.9,164,82,248,,True,1.8
1337,32.935023,-117.163015,3866.4,58.4,2.96,163,82,249,,True,1.7
1338,32.935031,-117.162995,3868.8,58.4,2.84,163,82,252,,True,3.6
1339,32.935043,-117.162967,3871.6,58.4,2.82,163,82,252,,True,1.9
1340,32.93506,-117.162947,3874.4,58.6,2.86,163,82,252,,True,0.0
1341,32.935074,-117.162928,3877.1,58.6,2.74,164,82,252,,True,0.0
1342,32.935096,-117.162897,3880.4,58.4,2.8,163,82,251,,True,-1.7
1343,32.935108,-117.162875,3883.0,58.4,2.84,163,81,252,,True,-1.6
1344,32.935125,-117.162852,3886.1,58.4,2.9,163,81,253,,True,1.7
1345,32.935144,-117.162816,3889.6,58.4,3.04,162,81,256,,True,1.6
1346,32.935151,-117.162792,3892.3,58.6,3.04,162,81,257,,True,1.7
1347,32.935171,-117.162766,3895.2,58.6,2.96,161,82,260,,True,3.5
1348,32.935189,-117.162743,3898.2,58.6,3.04,161,82,260,,True,1.8
1349,32.935201,-117.16272,3900.9,58.8,2.96,161,82,261,,True,3.6
1350,32.935216,-117.16269,3903.6,58.8,2.8,161,82,262,,True,3.7
1351,32.935226,-117.162669,3906.2,59.0,2.78,161,82,262,,True,1.9
1352,32.935236,-117.162642,3909.1,59.0,2.78,160,82,264,,True,1.9
1353,32.935243,-117.16261,3911.7,59.0,2.7,161,82,264,,True,0.0
1354,32.935243,-117.16259,3914.0,59.0,2.62,161,82,265,,True,0.0
1355,32.935251,-117.162559,3917.1,59.0,2.7,160,82,265,,True,0.0
1356,32.935259,-117.162528,3919.7,59.0,2.7,161,81,266,,True,1.8
1357,32.935256,-117.162508,3922.0,59.0,2.58,161,81,266,,True,1.9
1358,32.935263,-117.162474,3925.2,59.2,2.7,161,81,267,,True,1.9
1359,32.93527,-117.162446,3927.9,59.2,2.78,161,81,271,,True,1.9
1360,32.935275,-117.162427,3930.0,59.2,2.58,161,81,272,,True,-1.6
1361,32.935282,-117.162392,3932.7,59.2,2.6,161,82,271,,True,-1.6
1362,32.935277,-117.162372,3934.7,59.2,2.54,161,82,269,,True,-1.9
1363,32.935289,-117.162345,3937.6,59.0,2.48,162,82,267,,True,-1.5
1364,32.935305,-117.162317,3940.4,59.0,2.5,161,83,264,,True,-1.7
1365,32.935307,-117.162295,3942.6,59.0,2.52,161,83,263,,True,1.8
1366,32.93532,-117.162258,3946.2,59.0,2.7,162,83,263,,True,3.6
1367,32.935326,-117.162229,3949.0,59.2,2.86,161,82,264,,True,3.4
1368,32.935327,-117.162206,3951.4,59.4,2.76,161,81,267,,True,3.7
1369,32.935327,-117.162167,3954.4,59.4,2.8,162,81,267,,True,1.9
1370,32.935328,-117.162142,3957.1,59.4,2.9,161,81,269,,True,0.0
1371,32.935327,-117.162115,3959.7,59.4,2.7,161,81,268,,True,-1.7
1372,32.935331,-117.162074,3963.0,59.4,2.8,162,81,266,,True,-1.7
1373,32.935334,-117.162048,3965.9,59.2,2.9,161,81,264,,True,-1.6
1374,32.935343,-117.162016,3969.1,59.2,2.94,161,81,265,,True,-1.8
1375,32.935355,-117.161988,3972.1,59.2,3.0,162,81,264,,True,0.0
1376,32.935359,-117.161965,3974.3,59.2,2.92,161,81,263,,True,0.0
1377,32.935372,-117.161935,3977.6,59.2,2.92,161,81,263,,True,0.0
1378,32.935383,-117.161909,3979.9,59.2,2.8,162,81,264,,True,0.0
1379,32.935387,-117.161885,3982.6,59.2,2.7,161,81,263,,True,0.0
1380,32.935396,-117.16185,3985.7,59.2,2.72,161,82,261,,True,0.0
1381,32.935399,-117.161828,3987.9,59.2,2.72,162,82,262,,True,0.0
1382,32.935405,-117.161798,3991.0,59.2,2.68,161,81,261,,True,0.0
1383,32.935414,-117.161765,3993.9,59.2,2.8,161,81,260,,True,-1.9
1384,32.935414,-117.161744,3995.9,59.2,2.66,162,81,258,,True,-1.9
1385,32.93542,-117.161718,3998.7,59.0,2.6,162,82,255,,True,-2.0
1386,32.935436,-117.161687,4001.6,59.0,2.74,161,82,253,,True,-1.8
1387,32.935442,-117.161664,4004.1,59.0,2.62,161,82,252,,True,0.0
1388,32.935448,-117.161632,4007.2,59.0,2.66,161,82,251,,True,0.0
1389,32.935459,-117.161597,4010.2,59.0,2.86,162,81,251,,True,0.0
1390,32.935462,-117.161577,4012.8,59.0,2.82,161,81,251,,True,1.7
1391,32.93548,-117.161543,4015.9,59.0,2.86,161,81,251,,True,1.7
1392,32.935494,-117.161513,4019.0,59.2,2.98,162,82,251,,True,1.6
1393,32.935504,-117.16149,4022.0,59.2,2.96,161,82,252,,True,1.7
1394,32.935524,-117.161455,4025.4,59.2,3.04,161,82,252,,True,0.0
1395,32.935535,-117.161436,4027.9,59.2,3.02,162,82,253,,True,0.0
1396,32.935545,-117.161416,4030.5,59.2,2.92,161,82,255,,True,0.0
1397,32.935566,-117.161389,4033.3,59.2,2.86,161,81,256,,True,1.9
1398,32.935576,-117.161369,4035.9,59.2,2.78,161,81,256,,True,1.9
1399,32.935589,-117.16135,4038.4,59.4,2.6,162,81,256,,True,1.9
1400,32.935607,-117.161321,4041.2,59.4,2.66,161,80,256,,True,1.9
1401,32.935617,-117.161301,4043.8,59.4,2.66,162,80,257,,True,0.0
1402,32.935631,-117.16128,4046.3,59.4,2.6,162,80,257,,True,0.0
1403,32.935649,-117.161253,4049.1,59.4,2.64,162,80,258,,True,0.0
1404,32.935662,-117.16123,4051.9,59.4,2.7,162,80,256,,True,0.0
1405,32.935681,-117.161209,4054.7,59.4,2.7,162,81,256,,True,0.0
1406,32.935701,-117.161193,4057.4,59.4,2.72,162,80,256,,True,0.0
1407,32.935712,-117.161177,4059.4,59.4,2.62,162,80,257,,True,0.0
1408,32.935725,-117.161155,4061.6,59.4,2.5,162,81,256,,True,0.0
1409,32.935738,-117.161132,4064.0,59.4,2.42,162,81,255,,True,1.8
1410,32.935746,-117.161112,4066.3,59.4,2.32,162,81,254,,True,1.8
1411,32.935746,-117.161085,4068.6,59.4,2.24,162,81,252,,True,1.8
1412,32.935736,-117.161062,4070.5,59.6,2.22,161,81,252,,True,1.8
1413,32.935731,-117.161043,4072.5,59.6,2.18,161,80,252,,True,0.0
1414,32.935741,-117.161011,4075.1,59.6,2.22,161,80,250,,True,-1.7
1415,32.935743,-117.160987,4077.3,59.6,2.2,161,80,250,,True,0.0
1416,32.935746,-117.160962,4079.7,59.4,2.22,161,80,248,,True,0.0
1417,32.935756,-117.160931,4082.4,59.4,2.38,161,80,241,,True,0.0
1418,32.935762,-117.160905,4085.4,59.6,2.58,161,81,238,,True,1.7
1419,32.935768,-117.160875,4088.5,59.6,2.68,160,81,238,,True,1.7
1420,32.93578,-117.160842,4091.7,59.6,2.88,160,82,244,,True,1.8
1421,32.935783,-117.160823,4093.9,59.6,2.84,160,82,254,,True,0.0
1422,32.93579,-117.160796,4096.6,59.8,2.84,161,82,255,,True,0.0
1423,32.935802,-117.160771,4098.7,59.6,2.66,161,82,249,,True,0.0
1424,32.935808,-117.160749,4101.0,59.8,2.5,162,81,247,,True,-2.0
1425,32.935818,-117.160722,4103.9,59.6,2.44,162,81,238,,True,0.0
1426,32.935827,-117.160695,4106.7,59.6,2.56,162,81,237,,True,-1.9
1427,32.935831,-117.160672,4109.2,59.6,2.52,162,81,240,,True,0.0
1428,32.935838,-117.160647,4111.5,59.6,2.56,161,81,240,,True,0.0
1429,32.935844,-117.160625,4113.7,59.8,2.54,162,81,243,,True,0.0
1430,32.935851,-117.160603,4115.9,59.6,2.4,161,80,237,,True,0.0
1431,32.935862,-117.160577,4118.4,59.6,2.34,161,80,230,,True,-1.7
1432,32.935867,-117.160554,4120.5,59.6,2.26,161,80,229,,True,0.0
1433,32.935872,-117.160533,4122.9,59.6,2.28,161,81,228,,True,0.0
1434,32.935885,-117.160503,4125.5,59.6,2.36,161,81,225,,True,1.6
1435,32.935887,-117.160482,4127.4,59.6,2.3,160,80,225,,True,2.0
1436,32.935893,-117.160455,4130.4,59.6,2.4,160,80,227,,True,2.0
1437,32.935903,-117.160423,4133.1,59.8,2.52,160,80,231,,True,1.8
1438,32.935907,-117.160401,4135.7,59.8,2.56,160,80,238,,True,3.7
1439,32.935915,-117.160373,4138.6,59.8,2.62,160,80,241,,True,1.8
1440,32.935934,-117.160343,4141.3,60.0,2.78,160,80,242,,True,1.8
1441,32.935945,-117.160324,4144.0,60.0,2.72,160,81,243,,True,1.8
1442,32.935957,-117.160295,4147.0,60.0,2.78,160,81,243,,True,1.8
1443,32.935971,-117.160265,4150.0,60.0,2.86,160,81,244,,True,1.7
1444,32.93598,-117.160244,4152.6,60.2,2.8,160,81,246,,True,3.5
1445,32.935988,-117.160213,4155.7,60.2,2.88,159,81,248,,True,3.7
1446,32.935997,-117.160183,4158.3,60.4,2.86,160,81,250,,True,1.8
1447,32.936004,-117.160161,4160.8,60.4,2.76,160,81,254,,True,1.9
1448,32.936015,-117.160133,4163.5,60.4,2.7,159,81,253,,True,0.0
1449,32.936028,-117.160111,4166.2,60.4,2.72,159,81,253,,True,0.0
1450,32.936038,-117.160086,4168.9,60.4,2.64,159,81,253,,True,0.0
1451,32.936052,-117.160055,4171.9,60.4,2.72,160,80,252,,True,0.0
1452,32.936058,-117.160033,4174.1,60.4,2.66,159,80,252,,True,0.0
1453,32.936064,-117.160007,4176.9,60.4,2.68,159,80,252,,True,0.0
1454,32.936078,-117.159975,4179.7,60.4,2.7,159,81,252,,True,0.0
1455,32.936083,-117.159954,4182.0,60.4,2.62,159,81,251,,True,0.0
1456,32.936093,-117.15993,4184.9,60.4,2.6,158,81,250,,True,0.0
1457,32.936106,-117.159901,4187.7,60.4,2.72,158,81,251,,True,1.7
1458,32.936111,-117.159884,4189.5,60.4,2.52,158,81,251,,True,1.7
1459,32.936127,-117.159866,4191.8,60.4,2.42,157,80,251,,True,3.6
1460,32.936144,-117.159848,4194.1,60.6,2.42,157,80,250,,True,3.5
1461,32.936159,-117.15983,4196.4,60.6,2.3,157,80,249,,True,5.3
1462,32.936175,-117.159811,4198.7,60.8,2.2,157,81,248,,True,3.6
1463,32.936194,-117.159797,4201.0,60.8,2.3,156,81,248,,True,5.7
1464,32.936206,-117.159781,4203.1,61.0,2.26,156,81,248,,True,3.8
1465,32.936215,-117.159763,4205.3,61.0,2.24,155,81,248,,True,3.8
1466,32.936222,-117.159738,4206.9,61.2,2.1,156,81,249,,True,3.7
1467,32.936226,-117.159717,4209.2,61.2,2.1,156,81,249,,True,3.4
1468,32.936226,-117.15969,4211.5,61.2,2.1,156,81,248,,True,1.9
1469,32.936226,-117.159659,4213.9,61.4,2.16,156,81,248,,True,1.9
1470,32.936222,-117.159626,4217.2,61.4,2.38,156,80,248,,True,1.7
1471,32.936217,-117.159593,4219.9,61.4,2.6,156,80,249,,True,-1.6
1472,32.936208,-117.159568,4223.2,61.4,2.8,156,80,249,,True,-1.7
1473,32.936202,-117.159538,4226.2,61.2,2.94,156,80,250,,True,-3.4
1474,32.936196,-117.159505,4229.0,61.2,3.02,156,81,252,,True,-5.1
1475,32.936191,-117.159472,4231.7,61.0,2.9,156,81,250,,True,-3.4
1476,32.936193,-117.159437,4235.0,60.8,3.02,157,82,248,,True,-5.0
1477,32.936199,-117.159402,4238.1,60.8,2.98,156,82,244,,True,-3.3
1478,32.936205,-117.159379,4240.9,60.6,2.94,156,82,244,,True,0.0
1479,32.93622,-117.159347,4244.0,60.6,3.0,157,81,243,,True,1.8
1480,32.93623,-117.159325,4246.5,60.8,2.96,157,81,244,,True,5.5
1481,32.936241,-117.159304,4249.0,61.0,2.8,157,81,246,,True,5.9
1482,32.936259,-117.159275,4251.9,61.2,2.76,157,82,246,,True,3.8
1483,32.936267,-117.159255,4254.2,61.2,2.66,157,82,246,,True,3.6
1484,32.936277,-117.159229,4257.0,61.2,2.6,157,82,245,,True,1.8
1485,32.936289,-117.159196,4260.0,61.4,2.7,157,82,245,,True,1.7
1486,32.936292,-117.159164,4263.2,61.4,2.84,157,82,246,,True,1.6
1487,32.936298,-117.159133,4266.3,61.4,2.88,157,81,248,,True,1.6
1488,32.936311,-117.1591,4269.4,61.4,3.04,158,81,250,,True,1.7
1489,32.936317,-117.159076,4272.4,61.6,3.08,157,81,253,,True,1.7
1490,32.936329,-117.159041,4275.2,61.6,3.04,157,80,255,,True,1.7
1491,32.936333,-117.159014,4278.1,61.6,2.98,157,80,257,,True,1.7
1492,32.936339,-117.158986,4281.3,61.6,3.0,158,81,260,,True,1.8
1493,32.936344,-117.15895,4284.1,61.8,2.94,157,81,258,,True,1.7
1494,32.936346,-117.158927,4286.6,61.8,2.84,157,82,260,,True,1.8
1495,32.936349,-117.158893,4289.9,61.8,2.94,157,82,260,,True,2.0
1496,32.936355,-117.158868,4292.2,61.8,2.82,158,81,261,,True,3.7
1497,32.936358,-117.158852,4294.1,62.0,2.56,159,81,262,,True,2.1
1498,32.936361,-117.158842,4295.3,62.2,2.24,159,81,262,,True,1.6
1499,32.936366,-117.158816,4297.3,62.2,2.14,159,81,259,,True,0.0
1500,32.936365,-117.158794,4299.3,62.0,1.88,159,81,258,,True,-1.9
1501,32.936374,-117.158758,4302.5,62.0,2.06,159,81,258,,True,-3.4
1502,32.936398,-117.158735,4305.7,62.0,2.32,160,81,260,,True,-1.5
1503,32.936415,-117.158711,4309.0,61.8,2.74,160,81,262,,True,0.0
1504,32.936435,-117.158672,4312.7,61.8,3.08,160,84,261,,True,0.0
1505,32.93644,-117.158647,4315.4,62.0,3.22,159,85,257,,True,3.0
1506,32.936446,-117.158605,4319.3,62.0,3.36,160,85,264,,True,3.0
1507,32.936452,-117.158569,4322.5,62.2,3.36,160,85,269,,True,2.8
1508,32.936456,-117.158535,4326.1,62.2,3.42,160,85,312,,True,4.5
1509,32.936467,-117.158494,4329.6,62.4,3.38,160,84,334,,True,3.0
1510,32.936472,-117.158465,4332.6,62.6,3.44,161,84,329,,True,1.5
1511,32.936481,-117.158432,4336.0,62.6,3.34,162,84,328,,True,0.0
1512,32.936497,-117.158394,4339.4,62.4,3.38,162,83,305,,True,-1.5
1513,32.936505,-117.158365,4342.8,62.4,3.34,163,83,304,,True,-3.1
1514,32.936517,-117.158328,4346.3,62.4,3.34,163,83,302,,True,-1.5
1515,32.936528,-117.158303,4349.0,62.2,3.28,164,83,300,,True,-1.6
1516,32.936541,-117.158273,4352.5,62.2,3.3,164,83,300,,True,0.0
1517,32.93656,-117.158244,4355.4,62.2,3.2,164,83,296,,True,1.6
1518,32.936566,-117.158222,4358.0,62.4,3.04,165,83,292,,True,1.7
1519,32.93658,-117.158188,4361.4,62.4,3.02,165,83,289,,True,0.0
1520,32.936596,-117.158161,4364.3,62.4,3.06,165,83,287,,True,-1.6
1521,32.936606,-117.158137,4367.1,62.2,2.92,165,82,284,,True,-3.3
1522,32.936625,-117.158101,4370.5,62.2,3.02,166,82,281,,True,-3.2
1523,32.936636,-117.158074,4373.7,62.0,3.14,166,82,280,,True,-1.5
1524,32.936649,-117.158044,4376.9,62.0,3.1,166,82,279,,True,-3.3
1525,32.93667,-117.158014,4380.1,62.0,3.16,166,82,280,,True,-1.7
1526,32.936678,-117.157997,4382.7,61.8,3.12,166,82,279,,True,-1.7
1527,32.936694,-117.157965,4385.8,61.8,3.06,166,83,275,,True,-1.8
1528,32.936706,-117.157938,4388.6,61.8,2.98,167,83,274,,True,0.0
1529,32.936714,-117.157913,4391.5,61.8,2.92,166,82,272,,True,0.0
1530,32.936735,-117.157883,4394.7,61.8,2.92,167,82,269,,True,0.0
1531,32.936751,-117.157862,4397.5,61.8,2.96,167,82,268,,True,0.0
1532,32.936779,-117.157847,4400.4,61.8,2.92,167,82,265,,True,0.0
1533,32.936801,-117.157837,4403.4,61.8,2.96,166,82,265,,True,0.0
1534,32.936815,-117.157819,4406.0,61.8,2.9,167,82,266,,True,0.0
1535,32.93684,-117.157793,4409.1,61.8,2.88,167,82,265,,True,1.9
1536,32.936853,-117.157773,4411.6,61.8,2.82,167,82,264,,True,1.8
1537,32.936869,-117.157754,4414.2,62.0,2.76,167,82,264,,True,1.9
1538,32.936891,-117.157731,4417.1,62.0,2.74,167,82,263,,True,0.0
1539,32.9369,-117.157712,4419.4,62.0,2.68,167,82,261,,True,-1.9
1540,32.936912,-117.157687,4422.0,61.8,2.58,168,81,260,,True,-2.0
1541,32.936929,-117.157664,4424.6,61.8,2.6,167,81,258,,True,-1.9
1542,32.936942,-117.157642,4427.2,61.8,2.6,167,82,257,,True,0.0
1543,32.936961,-117.157619,4429.9,61.8,2.56,167,82,255,,True,0.0
1544,32.936971,-117.157597,4432.4,61.8,2.6,166,82,254,,True,0.0
1545,32.936983,-117.157571,4435.4,61.8,2.68,166,81,254,,True,0.0
1546,32.936999,-117.157542,4438.2,61.8,2.72,166,81,253,,True,0.0
1547,32.937009,-117.157519,4440.8,61.8,2.72,166,81,253,,True,0.0
1548,32.937026,-117.157488,4444.0,61.8,2.82,165,82,253,,True,0.0
1549,32.937039,-117.157461,4447.2,61.8,2.96,165,82,253,,True,1.7
1550,32.937049,-117.157439,4450.0,61.8,2.92,165,82,254,,True,1.8
1551,32.937066,-117.15741,4452.8,62.0,2.92,164,82,255,,True,1.8
1552,32.937072,-117.157386,4455.3,62.0,2.9,164,82,254,,True,1.8
1553,32.937085,-117.157363,4458.1,62.0,2.82,163,83,255,,True,-1.9
1554,32.937099,-117.157335,4460.9,62.0,2.74,163,82,254,,True,-1.8
1555,32.937109,-117.157313,4463.3,61.8,2.66,163,82,255,,True,-1.8
1556,32.937115,-117.157274,4466.5,61.8,2.74,162,82,254,,True,-1.8
1557,32.937122,-117.157251,4469.1,61.8,2.76,162,83,253,,True,0.0
1558,32.937129,-117.157225,4471.9,61.8,2.76,162,83,253,,True,0.0
1559,32.937145,-117.157193,4474.8,61.8,2.78,163,83,253,,True,0.0
1560,32.937152,-117.157169,4477.4,61.8,2.82,163,83,253,,True,0.0
1561,32.937159,-117.157147,4479.8,61.8,2.66,163,82,253,,True,2.0
1562,32.937177,-117.157119,4482.6,61.8,2.7,163,81,253,,True,2.0
1563,32.937183,-117.157099,4484.9,62.0,2.6,163,81,253,,True,1.9
1564,32.937192,-117.157075,4487.5,62.0,2.54,163,80,255,,True,0.0
1565,32.937202,-117.157042,4490.3,62.0,2.58,163,81,253,,True,-1.9
1566,32.937205,-117.15702,4492.7,61.8,2.58,163,81,252,,True,-1.9
1567,32.93721,-117.15699,4495.5,61.8,2.58,163,81,251,,True,-1.9
1568,32.937225,-117.156962,4498.3,61.8,2.68,163,81,250,,True,0.0
1569,32.937228,-117.156939,4500.6,61.8,2.62,163,81,251,,True,1.9
1570,32.937238,-117.156909,4503.5,61.8,2.64,163,81,251,,True,2.0
1571,32.937245,-117.156882,4505.9,62.0,2.64,163,81,250,,True,3.9
1572,32.937251,-117.156861,4508.4,62.0,2.58,163,82,251,,True,3.3
1573,32.937275,-117.156843,4510.9,62.2,2.52,163,80,251,,True,3.1
1574,32.937288,-117.156826,4513.3,62.2,2.54,164,80,252,,True,3.8
1575,32.937308,-117.156823,4515.8,62.2,2.46,163,80,252,,True,2.0
1576,32.937342,-117.156826,4519.0,62.4,2.62,163,81,252,,True,1.9
1577,32.937358,-117.156824,4521.1,62.4,2.54,164,81,252,,True,3.6
1578,32.937381,-117.156821,4524.0,62.4,2.62,163,81,253,,True,1.9
1579,32.937412,-117.156824,4526.9,62.6,2.72,164,81,255,,True,3.6
1580,32.937429,-117.156815,4529.4,62.6,2.72,164,81,257,,True,3.8
1581,32.937452,-117.156809,4532.1,62.8,2.62,164,82,257,,True,3.2
1582,32.937475,-117.156804,4534.4,62.8,2.66,163,82,260,,True,4.9
1583,32.937494,-117.156797,4536.7,63.0,2.54,163,81,262,,True,3.3
1584,32.937517,-117.156805,4539.3,63.0,2.48,163,81,263,,True,3.3
1585,32.937526,-117.156835,4541.6,63.2,2.44,164,81,263,,True,2.0
1586,32.937542,-117.156859,4544.3,63.2,2.44,163,80,265,,True,3.8
1587,32.937567,-117.156866,4546.7,63.2,2.46,163,80,265,,True,1.9
1588,32.937581,-117.156861,4548.3,63.4,2.32,163,80,267,,True,3.9
1589,32.93759,-117.156845,4549.9,63.4,2.12,162,81,268,,True,1.8
1590,32.937603,-117.156816,4552.3,63.4,2.14,162,81,266,,True,0.0
1591,32.937612,-117.156796,4554.6,63.6,2.06,161,80,265,,True,0.0
1592,32.937624,-117.156769,4557.7,63.4,2.2,161,80,269,,True,0.0
1593,32.937639,-117.156741,4560.3,63.4,2.4,161,80,270,,True,-1.8
1594,32.937642,-117.156723,4562.5,63.4,2.52,161,80,271,,True,0.0
1595,32.937656,-117.156689,4565.7,63.4,2.68,161,81,271,,True,-1.8
1596,32.937666,-117.156662,4568.4,63.4,2.76,160,81,270,,True,0.0
1597,32.93767,-117.156636,4571.4,63.2,2.74,161,81,268,,True,0.0
1598,32.937682,-117.1566,4574.5,63.4,2.84,161,82,266,,True,0.0
1599,32.93769,-117.156576,4577.0,63.4,2.9,161,82,267,,True,1.8
1600,32.937697,-117.156551,4580.1,63.4,2.88,161,82,268,,True,1.9
1601,32.93771,-117.156519,4582.7,63.4,2.86,161,82,267,,True,1.8
1602,32.937714,-117.1565,4584.9,63.6,2.7,161,82,269,,True,2.0
1603,32.93773,-117.156475,4587.9,63.6,2.68,161,82,269,,True,3.1
1604,32.937743,-117.156451,4590.3,63.6,2.66,161,82,268,,True,1.9
1605,32.937749,-117.156427,4592.5,63.6,2.48,161,82,266,,True,1.6
1606,32.937763,-117.156395,4595.6,63.8,2.58,161,81,266,,True,1.9
1607,32.937764,-117.156375,4597.7,63.8,2.56,161,81,267,,True,1.8
1608,32.937775,-117.156346,4600.8,63.8,2.58,161,81,267,,True,0.0
1609,32.937788,-117.156311,4603.8,63.8,2.7,161,82,267,,True,0.0
1610,32.937788,-117.15629,4606.1,63.8,2.72,161,82,265,,True,0.0
1611,32.9378,-117.156257,4609.3,63.8,2.74,162,82,264,,True,1.8
1612,32.937808,-117.156229,4611.9,63.8,2.84,161,82,265,,True,1.7
1613,32.937813,-117.156202,4614.7,64.0,2.78,161,82,265,,True,1.9
1614,32.937822,-117.156169,4617.6,64.0,2.76,161,82,262,,True,1.9
1615,32.937832,-117.156149,4619.8,64.0,2.74,162,82,260,,True,0.0
1616,32.93785,-117.156127,4622.5,64.0,2.64,161,82,259,,True,0.0
1617,32.937878,-117.156107,4625.8,64.0,2.78,161,82,257,,True,0.0
1618,32.937897,-117.156093,4628.5,64.0,2.76,161,83,254,,True,1.7
1619,32.937925,-117.156085,4631.7,64.0,2.82,162,82,254,,True,1.7
1620,32.937952,-117.156085,4634.5,64.2,2.94,161,82,256,,True,1.6
1621,32.937976,-117.15608,4637.4,64.2,2.98,161,82,257,,True,1.7
1622,32.938008,-117.15608,4640.7,64.2,2.98,161,82,256,,True,0.0
1623,32.938028,-117.156072,4643.3,64.2,2.96,161,82,253,,True,-1.7
1624,32.938046,-117.156061,4645.9,64.2,2.84,161,82,255,,True,-1.9
1625,32.938071,-117.156042,4648.9,64.0,2.88,161,82,253,,True,-1.9
1626,32.938089,-117.15603,4651.3,64.0,2.78,161,81,252,,True,-2.0
1627,32.938106,-117.156019,4653.7,64.0,2.6,160,81,251,,True,1.6
1628,32.93813,-117.156007,4656.1,64.0,2.56,160,81,251,,True,2.0
1629,32.938146,-117.155988,4658.5,64.2,2.52,160,81,250,,True,1.9
1630,32.938167,-117.155979,4661.5,64.2,2.52,160,80,250,,True,3.9
1631,32.938198,-117.155974,4664.3,64.2,2.6,160,80,250,,True,1.9
1632,32.938213,-117.155966,4666.4,64.4,2.54,160,81,249,,True,1.7
1633,32.938234,-117.155961,4668.9,64.4,2.56,160,81,250,,True,3.4
1634,32.938256,-117.155951,4671.4,64.4,2.58,159,81,250,,True,3.3
1635,32.938271,-117.155936,4673.4,64.4,2.38,159,81,250,,True,3.5
1636,32.938292,-117.155916,4676.1,64.6,2.36,159,81,250,,True,5.5
1637,32.938301,-117.155897,4678.4,64.8,2.4,159,81,252,,True,5.4
1638,32.938307,-117.155879,4680.2,64.8,2.26,159,81,252,,True,3.7
1639,32.938314,-117.155853,4682.4,65.0,2.2,159,81,251,,True,3.5
1640,32.938321,-117.155831,4684.6,65.0,2.24,158,80,250,,True,3.3
1641,32.938325,-117.155811,4687.0,65.0,2.18,158,80,251,,True,2.0
1642,32.938345,-117.155781,4689.9,65.2,2.3,158,80,251,,True,3.8
1643,32.938356,-117.155761,4692.4,65.2,2.44,158,81,252,,True,5.7
1644,32.938367,-117.155738,4695.0,65.4,2.52,158,81,254,,True,4.8
1645,32.938377,-117.155709,4697.5,65.6,2.58,158,81,256,,True,6.0
1646,32.938382,-117.155691,4699.7,65.8,2.54,158,81,257,,True,5.3
1647,32.938394,-117.155666,4702.4,65.8,2.5,157,81,259,,True,3.4
1648,32.938402,-117.155642,4704.4,65.8,2.4,157,81,259,,True,3.4
1649,32.938404,-117.155624,4706.3,66.0,2.26,157,81,260,,True,5.2
1650,32.938419,-117.155595,4709.1,66.0,2.32,157,81,264,,True,4.9
1651,32.938436,-117.155578,4711.6,66.2,2.38,157,82,270,,True,3.8
1652,32.938447,-117.15556,4713.9,66.4,2.3,157,82,277,,True,3.9
1653,32.938471,-117.155538,4716.7,66.4,2.46,157,82,280,,True,4.0
1654,32.938489,-117.155526,4719.4,66.4,2.62,157,81,283,,True,2.0
1655,32.938501,-117.155511,4721.6,66.6,2.5,157,81,283,,True,3.6
1656,32.938524,-117.155497,4724.1,66.6,2.5,157,81,283,,True,5.5
1657,32.938539,-117.155489,4726.1,66.6,2.44,157,81,285,,True,3.8
1658,32.938553,-117.155479,4727.9,66.8,2.24,158,81,288,,True,5.9
1659,32.938574,-117.155475,4730.3,67.0,2.18,158,80,290,,True,8.1
1660,32.938595,-117.155471,4732.2,67.0,2.12,158,80,291,,True,9.3
1661,32.938609,-117.155465,4734.2,67.2,2.02,159,80,293,,True,7.3
1662,32.938624,-117.155459,4736.0,67.4,1.98,159,79,294,,True,7.8
1663,32.938631,-117.155455,4736.9,67.6,1.8,160,79,296,,True,7.8
1664,32.938651,-117.155442,4738.9,67.6,1.72,160,79,294,,True,5.5
1665,32.93866,-117.15543,4740.5,67.8,1.66,161,79,289,,True,3.5
1666,32.938671,-117.155412,4742.4,67.8,1.64,161,79,276,,True,1.8
1667,32.938689,-117.155383,4745.1,67.8,1.82,162,79,260,,True,0.0
1668,32.938699,-117.155367,4747.4,67.8,2.1,162,79,259,,True,0.0
1669,32.938717,-117.155344,4750.2,67.8,2.26,162,79,265,,True,0.0
1670,32.938738,-117.155322,4753.0,67.8,2.5,163,80,260,,True,0.0
1671,32.938749,-117.155305,4755.4,67.8,2.6,163,81,270,,True,0.0
1672,32.938771,-117.155282,4758.7,67.8,2.72,163,81,269,,True,0.0
1673,32.938788,-117.155257,4761.4,67.8,2.8,163,81,266,,True,0.0
1674,32.938792,-117.155235,4763.6,67.8,2.68,163,81,274,,True,0.0
1675,32.938794,-117.155197,4766.7,67.8,2.74,164,81,268,,True,0.0
1676,32.938788,-117.155171,4769.1,67.8,2.74,164,81,266,,True,0.0
1677,32.938783,-117.155147,4771.7,67.8,2.6,165,81,255,,True,1.9
1678,32.938774,-117.15511,4774.6,67.8,2.64,165,81,246,,True,1.8
1679,32.938772,-117.155083,4777.5,68.0,2.78,165,81,244,,True,3.7
1680,32.938777,-117.155057,4780.2,68.0,2.7,165,82,254,,True,8.1
1681,32.938785,-117.155029,4782.5,68.2,2.68,165,82,258,,True,6.7
1682,32.938785,-117.155012,4784.4,68.4,2.54,165,82,258,,True,8.9
1683,32.938796,-117.154986,4787.0,68.8,2.48,165,82,251,,True,10.4
1684,32.938806,-117.15496,4789.5,68.8,2.4,165,82,251,,True,10.2
1685,32.938808,-117.154942,4791.4,69.0,2.24,165,82,256,,True,10.7
1686,32.938819,-117.15492,4794.0,69.4,2.3,165,82,262,,True,12.6
1687,32.938835,-117.154899,4796.2,69.6,2.36,166,80,265,,True,9.9
1688,32.938843,-117.154883,4798.2,70.0,2.24,166,80,268,,True,6.6
1689,32.938857,-117.154865,4800.6,70.2,2.22,166,80,273,,True,6.0
1690,32.938874,-117.154833,4803.5,70.2,2.42,166,79,275,,True,1.8
1691,32.938877,-117.154809,4806.2,70.2,2.44,167,79,273,,True,-1.8
1692,32.938889,-117.154774,4809.2,70.2,2.6,167,79,283,,True,-3.5
1693,32.938901,-117.154748,4812.0,70.0,2.76,167,79,285,,True,-3.4
1694,32.938903,-117.154721,4814.8,69.8,2.84,168,79,289,,True,-3.6
1695,32.938909,-117.154685,4817.8,69.8,2.86,169,82,284,,True,-1.8
1696,32.938908,-117.154659,4820.3,69.8,2.82,169,82,279,,True,1.8
1697,32.938919,-117.154634,4823.1,69.8,2.78,169,82,279,,True,2.0
1698,32.938928,-117.154602,4825.8,70.0,2.76,169,82,277,,True,3.8
1699,32.938927,-117.154583,4827.8,70.0,2.6,169,81,276,,True,4.0
1700,32.938934,-117.154559,4830.7,70.2,2.58,169,81,274,,True,4.9
1701,32.938941,-117.154526,4833.2,70.2,2.58,169,81,269,,True,5.8
1702,32.938941,-117.154502,4835.6,70.4,2.5,169,81,266,,True,1.9
1703,32.938942,-117.154474,4838.1,70.6,2.46,169,81,266,,True,3.6
1704,32.938948,-117.154442,4841.1,70.4,2.66,170,81,266,,True,1.7
1705,32.93895,-117.154413,4844.2,70.6,2.7,170,81,265,,True,0.0
1706,32.938957,-117.154373,4847.5,70.6,2.86,170,81,263,,True,1.6
1707,32.938955,-117.154345,4850.3,70.6,2.94,170,81,265,,True,1.6
1708,32.938965,-117.154311,4854.0,70.6,3.18,170,81,268,,True,1.6
1709,32.938975,-117.154277,4857.1,70.8,3.2,170,81,267,,True,1.6
1710,32.938979,-117.154252,4859.9,70.8,3.14,171,81,265,,True,1.7
1711,32.938983,-117.154209,4863.2,70.8,3.14,170,82,265,,True,0.0
1712,32.938983,-117.154182,4866.0,70.8,3.14,170,82,264,,True,1.5
1713,32.938987,-117.154145,4869.6,70.8,3.12,170,82,267,,True,3.1
1714,32.938994,-117.154104,4873.1,71.0,3.2,170,82,266,,True,2.8
1715,32.938994,-117.154076,4876.2,71.2,3.26,169,83,289,,True,4.6
1716,32.939003,-117.154034,4880.2,71.2,3.4,169,84,303,,True,4.8
1717,32.939013,-117.154009,4882.6,71.4,3.32,169,84,307,,True,4.7
1718,32.939022,-117.153984,4885.5,71.6,3.18,170,84,312,,True,5.4
1719,32.939036,-117.153945,4888.9,71.8,3.16,170,83,305,,True,3.4
1720,32.939037,-117.153922,4891.3,71.8,3.02,170,82,301,,True,1.7
1721,32.93905,-117.153891,4894.5,71.8,2.86,171,82,299,,True,1.7
1722,32.939069,-117.153864,4897.5,71.8,2.98,171,82,303,,True,1.6
1723,32.939082,-117.153841,4900.4,72.0,2.98,171,82,298,,True,3.3
1724,32.939102,-117.153805,4904.0,72.0,3.02,171,82,299,,True,3.3
1725,32.939121,-117.153793,4906.6,72.2,3.06,171,82,301,,True,1.6
1726,32.939143,-117.153777,4909.6,72.2,3.02,172,82,303,,True,1.8
1727,32.939168,-117.15376,4912.6,72.2,3.02,172,82,304,,True,1.7
1728,32.939186,-117.153749,4914.9,72.2,2.9,172,83,302,,True,1.7
1729,32.93921,-117.153732,4918.2,72.4,2.84,172,82,302,,True,1.8
1730,32.939232,-117.153709,4921.1,72.4,2.9,173,82,300,,True,3.6
1731,32.939243,-117.153693,4923.5,72.4,2.78,173,82,302,,True,3.8
1732,32.939265,-117.153675,4926.0,72.6,2.68,173,82,301,,True,4.0
1733,32.939287,-117.153657,4928.8,72.8,2.78,173,82,298,,True,3.6
1734,32.939301,-117.153647,4931.2,72.8,2.6,173,82,298,,True,1.8
1735,32.939331,-117.153626,4934.5,72.8,2.68,173,82,297,,True,1.8
1736,32.93935,-117.153617,4936.9,72.8,2.68,174,82,296,,True,3.6
1737,32.939373,-117.153609,4939.7,73.0,2.74,174,82,296,,True,4.7
1738,32.939402,-117.153612,4942.3,73.2,2.7,174,82,296,,True,5.8
1739,32.939418,-117.153613,4944.1,73.2,2.58,174,82,296,,True,5.9
1740,32.93944,-117.153628,4947.2,73.4,2.54,174,81,297,,True,4.6
1741,32.939456,-117.153654,4949.8,73.6,2.58,173,81,296,,True,5.4
1742,32.939472,-117.153667,4952.2,73.6,2.5,174,81,295,,True,1.8
1743,32.939484,-117.153695,4955.3,73.8,2.6,174,80,295,,True,1.7
1744,32.939502,-117.153733,4958.5,73.6,2.88,174,80,294,,True,0.0
1745,32.939515,-117.153747,4961.3,73.8,2.82,174,80,293,,True,-1.7
1746,32.939524,-117.153778,4964.5,73.6,2.94,174,80,291,,True,1.8
1747,32.939539,-117.153805,4967.0,73.6,2.96,173,80,287,,True,0.0
1748,32.939551,-117.153825,4969.6,73.8,2.86,173,81,286,,True,3.8
1749,32.939566,-117.153854,4972.8,73.8,2.86,173,81,286,,True,5.8
1750,32.939577,-117.153876,4975.1,74.0,2.76,172,81,288,,True,3.6
1751,32.939592,-117.153889,4977.3,74.2,2.56,172,80,289,,True,5.5
1752,32.939618,-117.153913,4980.6,74.2,2.72,172,80,289,,True,3.4
1753,32.939638,-117.153937,4983.8,74.4,2.84,172,81,288,,True,1.6
1754,32.939658,-117.153953,4986.9,74.4,2.82,171,81,290,,True,1.6
1755,32.939688,-117.153978,4990.2,74.4,3.02,171,81,290,,True,0.0
1756,32.939707,-117.153997,4993.2,74.4,3.18,171,81,289,,True,1.7
1757,32.939723,-117.154017,4995.9,74.4,3.06,171,81,289,,True,1.8
1758,32.939746,-117.15404,4998.8,74.6,3.0,171,81,288,,True,1.8
1759,32.939767,-117.154051,5001.5,74.6,2.92,172,81,287,,True,1.8
1760,32.939794,-117.154061,5004.5,74.6,2.86,171,82,285,,True,1.8
1761,32.939817,-117.154069,5007.0,74.6,2.76,171,82,284,,True,1.7
1762,32.939842,-117.154071,5010.2,74.8,2.86,171,82,283,,True,1.9
1763,32.93987,-117.154071,5013.0,74.8,2.84,171,82,283,,True,3.8
1764,32.939887,-117.15407,5015.2,74.8,2.74,171,83,283,,True,3.3
1765,32.939906,-117.154076,5017.6,75.0,2.62,171,83,283,,True,5.0
1766,32.939933,-117.154073,5019.8,75.2,2.56,171,83,284,,True,8.3
1767,32.939952,-117.154069,5022.3,75.2,2.42,171,83,286,,True,8.5
1768,32.939976,-117.15407,5025.1,75.4,2.42,171,82,289,,True,8.3
1769,32.939997,-117.154071,5027.3,75.8,2.42,170,80,294,,True,10.3
1770,32.940014,-117.154068,5029.3,76.0,2.34,171,80,301,,True,11.1
1771,32.940039,-117.154073,5031.9,76.2,2.42,171,80,301,,True,9.6
1772,32.940059,-117.15408,5034.0,76.4,2.34,171,81,302,,True,10.1
1773,32.940072,-117.15407,5035.9,76.6,2.16,171,80,306,,True,12.1
1774,32.940088,-117.154068,5037.7,76.8,2.08,171,80,310,,True,13.3
1775,32.940104,-117.154063,5039.2,77.0,1.98,172,80,314,,True,15.1
1776,32.940116,-117.154055,5040.9,77.4,1.8,171,80,310,,True,15.0
1777,32.940132,-117.154055,5042.4,77.6,1.68,171,79,302,,True,14.7
1778,32.940153,-117.154061,5044.6,78.0,1.74,171,79,286,,True,13.7
1779,32.940167,-117.154057,5046.6,78.2,1.78,172,79,292,,True,13.6
1780,32.940184,-117.154058,5048.6,78.4,1.88,172,80,302,,True,12.0
1781,32.940211,-117.154061,5050.9,78.6,2.0,172,79,306,,True,12.2
1782,32.940224,-117.154058,5052.7,79.0,2.06,172,79,314,,True,11.9
1783,32.940239,-117.154059,5054.6,79.2,2.0,172,79,319,,True,12.2
1784,32.940262,-117.154058,5056.4,79.4,1.96,172,78,313,,True,12.8
1785,32.940276,-117.154056,5058.4,79.6,1.96,173,78,314,,True,11.2
1786,32.940287,-117.154054,5060.1,79.8,1.84,172,78,315,,True,10.0
1787,32.940309,-117.154048,5061.8,80.0,1.82,172,78,309,,True,7.8
1788,32.940318,-117.154043,5063.4,80.2,1.76,172,78,303,,True,6.7
1789,32.940329,-117.154037,5064.6,80.2,1.64,172,78,295,,True,5.8
1790,32.940351,-117.154034,5066.7,80.2,1.66,172,78,291,,True,5.3
1791,32.940361,-117.154025,5068.3,80.4,1.64,172,78,289,,True,3.2
1792,32.940376,-117.154013,5070.4,80.4,1.72,172,78,287,,True,3.3
1793,32.940402,-117.154002,5073.1,80.6,1.94,171,78,284,,True,1.9
1794,32.940427,-117.154,5075.8,80.6,2.24,171,78,281,,True,1.7
1795,32.940451,-117.154002,5078.9,80.6,2.44,171,79,283,,True,0.0
1796,32.940489,-117.154011,5082.4,80.6,2.82,171,79,282,,True,0.0
1797,32.940513,-117.154008,5085.4,80.6,3.0,171,80,283,,True,0.0
1798,32.940537,-117.154014,5088.5,80.6,3.08,171,80,326,,True,1.8
1799,32.940564,-117.154022,5091.0,80.6,3.04,172,80,335,,True,3.4
1800,32.940585,-117.154027,5093.7,80.8,2.96,171,82,321,,True,3.8
1801,32.940618,-117.154037,5097.2,81.0,2.96,171,82,308,,True,3.6
1802,32.940633,-117.154038,5099.1,81.0,2.74,171,82,287,,True,0.0
1803,32.940661,-117.15404,5102.1,81.0,2.72,171,81,281,,True,-3.4
1804,32.940697,-117.154046,5106.0,80.8,3.0,171,81,277,,True,-3.0
1805,32.940721,-117.154043,5109.0,80.6,3.06,171,81,271,,True,-1.6
1806,32.940754,-117.154047,5112.4,80.6,3.04,171,81,284,,True,1.7
1807,32.940773,-117.154049,5114.8,80.8,3.14,171,81,309,,True,5.2
1808,32.940797,-117.154047,5118.0,81.0,3.18,171,83,285,,True,7.5
1809,32.940826,-117.154053,5120.6,81.2,2.92,172,83,288,,True,7.0
1810,32.940846,-117.154048,5123.1,81.4,2.82,171,83,271,,True,5.5
1811,32.940872,-117.15405,5126.3,81.6,2.78,171,83,274,,True,5.7
1812,32.9409,-117.15406,5128.9,81.6,2.82,171,83,274,,True,5.9
1813,32.940917,-117.154057,5131.1,81.8,2.62,171,83,278,,True,8.5
1814,32.940936,-117.154062,5133.2,82.0,2.52,171,83,283,,True,11.0
1815,32.940956,-117.154074,5135.3,82.2,2.44,171,83,279,,True,11.5
1816,32.940973,-117.154078,5138.0,82.6,2.34,171,81,276,,True,9.6
1817,32.940992,-117.15408,5139.8,82.8,2.18,171,81,277,,True,9.2
1818,32.941014,-117.154088,5141.5,83.0,2.08,171,81,279,,True,7.6
1819,32.941033,-117.154085,5143.6,83.0,2.08,171,81,281,,True,6.9
1820,32.941059,-117.154087,5146.2,83.2,2.18,172,81,279,,True,5.7
1821,32.941078,-117.154091,5148.5,83.4,2.1,173,80,282,,True,8.2
