t,lat,lng,distance_m,altitude_m,velocity_ms,heartrate,cadence,watts,temp_c,moving,grade_pct
0,35.668405,-105.911684,0.0,2241.8,0.0,81,0,,,False,-25.5
1,35.66841,-105.911683,0.0,2241.6,0.0,81,0,,,False,-25.5
6,35.668434,-105.91164,4.7,2240.6,0.783,82,0,,,True,-6.7
7,35.668438,-105.911632,5.5,2240.4,0.917,82,0,,,True,-3.0
15,35.668435,-105.91153,14.9,2240.8,1.133,82,59,,,True,3.8
24,35.66842,-105.911415,26.3,2240.8,1.224,82,55,,,True,6.8
28,35.668431,-105.911362,31.3,2241.6,1.262,82,55,,,True,8.5
33,35.668437,-105.911292,38.0,2242.6,1.3,81,59,,,True,15.8
34,35.668438,-105.91129,38.3,2242.8,1.167,82,58,,,False,10.3
39,35.668439,-105.911266,40.2,2243.0,0.367,83,0,,,True,7.3
47,35.668445,-105.911153,50.7,2243.6,0.954,86,58,,,True,5.7
50,35.668448,-105.911112,54.4,2243.8,1.291,87,58,,,True,7.5
51,35.668451,-105.911097,55.8,2243.8,1.3,87,58,,,True,2.2
58,35.668475,-105.911071,61.6,2244.6,0.9,90,56,,,True,0.0
65,35.668458,-105.911147,69.1,2244.0,0.95,92,58,,,True,0.9
66,35.668447,-105.911145,70.1,2243.8,1.062,91,59,,,True,-3.4
70,35.668383,-105.91114,77.9,2244.0,1.76,92,59,,,True,0.0
75,35.668335,-105.911094,85.0,2243.8,1.656,94,58,,,True,3.9
77,35.668332,-105.911065,87.6,2244.0,1.386,94,57,,,True,5.9
82,35.668321,-105.910981,95.7,2244.8,1.529,94,57,,,True,10.2
86,35.668311,-105.910924,101.5,2245.4,1.544,91,57,,,True,5.9
87,35.66831,-105.910911,102.7,2245.6,1.4,91,57,,,True,2.0
94,35.66829,-105.910809,111.3,2245.4,1.225,91,57,,,True,-2.3
98,35.66825,-105.910782,115.5,2245.2,1.164,92,57,,,True,-6.5
101,35.66822,-105.910773,119.0,2245.0,1.1,92,57,,,True,-9.1
108,35.668152,-105.910753,127.3,2244.0,1.18,94,60,,,True,-10.6
109,35.668138,-105.910743,128.9,2243.8,1.238,94,60,,,True,-13.3
111,35.668134,-105.910704,132.5,2243.4,1.35,94,60,,,True,-13.2
112,35.66814,-105.910689,134.0,2243.0,1.364,94,62,,,True,-13.3
114,35.668145,-105.910664,136.8,2242.8,1.58,93,60,,,True,-12.1
118,35.668142,-105.910599,142.4,2242.0,1.4,94,60,,,True,-8.3
121,35.668128,-105.910561,145.7,2241.8,1.271,94,121,,,True,-7.8
125,35.668089,-105.910535,150.9,2241.6,1.214,93,59,,,True,-3.4
126,35.668081,-105.910536,152.1,2241.6,1.28,93,59,,,True,-5.4
132,35.668018,-105.91055,159.9,2241.4,1.286,92,56,,,True,-7.3
138,35.667947,-105.910573,167.9,2240.6,1.317,92,56,,,True,-9.4
142,35.667903,-105.910562,172.7,2240.0,1.28,91,58,,,True,-14.4
145,35.667878,-105.910552,175.4,2239.4,1.071,92,58,,,True,-14.8
149,35.667842,-105.910503,180.8,2238.4,1.157,92,68,,,True,-11.8
151,35.667833,-105.910456,185.5,2238.0,1.683,92,0,,,True,-10.7
157,35.667791,-105.910385,193.1,2237.6,1.537,92,62,,,True,-5.4
158,35.667784,-105.910375,194.1,2237.4,1.229,93,63,,,True,-3.1
166,35.6677,-105.910292,206.8,2237.0,1.522,92,60,,,True,-2.2
174,35.667608,-105.910236,217.6,2237.0,1.469,91,60,,,True,-1.6
182,35.667527,-105.910153,229.7,2236.8,1.431,94,59,,,True,0.0
184,35.667514,-105.910125,232.6,2236.8,1.5,98,59,,,True,2.7
188,35.667465,-105.910091,238.9,2237.0,1.533,99,59,,,True,3.2
194,35.667427,-105.91001,247.2,2237.8,1.46,96,61,,,True,5.6
200,35.667415,-105.909924,254.7,2237.6,1.317,97,56,,,True,3.6
207,35.667359,-105.909838,264.7,2238.6,1.346,99,56,,,True,1.9
216,35.66729,-105.909719,278.3,2238.4,1.475,101,57,,,True,3.2
224,35.667269,-105.909604,288.4,2238.6,1.394,101,57,,,True,1.3
233,35.667236,-105.909496,298.7,2239.0,1.2,100,57,,,True,1.0
241,35.667222,-105.909367,311.4,2239.2,1.353,100,57,,,True,-0.9
248,35.667176,-105.909281,320.2,2238.8,1.433,98,56,,,True,-0.5
255,35.667188,-105.909157,331.9,2238.2,1.464,96,63,,,True,0.0
261,35.667185,-105.909106,336.3,2238.8,1.238,94,60,,,True,3.0
267,35.667163,-105.909029,344.0,2239.2,1.008,94,57,,,True,9.0
269,35.667162,-105.908995,346.8,2239.6,1.313,93,57,,,True,7.4
275,35.667157,-105.908913,354.2,2240.2,1.275,93,55,,,True,9.5
280,35.667142,-105.908847,360.7,2240.6,1.264,96,56,,,True,9.4
282,35.667137,-105.90882,362.9,2241.0,1.243,96,56,,,True,9.5
289,35.667119,-105.908744,370.2,2241.8,1.056,98,56,,,True,9.5
291,35.667107,-105.908714,373.1,2242.0,1.133,99,57,,,True,9.8
299,35.667029,-105.908652,383.9,2242.8,1.37,102,58,,,True,8.9
307,35.666956,-105.908597,393.5,2244.0,1.275,103,56,,,True,9.3
315,35.66688,-105.908528,403.9,2244.8,1.25,105,56,,,True,8.4
316,35.66687,-105.908515,405.4,2245.0,1.322,105,56,,,True,3.5
324,35.666811,-105.908414,417.2,2245.6,1.478,108,55,,,True,-1.3
331,35.666771,-105.908315,427.4,2245.2,1.467,107,57,,,True,-2.4
338,35.666712,-105.90824,435.8,2244.4,1.329,107,58,,,True,-3.3
346,35.666644,-105.908159,446.7,2244.0,1.287,104,58,,,True,-3.4
354,35.66657,-105.908066,459.1,2244.2,1.456,103,58,,,True,-2.3
359,35.666522,-105.907987,468.2,2243.8,1.654,102,58,,,True,-0.6
361,35.666514,-105.907964,470.5,2243.6,1.629,102,59,,,True,-0.6
369,35.666447,-105.907874,481.4,2243.8,1.32,102,59,,,True,1.3
378,35.666373,-105.907784,492.4,2244.0,1.288,102,58,,,True,1.9
385,35.66632,-105.907736,499.6,2244.2,1.138,101,55,,,True,3.1
393,35.666258,-105.907635,511.8,2244.4,1.293,101,58,,,True,3.5
400,35.666246,-105.90754,519.8,2245.0,1.347,101,58,,,True,2.7
401,35.666243,-105.907528,520.8,2245.0,1.125,101,58,,,True,3.6
406,35.66625,-105.907443,528.8,2245.0,1.5,101,55,,,True,1.6
409,35.66627,-105.907393,534.3,2245.2,1.688,101,57,,,True,2.0
417,35.666299,-105.90728,545.3,2245.4,1.5,103,57,,,True,3.4
423,35.666286,-105.907209,551.3,2245.6,1.214,106,56,,,True,3.4
424,35.666283,-105.907195,552.2,2245.8,0.986,106,57,,,True,7.9
428,35.666268,-105.907149,557.5,2246.0,1.24,106,57,,,True,8.6
433,35.666272,-105.907143,558.0,2246.4,0.644,108,0,,,False,7.5
437,35.666277,-105.907138,558.6,2246.4,0.122,103,0,,,False,8.3
442,35.666256,-105.907095,562.9,2246.6,0.544,103,0,,,True,4.7
447,35.666212,-105.907045,569.5,2247.0,1.09,104,54,,,True,5.1
452,35.666169,-105.907019,574.9,2247.2,1.2,105,57,,,True,4.0
460,35.666079,-105.90696,586.3,2247.8,1.292,105,56,,,True,3.6
464,35.66605,-105.906895,593.0,2247.8,1.508,108,56,,,True,3.9
467,35.666035,-105.906848,597.5,2248.0,1.6,109,57,,,True,3.3
474,35.666034,-105.906756,605.6,2248.4,1.26,110,57,,,True,4.7
482,35.666108,-105.906677,617.0,2248.8,1.3,109,56,,,True,4.5
486,35.666163,-105.906663,623.1,2249.2,1.458,109,54,,,True,5.6
490,35.666204,-105.906637,628.9,2249.4,1.487,108,54,,,True,7.2
497,35.666259,-105.906572,637.7,2250.2,1.327,108,54,,,True,7.9
507,35.666304,-105.906448,650.3,2251.2,1.259,108,54,,,True,7.9
512,35.666291,-105.906387,656.0,2251.8,1.22,109,55,,,True,8.6
513,35.666283,-105.906379,656.9,2251.6,1.1,109,55,,,True,9.0
519,35.666253,-105.90632,663.4,2252.4,1.057,109,55,,,True,4.1
523,35.666236,-105.906272,668.0,2252.8,1.11,110,56,,,True,3.7
528,35.666193,-105.906208,675.5,2252.6,1.344,114,54,,,True,0.0
530,35.666183,-105.906176,678.4,2252.4,1.486,117,54,,,True,-0.9
532,35.666175,-105.906151,680.8,2252.4,1.422,118,54,,,True,-1.4
540,35.666177,-105.906039,690.9,2252.6,1.25,116,59,,,True,0.6
548,35.666259,-105.905927,704.9,2252.2,1.506,115,57,,,True,1.2
555,35.666284,-105.905856,712.0,2252.6,1.407,115,57,,,True,1.7
556,35.66628,-105.905847,713.2,2252.8,1.038,116,57,,,True,7.7
557,35.666273,-105.905838,714.4,2253.0,1.056,115,57,,,True,6.8
562,35.666234,-105.905792,720.5,2253.4,1.217,115,54,,,True,6.1
563,35.666223,-105.905785,721.9,2253.4,1.25,115,55,,,True,4.9
570,35.666166,-105.905738,729.6,2253.8,1.138,115,55,,,True,7.1
571,35.666168,-105.905726,730.7,2253.8,1.1,115,55,,,True,7.1
574,35.666182,-105.905691,734.6,2254.4,1.155,116,57,,,True,7.9
575,35.666191,-105.905684,735.9,2254.4,1.26,116,57,,,True,8.5
577,35.66621,-105.90567,738.6,2254.6,1.317,116,57,,,True,6.3
582,35.666251,-105.905616,744.8,2255.0,1.271,117,55,,,True,9.3
589,35.666279,-105.905566,750.6,2255.4,1.0,119,55,,,True,9.8
596,35.666286,-105.905567,750.9,2255.8,0.436,118,0,,,False,13.1
599,35.66629,-105.905567,750.9,2255.8,0.03,116,0,,,False,13.1
601,35.666292,-105.905568,750.9,2255.8,0.0,112,0,,,False,5.7
602,35.666292,-105.905569,750.9,2255.8,0.0,107,0,,,False,0.0
603,35.666292,-105.905567,750.9,2255.8,0.0,102,0,,,False,0.0
604,35.666291,-105.905566,750.9,2255.8,0.0,102,0,,,False,-1.5
609,35.666275,-105.905567,752.6,2255.6,0.283,101,0,,,True,-4.7
617,35.666276,-105.905568,755.3,2255.6,0.338,101,0,,,True,-4.7
623,35.66628,-105.905572,756.6,2255.4,0.286,98,0,,,False,-4.7
626,35.66628,-105.905577,756.7,2255.4,0.156,94,0,,,False,-3.6
629,35.666277,-105.905574,756.7,2255.4,0.017,93,0,,,False,2.4
637,35.666272,-105.905573,757.1,2255.2,0.036,92,0,,,False,3.9
644,35.666267,-105.905505,763.8,2255.2,0.473,92,0,,,True,4.6
652,35.666238,-105.905416,772.1,2256.0,1.0,92,54,,,True,6.1
658,35.666226,-105.90534,778.5,2256.4,1.05,90,55,,,True,7.3
659,35.666228,-105.905323,780.1,2256.6,1.143,90,55,,,True,5.3
667,35.666266,-105.905213,791.1,2257.2,1.4,93,56,,,True,5.4
673,35.666305,-105.905143,798.4,2257.4,1.307,95,55,,,True,6.6
675,35.666315,-105.905118,800.8,2257.6,1.212,95,55,,,True,7.2
684,35.666327,-105.905023,810.2,2258.6,1.073,97,56,,,True,9.2
691,35.666345,-105.90493,818.8,2259.2,1.125,98,55,,,True,9.8
695,35.666356,-105.904892,822.3,2259.6,1.1,99,57,,,True,7.1
701,35.666359,-105.904833,827.4,2260.2,0.86,100,45,,,True,7.3
708,35.666393,-105.904758,835.5,2260.4,1.015,103,55,,,True,5.2
710,35.666402,-105.904728,838.1,2260.6,1.189,106,54,,,True,5.4
712,35.666412,-105.904695,841.6,2260.6,1.291,110,54,,,True,9.9
716,35.666423,-105.904652,845.9,2261.2,1.3,113,53,,,True,11.8
718,35.666423,-105.904633,847.6,2261.6,1.0,114,52,,,True,13.7
719,35.666424,-105.904623,848.3,2261.8,0.957,114,52,,,True,10.3
722,35.666419,-105.904581,851.8,2262.0,0.983,120,52,,,True,9.1
724,35.666423,-105.904554,854.7,2262.2,1.28,123,53,,,True,7.8
727,35.66643,-105.904521,857.5,2262.4,1.14,126,55,,,True,-1.2
728,35.666434,-105.90451,858.6,2262.6,1.133,126,54,,,True,0.8
736,35.666454,-105.904401,869.1,2261.8,1.289,127,61,,,True,1.3
744,35.666486,-105.904303,878.4,2262.4,1.237,129,53,,,True,0.7
751,35.666497,-105.904209,887.3,2262.8,1.213,127,53,,,True,7.2
752,35.666493,-105.904197,888.3,2262.8,1.237,127,53,,,True,8.1
757,35.666484,-105.904132,894.2,2263.6,1.15,125,0,,,True,15.0
758,35.666485,-105.904119,895.7,2263.8,1.233,125,0,,,True,16.8
762,35.666498,-105.904067,900.6,2264.8,1.28,122,53,,,True,18.6
763,35.6665,-105.904054,901.4,2265.0,1.14,122,53,,,True,19.2
764,35.666499,-105.904043,902.5,2265.2,1.133,123,53,,,True,15.8
769,35.666507,-105.903984,908.2,2266.2,1.133,125,54,,,True,10.6
772,35.666522,-105.903947,912.0,2266.6,1.188,128,54,,,True,3.6
778,35.666542,-105.903882,918.4,2266.8,1.133,128,54,,,True,1.7
782,35.666548,-105.90381,924.8,2266.0,1.28,128,56,,,True,2.2
788,35.666536,-105.903733,931.8,2266.6,1.34,125,0,,,True,1.9
795,35.666519,-105.903665,938.7,2267.2,1.069,126,51,,,True,7.0
796,35.666521,-105.903657,939.6,2267.2,0.975,126,51,,,True,10.9
802,35.666522,-105.903592,944.9,2267.4,0.886,125,56,,,True,16.1
806,35.666525,-105.903554,948.3,2268.4,0.87,124,51,,,True,13.5
810,35.666529,-105.903511,952.4,2269.4,0.938,124,47,,,True,12.5
816,35.66656,-105.903458,958.8,2269.8,1.05,124,0,,,True,8.4
824,35.66659,-105.903386,965.7,2270.0,0.95,123,50,,,True,4.5
830,35.666606,-105.903351,969.7,2270.2,0.779,120,0,,,True,3.5
832,35.666605,-105.903347,970.2,2270.2,0.563,117,0,,,False,2.4
833,35.666603,-105.903346,970.2,2270.2,0.5,116,0,,,False,3.2
835,35.666603,-105.903345,970.3,2270.4,0.12,112,0,,,False,2.6
841,35.666607,-105.903297,974.1,2270.2,0.487,111,0,,,True,2.7
844,35.666611,-105.903253,978.3,2270.4,0.889,110,48,,,True,6.1
849,35.666635,-105.903183,985.0,2270.6,1.362,110,53,,,True,9.5
854,35.666655,-105.903137,989.9,2271.6,1.16,111,53,,,True,12.9
855,35.666661,-105.903128,990.9,2271.8,0.983,111,54,,,True,17.5
859,35.66668,-105.90309,995.3,2272.6,1.08,111,53,,,True,10.0
862,35.666693,-105.903058,998.7,2273.0,1.114,112,49,,,True,9.8
866,35.666691,-105.902997,1003.9,2273.0,1.229,117,52,,,True,4.3
867,35.666689,-105.902981,1005.2,2273.2,1.3,119,56,,,True,1.6
871,35.66669,-105.902936,1009.1,2273.2,1.04,122,56,,,True,3.2
873,35.66669,-105.902909,1011.1,2273.2,0.983,122,56,,,True,8.0
881,35.666719,-105.902802,1022.5,2273.6,1.34,120,60,,,True,11.6
885,35.666744,-105.90278,1025.1,2274.8,1.167,120,59,,,True,13.1
888,35.666759,-105.902733,1029.8,2275.6,1.043,121,57,,,True,9.7
889,35.66676,-105.902721,1031.0,2275.8,1.063,122,57,,,True,5.2
895,35.666782,-105.902621,1041.0,2275.4,1.6,122,55,,,True,3.4
901,35.666828,-105.902565,1048.3,2276.0,1.442,122,55,,,True,3.3
909,35.666897,-105.902479,1058.9,2276.6,1.279,122,56,,,True,7.0
911,35.666912,-105.902461,1061.2,2276.8,1.29,122,56,,,True,5.8
918,35.66695,-105.902395,1069.5,2277.4,1.178,124,56,,,True,6.3
924,35.666977,-105.902333,1075.7,2277.6,1.115,123,57,,,True,7.4
929,35.667013,-105.902295,1081.2,2278.0,1.064,124,55,,,True,10.5
931,35.66703,-105.902301,1082.7,2278.4,1.0,124,55,,,True,11.7
933,35.66705,-105.902299,1084.8,2279.0,1.011,123,0,,,True,10.1
939,35.667087,-105.902275,1089.4,2279.2,0.838,124,0,,,True,6.8
942,35.667086,-105.902235,1093.1,2279.2,0.922,123,48,,,True,3.6
944,35.667074,-105.902222,1094.5,2279.2,1.02,123,57,,,True,4.7
950,35.667071,-105.90215,1101.4,2279.6,1.038,122,0,,,True,8.1
955,35.667117,-105.902126,1106.6,2280.0,1.1,122,0,,,True,9.2
957,35.667128,-105.902127,1108.0,2280.4,0.943,121,0,,,True,10.5
959,35.66714,-105.902112,1109.7,2280.6,0.922,121,53,,,True,9.2
963,35.667176,-105.902081,1114.7,2281.0,1.117,120,53,,,True,7.5
968,35.667217,-105.902073,1119.7,2281.2,1.111,119,56,,,True,7.7
970,35.667225,-105.902058,1121.4,2281.4,0.957,118,0,,,True,8.1
977,35.667269,-105.90201,1128.0,2282.0,0.922,119,51,,,True,12.4
980,35.667276,-105.90199,1129.6,2282.2,0.82,118,51,,,True,13.4
985,35.667276,-105.901939,1134.2,2283.0,0.775,119,53,,,True,19.4
987,35.667273,-105.901918,1136.3,2283.4,0.957,120,53,,,True,20.0
992,35.667278,-105.901872,1140.4,2284.4,0.886,120,53,,,True,22.4
993,35.667284,-105.901862,1141.6,2284.6,0.883,121,0,,,True,23.4
998,35.667306,-105.901823,1145.8,2285.6,0.9,123,48,,,True,21.1
1001,35.667327,-105.901795,1149.1,2286.4,0.938,125,50,,,True,21.5
1002,35.667334,-105.901786,1150.3,2286.6,0.967,126,50,,,True,19.0
1006,35.667352,-105.901746,1154.6,2287.4,1.1,129,47,,,True,17.3
1008,35.667359,-105.901729,1156.3,2287.6,1.0,130,51,,,True,17.4
1010,35.667368,-105.901715,1157.8,2288.0,0.938,130,50,,,True,17.6
1014,35.667389,-105.901677,1161.8,2288.6,0.917,133,50,,,True,21.2
1015,35.66739,-105.901669,1162.6,2288.8,0.96,135,50,,,True,22.9
1016,35.667394,-105.901661,1163.7,2289.0,0.983,138,47,,,True,27.9
1017,35.667394,-105.901657,1164.3,2289.2,0.929,138,47,,,True,31.3
1019,35.667398,-105.901648,1165.0,2289.6,0.64,137,44,,,True,29.6
1020,35.667403,-105.901641,1165.9,2289.8,0.66,137,43,,,True,29.2
1024,35.667417,-105.901614,1168.5,2291.0,0.7,138,79,,,True,29.0
1026,35.66742,-105.9016,1170.1,2291.2,0.7,138,79,,,True,27.8
1031,35.667433,-105.901565,1173.3,2292.0,0.686,139,44,,,True,17.7
1035,35.667443,-105.901533,1176.7,2292.8,0.733,140,47,,,True,14.8
1038,35.667431,-105.901496,1179.8,2293.0,0.929,142,49,,,True,9.3
1041,35.667406,-105.901463,1183.6,2293.2,1.15,143,49,,,True,6.7
1049,35.667371,-105.90136,1194.7,2294.0,1.355,144,57,,,True,9.1
1052,35.667383,-105.901333,1197.7,2294.2,1.282,144,53,,,True,10.9
1056,35.667412,-105.901299,1201.7,2295.0,1.0,144,52,,,True,12.7
1058,35.66742,-105.901277,1203.8,2295.4,1.017,144,52,,,True,14.6
1063,35.667447,-105.901218,1210.4,2296.0,1.243,142,53,,,True,14.7
1066,35.667457,-105.901194,1212.8,2296.4,1.125,141,53,,,True,13.7
1070,35.667464,-105.901152,1216.7,2297.2,0.9,139,51,,,True,18.6
1072,35.667463,-105.901128,1218.4,2297.4,0.933,139,51,,,True,19.7
1077,35.667467,-105.901077,1223.3,2298.4,0.943,140,49,,,True,22.0
1079,35.667473,-105.901061,1225.0,2298.8,0.943,140,48,,,True,23.2
1082,35.667476,-105.901043,1226.7,2299.4,0.68,140,51,,,True,26.4
1086,35.66749,-105.901015,1229.6,2300.0,0.657,139,48,,,True,26.8
1089,35.6675,-105.900998,1231.4,2300.6,0.671,138,48,,,True,24.8
1095,35.667522,-105.900956,1236.2,2301.8,0.733,138,79,,,True,28.1
1101,35.667544,-105.900919,1240.4,2302.8,0.75,137,75,,,True,29.1
1103,35.667551,-105.900908,1241.7,2303.4,0.688,138,41,,,True,33.6
1106,35.667559,-105.900893,1243.1,2304.0,0.54,140,79,,,True,30.8
1111,35.667556,-105.900868,1245.3,2305.0,0.45,141,79,,,True,28.8
1115,35.667554,-105.90083,1248.7,2306.0,0.622,141,74,,,True,23.5
1118,35.667553,-105.900791,1252.1,2306.4,0.971,142,74,,,True,24.8
1125,35.667543,-105.900742,1256.7,2307.2,0.8,144,51,,,True,27.4
1128,35.667537,-105.900731,1258.2,2308.2,0.61,144,47,,,True,16.6
1136,35.667517,-105.900711,1260.4,2309.2,0.336,144,0,,,False,13.5
1142,35.66745,-105.900713,1267.8,2309.0,0.686,145,0,,,True,7.5
1146,35.667408,-105.900707,1273.0,2309.4,1.26,146,0,,,True,2.6
1149,35.667371,-105.900701,1276.8,2309.6,1.286,147,0,,,True,0.0
1155,35.667311,-105.90072,1283.1,2309.8,1.122,146,54,,,True,-2.7
1161,35.667245,-105.900749,1291.7,2309.0,1.242,143,60,,,True,-3.6
1163,35.667217,-105.900739,1295.0,2308.8,1.488,141,59,,,True,-5.9
1166,35.667177,-105.900729,1298.9,2308.8,1.44,138,55,,,True,-5.8
1170,35.667137,-105.900718,1303.5,2308.6,1.214,136,55,,,True,-7.2
1172,35.667121,-105.900713,1305.6,2308.2,1.117,135,57,,,True,-7.1
1179,35.667042,-105.9007,1314.4,2307.4,1.211,133,54,,,True,-7.3
1185,35.666976,-105.900695,1321.4,2307.2,1.215,131,56,,,True,-6.1
1186,35.666965,-105.900695,1322.8,2307.2,1.2,131,56,,,True,-5.6
1192,35.666895,-105.900676,1331.8,2306.6,1.486,131,56,,,True,-7.0
1195,35.666855,-105.900669,1335.9,2306.2,1.456,130,57,,,True,-8.0
1199,35.666805,-105.900664,1341.5,2305.8,1.386,129,56,,,True,-10.4
1204,35.666747,-105.900656,1347.8,2305.2,1.322,129,59,,,True,-6.1
1206,35.666726,-105.900633,1351.0,2304.6,1.357,129,61,,,True,0.7
1212,35.666708,-105.900544,1359.0,2304.8,1.4,129,58,,,True,4.5
1220,35.666685,-105.900443,1368.4,2306.0,1.243,128,53,,,True,7.1
1221,35.666685,-105.900428,1370.1,2306.2,1.233,127,53,,,True,9.4
1227,35.666698,-105.900331,1379.2,2306.6,1.543,128,55,,,True,9.6
1232,35.66672,-105.900278,1384.6,2307.2,1.318,128,55,,,True,10.1
1235,35.666723,-105.900251,1387.1,2307.8,0.987,129,52,,,True,13.0
1239,35.666718,-105.900202,1391.8,2308.4,1.029,125,53,,,True,10.3
1240,35.666716,-105.900189,1393.0,2308.4,1.18,121,52,,,True,2.5
1242,35.666707,-105.900151,1396.3,2308.4,1.314,119,50,,,True,2.2
1248,35.666722,-105.900078,1402.9,2308.2,1.238,119,0,,,True,4.5
1254,35.666773,-105.900029,1410.4,2308.8,1.175,121,56,,,True,5.8
1259,35.666803,-105.899995,1415.4,2309.4,1.136,123,0,,,True,14.5
1261,35.666809,-105.899976,1417.1,2309.6,0.957,123,0,,,True,11.8
1267,35.66682,-105.899962,1419.5,2310.6,0.512,123,50,,,True,12.5
1268,35.66682,-105.899964,1419.6,2310.6,0.357,123,0,,,False,12.6
1274,35.666841,-105.899917,1424.0,2310.4,0.643,122,0,,,True,7.5
1282,35.666877,-105.899845,1431.4,2311.4,0.843,121,49,,,True,7.5
1283,35.666881,-105.899832,1432.8,2311.6,0.978,121,49,,,True,8.8
1288,35.666886,-105.899771,1438.3,2312.0,1.15,124,53,,,True,5.0
1291,35.66689,-105.899727,1442.2,2312.0,1.175,127,55,,,True,4.8
1292,35.66689,-105.899712,1443.5,2312.0,1.189,128,55,,,True,3.7
1301,35.66692,-105.899604,1453.8,2312.6,1.16,129,54,,,True,8.6
1302,35.666924,-105.899595,1454.7,2312.6,1.12,128,53,,,True,9.7
1308,35.666957,-105.899544,1460.9,2313.6,1.014,125,51,,,True,19.7
1309,35.666962,-105.899535,1462.0,2313.8,1.043,125,50,,,True,21.2
1311,35.666969,-105.899526,1463.0,2314.4,0.922,125,48,,,True,20.6
1314,35.66699,-105.899504,1466.0,2315.0,0.8,125,50,,,True,20.8
1319,35.667026,-105.899462,1471.6,2315.8,1.075,127,52,,,True,14.6
1320,35.66703,-105.899452,1472.6,2316.0,1.1,128,51,,,True,19.8
1327,35.667039,-105.899428,1475.3,2316.2,0.463,130,80,,,True,0.0
1332,35.667033,-105.899426,1475.8,2317.0,0.267,130,0,,,False,-19.4
1334,35.66703,-105.899423,1476.1,2317.0,0.114,129,0,,,False,-10.8
1342,35.667032,-105.899425,1477.2,2315.8,0.14,128,0,,,False,-6.9
1343,35.667033,-105.899424,1477.2,2315.4,0.122,128,0,,,False,-4.2
1346,35.667028,-105.899423,1477.8,2314.6,0.142,128,0,,,False,-1.5
1351,35.667024,-105.899422,1478.8,2315.2,0.2,123,0,,,False,-3.2
1353,35.667026,-105.899419,1479.0,2315.0,0.171,119,0,,,False,-12.1
1357,35.667032,-105.899417,1479.7,2316.0,0.15,119,0,,,False,-20.4
1363,35.667033,-105.899429,1480.3,2315.2,0.13,120,0,,,False,-12.0
1366,35.667036,-105.899423,1480.9,2315.0,0.133,123,0,,,False,0.0
1371,35.667029,-105.899426,1481.2,2315.4,0.113,126,0,,,False,-1.9
1373,35.667031,-105.899423,1481.5,2315.8,0.086,125,0,,,False,-8.6
1386,35.667042,-105.899423,1485.2,2315.6,0.267,124,0,,,False,-6.5
1393,35.667043,-105.899418,1486.9,2314.8,0.27,126,47,,,False,-7.8
1395,35.66704,-105.899422,1487.2,2314.6,0.222,129,0,,,False,-16.5
1401,35.667037,-105.899425,1487.5,2314.6,0.075,127,0,,,False,-17.5
1405,35.667034,-105.899426,1487.5,2314.6,0.03,124,0,,,False,-11.5
1408,35.667031,-105.899423,1488.1,2314.4,0.086,118,0,,,False,-9.7
1409,35.667027,-105.899425,1488.1,2314.4,0.075,105,0,,,False,-18.4
1410,35.667028,-105.899425,1488.1,2314.4,0.12,98,0,,,False,-20.0
1413,35.667023,-105.899422,1488.1,2314.6,0.0,96,0,,,False,-28.6
1420,35.667025,-105.899427,1489.1,2314.4,0.1,99,0,,,False,-28.6
1422,35.667028,-105.899429,1489.4,2314.4,0.144,99,0,,,False,-12.9
1428,35.667045,-105.899431,1490.0,2314.2,0.113,105,0,,,False,-8.0
1431,35.667055,-105.899432,1490.7,2314.0,0.144,107,0,,,False,-8.2
1434,35.66706,-105.899431,1491.2,2314.0,0.2,102,0,,,False,-7.1
1436,35.667061,-105.89943,1491.3,2314.0,0.12,99,0,,,False,-8.5
1438,35.667062,-105.899429,1491.4,2313.8,0.1,99,0,,,False,-7.8
1442,35.667063,-105.899427,1491.5,2313.8,0.033,102,0,,,False,-5.2
1443,35.667061,-105.899427,1491.5,2313.8,0.02,102,0,,,False,-5.5
1449,35.667041,-105.899422,1491.5,2313.6,0.0,105,0,,,False,-3.7
1451,35.667042,-105.899406,1492.2,2313.6,0.088,105,0,,,True,-2.2
1459,35.667075,-105.899304,1502.2,2313.4,1.07,105,55,,,True,2.3
1464,35.667046,-105.899241,1509.4,2313.4,1.323,106,55,,,True,4.9
1470,35.666969,-105.899233,1518.1,2314.2,1.445,106,0,,,True,12.4
1473,35.666946,-105.899226,1520.7,2315.0,1.256,105,0,,,True,18.1
1477,35.666909,-105.89921,1524.8,2316.2,0.957,104,59,,,True,25.0
1478,35.666903,-105.899202,1526.0,2316.4,1.06,104,52,,,True,21.3
1482,35.666881,-105.899155,1530.1,2317.2,1.06,106,54,,,True,16.2
1485,35.666854,-105.899114,1534.8,2318.0,1.257,109,55,,,True,16.9
1487,35.666837,-105.899083,1538.4,2318.4,1.66,110,55,,,True,16.3
1491,35.666817,-105.899036,1543.8,2319.4,1.5,113,55,,,True,17.7
1492,35.666813,-105.899026,1544.8,2319.6,1.28,114,60,,,True,19.5
1493,35.666809,-105.899013,1546.1,2320.0,1.283,114,60,,,True,15.1
1496,35.666798,-105.898964,1550.7,2320.8,1.38,116,57,,,True,6.8
1500,35.666767,-105.898945,1554.4,2321.0,1.186,116,54,,,True,8.5
1506,35.666717,-105.898885,1562.4,2320.8,1.17,118,61,,,True,7.4
1511,35.666699,-105.898828,1567.4,2321.8,1.182,119,60,,,True,7.4
1514,35.666692,-105.898778,1572.4,2322.4,1.25,121,58,,,True,12.1
1516,35.666691,-105.898743,1575.9,2322.6,1.7,124,55,,,True,6.8
1517,35.666691,-105.898729,1577.3,2322.6,1.65,127,55,,,True,1.9
1519,35.666689,-105.898708,1579.2,2322.6,1.36,130,55,,,True,2.2
1521,35.666688,-105.898679,1581.5,2322.6,1.12,134,57,,,True,3.5
1522,35.666691,-105.898664,1582.8,2322.6,1.1,136,57,,,True,4.4
1524,35.666699,-105.89864,1585.1,2322.8,1.18,136,57,,,True,5.4
1530,35.666733,-105.898561,1592.9,2323.2,1.263,136,57,,,True,4.4
1538,35.666729,-105.898453,1603.7,2323.8,1.329,134,58,,,True,3.8
1542,35.666735,-105.898381,1610.2,2323.8,1.442,131,0,,,True,3.8
1543,35.666736,-105.898363,1611.5,2323.8,1.56,131,58,,,True,1.9
1545,35.666735,-105.898335,1613.9,2324.0,1.457,131,58,,,True,1.0
1554,35.666734,-105.898211,1624.5,2324.2,1.182,131,55,,,True,2.2
1558,35.666738,-105.898153,1630.1,2324.0,1.246,128,60,,,True,-1.1
1563,35.666764,-105.898075,1638.2,2324.4,1.522,126,58,,,True,-3.4
1572,35.666824,-105.897967,1650.4,2323.6,1.45,124,59,,,True,-3.5
1575,35.666803,-105.897942,1653.5,2323.2,1.275,123,59,,,True,-6.9
1578,35.666764,-105.897928,1658.3,2323.0,1.317,123,60,,,True,-8.0
1580,35.66675,-105.897894,1661.4,2322.8,1.58,123,61,,,True,-2.4
1584,35.666765,-105.897828,1667.8,2322.2,1.583,122,62,,,True,-5.0
1592,35.666777,-105.897711,1678.3,2322.6,1.408,120,57,,,True,-4.3
1598,35.666787,-105.897625,1686.2,2321.6,1.314,119,65,,,True,-1.4
1600,35.666799,-105.897599,1689.0,2321.6,1.338,119,65,,,True,-3.2
1606,35.666813,-105.897525,1695.9,2321.8,1.213,118,0,,,True,8.8
1607,35.666812,-105.897515,1697.0,2322.0,1.143,117,0,,,True,13.2
1610,35.666807,-105.89748,1699.9,2322.8,1.09,116,0,,,True,19.5
1613,35.666816,-105.89745,1702.6,2323.4,0.933,114,57,,,True,19.6
1615,35.666814,-105.897432,1704.0,2323.8,0.82,114,55,,,True,17.5
1621,35.666829,-105.897358,1711.3,2324.8,1.088,115,53,,,True,16.0
1622,35.666831,-105.897346,1712.5,2325.0,1.214,116,54,,,True,16.1
1628,35.666856,-105.897282,1718.9,2326.0,1.086,117,52,,,True,17.9
1633,35.666851,-105.897241,1722.6,2326.8,0.918,119,50,,,True,18.2
1635,35.666842,-105.897215,1724.7,2327.2,0.829,120,50,,,True,18.0
1638,35.666829,-105.897207,1726.8,2327.6,0.84,123,48,,,True,17.9
1640,35.666823,-105.897224,1727.7,2327.8,0.6,125,50,,,True,17.8
1641,35.666817,-105.897233,1728.9,2327.8,0.7,126,51,,,True,17.7
1643,35.666805,-105.897247,1730.4,2328.2,0.72,127,50,,,True,14.9
1645,35.666785,-105.897258,1732.7,2328.6,1.0,129,49,,,True,16.4
1649,35.666745,-105.897245,1737.1,2329.4,1.117,129,49,,,True,17.3
1652,35.666729,-105.897211,1741.1,2329.8,1.2,130,50,,,True,18.8
1655,35.66673,-105.897191,1743.1,2330.4,1.0,131,52,,,True,15.5
1656,35.666729,-105.897177,1744.4,2330.8,1.043,132,50,,,True,9.3
1660,35.666741,-105.897125,1748.7,2331.2,1.12,136,47,,,True,9.0
1663,35.666749,-105.897094,1751.9,2330.8,1.071,137,47,,,True,8.1
1667,35.666773,-105.897051,1756.5,2331.6,1.114,137,51,,,True,9.2
1670,35.666784,-105.897024,1759.3,2332.0,1.057,137,51,,,True,15.7
1675,35.666794,-105.896975,1764.0,2332.6,0.938,137,51,,,True,11.0
1678,35.666801,-105.89694,1767.2,2333.2,0.988,137,52,,,True,11.0
1685,35.666833,-105.896869,1774.6,2333.6,1.06,136,52,,,True,9.1
1686,35.666836,-105.896859,1775.6,2333.8,1.05,137,52,,,True,8.1
1695,35.666868,-105.896753,1785.9,2334.6,1.13,137,55,,,True,11.3
1696,35.666872,-105.896744,1787.0,2334.8,1.14,136,55,,,True,11.2
1703,35.66692,-105.896686,1794.0,2335.8,1.012,135,53,,,True,13.6
1704,35.666924,-105.896676,1795.2,2336.0,1.025,135,53,,,True,12.4
1711,35.666963,-105.896599,1803.5,2337.0,1.188,135,53,,,True,10.9
1712,35.666969,-105.896588,1804.8,2337.0,1.2,134,53,,,True,10.1
1720,35.667016,-105.896528,1812.3,2337.8,0.978,136,53,,,True,7.1
1721,35.667023,-105.896521,1813.1,2337.8,0.922,145,51,,,True,8.7
1726,35.667043,-105.89648,1817.6,2338.0,0.883,144,47,,,True,11.5
1727,35.667046,-105.896469,1818.6,2338.2,0.917,145,50,,,True,12.9
1733,35.667073,-105.896412,1824.5,2339.2,0.986,145,54,,,True,13.0
1734,35.667079,-105.896401,1825.5,2339.4,0.986,145,54,,,True,11.8
1741,35.667124,-105.896324,1834.5,2340.2,1.25,144,52,,,True,7.7
1743,35.667134,-105.896296,1837.3,2340.4,1.311,143,53,,,True,6.2
1752,35.667148,-105.89618,1848.0,2341.0,1.227,146,54,,,True,5.5
1757,35.667166,-105.896114,1854.3,2341.2,1.214,146,56,,,True,8.8
1759,35.667173,-105.896095,1856.4,2341.4,1.2,146,56,,,True,12.1
1763,35.667191,-105.896061,1860.1,2342.4,0.967,145,53,,,True,16.6
1766,35.667209,-105.896036,1862.9,2342.8,0.929,144,59,,,True,18.5
1772,35.66725,-105.895996,1868.8,2343.6,0.967,143,51,,,True,16.8
1775,35.667258,-105.89597,1871.5,2344.2,0.956,144,52,,,True,19.6
1777,35.667252,-105.895953,1873.2,2344.6,0.88,143,51,,,True,20.8
1782,35.667222,-105.895932,1877.2,2345.6,0.814,143,50,,,True,20.2
1783,35.667215,-105.895932,1877.6,2345.8,0.733,143,50,,,True,17.3
1786,35.667185,-105.895941,1881.3,2346.2,0.9,138,50,,,True,10.4
1787,35.667177,-105.895948,1882.4,2346.4,1.04,133,50,,,True,8.9
1788,35.667169,-105.895953,1883.6,2346.4,1.2,130,50,,,True,7.5
1789,35.667156,-105.895959,1884.9,2346.4,1.217,130,50,,,True,7.0
1794,35.667135,-105.89594,1888.4,2346.6,0.8,132,53,,,True,5.8
1795,35.667142,-105.895933,1889.3,2346.8,0.733,132,53,,,True,10.8
1796,35.667147,-105.895922,1890.7,2346.8,0.829,132,50,,,True,15.1
1798,35.667157,-105.895905,1892.8,2347.0,0.878,135,49,,,True,14.6
1802,35.667187,-105.895875,1896.6,2347.8,0.983,137,50,,,True,16.4
1809,35.667219,-105.895827,1903.0,2348.8,0.927,137,45,,,True,17.5
1816,35.667252,-105.895772,1909.0,2349.8,0.886,139,50,,,True,16.0
1817,35.667257,-105.895763,1909.9,2350.0,0.863,139,50,,,True,17.3
1823,35.667286,-105.895716,1915.4,2350.8,0.914,136,51,,,True,17.1
1824,35.667289,-105.895713,1915.7,2351.0,0.829,136,50,,,False,16.7
1825,35.667297,-105.895705,1916.7,2351.2,0.85,136,49,,,True,16.4
1831,35.667331,-105.895666,1921.9,2352.0,0.886,136,48,,,True,14.2
1835,35.66737,-105.895632,1927.6,2352.8,1.09,137,48,,,True,14.2
1839,35.667395,-105.895605,1931.2,2353.2,1.162,138,49,,,True,12.6
1843,35.667419,-105.895572,1935.0,2353.8,0.925,139,51,,,True,15.0
1848,35.667436,-105.89553,1939.3,2354.2,0.9,140,50,,,True,14.1
1852,35.667438,-105.895511,1940.9,2354.8,0.656,141,0,,,True,13.0
1858,35.667432,-105.895507,1941.1,2354.8,0.18,138,0,,,False,5.0
1859,35.667432,-105.895509,1941.1,2354.6,0.029,135,0,,,False,3.4
1861,35.667434,-105.89551,1941.1,2354.6,0.022,133,0,,,False,4.5
1868,35.667452,-105.895504,1943.5,2354.8,0.267,130,0,,,True,6.0
1874,35.667486,-105.895434,1950.9,2354.6,0.754,130,50,,,True,8.1
1878,35.667505,-105.895399,1954.5,2355.4,1.1,130,53,,,True,7.6
1881,35.667529,-105.895373,1958.4,2356.0,1.071,130,53,,,True,12.3
1885,35.667569,-105.895322,1964.6,2356.4,1.443,130,54,,,True,8.7
1887,35.667581,-105.895299,1967.1,2356.6,1.45,130,54,,,True,7.0
1893,35.667614,-105.895248,1972.9,2357.0,1.038,127,59,,,True,7.8
1895,35.667631,-105.895229,1975.6,2357.2,1.063,126,56,,,True,8.0
1899,35.667662,-105.895198,1980.0,2357.6,1.183,125,54,,,True,9.3
1901,35.667676,-105.895183,1982.1,2357.8,1.083,124,54,,,True,9.1
1907,35.667728,-105.895179,1987.9,2358.4,0.988,121,0,,,True,12.0
1908,35.667734,-105.895173,1988.8,2358.4,0.957,121,0,,,True,12.5
1909,35.667738,-105.895165,1989.5,2358.6,0.925,121,43,,,True,15.6
1915,35.667732,-105.895127,1993.3,2359.2,0.643,120,45,,,True,15.9
1916,35.667725,-105.895123,1994.2,2359.4,0.671,120,44,,,True,16.4
1918,35.667714,-105.895115,1995.6,2359.6,0.678,120,44,,,True,17.0
1923,35.667673,-105.895089,2000.5,2360.4,0.9,120,48,,,True,18.5
1925,35.66768,-105.895078,2001.5,2360.6,0.843,120,49,,,True,19.0
1928,35.667702,-105.895073,2003.9,2361.0,0.68,122,43,,,True,18.0
1931,35.667721,-105.89506,2006.1,2361.6,0.767,126,41,,,True,17.8
1932,35.66773,-105.89505,2007.6,2361.6,0.871,126,41,,,True,20.4
1936,35.667746,-105.895012,2011.6,2362.4,1.1,127,49,,,True,21.0
1938,35.667743,-105.894997,2013.1,2362.8,0.917,128,48,,,True,21.2
1939,35.667733,-105.894992,2013.7,2363.0,0.871,129,48,,,True,22.9
1942,35.667711,-105.894985,2016.3,2363.6,0.783,129,47,,,True,21.7
1945,35.66769,-105.894974,2018.9,2364.0,0.867,134,47,,,True,20.4
1948,35.667668,-105.894973,2021.2,2364.6,0.817,136,47,,,True,18.5
1951,35.667637,-105.894973,2024.5,2365.2,0.933,137,44,,,True,19.6
1955,35.667618,-105.89494,2028.2,2365.8,1.0,138,47,,,True,15.7
1957,35.667606,-105.894924,2030.1,2366.2,0.933,139,47,,,True,15.3
1962,35.667573,-105.894871,2036.5,2367.0,1.186,141,47,,,True,16.7
1963,35.667572,-105.894861,2037.6,2367.2,1.25,141,47,,,True,15.8
1968,35.66759,-105.894804,2042.6,2368.2,1.017,142,50,,,True,12.4
1969,35.667599,-105.894792,2044.0,2368.4,1.067,143,50,,,True,11.2
1976,35.66767,-105.894772,2052.6,2369.0,1.25,143,50,,,True,9.0
1979,35.667698,-105.894765,2055.5,2369.2,1.15,142,52,,,True,10.2
1983,35.667738,-105.89476,2060.3,2369.8,1.1,142,48,,,True,10.8
1987,35.66777,-105.894756,2063.6,2370.4,1.012,142,48,,,True,10.5
1992,35.667821,-105.894739,2069.3,2370.8,1.0,143,50,,,True,11.4
1998,35.667882,-105.894732,2076.4,2371.4,1.164,143,49,,,True,11.0
2000,35.667896,-105.894729,2077.9,2371.8,1.075,142,48,,,True,11.4
2004,35.667929,-105.894709,2081.8,2372.4,0.9,142,48,,,True,11.6
2008,35.667962,-105.89467,2086.9,2372.8,1.125,141,51,,,True,10.4
2014,35.668013,-105.894604,2095.4,2373.6,1.36,141,50,,,True,8.5
2016,35.668025,-105.894591,2097.1,2373.8,1.275,141,52,,,True,7.0
2025,35.668084,-105.894497,2107.8,2374.6,1.127,141,53,,,True,6.5
2034,35.668132,-105.894396,2118.3,2375.0,1.178,141,53,,,True,5.7
2038,35.668167,-105.894369,2123.0,2375.4,1.169,138,55,,,True,5.1
2042,35.668212,-105.89434,2128.9,2375.6,1.325,137,53,,,True,6.8
2048,35.668258,-105.894294,2135.1,2376.0,1.21,135,53,,,True,7.7
2053,35.668304,-105.894252,2141.9,2376.6,1.182,132,53,,,True,8.4
2059,35.668361,-105.894208,2149.0,2377.4,1.264,131,52,,,True,10.9
2062,35.66838,-105.894182,2152.7,2377.6,1.2,130,52,,,True,12.8
2067,35.668403,-105.894123,2158.9,2378.6,1.238,131,51,,,True,9.5
2068,35.668403,-105.894117,2159.1,2378.8,1.067,130,51,,,False,10.7
2075,35.668439,-105.894057,2165.9,2379.0,0.875,129,51,,,True,8.8
2081,35.668481,-105.893989,2173.3,2379.8,1.092,128,51,,,True,7.7
2082,35.668488,-105.893978,2174.8,2380.0,1.271,128,53,,,True,9.4
2089,35.668536,-105.893918,2182.4,2380.6,1.137,128,51,,,True,8.5
2096,35.668547,-105.893897,2185.1,2380.8,0.736,124,0,,,True,7.5
2098,35.668547,-105.893902,2185.1,2380.8,0.3,118,0,,,False,4.4
2102,35.668551,-105.893902,2185.4,2380.8,0.05,118,0,,,False,-8.2
2112,35.668542,-105.893885,2186.8,2380.8,0.121,118,0,,,False,-7.4
2114,35.668544,-105.893888,2186.9,2380.8,0.125,121,0,,,False,-1.1
2120,35.668532,-105.893891,2187.3,2380.2,0.063,121,0,,,False,-2.7
2123,35.668526,-105.893891,2187.3,2380.2,0.044,118,0,,,False,-3.0
2128,35.668541,-105.893868,2189.3,2380.0,0.25,115,0,,,True,1.6
2129,35.668547,-105.893856,2190.5,2380.0,0.533,114,0,,,True,4.1
2136,35.668601,-105.893781,2200.1,2380.4,1.35,114,53,,,True,6.4
2145,35.668684,-105.893698,2211.8,2381.2,1.331,112,55,,,True,6.4
2153,35.668753,-105.893643,2220.7,2382.0,1.212,112,53,,,True,6.6
2157,35.668785,-105.893619,2224.9,2382.2,1.092,115,50,,,True,5.9
2159,35.668803,-105.893604,2227.4,2382.2,1.117,118,52,,,True,1.0
2162,35.668843,-105.893586,2232.2,2382.4,1.46,121,54,,,True,2.3
2168,35.668919,-105.89354,2241.1,2382.2,1.522,121,53,,,True,2.7
2176,35.668995,-105.893479,2250.5,2382.8,1.307,121,57,,,True,2.1
2180,35.669037,-105.893441,2256.5,2383.0,1.283,120,58,,,True,4.0
2182,35.669068,-105.89343,2260.3,2383.0,1.633,117,58,,,True,4.8
2185,35.66911,-105.893421,2265.9,2383.2,1.88,116,57,,,True,5.6
2191,35.669197,-105.8934,2275.3,2384.0,1.667,114,59,,,True,4.9
2196,35.669248,-105.893378,2281.3,2384.4,1.4,115,56,,,True,5.5
2204,35.669341,-105.893336,2292.9,2384.6,1.354,114,57,,,True,4.0
2210,35.669397,-105.89332,2298.8,2385.0,1.25,113,57,,,True,4.2
2211,35.669406,-105.893318,2300.1,2385.0,1.029,113,57,,,True,6.3
2219,35.669489,-105.893276,2309.8,2385.6,1.222,113,55,,,True,6.6
2224,35.669535,-105.893255,2315.3,2386.0,1.169,110,53,,,True,6.7
2225,35.669546,-105.893247,2316.9,2386.2,1.183,109,51,,,True,11.3
2226,35.669554,-105.893239,2318.1,2386.2,1.186,108,51,,,True,12.3
2233,35.6696,-105.893203,2323.9,2387.2,0.875,108,50,,,True,11.6
2242,35.66969,-105.893174,2334.8,2388.4,1.044,111,53,,,True,13.4
2243,35.669698,-105.893175,2335.8,2388.4,1.19,111,52,,,True,12.5
2250,35.669748,-105.893143,2341.9,2389.4,0.887,113,48,,,True,10.9
2252,35.669759,-105.893136,2343.1,2389.6,0.811,115,48,,,True,13.0
2254,35.669781,-105.893119,2345.8,2389.6,0.909,119,49,,,True,10.9
2256,35.669798,-105.893106,2348.1,2390.0,1.033,122,48,,,True,10.5
2259,35.669815,-105.893088,2351.1,2390.4,1.06,125,50,,,True,14.2
2267,35.669853,-105.893021,2358.4,2391.2,0.936,127,49,,,True,11.1
2269,35.669866,-105.893009,2359.9,2391.6,0.88,128,51,,,True,10.9
2275,35.669928,-105.892963,2368.0,2392.2,1.2,129,51,,,True,9.3
2278,35.669951,-105.892941,2371.3,2392.6,1.267,129,53,,,True,7.9
2284,35.669991,-105.892887,2377.8,2393.0,1.089,129,53,,,True,7.5
2292,35.670059,-105.892811,2387.9,2393.8,1.186,127,53,,,True,8.1
2293,35.670067,-105.8928,2389.3,2393.8,1.278,127,52,,,True,8.9
2301,35.670114,-105.892718,2398.4,2394.8,1.167,128,53,,,True,7.4
2303,35.670121,-105.892701,2400.2,2395.0,1.09,127,52,,,True,5.2
2310,35.670178,-105.892628,2409.4,2395.4,1.222,127,54,,,True,0.8
2316,35.670216,-105.892563,2416.2,2395.2,1.231,127,56,,,True,0.8
2322,35.670255,-105.892499,2423.6,2395.0,1.183,124,56,,,True,-1.1
2327,35.670271,-105.892471,2426.6,2395.2,0.945,121,48,,,True,-1.0
2328,35.670276,-105.892458,2427.8,2395.2,0.7,121,0,,,True,-1.1
2335,35.6703,-105.892375,2436.4,2395.0,1.225,119,52,,,True,-3.2
2342,35.670304,-105.892308,2442.1,2394.8,1.021,119,54,,,True,-3.3
2344,35.670311,-105.892276,2445.1,2394.6,0.967,116,53,,,True,-5.7
2345,35.670315,-105.892264,2446.2,2394.6,0.98,113,53,,,True,-11.5
2346,35.670316,-105.89226,2446.9,2394.4,0.955,107,53,,,True,0.0
2347,35.670317,-105.892258,2447.1,2394.2,1.0,103,53,,,False,-8.5
2348,35.670318,-105.892256,2447.3,2394.2,0.867,101,53,,,False,-10.2
2356,35.670316,-105.892236,2449.3,2394.4,0.244,98,0,,,False,-9.7
2365,35.670308,-105.892236,2449.9,2394.8,0.153,99,0,,,False,-5.1
2377,35.670294,-105.892225,2451.2,2394.4,0.09,102,0,,,False,-5.6
2381,35.670293,-105.892226,2451.5,2394.0,0.1,104,0,,,False,-1.4
2388,35.670285,-105.892232,2451.9,2394.0,0.064,107,0,,,False,-1.5
2389,35.670284,-105.892233,2451.9,2393.8,0.05,107,0,,,False,-7.2
2390,35.670286,-105.89224,2452.4,2393.8,0.1,107,0,,,True,-3.9
2395,35.670275,-105.892221,2453.7,2393.6,0.3,107,56,,,False,0.0
2401,35.670292,-105.892199,2456.9,2394.0,0.409,108,0,,,True,0.0
2406,35.670324,-105.892199,2461.0,2394.0,0.664,105,71,,,True,1.9
2409,35.670326,-105.892207,2461.4,2394.0,0.563,103,0,,,False,4.0
2410,35.670326,-105.892209,2461.5,2394.0,0.511,100,0,,,False,4.1
2412,35.670321,-105.89221,2461.5,2394.0,0.083,97,0,,,False,1.8
2420,35.670311,-105.89222,2461.6,2394.0,0.01,94,0,,,False,6.3
2424,35.670316,-105.892221,2462.5,2394.2,0.083,95,0,,,False,6.5
2428,35.670321,-105.892205,2463.4,2394.2,0.225,92,0,,,False,6.6
2431,35.670341,-105.892159,2468.3,2394.2,0.829,92,0,,,True,4.7
2436,35.670337,-105.8921,2473.8,2394.8,1.3,95,52,,,True,3.3
2437,35.670336,-105.892087,2475.2,2394.8,1.15,96,51,,,True,5.2
2442,35.670329,-105.892017,2481.8,2394.8,1.333,99,53,,,True,5.6
2445,35.670329,-105.891994,2483.7,2395.0,1.063,100,55,,,True,6.6
2452,35.670321,-105.891908,2491.5,2395.8,0.97,100,51,,,True,6.8
2459,35.670266,-105.891852,2499.3,2396.4,1.114,101,52,,,True,5.6
2465,35.670231,-105.891768,2508.3,2396.6,1.292,104,0,,,True,4.6
2472,35.670214,-105.891682,2516.0,2396.8,1.285,106,56,,,True,2.9
2473,35.670212,-105.891665,2517.7,2397.0,1.175,107,57,,,True,3.4
2479,35.670197,-105.891563,2527.1,2397.2,1.586,107,56,,,True,4.8
2484,35.670173,-105.891517,2532.0,2397.4,1.3,110,56,,,True,4.2
2485,35.670166,-105.891508,2532.8,2397.6,0.95,111,56,,,True,6.5
2491,35.670135,-105.89143,2541.4,2398.0,1.343,111,55,,,True,7.2
2492,35.670136,-105.891418,2542.4,2398.2,1.371,111,55,,,True,7.4
2499,35.670128,-105.891321,2551.4,2398.8,1.25,111,56,,,True,10.1
2501,35.670123,-105.891287,2554.5,2399.2,1.344,112,55,,,True,8.2
2505,35.670108,-105.891255,2557.3,2399.6,0.983,113,55,,,True,8.3
2507,35.670091,-105.891246,2559.4,2399.6,0.817,113,51,,,True,4.0
2512,35.670045,-105.891216,2565.8,2400.0,1.214,114,55,,,True,3.3
2518,35.669977,-105.891151,2574.6,2400.0,1.382,115,56,,,True,2.4
2519,35.669969,-105.891143,2575.6,2400.2,1.4,114,57,,,True,4.3
2527,35.669901,-105.891093,2584.9,2400.2,1.144,114,57,,,True,6.8
2535,35.669842,-105.891025,2594.0,2401.2,1.15,113,54,,,True,6.2
2536,35.669833,-105.891014,2595.2,2401.4,1.144,112,53,,,True,9.7
2545,35.669733,-105.89095,2607.9,2402.2,1.39,112,53,,,True,8.4
2547,35.669716,-105.890947,2609.7,2402.6,1.318,113,53,,,True,8.6
2554,35.669648,-105.890922,2617.9,2403.2,1.111,116,52,,,True,12.2
2555,35.669641,-105.890921,2618.5,2403.4,1.1,118,51,,,True,12.1
2556,35.669634,-105.890922,2619.4,2403.6,1.078,118,51,,,True,12.7
2560,35.669604,-105.890931,2622.9,2404.2,0.88,121,52,,,True,11.5
2561,35.669598,-105.890932,2623.7,2404.4,0.86,121,52,,,True,8.3
2565,35.669547,-105.890938,2628.9,2404.6,1.2,123,52,,,True,7.1
2572,35.669483,-105.890962,2636.3,2405.0,1.145,124,55,,,True,7.6
2575,35.669455,-105.890969,2639.7,2405.4,1.08,124,55,,,True,9.4
2579,35.669408,-105.890974,2644.7,2406.0,1.2,123,53,,,True,11.2
2584,35.669364,-105.890999,2650.2,2406.6,1.167,125,53,,,True,11.8
2586,35.669345,-105.891004,2652.4,2406.8,1.1,126,53,,,True,11.7
2592,35.669291,-105.89099,2658.3,2407.6,1.013,128,51,,,True,12.1
2600,35.669216,-105.890951,2666.9,2408.6,1.036,127,52,,,True,11.8
2602,35.669191,-105.890934,2670.0,2409.0,1.17,127,53,,,True,10.5
2608,35.669152,-105.890873,2677.8,2409.8,1.363,128,52,,,True,12.0
2609,35.669148,-105.890858,2679.2,2409.8,1.314,128,52,,,True,11.5
2616,35.669157,-105.890777,2686.9,2411.0,1.137,128,53,,,True,12.7
2624,35.669177,-105.890697,2694.3,2411.8,1.007,130,51,,,True,13.9
2625,35.66918,-105.890688,2695.1,2412.0,0.911,130,51,,,True,9.2
2627,35.669189,-105.890664,2697.9,2412.4,1.0,134,51,,,True,6.8
2630,35.669201,-105.890621,2702.2,2412.4,1.42,134,51,,,True,7.3
2638,35.669225,-105.89052,2711.9,2413.0,1.273,134,51,,,True,7.5
2646,35.669251,-105.890436,2719.9,2413.8,1.106,134,54,,,True,10.9
2649,35.66924,-105.890415,2721.8,2414.2,0.9,132,46,,,True,19.0
2652,35.669237,-105.890419,2722.3,2414.6,0.4,130,0,,,False,6.7
2654,35.669241,-105.890419,2722.4,2415.0,0.12,130,41,,,False,-6.2
2663,35.669252,-105.890405,2722.8,2414.2,0.045,127,0,,,False,-4.4
2665,35.669252,-105.890404,2722.9,2414.0,0.045,126,0,,,False,4.0
2671,35.66924,-105.890407,2723.1,2413.6,0.037,123,0,,,False,1.5
2674,35.669236,-105.890374,2726.4,2413.4,0.389,116,0,,,True,-4.8
2675,35.669234,-105.890361,2727.6,2413.4,0.47,114,0,,,True,3.4
2676,35.669232,-105.890349,2728.9,2413.4,1.16,107,0,,,True,11.4
2677,35.669233,-105.89034,2729.7,2413.4,1.1,107,0,,,True,12.5
2683,35.669247,-105.890284,2734.8,2414.4,0.843,106,50,,,True,12.8
2688,35.669272,-105.890225,2740.4,2415.0,0.973,109,53,,,True,13.3
2690,35.669288,-105.890203,2743.0,2415.2,1.171,111,53,,,True,10.9
2691,35.669299,-105.890195,2744.7,2415.4,1.237,112,53,,,True,10.9
2696,35.669318,-105.890155,2749.5,2416.0,1.083,115,50,,,True,9.7
2698,35.669321,-105.89013,2751.4,2416.2,0.957,118,50,,,True,9.5
2699,35.669328,-105.890119,2752.7,2416.4,1.0,118,49,,,True,7.7
2707,35.669372,-105.89003,2761.5,2417.0,1.122,120,53,,,True,6.8
2712,35.669401,-105.889976,2767.6,2417.4,1.146,120,52,,,True,7.4
2716,35.669407,-105.88993,2771.9,2417.6,1.156,121,52,,,True,7.2
2723,35.669389,-105.889848,2779.8,2418.4,1.109,123,51,,,True,9.0
2724,35.669381,-105.889835,2781.0,2418.4,1.137,123,51,,,True,10.7
2729,35.669363,-105.88977,2787.6,2419.2,1.3,127,51,,,True,9.1
2730,35.669363,-105.889756,2788.8,2419.4,1.3,127,52,,,True,7.3
2734,35.669355,-105.889714,2793.0,2419.6,1.08,126,53,,,True,4.9
2742,35.669352,-105.889605,2802.9,2420.0,1.175,126,54,,,True,4.9
2749,35.669349,-105.889506,2812.1,2420.4,1.273,126,52,,,True,4.3
2750,35.66935,-105.889489,2813.3,2420.6,1.3,126,53,,,True,5.3
2759,35.669361,-105.889364,2825.2,2421.0,1.31,127,54,,,True,6.4
2767,35.669336,-105.889276,2833.1,2421.6,1.165,126,51,,,True,6.7
2770,35.669329,-105.889234,2837.2,2422.0,1.091,123,49,,,True,8.8
2773,35.669325,-105.889204,2840.1,2422.4,1.167,120,50,,,True,9.3
2774,35.66932,-105.889193,2841.2,2422.4,1.157,119,50,,,True,9.2
2776,35.669312,-105.889173,2843.0,2422.6,0.967,119,48,,,True,7.9
2784,35.669273,-105.889084,2852.4,2423.4,1.12,121,50,,,True,9.6
2787,35.669264,-105.889054,2855.3,2423.6,1.118,123,50,,,True,9.2
2792,35.669248,-105.889008,2859.9,2424.2,0.938,125,50,,,True,10.0
2798,35.669214,-105.888941,2866.9,2424.8,1.055,126,52,,,True,8.9
2801,35.669209,-105.888899,2870.4,2425.2,1.167,126,53,,,True,7.5
2809,35.6692,-105.888799,2879.9,2425.8,1.182,125,50,,,True,7.0
2810,35.669197,-105.888786,2881.1,2425.8,1.189,125,49,,,True,6.2
2820,35.669161,-105.888667,2892.7,2426.6,1.164,126,49,,,True,9.1
2823,35.669152,-105.888627,2896.4,2426.8,1.177,125,50,,,True,9.2
2828,35.669141,-105.888571,2901.8,2427.8,1.138,125,51,,,True,10.8
2829,35.669141,-105.888559,2902.9,2427.8,1.083,124,51,,,True,13.0
2835,35.669109,-105.888497,2909.4,2428.4,1.086,125,53,,,True,12.1
2840,35.669079,-105.888454,2914.8,2429.2,1.082,124,54,,,True,8.4
2844,35.669053,-105.888428,2918.3,2429.8,0.989,123,53,,,True,8.1
2853,35.668965,-105.88837,2929.2,2430.0,1.108,124,51,,,True,7.5
2855,35.668951,-105.888357,2931.6,2430.2,1.209,123,52,,,True,6.3
2861,35.668913,-105.888321,2936.0,2430.8,0.85,121,52,,,True,10.6
2864,35.668883,-105.888293,2940.4,2431.2,0.978,120,52,,,True,10.1
2869,35.66885,-105.888266,2944.3,2431.6,1.038,117,52,,,True,9.2
2871,35.668828,-105.88825,2947.4,2431.8,1.0,116,52,,,True,8.9
2875,35.668795,-105.888211,2953.3,2432.4,1.5,116,49,,,True,7.8
2878,35.668783,-105.888184,2956.2,2432.6,1.257,119,48,,,True,11.5
2879,35.668779,-105.888174,2957.1,2432.6,1.212,120,48,,,True,11.6
2886,35.668764,-105.888146,2961.3,2433.4,0.638,121,0,,,True,10.2
2887,35.668767,-105.888146,2961.3,2433.4,0.525,122,0,,,False,5.7
2895,35.668772,-105.888133,2961.9,2433.4,0.067,119,0,,,False,0.0
2896,35.668771,-105.88813,2962.3,2433.4,0.111,118,0,,,True,-2.7
2901,35.668768,-105.888124,2963.1,2433.4,0.2,115,0,,,False,-2.7
2908,35.668763,-105.888122,2963.8,2433.0,0.125,115,0,,,False,-2.9
2921,35.66872,-105.888127,2969.3,2432.6,0.31,115,0,,,True,-1.1
2927,35.668665,-105.888137,2976.0,2433.0,0.642,118,54,,,True,0.7
2932,35.668612,-105.888125,2981.9,2433.2,1.145,116,52,,,True,2.2
2940,35.668516,-105.888092,2993.3,2433.2,1.331,115,56,,,True,1.7
2943,35.668486,-105.88809,2996.7,2433.2,1.345,111,56,,,True,1.0
2945,35.668465,-105.888085,2999.1,2433.4,1.16,108,56,,,True,4.5
2948,35.668431,-105.888079,3002.6,2433.4,1.18,106,56,,,True,7.4
2956,35.668354,-105.888084,3010.9,2434.0,1.073,105,53,,,True,8.1
2959,35.668319,-105.888095,3015.6,2434.6,1.182,105,54,,,True,8.3
2963,35.668318,-105.888102,3016.3,2434.8,0.771,105,0,,,False,4.0
2970,35.668316,-105.888108,3017.0,2434.6,0.127,102,0,,,False,3.2
2973,35.668313,-105.888104,3017.2,2434.8,0.09,101,0,,,False,-1.5
2982,35.66834,-105.888068,3020.8,2434.4,0.317,103,0,,,True,-0.9
2987,35.66841,-105.888037,3029.6,2434.6,0.886,103,52,,,True,-0.7
2993,35.668489,-105.888053,3038.1,2434.4,1.573,102,57,,,True,1.6
3000,35.668563,-105.888074,3045.9,2434.6,1.254,101,57,,,True,2.9
3010,35.668676,-105.888103,3059.4,2435.0,1.253,101,57,,,True,4.5
3016,35.668714,-105.888075,3064.0,2435.6,1.131,104,55,,,True,6.3
3017,35.668715,-105.888067,3064.8,2435.6,0.771,104,55,,,True,17.1
3019,35.668707,-105.888061,3065.1,2435.8,0.633,105,55,,,False,17.1
3021,35.6687,-105.888053,3066.4,2436.2,0.48,106,55,,,True,18.6
3023,35.668692,-105.888043,3067.6,2436.4,0.467,107,51,,,True,18.7
3025,35.668683,-105.888032,3068.8,2436.8,0.617,107,51,,,True,18.2
3032,35.668628,-105.887993,3075.8,2437.8,0.911,109,51,,,True,20.4
3037,35.66861,-105.88795,3080.7,2438.8,0.992,111,47,,,True,19.0
3039,35.668604,-105.887934,3082.3,2439.4,0.929,111,47,,,True,21.1
3043,35.668583,-105.887912,3085.6,2440.0,0.817,112,51,,,True,16.4
3046,35.668559,-105.887903,3088.1,2440.4,0.829,113,51,,,True,13.8
3050,35.668531,-105.887884,3091.7,2440.6,0.871,116,49,,,True,13.5
3053,35.668515,-105.887869,3093.9,2441.0,0.829,117,47,,,True,13.6
3054,35.668509,-105.887867,3094.3,2441.2,0.775,117,0,,,True,17.2
3056,35.66849,-105.887865,3096.0,2441.4,0.717,118,0,,,True,17.9
3060,35.668463,-105.887846,3099.9,2442.0,0.933,121,47,,,True,17.8
3061,35.668457,-105.887842,3101.0,2442.2,1.0,121,43,,,True,17.0
3062,35.668453,-105.887837,3101.6,2442.2,0.933,121,44,,,True,17.0
3065,35.668437,-105.887818,3104.0,2442.8,0.82,125,45,,,True,20.6
3066,35.668431,-105.887812,3104.9,2443.0,0.78,128,46,,,True,19.3
3068,35.668424,-105.887801,3106.6,2443.2,0.833,131,46,,,True,20.2
3072,35.668408,-105.887788,3108.5,2443.6,0.6,134,49,,,True,18.6
3076,35.668389,-105.887775,3110.6,2444.2,0.5,136,47,,,True,19.8
3081,35.668357,-105.887749,3114.5,2444.8,0.667,135,49,,,True,22.2
3083,35.668341,-105.887739,3116.7,2445.2,0.871,135,49,,,True,21.7
3088,35.668305,-105.887718,3121.1,2446.4,0.943,135,47,,,True,23.7
3091,35.668286,-105.887716,3123.5,2447.0,0.85,135,40,,,True,28.1
3096,35.668265,-105.887726,3126.3,2447.6,0.65,136,79,,,True,27.8
3101,35.668241,-105.887734,3128.8,2448.6,0.53,136,42,,,True,30.9
3102,35.668236,-105.887729,3129.7,2448.8,0.567,136,42,,,True,33.0
3106,35.66821,-105.887716,3132.6,2449.6,0.76,137,43,,,True,31.1
3111,35.668184,-105.88772,3135.8,2450.8,0.678,139,76,,,True,29.0
3113,35.668177,-105.88772,3136.6,2451.0,0.571,141,75,,,True,29.3
3117,35.66815,-105.887714,3139.1,2451.8,0.55,142,42,,,True,24.3
3122,35.668112,-105.887681,3144.2,2453.0,0.844,143,45,,,True,22.5
3125,35.668097,-105.887656,3147.3,2453.6,1.025,143,46,,,True,19.0
3131,35.668073,-105.887634,3150.8,2454.2,0.733,142,44,,,True,20.6
3132,35.668069,-105.887634,3151.7,2454.2,0.629,143,44,,,True,29.2
3138,35.668041,-105.887635,3154.9,2455.2,0.586,141,42,,,True,33.9
3141,35.668027,-105.887627,3156.8,2456.0,0.567,141,43,,,True,35.8
3142,35.668023,-105.887627,3156.9,2456.4,0.52,141,43,,,False,39.7
3146,35.668,-105.887629,3159.1,2457.6,0.46,141,71,,,True,36.5
3153,35.667968,-105.887651,3163.1,2458.6,0.564,140,74,,,True,33.3
3159,35.667954,-105.887678,3166.5,2459.8,0.569,141,70,,,True,30.2
3162,35.667942,-105.887698,3168.3,2460.2,0.578,141,74,,,True,32.7
3164,35.667936,-105.887707,3169.7,2460.8,0.64,141,74,,,True,24.4
3170,35.667913,-105.887724,3172.5,2461.8,0.525,142,41,,,True,21.7
3171,35.667906,-105.887724,3172.9,2461.8,0.457,142,41,,,True,25.2
3178,35.667849,-105.887725,3180.3,2462.8,0.975,144,73,,,True,24.0
3185,35.667824,-105.887726,3182.4,2464.0,0.679,143,41,,,False,24.8
3188,35.667807,-105.88774,3185.0,2464.8,0.47,142,77,,,True,37.4
3189,35.667801,-105.887745,3185.8,2465.0,0.5,142,77,,,True,36.5
3192,35.667789,-105.887764,3188.1,2465.6,0.814,139,79,,,True,26.2
3194,35.667783,-105.887777,3189.4,2466.2,0.72,139,74,,,True,27.9
3197,35.667761,-105.887789,3191.8,2467.0,0.74,141,76,,,True,31.2
3199,35.667738,-105.887798,3194.6,2467.2,1.04,141,74,,,True,27.4
3203,35.667716,-105.887812,3197.9,2468.4,1.017,141,68,,,True,26.2
3205,35.667706,-105.88782,3199.0,2469.0,0.733,141,72,,,True,31.4
3208,35.667693,-105.887826,3201.1,2469.4,0.64,141,76,,,True,29.8
3213,35.667657,-105.88783,3204.8,2470.4,0.725,141,43,,,True,27.2
3215,35.667643,-105.887831,3206.1,2470.6,0.714,140,42,,,True,26.0
3219,35.667617,-105.887822,3209.3,2471.8,0.75,139,42,,,True,25.2
3222,35.667618,-105.887816,3210.1,2472.6,0.571,138,0,,,False,29.1
3228,35.66758,-105.887808,3214.2,2472.8,0.544,139,0,,,True,22.4
3229,35.667572,-105.887807,3215.1,2473.0,0.714,139,0,,,True,16.7
3234,35.667549,-105.887805,3217.8,2474.0,0.6,138,40,,,True,16.5
3238,35.667522,-105.887791,3220.9,2474.4,0.644,138,79,,,True,16.8
3247,35.66748,-105.88774,3227.5,2475.0,0.746,138,42,,,True,19.0
3248,35.667474,-105.887736,3228.2,2475.2,0.73,137,42,,,True,21.9
3251,35.66745,-105.887729,3230.4,2476.4,0.731,138,45,,,True,25.0
3255,35.667402,-105.887716,3235.5,2477.6,1.043,138,45,,,True,16.7
3257,35.667384,-105.887708,3237.9,2477.6,1.25,139,47,,,True,7.3
3265,35.667389,-105.887703,3240.2,2477.2,0.47,138,0,,,False,-14.6
3272,35.667389,-105.887714,3241.4,2477.2,0.233,139,0,,,False,-24.4
3280,35.667406,-105.887702,3243.7,2477.0,0.233,136,0,,,False,-22.0
3282,35.667398,-105.887704,3243.7,2476.4,0.23,136,0,,,False,-19.8
3285,35.66739,-105.887711,3243.7,2475.8,0.0,131,0,,,False,-13.3
3286,35.667388,-105.887715,3243.7,2475.6,0.0,127,0,,,False,-11.9
3287,35.667385,-105.887718,3243.7,2475.6,0.0,124,0,,,False,-8.7
3289,35.667384,-105.887724,3243.7,2475.8,0.0,121,0,,,False,-3.9
3290,35.66739,-105.887725,3244.4,2476.0,0.14,120,0,,,True,-1.7
3300,35.667386,-105.887719,3245.6,2475.6,0.173,120,0,,,False,5.0
3312,35.667383,-105.887702,3246.9,2476.4,0.114,117,0,,,False,15.0
3315,35.667387,-105.887684,3248.0,2476.4,0.16,113,0,,,True,16.7
3316,35.667383,-105.88768,3248.4,2476.2,0.175,103,0,,,True,14.2
3317,35.667376,-105.887669,3249.4,2476.4,0.5,99,0,,,True,20.0
3318,35.66737,-105.887661,3250.4,2476.8,0.583,98,0,,,True,23.9
3323,35.667367,-105.887632,3252.9,2477.0,0.583,96,0,,,True,26.2
3327,35.667381,-105.887605,3255.7,2477.6,0.589,95,50,,,True,25.5
3331,35.667392,-105.887585,3257.9,2478.6,0.625,95,48,,,True,25.0
3336,35.667402,-105.887547,3261.4,2479.6,0.633,96,0,,,True,20.2
3339,35.667411,-105.88752,3264.1,2479.8,0.775,98,45,,,True,15.6
3343,35.667418,-105.887485,3267.6,2480.0,0.886,101,46,,,True,14.6
3347,35.667418,-105.887451,3270.7,2480.6,0.825,102,48,,,True,16.9
3353,35.667417,-105.8874,3275.1,2481.6,0.75,106,48,,,True,22.4
3354,35.667413,-105.887392,3275.9,2481.8,0.743,108,48,,,True,20.8
3355,35.667408,-105.887386,3276.6,2482.0,0.738,111,48,,,True,20.8
3356,35.667404,-105.88738,3277.4,2482.2,0.744,111,48,,,True,20.8
3357,35.6674,-105.887374,3278.2,2482.2,0.75,115,47,,,True,18.2
3358,35.667394,-105.887364,3279.2,2482.4,0.82,120,47,,,True,17.7
3359,35.667388,-105.887352,3280.3,2482.6,0.88,123,46,,,True,19.1
3360,35.667383,-105.887341,3281.3,2482.8,0.94,124,45,,,True,20.6
3362,35.667376,-105.887327,3283.2,2483.2,1.0,125,46,,,True,18.6
3367,35.667373,-105.887286,3287.2,2483.8,0.843,127,50,,,True,18.5
3369,35.667373,-105.887267,3288.9,2484.4,0.814,129,48,,,True,14.4
3372,35.667363,-105.887227,3292.1,2484.8,0.98,130,49,,,True,15.5
3376,35.667343,-105.887204,3295.7,2485.0,0.971,132,0,,,True,12.7
3380,35.667336,-105.887156,3300.1,2485.8,1.0,136,0,,,True,15.5
3383,35.667335,-105.887125,3303.1,2486.2,1.057,136,0,,,True,19.1
3388,35.667336,-105.887086,3306.3,2487.0,0.775,137,51,,,True,14.8
3392,35.66733,-105.887051,3309.3,2487.6,0.689,140,49,,,True,15.4
3397,35.66731,-105.886995,3315.0,2488.0,0.967,141,49,,,True,14.4
3399,35.667309,-105.886981,3316.1,2488.2,0.971,142,49,,,True,14.3
3405,35.667307,-105.886929,3321.6,2489.2,0.825,143,46,,,True,23.1
3406,35.667305,-105.886923,3321.9,2489.4,0.829,143,46,,,True,23.6
3411,35.667289,-105.886897,3324.8,2490.4,0.533,144,42,,,True,18.0
3414,35.667286,-105.886872,3327.1,2490.8,0.65,143,42,,,True,17.5
3422,35.667281,-105.886797,3333.8,2491.4,0.818,145,45,,,True,15.6
3423,35.66728,-105.886789,3334.5,2491.6,0.822,145,45,,,True,16.6
3427,35.667276,-105.886755,3337.6,2492.4,0.76,144,41,,,True,28.6
3431,35.667289,-105.886717,3341.6,2493.2,0.887,143,41,,,True,28.6
3432,35.667292,-105.886712,3342.1,2493.4,0.9,143,41,,,True,25.6
3440,35.667288,-105.886678,3345.0,2494.6,0.378,142,45,,,True,25.0
3446,35.667309,-105.886632,3350.1,2495.6,0.571,141,45,,,True,21.5
3448,35.667318,-105.886616,3352.0,2495.8,0.875,141,41,,,True,18.1
3455,35.667343,-105.886561,3357.9,2496.8,0.867,141,43,,,True,18.3
3457,35.667346,-105.886544,3359.4,2497.2,0.822,141,46,,,True,21.4
3461,35.667359,-105.886518,3362.1,2497.8,0.7,141,47,,,True,16.7
3465,35.667375,-105.88649,3365.1,2498.6,0.712,139,47,,,True,15.5
3466,35.667377,-105.886476,3366.3,2498.8,0.84,139,48,,,True,15.6
3472,35.667398,-105.886417,3372.3,2499.2,1.029,139,47,,,True,13.4
3478,35.667394,-105.886377,3376.2,2500.0,0.825,139,44,,,True,16.7
3480,35.667394,-105.886367,3377.0,2500.2,0.587,138,47,,,True,27.2
3484,35.667398,-105.886337,3379.5,2501.0,0.55,138,80,,,True,25.2
3489,35.667397,-105.886305,3382.6,2502.0,0.622,139,44,,,True,25.2
3490,35.667396,-105.886298,3383.1,2502.0,0.6,140,44,,,True,19.5
3497,35.667375,-105.886245,3388.9,2503.2,0.788,141,46,,,True,16.3
3504,35.667353,-105.886173,3395.9,2504.2,0.914,140,45,,,True,16.8
3506,35.667353,-105.886158,3397.3,2504.4,0.933,139,47,,,True,14.8
3512,35.667334,-105.886109,3402.1,2505.2,0.775,139,46,,,True,14.1
3514,35.667327,-105.886091,3403.8,2505.4,0.813,138,48,,,True,13.1
3522,35.667324,-105.886006,3411.5,2506.4,0.94,140,47,,,True,11.2
3523,35.667323,-105.885996,3412.6,2506.4,0.978,139,47,,,True,10.5
3530,35.667335,-105.885917,3420.0,2507.2,1.063,139,49,,,True,7.7
3532,35.667349,-105.88589,3422.9,2507.4,1.144,140,49,,,True,9.8
3536,35.667351,-105.885843,3427.1,2507.6,1.183,140,50,,,True,11.7
3542,35.667352,-105.885776,3433.0,2508.4,1.01,138,52,,,True,12.1
3545,35.667349,-105.885753,3435.4,2509.0,0.922,137,50,,,True,10.7
3549,35.667344,-105.88571,3439.4,2509.4,0.914,135,50,,,True,8.9
3553,35.66734,-105.885657,3443.9,2509.4,1.063,134,50,,,True,7.6
3562,35.667345,-105.885584,3450.9,2510.0,0.885,135,50,,,True,11.2
3565,35.667338,-105.885547,3453.9,2510.4,0.833,134,45,,,True,14.8
3569,35.66733,-105.885509,3457.3,2511.4,0.914,131,46,,,True,20.0
3570,35.66733,-105.885495,3458.8,2511.6,0.98,130,46,,,True,15.9
3575,35.667338,-105.885442,3463.9,2512.6,1.1,129,44,,,True,10.9
3578,35.667346,-105.885403,3467.7,2512.6,1.112,128,46,,,True,14.2
3584,35.667346,-105.885353,3472.0,2513.0,0.9,127,47,,,True,18.3
3588,35.667339,-105.885332,3474.3,2513.8,0.66,125,49,,,True,20.2
3592,35.667342,-105.885326,3474.8,2514.6,0.35,126,49,,,False,15.2
3593,35.667344,-105.885325,3474.8,2514.8,0.1,126,0,,,False,11.5
3599,35.667366,-105.885281,3478.6,2514.8,0.543,126,44,,,True,8.5
3607,35.667386,-105.885202,3486.5,2515.2,0.836,124,46,,,True,8.6
3613,35.667378,-105.885147,3491.3,2516.0,0.907,123,48,,,True,13.0
3615,35.667377,-105.885125,3493.3,2516.4,0.85,123,48,,,True,23.4
3618,35.667375,-105.885104,3495.5,2517.0,0.84,122,46,,,True,23.4
3622,35.667374,-105.88508,3497.6,2517.8,0.614,121,42,,,True,19.0
3625,35.66738,-105.88506,3499.3,2518.2,0.543,121,0,,,True,13.6
3628,35.667378,-105.885047,3500.7,2518.2,0.517,120,0,,,True,12.5
3638,35.667395,-105.885023,3503.9,2518.4,0.354,122,0,,,True,7.5
3646,35.667404,-105.885048,3504.3,2518.2,0.2,119,0,,,False,-1.9
3651,35.667403,-105.885056,3504.5,2518.2,0.046,116,0,,,False,-7.8
3657,35.66741,-105.885056,3505.1,2518.2,0.073,116,0,,,False,-8.4
3666,35.667405,-105.885051,3506.1,2517.8,0.107,114,0,,,False,-8.1
3673,35.667415,-105.885036,3508.1,2517.6,0.188,113,0,,,False,-5.1
3680,35.667432,-105.885058,3509.5,2517.4,0.243,114,0,,,False,-8.2
3685,35.667433,-105.885062,3509.9,2517.4,0.15,111,0,,,False,-9.9
3687,35.667434,-105.885064,3510.2,2517.4,0.1,108,0,,,False,-3.8
3689,35.667433,-105.885065,3510.3,2517.4,0.089,103,0,,,False,-6.1
3694,35.667427,-105.885061,3510.6,2517.4,0.057,104,0,,,False,-3.6
3699,35.667413,-105.885064,3512.4,2517.6,0.21,98,0,,,True,0.0
3704,35.66741,-105.885051,3513.1,2517.6,0.25,97,0,,,False,-2.2
3706,35.667407,-105.885053,3513.7,2517.6,0.186,102,0,,,False,1.3
3713,35.667417,-105.885047,3514.0,2517.4,0.1,104,0,,,False,2.9
3722,35.667413,-105.885046,3514.8,2517.8,0.069,104,0,,,False,3.0
3724,35.667412,-105.885047,3514.9,2517.6,0.082,98,0,,,False,3.1
3725,35.66741,-105.885047,3515.0,2517.8,0.083,91,0,,,False,1.9
3729,35.667399,-105.885047,3516.2,2517.8,0.26,100,0,,,False,11.2
3732,35.6674,-105.885047,3516.7,2517.8,0.243,99,0,,,False,10.6
3738,35.667398,-105.885064,3517.1,2517.4,0.1,96,0,,,False,10.8
3742,35.667394,-105.885061,3517.7,2517.2,0.1,95,0,,,False,12.4
3750,35.667361,-105.885008,3523.4,2517.8,0.525,99,43,,,True,14.0
3757,35.667321,-105.884977,3528.0,2519.2,0.687,99,43,,,True,15.7
3759,35.667309,-105.884964,3530.0,2519.2,0.733,101,43,,,True,17.3
3765,35.667261,-105.884916,3536.8,2520.2,1.1,103,50,,,True,15.5
3767,35.667248,-105.884898,3539.6,2520.6,1.2,104,51,,,True,20.9
3770,35.66723,-105.884881,3542.2,2521.4,1.08,106,50,,,True,26.0
3774,35.667204,-105.88486,3545.3,2522.4,0.814,115,50,,,True,28.6
3775,35.667197,-105.884857,3546.2,2522.6,0.8,118,50,,,True,25.9
3779,35.667167,-105.884855,3549.1,2523.4,0.76,121,49,,,True,22.6
3780,35.667159,-105.884851,3550.1,2523.6,0.78,121,47,,,True,20.0
3783,35.667133,-105.884844,3553.0,2524.2,0.85,124,46,,,True,18.2
3786,35.667115,-105.884841,3555.9,2524.8,0.967,126,46,,,True,15.0
3792,35.66706,-105.884824,3561.2,2525.6,0.911,128,48,,,True,16.3
3795,35.667035,-105.884809,3564.8,2525.8,0.989,129,48,,,True,17.0
3800,35.667007,-105.884774,3569.0,2526.8,0.975,132,52,,,True,17.4
3801,35.667001,-105.884767,3570.0,2527.2,0.867,132,51,,,True,21.5
3807,35.666969,-105.884715,3576.1,2528.2,1.014,134,48,,,True,20.5
3809,35.666966,-105.884697,3577.8,2528.6,0.975,135,47,,,True,15.0
3813,35.666956,-105.884661,3580.7,2529.2,0.767,136,47,,,True,15.2
3818,35.666962,-105.884588,3587.3,2529.8,1.056,137,48,,,True,17.8
3820,35.666971,-105.884568,3589.3,2530.2,1.229,137,48,,,True,17.8
3825,35.666998,-105.884549,3593.5,2531.4,0.886,137,47,,,True,20.5
3826,35.667005,-105.884543,3594.2,2531.6,0.817,137,47,,,True,21.9
3832,35.667052,-105.88453,3600.0,2532.4,0.929,138,48,,,True,16.4
3835,35.667069,-105.884528,3602.1,2533.0,0.878,139,44,,,True,16.2
3841,35.667105,-105.88452,3605.7,2533.4,0.633,141,46,,,True,17.1
3843,35.66712,-105.884511,3607.8,2533.8,0.713,140,46,,,True,14.6
3849,35.667147,-105.884465,3612.9,2534.6,0.9,141,46,,,True,14.9
3851,35.667157,-105.884455,3614.4,2534.8,0.825,141,47,,,True,15.0
3858,35.667197,-105.884413,3620.5,2535.6,0.844,140,47,,,True,12.9
3859,35.667201,-105.884408,3621.1,2535.8,0.837,140,47,,,True,12.8
3866,35.667226,-105.884353,3626.9,2536.4,0.8,140,48,,,True,16.4
3868,35.667234,-105.884336,3628.5,2536.6,0.822,140,49,,,True,18.1
3875,35.667269,-105.884293,3633.9,2537.8,0.778,139,49,,,True,19.0
3880,35.667274,-105.884248,3637.7,2538.8,0.767,138,46,,,True,17.1
3883,35.667288,-105.884207,3641.6,2539.2,0.962,138,47,,,True,14.5
3889,35.667311,-105.884157,3647.2,2539.8,1.056,139,48,,,True,11.8
3891,35.667323,-105.884145,3649.1,2540.0,0.938,140,44,,,True,13.9
3898,35.667368,-105.884093,3656.4,2541.0,1.022,141,48,,,True,16.2
3900,35.667372,-105.884081,3657.4,2541.4,0.922,142,48,,,True,19.5
3903,35.667374,-105.884044,3660.8,2542.0,0.88,142,0,,,True,24.8
3906,35.667373,-105.884024,3662.4,2542.6,0.833,142,0,,,True,23.5
3908,35.667374,-105.884005,3664.3,2543.0,0.7,142,43,,,True,28.8
3913,35.667382,-105.883949,3669.3,2544.2,0.986,140,45,,,True,27.5
3914,35.667384,-105.883941,3670.3,2544.4,1.0,140,45,,,True,25.8
3917,35.667398,-105.88392,3672.6,2545.4,0.922,140,44,,,True,26.6
3921,35.66741,-105.88388,3676.7,2546.2,0.914,143,40,,,True,27.1
3922,35.66741,-105.88387,3677.4,2546.6,0.96,144,40,,,True,24.3
3927,35.667426,-105.883825,3682.1,2547.6,0.9,144,45,,,True,28.1
3930,35.667435,-105.883803,3684.1,2548.2,0.837,145,45,,,True,26.6
3933,35.667449,-105.883782,3686.5,2548.8,0.733,146,46,,,True,25.6
3937,35.667472,-105.883759,3690.2,2550.0,0.871,146,44,,,True,23.3
3943,35.667514,-105.883723,3695.4,2551.0,0.89,145,41,,,True,21.7
3944,35.667519,-105.883719,3696.1,2551.0,0.843,146,41,,,True,18.0
3948,35.667533,-105.883691,3699.4,2551.6,0.8,143,46,,,True,16.3
3950,35.667532,-105.883669,3701.3,2552.0,0.867,141,47,,,True,17.2
3951,35.667529,-105.883658,3702.3,2552.2,0.886,141,47,,,True,17.1
3958,35.667493,-105.883603,3708.9,2553.2,0.95,144,45,,,True,20.3
3959,35.667488,-105.883593,3709.9,2553.4,0.95,144,45,,,True,22.6
3963,35.667479,-105.883564,3713.1,2554.4,0.84,144,46,,,True,23.6
3967,35.667485,-105.883533,3715.6,2555.2,0.712,145,0,,,True,24.0
3970,35.667481,-105.883515,3717.4,2555.4,0.614,145,0,,,True,20.0
3973,35.667473,-105.88349,3719.9,2555.8,0.717,146,43,,,True,15.5
3976,35.667465,-105.883454,3723.1,2556.4,0.95,146,41,,,True,13.7
3979,35.66746,-105.883429,3725.9,2556.8,1.0,146,44,,,True,11.2
3985,35.667456,-105.883379,3730.5,2557.2,0.822,145,47,,,True,9.0
3988,35.667436,-105.883341,3734.2,2557.4,0.922,146,50,,,True,9.1
3990,35.667431,-105.883321,3736.4,2557.6,1.18,146,50,,,True,9.2
3996,35.667433,-105.883239,3743.5,2558.4,1.163,145,50,,,True,9.1
3998,35.667429,-105.883215,3745.7,2558.6,1.162,144,50,,,True,9.9
4003,35.667445,-105.883149,3751.8,2559.0,1.186,143,53,,,True,10.7
4007,35.667448,-105.883101,3756.6,2559.6,1.211,142,52,,,True,11.7
4011,35.667456,-105.88306,3760.3,2560.2,1.063,140,50,,,True,14.8
4014,35.667467,-105.883034,3762.8,2560.6,0.886,139,51,,,True,16.5
4019,35.667478,-105.882978,3768.0,2561.4,0.962,139,46,,,True,13.8
4021,35.667483,-105.882962,3769.9,2561.8,1.014,139,50,,,True,12.0
4026,35.667492,-105.882905,3774.8,2562.2,0.971,139,51,,,True,11.6
4032,35.667507,-105.88284,3781.1,2562.8,1.018,140,49,,,True,8.6
4033,35.667506,-105.882833,3781.8,2563.0,1.0,140,49,,,True,8.9
4040,35.667504,-105.882759,3788.5,2563.4,0.925,140,49,,,True,9.3
4045,35.667503,-105.88271,3792.8,2563.8,0.917,138,47,,,True,9.9
4046,35.667502,-105.882699,3794.0,2564.0,0.917,138,47,,,True,13.2
4053,35.667492,-105.882633,3800.0,2564.8,0.9,137,43,,,True,18.3
4054,35.667491,-105.882625,3800.6,2565.0,0.825,137,43,,,True,21.9
4061,35.667481,-105.882572,3805.9,2566.2,0.738,135,48,,,True,29.4
4066,35.667472,-105.882534,3809.5,2567.4,0.742,134,46,,,True,32.7
4068,35.667469,-105.882523,3810.2,2567.8,0.614,134,46,,,True,36.8
4072,35.667464,-105.882517,3811.0,2568.4,0.25,134,0,,,False,39.3
4074,35.667458,-105.882511,3811.8,2568.8,0.267,134,0,,,True,35.6
4080,35.667454,-105.882486,3814.6,2569.4,0.45,133,0,,,True,27.1
4081,35.667457,-105.882473,3815.5,2569.6,0.529,133,0,,,True,24.2
4084,35.667462,-105.882457,3817.1,2570.6,0.53,132,0,,,True,23.1
4087,35.667471,-105.882433,3819.6,2571.0,0.683,132,0,,,True,20.6
4093,35.667512,-105.882412,3824.2,2571.6,0.789,132,0,,,True,14.5
4094,35.667519,-105.88241,3825.0,2571.8,0.771,133,0,,,True,17.3
4097,35.667542,-105.882397,3828.1,2572.2,0.85,136,49,,,True,22.9
4100,35.667554,-105.882383,3830.0,2572.8,0.833,136,45,,,True,22.6
4102,35.667561,-105.88237,3831.5,2573.0,0.68,137,45,,,True,22.8
4106,35.667582,-105.882359,3833.8,2573.8,0.633,138,0,,,True,21.2
4110,35.667601,-105.882344,3836.6,2574.4,0.637,139,48,,,True,19.5
4116,35.667636,-105.882319,3840.4,2575.0,0.66,139,41,,,True,19.8
4118,35.66765,-105.882306,3842.8,2575.2,0.775,140,41,,,True,20.0
4122,35.667659,-105.882288,3844.9,2576.0,0.75,142,61,,,True,22.0
4125,35.667666,-105.882271,3846.6,2576.4,0.543,143,75,,,True,26.0
4129,35.667673,-105.882237,3849.9,2577.0,0.714,144,75,,,True,24.4
4131,35.667662,-105.882224,3851.3,2577.4,0.783,144,79,,,True,28.6
4133,35.667653,-105.882219,3852.8,2577.8,0.775,142,79,,,True,26.6
4135,35.667643,-105.88221,3853.9,2578.2,0.667,141,79,,,True,27.6
4139,35.667629,-105.882203,3855.4,2579.0,0.433,140,72,,,True,27.5
4140,35.66762,-105.882198,3856.2,2579.2,0.46,140,75,,,True,25.8
4144,35.667592,-105.882189,3859.4,2579.8,0.8,139,0,,,True,20.8
4148,35.667568,-105.882177,3862.2,2580.4,0.75,139,41,,,True,20.4
4153,35.667547,-105.882147,3866.0,2581.2,0.733,140,43,,,True,23.7
4154,35.667543,-105.882139,3867.0,2581.4,0.8,140,43,,,True,26.0
4160,35.667515,-105.882107,3871.2,2582.6,0.743,141,80,,,True,19.6
4162,35.667507,-105.882107,3871.9,2582.8,0.613,141,45,,,True,19.6
4167,35.667492,-105.882083,3874.5,2583.6,0.471,141,45,,,True,17.5
4174,35.667468,-105.882008,3882.3,2584.4,0.867,142,46,,,True,13.7
4176,35.667464,-105.881989,3883.8,2584.8,1.033,142,46,,,True,12.1
4181,35.667441,-105.881937,3889.4,2585.2,1.014,143,48,,,True,14.3
4187,35.667423,-105.881904,3892.7,2585.8,0.809,142,44,,,True,17.9
4189,35.667422,-105.881883,3894.9,2586.2,0.688,142,44,,,True,20.7
4192,35.667417,-105.881865,3896.1,2587.0,0.68,142,45,,,True,21.6
4195,35.667402,-105.88185,3898.2,2587.4,0.55,142,43,,,True,23.1
4199,35.667372,-105.881818,3902.9,2588.0,0.971,142,0,,,True,16.5
4203,35.667357,-105.881799,3905.3,2588.6,0.888,142,43,,,True,17.5
4206,35.667346,-105.881775,3908.2,2589.0,0.757,142,40,,,True,23.7
4210,35.667332,-105.881758,3910.8,2589.6,0.786,142,41,,,True,23.4
4214,35.667311,-105.881746,3912.7,2590.2,0.563,143,42,,,True,28.6
4219,35.667281,-105.881724,3916.4,2591.2,0.622,142,44,,,True,35.2
4224,35.667255,-105.881707,3920.1,2592.4,0.74,142,43,,,True,35.3
4227,35.667244,-105.881702,3921.6,2593.4,0.65,141,72,,,True,35.1
4228,35.667233,-105.881698,3922.9,2593.8,0.722,142,72,,,True,24.8
4233,35.667209,-105.881696,3925.4,2594.2,0.633,142,75,,,True,7.6
4240,35.667206,-105.8817,3926.1,2594.6,0.267,142,0,,,False,-1.9
4243,35.667194,-105.881703,3926.9,2593.8,0.15,138,0,,,False,-8.8
4246,35.667162,-105.881716,3930.6,2593.2,0.75,135,0,,,True,-22.8
4247,35.667153,-105.881721,3931.9,2593.2,0.829,135,0,,,True,-28.0
4252,35.667145,-105.881745,3934.2,2592.8,0.6,135,77,,,True,-20.6
4253,35.667149,-105.881749,3934.2,2592.6,0.383,135,77,,,False,-23.7
4260,35.667125,-105.881765,3936.8,2591.6,0.325,135,0,,,True,-23.1
4263,35.667124,-105.88175,3937.6,2591.6,0.34,135,0,,,False,-27.2
4271,35.667128,-105.881752,3938.2,2591.4,0.127,133,0,,,False,-27.2
4282,35.667148,-105.881774,3938.2,2591.4,0.032,130,0,,,False,-29.6
4283,35.667149,-105.881774,3938.2,2591.4,0.0,127,0,,,False,-34.6
4286,35.66715,-105.881775,3938.4,2591.4,0.013,124,0,,,False,-35.6
4293,35.667148,-105.881774,3938.7,2591.0,0.05,121,0,,,False,-23.2
4294,35.667148,-105.881774,3938.7,2591.0,0.037,118,0,,,False,-24.8
4295,35.667148,-105.881774,3938.7,2591.0,0.033,115,0,,,False,-29.3
4296,35.667148,-105.881774,3938.7,2591.0,0.03,104,0,,,False,-29.9
4297,35.667148,-105.881774,3938.7,2591.0,0.027,99,0,,,False,-33.3
4300,35.667148,-105.881774,3938.7,2590.8,0.0,96,0,,,False,-22.0
4302,35.667148,-105.881774,3938.7,2590.6,0.0,95,0,,,False,-20.3
4306,35.667148,-105.881774,3938.7,2590.4,0.0,92,0,,,False,-10.0
4312,35.667148,-105.881774,3938.7,2590.4,0.0,89,0,,,False,-20.8
4315,35.66714,-105.881767,3939.6,2590.0,0.1,88,0,,,True,-20.0
4325,35.667138,-105.881753,3941.8,2590.6,0.238,88,0,,,False,-20.0
4328,35.66714,-105.881749,3942.4,2590.6,0.215,92,0,,,False,-23.8
4331,35.667147,-105.881749,3942.4,2590.6,0.1,87,0,,,False,-12.8
4333,35.667148,-105.881749,3942.4,2590.4,0.0,84,0,,,False,-12.8
4342,35.667147,-105.881748,3942.9,2590.4,0.045,84,0,,,False,-12.8
4348,35.667147,-105.881748,3942.9,2590.2,0.033,81,0,,,False,-9.2
4350,35.667147,-105.881748,3942.9,2590.2,0.0,78,0,,,False,-7.3
4362,35.667151,-105.881749,3943.8,2589.6,0.064,75,0,,,False,-8.5
4363,35.667155,-105.88175,3943.9,2589.6,0.077,74,0,,,False,-12.5
4368,35.667159,-105.881756,3946.0,2590.2,0.367,72,0,,,True,-3.9
4370,35.667161,-105.881763,3946.8,2590.6,0.414,72,0,,,True,-6.2
4376,35.667159,-105.881766,3947.1,2589.6,0.137,73,0,,,False,-6.1
4382,35.667152,-105.88177,3948.2,2589.4,0.117,73,0,,,False,-6.0
4385,35.667153,-105.88177,3948.5,2589.0,0.156,71,0,,,False,-4.0
4393,35.667146,-105.88175,3949.6,2589.6,0.127,70,0,,,False,-5.8
4402,35.66715,-105.881765,3951.2,2589.8,0.159,69,0,,,False,-3.8
4406,35.667149,-105.88176,3951.4,2589.6,0.138,74,0,,,False,1.9
4407,35.66715,-105.881756,3951.4,2589.4,0.04,87,0,,,False,1.9
4412,35.667152,-105.881761,3951.6,2589.4,0.033,89,0,,,False,-7.3
4420,35.667145,-105.881779,3952.1,2590.2,0.054,95,0,,,False,-11.9
4421,35.667145,-105.881781,3952.1,2590.0,0.056,111,0,,,False,-3.5
4422,35.667142,-105.881782,3952.3,2590.0,0.07,116,0,,,False,2.0
4423,35.667143,-105.881784,3952.3,2590.0,0.064,116,0,,,False,0.0
4428,35.667153,-105.881786,3952.4,2590.0,0.017,113,0,,,False,-10.4
4431,35.667157,-105.881788,3952.8,2590.0,0.063,110,0,,,False,-12.0
4438,35.667155,-105.881782,3953.3,2589.8,0.09,107,0,,,False,-16.1
4441,35.667157,-105.881783,3954.2,2589.8,0.14,104,0,,,False,-14.9
4442,35.667158,-105.881783,3954.2,2589.8,0.127,103,0,,,False,-13.1
4451,35.667172,-105.88177,3956.9,2589.4,0.27,104,0,,,True,-11.4
4459,35.667163,-105.881773,3958.5,2589.2,0.253,105,0,,,False,-9.7
4468,35.667178,-105.881773,3958.8,2589.4,0.112,106,0,,,False,-13.3
4470,35.667179,-105.881769,3958.8,2589.6,0.027,103,0,,,False,-11.7
4476,35.667166,-105.881768,3959.2,2588.6,0.05,102,0,,,False,-11.9
4487,35.667153,-105.881777,3959.2,2588.6,0.024,101,0,,,False,-12.4
4494,35.667152,-105.881787,3959.2,2588.4,0.0,100,0,,,False,-13.9
4496,35.667153,-105.881784,3959.6,2588.4,0.044,97,0,,,False,-13.9
4497,35.667152,-105.881784,3959.9,2588.4,0.07,82,0,,,True,-13.5
4498,35.667152,-105.881783,3959.9,2588.4,0.064,79,0,,,False,-12.7
4500,35.667151,-105.881782,3960.6,2588.4,0.233,76,0,,,True,-8.5
4503,35.66715,-105.881786,3960.9,2588.4,0.2,75,0,,,False,-8.5
4514,35.667148,-105.881835,3961.9,2588.4,0.093,78,0,,,False,-8.2
4517,35.667147,-105.881841,3961.9,2588.4,0.071,78,0,,,False,-6.4
4521,35.667153,-105.881846,3964.1,2588.6,0.314,75,0,,,True,-7.5
4525,35.66716,-105.881832,3964.3,2588.4,0.3,72,0,,,False,0.0
4526,35.667162,-105.881829,3964.3,2588.4,0.04,72,0,,,False,2.0
4529,35.667166,-105.881824,3964.3,2588.4,0.025,76,0,,,False,5.7
4531,35.667169,-105.881831,3964.3,2588.4,0.0,79,0,,,False,5.9
4532,35.667171,-105.881834,3964.8,2588.4,0.083,82,0,,,True,3.8
4536,35.667166,-105.88183,3965.3,2588.6,0.2,81,0,,,False,0.0
4541,35.667169,-105.881824,3966.3,2588.6,0.167,86,0,,,False,0.0
4542,35.66717,-105.881823,3966.3,2588.6,0.167,89,0,,,False,-7.4
4543,35.667171,-105.881824,3966.3,2588.6,0.143,89,0,,,False,-5.7
4547,35.66717,-105.881825,3966.5,2588.6,0.04,89,0,,,False,-5.7
4553,35.667163,-105.881831,3966.6,2588.6,0.03,86,0,,,False,-5.9
4556,35.667164,-105.881804,3969.4,2588.6,0.322,87,0,,,True,0.0
4564,35.667175,-105.881792,3970.1,2589.0,0.318,89,0,,,False,-1.8
4566,35.66717,-105.881785,3971.1,2588.8,0.17,86,0,,,True,-1.8
4571,35.667161,-105.881797,3971.9,2588.4,0.257,89,0,,,False,-1.8
4572,35.667158,-105.881795,3972.1,2588.2,0.167,90,0,,,False,0.0
4579,35.667161,-105.881779,3974.9,2587.8,0.375,91,0,,,True,0.0
4589,35.667152,-105.881817,3975.3,2588.6,0.188,92,0,,,False,-6.3
4597,35.667151,-105.88183,3977.6,2588.4,0.15,91,0,,,False,-1.9
4608,35.667154,-105.881839,3978.5,2588.6,0.168,87,0,,,False,0.0
4609,35.667154,-105.881841,3978.5,2588.6,0.075,86,0,,,False,3.4
4615,35.66715,-105.881831,3979.5,2588.6,0.143,89,0,,,False,5.2
4621,35.667142,-105.881819,3979.5,2588.6,0.083,87,0,,,False,18.7
4626,35.667134,-105.881805,3979.6,2588.4,0.009,84,0,,,False,11.7
4632,35.667142,-105.881811,3980.5,2588.8,0.091,85,0,,,False,15.5
4641,35.667148,-105.881806,3981.1,2588.8,0.1,88,0,,,False,15.0
4642,35.667149,-105.881808,3981.4,2588.8,0.09,88,0,,,True,16.4
4649,35.667151,-105.88182,3983.7,2588.8,0.325,88,0,,,True,16.0
4653,35.667152,-105.881823,3984.6,2589.6,0.291,88,0,,,False,13.1
4657,35.667146,-105.881805,3985.6,2589.8,0.238,88,0,,,False,18.3
4666,35.667148,-105.881764,3990.5,2590.4,0.454,92,0,,,True,12.0
4674,35.667149,-105.881733,3993.3,2590.4,0.453,95,0,,,True,14.8
4676,35.66715,-105.88173,3994.6,2590.8,0.41,95,0,,,True,20.3
4683,35.667156,-105.881699,3997.8,2591.6,0.5,95,0,,,True,26.0
4684,35.66716,-105.881692,3998.7,2591.8,0.512,94,0,,,True,25.2
4691,35.667183,-105.881651,4003.3,2593.0,0.688,95,43,,,True,20.0
4692,35.667187,-105.881647,4003.9,2593.2,0.65,95,43,,,True,19.8
4698,35.667217,-105.881642,4006.5,2593.8,0.457,98,0,,,True,16.7
4701,35.667232,-105.881662,4008.8,2593.8,0.544,101,0,,,True,14.5
4706,35.667238,-105.88167,4011.1,2594.0,0.575,103,0,,,True,0.0
4710,35.667247,-105.881671,4011.7,2594.4,0.322,104,0,,,False,4.7
4724,35.667258,-105.881674,4014.3,2594.6,0.178,105,0,,,False,2.2
4732,35.667242,-105.881665,4016.3,2593.8,0.209,105,0,,,False,-1.7
4740,35.667228,-105.881687,4019.2,2594.4,0.306,104,0,,,True,-9.1
4742,35.667229,-105.881671,4020.4,2594.2,0.41,107,0,,,True,-11.0
4748,35.667221,-105.881651,4022.9,2593.8,0.463,107,0,,,True,-7.6
4754,35.667216,-105.881658,4023.1,2593.8,0.225,110,0,,,False,-1.9
4761,35.667213,-105.881657,4023.4,2593.6,0.038,105,0,,,False,4.7
4762,35.667212,-105.881658,4023.4,2593.6,0.038,100,0,,,False,7.0
4764,35.667211,-105.881658,4023.4,2593.6,0.03,97,0,,,False,19.7
4775,35.667215,-105.881651,4024.8,2593.8,0.108,95,0,,,False,20.0
4781,35.667201,-105.881657,4026.6,2593.6,0.188,97,0,,,False,21.9
4788,35.667174,-105.881607,4031.9,2595.0,0.546,97,41,,,True,22.8
4789,35.667172,-105.881602,4032.6,2595.2,0.75,96,76,,,True,29.9
4795,35.667147,-105.881561,4037.1,2596.6,0.743,95,0,,,True,24.2
4799,35.667126,-105.881544,4040.0,2597.6,0.74,95,48,,,True,23.9
4802,35.667108,-105.881539,4041.6,2598.0,0.643,94,48,,,True,21.4
4807,35.667065,-105.881527,4046.8,2598.6,0.85,97,0,,,True,15.9
4809,35.667053,-105.881518,4048.3,2599.0,0.957,98,47,,,True,18.5
4814,35.667017,-105.881492,4053.8,2599.8,1.0,100,46,,,True,18.0
4817,35.667009,-105.881474,4054.6,2600.4,0.787,105,0,,,False,17.9
4818,35.667003,-105.881464,4055.6,2600.4,0.811,109,0,,,True,23.3
4819,35.666998,-105.881456,4056.8,2600.4,0.6,112,0,,,True,23.1
4822,35.666984,-105.881434,4059.5,2601.0,0.98,115,46,,,True,16.4
4825,35.666967,-105.881407,4062.4,2601.8,0.933,117,46,,,True,19.4
4827,35.666958,-105.881395,4064.2,2602.2,0.94,117,43,,,True,21.1
4832,35.666951,-105.881342,4069.2,2602.8,0.971,119,46,,,True,17.1
4836,35.666946,-105.881323,4070.9,2603.4,0.744,119,46,,,True,16.2
4839,35.666927,-105.881292,4074.1,2603.8,0.7,119,47,,,True,14.8
4844,35.666911,-105.881254,4077.8,2604.4,0.863,120,47,,,True,13.7
4847,35.6669,-105.881222,4081.4,2604.6,0.913,120,47,,,True,13.2
4853,35.66686,-105.881179,4086.9,2605.6,1.011,121,49,,,True,13.1
4854,35.666857,-105.881171,4087.7,2605.6,0.9,121,48,,,True,15.8
4861,35.666809,-105.88112,4094.6,2606.6,0.962,121,47,,,True,19.4
4862,35.666807,-105.881114,4095.3,2606.8,0.95,122,46,,,True,20.7
4865,35.6668,-105.881095,4097.2,2607.6,0.864,123,46,,,True,22.7
4867,35.666789,-105.881076,4099.3,2608.0,0.8,123,0,,,True,22.4
4873,35.666765,-105.88106,4102.5,2608.8,0.663,122,41,,,True,20.5
4880,35.666724,-105.881029,4107.8,2609.6,0.654,121,78,,,True,22.4
4882,35.666719,-105.881019,4108.9,2610.0,0.711,127,41,,,True,22.6
4884,35.66671,-105.881011,4110.0,2610.4,0.682,131,43,,,True,33.0
4888,35.666688,-105.880996,4113.1,2611.2,0.7,133,43,,,True,47.9
4896,35.666662,-105.880982,4116.0,2612.2,0.5,133,41,,,True,35.4
4898,35.66666,-105.880977,4116.9,2612.6,0.38,132,69,,,True,20.9
4903,35.66666,-105.880976,4117.4,2613.4,0.2,133,0,,,False,19.7
4906,35.666657,-105.880971,4117.4,2614.2,0.063,133,0,,,False,6.1
4911,35.666642,-105.880965,4119.1,2613.6,0.213,134,0,,,True,0.0
4919,35.666583,-105.880987,4126.3,2613.8,0.685,132,41,,,True,-8.1
4923,35.666553,-105.881007,4130.0,2613.4,0.908,129,0,,,True,-7.7
4927,35.666537,-105.881038,4134.6,2612.8,1.038,130,0,,,True,-22.9
4929,35.666539,-105.88104,4134.6,2612.4,0.767,132,46,,,False,-29.0
4934,35.666546,-105.88104,4134.8,2611.8,0.029,131,0,,,False,-28.6
4938,35.66654,-105.88106,4136.8,2611.4,0.244,128,75,,,True,-31.7
4940,35.666541,-105.881063,4136.9,2611.4,0.35,126,75,,,False,-29.5
4941,35.666542,-105.881064,4136.9,2611.2,0.3,126,0,,,False,-30.0
4945,35.666538,-105.881059,4137.0,2611.4,0.02,123,0,,,False,-45.6
4952,35.666544,-105.881048,4137.3,2611.2,0.036,122,0,,,False,-49.1
4964,35.666542,-105.881054,4138.2,2610.8,0.063,120,0,,,False,-49.1
4969,35.666539,-105.88106,4139.5,2610.8,0.129,117,0,,,False,-50.0
4973,35.666536,-105.881045,4139.5,2610.6,0.144,114,0,,,False,-45.2
4978,35.666534,-105.881035,4140.0,2610.4,0.056,112,0,,,False,-49.3
4986,35.666544,-105.881023,4140.0,2610.2,0.038,109,0,,,False,-33.3
4995,35.666552,-105.881014,4140.3,2610.2,0.018,106,0,,,False,-29.8
4998,35.66656,-105.881014,4140.3,2610.0,0.025,106,0,,,False,-27.4
5001,35.666568,-105.881009,4140.3,2610.0,0.0,102,0,,,False,-25.5
5003,35.66657,-105.881009,4140.3,2610.0,0.0,98,0,,,False,-23.8
5005,35.666573,-105.881009,4140.3,2610.0,0.0,95,0,,,False,-21.2
5007,35.666571,-105.88101,4140.3,2610.0,0.0,92,0,,,False,-19.2
5009,35.666568,-105.881013,4140.6,2609.8,0.05,89,0,,,False,-18.2
5010,35.666566,-105.881013,4140.8,2610.0,0.1,86,0,,,False,-16.5
5011,35.666566,-105.881013,4140.8,2610.0,0.083,82,0,,,False,-13.8
5018,35.666553,-105.881023,4141.4,2609.6,0.075,80,0,,,False,-12.4
5023,35.66654,-105.881041,4141.9,2609.2,0.092,80,0,,,False,-12.4
5027,35.666531,-105.881059,4143.0,2609.2,0.178,79,0,,,False,-12.4
5035,35.666519,-105.881078,4146.0,2609.0,0.342,79,0,,,True,-13.0
5041,35.666521,-105.881081,4146.3,2608.8,0.236,82,0,,,False,-9.8
5045,35.666515,-105.881087,4147.0,2608.8,0.1,81,0,,,False,-7.8
5049,35.666518,-105.881071,4148.6,2608.8,0.288,84,0,,,True,-10.4
5055,35.666535,-105.88104,4148.6,2608.6,0.16,86,0,,,False,-9.5
5063,35.666515,-105.881044,4151.6,2608.6,0.214,89,0,,,True,-10.9
5065,35.666518,-105.881046,4151.6,2608.6,0.3,89,0,,,False,-9.3
5075,35.666518,-105.881054,4152.2,2608.4,0.05,88,0,,,False,-8.7
5078,35.666514,-105.88105,4152.6,2608.2,0.077,85,0,,,False,-12.3
5084,35.666532,-105.881046,4153.5,2608.2,0.144,84,0,,,False,-10.5
5087,35.666536,-105.881039,4153.6,2608.0,0.111,84,0,,,False,-14.0
5095,35.666521,-105.881012,4157.0,2607.8,0.318,85,0,,,True,-13.2
5104,35.666531,-105.881022,4157.8,2608.0,0.247,87,0,,,False,-9.3
5114,35.666526,-105.881003,4158.3,2607.6,0.068,89,0,,,False,-9.3
5122,35.666522,-105.880977,4160.0,2607.4,0.122,90,0,,,False,-7.6
5124,35.666525,-105.880977,4160.0,2607.4,0.17,96,0,,,False,-5.7
5125,35.666524,-105.880981,4160.2,2607.4,0.173,96,0,,,False,-3.8
5127,35.666524,-105.880987,4160.7,2607.4,0.14,92,0,,,False,18.5
5129,35.66652,-105.880988,4160.7,2607.4,0.14,91,0,,,False,18.0
5132,35.66652,-105.880996,4161.3,2607.4,0.12,94,0,,,False,17.8
5137,35.666529,-105.880999,4162.3,2607.6,0.2,93,0,,,False,22.0
5140,35.666528,-105.880999,4163.1,2607.4,0.225,90,0,,,False,23.4
5144,35.666529,-105.880989,4164.0,2607.6,0.243,89,53,,,False,24.8
5151,35.666536,-105.880973,4165.8,2609.2,0.245,91,0,,,False,26.7
5153,35.666553,-105.880966,4167.8,2609.8,0.422,91,0,,,True,28.6
5157,35.666588,-105.880965,4171.8,2610.0,1.0,94,0,,,True,28.8
5159,35.666599,-105.880962,4172.8,2610.4,0.833,95,0,,,True,20.2
5160,35.666607,-105.880955,4173.6,2610.4,0.829,95,0,,,True,15.9
5164,35.666626,-105.880947,4177.2,2611.4,0.88,95,0,,,True,26.7
5167,35.66663,-105.880944,4177.7,2611.8,0.586,95,0,,,False,17.7
5176,35.666637,-105.880943,4179.1,2611.6,0.158,95,0,,,False,15.5
5183,35.666645,-105.88095,4180.7,2612.4,0.188,95,0,,,False,21.1
5185,35.66664,-105.880948,4180.8,2612.4,0.189,97,0,,,False,20.6
5192,35.666642,-105.880946,4181.5,2612.8,0.089,98,0,,,False,18.5
5198,35.666627,-105.880949,4183.1,2612.0,0.177,103,0,,,False,10.1
5199,35.666628,-105.880949,4183.1,2612.2,0.229,111,0,,,False,10.0
5200,35.666629,-105.88095,4183.1,2612.4,0.2,119,0,,,False,10.1
5201,35.666629,-105.880951,4183.1,2612.4,0.178,122,0,,,False,10.2
5202,35.666629,-105.88095,4183.3,2612.4,0.18,122,0,,,False,15.8
5211,35.666622,-105.880953,4184.4,2612.4,0.13,120,0,,,False,14.0
5219,35.666593,-105.880913,4189.1,2612.6,0.341,117,46,,,True,12.3
5222,35.666587,-105.880898,4190.4,2613.4,0.545,116,49,,,True,13.9
5225,35.66658,-105.880875,4192.6,2613.6,0.583,113,49,,,True,25.5
5227,35.666575,-105.880859,4194.5,2613.8,0.82,112,49,,,True,20.2
5230,35.666565,-105.880836,4196.9,2614.6,0.86,113,0,,,True,23.1
5236,35.666533,-105.880827,4200.1,2615.4,0.622,114,41,,,True,25.2
5237,35.666525,-105.88083,4201.3,2615.6,0.629,114,41,,,True,23.1
5242,35.666492,-105.880859,4205.6,2616.6,0.917,115,42,,,True,19.8
5244,35.666475,-105.880857,4207.3,2617.0,0.857,116,48,,,True,21.3
5249,35.666446,-105.880822,4212.2,2617.8,0.943,119,51,,,True,22.6
5252,35.666431,-105.880798,4215.4,2618.6,1.012,120,41,,,True,25.0
5254,35.666426,-105.880792,4216.2,2619.0,0.8,122,41,,,True,33.3
5259,35.666412,-105.880761,4219.3,2620.0,0.557,125,41,,,True,32.4
5260,35.666409,-105.880756,4220.0,2620.2,0.633,126,41,,,True,31.9
5263,35.666392,-105.880759,4221.2,2620.8,0.556,127,41,,,True,30.5
5265,35.666378,-105.880763,4222.7,2621.2,0.54,127,42,,,True,24.8
5266,35.66637,-105.880767,4224.0,2621.4,0.667,126,42,,,True,24.5
5267,35.666366,-105.880771,4224.8,2621.6,0.686,127,42,,,True,25.5
5271,35.666343,-105.880771,4227.2,2622.2,0.64,127,77,,,True,25.4
5275,35.666315,-105.880754,4230.6,2622.8,0.725,128,41,,,True,26.7
5276,35.666311,-105.880749,4231.1,2623.2,0.78,128,41,,,True,24.7
5281,35.666277,-105.880731,4235.3,2624.4,0.783,130,41,,,True,21.2
5282,35.666273,-105.880722,4236.2,2624.4,0.85,130,41,,,True,19.6
5283,35.666271,-105.880715,4236.9,2624.6,0.829,130,41,,,True,22.4
5290,35.666258,-105.88066,4242.3,2625.4,0.763,130,48,,,True,22.0
5291,35.666256,-105.880657,4242.6,2625.6,0.713,130,48,,,True,23.5
5296,35.666232,-105.880639,4245.1,2626.6,0.467,130,0,,,True,26.3
5299,35.666225,-105.880622,4247.1,2627.0,0.563,130,44,,,True,24.4
5303,35.666207,-105.880598,4249.8,2627.6,0.671,131,44,,,True,19.4
5307,35.666202,-105.880573,4252.2,2628.0,0.637,133,41,,,True,20.0
5312,35.666188,-105.880542,4255.4,2628.6,0.622,136,43,,,True,18.8
5316,35.666167,-105.880523,4258.1,2629.2,0.656,138,42,,,True,20.7
5320,35.666148,-105.880495,4261.5,2629.8,0.763,138,43,,,True,19.0
5324,35.66613,-105.880487,4263.8,2630.4,0.712,138,44,,,True,19.4
5328,35.666109,-105.880466,4267.0,2630.8,0.688,138,41,,,True,20.6
5331,35.666101,-105.88045,4268.4,2631.2,0.657,137,41,,,True,18.2
5336,35.666078,-105.880418,4272.2,2632.0,0.65,137,78,,,True,18.3
5343,35.666056,-105.880359,4278.1,2633.0,0.808,135,44,,,True,21.4
5344,35.666055,-105.880352,4279.0,2633.0,0.85,135,44,,,True,22.4
5351,35.66604,-105.880317,4282.4,2634.2,0.537,135,0,,,True,25.8
5359,35.666013,-105.880296,4286.5,2635.2,0.5,134,42,,,True,27.8
5360,35.666009,-105.880294,4286.9,2635.4,0.5,134,41,,,True,23.2
5366,35.665981,-105.880264,4290.5,2636.2,0.571,132,42,,,True,23.9
5368,35.665972,-105.880255,4292.2,2636.6,0.663,133,41,,,True,23.0
5373,35.665947,-105.880225,4296.2,2637.4,0.814,133,41,,,True,24.0
5376,35.665937,-105.880207,4298.2,2638.0,0.75,134,41,,,True,17.9
5380,35.665922,-105.880193,4300.5,2638.6,0.614,135,41,,,True,17.2
5383,35.665912,-105.880171,4302.0,2638.8,0.543,135,41,,,True,13.0
5390,35.665882,-105.880102,4309.0,2639.6,0.85,138,43,,,True,10.9
5391,35.66588,-105.880092,4310.5,2639.6,1.063,138,43,,,True,15.4
5395,35.665869,-105.880074,4313.3,2640.0,0.86,135,43,,,True,12.4
5398,35.665872,-105.880059,4313.7,2640.6,0.457,133,42,,,False,13.4
5404,35.66586,-105.879976,4321.9,2641.2,0.956,133,43,,,True,13.3
5409,35.665835,-105.879924,4326.9,2641.8,1.2,134,44,,,True,11.9
5411,35.665832,-105.879896,4329.8,2642.2,1.129,133,46,,,True,19.4
5413,35.665826,-105.879872,4332.2,2642.8,1.144,133,47,,,True,19.6
5416,35.665818,-105.87984,4335.3,2643.8,1.1,133,47,,,True,15.1
5418,35.665804,-105.879822,4337.1,2643.8,0.98,133,50,,,True,14.1
5425,35.665756,-105.879774,4344.4,2644.4,1.011,132,48,,,True,12.2
5428,35.665747,-105.879753,4346.4,2644.8,0.93,132,48,,,True,11.9
5432,35.665728,-105.879714,4350.1,2645.6,0.814,131,50,,,True,12.5
5435,35.665703,-105.87969,4353.9,2645.8,1.071,132,50,,,True,15.6
5438,35.66568,-105.879673,4357.2,2646.0,1.183,131,50,,,True,12.6
5443,35.665647,-105.879651,4360.5,2647.0,0.825,131,53,,,True,14.5
5448,35.665602,-105.879629,4366.0,2647.6,0.88,132,50,,,True,14.6
5451,35.665567,-105.879601,4370.4,2648.2,1.237,131,50,,,True,10.8
5454,35.665547,-105.879584,4373.6,2648.4,1.267,132,50,,,True,11.3
5461,35.665484,-105.879557,4380.9,2649.2,1.05,131,53,,,True,11.5
5462,35.665476,-105.879551,4381.9,2649.4,1.037,131,52,,,True,15.4
5467,35.665439,-105.879522,4387.8,2650.2,1.15,130,49,,,True,17.9
5471,35.665427,-105.879488,4390.5,2651.0,0.956,130,49,,,True,15.7
5474,35.665406,-105.87947,4393.2,2651.4,0.771,130,48,,,True,16.2
5479,35.665368,-105.879437,4398.5,2652.0,1.0,131,47,,,True,14.9
5483,35.66535,-105.879418,4401.4,2652.4,0.911,131,44,,,True,13.8
5487,35.665328,-105.879404,4403.9,2653.0,0.675,131,48,,,True,15.0
5491,35.6653,-105.879375,4407.7,2653.4,0.788,132,44,,,True,15.6
5493,35.665289,-105.879349,4410.5,2653.8,1.1,132,44,,,True,14.5
5498,35.665263,-105.879309,4415.5,2654.6,1.114,131,47,,,True,13.8
5499,35.665256,-105.879303,4416.3,2654.8,0.967,132,47,,,True,16.3
5505,35.665216,-105.879269,4422.2,2655.4,0.957,133,0,,,True,14.5
5506,35.665215,-105.879259,4422.8,2655.8,0.929,133,0,,,True,16.1
5512,35.665202,-105.879207,4427.9,2656.4,0.814,133,48,,,True,23.8
5515,35.665194,-105.879187,4430.0,2657.0,0.8,132,47,,,True,20.6
5519,35.665191,-105.879156,4432.3,2657.8,0.629,131,47,,,True,23.3
5520,35.665192,-105.879143,4433.5,2658.0,0.7,132,47,,,True,22.9
5526,35.665181,-105.87908,4439.9,2659.2,1.086,133,48,,,True,13.3
5527,35.66518,-105.879073,4440.5,2659.4,1.0,133,48,,,True,14.2
5535,35.665167,-105.879033,4444.3,2659.4,0.489,132,0,,,True,11.7
5541,35.665154,-105.878983,4449.0,2660.2,0.607,132,48,,,True,10.9
5542,35.665155,-105.878975,4449.5,2660.4,0.743,131,51,,,True,15.3
5549,35.665139,-105.878898,4457.0,2661.2,1.0,132,46,,,True,16.7
5551,35.665137,-105.878879,4458.7,2661.6,1.022,131,46,,,True,16.7
5556,35.665137,-105.878842,4462.2,2662.4,0.743,130,44,,,True,26.4
5558,35.665145,-105.87884,4462.7,2662.6,0.571,131,44,,,False,17.1
5562,35.665166,-105.878868,4466.2,2663.4,0.667,130,0,,,True,14.0
5564,35.66517,-105.878877,4467.6,2664.0,0.817,130,44,,,True,13.2
5568,35.665196,-105.878915,4471.6,2663.8,0.9,129,0,,,True,13.6
5577,35.665242,-105.878963,4477.9,2664.6,0.792,129,47,,,True,14.6
5583,35.665273,-105.878971,4482.4,2665.6,0.72,129,45,,,True,21.9
5590,35.665305,-105.879003,4486.8,2666.8,0.685,129,44,,,True,24.1
5595,35.665324,-105.87903,4489.9,2667.8,0.625,129,46,,,True,25.8
5598,35.665342,-105.879033,4492.0,2668.0,0.65,130,47,,,True,23.5
5602,35.665372,-105.87904,4494.8,2668.8,0.7,133,46,,,True,18.2
5607,35.665414,-105.879062,4500.4,2670.0,0.933,135,44,,,True,14.2
5614,35.665474,-105.879095,4507.5,2671.0,1.058,136,51,,,True,13.3
5619,35.665522,-105.879113,4513.1,2671.0,1.058,137,52,,,True,11.3
5625,35.665561,-105.879115,4517.4,2671.8,0.9,139,50,,,True,9.8
5626,35.665568,-105.879114,4518.1,2672.0,0.714,139,49,,,True,13.5
5634,35.66564,-105.87912,4525.9,2672.8,0.944,141,47,,,True,11.8
5637,35.665658,-105.879116,4527.9,2673.0,0.891,141,48,,,True,10.3
5641,35.665699,-105.879109,4532.6,2673.6,0.957,139,47,,,True,10.9
5648,35.665683,-105.87908,4537.5,2674.0,0.873,138,0,,,True,11.3
5649,35.665674,-105.879081,4538.7,2674.2,0.762,138,0,,,True,10.3
5653,35.66565,-105.879066,4542.1,2674.6,0.92,135,0,,,True,5.3
5655,35.66563,-105.879067,4544.2,2674.8,0.917,134,41,,,True,3.2
5661,35.665592,-105.879063,4548.9,2674.6,0.85,133,0,,,True,2.7
5670,35.665516,-105.879017,4557.5,2674.8,0.887,131,0,,,True,1.9
5676,35.66547,-105.87898,4564.4,2675.2,1.033,131,0,,,True,7.6
5677,35.665464,-105.878973,4565.3,2675.2,1.114,131,52,,,True,11.3
5684,35.665441,-105.878934,4569.9,2676.2,0.688,131,0,,,True,18.2
5685,35.665441,-105.878935,4569.9,2676.2,0.575,131,0,,,False,19.8
5692,35.665432,-105.878925,4571.3,2676.8,0.175,131,0,,,False,17.1
5700,35.665416,-105.878878,4575.4,2677.2,0.367,128,77,,,True,10.4
5701,35.665414,-105.878875,4575.9,2677.4,0.511,127,0,,,True,6.6
5704,35.6654,-105.878848,4578.1,2677.6,0.567,124,76,,,True,4.1
5708,35.665371,-105.878804,4583.4,2677.6,1.071,124,53,,,True,3.0
5714,35.665335,-105.878748,4590.2,2677.8,1.21,125,52,,,True,2.0
5720,35.665303,-105.878699,4596.2,2678.0,1.067,128,52,,,True,5.1
5722,35.6653,-105.878682,4597.7,2678.0,0.938,127,52,,,True,5.9
5724,35.665294,-105.878663,4599.2,2678.4,0.9,127,50,,,True,10.0
5731,35.665252,-105.878593,4607.2,2678.8,1.056,126,50,,,True,13.5
5736,35.66524,-105.878564,4610.2,2679.4,0.917,126,48,,,True,14.5
5738,35.665227,-105.87856,4611.0,2679.8,0.543,123,48,,,True,19.8
5741,35.665212,-105.878546,4613.0,2680.4,0.56,121,0,,,True,10.6
5746,35.665197,-105.87853,4615.8,2680.8,0.6,123,0,,,True,8.4
5753,35.665183,-105.878525,4617.3,2680.8,0.358,123,0,,,False,2.0
5761,35.665132,-105.878467,4625.3,2681.0,0.633,123,49,,,True,3.1
5767,35.665083,-105.878407,4633.2,2680.8,1.136,124,53,,,True,3.8
5770,35.665064,-105.878394,4635.4,2681.4,1.122,124,54,,,True,8.7
5772,35.665045,-105.878383,4638.1,2681.6,0.98,124,0,,,True,16.0
5780,35.66503,-105.878355,4641.4,2682.4,0.6,124,77,,,True,13.6
5781,35.665027,-105.878357,4641.8,2682.6,0.411,124,77,,,True,15.6
5785,35.664994,-105.87833,4645.7,2682.8,0.86,125,77,,,True,13.1
5791,35.664974,-105.878278,4650.9,2683.6,0.91,125,47,,,True,16.0
5792,35.664971,-105.878269,4652.1,2683.8,0.914,125,46,,,True,21.0
5797,35.664967,-105.878243,4654.3,2684.6,0.567,128,72,,,True,35.5
5799,35.664963,-105.87823,4656.2,2685.0,0.586,131,75,,,True,30.6
5800,35.664963,-105.878228,4656.2,2685.2,0.512,131,75,,,False,32.7
5802,35.664958,-105.878218,4657.1,2685.8,0.56,132,75,,,True,27.9
5806,35.664942,-105.878204,4658.8,2686.4,0.433,133,47,,,True,29.1
5811,35.664921,-105.878186,4662.0,2687.0,0.544,132,42,,,True,19.0
5813,35.664915,-105.878181,4663.1,2687.4,0.614,131,42,,,True,16.5
5819,35.664888,-105.878153,4666.5,2688.0,0.563,132,46,,,True,15.1
5822,35.664872,-105.878128,4669.7,2688.2,0.733,133,0,,,True,9.3
5829,35.664864,-105.878118,4672.6,2688.6,0.61,135,0,,,True,3.8
5836,35.66486,-105.878106,4676.0,2688.6,0.45,132,0,,,True,-2.0
5837,35.664859,-105.878104,4676.0,2688.6,0.425,130,0,,,False,0.0
5841,35.664865,-105.878094,4677.0,2688.4,0.2,127,0,,,False,-3.6
5845,35.66489,-105.87811,4679.7,2688.0,0.462,124,0,,,True,-2.5
5852,35.664901,-105.878116,4681.8,2688.6,0.436,123,0,,,True,-5.0
5860,35.664911,-105.878098,4683.6,2688.2,0.26,119,0,,,False,-5.0
5861,35.664912,-105.878099,4683.9,2688.4,0.233,116,0,,,False,-5.0
5865,35.664907,-105.878105,4684.0,2688.4,0.08,113,0,,,False,-6.2
5869,35.6649,-105.878112,4684.0,2688.2,0.013,110,0,,,False,-6.2
5870,35.6649,-105.878113,4684.0,2688.2,0.0,107,0,,,False,-4.2
5871,35.664899,-105.878116,4684.0,2688.2,0.0,100,0,,,False,-5.6
5872,35.664898,-105.878119,4684.0,2688.2,0.0,94,0,,,False,-9.4
5873,35.664897,-105.87812,4684.0,2688.2,0.0,90,0,,,False,-2.1
5875,35.664897,-105.87812,4684.0,2688.2,0.0,88,0,,,False,-3.3
5885,35.664897,-105.87809,4685.8,2687.8,0.15,89,0,,,False,-5.0
5894,35.664886,-105.878107,4688.9,2687.8,0.258,84,0,,,True,-3.4
5896,35.664886,-105.878108,4689.3,2687.6,0.318,84,0,,,False,-3.4
5902,35.664881,-105.878128,4690.5,2687.4,0.2,81,0,,,False,-3.4
5905,35.664881,-105.878141,4692.4,2687.6,0.344,81,0,,,True,0.0
5925,35.664881,-105.878143,4693.1,2688.2,0.113,83,0,,,False,-4.2
5938,35.66488,-105.878139,4693.1,2688.0,0.021,83,0,,,False,-5.5
5950,35.66489,-105.878099,4695.9,2687.8,0.112,80,0,,,False,-4.2
5953,35.664894,-105.878094,4697.4,2687.8,0.287,79,0,,,True,-6.2
5968,35.664904,-105.878102,4698.3,2687.6,0.133,81,0,,,False,-3.5
5976,35.664907,-105.878115,4698.5,2687.4,0.048,77,0,,,False,-3.3
5980,35.664911,-105.878112,4699.9,2687.2,0.133,75,0,,,True,-7.1
5989,35.664909,-105.878145,4700.0,2687.0,0.115,79,0,,,False,3.9
5991,35.664909,-105.878149,4700.1,2687.0,0.018,82,0,,,False,-8.4
5995,35.664913,-105.878157,4700.1,2686.8,0.017,78,0,,,False,-11.0
6009,35.664891,-105.878158,4702.0,2687.0,0.106,77,0,,,False,-4.6
6017,35.664903,-105.878133,4704.4,2687.2,0.195,79,0,,,False,-3.8
6020,35.664906,-105.878112,4706.2,2688.2,0.382,80,0,,,True,-2.5
6023,35.664906,-105.878114,4706.8,2687.2,0.4,84,0,,,False,-2.9
6024,35.664904,-105.878116,4706.9,2687.0,0.357,84,0,,,False,-2.5
6027,35.664886,-105.878102,4708.3,2686.6,0.3,84,75,,,True,3.8
6035,35.664839,-105.878057,4715.8,2686.6,0.809,86,53,,,True,6.3
6041,35.664805,-105.877999,4722.4,2687.8,1.007,89,52,,,True,10.7
6042,35.664805,-105.877995,4722.8,2688.0,1.0,89,51,,,True,24.1
6043,35.664804,-105.877988,4723.2,2688.2,0.925,89,51,,,True,29.5
6048,35.664784,-105.877962,4726.6,2689.2,0.633,90,47,,,True,27.3
6053,35.664754,-105.877937,4730.4,2690.2,0.72,92,44,,,True,25.5
6054,35.664749,-105.877933,4731.2,2690.4,0.767,92,46,,,True,21.8
6057,35.664732,-105.877919,4733.4,2690.8,0.756,95,48,,,True,17.1
6060,35.664705,-105.877896,4736.7,2691.4,0.917,99,50,,,True,18.6
6061,35.664699,-105.87789,4737.8,2691.4,0.943,103,50,,,True,18.2
6062,35.664694,-105.877885,4738.6,2691.6,1.04,106,0,,,True,20.2
6063,35.664687,-105.87788,4739.8,2691.8,1.067,108,47,,,True,22.7
6066,35.664668,-105.877864,4742.2,2692.4,0.88,110,48,,,True,22.6
6072,35.664651,-105.877836,4745.3,2693.2,0.611,113,44,,,True,24.6
6073,35.664649,-105.877831,4745.7,2693.4,0.5,113,44,,,True,30.4
6074,35.664643,-105.877826,4746.4,2693.6,0.525,114,44,,,True,28.8
6079,35.66462,-105.8778,4750.0,2694.4,0.717,117,45,,,True,22.5
6080,35.664617,-105.877799,4750.1,2694.8,0.617,117,44,,,False,21.5
6084,35.664589,-105.877767,4754.0,2695.8,0.8,119,44,,,True,26.9
6093,35.66454,-105.87773,4761.3,2696.8,0.862,121,45,,,True,23.4
6099,35.664517,-105.877725,4763.4,2698.0,0.627,122,44,,,True,23.6
6103,35.664487,-105.877716,4767.2,2698.8,0.59,122,44,,,True,28.1
6104,35.664478,-105.877715,4768.4,2699.2,1.0,122,44,,,True,28.6
6113,35.66443,-105.877705,4774.1,2700.4,0.69,122,72,,,True,23.6
6118,35.664423,-105.877677,4775.3,2701.4,0.493,122,0,,,False,20.4
6123,35.664405,-105.87766,4778.2,2701.4,0.41,122,77,,,True,19.6
6131,35.664367,-105.877642,4783.1,2702.2,0.6,124,43,,,True,15.5
6133,35.664361,-105.877636,4784.3,2702.4,0.61,124,43,,,True,20.2
6139,35.664333,-105.87761,4788.2,2703.4,0.637,124,43,,,True,20.9
6140,35.66433,-105.877602,4789.1,2703.6,0.686,125,43,,,True,23.8
6147,35.664287,-105.877579,4794.6,2704.6,0.8,124,79,,,True,23.7
6155,35.664254,-105.877562,4798.6,2705.8,0.633,124,0,,,True,27.1
6158,35.664244,-105.877552,4800.0,2706.2,0.491,125,0,,,True,28.8
6161,35.664245,-105.877537,4800.9,2706.8,0.383,125,41,,,False,27.8
6165,35.66426,-105.877521,4803.2,2707.6,0.457,123,0,,,True,28.0
6169,35.664291,-105.877513,4806.4,2708.0,0.688,122,40,,,True,22.9
6173,35.664317,-105.877511,4809.4,2708.8,0.775,125,41,,,True,20.5
6174,35.664326,-105.87751,4810.0,2709.0,0.72,125,41,,,True,25.8
6181,35.66436,-105.877492,4814.9,2710.0,0.688,125,47,,,True,27.3
6184,35.664373,-105.877485,4816.3,2710.4,0.63,126,40,,,True,26.9
6188,35.664389,-105.877476,4818.8,2711.2,0.557,127,73,,,True,43.5
6192,35.664399,-105.87746,4820.4,2711.8,0.512,127,79,,,True,35.1
6194,35.664403,-105.87746,4820.7,2712.2,0.317,128,67,,,False,34.9
6197,35.664419,-105.877465,4821.8,2713.0,0.28,129,67,,,True,41.2
6198,35.664431,-105.877467,4823.1,2713.0,0.45,129,0,,,True,41.7
6200,35.664442,-105.877475,4824.6,2713.4,0.65,128,0,,,True,36.4
6204,35.664431,-105.877475,4825.8,2713.8,0.45,128,0,,,False,33.3
6208,35.664423,-105.87746,4826.5,2714.6,0.237,127,67,,,False,22.9
6212,35.664413,-105.877456,4827.5,2715.0,0.212,127,0,,,False,25.2
6215,35.664398,-105.877455,4828.4,2715.2,0.271,127,70,,,False,20.7
6218,35.664374,-105.877448,4830.9,2715.6,0.567,128,73,,,True,14.1
6221,35.664343,-105.877443,4834.9,2716.0,1.083,129,41,,,True,16.4
6228,35.664306,-105.877418,4840.3,2716.8,0.94,129,73,,,True,19.5
6230,35.664305,-105.87741,4840.6,2717.2,0.633,129,73,,,False,12.1
6235,35.664284,-105.877414,4842.2,2717.8,0.271,129,80,,,True,10.9
6237,35.664263,-105.877414,4844.4,2718.0,0.543,129,0,,,True,9.4
6244,35.664189,-105.877381,4853.1,2718.2,1.211,130,47,,,True,8.2
6249,35.664158,-105.877375,4857.7,2718.8,1.108,130,44,,,True,10.6
6251,35.664141,-105.877373,4859.3,2719.2,0.886,130,42,,,True,18.0
6258,35.664112,-105.877367,4863.2,2720.0,0.611,128,45,,,True,23.9
6260,35.664097,-105.877372,4864.2,2720.2,0.544,128,46,,,True,23.8
6265,35.664067,-105.877368,4867.6,2721.0,0.629,127,44,,,True,14.1
6269,35.664049,-105.877374,4869.4,2721.6,0.578,126,42,,,True,13.6
6272,35.664027,-105.877379,4871.4,2722.0,0.543,126,41,,,True,0.0
6277,35.663979,-105.87739,4877.4,2722.0,1.0,127,41,,,True,-3.2
6286,35.663895,-105.877373,4886.7,2721.0,1.093,127,55,,,True,-3.5
6287,35.663883,-105.877374,4887.9,2721.0,1.05,127,56,,,True,-0.9
6294,35.663833,-105.877355,4894.1,2721.2,0.925,123,52,,,True,5.2
6302,35.663765,-105.877335,4900.7,2721.8,0.853,120,45,,,True,6.4
6303,35.663756,-105.877335,4902.2,2721.8,0.9,117,44,,,True,13.8
6304,35.663749,-105.877335,4903.5,2722.0,0.94,116,44,,,True,24.0
6310,35.663712,-105.877321,4907.1,2723.0,0.7,116,44,,,True,28.6
6311,35.663706,-105.877315,4908.1,2723.0,0.657,116,44,,,True,27.8
6316,35.663686,-105.877309,4910.7,2724.2,0.6,117,43,,,True,21.5
6317,35.66368,-105.877313,4911.3,2724.4,0.533,117,42,,,True,17.5
6322,35.663654,-105.877323,4913.7,2725.0,0.5,120,42,,,True,12.7
6324,35.663634,-105.877319,4916.4,2725.0,0.729,121,46,,,True,11.5
6329,35.663598,-105.877321,4919.7,2725.2,0.857,121,47,,,True,10.4
6331,35.663578,-105.87732,4921.7,2725.6,0.757,121,48,,,True,13.5
6336,35.663529,-105.877332,4927.2,2726.4,1.071,121,45,,,True,12.9
6338,35.663509,-105.877336,4929.7,2726.8,1.143,121,45,,,True,11.4
6341,35.663492,-105.877325,4932.1,2726.8,0.98,122,44,,,True,10.8
6343,35.663477,-105.877324,4934.0,2727.0,0.86,125,46,,,True,9.8
6345,35.66347,-105.877327,4934.7,2727.6,0.714,126,45,,,True,12.9
6353,35.663417,-105.877288,4942.0,2728.0,0.8,126,48,,,True,13.0
6355,35.663425,-105.877263,4944.5,2728.4,0.98,129,47,,,True,9.6
6357,35.663439,-105.877236,4947.8,2728.8,1.092,130,47,,,True,12.2
6360,35.663463,-105.877208,4951.3,2729.2,1.36,130,45,,,True,12.1
6367,35.6635,-105.877173,4956.7,2729.8,0.89,131,47,,,True,13.2
6368,35.663502,-105.877163,4957.7,2730.0,0.8,131,45,,,True,14.4
6373,35.663544,-105.877137,4963.0,2730.8,1.05,127,44,,,True,14.6
6374,35.663553,-105.877133,4963.8,2731.0,1.017,126,44,,,True,14.2
6375,35.663565,-105.877133,4965.5,2731.2,1.114,126,44,,,True,11.6
6381,35.663603,-105.877106,4970.4,2731.8,0.943,126,44,,,True,10.6
6383,35.663614,-105.877096,4971.8,2731.8,0.788,129,45,,,True,10.7
6386,35.663631,-105.87707,4975.1,2732.2,0.94,132,44,,,True,14.2
6388,35.66364,-105.877056,4976.7,2732.4,0.98,131,44,,,True,15.9
6394,35.663658,-105.877005,4981.7,2733.4,0.825,131,42,,,True,17.3
6396,35.663663,-105.87699,4983.1,2733.6,0.8,132,43,,,True,17.3
6403,35.663706,-105.876955,4989.0,2734.6,0.811,132,47,,,True,16.3
6410,35.663749,-105.876932,4994.0,2735.4,0.779,133,48,,,True,13.8
6411,35.663759,-105.876928,4995.2,2735.6,0.775,133,48,,,True,7.7
6417,35.66382,-105.876918,5001.9,2736.2,1.129,134,47,,,True,4.4
6424,35.663888,-105.876913,5009.7,2736.2,1.115,133,48,,,True,3.5
6431,35.663954,-105.876907,5016.7,2736.4,1.057,130,50,,,True,-1.0
6432,35.663964,-105.876907,5018.0,2736.4,1.038,129,50,,,True,-2.4
6436,35.664001,-105.876921,5021.6,2736.0,0.98,126,51,,,True,-5.3
6440,35.664041,-105.876935,5026.3,2735.8,1.038,125,57,,,True,-3.2
6446,35.66412,-105.876954,5035.7,2735.4,1.41,126,57,,,True,2.1
6452,35.664186,-105.876962,5042.9,2735.6,1.383,126,57,,,True,3.3
6459,35.664245,-105.876991,5050.1,2736.6,1.108,124,53,,,True,6.8
6460,35.66425,-105.876993,5050.7,2736.6,0.975,124,52,,,True,11.3
6466,35.664299,-105.87702,5056.3,2736.8,0.886,123,49,,,True,12.3
6473,35.66437,-105.877018,5064.2,2738.0,1.038,123,53,,,True,14.3
6476,35.664388,-105.877012,5066.3,2738.6,1.0,120,49,,,True,20.1
6478,35.6644,-105.877011,5067.5,2739.0,0.66,118,49,,,True,26.4
6481,35.664421,-105.877006,5070.2,2739.6,0.78,118,0,,,True,24.3
6484,35.664437,-105.876991,5072.2,2740.0,0.783,119,47,,,True,17.1
6488,35.66446,-105.876985,5074.8,2740.8,0.657,122,47,,,True,16.0
6490,35.66448,-105.87698,5077.0,2741.2,0.8,123,47,,,True,18.2
6496,35.664527,-105.876961,5082.7,2741.6,0.987,124,49,,,True,17.1
6498,35.664544,-105.876956,5084.3,2742.2,0.913,125,49,,,True,8.4
6500,35.664566,-105.87696,5086.5,2742.8,0.95,125,49,,,True,2.4
6503,35.664604,-105.876972,5091.3,2742.4,1.4,127,52,,,True,-5.1
6511,35.664662,-105.877012,5099.2,2742.0,1.155,126,51,,,True,-8.3
6516,35.664712,-105.877004,5103.8,2741.2,0.962,125,55,,,True,-6.3
6517,35.664728,-105.87701,5105.8,2741.2,1.1,125,55,,,True,-3.5
6518,35.664736,-105.877018,5107.2,2741.4,1.143,125,55,,,True,0.0
6525,35.664809,-105.877053,5116.4,2741.4,1.325,124,0,,,True,4.2
6531,35.664848,-105.877031,5121.1,2741.2,1.069,122,54,,,True,2.7
6539,35.664926,-105.877029,5129.4,2742.2,0.929,119,0,,,True,4.6
6544,35.664982,-105.877024,5136.3,2742.2,1.169,118,0,,,True,10.0
6546,35.664996,-105.877016,5138.1,2742.4,1.243,118,50,,,True,11.8
6551,35.665028,-105.877013,5141.1,2743.2,0.686,118,47,,,True,20.0
6555,35.66507,-105.877026,5146.4,2744.2,0.922,118,48,,,True,20.2
6556,35.665078,-105.877029,5147.3,2744.4,1.24,119,48,,,True,17.2
6560,35.665112,-105.877035,5151.0,2745.0,0.92,123,48,,,True,15.4
6562,35.665129,-105.877036,5152.7,2745.2,0.9,126,48,,,True,14.3
6564,35.665147,-105.877038,5154.6,2745.4,0.913,130,48,,,True,14.1
6565,35.665154,-105.877038,5155.5,2745.6,0.9,131,48,,,True,15.5
6571,35.66519,-105.877061,5160.4,2746.2,0.829,133,47,,,True,17.7
6572,35.665195,-105.87706,5160.9,2746.4,0.771,133,47,,,True,21.4
6573,35.665199,-105.877063,5161.3,2746.6,0.725,133,46,,,True,30.6
6579,35.665227,-105.877093,5165.1,2747.4,0.6,132,41,,,True,24.0
6580,35.665237,-105.877095,5165.8,2747.8,0.643,131,43,,,True,21.2
6587,35.665262,-105.877095,5168.9,2748.8,0.475,130,0,,,True,21.6
6593,35.665283,-105.877102,5170.4,2748.6,0.354,127,0,,,False,24.3
6594,35.665288,-105.877105,5171.3,2748.6,0.343,124,0,,,True,20.0
6596,35.665297,-105.877108,5172.5,2749.0,0.4,121,41,,,True,22.0
6602,35.665332,-105.877115,5176.6,2750.2,0.663,123,79,,,True,24.1
6603,35.665335,-105.877116,5176.9,2750.4,0.629,124,79,,,False,26.2
6606,35.665352,-105.877129,5178.9,2751.0,0.64,127,77,,,True,21.6
6607,35.665359,-105.877132,5179.4,2751.2,0.56,128,43,,,True,17.9
6610,35.665377,-105.877136,5182.0,2751.4,0.729,129,77,,,True,14.0
6616,35.665418,-105.877134,5186.4,2752.0,0.778,132,42,,,True,18.2
6619,35.665436,-105.877147,5188.9,2752.4,0.767,132,44,,,True,19.8
6626,35.66545,-105.877144,5191.5,2753.4,0.51,132,0,,,True,18.9
6631,35.665482,-105.877149,5194.1,2753.8,0.433,132,0,,,True,18.0
6636,35.665528,-105.877153,5199.1,2754.4,0.76,131,43,,,True,9.9
6639,35.665552,-105.877141,5202.2,2754.8,1.012,130,45,,,True,9.1
6645,35.665613,-105.877126,5209.7,2755.2,1.178,130,47,,,True,9.6
6647,35.665633,-105.877123,5211.6,2755.4,1.175,130,48,,,True,10.2
6653,35.665687,-105.877117,5217.8,2756.2,1.013,132,47,,,True,13.4
6655,35.665701,-105.877118,5219.8,2756.6,1.025,131,46,,,True,15.2
6661,35.665746,-105.877122,5224.6,2757.2,0.85,131,44,,,True,11.9
6663,35.665761,-105.877129,5226.1,2757.6,0.788,131,46,,,True,5.3
6668,35.66581,-105.877137,5231.3,2757.8,0.957,131,49,,,True,4.0
6673,35.66587,-105.877132,5238.6,2757.6,1.25,131,50,,,True,2.9
6679,35.665925,-105.877104,5244.7,2758.0,1.218,131,52,,,True,3.0
6686,35.665989,-105.877056,5253.3,2758.4,1.131,129,53,,,True,5.4
6691,35.666029,-105.877036,5257.9,2758.6,1.1,128,53,,,True,5.3
6693,35.666057,-105.877021,5260.9,2758.8,1.086,126,52,,,True,8.3
6698,35.666104,-105.877,5267.2,2759.2,1.329,125,53,,,True,12.4
6705,35.666134,-105.876999,5270.2,2759.8,0.775,123,47,,,True,12.8
6710,35.666163,-105.876952,5275.7,2760.8,0.708,122,45,,,True,20.6
6711,35.666172,-105.876947,5276.5,2760.8,1.05,122,45,,,True,22.2
6716,35.666192,-105.87691,5280.8,2762.0,0.85,123,44,,,True,24.1
6718,35.666195,-105.876899,5281.9,2762.4,0.771,123,41,,,True,26.0
6722,35.666201,-105.876861,5285.5,2763.0,0.783,123,41,,,True,24.2
6725,35.666213,-105.876855,5286.5,2763.4,0.657,125,42,,,True,21.7
6728,35.66623,-105.876836,5288.5,2764.0,0.5,128,44,,,True,14.7
6729,35.666238,-105.876826,5289.9,2764.2,0.629,128,44,,,True,12.7
6733,35.666252,-105.87679,5293.7,2764.8,1.04,128,41,,,True,8.8
6738,35.666269,-105.876737,5299.1,2765.0,1.022,130,42,,,True,8.5
6742,35.666282,-105.876703,5302.2,2765.2,0.944,131,44,,,True,5.4
6744,35.666301,-105.876696,5304.0,2765.4,0.817,131,44,,,True,5.9
6751,35.666362,-105.876666,5312.1,2765.8,1.1,132,47,,,True,4.4
6758,35.666426,-105.876648,5319.6,2766.2,1.114,131,48,,,True,4.4
6763,35.666471,-105.876661,5325.1,2766.2,1.083,133,51,,,True,3.8
6765,35.666486,-105.876665,5326.6,2766.4,1.0,135,51,,,True,1.4
6771,35.666538,-105.876679,5333.1,2766.6,1.0,132,51,,,True,1.4
6772,35.666544,-105.876672,5333.5,2766.4,0.986,132,49,,,True,5.2
6777,35.666591,-105.876637,5339.5,2766.4,1.067,131,57,,,True,7.0
6782,35.666634,-105.876595,5345.7,2767.4,1.22,130,52,,,True,6.1
6784,35.66665,-105.876596,5347.4,2767.6,1.129,130,52,,,True,6.8
6791,35.666726,-105.876636,5356.4,2767.8,1.189,129,53,,,True,5.6
6797,35.666771,-105.876681,5363.2,2768.0,1.215,127,54,,,True,8.8
6800,35.666789,-105.876717,5367.2,2768.6,1.2,127,53,,,True,10.5
6804,35.666815,-105.876728,5370.2,2769.6,1.0,127,51,,,True,19.0
6809,35.666827,-105.876761,5373.6,2769.6,0.711,128,46,,,True,9.6
6810,35.666826,-105.876762,5373.7,2770.0,0.583,128,46,,,False,9.7
6816,35.666833,-105.876768,5374.4,2770.0,0.114,125,0,,,False,-4.7
6818,35.66684,-105.87678,5375.5,2769.4,0.225,124,0,,,True,-9.3
6825,35.666846,-105.876794,5377.5,2769.6,0.344,121,0,,,False,-9.2
6828,35.666848,-105.876793,5377.7,2769.4,0.22,120,0,,,False,-7.2
6835,35.666853,-105.876786,5378.8,2769.2,0.13,123,0,,,False,-9.7
6839,35.666854,-105.876779,5378.8,2768.8,0.1,123,0,,,False,-6.8
6840,35.666853,-105.876777,5378.8,2768.8,0.0,122,0,,,False,-8.0
6851,35.666837,-105.876757,5381.1,2768.6,0.192,119,0,,,False,-3.5
6853,35.666835,-105.876731,5383.0,2768.4,0.323,119,0,,,True,2.0
6859,35.666885,-105.87669,5390.2,2768.4,1.137,117,0,,,True,5.9
6868,35.666952,-105.876644,5398.5,2769.2,1.033,117,51,,,True,8.7
6871,35.666973,-105.87663,5401.3,2769.8,0.925,116,49,,,True,8.7
6874,35.666987,-105.876607,5403.8,2770.2,0.883,116,48,,,True,8.3
6881,35.667038,-105.87656,5410.9,2770.2,0.96,118,51,,,True,6.2
6888,35.667118,-105.876535,5420.2,2771.0,1.171,120,52,,,True,6.8
6895,35.66717,-105.876494,5427.3,2771.4,1.171,122,48,,,True,10.0
6901,35.667214,-105.876463,5433.2,2772.2,1.0,123,45,,,True,15.1
6903,35.667227,-105.876453,5434.8,2772.6,0.938,123,45,,,True,21.7
6905,35.667241,-105.876456,5436.1,2773.4,0.88,124,75,,,True,24.7
6910,35.667272,-105.876482,5440.2,2774.2,0.771,125,0,,,True,19.0
6911,35.667282,-105.876484,5441.1,2774.4,0.833,126,0,,,True,16.1
6912,35.667288,-105.876485,5442.1,2774.4,0.857,126,0,,,True,16.5
6917,35.667317,-105.876481,5444.8,2774.4,0.617,126,43,,,True,13.1
6924,35.667353,-105.876477,5449.8,2775.6,0.642,124,41,,,True,13.6
6925,35.667355,-105.876476,5449.9,2775.8,0.637,124,42,,,False,18.3
6931,35.667396,-105.876455,5453.9,2776.0,0.586,124,40,,,True,17.7
6934,35.667418,-105.87646,5456.8,2776.6,0.767,126,43,,,True,16.7
6940,35.667451,-105.876484,5461.1,2777.6,0.8,126,76,,,True,18.5
6941,35.667458,-105.876487,5461.9,2777.8,0.729,127,76,,,True,18.2
6946,35.667476,-105.876492,5464.7,2778.0,0.6,130,0,,,True,12.8
6949,35.667476,-105.876489,5464.8,2778.4,0.363,131,0,,,False,13.7
6960,35.667474,-105.876496,5465.6,2778.2,0.064,128,0,,,False,13.0
6967,35.667508,-105.876497,5469.3,2778.2,0.25,129,0,,,True,11.0
6969,35.667517,-105.876498,5469.9,2778.8,0.478,129,44,,,False,11.9
6976,35.667565,-105.87649,5475.7,2779.6,0.711,129,44,,,True,12.5
6979,35.667591,-105.876477,5479.0,2779.8,0.91,129,44,,,True,9.8
6985,35.66764,-105.876464,5483.7,2780.0,0.889,126,45,,,True,8.9
6992,35.667696,-105.876459,5490.3,2780.8,0.869,126,47,,,True,8.9
6995,35.667721,-105.876454,5493.6,2781.2,0.99,127,44,,,True,6.9
7003,35.667748,-105.876396,5499.2,2781.6,0.809,127,42,,,True,-1.5
7008,35.667758,-105.876383,5501.2,2781.2,0.585,125,0,,,True,-5.2
7011,35.667741,-105.876357,5503.6,2780.6,0.55,122,0,,,True,-8.5
7013,35.667726,-105.876347,5505.2,2780.6,0.8,122,0,,,True,-1.6
7020,35.667723,-105.87634,5508.0,2780.6,0.489,119,0,,,True,4.4
7021,35.66773,-105.876344,5508.6,2780.8,0.425,119,0,,,True,0.0
7027,35.667758,-105.876356,5511.9,2781.4,0.557,118,0,,,True,0.0
7035,35.66776,-105.87636,5512.6,2781.0,0.286,117,0,,,False,1.7
7039,35.667759,-105.87636,5512.7,2780.6,0.067,114,0,,,False,-1.9
7040,35.667759,-105.87636,5512.7,2780.6,0.02,108,0,,,False,-3.9
7046,35.667781,-105.876361,5515.0,2780.6,0.329,109,0,,,True,-15.0
7054,35.667789,-105.876366,5516.9,2780.8,0.3,110,0,,,False,-18.6
7057,35.667794,-105.876366,5517.9,2780.8,0.264,107,0,,,True,-11.8
7062,35.667804,-105.876354,5518.8,2780.4,0.238,105,0,,,False,37.9
7069,35.667801,-105.876352,5519.4,2780.2,0.125,108,0,,,False,36.9
7072,35.667799,-105.876348,5519.9,2780.2,0.11,107,0,,,False,41.2
7074,35.667793,-105.876344,5520.0,2780.0,0.12,104,0,,,False,31.5
7080,35.667801,-105.876347,5520.5,2779.8,0.075,103,0,,,False,37.6
7081,35.667801,-105.876348,5520.5,2779.8,0.071,103,0,,,False,49.0
7084,35.667792,-105.876368,5522.1,2780.2,0.21,102,0,,,True,20.7
7588,35.667749,-105.876433,5522.1,2784.6,0.003,88,0,,,False,23.4
7589,35.667747,-105.876437,5522.9,2784.8,0.002,88,0,,,True,23.2
7596,35.667699,-105.876484,5529.6,2785.2,0.938,88,56,,,True,-4.5
7605,35.667603,-105.876504,5540.2,2784.4,1.081,86,59,,,True,-8.1
7611,35.66753,-105.876526,5549.0,2783.4,1.293,85,57,,,True,-12.6
7614,35.6675,-105.876527,5552.4,2782.4,1.356,84,58,,,True,-14.6
7615,35.667489,-105.876527,5553.4,2782.2,1.32,84,58,,,True,-15.4
7622,35.667441,-105.876556,5559.4,2781.6,0.875,84,65,,,True,-7.0
7625,35.667434,-105.876574,5562.0,2781.4,0.86,84,0,,,True,1.3
7630,35.667417,-105.87662,5566.6,2781.4,0.9,84,54,,,True,4.0
7635,35.667401,-105.876633,5568.5,2782.4,0.65,83,0,,,True,0.0
7638,35.667399,-105.876628,5568.6,2782.6,0.25,84,0,,,False,-10.1
7646,35.6674,-105.87663,5569.5,2782.0,0.091,84,0,,,False,-11.1
7653,35.667374,-105.876622,5572.2,2781.4,0.24,86,0,,,True,-24.1
7655,35.667362,-105.876607,5574.5,2780.6,0.556,85,0,,,True,-22.8
7658,35.667343,-105.876584,5577.4,2780.2,1.04,85,62,,,True,-22.4
7663,35.667333,-105.876536,5581.8,2779.2,0.913,85,61,,,True,-20.8
7664,35.667331,-105.876524,5582.9,2779.0,0.917,85,62,,,True,-24.8
7671,35.667299,-105.876502,5587.0,2778.0,0.65,84,61,,,True,-22.2
7672,35.667288,-105.8765,5587.9,2777.6,0.625,85,61,,,True,-23.1
7677,35.667253,-105.876511,5592.6,2776.8,0.933,86,57,,,True,-20.0
7681,35.667231,-105.876504,5595.0,2776.2,0.789,86,57,,,True,-17.3
7685,35.6672,-105.876506,5598.0,2775.8,0.675,87,57,,,True,-18.0
7689,35.667172,-105.876505,5601.8,2775.2,0.85,86,55,,,True,-16.3
7690,35.667165,-105.876512,5602.6,2775.0,0.92,87,55,,,True,-17.1
7691,35.667155,-105.876521,5603.7,2774.8,0.95,87,55,,,True,-12.0
7696,35.667113,-105.876559,5609.7,2773.8,1.183,87,57,,,True,-11.4
7699,35.667079,-105.876564,5613.5,2773.8,1.225,86,58,,,True,-9.3
7704,35.667017,-105.87658,5620.2,2773.0,1.313,83,59,,,True,-7.2
7708,35.666984,-105.876603,5625.2,2772.8,1.3,80,59,,,True,-8.8
7709,35.666977,-105.876611,5626.3,2772.6,1.22,80,59,,,True,-5.0
7710,35.666974,-105.876621,5627.1,2772.6,1.15,80,59,,,True,-7.9
7718,35.666905,-105.876678,5636.1,2772.2,1.089,80,57,,,True,-11.0
7721,35.666869,-105.876679,5640.3,2771.6,1.2,80,58,,,True,-11.8
7725,35.666833,-105.876664,5644.4,2770.6,1.186,80,64,,,True,-18.4
7726,35.666821,-105.876661,5645.7,2770.4,1.08,81,66,,,True,-19.5
7732,35.666762,-105.876651,5652.4,2769.2,1.143,81,68,,,True,-13.5
7733,35.666751,-105.87665,5653.6,2769.0,1.129,82,68,,,True,-12.2
7741,35.666679,-105.87661,5662.2,2768.2,1.089,81,59,,,True,-9.5
7749,35.666619,-105.876626,5670.3,2767.4,1.044,81,58,,,True,-8.1
7750,35.666616,-105.876637,5671.4,2767.4,1.022,81,58,,,True,-7.6
7754,35.666582,-105.876668,5675.8,2767.2,1.1,81,56,,,True,-3.9
7756,35.666561,-105.876679,5678.0,2767.0,1.1,82,57,,,True,-3.3
7763,35.666494,-105.876671,5685.6,2766.8,1.089,83,57,,,True,-4.3
7771,35.666406,-105.876665,5695.9,2766.6,1.193,83,55,,,True,-3.1
7774,35.66638,-105.876672,5698.9,2766.2,1.209,81,58,,,True,-3.1
7778,35.666338,-105.876693,5703.8,2766.2,1.129,78,57,,,True,-7.2
7779,35.666328,-105.876699,5704.8,2766.2,1.18,78,56,,,True,-3.6
7786,35.666274,-105.876734,5712.6,2765.4,1.1,78,57,,,True,-5.7
7793,35.666241,-105.876821,5721.2,2765.4,1.171,77,57,,,True,-7.9
7797,35.666224,-105.876856,5725.0,2765.0,1.127,79,55,,,True,-7.4
7801,35.666203,-105.876869,5727.7,2764.4,0.813,81,59,,,True,-14.6
7802,35.6662,-105.876881,5728.9,2764.2,0.78,81,61,,,True,-15.9
7803,35.666201,-105.87689,5730.0,2764.0,0.833,81,61,,,True,-22.2
7809,35.666189,-105.87696,5736.3,2763.2,1.057,81,57,,,True,-22.8
7811,35.666175,-105.876965,5737.3,2762.8,0.913,82,53,,,True,-23.9
7815,35.666152,-105.876984,5740.3,2761.6,0.667,82,53,,,True,-21.8
7816,35.666144,-105.876987,5740.9,2761.4,0.72,82,53,,,True,-12.7
7822,35.666088,-105.876983,5747.3,2760.8,1.0,81,53,,,True,-2.5
7829,35.666068,-105.876975,5749.9,2761.2,0.692,80,0,,,True,0.0
7835,35.666073,-105.876901,5756.6,2761.2,0.715,78,0,,,True,4.1
7839,35.666074,-105.876869,5759.6,2761.4,0.97,75,50,,,True,-4.7
7842,35.666065,-105.876844,5762.0,2761.4,0.771,75,48,,,True,-14.5
7847,35.666065,-105.876845,5762.8,2760.6,0.4,74,0,,,False,-7.8
7851,35.666062,-105.87685,5763.1,2760.8,0.122,75,0,,,False,-12.0
7858,35.666063,-105.876839,5763.5,2760.2,0.064,77,0,,,False,-10.5
7869,35.666064,-105.876822,5766.8,2760.4,0.206,77,0,,,True,-3.8
7879,35.666054,-105.876782,5771.3,2760.0,0.371,80,0,,,True,-2.0
7880,35.666054,-105.876776,5771.8,2760.0,0.455,80,0,,,True,-11.8
7886,35.666055,-105.876774,5773.4,2760.2,0.3,83,0,,,False,-5.1
7888,35.666054,-105.876776,5773.5,2760.0,0.212,86,0,,,False,1.8
7890,35.666054,-105.876776,5773.6,2759.6,0.18,89,0,,,False,2.9
7894,35.666052,-105.876783,5773.8,2760.0,0.05,88,0,,,False,5.6
7907,35.666047,-105.876794,5774.6,2760.0,0.059,87,0,,,False,12.9
7920,35.666045,-105.876814,5776.7,2760.8,0.112,87,0,,,False,8.3
7926,35.666063,-105.876824,5777.8,2760.6,0.168,88,0,,,False,8.3
7931,35.666067,-105.876825,5778.3,2760.2,0.145,85,0,,,False,12.1
7932,35.666068,-105.876823,5778.5,2760.2,0.117,82,0,,,False,12.6
7933,35.666066,-105.876822,5778.5,2760.4,0.1,81,0,,,False,0.0
7936,35.666073,-105.876819,5779.5,2760.8,0.24,77,0,,,True,2.0
7941,35.66606,-105.876811,5780.6,2761.2,0.263,79,0,,,False,4.0
7944,35.666051,-105.876808,5780.6,2761.0,0.138,82,0,,,False,8.1
7946,35.666051,-105.876808,5780.9,2760.8,0.06,85,0,,,False,8.8
7949,35.666049,-105.876812,5780.9,2760.8,0.06,81,0,,,False,4.4
7952,35.666046,-105.876819,5780.9,2760.8,0.0,80,0,,,False,7.7
7963,35.666051,-105.876818,5782.9,2761.4,0.143,84,0,,,False,9.6
7964,35.66605,-105.87682,5782.9,2761.4,0.167,87,0,,,False,12.4
7965,35.666048,-105.876823,5782.9,2761.2,0.154,87,0,,,False,11.3
7972,35.666047,-105.876824,5783.6,2760.2,0.088,84,0,,,False,7.2
7974,35.666047,-105.876829,5783.7,2760.4,0.089,87,0,,,False,10.4
7975,35.666045,-105.876837,5783.7,2760.4,0.08,87,0,,,False,10.4
7982,35.666046,-105.876846,5783.7,2760.8,0.0,88,0,,,False,7.0
7989,35.666047,-105.876841,5785.2,2761.0,0.107,92,0,,,False,18.5
7990,35.666049,-105.876831,5785.8,2761.2,0.263,92,0,,,True,16.8
7993,35.666048,-105.876833,5787.1,2761.6,0.309,91,0,,,True,14.4
7999,35.666052,-105.876845,5787.4,2762.2,0.178,91,0,,,False,13.4
8005,35.666091,-105.876876,5794.4,2762.2,0.608,93,0,,,True,9.8
8007,35.666089,-105.876909,5797.7,2762.8,1.288,94,0,,,True,1.4
8009,35.666094,-105.876929,5799.4,2762.8,1.2,97,0,,,True,-3.9
8011,35.666091,-105.876956,5801.5,2762.4,1.183,100,0,,,True,-12.0
8016,35.666084,-105.876985,5804.7,2761.8,0.757,101,56,,,True,0.0
8025,35.666071,-105.876986,5805.7,2761.8,0.3,99,57,,,False,-6.3
8029,35.666064,-105.876985,5806.0,2761.8,0.1,96,0,,,False,-7.3
8034,35.666064,-105.87699,5807.0,2761.8,0.144,96,0,,,False,1.9
8043,35.666078,-105.876984,5807.5,2762.8,0.107,97,0,,,False,-3.1
8044,35.666078,-105.876987,5807.5,2762.8,0.05,97,0,,,False,-3.3
8052,35.666068,-105.876966,5810.4,2762.0,0.322,98,0,,,True,-3.7
8057,35.666069,-105.876992,5811.9,2762.6,0.338,97,0,,,False,-13.7
8060,35.666058,-105.877015,5813.9,2761.6,0.438,97,0,,,True,-2.4
8064,35.666025,-105.877034,5817.7,2761.4,0.829,96,56,,,True,-5.5
8071,35.665948,-105.877069,5827.0,2761.6,1.191,94,59,,,True,0.0
8077,35.665873,-105.87712,5837.2,2761.2,1.5,93,59,,,True,-1.0
8084,35.665802,-105.87712,5844.8,2761.6,1.369,92,61,,,True,-2.0
8093,35.665696,-105.877103,5856.6,2761.0,1.213,89,58,,,True,-3.4
8094,35.665685,-105.877101,5857.7,2761.0,1.29,86,58,,,True,-8.8
8097,35.665656,-105.87711,5860.8,2760.4,1.231,84,61,,,True,-13.2
8102,35.665596,-105.877124,5867.4,2759.6,1.212,84,60,,,True,-14.9
8103,35.665585,-105.877126,5868.7,2759.4,1.317,84,59,,,True,-12.6
8109,35.665524,-105.877152,5875.2,2758.4,1.114,85,62,,,True,-11.7
8112,35.665483,-105.877157,5879.8,2758.0,1.233,86,62,,,True,-12.4
8117,35.66543,-105.877159,5886.2,2757.4,1.375,88,0,,,True,-16.1
8119,35.665417,-105.877152,5888.0,2757.0,1.171,89,68,,,True,-17.1
8122,35.665395,-105.877153,5890.1,2756.0,0.78,89,57,,,True,-25.2
8126,35.665362,-105.87715,5893.8,2755.6,0.829,89,67,,,True,-26.0
8130,35.66534,-105.877134,5896.5,2754.8,0.8,90,62,,,True,-22.0
8135,35.665309,-105.877115,5900.3,2753.8,0.722,87,62,,,True,-25.9
8136,35.665303,-105.877112,5901.0,2753.6,0.75,87,62,,,True,-20.7
8140,35.665271,-105.877097,5904.6,2752.8,0.86,85,49,,,True,-17.9
8146,35.665217,-105.877087,5911.0,2751.8,1.0,88,61,,,True,-18.7
8150,35.665182,-105.877079,5914.8,2751.2,1.02,91,64,,,True,-18.9
8152,35.665164,-105.877074,5917.0,2750.6,1.0,91,64,,,True,-18.5
8156,35.665125,-105.877059,5921.5,2749.6,1.117,91,64,,,True,-16.7
8163,35.665049,-105.877053,5929.4,2748.4,1.127,92,58,,,True,-15.9
8166,35.665022,-105.877042,5932.8,2748.2,1.13,91,61,,,True,-12.7
8172,35.664983,-105.877028,5937.1,2747.4,0.856,92,60,,,True,-9.2
8174,35.664959,-105.877028,5940.4,2747.2,0.95,93,61,,,True,-8.6
8182,35.664874,-105.877026,5948.9,2746.6,1.18,94,65,,,True,-5.6
8185,35.664835,-105.877033,5953.7,2746.4,1.209,93,73,,,True,-5.4
8188,35.66479,-105.877036,5958.5,2746.2,1.6,93,0,,,True,0.0
8196,35.664688,-105.877016,5970.1,2745.6,1.491,93,62,,,True,2.3
8202,35.664636,-105.876999,5976.3,2746.6,1.271,90,58,,,True,-1.2
8205,35.664606,-105.876973,5980.2,2747.0,1.122,90,57,,,True,-0.8
8213,35.664508,-105.876972,5991.2,2745.8,1.355,92,62,,,True,-6.9
8217,35.664461,-105.876987,5996.6,2745.4,1.367,92,58,,,True,-11.4
8222,35.66441,-105.877007,6002.5,2744.8,1.256,92,60,,,True,-14.5
8225,35.66439,-105.877008,6004.7,2744.2,1.012,92,61,,,True,-20.9
8229,35.664349,-105.877018,6009.1,2743.2,0.943,91,0,,,True,-18.1
8232,35.664316,-105.877017,6012.9,2742.0,1.171,90,0,,,True,-11.9
8236,35.664245,-105.877014,6021.3,2741.4,1.743,88,69,,,True,-7.8
8242,35.664171,-105.876971,6029.9,2741.2,1.7,90,61,,,True,-5.2
8249,35.66408,-105.87695,6039.9,2740.8,1.431,89,61,,,True,-3.7
8254,35.664019,-105.876945,6047.3,2740.2,1.45,89,123,,,True,2.1
8255,35.664009,-105.876939,6048.5,2740.4,1.433,89,67,,,True,6.3
8262,35.663926,-105.876916,6058.1,2741.8,1.35,88,59,,,True,7.0
8265,35.663887,-105.876916,6062.2,2742.2,1.37,88,59,,,True,2.3
8270,35.663818,-105.876922,6070.1,2741.8,1.5,91,60,,,True,-5.3
8275,35.663771,-105.876921,6075.0,2741.0,1.28,90,64,,,True,-8.9
8277,35.663755,-105.876933,6077.0,2740.8,0.986,87,62,,,True,-14.5
8278,35.66375,-105.876937,6077.9,2740.8,0.975,85,61,,,True,-13.5
8279,35.663742,-105.876939,6078.8,2740.6,0.967,82,61,,,True,-13.2
8281,35.663722,-105.876949,6081.1,2740.2,1.017,79,63,,,True,-12.0
8282,35.663711,-105.876954,6082.4,2740.0,1.08,78,63,,,True,-12.1
8284,35.663686,-105.876975,6085.6,2739.6,1.36,78,66,,,True,-10.7
8290,35.663647,-105.877042,6093.7,2738.8,1.413,81,69,,,True,-11.8
8292,35.663636,-105.877062,6096.0,2738.6,1.3,82,66,,,True,-11.8
8298,35.663589,-105.877121,6102.7,2737.6,1.125,83,60,,,True,-10.5
8299,35.663579,-105.877131,6104.3,2737.4,1.186,83,63,,,True,-11.8
8306,35.663508,-105.877175,6112.8,2736.8,1.263,84,63,,,True,-13.6
8309,35.66349,-105.877199,6116.4,2736.2,1.21,86,58,,,True,-12.8
8313,35.663455,-105.877219,6120.4,2735.2,1.086,85,58,,,True,-16.7
8314,35.663445,-105.877225,6121.5,2735.2,1.02,86,58,,,True,-17.5
8319,35.663425,-105.877263,6126.0,2734.6,0.933,89,62,,,True,-12.5
8321,35.66345,-105.877278,6129.0,2734.0,1.071,89,61,,,True,-12.4
8329,35.663533,-105.877278,6138.0,2733.0,1.2,88,62,,,True,-12.5
8330,35.663545,-105.877277,6139.2,2733.0,1.133,87,62,,,True,-11.4
8337,35.663611,-105.877263,6146.8,2732.0,1.1,87,58,,,True,-12.3
8338,35.663624,-105.877263,6148.3,2731.8,1.138,87,58,,,True,-10.9
8344,35.663692,-105.877258,6155.9,2730.8,1.3,89,0,,,True,-12.6
8349,35.663735,-105.877264,6161.2,2730.6,1.173,88,59,,,True,-14.9
8351,35.663748,-105.877274,6162.7,2730.0,0.971,89,59,,,True,-16.4
8353,35.663764,-105.87727,6164.4,2729.4,0.944,87,0,,,True,-22.4
8357,35.663817,-105.877282,6170.5,2728.4,1.3,88,65,,,True,-17.3
8359,35.663844,-105.877299,6173.7,2727.8,1.55,86,66,,,True,-15.2
8363,35.663898,-105.877311,6178.9,2727.2,1.4,85,118,,,True,-11.5
8365,35.663921,-105.877313,6181.5,2726.8,1.3,85,119,,,True,-1.1
8369,35.663964,-105.877318,6186.1,2726.6,1.2,88,0,,,True,6.4
8374,35.664016,-105.877322,6192.1,2727.6,1.178,89,57,,,True,6.4
8379,35.664057,-105.87732,6197.6,2728.4,1.15,88,58,,,True,1.1
8382,35.664085,-105.877317,6200.3,2728.0,1.025,87,0,,,True,-10.0
8385,35.664121,-105.877313,6203.7,2726.8,1.017,87,64,,,True,-16.9
8389,35.664171,-105.877321,6210.1,2725.8,1.4,87,62,,,True,-17.2
8396,35.664251,-105.877336,6218.9,2724.8,1.382,87,63,,,True,-12.2
8397,35.664262,-105.877337,6220.1,2724.6,1.25,87,62,,,True,-11.5
8404,35.664328,-105.877355,6228.3,2723.8,1.175,87,61,,,True,-15.5
8405,35.664332,-105.877362,6229.2,2723.6,1.137,87,61,,,True,-15.5
8409,35.66438,-105.877387,6234.4,2722.4,1.22,85,119,,,True,-17.6
8410,35.664391,-105.877392,6235.6,2722.2,1.28,84,119,,,True,-17.7
8417,35.664446,-105.877422,6243.1,2721.2,1.088,83,68,,,True,-17.7
8418,35.66445,-105.877434,6243.9,2721.0,1.037,83,68,,,True,-20.0
8422,35.664436,-105.877458,6246.8,2720.2,0.74,83,60,,,True,-33.6
8424,35.664425,-105.877457,6247.6,2719.8,0.617,83,60,,,True,-33.3
8432,35.664395,-105.877459,6251.4,2719.0,0.46,82,0,,,True,-35.0
8435,35.664376,-105.877473,6253.8,2717.6,0.564,83,0,,,True,-25.3
8438,35.664344,-105.877482,6257.1,2716.6,0.95,82,0,,,True,-28.6
8446,35.664283,-105.8775,6264.2,2715.6,0.945,85,62,,,True,-24.7
8453,35.664261,-105.877524,6267.5,2714.4,0.693,84,61,,,True,-22.9
8458,35.664296,-105.877548,6271.6,2713.2,0.617,84,55,,,True,-25.6
8460,35.664307,-105.87755,6272.8,2713.0,0.757,84,62,,,True,-24.6
8466,35.664338,-105.877558,6276.7,2712.4,0.637,84,62,,,True,-25.6
8469,35.664341,-105.877566,6277.2,2712.2,0.489,84,0,,,False,-26.4
8474,35.66437,-105.877578,6280.5,2711.2,0.475,84,0,,,True,-32.1
8478,35.6644,-105.877601,6284.9,2709.8,0.856,83,0,,,True,-31.2
8481,35.664422,-105.877602,6287.3,2709.0,0.971,82,61,,,True,-26.9
8483,35.664433,-105.877611,6288.1,2708.8,0.64,83,61,,,True,-27.8
8487,35.664463,-105.877636,6292.4,2708.0,0.85,84,59,,,True,-25.2
8488,35.664472,-105.877641,6293.3,2707.8,1.04,84,59,,,True,-25.2
8494,35.664496,-105.877664,6296.4,2706.6,0.571,84,59,,,True,-23.9
8500,35.664538,-105.877699,6301.6,2705.4,0.692,84,56,,,True,-21.7
8501,35.664548,-105.877705,6303.3,2705.4,0.986,84,56,,,True,-17.8
8506,35.664597,-105.877738,6309.0,2704.4,1.233,84,57,,,True,-14.8
8508,35.66461,-105.87775,6311.0,2704.0,1.1,84,60,,,True,-19.0
8514,35.664647,-105.877782,6316.5,2703.2,0.938,84,61,,,True,-19.6
8518,35.664681,-105.877818,6321.2,2702.0,1.02,82,0,,,True,-21.9
8521,35.664705,-105.877838,6325.3,2701.2,1.257,82,61,,,True,-19.2
8522,35.664711,-105.877838,6325.6,2700.8,1.138,82,61,,,True,-14.8
8527,35.664771,-105.877904,6334.2,2699.8,1.483,82,61,,,True,-14.8
8532,35.664807,-105.877932,6338.8,2699.4,1.32,82,56,,,True,-14.3
8536,35.664822,-105.877965,6341.5,2698.8,0.811,82,56,,,True,-18.8
8538,35.664822,-105.877973,6342.4,2698.4,0.6,82,56,,,True,-22.6
8539,35.664825,-105.877983,6343.7,2698.0,0.7,83,56,,,True,-18.0
8541,35.664833,-105.878005,6345.9,2697.6,0.88,83,56,,,True,-15.8
8544,35.664844,-105.878038,6349.4,2697.0,1.14,81,59,,,True,-11.6
8551,35.664866,-105.878054,6351.5,2697.0,0.56,78,0,,,True,-6.9
8553,35.664872,-105.87806,6352.5,2696.8,0.344,78,0,,,True,-3.7
8556,35.664894,-105.878082,6355.8,2696.6,0.86,79,0,,,True,-3.4
8559,35.664922,-105.878112,6360.3,2696.6,1.3,79,0,,,True,-7.3
8564,35.664932,-105.878138,6363.4,2696.6,0.95,80,0,,,True,-10.1
8572,35.66492,-105.878135,6363.4,2696.0,0.238,81,0,,,False,-15.0
8578,35.664946,-105.878173,6367.7,2695.4,0.307,82,0,,,True,-22.9
8582,35.664959,-105.878201,6371.0,2695.0,0.76,82,0,,,True,-20.8
8585,35.664971,-105.878225,6373.9,2694.2,0.886,82,0,,,True,-28.3
8589,35.664976,-105.878249,6375.9,2693.4,0.7,83,0,,,True,-31.8
8590,35.664976,-105.878255,6376.5,2693.2,0.52,83,0,,,True,-28.6
8595,35.664994,-105.878285,6379.7,2692.0,0.633,85,66,,,True,-25.2
8597,35.665008,-105.878302,6381.7,2691.6,0.743,85,66,,,True,-21.8
8601,35.665032,-105.878323,6385.1,2691.0,0.9,86,0,,,True,-17.7
8603,35.665042,-105.87833,6386.2,2690.8,0.75,87,0,,,True,-14.2
8611,35.665078,-105.878375,6392.1,2689.8,0.7,85,0,,,True,-8.1
8614,35.665104,-105.878398,6395.8,2689.6,0.873,84,0,,,True,-7.0
8622,35.665201,-105.87845,6407.3,2689.2,1.382,85,59,,,True,-7.1
8631,35.665245,-105.878508,6414.9,2688.8,1.124,85,57,,,True,-7.4
8637,35.665278,-105.878587,6423.0,2687.6,1.047,86,58,,,True,-8.4
8642,35.665321,-105.878654,6431.0,2687.0,1.464,83,64,,,True,-8.6
8646,35.665352,-105.8787,6436.0,2686.8,1.444,83,58,,,True,-6.8
8649,35.665379,-105.878739,6440.4,2686.6,1.343,82,57,,,True,-6.1
8655,35.665414,-105.878798,6446.7,2686.0,1.189,79,58,,,True,-5.5
8661,35.665446,-105.878853,6454.0,2685.6,1.133,76,57,,,True,-8.2
8662,35.665444,-105.878856,6454.1,2685.8,1.057,76,58,,,False,-10.1
8665,35.665443,-105.878871,6455.1,2685.4,0.84,77,58,,,True,-14.1
8671,35.665442,-105.878886,6456.5,2684.8,0.267,78,0,,,False,-14.7
8678,35.665471,-105.878942,6462.6,2684.4,0.577,79,53,,,True,-14.5
8679,35.665478,-105.878951,6463.9,2684.2,0.925,80,53,,,True,-9.3
8686,35.66553,-105.878996,6470.3,2683.2,0.962,80,58,,,True,-10.0
8690,35.665558,-105.879017,6473.7,2683.2,0.891,83,55,,,True,-10.5
8692,35.665575,-105.87903,6476.6,2683.0,1.05,86,55,,,True,0.0
8695,35.6656,-105.87904,6479.2,2682.6,1.1,87,54,,,True,-5.7
8705,35.665664,-105.879042,6487.1,2683.2,0.808,86,0,,,True,-9.6
8715,35.665698,-105.879039,6491.3,2682.2,0.605,87,0,,,True,-9.4
8722,35.665694,-105.879075,6495.3,2681.2,0.482,86,62,,,True,-19.4
8723,35.665684,-105.879083,6496.3,2681.0,0.625,87,62,,,True,-16.2
8728,35.665633,-105.879111,6502.6,2680.2,1.217,86,53,,,True,-11.0
8730,35.665613,-105.879112,6504.9,2680.0,1.229,86,0,,,True,-11.2
8736,35.665536,-105.879109,6513.5,2679.2,1.362,84,56,,,True,-13.7
8737,35.665528,-105.879109,6514.1,2679.0,1.314,84,116,,,True,-12.0
8742,35.665479,-105.879108,6520.1,2677.8,1.1,85,59,,,True,-7.7
8745,35.665454,-105.879096,6523.3,2677.8,1.15,86,57,,,True,-7.7
8753,35.665383,-105.87905,6531.7,2677.8,1.055,84,56,,,True,-5.1
8759,35.665336,-105.879024,6537.4,2677.2,1.007,83,59,,,True,-8.8
8762,35.665319,-105.879009,6539.6,2676.8,0.878,83,57,,,True,-15.3
8766,35.665303,-105.878988,6541.5,2676.2,0.586,83,57,,,True,-20.7
8769,35.66528,-105.878973,6544.8,2675.8,0.743,84,58,,,True,-21.2
8771,35.665265,-105.878971,6546.5,2675.4,1.0,84,58,,,True,-20.6
8773,35.665245,-105.878955,6549.0,2674.8,1.071,83,58,,,True,-21.3
8774,35.665238,-105.87895,6550.0,2674.6,1.04,83,58,,,True,-21.0
8780,35.665211,-105.878915,6554.1,2673.6,0.729,82,58,,,True,-15.5
8786,35.665173,-105.878855,6560.8,2672.4,0.9,82,60,,,True,-15.9
8789,35.665156,-105.878825,6564.5,2672.4,1.156,81,57,,,True,-13.2
8794,35.665143,-105.878838,6566.4,2672.0,0.7,83,57,,,True,-12.3
8797,35.665149,-105.878882,6570.8,2671.4,0.788,83,57,,,True,-17.2
8801,35.665155,-105.878926,6575.4,2670.6,1.286,84,57,,,True,-15.0
8802,35.665155,-105.878935,6576.1,2670.4,1.06,84,57,,,True,-14.5
8809,35.665188,-105.879027,6585.1,2669.2,1.213,85,61,,,True,-15.4
8815,35.665207,-105.879107,6592.9,2668.2,1.292,84,62,,,True,-15.3
8821,35.665205,-105.879171,6598.8,2667.0,1.142,85,61,,,True,-17.3
8822,35.665206,-105.879183,6599.7,2666.8,0.971,85,61,,,True,-17.4
8826,35.665225,-105.879234,6604.7,2665.8,1.18,84,63,,,True,-14.3
8828,35.665244,-105.87926,6607.8,2665.6,1.35,84,63,,,True,-12.8
8834,35.665291,-105.879296,6614.2,2664.8,1.188,82,58,,,True,-14.0
8835,35.665297,-105.879305,6615.3,2664.8,1.071,82,58,,,True,-15.1
8840,35.665331,-105.879341,6620.4,2663.6,1.033,82,119,,,True,-17.8
8846,35.665394,-105.879387,6627.7,2662.6,1.127,83,119,,,True,-18.9
8851,35.665433,-105.879423,6633.3,2661.4,1.173,84,119,,,True,-16.6
8853,35.665438,-105.879434,6634.3,2661.2,0.943,84,0,,,True,-16.1
8858,35.665476,-105.879477,6639.7,2660.4,0.914,85,63,,,True,-13.7
8862,35.66551,-105.879514,6645.1,2659.8,1.2,85,60,,,True,-12.6
8866,35.66555,-105.879534,6649.4,2659.2,1.212,85,60,,,True,-11.0
8868,35.66557,-105.879539,6651.8,2659.0,1.117,85,59,,,True,-12.0
8875,35.665647,-105.879609,6661.6,2658.0,1.356,85,57,,,True,-11.1
8880,35.6657,-105.879634,6668.5,2657.0,1.392,83,119,,,True,-8.2
8882,35.665717,-105.879648,6671.0,2656.8,1.343,82,119,,,True,-9.3
8889,35.665777,-105.879733,6681.2,2656.6,1.411,81,57,,,True,-8.3
8892,35.665805,-105.879766,6685.3,2655.8,1.43,80,57,,,True,-8.5
8895,35.665836,-105.879802,6690.3,2655.2,1.517,79,61,,,True,-12.7
8898,35.665853,-105.879845,6694.6,2654.8,1.55,78,115,,,True,-10.0
8902,35.665868,-105.879903,6700.1,2654.2,1.4,76,62,,,True,-10.9
8907,35.665889,-105.879972,6707.3,2653.6,1.411,76,61,,,True,-12.0
8910,35.665897,-105.880008,6710.5,2653.0,1.3,75,61,,,True,-12.9
8912,35.665904,-105.880037,6713.0,2652.6,1.14,75,62,,,True,-16.2
8918,35.665936,-105.880109,6720.2,2651.6,1.212,77,118,,,True,-16.5
8920,35.665944,-105.880126,6722.1,2651.2,1.138,78,118,,,True,-17.6
8925,35.665974,-105.880156,6726.3,2650.4,0.871,78,118,,,True,-19.8
8928,35.666002,-105.880177,6730.0,2649.6,0.987,79,118,,,True,-22.0
8930,35.666017,-105.880191,6732.3,2649.2,1.2,83,62,,,True,-25.4
8933,35.666034,-105.880214,6734.8,2648.4,0.96,86,62,,,True,-25.7
8934,35.666041,-105.880222,6735.8,2648.0,0.967,86,62,,,True,-26.8
8936,35.666055,-105.880231,6738.1,2647.4,0.967,87,0,,,True,-25.5
8938,35.666068,-105.880241,6740.1,2647.0,1.06,88,61,,,True,-23.0
8943,35.666083,-105.880294,6745.0,2645.8,0.986,88,0,,,True,-22.8
8945,35.66608,-105.880317,6747.1,2645.4,1.0,88,68,,,True,-22.1
8949,35.666076,-105.880353,6750.4,2644.6,0.9,88,65,,,True,-21.8
8954,35.666096,-105.880401,6755.5,2643.6,0.933,88,62,,,True,-20.8
8959,35.666142,-105.880446,6760.6,2642.4,1.02,87,61,,,True,-16.2
8962,35.666168,-105.880465,6764.4,2641.8,1.112,87,61,,,True,-17.9
8966,35.666194,-105.880496,6770.1,2641.4,1.357,87,63,,,True,-16.5
8970,35.666193,-105.880529,6772.3,2640.6,0.988,85,63,,,True,-17.3
8972,35.666199,-105.880543,6773.9,2640.2,0.633,84,54,,,True,-21.2
8978,35.666233,-105.880594,6779.4,2639.2,0.887,87,59,,,True,-21.0
8979,35.666239,-105.880604,6780.5,2639.2,0.943,87,59,,,True,-20.4
8985,35.666262,-105.880633,6784.7,2638.0,0.757,88,58,,,True,-20.8
8988,35.666269,-105.880665,6787.6,2637.4,0.789,87,61,,,True,-22.4
8990,35.666276,-105.88069,6790.0,2637.0,1.06,86,61,,,True,-21.0
8995,35.666304,-105.880735,6794.8,2636.0,1.029,87,62,,,True,-21.7
8997,35.666317,-105.88075,6797.1,2635.4,1.014,87,62,,,True,-25.2
9000,35.666336,-105.880762,6799.6,2634.8,0.96,87,0,,,True,-24.0
9006,35.666369,-105.880742,6802.7,2633.8,0.622,85,0,,,True,-23.5
9007,35.666373,-105.880735,6803.0,2633.6,0.486,85,0,,,True,-21.4
9011,35.6664,-105.880734,6807.3,2633.0,0.92,86,0,,,True,-19.0
9013,35.666405,-105.880752,6809.0,2632.8,1.0,86,58,,,True,-17.7
9014,35.666407,-105.88076,6809.9,2632.6,0.986,85,58,,,True,-20.0
9019,35.666431,-105.880795,6814.3,2631.6,0.883,85,57,,,True,-26.6
9022,35.66645,-105.88082,6817.3,2631.0,0.925,82,61,,,True,-26.9
9024,35.666463,-105.880826,6818.6,2630.4,0.86,81,0,,,True,-23.9
9028,35.666495,-105.880826,6821.8,2629.4,0.75,82,59,,,True,-23.4
9031,35.66652,-105.880805,6825.2,2629.0,0.943,83,61,,,True,-21.1
9034,35.666541,-105.880803,6828.4,2628.4,1.1,84,61,,,True,-18.5
9038,35.666555,-105.880842,6832.8,2627.4,1.086,82,53,,,True,-18.9
9039,35.666561,-105.880851,6833.7,2627.2,1.06,82,53,,,True,-18.7
9045,35.666607,-105.880907,6841.1,2626.0,1.186,81,59,,,True,-18.8
9046,35.666615,-105.880916,6842.3,2625.8,1.229,82,59,,,True,-21.1
9049,35.666641,-105.880936,6845.6,2625.0,1.19,82,59,,,True,-23.1
9053,35.666675,-105.880943,6848.9,2624.0,0.943,82,61,,,True,-23.7
9054,35.666687,-105.880945,6850.6,2623.8,1.0,81,61,,,True,-22.8
9059,35.666716,-105.880974,6854.1,2623.0,0.867,81,56,,,True,-29.1
9062,35.666729,-105.880996,6857.0,2622.4,0.8,82,56,,,True,-32.0
9064,35.666736,-105.881008,6858.7,2621.8,0.92,81,0,,,True,-29.3
9069,35.666758,-105.881022,6860.6,2620.6,0.514,82,0,,,True,-29.7
9071,35.666768,-105.881042,6862.4,2620.2,0.529,83,0,,,True,-28.8
9075,35.666796,-105.881072,6866.4,2619.4,0.967,83,0,,,True,-21.6
9078,35.666815,-105.8811,6869.8,2618.6,1.057,83,62,,,True,-20.9
9079,35.666819,-105.881106,6870.8,2618.4,1.05,83,62,,,True,-20.7
9084,35.666851,-105.881147,6875.8,2617.4,1.0,82,61,,,True,-18.9
9086,35.666865,-105.88116,6878.0,2617.0,1.029,81,61,,,True,-16.4
9089,35.666895,-105.881182,6882.5,2616.2,1.34,80,58,,,True,-13.6
9092,35.666917,-105.88121,6886.7,2615.8,1.45,81,58,,,True,-12.9
9097,35.666944,-105.881265,6892.0,2615.2,1.188,79,57,,,True,-11.6
9099,35.666957,-105.881295,6895.1,2614.8,1.2,79,56,,,True,-12.7
9103,35.666963,-105.881351,6899.8,2614.2,1.3,79,60,,,True,-15.2
9105,35.66697,-105.881376,6902.5,2613.8,1.233,79,60,,,True,-16.8
9109,35.666997,-105.881406,6906.5,2613.0,1.117,79,60,,,True,-20.7
9112,35.667018,-105.881428,6909.4,2612.4,0.986,79,61,,,True,-17.1
9114,35.667034,-105.881448,6911.4,2611.8,0.98,79,62,,,True,-20.1
9121,35.667092,-105.881502,6920.0,2610.8,1.178,78,63,,,True,-22.4
9126,35.667117,-105.881518,6922.4,2609.8,0.917,77,62,,,True,-20.1
9129,35.667137,-105.881534,6924.6,2609.0,0.575,77,62,,,True,-23.7
9131,35.667155,-105.881549,6927.3,2608.6,0.98,77,57,,,True,-20.2
9138,35.667184,-105.881604,6933.5,2607.6,0.989,77,59,,,True,-20.0
9139,35.667188,-105.881611,6934.3,2607.4,0.875,77,59,,,True,-21.7
9142,35.667204,-105.881627,6936.6,2606.6,0.845,77,61,,,True,-22.7
9147,35.667242,-105.88165,6941.1,2605.6,0.85,74,59,,,True,-22.6
9148,35.667248,-105.881657,6942.2,2605.6,0.933,73,59,,,True,-20.0
9154,35.667282,-105.881688,6947.6,2604.4,0.929,72,59,,,True,-20.0
9156,35.667287,-105.881699,6948.6,2604.2,0.8,72,57,,,True,-24.8
9162,35.667317,-105.881735,6953.1,2603.2,0.688,71,59,,,True,-29.3
9165,35.667342,-105.881746,6955.9,2602.2,0.811,70,59,,,True,-30.8
9169,35.667369,-105.881757,6959.2,2601.0,0.871,67,61,,,True,-29.1
9171,35.667381,-105.881767,6960.3,2600.6,0.733,64,60,,,True,-23.0
9174,35.667407,-105.881803,6964.1,2600.0,0.98,62,60,,,True,-19.7
9179,35.667445,-105.881837,6969.8,2599.0,1.188,61,0,,,True,-19.2
9181,35.667451,-105.881847,6971.4,2598.6,1.043,61,0,,,True,-17.6
9185,35.667453,-105.881899,6975.9,2597.6,1.017,61,58,,,True,-18.6
9189,35.667464,-105.881941,6980.0,2597.2,1.075,62,65,,,True,-20.8
9192,35.667474,-105.881981,6983.8,2596.4,1.129,61,57,,,True,-20.2
9195,35.667482,-105.882009,6986.8,2595.4,1.133,61,57,,,True,-19.9
9196,35.667486,-105.88202,6987.8,2595.2,1.114,62,57,,,True,-19.1
9203,35.667537,-105.882061,6994.1,2594.4,0.913,62,57,,,True,-19.3
9204,35.667542,-105.88207,6995.3,2594.2,0.938,62,57,,,True,-22.6
9209,35.667558,-105.882091,6998.2,2593.2,0.683,62,0,,,True,-31.5
9212,35.667564,-105.882104,6999.3,2592.6,0.5,62,0,,,True,-33.7
9215,35.667567,-105.882129,7001.2,2592.0,0.5,61,0,,,True,-29.7
9221,35.667592,-105.882166,7004.9,2591.0,0.622,63,56,,,True,-21.7
9222,35.667598,-105.882173,7005.4,2590.8,0.6,63,56,,,True,-19.8
9229,35.667606,-105.882182,7008.3,2590.2,0.425,65,0,,,True,-12.9
9240,35.667603,-105.88218,7011.3,2590.0,0.328,66,0,,,False,-12.0
9243,35.667622,-105.882185,7013.0,2590.0,0.336,67,53,,,True,-10.5
9249,35.667677,-105.882212,7020.4,2589.0,1.011,68,55,,,True,-16.7
9250,35.667683,-105.882222,7021.6,2588.8,1.229,68,55,,,True,-17.9
9255,35.667662,-105.882257,7025.7,2587.6,0.883,68,57,,,True,-23.8
9256,35.667656,-105.882266,7027.5,2587.4,0.983,67,50,,,True,-25.4
9260,35.667636,-105.882293,7030.5,2586.6,0.96,67,0,,,True,-17.1
9264,35.667613,-105.882315,7033.4,2585.8,0.737,66,0,,,True,-20.0
9271,35.667575,-105.882343,7038.6,2585.4,0.736,67,57,,,True,-20.5
9273,35.667568,-105.882346,7039.5,2585.0,0.678,67,60,,,True,-18.7
9278,35.667553,-105.882376,7042.2,2584.2,0.514,67,60,,,True,-22.0
9279,35.667549,-105.882381,7043.0,2584.0,0.583,67,0,,,True,-20.0
9283,35.667517,-105.882407,7047.3,2583.2,1.02,68,51,,,True,-17.5
9285,35.667502,-105.882417,7049.5,2583.0,1.083,69,58,,,True,-17.3
9291,35.667456,-105.882447,7054.8,2582.0,0.938,70,0,,,True,-24.2
9292,35.667453,-105.882455,7055.7,2581.8,0.886,70,0,,,True,-27.6
9297,35.667465,-105.882472,7057.0,2581.2,0.367,73,0,,,False,-41.9
9298,35.667466,-105.882475,7057.2,2580.8,0.25,73,0,,,False,-32.6
9303,35.667485,-105.882496,7059.6,2579.8,0.433,72,0,,,True,-33.3
9305,35.667489,-105.88251,7061.0,2579.4,0.543,72,0,,,True,-28.6
9309,35.667487,-105.882549,7064.6,2578.6,0.833,72,52,,,True,-23.8
9313,35.667487,-105.882582,7067.7,2577.8,0.837,72,0,,,True,-26.5
9315,35.667489,-105.8826,7069.7,2577.4,0.85,72,55,,,True,-23.8
9319,35.667501,-105.882632,7072.3,2576.4,0.767,73,55,,,True,-23.3
9320,35.667504,-105.882646,7073.6,2576.2,0.78,73,55,,,True,-21.2
9325,35.667516,-105.882711,7079.7,2575.0,1.233,73,60,,,True,-14.6
9328,35.66752,-105.882749,7082.9,2574.6,1.162,74,60,,,True,-14.1
9332,35.667527,-105.882811,7088.7,2574.0,1.286,74,122,,,True,-10.5
9335,35.667528,-105.882852,7093.5,2573.4,1.514,74,57,,,True,-8.8
9340,35.66751,-105.882926,7100.7,2572.8,1.5,74,57,,,True,-6.7
9343,35.667492,-105.882975,7105.6,2572.6,1.513,74,57,,,True,-6.7
9349,35.667482,-105.883051,7112.6,2572.4,1.322,74,59,,,True,-10.4
9354,35.667475,-105.883105,7117.5,2571.8,1.082,74,0,,,True,-10.4
9357,35.667466,-105.883151,7121.9,2570.6,1.162,73,0,,,True,-12.8
9365,35.667436,-105.883266,7132.4,2569.8,1.355,72,61,,,True,-12.5
9367,35.667435,-105.883294,7134.5,2569.6,1.26,72,61,,,True,-8.3
9372,35.667456,-105.883353,7139.9,2569.0,1.071,69,57,,,True,-6.1
9373,35.667462,-105.883365,7141.2,2569.0,1.117,69,57,,,True,-6.5
9378,35.667487,-105.883435,7148.7,2568.8,1.467,66,57,,,True,-6.3
9379,35.667492,-105.883447,7149.8,2568.6,1.433,66,57,,,True,-7.7
9388,35.667505,-105.88354,7158.8,2567.8,1.01,66,60,,,True,-16.7
9389,35.667506,-105.883549,7159.5,2567.6,0.97,66,60,,,True,-19.5
9392,35.667516,-105.883577,7161.9,2566.6,0.931,67,60,,,True,-27.0
9396,35.667529,-105.883614,7166.2,2565.4,0.957,68,61,,,True,-26.8
9401,35.667536,-105.883678,7171.4,2564.4,1.056,70,61,,,True,-24.8
9405,35.667524,-105.883717,7175.9,2563.2,1.078,69,62,,,True,-19.9
9408,35.667511,-105.88372,7177.2,2562.8,0.829,70,0,,,True,-17.5
9412,35.667478,-105.883747,7181.3,2562.4,0.771,68,56,,,True,-20.6
9414,35.667463,-105.883764,7184.0,2562.2,1.133,68,57,,,True,-19.0
9418,35.667441,-105.883787,7186.6,2561.0,0.883,68,57,,,True,-18.7
9419,35.667436,-105.883797,7187.7,2560.8,0.74,67,57,,,True,-22.8
9427,35.667411,-105.88387,7195.2,2559.8,0.956,68,61,,,True,-15.5
9428,35.667408,-105.883879,7196.3,2559.4,0.956,67,61,,,True,-15.8
9434,35.667404,-105.883929,7200.8,2558.8,0.8,66,59,,,True,-22.2
9435,35.6674,-105.883934,7201.6,2558.6,0.757,67,59,,,True,-21.1
9439,35.667387,-105.883961,7204.3,2557.6,0.7,67,0,,,True,-21.4
9444,35.667383,-105.884019,7209.6,2556.6,0.889,67,58,,,True,-21.6
9451,35.667362,-105.884098,7216.7,2555.4,1.033,68,61,,,True,-19.5
9455,35.667352,-105.884142,7221.0,2554.4,1.036,68,0,,,True,-21.1
9460,35.667336,-105.88419,7225.8,2553.4,1.011,69,60,,,True,-23.7
9461,35.667333,-105.884204,7226.7,2553.0,0.95,69,60,,,True,-24.1
9464,35.66732,-105.884235,7230.2,2552.2,1.022,69,59,,,True,-27.5
9469,35.667306,-105.884275,7234.3,2551.2,0.95,69,60,,,True,-26.8
9473,35.667292,-105.884329,7238.9,2549.8,0.967,70,59,,,True,-24.4
9476,35.667272,-105.884361,7243.1,2548.6,1.257,71,60,,,True,-23.1
9480,35.667249,-105.884401,7247.4,2548.0,1.214,70,61,,,True,-19.8
9481,35.667243,-105.884415,7249.0,2547.8,1.18,70,118,,,True,-12.7
9482,35.667237,-105.884426,7250.0,2547.6,1.15,71,118,,,True,-14.6
9490,35.667178,-105.884496,7260.4,2546.4,1.267,72,62,,,True,-15.1
9496,35.667124,-105.884513,7266.6,2545.2,1.186,74,68,,,True,-17.6
9497,35.667118,-105.884519,7267.5,2545.0,1.014,74,68,,,True,-23.2
9500,35.667089,-105.884536,7270.5,2544.0,1.01,74,0,,,True,-25.2
9504,35.667052,-105.884556,7275.9,2542.8,1.2,73,56,,,True,-18.2
9505,35.667042,-105.884565,7276.9,2542.6,1.28,73,56,,,True,-12.9
9511,35.666981,-105.884594,7284.0,2542.0,1.157,71,61,,,True,-10.6
9514,35.666982,-105.884619,7286.0,2542.0,1.011,72,57,,,True,-11.7
9516,35.666989,-105.884633,7287.2,2541.6,0.64,71,59,,,True,-15.6
9518,35.666998,-105.88465,7288.9,2541.2,0.7,71,60,,,True,-18.5
9522,35.667017,-105.884686,7293.1,2540.6,0.983,71,59,,,True,-17.2
9526,35.667035,-105.884728,7296.8,2540.0,0.988,71,60,,,True,-16.6
9528,35.667044,-105.884746,7298.8,2539.6,0.95,71,60,,,True,-18.0
9534,35.667078,-105.884784,7304.6,2538.6,0.975,71,56,,,True,-19.0
9535,35.667085,-105.884783,7305.3,2538.4,0.929,71,56,,,True,-16.2
9540,35.667143,-105.884796,7311.5,2537.2,1.15,70,56,,,True,-16.0
9546,35.667209,-105.884802,7319.8,2536.2,1.318,70,61,,,True,-18.4
9547,35.667218,-105.884798,7320.8,2536.0,1.329,69,61,,,True,-17.8
9550,35.667239,-105.884804,7322.7,2535.2,1.12,69,59,,,True,-20.4
9554,35.667285,-105.884831,7328.4,2534.2,1.086,69,59,,,True,-20.1
9561,35.667313,-105.884871,7334.5,2533.2,1.073,69,60,,,True,-14.7
9562,35.667312,-105.884871,7334.7,2533.2,0.788,68,60,,,False,-14.5
9568,35.66736,-105.884912,7340.4,2532.6,0.843,66,0,,,True,-19.8
9571,35.667383,-105.884934,7343.6,2532.0,0.989,65,65,,,True,-21.0
9575,35.667399,-105.884967,7347.6,2530.6,1.029,66,65,,,True,-26.3
9576,35.667397,-105.884981,7349.0,2530.2,1.08,66,65,,,True,-17.8
9578,35.667396,-105.885011,7351.8,2529.6,1.171,66,65,,,True,-11.0
9582,35.667409,-105.88508,7358.2,2529.4,1.533,66,65,,,True,-10.1
9588,35.667409,-105.885166,7365.8,2528.6,1.4,66,59,,,True,-10.8
9589,35.667409,-105.88518,7366.9,2528.4,1.243,66,61,,,True,-17.5
9593,35.667405,-105.885222,7370.4,2527.6,0.92,66,56,,,True,-21.6
9597,35.667391,-105.885269,7375.3,2526.4,1.05,66,56,,,True,-19.0
9598,35.667388,-105.885277,7376.0,2526.4,1.12,66,57,,,True,-18.3
9606,35.667386,-105.885354,7383.7,2525.2,0.933,68,56,,,True,-11.0
9610,35.667382,-105.885344,7384.6,2525.0,0.717,70,0,,,False,-8.8
9614,35.667358,-105.885342,7388.0,2525.0,0.538,68,0,,,True,0.9
9620,35.667329,-105.885429,7396.4,2524.6,1.18,68,0,,,True,-2.9
9627,35.667297,-105.885515,7405.5,2525.4,1.346,68,57,,,True,-2.2
9631,35.667269,-105.885578,7412.1,2524.2,1.427,68,55,,,True,-0.7
9633,35.66726,-105.885606,7414.7,2524.4,1.533,66,55,,,True,-1.9
9641,35.667251,-105.885717,7424.7,2524.4,1.26,66,58,,,True,1.3
9648,35.667214,-105.885831,7436.4,2524.8,1.447,67,57,,,True,2.4
9653,35.667177,-105.885894,7442.8,2524.6,1.508,67,19,,,True,3.8
9657,35.667162,-105.885945,7448.0,2525.2,1.289,69,19,,,True,4.4
9663,35.667128,-105.886028,7455.9,2525.6,1.31,72,59,,,True,6.1
9668,35.667094,-105.886101,7463.5,2526.0,1.409,75,58,,,True,6.2
9672,35.66706,-105.886141,7468.9,2526.2,1.444,78,57,,,True,7.7
9675,35.667028,-105.886171,7473.8,2526.8,1.471,81,57,,,True,9.7
9678,35.667016,-105.886201,7476.8,2527.2,1.317,82,54,,,True,15.6
9680,35.66701,-105.886214,7478.0,2527.4,0.84,83,53,,,True,16.1
9685,35.666962,-105.886255,7484.3,2528.6,1.071,85,54,,,True,18.3
9687,35.666943,-105.88628,7487.5,2529.0,1.357,86,55,,,True,15.6
9689,35.666929,-105.886298,7489.9,2529.6,1.322,87,55,,,True,14.5
9695,35.666879,-105.886343,7497.2,2530.4,1.212,88,54,,,True,14.0
9696,35.666874,-105.886354,7498.1,2530.6,1.171,88,54,,,True,11.8
9702,35.666867,-105.886427,7504.6,2531.4,1.057,89,55,,,True,11.0
9704,35.666865,-105.886452,7506.8,2531.6,1.087,89,56,,,True,8.4
9711,35.666824,-105.88653,7515.3,2532.4,1.189,91,54,,,True,6.5
9719,35.666744,-105.886581,7524.2,2532.8,1.16,91,53,,,True,4.7
9726,35.666672,-105.88655,7532.3,2533.2,1.133,92,53,,,True,-1.7
9733,35.666596,-105.886529,7540.8,2533.2,1.186,92,56,,,True,-2.8
9740,35.666507,-105.886528,7550.5,2531.8,1.3,92,60,,,True,-5.2
9747,35.666423,-105.886513,7559.9,2531.8,1.364,91,58,,,True,-4.5
9749,35.666395,-105.886515,7562.8,2531.6,1.367,91,58,,,True,-3.3
9758,35.666286,-105.886478,7576.0,2531.6,1.464,89,58,,,True,-5.7
9762,35.66624,-105.886469,7580.8,2530.8,1.385,88,59,,,True,-6.3
9766,35.666177,-105.886471,7587.8,2530.2,1.475,88,61,,,True,-13.1
9774,35.666096,-105.886431,7597.9,2529.4,1.425,90,57,,,True,-12.1
9777,35.666057,-105.886419,7602.0,2528.2,1.291,89,77,,,True,-13.9
9782,35.666016,-105.886369,7608.9,2527.4,1.375,88,75,,,True,-18.1
9784,35.666017,-105.886349,7610.8,2527.0,1.257,88,75,,,True,-13.8
9789,35.665995,-105.886304,7616.7,2526.0,1.114,87,79,,,True,-15.4
9796,35.665909,-105.886325,7626.6,2524.8,1.317,86,65,,,True,-15.4
9801,35.665856,-105.886358,7633.5,2523.6,1.4,85,62,,,True,-13.6
9804,35.665845,-105.886367,7635.5,2523.2,1.112,86,59,,,True,-9.4
9812,35.665814,-105.886372,7638.8,2523.0,0.482,88,0,,,True,-3.4
9814,35.665797,-105.886384,7641.5,2523.4,0.6,93,0,,,True,-7.1
9815,35.665789,-105.886392,7642.7,2523.4,0.655,96,0,,,True,-7.7
9817,35.665771,-105.886409,7645.4,2523.2,1.32,99,0,,,True,-12.5
9819,35.665761,-105.88642,7646.7,2522.4,1.04,98,0,,,True,-11.8
9824,35.665699,-105.886451,7654.3,2521.8,1.271,98,120,,,True,-9.9
9827,35.665651,-105.88646,7659.6,2521.4,1.613,98,120,,,True,-5.5
9831,35.665599,-105.886441,7665.7,2521.2,1.629,99,62,,,True,-1.9
9836,35.665536,-105.88644,7672.3,2521.0,1.411,96,59,,,True,0.0
9838,35.665511,-105.886451,7675.1,2521.4,1.343,95,58,,,True,-1.6
9845,35.665443,-105.886509,7683.8,2521.4,1.278,93,56,,,True,-2.8
9851,35.665387,-105.886529,7690.3,2520.8,1.169,92,58,,,True,-6.9
9853,35.665359,-105.886531,7693.5,2520.4,1.212,91,57,,,True,-13.8
9854,35.665347,-105.886531,7695.3,2520.0,1.278,91,57,,,True,-13.8
9856,35.665333,-105.886541,7696.8,2519.6,1.3,91,57,,,True,-13.6
9858,35.665313,-105.88655,7699.1,2519.2,1.12,91,57,,,True,-12.0
9860,35.665279,-105.886548,7703.3,2519.0,1.333,90,58,,,True,-4.3
9861,35.665263,-105.886543,7705.3,2518.8,1.7,90,58,,,True,-7.4
9866,35.665221,-105.886525,7710.9,2519.0,1.267,88,57,,,True,-10.9
9870,35.665182,-105.886507,7715.4,2518.0,1.122,88,58,,,True,-14.8
9872,35.665162,-105.886499,7718.0,2517.4,1.183,87,59,,,True,-23.3
9874,35.665143,-105.886494,7720.2,2516.6,1.163,87,59,,,True,-18.9
9877,35.665109,-105.886485,7723.8,2516.0,1.16,87,59,,,True,-19.4
9883,35.665067,-105.886486,7728.1,2515.6,0.878,87,56,,,True,-12.7
9884,35.665065,-105.88649,7728.3,2515.4,0.643,87,56,,,False,-10.4
9890,35.665002,-105.886504,7734.4,2514.8,0.9,87,56,,,True,-15.7
9892,35.66498,-105.886503,7737.2,2514.6,1.112,86,56,,,True,-13.8
9897,35.66494,-105.886512,7742.1,2513.4,1.1,83,60,,,True,-16.3
9899,35.664926,-105.886527,7744.2,2513.2,1.0,83,60,,,True,-19.0
9904,35.664903,-105.886572,7749.1,2512.4,1.0,82,57,,,True,-17.1
9906,35.664888,-105.886585,7750.9,2512.0,0.957,81,0,,,True,-18.5
9910,35.664868,-105.886569,7753.8,2511.4,0.783,80,57,,,True,-20.9
9911,35.66486,-105.88656,7755.0,2511.2,0.82,80,57,,,True,-20.8
9912,35.664853,-105.886553,7756.1,2511.0,0.867,80,57,,,True,-20.9
9918,35.664805,-105.88655,7760.6,2510.0,0.8,81,58,,,True,-21.8
9922,35.66477,-105.886563,7765.3,2509.0,0.92,81,58,,,True,-22.1
9926,35.664733,-105.886592,7770.6,2507.8,1.25,81,0,,,True,-21.3
9927,35.664723,-105.8866,7771.5,2507.6,1.24,81,0,,,True,-22.6
9934,35.664698,-105.886616,7775.6,2506.8,0.625,81,59,,,True,-20.4
9935,35.664693,-105.886614,7775.9,2506.6,0.55,81,59,,,False,-21.6
9940,35.664648,-105.886602,7781.4,2505.6,0.967,80,54,,,True,-26.7
9941,35.664646,-105.886602,7781.7,2505.4,0.967,80,54,,,True,-25.6
9946,35.664614,-105.886604,7784.9,2504.4,0.583,79,0,,,True,-26.0
9949,35.664591,-105.886611,7787.6,2503.6,0.738,79,0,,,True,-25.0
9950,35.664583,-105.886617,7789.0,2503.4,0.811,79,0,,,True,-20.2
9955,35.664549,-105.886663,7794.5,2502.2,1.15,77,0,,,True,-16.7
9957,35.664542,-105.886685,7796.8,2502.0,1.114,77,0,,,True,-20.4
9964,35.664494,-105.886737,7803.2,2501.0,0.967,77,0,,,True,-25.2
9967,35.664475,-105.886751,7805.7,2500.0,0.89,77,0,,,True,-24.2
9971,35.664453,-105.886764,7808.0,2498.8,0.686,76,0,,,True,-24.6
9974,35.664429,-105.886794,7812.5,2498.2,0.971,75,122,,,True,-20.3
9978,35.664415,-105.88683,7816.2,2497.8,1.171,76,122,,,True,-15.3
9982,35.664402,-105.886852,7818.5,2497.4,0.75,77,0,,,True,-20.3
9985,35.664385,-105.886877,7821.1,2496.8,0.7,77,0,,,True,-23.5
9989,35.664365,-105.886917,7825.3,2495.6,0.971,77,62,,,True,-25.2
9990,35.664361,-105.886927,7826.4,2495.4,1.06,77,62,,,True,-26.8
9993,35.664351,-105.886926,7827.5,2494.8,0.8,78,0,,,True,-26.2
9995,35.664335,-105.886923,7829.6,2494.6,0.64,80,0,,,True,-19.8
9997,35.664326,-105.88692,7830.8,2494.2,0.629,83,0,,,True,-17.7
10002,35.66429,-105.886939,7834.1,2493.4,0.643,86,0,,,True,-19.4
10004,35.664276,-105.886955,7837.4,2493.2,0.943,90,61,,,True,-17.9
10006,35.664275,-105.886972,7838.8,2492.8,0.889,91,61,,,True,-18.3
10009,35.664261,-105.887003,7842.0,2492.2,0.92,91,57,,,True,-21.3
10013,35.664224,-105.887014,7846.1,2491.2,1.043,91,0,,,True,-18.2
10017,35.664179,-105.887059,7851.5,2490.2,1.188,94,0,,,True,-14.7
10018,35.664164,-105.887076,7854.2,2490.0,1.62,94,0,,,True,-16.0
10020,35.664139,-105.887104,7858.3,2489.8,1.743,95,0,,,True,-19.4
10025,35.664113,-105.887137,7862.4,2488.6,1.171,95,75,,,True,-24.8
10027,35.664105,-105.88715,7863.9,2487.8,0.8,94,75,,,True,-27.2
10028,35.664103,-105.887159,7864.7,2487.4,0.8,94,75,,,True,-24.7
10032,35.664092,-105.887224,7870.8,2486.4,1.38,95,75,,,True,-21.4
10033,35.664088,-105.887233,7871.7,2486.2,1.4,95,75,,,True,-21.9
10038,35.664053,-105.887281,7877.0,2485.0,1.033,98,65,,,True,-27.8
10040,35.664043,-105.88729,7878.4,2484.4,0.957,99,65,,,True,-25.0
10042,35.664031,-105.887295,7879.4,2483.8,0.856,98,65,,,True,-23.4
10044,35.664011,-105.887293,7881.6,2483.4,0.767,97,65,,,True,-25.0
10047,35.663989,-105.887278,7884.5,2483.0,1.02,96,65,,,True,-16.3
10049,35.663979,-105.887268,7886.4,2482.8,0.96,95,61,,,True,-15.8
10052,35.663955,-105.887279,7889.0,2482.0,0.9,94,61,,,True,-7.3
10054,35.663928,-105.8873,7891.7,2481.8,1.06,93,0,,,True,-9.9
10060,35.663842,-105.887375,7903.8,2481.6,1.85,92,72,,,True,-8.1
10064,35.6638,-105.887424,7910.6,2480.4,1.89,94,76,,,True,-9.1
10065,35.663795,-105.887433,7911.2,2480.2,1.48,95,76,,,True,-13.8
10072,35.663776,-105.887475,7915.9,2479.6,0.662,97,0,,,True,-10.5
10077,35.66377,-105.88752,7919.7,2479.4,0.708,95,0,,,True,-9.8
10083,35.663806,-105.887577,7925.8,2478.8,0.9,95,0,,,True,-10.1
10085,35.663831,-105.88759,7929.5,2478.4,1.225,94,0,,,True,-9.9
10090,35.663861,-105.887592,7933.7,2477.8,1.129,94,60,,,True,-14.5
10095,35.663853,-105.887595,7933.9,2478.0,0.44,92,0,,,False,-15.9
10098,35.663854,-105.887598,7933.9,2478.0,0.025,91,0,,,False,-18.7
10103,35.663909,-105.887596,7938.2,2477.0,0.538,90,0,,,True,-21.0
10104,35.663924,-105.887599,7940.8,2476.6,1.15,90,0,,,True,-17.8
10106,35.663947,-105.887606,7944.4,2475.8,1.313,90,71,,,True,-15.5
10110,35.664004,-105.88761,7950.8,2475.0,1.667,91,71,,,True,-15.0
10112,35.664018,-105.88761,7952.4,2474.8,1.333,94,76,,,True,-12.9
10118,35.664072,-105.887609,7958.1,2474.0,0.913,95,76,,,True,-20.0
10120,35.664079,-105.887618,7959.9,2473.8,0.938,95,61,,,True,-18.3
10125,35.664107,-105.887646,7962.8,2472.6,0.671,94,0,,,True,-18.7
10129,35.664175,-105.887668,7971.0,2471.4,1.233,94,0,,,True,-16.7
10130,35.664193,-105.88767,7973.1,2471.2,2.06,94,0,,,True,-13.7
10134,35.664257,-105.887669,7980.3,2470.4,1.86,95,77,,,True,-9.7
10136,35.664288,-105.887679,7983.3,2469.8,1.7,96,77,,,True,-7.4
10141,35.664339,-105.887667,7989.5,2469.6,1.314,99,65,,,True,-7.6
10143,35.664356,-105.887658,7992.0,2469.8,1.243,100,65,,,True,-9.4
10148,35.664389,-105.887636,7996.1,2469.2,0.943,102,58,,,True,-12.3
10151,35.664431,-105.887617,8000.4,2468.2,1.05,100,58,,,True,-11.0
10152,35.664448,-105.887609,8002.5,2468.0,1.167,100,58,,,True,-10.3
10157,35.66451,-105.887584,8010.2,2467.8,1.633,97,60,,,True,-7.7
10159,35.664532,-105.887565,8013.5,2467.4,1.571,95,60,,,True,-9.1
10161,35.664555,-105.887558,8015.9,2467.0,1.489,94,60,,,True,-7.9
10166,35.664617,-105.887538,8022.3,2466.2,1.257,92,60,,,True,-7.8
10173,35.664685,-105.887505,8030.5,2466.2,1.217,91,60,,,True,-7.3
10174,35.664696,-105.887503,8031.5,2466.0,1.15,90,58,,,True,-5.4
10175,35.664704,-105.887502,8032.3,2465.8,1.111,90,58,,,True,-12.0
10179,35.664742,-105.887515,8037.0,2465.4,1.1,89,59,,,True,-10.7
10181,35.664763,-105.887542,8040.5,2465.0,1.367,88,59,,,True,-11.7
10182,35.664776,-105.887562,8042.7,2464.8,1.486,88,0,,,True,-14.4
10185,35.664788,-105.887589,8046.0,2464.2,1.5,86,0,,,True,-13.1
10187,35.664795,-105.887612,8048.1,2463.8,1.08,86,0,,,True,-13.7
10188,35.664801,-105.887624,8049.2,2463.6,1.083,85,0,,,True,-10.9
10192,35.664845,-105.887667,8055.8,2463.0,1.54,84,0,,,True,-9.7
10195,35.664875,-105.887696,8058.9,2462.8,1.386,86,0,,,True,-10.2
10197,35.664893,-105.887723,8062.5,2462.4,1.34,87,0,,,True,-10.8
10201,35.664939,-105.887764,8068.8,2461.6,1.65,88,64,,,True,-10.0
10204,35.664971,-105.8878,8074.4,2461.0,1.7,88,62,,,True,-9.2
10208,35.665006,-105.887857,8080.8,2460.6,1.714,89,60,,,True,-8.2
10211,35.665032,-105.887903,8086.4,2460.2,1.714,89,59,,,True,-7.3
10216,35.665095,-105.887941,8093.2,2459.6,1.55,89,60,,,True,-7.3
10219,35.66514,-105.88797,8099.2,2459.2,1.6,90,60,,,True,-6.6
10225,35.665196,-105.88806,8110.9,2458.4,1.967,88,58,,,True,-7.5
10232,35.665242,-105.888137,8119.5,2458.0,1.562,87,59,,,True,-9.1
10236,35.665274,-105.888175,8122.4,2457.4,1.045,86,58,,,True,-12.1
10239,35.6653,-105.888187,8125.5,2456.8,0.857,85,58,,,True,-14.0
10242,35.665322,-105.888156,8127.4,2456.4,0.833,84,58,,,True,-12.3
10247,35.665355,-105.888097,8135.2,2455.8,1.212,83,58,,,True,-10.8
10250,35.665376,-105.888054,8138.6,2455.4,1.4,80,58,,,True,-9.2
10251,35.665384,-105.888038,8140.3,2455.2,1.433,80,58,,,True,-10.8
10256,35.665424,-105.887966,8149.1,2454.4,1.75,78,59,,,True,-13.9
10258,35.665442,-105.887952,8151.9,2454.0,1.657,78,59,,,True,-15.0
10263,35.665476,-105.887975,8154.4,2453.2,0.757,78,59,,,True,-16.9
10264,35.665484,-105.887979,8155.0,2453.0,0.517,77,59,,,True,-17.6
10266,35.665504,-105.88799,8156.4,2452.6,0.563,77,62,,,True,-8.7
10269,35.665545,-105.888,8162.1,2452.2,1.42,78,61,,,True,-8.0
10270,35.665558,-105.888004,8163.8,2452.0,1.467,78,60,,,True,-0.7
10276,35.665655,-105.887992,8175.1,2451.4,1.857,78,60,,,True,2.1
10283,35.665726,-105.887992,8183.1,2452.4,1.485,79,57,,,True,2.2
10289,35.665794,-105.888008,8191.1,2452.8,1.231,79,55,,,True,4.3
10294,35.665871,-105.887985,8200.2,2452.8,1.555,80,58,,,True,2.1
10300,35.665944,-105.887987,8207.4,2452.8,1.482,80,58,,,True,1.5
10304,35.665985,-105.887999,8212.0,2453.0,1.18,81,58,,,True,4.7
10309,35.666039,-105.888028,8218.4,2453.2,1.222,83,60,,,True,6.8
10316,35.66612,-105.888095,8229.9,2454.2,1.492,86,59,,,True,6.6
10317,35.666129,-105.8881,8231.1,2454.4,1.588,87,58,,,True,6.1
10323,35.66618,-105.888153,8239.3,2454.8,1.343,89,0,,,True,2.1
10331,35.666291,-105.888169,8251.0,2455.2,1.421,89,57,,,True,-1.0
10338,35.666364,-105.88821,8259.0,2454.8,1.313,91,57,,,True,-4.5
10344,35.666424,-105.888299,8269.6,2454.0,1.431,92,60,,,True,-8.9
10348,35.666459,-105.888331,8274.6,2453.2,1.56,92,67,,,True,-6.2
10349,35.666469,-105.88834,8275.6,2453.0,1.2,92,67,,,True,-0.6
10357,35.666569,-105.888372,8288.1,2453.0,1.5,91,57,,,True,1.9
10366,35.666681,-105.888344,8301.2,2453.8,1.506,89,57,,,True,2.4
10372,35.666719,-105.888294,8307.0,2453.8,1.26,86,57,,,True,4.2
10374,35.666729,-105.888276,8309.0,2453.8,0.975,85,58,,,True,3.4
10376,35.666743,-105.888259,8311.8,2454.0,1.06,85,58,,,True,3.7
10382,35.666812,-105.888227,8318.6,2454.4,1.2,85,59,,,True,2.5
10387,35.666852,-105.888212,8323.3,2454.4,1.045,84,51,,,True,0.0
10388,35.666862,-105.888206,8324.8,2454.2,1.033,84,51,,,True,-5.0
10395,35.666935,-105.888178,8333.3,2454.0,1.25,82,57,,,True,-7.0
10400,35.666992,-105.888243,8342.8,2453.2,1.5,81,57,,,True,-4.3
10402,35.66701,-105.888275,8346.0,2452.8,1.814,82,57,,,True,-2.4
10406,35.667053,-105.888326,8352.6,2453.0,1.633,81,57,,,True,3.6
10413,35.667099,-105.888363,8358.1,2453.4,1.1,80,57,,,True,6.3
10418,35.667153,-105.888401,8365.0,2454.0,1.033,80,57,,,True,9.7
10420,35.667184,-105.888413,8368.2,2454.2,1.443,81,57,,,True,11.0
10424,35.66722,-105.888427,8373.3,2455.0,1.383,81,53,,,True,8.6
10426,35.667243,-105.888443,8376.2,2455.4,1.333,81,54,,,True,7.5
10430,35.667301,-105.888476,8383.5,2455.6,1.7,84,53,,,True,3.3
10432,35.667332,-105.888486,8386.8,2455.6,1.767,84,53,,,True,1.2
10437,35.667378,-105.888511,8391.3,2455.6,1.114,87,58,,,True,0.0
10438,35.667389,-105.888512,8392.9,2455.6,1.017,87,58,,,True,-1.3
10445,35.667473,-105.888585,8405.0,2455.6,1.713,88,0,,,True,-1.7
10453,35.667538,-105.888662,8416.5,2455.2,1.573,87,59,,,True,-3.8
10460,35.667637,-105.888643,8425.8,2455.0,1.387,87,57,,,True,-5.8
10467,35.667697,-105.888565,8435.4,2454.0,1.35,87,0,,,True,-5.6
10468,35.667702,-105.888559,8435.8,2453.8,1.25,87,0,,,True,-6.4
10474,35.667766,-105.888496,8445.1,2453.6,1.386,87,60,,,True,-6.5
10481,35.66785,-105.888459,8454.0,2453.2,1.4,87,0,,,True,-6.3
10484,35.667871,-105.888434,8457.1,2452.6,1.2,86,57,,,True,-5.9
10487,35.667897,-105.888398,8461.1,2452.2,1.183,86,57,,,True,-3.0
10493,35.667982,-105.888341,8472.3,2452.0,1.689,86,58,,,True,-4.0
10499,35.668054,-105.888354,8480.9,2452.4,1.65,86,0,,,True,-5.5
10503,35.668117,-105.888355,8487.2,2451.4,1.49,86,55,,,True,-7.5
10505,35.668144,-105.888344,8490.1,2450.6,1.533,85,60,,,True,-13.6
10510,35.668191,-105.888305,8496.3,2450.2,1.3,86,59,,,True,-14.6
10511,35.668195,-105.888297,8497.1,2450.2,1.167,86,59,,,True,-13.8
10516,35.668215,-105.888241,8502.3,2449.2,1.0,87,58,,,True,-19.3
10518,35.668219,-105.888213,8504.6,2448.6,1.071,87,61,,,True,-15.1
10521,35.668224,-105.888178,8507.7,2448.0,1.08,86,61,,,True,-11.8
10525,35.668241,-105.888107,8514.3,2447.6,1.386,84,58,,,True,-10.8
10529,35.668284,-105.888052,8521.0,2447.0,1.662,84,57,,,True,-8.4
10532,35.66831,-105.888021,8524.9,2446.4,1.514,84,60,,,True,-9.6
10534,35.668341,-105.888015,8529.1,2446.2,1.62,84,60,,,True,-8.1
10535,35.668354,-105.888013,8530.9,2446.0,1.65,85,62,,,True,-5.7
10538,35.668392,-105.888011,8535.9,2445.8,1.833,84,59,,,True,-3.5
10544,35.668473,-105.888041,8546.0,2445.2,1.678,82,56,,,True,-2.4
10551,35.668581,-105.888069,8557.7,2445.2,1.677,83,57,,,True,-2.1
10557,35.668649,-105.88808,8564.6,2445.2,1.431,82,58,,,True,-1.3
10563,35.668729,-105.8881,8574.6,2445.0,1.408,81,0,,,True,-4.9
10564,35.668744,-105.888106,8576.2,2444.8,1.657,81,0,,,True,-8.9
10569,35.668798,-105.888145,8582.2,2444.0,1.267,82,57,,,True,-10.4
10576,35.668859,-105.88821,8591.6,2442.8,1.283,81,61,,,True,-10.0
10582,35.668936,-105.888262,8601.4,2442.2,1.477,80,58,,,True,-9.4
10585,35.668972,-105.88829,8606.1,2441.8,1.611,79,57,,,True,-7.6
10590,35.669023,-105.888347,8614.1,2441.0,1.588,79,60,,,True,-7.5
10593,35.669062,-105.888387,8620.5,2440.6,1.8,78,58,,,True,-7.6
10597,35.669093,-105.888417,8625.4,2440.4,1.614,77,57,,,True,-6.6
10604,35.669161,-105.888491,8635.0,2439.6,1.318,77,57,,,True,-6.2
10605,35.669163,-105.888501,8635.4,2439.6,1.25,77,57,,,True,-7.0
10613,35.669199,-105.888611,8646.1,2439.0,1.233,77,57,,,True,-7.4
10616,35.669214,-105.888666,8651.2,2438.6,1.436,77,59,,,True,-7.2
10619,35.669222,-105.888716,8656.7,2438.0,1.767,77,57,,,True,-8.0
10626,35.66924,-105.888818,8665.9,2437.4,1.47,77,57,,,True,-10.0
10628,35.66925,-105.888848,8668.5,2437.2,1.311,77,58,,,True,-9.9
10633,35.669258,-105.888903,8673.2,2436.4,1.043,77,56,,,True,-10.3
10634,35.669261,-105.88892,8674.9,2436.2,1.067,77,56,,,True,-10.9
10641,35.669297,-105.889013,8685.3,2435.4,1.512,77,115,,,True,-9.5
10642,35.669303,-105.889029,8686.8,2435.2,1.487,77,115,,,True,-10.7
10647,35.669329,-105.889096,8694.2,2434.4,1.483,77,58,,,True,-11.8
10652,35.669343,-105.889156,8699.2,2433.6,1.24,76,57,,,True,-12.0
10655,35.669355,-105.88921,8703.9,2433.2,1.212,76,57,,,True,-12.3
10659,35.669353,-105.889261,8708.5,2432.6,1.329,76,59,,,True,-11.9
10662,35.669348,-105.889293,8712.1,2432.2,1.171,75,58,,,True,-12.2
10666,35.66936,-105.889345,8716.0,2431.6,1.071,76,57,,,True,-7.4
10667,35.669365,-105.889368,8718.7,2431.4,1.32,75,58,,,True,-5.5
10671,35.669373,-105.889457,8727.5,2431.2,2.3,75,58,,,True,-3.5
10675,35.669369,-105.88952,8733.8,2431.0,1.887,76,57,,,True,-4.6
10683,35.669368,-105.889643,8744.4,2430.6,1.408,76,55,,,True,-6.0
10689,35.669387,-105.889698,8749.4,2430.0,1.114,78,60,,,True,-6.5
10692,35.669396,-105.889747,8754.0,2429.6,1.067,78,56,,,True,-8.4
10699,35.669416,-105.889849,8764.6,2429.0,1.52,79,58,,,True,-9.2
10700,35.669418,-105.889861,8765.8,2428.8,1.475,79,58,,,True,-9.8
10706,35.669427,-105.889951,8773.2,2427.8,1.229,77,57,,,True,-14.2
10707,35.669426,-105.889965,8774.5,2427.6,1.243,77,57,,,True,-11.7
10713,35.669404,-105.890044,8781.5,2426.6,1.186,77,57,,,True,-8.2
10716,35.669386,-105.890086,8786.4,2426.4,1.322,76,57,,,True,-6.4
10725,35.669333,-105.890186,8797.7,2425.8,1.35,76,57,,,True,-3.0
10727,35.669316,-105.89019,8799.4,2426.0,1.182,75,58,,,True,-5.1
10730,35.669304,-105.890211,8801.7,2426.0,0.8,75,57,,,True,-16.9
10731,35.669302,-105.890222,8802.1,2425.6,0.733,75,57,,,True,-20.8
10734,35.669291,-105.890262,8806.0,2424.4,0.943,76,53,,,True,-24.3
10739,35.669278,-105.890324,8811.9,2423.4,1.225,78,55,,,True,-17.8
10740,35.669278,-105.890338,8813.2,2423.2,1.2,78,55,,,True,-15.6
10746,35.669275,-105.890403,8820.1,2422.4,1.171,76,59,,,True,-13.6
10747,35.669274,-105.890416,8821.4,2422.0,1.171,76,58,,,True,-12.4
10752,35.669262,-105.890506,8829.5,2421.0,1.567,74,57,,,True,-11.9
10753,35.669257,-105.890523,8830.9,2421.0,1.583,74,57,,,True,-11.6
10757,35.669241,-105.890569,8835.2,2420.6,1.14,73,56,,,True,-6.9
10761,35.669232,-105.890621,8840.3,2419.8,1.175,73,56,,,True,-7.3
10766,35.669209,-105.890685,8846.8,2419.8,1.289,71,58,,,True,-7.9
10773,35.669186,-105.89078,8855.6,2419.2,1.275,72,0,,,True,-7.5
10775,35.669182,-105.890809,8858.0,2418.8,1.244,71,62,,,True,-12.8
10779,35.669186,-105.89085,8861.5,2418.2,0.983,71,62,,,True,-17.2
10782,35.669196,-105.890883,8864.0,2417.6,0.857,71,57,,,True,-17.3
10783,35.669201,-105.890892,8865.1,2417.4,0.888,71,57,,,True,-14.3
10788,35.669246,-105.890927,8871.9,2416.4,1.317,70,58,,,True,-12.2
10794,35.669315,-105.890967,8881.1,2415.4,1.455,71,59,,,True,-12.1
10797,35.66935,-105.890973,8885.3,2415.0,1.489,71,58,,,True,-11.7
10803,35.669412,-105.890945,8891.5,2414.2,1.156,71,58,,,True,-12.4
10804,35.669424,-105.890939,8892.5,2414.0,1.029,72,58,,,True,-12.5
10808,35.669473,-105.890932,8898.8,2413.2,1.46,72,57,,,True,-11.6
10811,35.669522,-105.890925,8904.5,2412.6,1.714,71,58,,,True,-10.8
10814,35.669554,-105.890918,8908.8,2412.2,1.667,71,57,,,True,-5.3
10817,35.669583,-105.890928,8911.0,2412.0,1.083,71,58,,,True,-6.1
10824,35.66965,-105.890944,8917.8,2412.2,0.9,71,57,,,True,-9.9
10826,35.669674,-105.890927,8921.0,2411.6,1.111,71,57,,,True,-15.0
10828,35.669695,-105.890916,8922.9,2410.8,1.082,71,56,,,True,-15.9
10830,35.669719,-105.890908,8925.7,2409.8,1.317,71,56,,,True,-15.5
10831,35.669735,-105.89091,8927.6,2409.4,1.32,72,60,,,True,-11.6
10837,35.669822,-105.890962,8940.4,2408.6,2.1,72,58,,,True,-4.2
10838,35.669833,-105.890972,8941.8,2408.6,2.029,71,58,,,True,-6.1
10846,35.669902,-105.891065,8954.2,2408.6,1.533,72,59,,,True,-6.4
10850,35.669953,-105.891101,8960.2,2407.4,1.533,73,0,,,True,-5.8
10851,35.66997,-105.891108,8962.3,2407.2,1.62,72,0,,,True,-3.6
10858,35.670033,-105.891139,8969.2,2407.0,1.125,71,57,,,True,-0.6
10866,35.670133,-105.891198,8982.3,2407.6,1.333,71,57,,,True,-2.6
10872,35.670173,-105.891289,8992.2,2407.2,1.643,71,57,,,True,-2.8
10877,35.670189,-105.891387,9001.2,2406.2,1.718,72,59,,,True,-7.5
10879,35.670191,-105.891422,9004.3,2406.0,1.729,72,59,,,True,-8.2
10885,35.670201,-105.891475,9009.1,2405.6,0.987,71,58,,,True,-6.4
10889,35.670215,-105.891527,9014.2,2405.4,0.99,72,57,,,True,-5.1
10891,35.67022,-105.891557,9016.8,2405.2,1.283,71,57,,,True,-2.9
10898,35.670239,-105.891674,9027.9,2404.8,1.522,72,59,,,True,-2.0
10904,35.670254,-105.891762,9036.5,2404.8,1.515,72,55,,,True,-1.6
10911,35.670293,-105.891847,9044.3,2404.8,1.262,71,115,,,True,-2.6
10918,35.670335,-105.891931,9053.7,2404.6,1.229,72,115,,,True,-5.1
10921,35.670341,-105.891985,9059.0,2404.0,1.47,73,55,,,True,-5.6
10924,35.670344,-105.892037,9063.7,2403.4,1.667,73,57,,,True,-6.8
10931,35.670355,-105.892148,9073.1,2403.2,1.41,72,58,,,True,-5.5
10938,35.670351,-105.892162,9077.1,2403.0,0.957,72,0,,,True,-4.0
10939,35.670352,-105.89216,9077.1,2403.0,0.5,72,0,,,False,-6.6
10946,35.670345,-105.892232,9083.7,2402.6,0.825,75,0,,,True,-5.6
10947,35.670343,-105.892252,9085.3,2402.4,1.025,81,0,,,True,-4.7
10948,35.670339,-105.892274,9087.8,2402.4,1.189,93,0,,,True,-1.7
10949,35.670335,-105.892293,9089.9,2402.4,1.28,99,0,,,True,3.7
10953,35.670325,-105.892356,9095.5,2402.4,1.54,102,54,,,True,3.2
10960,35.670308,-105.892425,9101.6,2403.0,1.064,102,56,,,True,3.6
10968,35.670269,-105.892539,9112.5,2403.2,1.133,102,55,,,True,3.1
10976,35.670219,-105.892638,9123.5,2403.6,1.369,102,56,,,True,-0.5
10983,35.670163,-105.892733,9133.6,2403.6,1.407,102,55,,,True,-2.7
10992,35.670102,-105.892838,9145.6,2402.8,1.381,103,59,,,True,-5.5
10999,35.670025,-105.892904,9156.7,2402.0,1.444,103,57,,,True,-7.6
11005,35.669974,-105.892962,9163.3,2401.4,1.362,103,57,,,True,-8.4
11009,35.669945,-105.892999,9167.8,2401.0,1.11,103,57,,,True,-8.6
11012,35.669917,-105.893014,9171.7,2400.6,1.2,103,57,,,True,-8.8
11013,35.669906,-105.89302,9173.0,2400.6,1.213,103,57,,,True,-10.8
11018,35.669867,-105.893059,9179.3,2400.0,1.267,102,57,,,True,-10.3
11020,35.669852,-105.893088,9182.6,2399.4,1.371,102,57,,,True,-13.6
11024,35.669827,-105.893129,9187.3,2399.0,1.333,101,55,,,True,-16.3
11028,35.669784,-105.893149,9192.1,2398.0,1.188,101,57,,,True,-12.9
11029,35.669775,-105.893154,9192.8,2397.8,1.1,101,60,,,True,-15.0
11037,35.669715,-105.893197,9199.7,2397.2,0.844,100,57,,,True,-10.6
11039,35.669692,-105.893197,9202.0,2396.8,0.92,99,65,,,True,-8.6
11047,35.669612,-105.893235,9212.8,2395.8,1.31,97,57,,,True,-10.4
11050,35.669589,-105.893255,9216.1,2395.8,1.282,97,57,,,True,-9.8
11055,35.669537,-105.893289,9222.8,2394.8,1.25,97,58,,,True,-9.4
11056,35.669524,-105.893294,9224.5,2394.6,1.4,97,59,,,True,-10.1
11063,35.669435,-105.893342,9234.1,2393.8,1.413,96,57,,,True,-7.9
11067,35.669389,-105.893363,9239.8,2393.4,1.391,96,57,,,True,-3.3
11070,35.669356,-105.893366,9243.0,2393.2,1.271,96,57,,,True,-2.4
11078,35.669261,-105.8934,9254.9,2393.6,1.373,96,56,,,True,-2.1
11087,35.669152,-105.893426,9267.1,2393.0,1.418,94,57,,,True,-2.2
11095,35.669064,-105.893458,9277.9,2392.6,1.353,94,57,,,True,-4.1
11096,35.669053,-105.893463,9279.1,2392.4,1.333,94,57,,,True,-3.5
11104,35.668968,-105.893512,9289.0,2392.2,1.233,94,56,,,True,-3.6
11113,35.668871,-105.893578,9301.3,2391.8,1.306,94,57,,,True,-3.6
11120,35.668798,-105.893637,9311.0,2391.4,1.375,94,56,,,True,-6.2
11121,35.668786,-105.893643,9312.5,2391.2,1.4,93,56,,,True,-9.5
11127,35.668744,-105.893679,9318.0,2390.4,1.0,94,58,,,True,-12.3
11130,35.668714,-105.893704,9322.4,2389.8,1.1,94,59,,,True,-12.9
11134,35.668682,-105.893741,9327.2,2389.4,1.314,94,58,,,True,-10.7
11138,35.66865,-105.893768,9331.1,2388.8,1.088,94,57,,,True,-9.6
11143,35.668608,-105.893829,9338.6,2388.2,1.267,93,57,,,True,-9.4
11147,35.668579,-105.893866,9343.3,2387.8,1.356,93,55,,,True,-7.3
11153,35.668538,-105.893929,9350.6,2387.2,1.2,91,58,,,True,-9.4
11157,35.668504,-105.893972,9355.9,2387.0,1.26,90,58,,,True,-9.6
11161,35.66847,-105.894023,9362.0,2386.0,1.425,90,112,,,True,-10.5
11163,35.668466,-105.894047,9364.1,2385.8,1.367,90,112,,,True,-11.2
11170,35.668435,-105.894137,9373.5,2384.8,1.278,90,57,,,True,-5.9
11176,35.668393,-105.894205,9380.8,2384.2,1.285,90,117,,,True,-8.0
11181,35.668386,-105.894215,9382.3,2384.8,0.8,90,59,,,False,-5.3
11188,35.668349,-105.894267,9389.0,2383.8,0.683,89,0,,,True,-2.7
11195,35.668294,-105.894316,9396.1,2383.6,0.986,89,55,,,True,-8.6
11202,35.668233,-105.894348,9402.8,2383.6,0.986,88,0,,,True,-7.6
11205,35.668215,-105.89437,9405.6,2382.8,0.95,88,0,,,True,-5.6
11210,35.668164,-105.894416,9412.7,2382.0,1.238,88,55,,,True,-6.0
11217,35.668119,-105.894494,9421.0,2382.2,1.283,87,56,,,True,-3.1
11224,35.668078,-105.894571,9429.6,2382.0,1.207,84,56,,,True,-0.9
11225,35.668067,-105.894589,9431.6,2382.0,1.325,84,56,,,True,-2.2
11227,35.66805,-105.894614,9434.5,2381.8,1.35,84,55,,,True,-5.0
11232,35.668021,-105.89465,9439.2,2381.8,1.086,83,55,,,True,-5.8
11239,35.66794,-105.894694,9449.5,2381.0,1.25,84,56,,,True,-9.8
11241,35.667924,-105.894714,9452.3,2380.8,1.456,85,109,,,True,-13.6
11247,35.667883,-105.894724,9457.0,2379.6,0.938,85,57,,,True,-18.8
11253,35.667839,-105.894749,9461.3,2378.8,0.75,85,115,,,True,-17.2
11254,35.667832,-105.894755,9462.3,2378.6,0.757,84,115,,,True,-11.0
11259,35.667775,-105.89478,9469.7,2377.8,1.4,85,110,,,True,-8.9
11265,35.667721,-105.894794,9475.1,2377.6,1.164,87,113,,,True,-9.0
11266,35.667706,-105.894794,9477.1,2377.4,1.057,86,113,,,True,-8.4
11273,35.667634,-105.894813,9484.5,2376.6,1.175,87,60,,,True,-10.7
11274,35.667621,-105.894823,9486.4,2376.4,1.162,87,105,,,True,-11.6
11279,35.66761,-105.894882,9492.0,2375.8,1.25,87,55,,,True,-18.5
11281,35.667619,-105.894906,9494.3,2375.4,1.129,88,55,,,True,-21.0
11286,35.667646,-105.894929,9497.5,2374.2,0.786,88,62,,,True,-27.1
11291,35.66769,-105.89494,9502.6,2373.0,0.83,85,0,,,True,-27.4
11293,35.667702,-105.894943,9503.8,2372.6,0.9,88,62,,,True,-20.0
11294,35.667708,-105.894945,9504.2,2372.4,0.838,92,62,,,True,-17.2
11296,35.667726,-105.894959,9506.7,2372.0,0.82,94,58,,,True,-15.5
11301,35.667771,-105.894974,9511.5,2371.4,1.043,93,0,,,True,-15.1
11304,35.66778,-105.895006,9515.4,2370.8,1.087,93,61,,,True,-15.2
11307,35.667764,-105.895043,9518.8,2370.2,1.217,92,54,,,True,-14.1
11309,35.667751,-105.895059,9521.2,2369.8,1.16,92,54,,,True,-16.8
11316,35.667686,-105.895063,9528.5,2369.0,1.078,90,60,,,True,-16.3
11318,35.66769,-105.895067,9529.7,2368.4,0.944,90,55,,,True,-18.0
11319,35.6677,-105.895069,9531.1,2368.2,0.99,90,55,,,True,-22.2
11321,35.667715,-105.895072,9532.3,2367.8,0.76,91,53,,,True,-19.0
11323,35.667731,-105.895083,9534.3,2367.4,0.92,91,53,,,True,-20.4
11328,35.667763,-105.895122,9540.2,2366.4,1.129,91,57,,,True,-15.8
11329,35.66776,-105.895133,9540.7,2366.2,1.067,91,57,,,True,-15.2
11330,35.667757,-105.895145,9541.9,2366.0,1.086,91,57,,,True,-10.5
11335,35.667717,-105.895183,9548.8,2365.2,1.35,91,57,,,True,-9.8
11336,35.667708,-105.895188,9550.0,2364.8,1.35,91,0,,,True,-9.2
11343,35.667632,-105.89525,9561.2,2364.2,1.55,91,59,,,True,-8.0
11345,35.667614,-105.895271,9563.7,2364.0,1.522,90,59,,,True,-6.3
11350,35.667572,-105.895317,9568.8,2363.6,1.086,89,57,,,True,-7.4
11357,35.667507,-105.89538,9578.4,2363.0,1.225,89,58,,,True,-5.0
11358,35.667499,-105.895392,9580.1,2362.8,1.413,90,58,,,True,-8.5
11364,35.667487,-105.895467,9587.8,2362.8,1.343,89,56,,,True,-11.4
11369,35.66746,-105.895514,9592.3,2361.6,1.109,90,0,,,True,-11.1
11371,35.667444,-105.895536,9594.2,2361.2,0.914,90,0,,,True,-15.0
11375,35.667415,-105.895581,9600.0,2360.6,1.283,88,59,,,True,-10.7
11379,35.667394,-105.895614,9603.8,2360.4,1.2,89,58,,,True,-8.8
11385,35.667347,-105.895642,9609.1,2359.8,0.91,86,60,,,True,-12.9
11387,35.667335,-105.895658,9612.4,2359.6,1.075,84,58,,,True,-17.5
11392,35.667305,-105.895698,9617.1,2358.4,1.143,82,56,,,True,-20.2
11396,35.667298,-105.895727,9619.8,2357.6,0.822,81,58,,,True,-22.7
11397,35.667293,-105.895737,9621.0,2357.4,0.78,80,58,,,True,-20.8
11403,35.667256,-105.895785,9626.5,2356.4,0.957,79,59,,,True,-15.0
11404,35.66725,-105.895794,9627.7,2356.2,0.957,79,59,,,True,-14.8
11410,35.667216,-105.895853,9634.5,2355.4,1.143,80,59,,,True,-15.5
11413,35.667194,-105.895869,9637.2,2355.0,1.056,80,59,,,True,-18.4
11416,35.667171,-105.8959,9640.7,2354.2,1.033,80,0,,,True,-21.1
11422,35.667152,-105.895938,9645.1,2353.0,0.878,80,62,,,True,-17.1
11423,35.667159,-105.895936,9645.9,2353.0,0.743,80,62,,,True,-12.5
11427,35.667205,-105.895911,9651.2,2352.6,1.22,81,56,,,True,-8.3
11433,35.667251,-105.895916,9656.7,2352.2,1.08,80,55,,,True,-10.9
11434,35.667259,-105.895919,9657.2,2352.0,0.857,80,55,,,True,-15.2
11440,35.66727,-105.896004,9666.1,2350.8,1.343,81,0,,,True,-19.4
11444,35.667231,-105.89603,9671.0,2349.6,1.38,81,0,,,True,-16.9
11446,35.667222,-105.896037,9672.2,2349.2,1.017,81,0,,,True,-19.3
11451,35.667205,-105.896074,9676.1,2348.8,0.729,82,0,,,True,-17.1
11452,35.667197,-105.896088,9677.5,2348.6,0.883,82,0,,,True,-14.1
11457,35.667178,-105.896149,9683.9,2347.4,1.3,82,62,,,True,-10.2
11458,35.667175,-105.896163,9685.0,2347.4,1.25,81,62,,,True,-10.3
11466,35.667143,-105.896283,9695.8,2346.8,1.322,81,114,,,True,-6.5
11468,35.667132,-105.896314,9698.8,2346.4,1.38,81,114,,,True,-7.1
11471,35.667123,-105.896349,9702.3,2346.2,1.3,81,114,,,True,-9.3
11478,35.667077,-105.896417,9710.3,2345.6,1.15,81,60,,,True,-10.0
11480,35.667063,-105.896441,9713.0,2345.2,1.189,80,60,,,True,-10.9
11485,35.667024,-105.896503,9720.9,2344.2,1.514,78,118,,,True,-9.4
11486,35.667015,-105.896517,9722.5,2344.0,1.583,78,118,,,True,-8.2
11493,35.666959,-105.896588,9731.5,2343.6,1.325,79,57,,,True,-7.9
11498,35.666936,-105.896651,9737.4,2343.2,1.242,79,57,,,True,-9.4
11499,35.66693,-105.896665,9738.7,2342.8,1.2,79,59,,,True,-10.9
11503,35.666902,-105.89671,9743.7,2342.0,1.26,79,59,,,True,-12.4
11505,35.666888,-105.896734,9746.2,2342.0,1.25,79,59,,,True,-10.2
11511,35.666871,-105.896794,9751.9,2341.4,1.025,80,57,,,True,-9.8
11516,35.666856,-105.896862,9758.3,2340.8,1.1,80,54,,,True,-8.8
11518,35.66685,-105.896874,9760.0,2340.4,1.157,80,54,,,True,-7.3
11526,35.666843,-105.89689,9762.1,2340.6,0.38,81,0,,,False,-6.8
11534,35.666797,-105.89697,9771.0,2340.0,0.688,83,54,,,True,-6.9
11536,35.666793,-105.896992,9772.9,2339.8,1.08,82,54,,,True,-9.6
11541,35.666776,-105.897034,9777.3,2339.2,0.9,84,58,,,True,-14.2
11547,35.666746,-105.897086,9783.0,2338.6,0.918,83,0,,,True,-13.8
11551,35.666746,-105.897144,9787.9,2337.6,1.06,83,0,,,True,-16.9
11554,35.666743,-105.897173,9790.3,2337.4,1.043,83,58,,,True,-21.1
11558,35.666767,-105.897212,9795.1,2336.2,1.029,83,60,,,True,-18.3
11561,35.666788,-105.89722,9797.2,2335.6,0.986,83,60,,,True,-14.1
11562,35.666797,-105.897217,9798.8,2335.6,1.063,83,60,,,True,-9.6
11566,35.666832,-105.897198,9804.5,2335.4,1.46,83,60,,,True,-8.5
11567,35.666838,-105.897186,9805.5,2335.2,1.34,83,60,,,True,-13.9
11570,35.666869,-105.897175,9808.9,2334.6,1.263,82,61,,,True,-21.1
11572,35.666873,-105.897191,9810.3,2334.0,0.96,83,60,,,True,-17.9
11579,35.666867,-105.897257,9815.9,2333.0,0.778,86,60,,,True,-16.5
11586,35.666847,-105.897338,9823.4,2332.0,0.936,86,56,,,True,-15.0
11594,35.666835,-105.897428,9832.0,2330.8,1.073,85,62,,,True,-14.7
11598,35.666823,-105.897478,9837.0,2330.0,1.133,82,62,,,True,-12.2
11600,35.666828,-105.897507,9839.1,2329.6,1.183,81,61,,,True,-6.8
11606,35.666818,-105.897601,9847.9,2329.0,1.362,79,61,,,True,-2.4
11614,35.666811,-105.897712,9858.6,2329.0,1.393,78,58,,,True,0.5
11622,35.666804,-105.897835,9870.1,2329.2,1.388,78,0,,,True,4.7
11629,35.666826,-105.897908,9877.8,2329.8,1.28,77,56,,,True,7.2
11634,35.666853,-105.89795,9882.3,2330.6,1.017,79,55,,,True,10.4
11637,35.666848,-105.897989,9886.5,2331.0,1.088,81,56,,,True,11.0
11640,35.666824,-105.898031,9891.3,2331.4,1.5,84,56,,,True,7.4
11643,35.666804,-105.898062,9894.2,2331.6,1.283,87,56,,,True,4.1
11644,35.666798,-105.898077,9895.8,2331.6,1.329,88,58,,,True,-2.6
11648,35.666784,-105.898126,9901.1,2331.6,1.38,91,55,,,True,-1.1
11652,35.666772,-105.898185,9906.8,2331.0,1.375,94,106,,,True,-1.1
11657,35.666777,-105.898251,9912.6,2331.4,1.278,97,0,,,True,-1.0
11658,35.666784,-105.898263,9913.2,2331.4,1.067,97,0,,,True,0.8
11664,35.666784,-105.898339,9920.4,2331.4,1.114,99,0,,,True,-0.8
11671,35.666755,-105.898451,9932.3,2331.2,1.469,97,56,,,True,-0.5
11677,35.666768,-105.898538,9939.0,2331.2,1.431,96,58,,,True,-0.5
11685,35.66673,-105.898654,9950.2,2331.2,1.279,95,57,,,True,-1.2
11692,35.666728,-105.898753,9959.9,2331.2,1.393,95,58,,,True,-4.6
11698,35.666744,-105.898814,9966.2,2330.8,1.231,94,112,,,True,-7.3
11705,35.666786,-105.898895,9973.7,2329.6,1.062,93,118,,,True,-10.7
11706,35.666797,-105.898902,9974.9,2329.4,1.087,93,118,,,True,-8.2
11707,35.666806,-105.898906,9976.7,2329.4,1.167,92,118,,,True,1.6
11711,35.666822,-105.898939,9980.8,2329.6,1.18,90,59,,,True,-3.4
11714,35.666836,-105.898995,9986.4,2329.8,1.386,90,57,,,True,-5.7
11719,35.666865,-105.89905,9992.3,2328.8,1.438,93,59,,,True,-8.2
11721,35.666874,-105.899071,9994.1,2328.4,1.1,92,58,,,True,-17.0
11722,35.666883,-105.899084,9995.5,2328.4,1.138,92,58,,,True,-16.3
11726,35.666906,-105.899124,10000.5,2327.4,1.28,89,63,,,True,-17.3
11730,35.666923,-105.89916,10004.6,2326.8,1.138,88,57,,,True,-21.4
11733,35.666936,-105.899178,10006.8,2326.2,0.9,88,0,,,True,-24.8
11738,35.66696,-105.899201,10009.5,2325.4,0.612,87,0,,,True,-26.9
11739,35.666967,-105.899205,10010.0,2325.2,0.533,88,61,,,True,-21.0
11741,35.666986,-105.899207,10011.8,2324.6,0.625,88,61,,,True,-16.7
11744,35.667014,-105.899198,10015.0,2324.0,1.0,90,61,,,True,-12.0
11746,35.667037,-105.8992,10017.3,2324.0,1.1,89,61,,,True,-8.7
11747,35.667051,-105.899203,10019.1,2323.8,1.217,89,61,,,True,-3.3
11752,35.667099,-105.899262,10027.9,2323.2,1.767,90,0,,,True,-4.0
11759,35.667071,-105.899378,10039.4,2323.2,1.692,91,0,,,True,-3.7
11761,35.667062,-105.899409,10042.4,2323.0,1.611,91,58,,,True,-5.2
11768,35.66704,-105.899502,10051.3,2322.6,1.322,91,59,,,True,-12.6
11771,35.667018,-105.899534,10054.7,2321.8,1.23,90,58,,,True,-13.0
11775,35.666994,-105.899561,10058.5,2320.8,1.029,91,60,,,True,-21.1
11776,35.666989,-105.899566,10059.3,2320.8,0.92,91,60,,,True,-18.3
11781,35.666948,-105.899618,10065.5,2319.6,1.167,90,0,,,True,-12.6
11786,35.666916,-105.89969,10073.3,2318.4,1.4,89,59,,,True,-11.6
11789,35.666914,-105.899733,10077.5,2318.4,1.5,89,59,,,True,-8.8
11797,35.666926,-105.899842,10086.9,2317.6,1.236,89,59,,,True,-6.6
11805,35.66692,-105.899853,10088.3,2317.6,0.675,89,0,,,False,-7.9
11807,35.666923,-105.899856,10088.4,2317.4,0.15,90,0,,,False,-11.1
11811,35.666913,-105.8999,10092.6,2317.2,0.717,90,0,,,True,-19.0
11815,35.666882,-105.899943,10097.7,2316.4,1.163,90,0,,,True,-17.6
11816,35.666877,-105.89995,10098.2,2316.2,1.12,89,0,,,True,-22.4
11819,35.666867,-105.89998,10100.9,2315.2,1.037,90,0,,,True,-17.7
11824,35.666855,-105.900008,10104.2,2314.6,0.75,91,0,,,True,-18.0
11832,35.666827,-105.900046,10109.0,2314.4,0.623,92,0,,,True,-16.6
11833,35.666821,-105.900051,10109.3,2314.2,0.567,92,56,,,False,-16.3
11838,35.666776,-105.900099,10115.4,2312.8,1.067,91,56,,,True,-9.6
11840,35.666766,-105.90012,10117.7,2312.4,1.2,92,56,,,True,-8.5
11847,35.666752,-105.900196,10125.6,2312.8,1.133,91,56,,,True,-4.7
11855,35.666766,-105.900299,10135.2,2312.0,1.167,92,60,,,True,-6.1
11856,35.666762,-105.90031,10136.5,2311.8,1.211,92,60,,,True,-12.4
11860,35.66674,-105.900348,10140.5,2311.0,1.06,89,61,,,True,-9.8
11861,35.666734,-105.900362,10141.7,2310.8,1.04,89,60,,,True,-9.4
11862,35.66673,-105.900377,10143.3,2310.6,1.133,89,60,,,True,-6.9
11870,35.666751,-105.900476,10153.5,2310.2,1.311,90,56,,,True,-10.2
11873,35.666759,-105.900528,10157.9,2309.8,1.327,90,58,,,True,-10.3
11877,35.666769,-105.900571,10161.4,2308.8,1.129,91,113,,,True,-13.3
11878,35.666775,-105.900582,10162.7,2308.6,0.96,92,117,,,True,-5.6
11881,35.66679,-105.900598,10165.5,2308.6,0.95,93,57,,,True,10.0
11885,35.666826,-105.900608,10168.6,2309.2,0.843,92,57,,,True,12.0
11887,35.666851,-105.90061,10170.9,2309.6,0.9,92,56,,,True,14.4
11894,35.666922,-105.900613,10179.4,2310.6,1.2,92,55,,,True,10.5
11895,35.666935,-105.900614,10180.8,2310.8,1.237,92,55,,,True,8.3
11900,35.667,-105.900625,10187.7,2311.2,1.383,95,54,,,True,8.5
11904,35.667038,-105.900634,10192.7,2311.4,1.322,98,55,,,True,7.5
11907,35.667061,-105.900641,10195.9,2312.0,1.171,99,55,,,True,7.7
11908,35.667071,-105.900642,10196.7,2312.0,1.125,100,56,,,True,9.0
11914,35.667139,-105.900653,10203.2,2312.4,1.043,103,54,,,True,5.8
11915,35.667147,-105.900653,10203.8,2312.4,1.014,103,54,,,True,6.3
11922,35.667225,-105.900678,10213.0,2313.0,1.225,105,56,,,True,6.6
11924,35.667244,-105.900687,10215.8,2313.2,1.333,104,56,,,True,7.1
11926,35.667265,-105.900691,10218.3,2313.4,1.318,101,53,,,True,8.3
11931,35.667333,-105.900677,10226.3,2314.0,1.5,99,55,,,True,8.2
11932,35.667342,-105.900674,10227.5,2314.2,1.533,98,55,,,True,3.2
11939,35.667418,-105.90067,10235.3,2314.8,1.125,99,54,,,True,0.8
11944,35.667491,-105.900684,10243.4,2314.2,1.325,100,103,,,True,-0.8
11952,35.667558,-105.900671,10250.8,2314.2,1.192,98,57,,,True,-10.7
11956,35.667565,-105.900686,10252.8,2314.0,0.783,97,59,,,True,-17.3
11959,35.667572,-105.900703,10254.0,2312.8,0.457,96,59,,,True,-23.5
11963,35.667589,-105.900749,10258.4,2311.6,0.8,96,59,,,True,-19.4
11967,35.667582,-105.900809,10264.4,2311.0,1.3,96,56,,,True,-14.1
11973,35.667594,-105.900861,10269.3,2310.8,1.09,95,0,,,True,-15.9
11976,35.667601,-105.900879,10271.0,2310.4,0.733,95,0,,,True,-23.1
11979,35.667594,-105.900912,10273.5,2309.2,0.7,94,59,,,True,-29.9
11982,35.667581,-105.900933,10276.5,2308.2,0.917,94,59,,,True,-32.4
11988,35.667548,-105.900978,10282.0,2307.0,0.944,95,60,,,True,-30.7
11992,35.667545,-105.901019,10285.2,2305.8,0.87,94,79,,,True,-30.4
11995,35.667538,-105.901053,10288.5,2304.6,0.929,94,0,,,True,-28.6
11996,35.667538,-105.901059,10289.0,2304.4,0.875,94,0,,,True,-29.1
12001,35.66751,-105.901102,10293.9,2303.6,0.9,94,61,,,True,-22.8
12005,35.667495,-105.90113,10296.9,2302.4,0.878,95,0,,,True,-22.1
12010,35.667493,-105.901197,10303.4,2301.2,1.056,94,118,,,True,-20.1
12012,35.667481,-105.901217,10305.3,2300.8,1.2,94,118,,,True,-14.8
12017,35.667446,-105.901278,10311.8,2300.0,1.2,93,119,,,True,-15.3
12018,35.66744,-105.901293,10313.1,2300.0,1.3,94,119,,,True,-16.6
12023,35.66742,-105.901341,10317.8,2299.0,1.0,95,57,,,True,-17.6
12026,35.667423,-105.901368,10319.8,2298.4,0.837,94,55,,,True,-15.4
12029,35.667433,-105.901411,10324.3,2297.8,1.083,94,116,,,True,-8.1
12033,35.667457,-105.901462,10330.0,2297.4,1.457,93,116,,,True,-6.9
12041,35.667486,-105.901563,10339.9,2297.2,1.3,93,58,,,True,-8.1
12043,35.667482,-105.901596,10342.9,2296.8,1.29,93,58,,,True,-9.4
12046,35.667467,-105.901628,10346.4,2296.0,1.3,92,65,,,True,-21.7
12047,35.667466,-105.901636,10347.1,2295.8,1.2,92,65,,,True,-24.8
12052,35.66745,-105.901687,10351.9,2294.6,0.917,92,62,,,True,-28.6
12053,35.667444,-105.901694,10352.8,2294.4,0.95,92,62,,,True,-28.6
12056,35.667424,-105.901714,10355.8,2293.6,0.967,91,62,,,True,-29.7
12059,35.667406,-105.901728,10358.3,2292.6,0.917,91,62,,,True,-29.1
12062,35.667383,-105.901759,10362.0,2291.6,1.033,92,60,,,True,-26.4
12063,35.66738,-105.90177,10363.1,2291.4,1.043,92,60,,,True,-22.2
12069,35.66735,-105.901816,10367.9,2290.4,0.843,92,57,,,True,-17.8
12070,35.667344,-105.901827,10369.1,2290.2,0.857,92,57,,,True,-19.9
12077,35.66731,-105.901883,10375.5,2289.2,0.95,90,55,,,True,-21.2
12082,35.667311,-105.901931,10380.2,2288.0,0.925,90,0,,,True,-22.5
12085,35.667311,-105.901962,10383.0,2287.2,0.938,90,69,,,True,-25.2
12086,35.667315,-105.901968,10383.3,2287.0,0.867,90,69,,,False,-24.6
12091,35.667297,-105.902026,10389.0,2285.8,1.0,91,63,,,True,-12.2
12094,35.66728,-105.902053,10392.4,2285.0,1.138,89,63,,,True,-9.1
12099,35.667244,-105.902081,10397.7,2285.4,1.088,89,58,,,True,-4.1
12101,35.667218,-105.902075,10400.9,2285.4,1.214,90,55,,,True,-1.7
12108,35.667164,-105.902122,10408.5,2285.0,1.2,90,56,,,True,-6.1
12114,35.667097,-105.902134,10415.7,2284.6,1.138,90,0,,,True,-7.5
12117,35.667094,-105.90216,10417.4,2284.2,0.989,89,60,,,True,-8.6
12119,35.667094,-105.902188,10419.6,2284.0,0.78,89,58,,,True,-8.5
12123,35.667113,-105.902243,10424.7,2283.6,1.217,89,61,,,True,-4.5
12125,35.667107,-105.902274,10427.5,2283.6,1.317,89,61,,,True,-8.5
12131,35.66705,-105.902316,10435.0,2283.4,1.287,89,0,,,True,-10.4
12136,35.667029,-105.902339,10438.4,2282.4,0.991,89,57,,,True,-8.9
12139,35.667002,-105.902366,10442.0,2281.8,0.875,89,57,,,True,-10.9
12146,35.666968,-105.902428,10450.0,2281.6,1.16,89,115,,,True,-6.6
12149,35.666947,-105.902454,10453.4,2281.4,1.14,88,0,,,True,-4.6
12153,35.666922,-105.902488,10456.7,2281.2,0.957,89,58,,,True,-1.9
12162,35.666831,-105.902547,10467.9,2280.6,1.115,89,57,,,True,-1.1
12169,35.666808,-105.902555,10471.4,2281.2,0.919,86,0,,,True,-4.1
12171,35.666813,-105.902556,10471.4,2281.2,0.389,85,0,,,False,-5.6
12177,35.666823,-105.90255,10471.4,2280.6,0.0,88,0,,,False,-11.1
12178,35.666823,-105.902549,10471.5,2280.4,0.014,92,0,,,False,-16.7
12179,35.666827,-105.902551,10471.5,2280.4,0.013,103,0,,,False,-38.9
12180,35.666827,-105.902551,10471.5,2280.2,0.011,111,0,,,False,-49.0
12181,35.666828,-105.902551,10471.5,2280.2,0.01,116,0,,,False,-22.1
12182,35.66683,-105.902551,10471.5,2280.2,0.02,118,0,,,False,-35.6
12184,35.666832,-105.902551,10471.5,2280.0,0.0,121,0,,,False,-28.0
12188,35.666832,-105.902551,10471.5,2279.6,0.0,124,0,,,False,-26.0
12196,35.666832,-105.902551,10471.5,2279.2,0.0,124,0,,,False,-26.0
12203,35.666832,-105.902551,10471.5,2279.2,0.0,123,0,,,False,-20.0
12212,35.666822,-105.902565,10472.8,2278.2,0.081,125,0,,,False,-7.1
12218,35.666797,-105.902648,10481.5,2277.6,0.667,127,109,,,True,-7.6
12225,35.666771,-105.902749,10491.3,2277.8,1.423,126,56,,,True,-4.6
12231,35.66673,-105.902803,10497.7,2277.2,1.246,126,57,,,True,-4.1
12232,35.666723,-105.902816,10498.7,2277.0,1.057,125,61,,,True,-2.5
12240,35.666704,-105.902944,10510.5,2276.4,1.422,125,60,,,True,0.0
12246,35.66672,-105.902987,10515.2,2277.2,1.179,124,0,,,True,-3.2
12250,35.666723,-105.90298,10516.0,2277.2,0.55,128,0,,,False,0.0
12257,35.666729,-105.902994,10517.3,2276.4,0.191,130,0,,,False,-9.5
12262,35.666736,-105.903058,10522.9,2276.4,0.575,127,0,,,True,-8.4
12263,35.666734,-105.903075,10524.6,2276.2,1.217,127,55,,,True,-3.9
12264,35.666731,-105.903085,10525.7,2276.2,1.2,127,55,,,True,-9.0
12271,35.666682,-105.903139,10532.6,2275.8,1.0,128,62,,,True,-10.5
12275,35.666653,-105.903191,10538.4,2275.0,1.155,126,67,,,True,-9.9
12278,35.666632,-105.903241,10543.7,2274.2,1.586,123,69,,,True,-8.1
12281,35.666619,-105.903284,10548.0,2274.0,1.6,122,65,,,True,-5.7
12291,35.666605,-105.903417,10559.8,2273.6,1.238,121,58,,,True,-4.8
12299,35.666566,-105.903512,10570.0,2273.2,1.222,121,56,,,True,-7.2
12303,35.666548,-105.90354,10573.0,2272.8,1.1,120,59,,,True,-10.7
12306,35.666545,-105.903565,10575.7,2272.0,0.814,119,58,,,True,-15.9
12307,35.666546,-105.903577,10576.6,2271.8,0.825,119,58,,,True,-16.5
12311,35.666542,-105.903657,10583.8,2271.0,1.62,119,58,,,True,-9.5
12312,35.666545,-105.903672,10585.1,2270.8,1.7,119,58,,,True,-9.4
12316,35.666544,-105.903679,10586.2,2271.0,0.48,118,0,,,False,0.0
12320,35.666547,-105.903674,10587.2,2270.8,0.263,118,0,,,False,-7.7
12323,35.666558,-105.903674,10588.1,2270.8,0.271,117,0,,,False,-3.5
12329,35.666551,-105.903679,10588.4,2271.0,0.133,116,0,,,False,-4.1
12333,35.666561,-105.903684,10589.1,2270.8,0.1,119,0,,,False,-3.1
12336,35.666578,-105.903705,10591.6,2270.4,0.457,119,0,,,True,-2.8
12342,35.666588,-105.903801,10600.8,2270.4,1.3,120,60,,,True,3.0
12350,35.66658,-105.903896,10609.9,2270.4,1.307,119,55,,,True,0.0
12356,35.666547,-105.903956,10615.8,2271.6,1.071,119,51,,,True,-2.6
12364,35.666525,-105.904031,10622.9,2270.4,0.929,119,56,,,True,-6.9
12370,35.666516,-105.904123,10631.8,2269.6,1.143,119,57,,,True,-14.2
12376,35.666524,-105.904195,10638.7,2268.4,1.317,118,58,,,True,-14.6
12378,35.666527,-105.904211,10639.7,2268.2,0.988,118,58,,,True,-14.0
12382,35.66653,-105.904256,10643.5,2267.4,0.8,119,57,,,True,-3.3
12386,35.666525,-105.904311,10649.0,2267.2,1.162,119,55,,,True,-4.4
12393,35.666504,-105.904399,10657.1,2267.8,1.236,119,55,,,True,-2.6
12399,35.666496,-105.904456,10662.5,2267.2,1.038,120,57,,,True,0.0
12402,35.666479,-105.904501,10667.0,2266.8,1.1,120,56,,,True,-6.1
12410,35.666465,-105.904587,10674.9,2267.2,1.127,118,54,,,True,-5.9
12414,35.666462,-105.904642,10680.0,2266.4,1.083,118,115,,,True,-7.9
12417,35.666456,-105.904674,10682.8,2266.0,1.129,118,60,,,True,-13.3
12421,35.666447,-105.904722,10687.2,2265.2,1.029,118,62,,,True,-9.3
12426,35.666424,-105.904779,10692.9,2264.8,1.122,119,59,,,True,-8.2
12434,35.666401,-105.904882,10703.7,2264.2,1.269,120,0,,,True,-6.3
12435,35.666402,-105.904896,10704.8,2264.2,1.322,120,0,,,True,-7.1
12442,35.666383,-105.904983,10712.4,2263.6,1.087,119,56,,,True,-6.8
12445,35.666374,-105.905012,10715.4,2263.2,1.06,118,60,,,True,-10.0
12451,35.666357,-105.905068,10721.3,2263.0,0.989,117,51,,,True,-9.2
12454,35.666362,-105.905112,10724.8,2262.2,1.044,117,51,,,True,-7.5
12459,35.666343,-105.905182,10732.0,2261.8,1.338,117,0,,,True,-6.3
12463,35.666305,-105.905209,10736.7,2261.6,1.322,117,55,,,True,-4.3
12466,35.666294,-105.905238,10740.3,2261.8,1.186,117,57,,,True,-4.5
12472,35.666256,-105.905308,10748.2,2261.2,1.278,119,57,,,True,-6.3
12474,35.66625,-105.905322,10749.6,2261.0,1.163,120,55,,,True,-10.1
12478,35.666255,-105.905356,10752.6,2260.6,0.733,120,55,,,True,-11.0
12482,35.666274,-105.905405,10758.1,2260.0,1.063,120,53,,,True,-8.4
12485,35.666297,-105.905445,10762.7,2259.6,1.443,120,55,,,True,-8.3
12490,35.666299,-105.905512,10768.6,2259.4,1.313,121,110,,,True,-6.3
12492,35.666298,-105.905549,10771.8,2259.0,1.3,121,54,,,True,-5.3
12496,35.666273,-105.905597,10777.0,2258.8,1.4,121,54,,,True,-5.9
12502,35.666219,-105.905653,10785.2,2258.4,1.34,120,54,,,True,-4.7
12508,35.66618,-105.90571,10792.5,2258.0,1.292,119,54,,,True,-7.4
12509,35.66619,-105.90572,10793.3,2258.0,1.157,119,57,,,True,-9.9
12511,35.666216,-105.905725,10795.8,2257.4,1.178,119,57,,,True,-7.7
12513,35.666244,-105.905739,10799.4,2257.0,1.38,119,57,,,True,-8.2
12515,35.666259,-105.905753,10801.4,2256.8,1.35,119,57,,,True,-4.7
12519,35.666293,-105.905786,10805.5,2257.0,1.017,118,57,,,True,0.0
12521,35.666312,-105.905813,10808.5,2256.8,1.183,118,56,,,True,-5.0
12524,35.666325,-105.905861,10813.8,2257.0,1.66,118,57,,,True,-6.7
12529,35.666308,-105.905938,10821.5,2255.8,1.625,116,58,,,True,-4.3
12530,35.666295,-105.905948,10823.3,2255.8,1.583,116,58,,,True,-5.7
12536,35.666228,-105.906,10832.0,2255.8,1.5,115,56,,,True,0.7
12542,35.666201,-105.906065,10838.2,2255.6,1.242,117,55,,,True,2.5
12549,35.666214,-105.906174,10848.7,2256.0,1.285,118,56,,,True,1.9
12555,35.666259,-105.906229,10855.7,2256.6,1.346,119,57,,,True,2.2
12561,35.66629,-105.906301,10863.9,2256.4,1.267,122,109,,,True,-1.6
12562,35.666295,-105.906314,10865.3,2256.2,1.371,122,109,,,True,-4.1
12568,35.666341,-105.906393,10873.6,2255.6,1.386,123,57,,,True,-4.4
12572,35.666345,-105.906461,10880.1,2255.6,1.48,123,57,,,True,-6.9
12573,35.666338,-105.906479,10882.1,2255.6,1.7,123,57,,,True,-7.4
12578,35.666307,-105.906545,10888.5,2254.6,1.4,123,0,,,True,-12.7
12581,35.666292,-105.906591,10892.6,2254.2,1.313,123,0,,,True,-13.4
12584,35.666275,-105.906623,10895.9,2253.6,1.233,123,58,,,True,-8.0
12585,35.666268,-105.906631,10897.0,2253.6,1.214,123,58,,,True,-3.8
12587,35.666246,-105.906654,10901.0,2253.6,1.4,123,57,,,True,-0.7
12594,35.666152,-105.9067,10913.4,2253.4,1.822,123,57,,,True,-3.0
12602,35.666072,-105.90676,10922.6,2253.4,1.44,123,56,,,True,-4.3
12609,35.666068,-105.90684,10930.5,2252.6,1.14,122,55,,,True,-6.2
12617,35.666124,-105.906942,10942.5,2251.8,1.327,123,57,,,True,-7.9
12620,35.666152,-105.906962,10945.7,2251.4,1.382,123,60,,,True,-4.6
12624,35.6662,-105.906986,10950.6,2251.2,1.157,124,60,,,True,-5.3
12632,35.666283,-105.907043,10961.1,2251.2,1.283,125,60,,,True,-5.2
12638,35.666307,-105.907126,10969.0,2250.4,1.314,124,57,,,True,-6.2
12640,35.666313,-105.907165,10972.7,2250.0,1.45,124,58,,,True,-8.6
12644,35.666326,-105.907237,10979.8,2249.4,1.8,125,57,,,True,-5.7
12648,35.666339,-105.907305,10986.6,2249.0,1.737,124,59,,,True,-3.8
12655,35.66631,-105.907419,10997.1,2248.8,1.573,125,0,,,True,-2.0
12662,35.666278,-105.907489,11004.2,2248.8,1.257,124,57,,,True,-1.9
12667,35.666285,-105.907548,11010.1,2248.8,1.083,123,57,,,True,-2.5
12673,35.666297,-105.907634,11017.9,2248.4,1.245,121,57,,,True,-3.8
12678,35.666326,-105.907672,11021.1,2248.2,1.0,121,57,,,True,-3.0
12681,35.666358,-105.907699,11025.3,2248.0,0.925,119,57,,,True,-1.6
12688,35.666424,-105.907779,11036.5,2248.0,1.54,116,57,,,True,0.0
12694,35.666476,-105.907827,11042.8,2248.0,1.346,116,56,,,True,-1.0
12702,35.666534,-105.907935,11055.5,2248.2,1.357,117,55,,,True,0.5
12709,35.666588,-105.908016,11064.4,2247.6,1.44,118,55,,,True,0.0
12718,35.666655,-105.908127,11077.5,2248.2,1.375,119,56,,,True,0.5
12725,35.666732,-105.908184,11087.6,2248.0,1.45,118,57,,,True,3.2
12733,35.666789,-105.908272,11097.6,2248.4,1.34,119,58,,,True,2.3
12741,35.666843,-105.908365,11108.0,2249.0,1.275,122,57,,,True,3.6
12744,35.666863,-105.9084,11111.9,2249.0,1.3,125,55,,,True,0.0
12751,35.666898,-105.908483,11120.9,2249.2,1.29,126,55,,,True,-3.6
12757,35.666954,-105.908528,11127.3,2248.4,1.185,124,54,,,True,-3.3
12759,35.666971,-105.908547,11130.0,2248.2,1.138,124,54,,,True,-9.7
12764,35.667002,-105.908592,11136.2,2248.2,1.271,122,55,,,True,-11.3
12769,35.667049,-105.908625,11141.5,2247.2,1.15,121,57,,,True,-13.7
12771,35.667063,-105.908635,11143.3,2246.6,1.014,121,59,,,True,-16.9
12774,35.667092,-105.908647,11146.0,2246.0,0.9,122,57,,,True,-9.8
12777,35.667125,-105.908665,11150.4,2245.8,1.183,121,56,,,True,-8.4
12785,35.667152,-105.908752,11159.8,2245.4,1.255,121,59,,,True,-5.2
12787,35.667153,-105.90878,11162.3,2245.0,1.19,121,58,,,True,-8.8
12793,35.667172,-105.908856,11169.1,2244.8,1.163,121,58,,,True,-12.2
12796,35.667188,-105.908894,11173.1,2243.8,1.2,121,111,,,True,-10.0
12800,35.667194,-105.908954,11177.9,2243.2,1.257,121,111,,,True,-11.2
12804,35.667197,-105.909013,11184.2,2242.8,1.388,120,57,,,True,-7.3
12807,35.667199,-105.909064,11188.8,2242.6,1.557,120,57,,,True,-4.0
12812,35.667215,-105.909129,11195.0,2242.2,1.35,120,59,,,True,-2.2
12818,35.6672,-105.909218,11203.2,2242.2,1.309,120,61,,,True,1.7
12825,35.667225,-105.909303,11210.9,2242.2,1.223,121,57,,,True,0.5
12833,35.667256,-105.909427,11223.6,2243.2,1.36,121,57,,,True,-0.5
12839,35.66728,-105.909514,11232.3,2242.4,1.529,121,52,,,True,0.0
12846,35.667315,-105.909607,11241.3,2242.0,1.362,121,54,,,True,-3.8
12853,35.667329,-105.909707,11250.7,2242.2,1.314,121,59,,,True,-3.4
12860,35.667372,-105.909793,11260.1,2241.8,1.343,121,56,,,True,-3.1
12861,35.667382,-105.909803,11261.3,2241.4,1.325,120,56,,,True,-2.8
12865,35.667418,-105.90985,11266.7,2241.2,1.32,120,56,,,True,-5.6
12869,35.667447,-105.9099,11272.1,2241.6,1.35,120,57,,,True,-3.6
12875,35.667477,-105.909988,11281.7,2240.6,1.5,120,57,,,True,-2.9
12876,35.667476,-105.910005,11283.5,2240.6,1.629,121,57,,,True,-4.2
12884,35.667535,-105.910103,11294.4,2240.4,1.411,121,59,,,True,-0.6
12892,35.667622,-105.910183,11305.7,2240.2,1.388,121,56,,,True,0.0
12901,35.667702,-105.910243,11316.9,2240.4,1.324,121,57,,,True,0.6
12909,35.667791,-105.910319,11328.9,2240.6,1.365,118,57,,,True,2.0
12910,35.667799,-105.910327,11330.2,2240.6,1.478,118,57,,,True,3.2
12915,35.66784,-105.910378,11336.3,2240.8,1.233,121,55,,,True,8.8
12919,35.667858,-105.91043,11342.0,2241.2,1.311,123,57,,,True,10.1
12921,35.667871,-105.910455,11344.8,2242.0,1.417,123,57,,,True,10.7
12925,35.667898,-105.910502,11350.0,2242.6,1.333,126,57,,,True,12.9
12928,35.66792,-105.910526,11353.2,2242.6,1.2,128,57,,,True,13.4
12930,35.667941,-105.910542,11355.9,2243.0,1.18,129,56,,,True,14.3
12934,35.66796,-105.910549,11358.2,2243.8,0.833,132,55,,,True,13.6
12935,35.667966,-105.91055,11359.0,2244.0,0.62,132,55,,,True,17.5
12936,35.667972,-105.910547,11359.8,2244.0,0.65,132,55,,,True,11.7
12942,35.668036,-105.910523,11366.2,2244.8,1.029,134,53,,,True,9.6
12945,35.66807,-105.910508,11370.2,2245.2,1.156,134,55,,,True,10.2
12949,35.668118,-105.910494,11375.6,2245.6,1.343,137,54,,,True,4.2
12950,35.668136,-105.910496,11377.5,2245.8,1.46,137,54,,,True,1.7
12955,35.668181,-105.910554,11385.3,2245.6,1.617,137,54,,,True,2.9
12961,35.668176,-105.910642,11393.3,2245.6,1.436,138,58,,,True,6.1
12964,35.668191,-105.910669,11396.2,2246.2,1.211,138,56,,,True,9.9
12968,35.668209,-105.910712,11400.4,2247.2,1.014,140,56,,,True,20.3
12969,35.668213,-105.910721,11401.5,2247.2,1.06,140,52,,,True,16.5
12975,35.668249,-105.910753,11406.1,2248.2,0.814,140,52,,,True,13.8
12983,35.66832,-105.910803,11415.6,2249.4,1.007,140,52,,,True,8.8
12984,35.668323,-105.910811,11416.4,2249.4,1.144,140,53,,,True,4.6
12991,35.668343,-105.91092,11426.5,2249.4,1.362,141,54,,,True,-4.6
12997,35.668348,-105.910985,11432.0,2249.4,1.2,141,55,,,True,-4.4
13005,35.66839,-105.91109,11441.8,2248.2,1.093,140,60,,,True,-6.3
13006,35.668399,-105.911106,11443.4,2248.2,1.267,140,60,,,True,-5.6
13013,35.668421,-105.911214,11455.0,2247.6,1.65,139,57,,,True,-3.9
13021,35.668477,-105.911303,11464.1,2247.6,1.38,137,58,,,True,-6.1
13027,35.668452,-105.911391,11472.8,2247.0,1.271,135,58,,,True,-8.1
13031,35.668432,-105.911455,11479.5,2246.0,1.54,133,56,,,True,-10.1
13034,35.668447,-105.91149,11482.2,2245.4,1.343,132,115,,,True,-2.2
13041,35.668484,-105.911568,11489.9,2245.0,1.04,129,57,,,True,2.0
13049,35.668537,-105.911656,11500.1,2246.4,1.193,128,57,,,True,6.2
13056,35.668602,-105.911705,11508.9,2246.6,1.267,125,55,,,True,10.2
13059,35.668621,-105.91172,11511.4,2247.2,1.13,126,55,,,True,7.1
