t,lat,lng,distance_m,altitude_m,velocity_ms,heartrate,cadence,watts,temp_c,moving,grade_pct
0,35.789039,-105.808929,0.0,3142.8,0.0,79,,,,False,-5.3
1,35.789034,-105.808923,0.3,3142.8,0.3,79,,,,False,-10.4
6,35.789,-105.808929,3.8,3142.6,0.633,82,,,,True,-10.1
8,35.788977,-105.808964,7.7,3142.0,1.057,82,,,,True,-9.9
10,35.788953,-105.809028,13.9,3141.4,1.511,82,,,,True,-13.3
14,35.788887,-105.809117,24.6,3140.4,2.817,83,,,,True,-13.8
16,35.788838,-105.809076,30.8,3139.0,2.817,83,,,,True,-14.8
17,35.788826,-105.809049,33.8,3138.4,2.843,83,,,,True,-20.9
18,35.788804,-105.80903,36.8,3138.0,2.863,83,,,,True,-25.0
20,35.788753,-105.809047,41.8,3136.8,2.867,84,,,,True,-30.4
21,35.788727,-105.809063,45.2,3135.4,2.88,84,,,,True,-34.6
22,35.788711,-105.809076,47.6,3134.2,2.76,86,,,,True,-22.9
24,35.788672,-105.809097,52.4,3132.6,2.6,87,,,,True,-19.4
27,35.788554,-105.809138,65.4,3131.4,3.56,88,,,,True,-16.4
28,35.788507,-105.809145,71.0,3130.4,3.9,88,,,,True,-12.6
30,35.788412,-105.809152,81.8,3128.6,4.9,89,,,,True,-14.2
32,35.788319,-105.80918,92.0,3127.6,5.32,92,,,,True,-13.6
34,35.788225,-105.809208,103.4,3126.0,5.4,93,,,,True,-12.0
36,35.788145,-105.809222,112.1,3124.8,5.05,93,,,,True,-12.2
39,35.788034,-105.809218,125.0,3123.4,4.32,93,,,,True,-12.5
40,35.78799,-105.809225,129.7,3123.0,4.383,93,,,,True,-12.9
41,35.787953,-105.809229,133.9,3122.2,4.36,93,,,,True,-13.1
43,35.787884,-105.809256,141.6,3121.0,4.214,94,,,,True,-12.6
45,35.787819,-105.809274,149.4,3120.2,3.94,93,,,,True,-11.1
47,35.78775,-105.80928,156.7,3119.6,3.8,92,,,,True,-10.1
49,35.787699,-105.809261,162.8,3119.0,3.533,92,,,,True,-12.1
51,35.787659,-105.80924,167.4,3118.4,3.0,89,,,,True,-12.3
54,35.787606,-105.809194,174.1,3117.2,2.26,86,,,,True,-12.7
56,35.787554,-105.809207,179.5,3116.8,2.42,86,,,,True,-12.6
57,35.787518,-105.809232,183.2,3116.4,2.633,86,,,,True,-10.1
58,35.787482,-105.809267,188.1,3115.8,2.957,86,,,,True,-10.8
59,35.787441,-105.809302,193.9,3115.2,3.96,86,,,,True,-11.1
60,35.787393,-105.80933,199.8,3114.6,4.283,86,,,,True,-10.9
61,35.787364,-105.809361,204.9,3114.0,5.08,86,,,,True,-11.6
62,35.787342,-105.809387,208.3,3113.6,5.02,86,,,,True,-9.1
64,35.787287,-105.809421,214.6,3112.8,4.14,88,,,,True,-8.0
66,35.787197,-105.809436,224.1,3112.4,3.84,88,,,,True,-8.6
68,35.787103,-105.809461,234.9,3111.6,4.433,88,,,,True,-8.8
70,35.787011,-105.809491,245.4,3110.4,5.133,88,,,,True,-13.1
72,35.786915,-105.809544,257.6,3109.0,5.583,88,,,,True,-16.8
74,35.786846,-105.809588,266.9,3106.8,5.333,87,,,,True,-15.5
76,35.786787,-105.809629,274.2,3105.0,4.8,88,,,,True,-17.2
79,35.786677,-105.809665,286.6,3104.0,3.94,88,,,,True,-14.6
80,35.786636,-105.809673,291.3,3103.2,4.067,88,,,,True,-12.5
82,35.786545,-105.809683,301.2,3101.8,4.5,88,,,,True,-14.4
84,35.786476,-105.809674,309.3,3100.6,4.54,88,,,,True,-13.6
87,35.786373,-105.809692,321.4,3099.0,4.04,88,,,,True,-14.0
88,35.78634,-105.809704,325.1,3098.6,3.983,88,,,,True,-15.6
89,35.786309,-105.809717,328.4,3098.0,3.82,88,,,,True,-19.4
91,35.786255,-105.809723,335.0,3096.6,3.671,85,,,,True,-21.2
93,35.786204,-105.809715,340.0,3095.4,2.98,85,,,,True,-22.2
95,35.786155,-105.809718,345.9,3094.2,2.917,84,,,,True,-22.0
97,35.78612,-105.809715,350.0,3093.2,2.5,85,,,,True,-17.5
98,35.786099,-105.809704,352.3,3092.8,2.46,85,,,,True,-17.6
101,35.786005,-105.809703,362.9,3091.4,2.833,87,,,,True,-16.6
103,35.785967,-105.809722,367.5,3090.4,3.04,88,,,,True,-15.8
105,35.785899,-105.809747,374.1,3089.2,3.114,88,,,,True,-17.8
107,35.785822,-105.809783,383.9,3087.8,3.5,88,,,,True,-16.7
109,35.785772,-105.809794,389.9,3086.6,3.733,87,,,,True,-16.4
110,35.785758,-105.809798,391.4,3086.4,3.46,87,,,,True,-18.2
114,35.785714,-105.809803,396.0,3085.6,1.22,87,,,,True,-18.7
122,35.785712,-105.809802,396.0,3085.6,0.383,87,,,,False,-18.7
127,35.785698,-105.809803,397.4,3085.4,0.108,90,,,,False,-21.3
128,35.785698,-105.809803,397.4,3085.2,0.233,89,,,,False,-15.0
133,35.785698,-105.809803,397.4,3085.2,0.0,98,,,,False,-15.2
134,35.785698,-105.809803,397.4,3085.2,0.0,106,,,,False,-13.7
136,35.785698,-105.809803,397.4,3085.0,0.0,109,,,,False,-13.7
137,35.785698,-105.809803,397.4,3085.0,0.0,109,,,,False,-12.3
141,35.785696,-105.809797,397.4,3085.0,0.0,107,,,,False,-12.3
143,35.785658,-105.809789,401.9,3084.8,0.75,107,,,,True,-11.0
144,35.785638,-105.80979,404.2,3084.4,0.971,108,,,,True,-13.0
147,35.785569,-105.809765,412.0,3083.4,2.433,107,,,,True,-17.2
148,35.785548,-105.809752,414.3,3082.8,2.48,107,,,,True,-16.3
150,35.785514,-105.809741,418.2,3082.0,2.333,106,,,,True,-19.6
152,35.785476,-105.809783,423.8,3081.2,2.36,105,,,,True,-19.1
153,35.785471,-105.809814,426.3,3080.6,2.4,105,,,,True,-17.5
155,35.785481,-105.809908,434.2,3079.0,3.2,105,,,,True,-15.0
156,35.785506,-105.809947,438.8,3078.4,3.433,105,,,,True,-12.1
158,35.785543,-105.810023,446.4,3077.8,4.02,105,,,,True,-8.0
159,35.785529,-105.810057,449.4,3077.8,3.85,105,,,,True,-8.2
160,35.785501,-105.810061,451.8,3077.6,3.52,105,,,,True,-10.6
163,35.785471,-105.810051,455.8,3077.0,1.88,105,,,,True,-8.5
164,35.785471,-105.810051,455.8,3076.8,1.28,106,,,,False,-8.5
167,35.785471,-105.810051,455.8,3076.8,0.571,109,,,,False,-8.5
170,35.785471,-105.810051,455.8,3077.0,0.0,110,,,,False,-8.5
171,35.785471,-105.810051,455.8,3077.0,0.0,110,,,,False,-7.5
176,35.785471,-105.810051,455.8,3077.0,0.0,111,,,,False,0.0
184,35.785471,-105.810051,455.8,3077.0,0.0,108,,,,False,16.7
186,35.785471,-105.810051,455.8,3077.0,0.0,105,,,,False,-20.9
189,35.785471,-105.810051,455.8,3077.0,0.0,101,,,,False,-19.6
196,35.785471,-105.810051,455.8,3077.0,0.0,98,,,,False,-20.9
204,35.785471,-105.810051,455.8,3077.0,0.0,95,,,,False,-20.9
210,35.785463,-105.810067,457.0,3077.0,0.086,92,,,,False,-20.9
212,35.785433,-105.810105,462.3,3075.4,0.813,91,,,,True,-20.9
213,35.785427,-105.810134,464.8,3075.0,1.0,89,,,,True,-22.2
215,35.785404,-105.810195,471.1,3073.8,2.82,88,,,,True,-18.9
216,35.785392,-105.810227,474.1,3073.2,2.85,87,,,,True,-16.9
217,35.785375,-105.81025,477.1,3072.6,2.96,87,,,,True,-15.2
220,35.785341,-105.81032,484.9,3071.6,2.76,89,,,,True,-12.6
221,35.785338,-105.810341,486.9,3071.4,2.56,90,,,,True,-12.1
225,35.785341,-105.810431,494.8,3070.6,1.98,92,,,,True,-13.5
226,35.785343,-105.810455,497.0,3070.2,2.02,92,,,,True,-14.9
228,35.785338,-105.810511,501.2,3069.4,2.043,91,,,,True,-12.8
231,35.785321,-105.810589,508.4,3068.2,2.28,92,,,,True,-14.0
236,35.78524,-105.810708,523.0,3067.0,2.725,92,,,,True,-14.1
239,35.78518,-105.810774,531.4,3065.4,2.875,94,,,,True,-14.3
241,35.785141,-105.810814,536.6,3064.4,2.72,95,,,,True,-18.6
242,35.785117,-105.810821,539.1,3063.8,2.683,95,,,,True,-15.5
243,35.785084,-105.810813,542.4,3063.4,2.771,95,,,,True,-10.1
244,35.785051,-105.810806,545.6,3063.2,2.84,95,,,,True,-9.8
246,35.784992,-105.810791,552.5,3062.8,3.18,95,,,,True,-10.8
248,35.78495,-105.810795,557.5,3062.0,3.02,95,,,,True,-12.3
250,35.784925,-105.810791,561.0,3061.4,2.567,95,,,,True,-17.4
252,35.784909,-105.810777,563.5,3061.0,1.833,95,,,,True,-20.4
254,35.784876,-105.810773,566.3,3060.4,1.467,95,,,,True,-23.5
255,35.78486,-105.810793,568.3,3059.8,1.46,95,,,,True,-21.3
256,35.784851,-105.810819,570.3,3059.2,1.55,95,,,,True,-21.2
257,35.784851,-105.810848,572.9,3058.6,1.88,95,,,,True,-21.7
259,35.784838,-105.810918,579.5,3057.6,2.64,96,,,,True,-21.8
260,35.784832,-105.810944,582.1,3056.8,2.76,97,,,,True,-21.1
262,35.784841,-105.81099,586.8,3055.6,2.78,96,,,,True,-20.0
263,35.784847,-105.811015,589.0,3055.2,2.683,96,,,,True,-19.2
266,35.784865,-105.811091,595.5,3054.4,2.233,95,,,,True,-17.5
269,35.784878,-105.811125,599.8,3053.4,1.8,95,,,,True,-14.2
275,35.784885,-105.811128,600.5,3053.2,0.556,95,,,,False,-13.3
279,35.784879,-105.811143,601.7,3053.4,0.19,102,,,,True,-16.0
280,35.78488,-105.81115,602.1,3053.4,0.32,112,,,,True,-13.8
281,35.784876,-105.811151,603.0,3053.4,0.417,117,,,,True,-16.1
282,35.784873,-105.811148,603.0,3053.4,0.357,117,,,,False,-13.8
284,35.784871,-105.81115,603.0,3053.2,0.26,117,,,,False,-15.7
291,35.784875,-105.811152,603.9,3053.0,0.1,117,,,,False,-15.6
293,35.784872,-105.811153,604.2,3053.2,0.133,113,,,,False,-16.1
295,35.784872,-105.811145,604.2,3053.2,0.109,108,,,,False,-15.2
297,35.784868,-105.811134,604.2,3053.0,0.05,105,,,,False,-21.6
299,35.784869,-105.811132,604.2,3053.2,0.0,103,,,,False,-24.2
303,35.784869,-105.811132,604.2,3053.2,0.0,100,,,,False,-24.6
308,35.784869,-105.811132,604.2,3053.2,0.0,97,,,,False,-26.7
314,35.784864,-105.811156,605.7,3052.8,0.136,97,,,,False,-29.7
317,35.784869,-105.811173,607.5,3052.2,0.367,99,,,,True,-28.3
320,35.784869,-105.811183,609.6,3051.8,0.65,103,,,,True,-28.3
325,35.784886,-105.811192,611.0,3051.6,0.438,106,,,,False,-28.3
327,35.784889,-105.811193,611.1,3051.4,0.214,107,,,,False,-28.3
332,35.784878,-105.811204,611.9,3051.2,0.129,108,,,,False,-19.3
333,35.784879,-105.811205,612.0,3051.0,0.15,108,,,,False,-19.3
339,35.784878,-105.81122,613.5,3050.6,0.229,107,,,,False,-18.5
342,35.784878,-105.811226,614.0,3050.0,0.222,107,,,,False,-16.5
346,35.784868,-105.81125,616.2,3049.8,0.386,105,,,,True,-16.7
350,35.784809,-105.811293,624.1,3049.0,1.263,105,,,,True,-12.5
351,35.784784,-105.811284,626.7,3048.4,2.1,104,,,,True,-12.4
352,35.784753,-105.811271,630.0,3048.0,2.3,104,,,,True,-13.2
355,35.78465,-105.811236,642.0,3046.6,3.58,104,,,,True,-11.2
356,35.784622,-105.811226,645.3,3046.2,3.72,104,,,,True,-12.8
359,35.784552,-105.811194,653.5,3045.4,3.357,104,,,,True,-15.8
362,35.784518,-105.811164,658.2,3044.4,2.15,104,,,,True,-18.4
363,35.784513,-105.811166,658.5,3044.0,1.886,104,,,,False,-25.0
368,35.784507,-105.811146,660.5,3043.4,0.383,103,,,,True,-25.2
375,35.78449,-105.811143,662.7,3043.2,0.35,101,,,,True,-21.7
377,35.784487,-105.811143,663.1,3043.0,0.289,101,,,,False,-18.8
381,35.784466,-105.811133,665.4,3042.4,0.45,102,,,,True,-18.5
385,35.784464,-105.811135,666.0,3042.4,0.362,100,,,,False,-20.6
391,35.784437,-105.811131,670.2,3041.8,0.48,99,,,,True,-18.4
393,35.78443,-105.811145,671.3,3041.4,0.662,105,,,,True,-19.9
394,35.784427,-105.811149,672.1,3041.2,0.678,115,,,,True,-17.5
396,35.78443,-105.81115,672.4,3041.2,0.44,119,,,,False,-22.9
399,35.784435,-105.811153,672.4,3041.2,0.06,122,,,,False,-22.1
403,35.784437,-105.811152,672.5,3041.4,0.014,124,,,,False,-21.9
407,35.784428,-105.811198,676.8,3040.4,0.55,122,,,,True,-22.4
409,35.784426,-105.811249,680.7,3039.4,1.367,122,,,,True,-19.8
411,35.784427,-105.81132,686.7,3038.0,1.775,121,,,,True,-16.8
412,35.784433,-105.811362,690.7,3037.8,2.78,121,,,,True,-13.6
414,35.784463,-105.811423,697.0,3037.0,3.26,121,,,,True,-11.8
417,35.784502,-105.811498,704.3,3036.2,2.72,118,,,,True,-14.8
418,35.784495,-105.811537,707.0,3035.6,2.717,118,,,,True,-16.1
420,35.78444,-105.811549,712.3,3034.6,2.55,118,,,,True,-20.0
422,35.78439,-105.811533,718.1,3033.6,2.76,118,,,,True,-17.7
424,35.784349,-105.811522,722.3,3032.6,2.55,118,,,,True,-16.1
425,35.784321,-105.811531,725.1,3032.4,2.56,119,,,,True,-12.9
427,35.784286,-105.811584,730.9,3031.6,2.56,118,,,,True,-13.3
429,35.784248,-105.811653,738.2,3031.0,3.18,118,,,,True,-14.8
431,35.784208,-105.81172,746.4,3029.4,3.55,119,,,,True,-16.1
433,35.784161,-105.811747,752.2,3028.4,3.55,119,,,,True,-19.6
435,35.784143,-105.811785,755.8,3027.6,2.933,119,,,,True,-20.3
436,35.78414,-105.811802,757.6,3027.2,2.24,119,,,,True,-18.7
437,35.784141,-105.811819,759.2,3026.8,2.133,119,,,,True,-15.8
439,35.784117,-105.811853,762.9,3026.4,1.783,120,,,,True,-20.9
440,35.784099,-105.811858,764.7,3026.0,1.78,119,,,,True,-20.2
441,35.784083,-105.811884,767.2,3025.8,1.92,117,,,,True,-20.7
443,35.784083,-105.811899,769.1,3024.8,1.65,114,,,,True,-19.2
444,35.784075,-105.811907,770.1,3024.6,1.44,112,,,,True,-22.0
447,35.784035,-105.811921,774.5,3024.0,1.217,109,,,,True,-17.1
448,35.784011,-105.811925,777.2,3023.6,1.62,109,,,,True,-17.5
449,35.783988,-105.811921,779.6,3023.0,1.9,109,,,,True,-16.8
450,35.783958,-105.811916,782.7,3022.4,2.1,110,,,,True,-16.3
453,35.783864,-105.811871,793.6,3020.8,3.28,111,,,,True,-14.7
454,35.783833,-105.811859,798.0,3020.2,3.68,112,,,,True,-14.5
455,35.783802,-105.811847,801.3,3019.8,3.72,113,,,,True,-15.3
458,35.783734,-105.811785,810.3,3018.4,3.34,112,,,,True,-15.8
461,35.783699,-105.811736,817.1,3017.2,2.633,113,,,,True,-14.4
462,35.783696,-105.811723,818.2,3017.0,2.414,113,,,,True,-13.7
466,35.783706,-105.811629,826.3,3016.2,1.84,115,,,,True,-10.6
467,35.783718,-105.811599,829.3,3015.8,2.22,115,,,,True,-8.0
470,35.783753,-105.811513,837.8,3015.0,2.45,118,,,,True,-7.4
472,35.783789,-105.811482,843.1,3015.0,2.76,123,,,,True,-5.4
473,35.7838,-105.811462,845.1,3014.8,2.633,124,,,,True,-7.6
474,35.783805,-105.811431,847.8,3014.8,2.643,124,,,,True,-14.1
476,35.783812,-105.81137,853.5,3013.8,2.617,125,,,,True,-14.5
477,35.783814,-105.811323,857.3,3013.0,2.84,125,,,,True,-15.3
478,35.783815,-105.811272,861.6,3012.4,3.3,125,,,,True,-15.2
480,35.783825,-105.811178,870.0,3011.4,3.7,125,,,,True,-14.0
481,35.783826,-105.811127,874.6,3010.6,4.22,125,,,,True,-13.5
482,35.783831,-105.811084,878.8,3010.0,4.3,125,,,,True,-13.5
485,35.783844,-105.811003,886.7,3009.0,3.34,125,,,,True,-12.0
486,35.783851,-105.81099,887.8,3009.0,2.64,125,,,,True,-10.2
489,35.783859,-105.810999,887.9,3009.0,1.3,124,,,,False,-14.7
493,35.783872,-105.810999,888.0,3009.2,0.029,121,,,,False,-19.6
496,35.783877,-105.810996,888.6,3009.0,0.1,121,,,,False,-22.6
503,35.783881,-105.810981,889.7,3008.4,0.17,118,,,,False,-19.3
505,35.783874,-105.81098,890.0,3008.4,0.156,117,,,,False,-21.4
511,35.783876,-105.810961,891.8,3008.0,0.262,115,,,,False,-23.8
513,35.783872,-105.810959,891.9,3007.8,0.237,114,,,,False,-19.0
519,35.783872,-105.810959,892.9,3007.6,0.138,114,,,,False,-16.1
520,35.783869,-105.810948,893.9,3007.4,0.286,115,,,,True,-5.4
522,35.78387,-105.810895,898.1,3006.8,0.689,115,,,,True,-4.0
523,35.783873,-105.810861,901.2,3006.6,0.93,115,,,,True,-3.1
528,35.783859,-105.810664,917.9,3006.6,3.3,114,,,,True,-1.3
530,35.783811,-105.810604,925.7,3006.4,3.5,114,,,,True,2.3
531,35.783791,-105.810578,929.1,3006.4,3.487,114,,,,True,3.8
535,35.783755,-105.810515,935.5,3007.4,1.96,114,,,,True,6.4
537,35.783732,-105.810546,939.2,3007.4,1.683,115,,,,True,-1.3
538,35.783724,-105.810569,941.4,3007.4,1.757,115,,,,True,-4.3
543,35.783645,-105.810758,960.3,3006.0,3.517,118,,,,True,-3.8
545,35.783604,-105.810831,968.4,3006.0,3.857,121,,,,True,-3.2
547,35.783543,-105.810877,975.8,3006.0,3.822,122,,,,True,-0.7
549,35.78346,-105.810907,985.6,3006.0,4.217,122,,,,True,-1.6
550,35.78342,-105.810906,989.7,3005.8,4.26,122,,,,True,-2.8
551,35.783378,-105.810899,994.0,3005.6,4.267,123,,,,True,-2.9
556,35.783159,-105.810869,1018.6,3004.8,4.817,123,,,,True,-3.0
558,35.783095,-105.810821,1026.4,3004.8,4.629,124,,,,True,-3.6
559,35.783065,-105.810801,1029.5,3004.6,4.438,125,,,,True,-3.3
560,35.783032,-105.810799,1033.1,3004.2,4.344,126,,,,True,-4.1
561,35.783001,-105.810814,1036.6,3004.2,3.6,129,,,,True,2.1
562,35.782956,-105.810835,1041.1,3004.2,3.75,131,,,,True,0.0
566,35.782837,-105.810941,1058.1,3005.2,4.3,132,,,,True,0.0
570,35.782682,-105.810978,1075.6,3004.2,4.313,132,,,,True,0.3
575,35.782488,-105.811037,1098.5,3004.2,4.489,130,,,,True,-2.9
579,35.782424,-105.811199,1114.2,3004.4,4.289,130,,,,True,-3.3
581,35.78235,-105.811298,1126.1,3003.2,4.6,129,,,,True,-5.5
583,35.782303,-105.8114,1136.7,3002.2,4.775,130,,,,True,-8.1
586,35.782273,-105.811565,1152.6,3001.2,5.3,131,,,,True,-6.9
588,35.782277,-105.811668,1160.9,3000.6,4.84,131,,,,True,-5.8
590,35.782244,-105.811788,1172.5,3000.0,5.114,131,,,,True,-5.2
591,35.782223,-105.811841,1178.0,2999.8,5.08,130,,,,True,-4.1
592,35.78221,-105.811898,1183.5,2999.6,5.15,130,,,,True,-4.2
595,35.782171,-105.812073,1200.1,2999.0,5.52,128,,,,True,-5.0
596,35.782168,-105.812134,1205.7,2998.6,5.54,127,,,,True,-4.3
598,35.782155,-105.812274,1217.9,2997.8,5.733,127,,,,True,-4.0
602,35.782124,-105.812563,1244.4,2997.0,6.45,126,,,,True,-2.9
603,35.782127,-105.812624,1249.8,2997.0,6.38,125,,,,True,-0.4
605,35.782134,-105.812749,1260.7,2997.0,6.114,125,,,,True,3.3
608,35.782138,-105.812893,1274.7,2997.6,4.98,121,,,,True,4.0
610,35.78214,-105.812959,1280.6,2998.2,3.98,118,,,,True,2.8
612,35.78214,-105.813006,1285.0,2998.4,3.471,117,,,,True,0.0
616,35.782152,-105.813133,1296.3,2998.0,2.617,114,,,,True,-5.8
617,35.782151,-105.813161,1299.3,2997.6,2.86,114,,,,True,-8.6
620,35.782143,-105.81326,1308.2,2996.6,2.9,113,,,,True,-10.1
623,35.782129,-105.813396,1319.9,2995.4,3.433,113,,,,True,-10.7
627,35.782126,-105.813548,1333.8,2994.2,3.657,113,,,,True,-11.7
628,35.782128,-105.813579,1336.7,2993.6,3.36,113,,,,True,-12.2
630,35.782121,-105.813641,1342.4,2992.6,3.214,114,,,,True,-11.6
633,35.782108,-105.813755,1352.6,2991.4,3.18,114,,,,True,-10.9
637,35.782096,-105.813909,1366.7,2990.4,3.471,114,,,,True,-9.3
638,35.782101,-105.813943,1369.8,2990.0,3.44,114,,,,True,-8.6
642,35.78209,-105.814068,1381.2,2989.0,2.9,115,,,,True,-11.3
643,35.78208,-105.814105,1385.0,2988.6,3.04,115,,,,True,-12.1
644,35.782074,-105.814138,1387.9,2988.0,3.017,115,,,,True,-14.9
647,35.782063,-105.814225,1396.3,2986.8,3.02,115,,,,True,-16.0
649,35.782061,-105.814283,1401.3,2986.0,2.68,116,,,,True,-14.1
650,35.782066,-105.81431,1403.8,2985.6,2.65,116,,,,True,-13.4
653,35.782048,-105.814397,1412.0,2984.6,2.617,115,,,,True,-13.3
654,35.782042,-105.814424,1414.2,2984.4,2.58,115,,,,True,-12.7
658,35.782023,-105.814509,1422.3,2983.2,2.06,114,,,,True,-14.7
660,35.782015,-105.814543,1425.8,2982.8,1.933,112,,,,True,-15.8
662,35.781994,-105.814578,1429.7,2982.0,1.938,110,,,,True,-14.3
663,35.781986,-105.814607,1431.9,2981.6,1.92,111,,,,True,-14.8
665,35.781941,-105.814668,1439.1,2980.8,2.66,112,,,,True,-13.4
667,35.781904,-105.814731,1446.1,2979.8,3.28,112,,,,True,-13.0
668,35.781892,-105.814756,1449.1,2979.4,3.44,111,,,,True,-13.5
672,35.781839,-105.814829,1458.1,2978.2,2.4,110,,,,True,-13.4
675,35.781774,-105.814874,1465.7,2977.2,2.371,111,,,,True,-13.7
676,35.781739,-105.814895,1470.0,2976.6,2.613,111,,,,True,-10.9
677,35.781709,-105.814924,1473.9,2976.0,3.16,111,,,,True,-9.3
680,35.781596,-105.815014,1489.2,2974.8,4.7,110,,,,True,-6.3
681,35.781563,-105.815041,1493.7,2974.6,4.74,110,,,,True,-5.4
686,35.781394,-105.815199,1517.6,2973.6,4.733,109,,,,True,-4.6
687,35.781359,-105.815231,1522.2,2973.4,4.75,110,,,,True,-4.9
689,35.781278,-105.815306,1532.9,2972.8,4.9,113,,,,True,-6.1
690,35.781242,-105.81534,1538.2,2972.4,4.944,114,,,,True,-6.6
692,35.781183,-105.815385,1546.9,2971.8,4.94,115,,,,True,-6.6
695,35.781114,-105.815434,1555.4,2971.2,3.44,117,,,,True,-6.5
697,35.781073,-105.815447,1560.1,2971.0,2.64,119,,,,True,-7.4
700,35.780967,-105.815503,1572.1,2970.2,3.34,120,,,,True,-8.9
701,35.780925,-105.815518,1576.7,2969.6,3.55,120,,,,True,-8.2
702,35.780889,-105.815522,1580.0,2969.0,3.98,121,,,,True,-5.8
705,35.780767,-105.815572,1594.3,2968.2,4.44,121,,,,True,-4.6
708,35.780645,-105.815641,1610.1,2968.0,5.017,121,,,,True,-4.1
710,35.780583,-105.815714,1620.0,2967.6,5.14,121,,,,True,-3.9
713,35.780498,-105.815839,1634.2,2966.8,4.82,121,,,,True,-5.7
715,35.780433,-105.815939,1645.6,2966.2,5.12,122,,,,True,-6.9
716,35.780398,-105.816001,1652.1,2965.6,5.35,122,,,,True,-6.6
718,35.780321,-105.816131,1666.1,2964.4,6.38,121,,,,True,-6.5
720,35.780258,-105.816261,1679.9,2963.8,6.86,118,,,,True,-5.4
721,35.780248,-105.816315,1685.3,2963.6,6.64,118,,,,True,-4.7
724,35.780222,-105.816435,1696.8,2963.2,5.117,117,,,,True,-8.0
725,35.780212,-105.816474,1700.2,2962.8,4.06,117,,,,True,-10.6
727,35.780183,-105.816554,1707.4,2961.6,3.683,117,,,,True,-13.5
730,35.780151,-105.816623,1715.4,2960.4,3.04,116,,,,True,-13.1
735,35.780134,-105.816645,1717.6,2960.4,1.275,118,,,,True,-12.8
744,35.780123,-105.81668,1721.5,2960.0,0.436,121,,,,True,-17.9
747,35.780129,-105.816685,1721.5,2959.8,0.325,118,,,,False,-25.0
751,35.780129,-105.816688,1722.1,2959.2,0.086,117,,,,False,-20.4
753,35.780129,-105.816683,1722.1,2959.2,0.1,116,,,,False,-21.8
757,35.780127,-105.816681,1722.3,2959.0,0.033,113,,,,False,-26.5
760,35.780124,-105.816676,1722.6,2958.6,0.071,110,,,,False,-26.4
762,35.780126,-105.816671,1722.8,2958.6,0.1,110,,,,False,-30.8
769,35.780124,-105.816649,1725.2,2958.4,0.289,111,,,,True,-27.6
773,35.78012,-105.816643,1725.5,2958.2,0.245,110,,,,False,-21.8
775,35.780117,-105.816644,1725.5,2958.0,0.05,109,,,,False,-20.4
782,35.780125,-105.81663,1727.4,2957.8,0.211,108,,,,False,-17.5
784,35.780127,-105.816624,1727.4,2957.8,0.211,105,,,,False,-15.9
786,35.780116,-105.816624,1728.2,2957.6,0.245,104,,,,True,-12.7
788,35.780107,-105.816662,1730.6,2957.2,0.533,104,,,,True,-14.3
789,35.780095,-105.816686,1733.1,2956.8,1.14,99,,,,True,-13.5
790,35.780078,-105.816712,1736.5,2956.6,1.517,93,,,,True,-10.3
791,35.780073,-105.816732,1738.6,2956.2,2.08,93,,,,True,-8.0
792,35.780068,-105.81675,1740.4,2956.0,2.033,93,,,,True,-8.5
793,35.780058,-105.816765,1742.3,2956.0,2.34,92,,,,True,-7.4
798,35.780002,-105.816874,1753.0,2955.2,2.1,98,,,,True,-6.4
799,35.779972,-105.816913,1757.6,2954.8,2.55,109,,,,True,-6.2
800,35.779944,-105.816951,1762.4,2954.6,2.871,113,,,,True,-4.0
801,35.779918,-105.817009,1768.1,2954.4,3.225,115,,,,True,-1.0
802,35.779901,-105.817058,1773.1,2954.4,3.422,111,,,,True,1.0
803,35.779899,-105.817102,1777.4,2954.6,4.88,103,,,,True,2.3
804,35.779888,-105.817148,1781.8,2954.8,4.84,97,,,,True,2.3
805,35.779885,-105.817196,1785.8,2954.8,4.68,91,,,,True,-1.7
806,35.779886,-105.817247,1790.4,2954.8,4.46,90,,,,True,-4.9
808,35.779884,-105.817366,1801.1,2954.2,4.74,90,,,,True,-5.8
809,35.77987,-105.817425,1806.4,2953.6,4.92,90,,,,True,-7.6
810,35.779869,-105.817499,1813.3,2953.2,5.5,90,,,,True,-7.7
811,35.779872,-105.817566,1819.5,2952.6,5.82,90,,,,True,-7.2
813,35.779865,-105.817676,1829.8,2952.0,5.74,90,,,,True,-7.7
814,35.77986,-105.817727,1834.1,2951.6,5.54,90,,,,True,-9.1
815,35.779861,-105.817784,1839.2,2951.2,5.18,90,,,,True,-12.9
817,35.77988,-105.817881,1848.2,2950.0,4.783,89,,,,True,-10.3
819,35.77989,-105.817951,1854.6,2948.8,4.1,89,,,,True,-11.0
825,35.779868,-105.818173,1874.9,2947.4,3.338,91,,,,True,-10.1
827,35.779843,-105.818275,1884.6,2946.2,3.75,91,,,,True,-8.9
829,35.779801,-105.818369,1893.7,2945.4,3.91,90,,,,True,-11.7
830,35.779774,-105.818417,1899.5,2944.8,4.92,89,,,,True,-11.3
833,35.77969,-105.818548,1914.1,2942.8,4.917,89,,,,True,-11.9
835,35.779607,-105.818652,1927.1,2941.4,5.52,89,,,,True,-12.2
836,35.779564,-105.818705,1934.0,2940.6,5.75,89,,,,True,-10.8
837,35.779521,-105.818755,1940.6,2939.8,5.871,89,,,,True,-10.4
839,35.779441,-105.818881,1954.9,2938.4,6.8,89,,,,True,-8.9
841,35.779388,-105.819024,1969.3,2937.0,7.06,89,,,,True,-8.2
843,35.779321,-105.819168,1983.5,2936.2,7.15,93,,,,True,-7.0
844,35.779281,-105.819243,1991.6,2935.6,7.34,94,,,,True,-5.9
846,35.779214,-105.819373,2006.1,2934.8,7.36,94,,,,True,-7.2
847,35.779179,-105.819436,2013.1,2934.4,7.3,95,,,,True,-9.0
849,35.77911,-105.819539,2025.3,2933.2,6.74,97,,,,True,-11.3
851,35.779035,-105.819659,2038.5,2931.4,6.48,98,,,,True,-11.9
852,35.779014,-105.819729,2045.1,2930.4,6.4,97,,,,True,-12.4
853,35.779006,-105.819809,2051.8,2929.8,6.45,96,,,,True,-10.8
855,35.779,-105.819962,2065.5,2928.2,6.7,96,,,,True,-9.0
857,35.778987,-105.820092,2077.5,2927.2,6.48,97,,,,True,-8.3
858,35.778977,-105.820148,2082.9,2927.0,6.22,96,,,,True,-6.7
859,35.778976,-105.8202,2087.9,2926.8,6.017,96,,,,True,-6.1
860,35.778975,-105.82025,2092.4,2926.4,5.38,96,,,,True,-9.7
861,35.778962,-105.820297,2097.2,2926.0,5.283,96,,,,True,-12.4
862,35.778945,-105.82034,2101.5,2925.2,4.8,96,,,,True,-13.3
863,35.778937,-105.820386,2105.7,2924.6,4.56,96,,,,True,-13.6
864,35.778929,-105.820446,2110.4,2924.0,4.5,97,,,,True,-12.0
865,35.778921,-105.820506,2116.3,2923.4,4.78,97,,,,True,-12.5
866,35.778923,-105.820566,2121.5,2922.8,4.86,97,,,,True,-12.1
867,35.77892,-105.820625,2126.5,2922.0,5.0,97,,,,True,-11.4
869,35.778892,-105.820758,2138.5,2920.6,5.62,97,,,,True,-11.5
871,35.778836,-105.820877,2151.4,2919.4,5.98,98,,,,True,-9.9
873,35.778792,-105.820998,2163.2,2918.0,6.117,98,,,,True,-8.8
876,35.778711,-105.821143,2179.0,2916.8,5.52,99,,,,True,-8.0
877,35.778683,-105.821181,2183.8,2916.6,5.4,99,,,,True,-6.6
878,35.778633,-105.821202,2188.9,2916.4,5.14,100,,,,True,-7.1
880,35.778548,-105.821265,2199.7,2915.6,5.214,100,,,,True,-8.7
883,35.778436,-105.821328,2212.9,2914.4,4.8,101,,,,True,-10.2
884,35.778417,-105.821358,2216.1,2913.8,4.533,101,,,,True,-12.0
885,35.778426,-105.821383,2218.2,2913.4,3.7,101,,,,True,-12.1
887,35.778472,-105.821406,2223.1,2912.8,3.343,102,,,,True,-10.0
889,35.778521,-105.821429,2229.4,2912.4,2.66,103,,,,True,-9.5
891,35.778554,-105.821502,2236.1,2911.8,2.983,104,,,,True,-11.0
892,35.778587,-105.821552,2241.4,2911.2,3.66,105,,,,True,-13.2
893,35.778631,-105.821586,2246.8,2910.2,3.95,105,,,,True,-14.6
894,35.778675,-105.821604,2252.1,2909.4,4.54,105,,,,True,-11.5
895,35.77872,-105.82161,2256.7,2908.8,4.55,105,,,,True,-8.4
897,35.778826,-105.821612,2267.6,2908.2,5.24,105,,,,True,-5.6
898,35.778871,-105.821595,2273.1,2908.0,5.26,105,,,,True,-6.4
902,35.779046,-105.821565,2291.3,2907.2,4.74,105,,,,True,-7.3
905,35.779061,-105.821706,2303.5,2905.8,4.343,107,,,,True,-8.1
907,35.779056,-105.821825,2314.3,2904.8,4.6,107,,,,True,-10.9
908,35.779062,-105.821886,2320.0,2904.2,4.783,107,,,,True,-10.0
909,35.779054,-105.821941,2324.4,2903.6,4.729,106,,,,True,-11.8
910,35.779033,-105.82199,2329.4,2903.2,5.18,107,,,,True,-11.3
912,35.778978,-105.822084,2339.8,2901.8,5.1,106,,,,True,-10.3
913,35.778953,-105.822132,2344.7,2901.4,4.94,106,,,,True,-10.4
914,35.778921,-105.82217,2349.7,2901.0,5.06,106,,,,True,-8.6
915,35.778881,-105.822194,2354.5,2900.6,5.02,106,,,,True,-8.0
916,35.778846,-105.822198,2358.4,2900.2,4.833,105,,,,True,-9.0
918,35.778763,-105.822221,2367.2,2899.6,4.5,102,,,,True,-10.8
920,35.778681,-105.822215,2376.4,2898.6,4.38,100,,,,True,-12.1
922,35.778615,-105.822198,2384.0,2897.4,4.267,98,,,,True,-14.1
924,35.778579,-105.822148,2389.8,2896.4,3.767,98,,,,True,-14.6
925,35.778551,-105.822132,2392.8,2896.0,3.28,97,,,,True,-13.9
927,35.778482,-105.822136,2399.7,2895.2,3.14,96,,,,True,-14.0
928,35.778444,-105.822129,2404.1,2894.6,3.35,96,,,,True,-15.1
930,35.778371,-105.82211,2412.7,2893.2,3.98,99,,,,True,-15.7
931,35.778333,-105.822106,2416.7,2892.4,3.983,102,,,,True,-14.3
932,35.778289,-105.822104,2421.4,2891.8,4.34,107,,,,True,-12.4
933,35.778246,-105.822111,2426.4,2891.4,4.46,118,,,,True,-10.4
935,35.778151,-105.822125,2436.8,2890.2,4.82,121,,,,True,-9.7
937,35.778055,-105.822113,2447.4,2889.2,5.2,122,,,,True,-10.2
938,35.77801,-105.82212,2452.3,2888.8,5.18,122,,,,True,-9.4
939,35.777959,-105.822109,2457.7,2888.2,5.217,122,,,,True,-10.3
941,35.777869,-105.822076,2468.7,2887.2,5.317,122,,,,True,-10.2
943,35.777803,-105.822033,2476.4,2886.2,4.82,122,,,,True,-9.0
945,35.777732,-105.821974,2485.6,2885.4,4.65,123,,,,True,-7.8
947,35.777681,-105.82192,2493.3,2885.0,4.1,122,,,,True,-6.9
949,35.777626,-105.821885,2499.4,2884.8,3.833,122,,,,True,-8.8
950,35.777595,-105.821892,2502.6,2884.4,3.4,122,,,,True,-13.5
952,35.777582,-105.82193,2506.0,2883.6,2.54,121,,,,True,-13.8
954,35.777605,-105.821973,2511.1,2882.6,2.34,121,,,,True,-13.7
956,35.777633,-105.822053,2518.2,2882.2,2.6,121,,,,True,-11.1
957,35.77764,-105.822105,2523.0,2881.6,3.4,121,,,,True,-9.6
960,35.777693,-105.822249,2536.5,2880.2,4.233,121,,,,True,-11.1
961,35.777721,-105.822274,2540.3,2879.8,4.42,121,,,,True,-9.0
963,35.777782,-105.822301,2546.9,2879.0,3.983,121,,,,True,-4.2
965,35.777845,-105.822327,2554.1,2878.8,3.52,121,,,,True,-3.7
971,35.778012,-105.822378,2574.6,2878.6,3.462,122,,,,True,-2.6
977,35.77813,-105.822471,2589.1,2878.0,2.917,122,,,,True,-3.2
978,35.778138,-105.822507,2593.2,2877.8,2.657,121,,,,True,-4.8
981,35.778161,-105.822626,2604.4,2877.2,2.98,122,,,,True,-5.2
984,35.778146,-105.822762,2616.4,2876.6,3.867,122,,,,True,-5.9
986,35.778156,-105.822842,2623.8,2876.2,3.88,122,,,,True,-7.3
988,35.778136,-105.822912,2630.4,2875.6,3.714,121,,,,True,-8.8
989,35.778136,-105.822968,2634.7,2875.0,3.66,121,,,,True,-10.6
991,35.778164,-105.823062,2643.7,2874.2,3.98,120,,,,True,-9.2
992,35.778191,-105.823101,2648.3,2873.6,4.083,119,,,,True,-7.9
994,35.778265,-105.823182,2658.8,2873.0,4.82,119,,,,True,-6.8
996,35.778319,-105.823293,2670.2,2872.2,5.3,119,,,,True,-5.3
997,35.778359,-105.823328,2676.1,2872.0,5.56,119,,,,True,-4.9
999,35.778425,-105.823398,2685.8,2871.6,5.4,119,,,,True,-3.2
1000,35.778468,-105.823432,2691.2,2871.4,5.4,119,,,,True,-3.9
1002,35.778554,-105.823478,2701.3,2871.2,5.04,119,,,,True,-4.3
1003,35.778602,-105.823505,2706.9,2870.8,5.133,118,,,,True,-4.9
1004,35.778656,-105.823516,2713.4,2870.4,5.52,118,,,,True,-5.3
1006,35.778751,-105.823486,2723.8,2869.8,5.433,117,,,,True,-4.7
1008,35.778859,-105.823491,2735.4,2869.4,5.7,113,,,,True,-5.0
1009,35.778899,-105.823522,2741.0,2869.2,5.52,112,,,,True,-5.3
1010,35.778914,-105.823578,2745.6,2868.8,5.367,111,,,,True,-6.7
1011,35.778934,-105.823632,2750.4,2868.4,5.32,110,,,,True,-6.5
1012,35.77897,-105.823688,2756.4,2868.0,5.433,110,,,,True,-6.9
1015,35.779068,-105.823847,2774.9,2867.0,5.86,109,,,,True,-7.5
1016,35.779101,-105.823892,2780.3,2866.4,5.98,109,,,,True,-8.8
1017,35.779141,-105.823919,2785.2,2865.8,5.76,109,,,,True,-9.5
1019,35.779226,-105.823954,2794.9,2864.6,5.5,110,,,,True,-8.5
1020,35.779294,-105.823978,2802.2,2864.4,5.46,110,,,,True,-7.2
1021,35.779349,-105.823976,2808.5,2864.0,5.64,110,,,,True,-4.3
1023,35.779416,-105.82396,2815.8,2863.6,5.1,110,,,,True,-7.1
1025,35.779475,-105.823979,2822.7,2863.4,4.1,109,,,,True,-9.2
1027,35.7795,-105.824037,2827.4,2862.6,3.15,110,,,,True,-15.7
1028,35.779491,-105.824063,2830.2,2862.0,2.88,109,,,,True,-17.8
1030,35.779455,-105.824099,2834.9,2860.6,2.44,109,,,,True,-18.2
1032,35.77939,-105.824142,2842.9,2859.8,3.1,108,,,,True,-16.9
1033,35.779353,-105.824163,2847.2,2859.0,3.4,108,,,,True,-14.7
1034,35.779313,-105.824179,2851.5,2858.4,3.55,108,,,,True,-16.9
1035,35.779265,-105.824194,2856.7,2857.4,4.36,108,,,,True,-11.9
1036,35.779218,-105.824202,2861.8,2856.6,4.483,109,,,,True,-11.4
1037,35.779169,-105.824215,2867.4,2856.6,4.9,108,,,,True,-9.9
1038,35.779129,-105.824232,2872.6,2856.0,5.08,108,,,,True,-9.2
1040,35.779052,-105.824255,2881.0,2855.0,4.86,108,,,,True,-11.2
1041,35.779008,-105.824245,2885.7,2854.4,4.78,108,,,,True,-10.8
1042,35.778963,-105.82424,2890.6,2854.0,4.64,108,,,,True,-8.0
1043,35.778907,-105.824248,2896.6,2853.4,4.8,109,,,,True,-6.7
1045,35.77883,-105.824233,2906.1,2853.0,5.02,111,,,,True,-8.4
1047,35.778778,-105.8242,2912.6,2852.6,4.4,116,,,,True,-8.3
1049,35.778728,-105.824148,2919.2,2851.6,3.767,118,,,,True,-11.0
1050,35.778691,-105.824138,2923.2,2851.2,3.42,118,,,,True,-12.0
1052,35.77861,-105.824151,2931.5,2850.2,3.78,119,,,,True,-10.5
1053,35.778571,-105.824149,2935.9,2849.8,3.883,119,,,,True,-10.9
1056,35.778465,-105.824165,2947.8,2848.6,4.1,119,,,,True,-11.0
1059,35.778396,-105.824185,2956.1,2847.6,3.367,119,,,,True,-12.2
1060,35.778379,-105.824201,2958.7,2847.2,3.257,119,,,,True,-14.8
1063,35.778338,-105.824217,2963.7,2846.4,2.271,119,,,,True,-17.7
1064,35.778321,-105.824232,2965.4,2846.0,1.86,118,,,,True,-17.5
1066,35.778274,-105.824255,2970.8,2845.0,2.017,117,,,,True,-6.3
1068,35.778241,-105.824254,2974.7,2844.4,2.2,117,,,,True,-3.2
1073,35.778166,-105.824235,2982.7,2845.2,1.7,121,,,,True,4.0
1074,35.778153,-105.824227,2984.0,2845.4,1.55,121,,,,True,7.3
1079,35.778144,-105.824219,2985.7,2845.6,0.5,121,,,,True,-12.8
1085,35.778144,-105.824219,2985.7,2845.2,0.155,124,,,,False,-18.5
1089,35.778136,-105.824211,2986.6,2844.8,0.09,121,,,,False,-34.3
1090,35.778133,-105.824204,2987.4,2844.6,0.34,120,,,,True,-34.2
1097,35.778131,-105.824202,2988.1,2844.2,0.188,120,,,,False,-30.6
1105,35.778131,-105.824202,2988.1,2844.2,0.047,120,,,,False,-19.6
1108,35.778127,-105.824199,2988.3,2843.8,0.018,120,,,,False,-24.8
1112,35.778124,-105.824193,2989.7,2842.8,0.229,123,,,,True,-30.4
1117,35.778135,-105.824205,2990.3,2842.2,0.222,124,,,,False,-25.2
1122,35.778132,-105.824228,2990.3,2842.6,0.06,124,,,,False,-26.8
1130,35.778135,-105.82422,2991.2,2842.6,0.069,113,,,,False,-24.8
1131,35.778139,-105.824219,2991.2,2842.6,0.1,109,,,,False,-12.1
1133,35.778131,-105.824202,2991.8,2842.8,0.136,106,,,,True,-17.6
1138,35.778136,-105.824199,2993.9,2843.0,0.386,106,,,,True,-16.7
1144,35.778115,-105.824205,2996.9,2842.2,0.464,107,,,,True,-22.9
1151,35.778106,-105.824219,2998.6,2841.6,0.362,105,,,,False,-27.1
1154,35.778099,-105.824223,2999.6,2841.6,0.27,101,,,,True,-33.3
1159,35.778099,-105.82422,2999.9,2841.0,0.163,104,,,,False,-21.9
1160,35.778099,-105.82422,2999.9,2841.0,0.05,104,,,,False,-25.0
1167,35.778099,-105.82422,2999.9,2840.6,0.0,104,,,,False,-26.9
1174,35.778099,-105.82422,2999.9,2840.6,0.0,103,,,,False,-34.3
1188,35.778099,-105.82422,2999.9,2840.0,0.0,100,,,,False,-47.4
1189,35.778099,-105.82422,2999.9,2839.8,0.0,101,,,,False,-50.0
1196,35.778099,-105.82422,2999.9,2839.6,0.0,101,,,,False,-39.6
1198,35.778099,-105.82422,2999.9,2839.6,0.0,102,,,,False,-35.2
1205,35.778099,-105.82422,2999.9,2839.0,0.0,99,,,,False,-27.7
1207,35.778099,-105.82422,2999.9,2839.0,0.0,96,,,,False,-35.2
1213,35.778146,-105.824198,3003.1,2839.4,0.4,96,,,,True,-37.4
1218,35.778138,-105.824178,3004.4,2839.4,0.409,96,,,,False,-37.4
1222,35.778142,-105.824179,3004.5,2838.6,0.156,97,,,,False,-31.8
1230,35.778139,-105.824186,3006.8,2838.2,0.2,95,,,,False,-27.3
1232,35.778142,-105.824182,3006.8,2838.2,0.23,88,,,,False,-18.2
1233,35.778141,-105.824179,3007.0,2838.2,0.227,84,,,,False,-18.2
1234,35.778142,-105.824179,3007.1,2838.2,0.217,81,,,,False,-10.6
1238,35.778141,-105.824181,3007.7,2838.4,0.14,89,,,,False,-4.3
1239,35.778141,-105.824181,3007.7,2838.4,0.12,95,,,,False,-2.9
1245,35.77814,-105.824187,3008.7,2838.8,0.143,95,,,,False,1.5
1251,35.778141,-105.824181,3008.7,2838.4,0.083,93,,,,False,4.4
1254,35.778141,-105.824181,3008.7,2838.4,0.0,96,,,,False,8.8
1255,35.778141,-105.824181,3008.7,2838.2,0.0,99,,,,False,7.6
1257,35.778141,-105.824181,3008.7,2838.2,0.0,104,,,,False,7.5
1258,35.778141,-105.824181,3008.7,2838.2,0.0,104,,,,False,26.8
1271,35.778141,-105.824181,3008.7,2838.2,0.0,106,,,,False,26.8
1280,35.778133,-105.824189,3008.8,2838.2,0.005,107,,,,False,22.9
1286,35.778141,-105.824181,3008.9,2838.2,0.013,107,,,,False,17.5
1298,35.778141,-105.824181,3008.9,2838.0,0.006,107,,,,False,17.5
1305,35.778141,-105.824181,3008.9,2838.8,0.0,109,,,,False,19.2
1314,35.778145,-105.824181,3008.9,2839.4,0.0,110,,,,False,21.2
1319,35.778141,-105.824181,3009.3,2839.6,0.029,109,,,,False,21.2
1320,35.778131,-105.824185,3009.3,2839.8,0.067,109,,,,False,21.4
1323,35.778118,-105.824178,3009.7,2840.0,0.089,109,,,,False,23.5
1327,35.778095,-105.824178,3013.6,2840.2,0.614,110,,,,True,9.8
1333,35.778087,-105.824181,3015.0,2840.2,0.53,107,,,,False,1.7
1335,35.778087,-105.824181,3015.0,2840.4,0.175,104,,,,False,-1.7
1339,35.778112,-105.824182,3017.5,2840.6,0.417,103,,,,True,-2.0
1340,35.778127,-105.824183,3019.1,2840.4,0.82,104,,,,True,2.0
1344,35.778135,-105.824185,3021.3,2839.8,0.76,104,,,,True,-1.8
1347,35.77814,-105.824185,3021.4,2840.4,0.329,101,,,,False,3.5
1351,35.778148,-105.824188,3023.4,2840.0,0.3,100,,,,True,2.3
1358,35.778148,-105.824188,3023.4,2840.2,0.182,99,,,,False,2.3
1363,35.778143,-105.824193,3023.4,2840.4,0.0,100,,,,False,4.5
1369,35.778137,-105.824225,3024.7,2840.0,0.118,101,,,,False,2.2
1376,35.778131,-105.824224,3026.3,2840.6,0.223,102,,,,False,1.9
1381,35.778134,-105.824209,3026.3,2840.8,0.133,98,,,,False,-4.0
1382,35.778134,-105.824209,3026.3,2840.8,0.0,97,,,,False,0.0
1384,35.778134,-105.824209,3026.3,2840.8,0.0,96,,,,False,-2.5
1385,35.778134,-105.824209,3026.3,2840.8,0.0,93,,,,False,-2.5
1394,35.778134,-105.824209,3026.3,2841.0,0.0,93,,,,False,-2.5
1400,35.778134,-105.824209,3026.3,2840.0,0.0,92,,,,False,-4.9
1404,35.778144,-105.824208,3026.8,2840.8,0.05,93,,,,False,-7.4
1408,35.778146,-105.824217,3027.8,2840.8,0.188,92,,,,False,-38.7
1414,35.778163,-105.824213,3028.3,2840.4,0.15,93,,,,False,-38.7
1423,35.778171,-105.824215,3029.1,2840.0,0.087,94,,,,False,-38.7
1425,35.778166,-105.824223,3029.4,2839.8,0.1,99,,,,False,-38.7
1432,35.778153,-105.82423,3029.4,2839.8,0.033,100,,,,False,-45.2
1434,35.778153,-105.82423,3029.4,2839.6,0.0,94,,,,False,-45.2
1436,35.778153,-105.82423,3029.4,2839.6,0.0,88,,,,False,-25.8
1437,35.778153,-105.82423,3029.4,2839.6,0.0,85,,,,False,-25.8
1442,35.778153,-105.82423,3029.4,2839.6,0.0,83,,,,False,0.0
1453,35.778153,-105.82423,3029.4,2839.6,0.0,83,,,,False,0.0
1457,35.778153,-105.82423,3029.4,2839.6,0.0,86,,,,False,0.0
1464,35.778153,-105.82423,3029.4,2839.4,0.0,89,,,,False,0.0
1469,35.778153,-105.82423,3029.4,2839.2,0.0,85,,,,False,0.0
1470,35.778153,-105.82423,3029.4,2839.2,0.0,84,,,,False,0.0
1477,35.778139,-105.824209,3029.4,2839.4,0.0,85,,,,False,0.0
1487,35.778139,-105.824209,3029.4,2839.4,0.0,82,,,,False,0.0
1488,35.778139,-105.824209,3029.4,2839.2,0.0,81,,,,False,0.0
1495,35.778139,-105.824209,3029.4,2839.8,0.0,78,,,,False,0.0
1496,35.778139,-105.824209,3029.4,2840.0,0.0,78,,,,False,0.0
1502,35.778139,-105.824209,3029.4,2840.0,0.0,84,,,,False,0.0
1503,35.778139,-105.824209,3029.4,2840.0,0.0,87,,,,False,-26.1
1504,35.778139,-105.824209,3029.4,2840.0,0.0,87,,,,False,-21.7
1507,35.778139,-105.824209,3029.4,2840.0,0.0,85,,,,False,-17.4
1517,35.778139,-105.824209,3029.4,2840.2,0.0,83,,,,False,-21.7
1523,35.778141,-105.824187,3029.8,2839.4,0.025,85,,,,False,-30.4
1525,35.778141,-105.824187,3029.8,2839.4,0.05,85,,,,False,-34.8
1528,35.778143,-105.824159,3032.1,2839.6,0.46,85,,,,True,-30.4
1535,35.778138,-105.82415,3034.0,2838.8,0.42,86,,,,False,-3.8
1540,35.778138,-105.82415,3034.0,2838.8,0.158,83,,,,False,-11.3
1545,35.778138,-105.82415,3034.0,2838.6,0.0,89,,,,False,-11.3
1546,35.778138,-105.82415,3034.0,2838.6,0.0,92,,,,False,-11.3
1547,35.778138,-105.82415,3034.0,2838.6,0.0,93,,,,False,-5.9
1560,35.778138,-105.82415,3034.0,2838.4,0.0,89,,,,False,-5.1
1561,35.778138,-105.82415,3034.0,2838.6,0.0,87,,,,False,-7.2
1568,35.778138,-105.82415,3034.6,2838.8,0.075,89,,,,False,-1.9
1574,35.778128,-105.82417,3036.3,2839.2,0.177,89,,,,False,11.6
1583,35.778123,-105.824172,3036.3,2839.4,0.113,90,,,,False,14.0
1591,35.77812,-105.82418,3036.7,2839.2,0.024,89,,,,False,14.0
1598,35.778115,-105.824192,3040.0,2838.8,0.247,89,,,,True,16.3
1601,35.778115,-105.824192,3040.0,2839.2,0.33,93,,,,False,13.1
1603,35.778115,-105.824192,3040.0,2839.2,0.0,96,,,,False,15.0
1605,35.778118,-105.824197,3040.4,2839.0,0.057,100,,,,False,11.9
1612,35.77812,-105.824211,3042.5,2839.4,0.278,101,,,,False,9.5
1617,35.778119,-105.824213,3042.6,2839.8,0.183,99,,,,False,9.5
1620,35.778119,-105.824213,3042.6,2839.8,0.012,98,,,,False,0.0
1622,35.778119,-105.824213,3042.6,2839.8,0.0,93,,,,False,0.0
1625,35.778119,-105.824213,3042.6,2840.0,0.0,90,,,,False,0.0
1629,35.778116,-105.824205,3042.6,2840.0,0.0,88,,,,False,1.6
1637,35.778104,-105.824198,3044.7,2840.0,0.175,86,,,,False,-6.0
1639,35.778104,-105.824198,3044.7,2840.0,0.21,90,,,,False,-6.0
1640,35.778104,-105.824198,3044.7,2840.0,0.191,97,,,,False,-8.0
1641,35.778104,-105.824198,3044.7,2840.0,0.175,97,,,,False,-11.8
1646,35.778107,-105.824198,3044.7,2840.0,0.0,97,,,,False,-11.8
1651,35.778034,-105.824171,3052.6,2839.2,0.79,97,,,,True,-11.5
1652,35.778004,-105.824138,3056.6,2838.6,1.983,96,,,,True,-12.5
1654,35.777934,-105.82409,3065.6,2837.6,2.613,96,,,,True,-12.0
1655,35.777887,-105.824093,3070.4,2836.8,2.856,97,,,,True,-9.3
1656,35.777839,-105.824088,3075.9,2836.4,4.66,97,,,,True,-8.9
1658,35.77774,-105.824066,3086.8,2835.8,5.033,97,,,,True,-7.7
1659,35.777693,-105.824042,3092.6,2835.2,5.4,97,,,,True,-8.7
1660,35.777642,-105.824025,3099.0,2834.6,5.72,97,,,,True,-10.6
1662,35.77754,-105.824011,3110.3,2833.4,5.733,97,,,,True,-9.4
1663,35.777495,-105.824027,3115.1,2832.8,5.66,97,,,,True,-10.8
1664,35.77745,-105.824019,3120.4,2832.6,5.56,97,,,,True,-10.3
1665,35.77741,-105.823999,3125.0,2831.8,5.2,97,,,,True,-8.0
1666,35.777368,-105.823979,3129.8,2831.4,5.133,97,,,,True,-6.6
1668,35.777285,-105.823917,3140.1,2830.8,5.0,98,,,,True,-3.3
1670,35.77722,-105.823829,3150.8,2830.6,5.16,98,,,,True,-3.3
1672,35.777171,-105.823727,3161.4,2830.6,5.267,98,,,,True,-3.3
1674,35.777146,-105.823606,3172.1,2830.0,5.333,98,,,,True,-4.4
1676,35.777092,-105.823502,3182.8,2829.4,5.333,98,,,,True,-6.7
1677,35.777052,-105.823503,3187.0,2829.0,5.12,98,,,,True,-7.1
1679,35.776956,-105.823513,3197.1,2828.2,5.0,98,,,,True,-7.5
1681,35.776849,-105.823484,3208.9,2827.4,5.22,98,,,,True,-6.7
1682,35.776803,-105.823446,3214.6,2827.0,5.52,98,,,,True,-5.6
1683,35.776766,-105.823405,3220.0,2826.8,5.5,97,,,,True,-1.2
1684,35.776736,-105.823355,3225.9,2826.6,5.76,97,,,,True,-1.1
1688,35.776638,-105.823202,3243.4,2827.0,4.68,97,,,,True,-0.3
1693,35.776577,-105.822954,3266.8,2826.4,4.544,96,,,,True,-0.3
1698,35.776518,-105.822665,3294.1,2826.6,5.07,96,,,,True,-1.4
1700,35.77647,-105.822556,3304.8,2826.4,5.429,96,,,,True,-1.1
1702,35.776424,-105.822448,3315.6,2826.0,5.422,96,,,,True,-4.1
1703,35.776407,-105.822405,3320.0,2825.8,5.18,99,,,,True,-5.1
1707,35.776384,-105.82226,3333.1,2825.0,3.5,96,,,,True,-6.0
1708,35.776368,-105.822231,3335.9,2824.8,3.18,96,,,,True,-4.8
1709,35.776344,-105.822217,3339.1,2824.6,3.183,96,,,,True,7.8
1710,35.776333,-105.822213,3341.0,2824.8,3.0,95,,,,True,17.5
1713,35.77631,-105.822212,3343.3,2825.8,1.48,95,,,,True,10.1
1716,35.776299,-105.822212,3343.9,2826.4,0.483,91,,,,False,15.1
1719,35.776293,-105.822203,3343.9,2826.2,0.1,88,,,,False,12.7
1721,35.776282,-105.822224,3345.6,2826.2,0.34,89,,,,True,0.8
1723,35.776256,-105.822248,3349.7,2826.2,0.829,89,,,,True,1.6
1725,35.776239,-105.822283,3353.6,2826.4,1.617,89,,,,True,-0.4
1730,35.776214,-105.822449,3368.7,2826.6,2.714,90,,,,True,-2.1
1735,35.776209,-105.822686,3390.3,2826.0,3.67,91,,,,True,-2.5
1740,35.776194,-105.822982,3416.8,2824.8,4.81,91,,,,True,-3.3
1747,35.776154,-105.823404,3455.6,2823.8,5.442,91,,,,True,-2.7
1748,35.776144,-105.823457,3460.4,2823.6,5.45,91,,,,True,-2.3
1752,35.776114,-105.823657,3478.9,2823.6,4.66,89,,,,True,-3.1
1754,35.776137,-105.823736,3486.1,2823.2,4.283,86,,,,True,-4.6
1756,35.776147,-105.82383,3494.6,2822.6,4.275,85,,,,True,-8.4
1759,35.776138,-105.82398,3507.8,2821.4,4.34,85,,,,True,-8.7
1760,35.776128,-105.824028,3512.2,2820.8,4.35,85,,,,True,-8.4
1762,35.776119,-105.824089,3518.3,2820.4,3.95,86,,,,True,-8.0
1764,35.776109,-105.824112,3520.8,2820.4,2.6,86,,,,True,-5.2
1769,35.776092,-105.824217,3530.2,2819.6,1.7,86,,,,True,-4.8
1772,35.776082,-105.8243,3538.9,2819.4,2.262,86,,,,True,-7.0
1774,35.776074,-105.824353,3543.1,2819.2,2.58,86,,,,True,-7.0
1777,35.776084,-105.824454,3552.4,2818.2,2.7,86,,,,True,-9.7
1778,35.776074,-105.824487,3555.9,2817.8,2.833,86,,,,True,-12.3
1779,35.776067,-105.824525,3559.5,2817.4,3.28,87,,,,True,-13.0
1780,35.776068,-105.824561,3562.6,2816.8,3.25,87,,,,True,-12.1
1782,35.776072,-105.824656,3570.9,2815.8,3.7,89,,,,True,-11.0
1783,35.776068,-105.824717,3575.7,2815.4,3.96,90,,,,True,-9.8
1785,35.776073,-105.824837,3586.8,2814.4,4.84,89,,,,True,-8.3
1786,35.776079,-105.824887,3591.2,2814.0,4.767,89,,,,True,-7.6
1788,35.776077,-105.824978,3599.7,2813.4,4.8,88,,,,True,-6.9
1789,35.776064,-105.825034,3604.6,2813.2,4.817,88,,,,True,-7.5
1790,35.776059,-105.825089,3610.0,2812.8,4.64,89,,,,True,-7.8
1791,35.776073,-105.825151,3615.1,2812.2,4.78,89,,,,True,-9.0
1792,35.776096,-105.825189,3620.1,2811.8,4.817,89,,,,True,-9.7
1793,35.776122,-105.82523,3624.6,2811.4,4.98,88,,,,True,-8.8
1795,35.776172,-105.825332,3634.8,2810.4,4.96,89,,,,True,-8.4
1796,35.776187,-105.825396,3640.0,2810.0,4.98,89,,,,True,-7.1
1797,35.776194,-105.825467,3646.3,2809.6,5.24,90,,,,True,-5.3
1799,35.776217,-105.825596,3658.3,2809.0,5.617,90,,,,True,-4.4
1800,35.776241,-105.825665,3665.0,2808.8,6.04,89,,,,True,-4.1
1801,35.776272,-105.825727,3671.7,2808.6,6.34,90,,,,True,-3.3
1804,35.776376,-105.82588,3690.4,2807.8,6.42,90,,,,True,-2.4
1806,35.776435,-105.825972,3700.4,2807.6,5.74,89,,,,True,-2.1
1807,35.776472,-105.826017,3705.9,2807.8,5.7,90,,,,True,-0.9
1811,35.776629,-105.826214,3729.6,2807.4,5.84,91,,,,True,0.0
1812,35.776649,-105.826279,3736.3,2807.4,6.08,92,,,,True,-1.0
1813,35.776651,-105.826334,3740.7,2807.6,5.8,92,,,,True,-2.4
1815,35.776613,-105.826399,3747.9,2807.4,5.25,92,,,,True,-5.3
1817,35.776553,-105.826434,3754.6,2806.8,3.66,89,,,,True,-8.4
1818,35.77651,-105.826445,3758.9,2806.2,3.64,86,,,,True,-10.3
1819,35.776463,-105.826453,3764.4,2805.6,3.95,85,,,,True,-9.5
1820,35.776419,-105.826456,3769.3,2805.2,4.28,84,,,,True,-9.0
1823,35.776286,-105.826496,3784.0,2804.0,5.02,83,,,,True,-9.4
1824,35.776228,-105.826503,3790.0,2803.4,5.12,84,,,,True,-9.4
1825,35.776173,-105.826519,3796.2,2802.6,5.38,84,,,,True,-9.8
1827,35.776075,-105.82654,3807.4,2801.6,5.443,84,,,,True,-6.5
1828,35.776031,-105.826516,3812.7,2801.2,5.74,85,,,,True,-5.6
1832,35.77589,-105.826448,3830.0,2800.8,4.52,86,,,,True,-5.1
1834,35.775836,-105.826525,3838.9,2800.2,4.367,88,,,,True,-5.3
1835,35.775816,-105.826557,3842.6,2799.8,4.271,88,,,,True,-8.8
1837,35.775779,-105.826626,3850.3,2799.2,4.06,88,,,,True,-9.4
1840,35.77574,-105.826742,3861.7,2798.0,3.82,88,,,,True,-9.5
1841,35.775738,-105.8268,3866.6,2797.6,4.0,89,,,,True,-9.3
1843,35.775716,-105.826907,3876.3,2796.6,4.333,91,,,,True,-9.0
1844,35.775701,-105.82698,3882.4,2796.2,4.586,97,,,,True,-8.7
1845,35.77567,-105.827036,3888.4,2795.6,5.34,106,,,,True,-7.1
1846,35.775638,-105.827084,3894.1,2795.2,5.5,113,,,,True,-5.3
1847,35.775614,-105.827124,3898.8,2795.0,5.367,116,,,,True,-1.1
1849,35.775601,-105.827181,3904.9,2795.0,4.5,118,,,,True,1.4
1854,35.775607,-105.827207,3907.2,2795.4,1.2,118,,,,True,1.9
1861,35.775612,-105.827197,3907.9,2795.4,0.25,118,,,,False,-2.6
1867,35.775603,-105.827184,3909.6,2795.2,0.185,115,,,,False,-7.7
1868,35.775601,-105.827185,3909.9,2795.2,0.286,115,,,,True,-12.8
1873,35.775613,-105.827203,3912.7,2794.8,0.517,112,,,,True,-17.9
1874,35.775613,-105.827203,3912.7,2794.8,0.467,112,,,,False,-20.5
1882,35.775613,-105.827203,3912.7,2794.4,0.0,111,,,,False,-20.5
1890,35.775613,-105.827203,3912.7,2794.2,0.0,109,,,,False,-20.5
1892,35.775613,-105.827203,3912.7,2794.0,0.0,103,,,,False,-6.5
1893,35.775613,-105.827203,3912.7,2794.0,0.0,100,,,,False,0.0
1897,35.775613,-105.827203,3912.7,2793.6,0.0,98,,,,False,0.0
1903,35.775613,-105.827203,3912.7,2793.4,0.0,97,,,,False,0.0
1904,35.775613,-105.827203,3912.7,2793.4,0.0,94,,,,False,-2.9
1905,35.775613,-105.827203,3912.7,2793.4,0.0,92,,,,False,-2.9
1908,35.775613,-105.827203,3912.7,2793.4,0.0,95,,,,False,1.5
1916,35.775613,-105.827203,3912.7,2793.4,0.0,92,,,,False,1.5
1920,35.775604,-105.827216,3912.7,2793.4,0.0,91,,,,False,4.3
1924,35.775626,-105.827355,3926.3,2793.6,1.7,90,,,,True,6.0
1929,35.77567,-105.827502,3940.8,2794.6,3.122,90,,,,True,6.5
1931,35.775681,-105.827565,3946.3,2795.4,2.857,89,,,,True,10.2
1932,35.775669,-105.827596,3949.5,2795.8,2.9,90,,,,True,12.4
1933,35.775662,-105.827617,3951.8,2796.2,2.833,91,,,,True,11.4
1936,35.775646,-105.827702,3960.1,2797.0,2.76,93,,,,True,9.4
1938,35.775669,-105.827741,3963.9,2797.4,2.42,93,,,,True,7.6
1942,35.775722,-105.827853,3975.0,2798.2,2.483,95,,,,True,5.0
1944,35.775717,-105.827916,3980.9,2798.4,2.833,97,,,,True,3.9
1949,35.775674,-105.828082,3996.1,2798.8,3.014,99,,,,True,3.1
1952,35.775693,-105.828167,4004.6,2799.0,2.962,102,,,,True,2.8
1953,35.775707,-105.828193,4006.9,2799.2,2.889,102,,,,True,2.5
1954,35.775714,-105.828224,4009.5,2799.2,2.68,103,,,,True,3.3
1955,35.775705,-105.828255,4012.2,2799.2,2.683,104,,,,True,1.7
1957,35.77567,-105.828289,4016.7,2799.4,2.42,110,,,,True,1.7
1958,35.775657,-105.828302,4018.8,2799.4,2.38,122,,,,True,0.0
1959,35.77564,-105.828323,4021.1,2799.4,2.32,141,,,,True,0.0
1960,35.775619,-105.82833,4023.2,2799.2,2.2,146,,,,True,-2.8
1961,35.775609,-105.828321,4024.7,2799.2,2.083,147,,,,True,-3.3
1965,35.775613,-105.828303,4025.7,2799.4,0.5,147,,,,False,-5.4
1966,35.775614,-105.828304,4025.7,2799.2,0.2,147,,,,False,-12.4
1972,35.775618,-105.82825,4031.0,2799.0,0.757,147,,,,True,-17.0
1978,35.775624,-105.828257,4032.3,2798.8,0.55,150,,,,False,-19.6
1981,35.775631,-105.828258,4033.0,2798.0,0.222,149,,,,False,-17.6
1986,35.775631,-105.828259,4034.5,2797.8,0.275,149,,,,False,-22.5
1990,35.775631,-105.828245,4035.3,2797.4,0.256,146,,,,False,-17.9
1993,35.775631,-105.828243,4035.9,2797.4,0.2,143,,,,False,-16.7
1996,35.775631,-105.828248,4036.4,2797.2,0.183,140,,,,False,-2.3
1999,35.775623,-105.828278,4039.0,2797.2,0.517,137,,,,True,-2.0
2003,35.775606,-105.828309,4042.2,2797.0,0.829,135,,,,True,3.4
2004,35.775603,-105.828317,4043.1,2797.0,0.82,135,,,,True,5.7
2009,35.775604,-105.828315,4043.1,2797.6,0.15,136,,,,False,4.8
2010,35.775618,-105.828299,4044.6,2797.6,0.25,136,,,,True,7.9
2011,35.77564,-105.828303,4046.9,2797.8,0.543,136,,,,True,3.4
2013,35.77568,-105.828299,4051.5,2797.8,0.933,136,,,,True,2.7
2015,35.775699,-105.828267,4054.9,2798.0,2.06,140,,,,True,1.3
2017,35.775688,-105.828216,4059.6,2798.0,2.117,146,,,,True,2.6
2018,35.775679,-105.82819,4062.1,2798.0,2.12,147,,,,True,0.0
2021,35.775679,-105.828132,4066.9,2798.2,2.0,148,,,,True,1.6
2025,35.775655,-105.828121,4070.7,2798.0,1.229,146,,,,True,0.0
2029,35.77565,-105.828138,4072.4,2798.2,0.688,145,,,,True,0.0
2030,35.775648,-105.828148,4073.6,2798.0,0.58,145,,,,True,2.4
2033,35.77564,-105.828237,4081.3,2798.2,1.325,143,,,,True,1.7
2036,35.775631,-105.828308,4087.6,2798.4,2.333,142,,,,True,3.2
2041,35.775611,-105.828397,4096.1,2798.6,1.85,142,,,,True,3.1
2044,35.775612,-105.828422,4098.5,2798.8,1.363,147,,,,True,1.6
2047,35.775608,-105.828447,4100.7,2798.8,0.767,149,,,,True,1.4
2053,35.775617,-105.828588,4113.3,2798.8,1.644,148,,,,True,1.3
2058,35.775643,-105.828718,4125.2,2799.0,2.227,148,,,,True,1.5
2059,35.775646,-105.828753,4128.4,2799.2,2.517,148,,,,True,2.2
2063,35.775658,-105.828875,4139.9,2799.4,2.94,149,,,,True,2.0
2070,35.775717,-105.829079,4159.1,2799.8,2.791,146,,,,True,1.6
2075,35.775819,-105.829224,4176.3,2800.0,3.033,142,,,,True,1.4
2076,35.775836,-105.829259,4179.8,2800.0,3.45,138,,,,True,1.2
2077,35.775846,-105.829291,4182.9,2800.0,3.4,137,,,,True,0.9
2080,35.775863,-105.829395,4192.8,2800.2,3.3,135,,,,True,0.8
2083,35.775873,-105.829471,4199.8,2800.2,2.817,135,,,,True,0.0
2089,35.775891,-105.829536,4206.0,2800.2,1.467,134,,,,True,-6.4
2094,35.775892,-105.829536,4206.0,2800.0,0.564,133,,,,False,-13.5
2097,35.775867,-105.829591,4211.5,2799.0,0.688,134,,,,True,-19.8
2099,35.775826,-105.829643,4217.6,2797.8,2.32,133,,,,True,-19.2
2102,35.775703,-105.829645,4230.3,2795.4,3.76,130,,,,True,-17.1
2104,35.775599,-105.829668,4241.4,2793.2,4.76,129,,,,True,-14.4
2105,35.775557,-105.829721,4247.7,2792.8,5.017,128,,,,True,-10.4
2106,35.775519,-105.829777,4255.0,2792.4,5.343,128,,,,True,-5.9
2107,35.775491,-105.829832,4261.0,2792.2,6.14,128,,,,True,-6.0
2110,35.775409,-105.830003,4278.8,2791.0,6.22,128,,,,True,-5.7
2113,35.775366,-105.830216,4297.8,2789.8,6.133,127,,,,True,-5.1
2114,35.775349,-105.830291,4304.5,2789.6,6.214,127,,,,True,-1.5
2115,35.775319,-105.830356,4311.5,2789.6,6.54,127,,,,True,4.7
2117,35.775266,-105.830409,4319.8,2790.4,5.857,127,,,,True,6.9
2118,35.77524,-105.830436,4323.4,2791.0,5.12,127,,,,True,5.9
2122,35.775158,-105.83058,4339.1,2792.0,3.86,126,,,,True,1.7
2127,35.775113,-105.830756,4355.7,2792.2,3.589,125,,,,True,-0.8
2131,35.775105,-105.830875,4367.0,2791.2,3.1,126,,,,True,-5.3
2132,35.775119,-105.830929,4371.7,2790.6,3.2,126,,,,True,-10.5
2133,35.775115,-105.83099,4376.9,2790.0,3.533,126,,,,True,-11.6
2134,35.77511,-105.831052,4382.3,2789.4,3.8,126,,,,True,-10.2
2136,35.775069,-105.831154,4392.9,2788.2,5.18,126,,,,True,-8.7
2137,35.775039,-105.831185,4397.3,2788.0,5.12,126,,,,True,-8.8
2138,35.775012,-105.83123,4402.3,2787.8,5.08,126,,,,True,-7.6
2140,35.774953,-105.831313,4411.9,2786.8,4.933,125,,,,True,-8.8
2142,35.774907,-105.831365,4419.1,2786.2,4.36,123,,,,True,-9.2
2143,35.774892,-105.831393,4422.2,2785.8,3.98,122,,,,True,-10.3
2145,35.77485,-105.831439,4428.5,2785.4,3.32,120,,,,True,-11.4
2146,35.774821,-105.831432,4431.4,2784.8,3.25,120,,,,True,-12.3
2147,35.774787,-105.831437,4434.9,2784.4,3.16,120,,,,True,-11.6
2149,35.774709,-105.831457,4443.4,2783.2,3.533,120,,,,True,-10.3
2151,35.774633,-105.831475,4452.6,2782.6,4.24,119,,,,True,-12.3
2153,35.774569,-105.831505,4460.6,2781.8,4.283,120,,,,True,-11.9
2155,35.774498,-105.831552,4469.0,2780.2,4.267,125,,,,True,-12.0
2156,35.774463,-105.831582,4473.7,2779.6,4.22,127,,,,True,-11.9
2158,35.774404,-105.831641,4482.6,2779.0,4.4,128,,,,True,-9.2
2159,35.774364,-105.831669,4487.6,2778.6,4.5,128,,,,True,-8.0
2160,35.774329,-105.831709,4492.9,2778.0,4.78,129,,,,True,-11.6
2161,35.77429,-105.831762,4498.8,2777.6,5.02,129,,,,True,-13.4
2162,35.77425,-105.831813,4505.0,2776.4,5.217,129,,,,True,-12.2
2163,35.774214,-105.831871,4511.5,2775.4,5.78,129,,,,True,-8.3
2164,35.774194,-105.831932,4517.5,2775.0,5.98,128,,,,True,-5.1
2166,35.774127,-105.83201,4527.7,2775.2,5.78,129,,,,True,-4.4
2167,35.77409,-105.832044,4532.5,2775.0,5.5,129,,,,True,-5.0
2170,35.774019,-105.832101,4543.0,2774.0,4.25,130,,,,True,-8.8
2171,35.774007,-105.832131,4545.3,2773.6,3.52,130,,,,True,-9.6
2173,35.773978,-105.832204,4552.6,2773.0,3.35,130,,,,True,-5.9
2175,35.77398,-105.83228,4559.7,2772.4,3.34,131,,,,True,-5.6
2180,35.774064,-105.832445,4576.8,2772.0,3.457,128,,,,True,-5.9
2181,35.774096,-105.832476,4581.3,2771.6,3.6,128,,,,True,-5.4
2185,35.774247,-105.832567,4599.9,2770.2,4.62,127,,,,True,-7.7
2186,35.774288,-105.832573,4604.2,2770.0,4.58,127,,,,True,-7.3
2188,35.774364,-105.832617,4613.3,2769.2,4.571,127,,,,True,-6.9
2189,35.774353,-105.832652,4616.8,2769.0,4.438,127,,,,True,-7.2
2194,35.77432,-105.832852,4634.5,2767.8,3.533,127,,,,True,-6.4
2197,35.774405,-105.832971,4648.6,2766.8,3.975,128,,,,True,-6.8
2198,35.774443,-105.833002,4654.0,2766.6,4.133,129,,,,True,-7.2
2201,35.774561,-105.833108,4669.4,2765.4,4.986,128,,,,True,-7.8
2202,35.774607,-105.833153,4676.0,2764.8,5.48,129,,,,True,-8.4
2203,35.77466,-105.83319,4682.1,2764.2,5.62,128,,,,True,-9.8
2205,35.774761,-105.833253,4696.7,2763.0,6.1,129,,,,True,-9.9
2206,35.774793,-105.833302,4702.0,2762.2,6.52,129,,,,True,-10.6
2208,35.774854,-105.8334,4712.5,2761.2,6.08,129,,,,True,-14.8
2209,35.77489,-105.833445,4717.9,2760.4,5.967,129,,,,True,-14.9
2210,35.774931,-105.833481,4723.8,2759.0,5.42,129,,,,True,-16.7
2211,35.774969,-105.833515,4728.8,2758.2,5.36,129,,,,True,-15.3
2212,35.775008,-105.83355,4734.1,2757.6,5.35,129,,,,True,-13.1
2214,35.775091,-105.833608,4744.0,2756.4,5.22,129,,,,True,-12.1
2216,35.775198,-105.833658,4755.9,2754.8,5.42,129,,,,True,-12.6
2218,35.775244,-105.833747,4765.2,2753.8,5.183,129,,,,True,-14.3
2219,35.775221,-105.833785,4769.0,2753.2,5.0,129,,,,True,-13.7
2221,35.775141,-105.833827,4777.6,2751.6,4.34,128,,,,True,-15.3
2222,35.775091,-105.83385,4783.7,2751.0,4.633,127,,,,True,-17.7
2223,35.775049,-105.83387,4788.8,2750.2,4.72,127,,,,True,-18.7
2224,35.775007,-105.833888,4793.8,2748.8,4.96,127,,,,True,-23.6
2225,35.774956,-105.833899,4799.0,2747.6,5.0,127,,,,True,-21.8
2226,35.77491,-105.833909,4804.0,2746.2,5.28,127,,,,True,-19.0
2227,35.774871,-105.83392,4809.0,2745.8,5.06,126,,,,True,-18.0
2228,35.774827,-105.833924,4813.8,2745.0,5.0,126,,,,True,-13.0
2230,35.77476,-105.833918,4821.2,2743.6,4.44,126,,,,True,-13.2
2231,35.77472,-105.833905,4825.5,2743.4,4.3,126,,,,True,-13.2
2233,35.774641,-105.833881,4834.7,2742.4,4.18,125,,,,True,-11.3
2235,35.774553,-105.833875,4844.0,2741.0,4.56,125,,,,True,-13.4
2236,35.7745,-105.83387,4849.5,2740.4,4.8,125,,,,True,-14.9
2237,35.774449,-105.83386,4855.4,2739.4,4.983,125,,,,True,-14.6
2239,35.774362,-105.833856,4865.6,2737.8,5.15,125,,,,True,-16.3
2240,35.774324,-105.833845,4870.0,2737.2,5.2,126,,,,True,-17.2
2241,35.774288,-105.833836,4874.1,2736.4,4.92,128,,,,True,-19.2
2242,35.77425,-105.833819,4878.6,2735.4,4.64,130,,,,True,-20.0
2243,35.774214,-105.833784,4883.3,2734.4,4.65,132,,,,True,-17.4
2244,35.774171,-105.833756,4889.0,2733.4,4.68,132,,,,True,-14.8
2245,35.774117,-105.833743,4894.8,2732.8,4.96,131,,,,True,-12.3
2246,35.774053,-105.833737,4901.6,2732.0,5.5,130,,,,True,-10.8
2247,35.773982,-105.833745,4909.4,2731.2,6.16,130,,,,True,-10.3
2248,35.773914,-105.833753,4916.8,2730.4,6.7,128,,,,True,-9.1
2249,35.77385,-105.833759,4923.9,2729.8,6.98,125,,,,True,-7.2
2250,35.773795,-105.833783,4930.3,2729.4,7.1,123,,,,True,-3.9
2251,35.773732,-105.833804,4937.3,2729.2,7.14,120,,,,True,-3.0
2252,35.773689,-105.833785,4942.3,2729.4,6.58,117,,,,True,-4.6
2254,35.773648,-105.833688,4950.8,2729.0,5.38,114,,,,True,-8.4
2255,35.773622,-105.833623,4956.5,2728.2,5.24,113,,,,True,-11.3
2257,35.773506,-105.833573,4970.8,2726.4,5.7,113,,,,True,-12.5
2259,35.773385,-105.833545,4984.6,2724.6,6.76,113,,,,True,-12.9
2261,35.773274,-105.83351,4997.3,2723.2,6.8,113,,,,True,-13.3
2262,35.773206,-105.833501,5004.5,2722.0,6.74,112,,,,True,-14.1
2263,35.773143,-105.833511,5011.5,2721.0,6.783,112,,,,True,-16.3
2264,35.773079,-105.833539,5018.6,2719.8,6.8,111,,,,True,-14.1
2265,35.773015,-105.833581,5026.7,2718.4,7.017,111,,,,True,-10.0
2267,35.77289,-105.833678,5042.7,2716.6,7.64,110,,,,True,-7.5
2269,35.772768,-105.83374,5057.4,2716.4,7.76,111,,,,True,-4.6
2270,35.772712,-105.833742,5064.1,2716.4,7.48,111,,,,True,-2.9
2273,35.772573,-105.833728,5079.2,2716.0,6.083,112,,,,True,-5.6
2274,35.772536,-105.8337,5083.9,2715.4,5.3,112,,,,True,-8.4
2276,35.772461,-105.833669,5093.0,2714.4,4.817,113,,,,True,-14.0
2277,35.772431,-105.833632,5097.5,2713.6,4.771,114,,,,True,-14.9
2278,35.772421,-105.83358,5102.0,2712.8,4.56,114,,,,True,-14.9
2280,35.772374,-105.833477,5112.0,2711.2,4.683,115,,,,True,-13.3
2282,35.772275,-105.833429,5123.9,2709.8,5.28,115,,,,True,-12.7
2284,35.772208,-105.833334,5135.0,2708.6,5.5,117,,,,True,-11.1
2285,35.772197,-105.83328,5139.8,2708.0,5.56,118,,,,True,-10.2
2286,35.772161,-105.833241,5144.5,2707.6,5.417,119,,,,True,-7.7
2287,35.77212,-105.833225,5149.3,2707.2,5.08,119,,,,True,-2.9
2288,35.772063,-105.833196,5155.9,2707.0,5.333,119,,,,True,-2.4
2291,35.771917,-105.833131,5173.7,2707.0,5.84,119,,,,True,-4.5
2293,35.771816,-105.833099,5185.8,2706.6,5.98,120,,,,True,-6.4
2295,35.771757,-105.833165,5194.2,2705.2,5.471,122,,,,True,-13.0
2296,35.771719,-105.83321,5199.4,2704.2,5.14,123,,,,True,-17.3
2297,35.77167,-105.833225,5204.5,2703.0,5.133,123,,,,True,-19.2
2298,35.771628,-105.833226,5208.9,2702.6,4.62,124,,,,True,-15.4
2300,35.771527,-105.833222,5219.2,2700.4,5.0,125,,,,True,-11.7
2302,35.771452,-105.833155,5230.5,2699.4,5.2,124,,,,True,-8.0
2303,35.771415,-105.83312,5235.3,2699.4,5.28,125,,,,True,-4.8
2306,35.771303,-105.83307,5249.0,2699.4,4.967,124,,,,True,-4.9
2308,35.771194,-105.833104,5260.5,2698.4,5.04,124,,,,True,-7.8
2309,35.771137,-105.833098,5267.2,2697.6,5.317,124,,,,True,-9.8
2311,35.771042,-105.833055,5278.9,2696.0,5.98,124,,,,True,-9.4
2313,35.770969,-105.832964,5289.7,2695.4,5.84,124,,,,True,-9.0
2314,35.770913,-105.832927,5296.6,2695.0,5.88,123,,,,True,-7.9
2315,35.770849,-105.832895,5304.8,2694.2,6.267,123,,,,True,-9.3
2316,35.770785,-105.832872,5311.7,2693.4,6.56,123,,,,True,-13.8
2317,35.770713,-105.83285,5319.9,2692.6,6.833,123,,,,True,-14.9
2318,35.770643,-105.832834,5327.0,2690.8,7.46,123,,,,True,-13.7
2319,35.770564,-105.832834,5335.6,2689.6,7.8,123,,,,True,-13.3
2320,35.770491,-105.832844,5343.9,2689.0,7.82,123,,,,True,-9.8
2322,35.77037,-105.832877,5357.5,2687.6,7.52,123,,,,True,-9.5
2324,35.770244,-105.83291,5371.7,2686.4,7.22,123,,,,True,-10.6
2326,35.77012,-105.832923,5385.9,2684.8,7.0,122,,,,True,-10.8
2327,35.770057,-105.832916,5392.9,2683.8,7.08,122,,,,True,-11.8
2328,35.76999,-105.832904,5400.1,2683.0,7.1,122,,,,True,-12.6
2329,35.76993,-105.832896,5407.3,2682.2,7.12,121,,,,True,-11.5
2331,35.769804,-105.832887,5420.8,2680.4,6.98,120,,,,True,-10.4
2333,35.769697,-105.832893,5432.9,2679.2,6.56,120,,,,True,-9.8
2335,35.769576,-105.832897,5446.2,2678.2,6.483,120,,,,True,-9.2
2337,35.769451,-105.832904,5460.2,2677.0,6.567,120,,,,True,-8.3
2338,35.769389,-105.8329,5466.7,2676.2,6.76,120,,,,True,-8.4
2339,35.769323,-105.832887,5473.8,2675.8,6.817,120,,,,True,-8.2
2341,35.769217,-105.832833,5486.5,2674.8,6.717,120,,,,True,-6.6
2342,35.769168,-105.832821,5491.9,2674.4,6.34,120,,,,True,-7.0
2343,35.769121,-105.83283,5497.1,2674.2,6.08,121,,,,True,-6.7
2345,35.769044,-105.832918,5508.0,2673.4,5.7,123,,,,True,-6.6
2347,35.768982,-105.833017,5519.3,2672.6,5.48,124,,,,True,-7.0
2348,35.76894,-105.833056,5525.1,2672.2,5.6,124,,,,True,-7.4
2349,35.768892,-105.833099,5531.4,2671.8,5.717,124,,,,True,-7.2
2350,35.768851,-105.833149,5537.7,2671.2,5.94,123,,,,True,-7.0
2352,35.76877,-105.83325,5549.9,2670.4,6.12,123,,,,True,-7.1
2353,35.768708,-105.833287,5556.6,2670.0,6.3,123,,,,True,-7.9
2354,35.768648,-105.833286,5562.6,2669.6,6.24,122,,,,True,-10.6
2355,35.768601,-105.83326,5568.0,2668.8,6.06,122,,,,True,-14.1
2356,35.768571,-105.833222,5572.6,2668.0,5.817,123,,,,True,-20.0
2357,35.768546,-105.833191,5576.5,2667.2,5.32,125,,,,True,-25.4
2358,35.768542,-105.833158,5579.6,2666.2,4.6,125,,,,True,-27.3
2359,35.768556,-105.833125,5582.2,2665.2,3.92,126,,,,True,-25.5
2360,35.76859,-105.833092,5585.8,2664.4,3.56,126,,,,True,-20.5
2361,35.768627,-105.833049,5590.6,2663.6,3.6,127,,,,True,-19.3
2363,35.768669,-105.832957,5600.1,2662.0,4.1,128,,,,True,-20.2
2364,35.768674,-105.832909,5604.0,2661.0,4.36,128,,,,True,-22.7
2365,35.768675,-105.832876,5606.6,2660.2,4.16,128,,,,True,-24.4
2366,35.768654,-105.832849,5609.1,2659.4,3.7,128,,,,True,-21.5
2367,35.76863,-105.832829,5612.4,2659.0,3.633,128,,,,True,-18.3
2369,35.768566,-105.832809,5619.8,2657.6,3.16,127,,,,True,-17.8
2371,35.768483,-105.832796,5628.5,2656.2,3.88,127,,,,True,-17.7
2373,35.768385,-105.832801,5639.5,2654.0,4.517,127,,,,True,-17.7
2375,35.768287,-105.832829,5650.9,2652.2,5.183,128,,,,True,-18.3
2376,35.768235,-105.832827,5657.0,2651.0,5.7,128,,,,True,-16.5
2377,35.768183,-105.832828,5662.3,2650.0,5.633,128,,,,True,-14.8
2379,35.768065,-105.832842,5674.6,2648.2,5.85,127,,,,True,-12.6
2381,35.767938,-105.83284,5688.8,2646.6,6.36,128,,,,True,-10.3
2383,35.767825,-105.832825,5701.5,2645.4,6.533,128,,,,True,-9.4
2386,35.767687,-105.832755,5718.4,2644.2,5.92,129,,,,True,-9.5
2387,35.76764,-105.832747,5723.7,2643.6,5.817,130,,,,True,-12.0
2388,35.767592,-105.832744,5729.0,2642.8,5.5,130,,,,True,-16.4
2390,35.767491,-105.832746,5739.8,2640.8,5.471,132,,,,True,-17.4
2391,35.767441,-105.832734,5745.2,2639.8,5.36,132,,,,True,-15.0
2392,35.767389,-105.832717,5751.3,2638.8,5.52,132,,,,True,-11.7
2394,35.767278,-105.832692,5763.7,2637.6,5.783,133,,,,True,-10.1
2395,35.767221,-105.832667,5770.5,2637.2,6.14,132,,,,True,-9.0
2396,35.767167,-105.832658,5776.9,2636.6,6.34,132,,,,True,-9.9
2397,35.76712,-105.832666,5782.3,2636.0,6.2,132,,,,True,-11.8
2398,35.76707,-105.832673,5788.0,2635.2,6.117,131,,,,True,-12.6
2399,35.767026,-105.832664,5792.6,2634.6,5.78,132,,,,True,-11.9
2400,35.766977,-105.832646,5797.6,2634.0,5.42,132,,,,True,-11.8
2402,35.766866,-105.832594,5810.9,2632.6,5.72,132,,,,True,-10.9
2404,35.766752,-105.832563,5823.7,2631.0,6.22,133,,,,True,-9.7
2406,35.766633,-105.832549,5836.5,2629.8,6.483,132,,,,True,-9.1
2407,35.766584,-105.832554,5842.8,2629.6,6.38,131,,,,True,-8.6
2408,35.766535,-105.832562,5848.4,2629.2,6.25,128,,,,True,-8.6
2409,35.766482,-105.832556,5854.0,2628.4,6.06,127,,,,True,-9.7
2411,35.766364,-105.83254,5866.7,2627.2,6.04,125,,,,True,-9.8
2413,35.766246,-105.832542,5879.8,2626.0,6.28,124,,,,True,-9.2
2415,35.766158,-105.832588,5891.1,2625.0,6.183,125,,,,True,-9.9
2417,35.766064,-105.832666,5903.8,2623.8,6.183,125,,,,True,-10.3
2418,35.766013,-105.832688,5909.2,2623.0,5.88,125,,,,True,-9.4
2419,35.765959,-105.832701,5914.7,2622.4,5.817,125,,,,True,-7.5
2421,35.76585,-105.832752,5927.4,2621.6,6.05,126,,,,True,-5.3
2423,35.765771,-105.832822,5938.6,2621.2,5.88,127,,,,True,-5.9
2424,35.765733,-105.832841,5943.1,2621.2,5.68,127,,,,True,-5.4
2426,35.765656,-105.832848,5952.1,2620.2,4.94,130,,,,True,-10.1
2427,35.765619,-105.832854,5957.0,2620.0,4.933,131,,,,True,-13.0
2428,35.765586,-105.832867,5960.4,2619.0,4.36,130,,,,True,-18.2
2429,35.765551,-105.832885,5964.6,2618.4,4.3,129,,,,True,-20.9
2430,35.765518,-105.832902,5968.6,2617.2,4.25,128,,,,True,-19.2
2432,35.765447,-105.832933,5977.1,2615.8,4.02,126,,,,True,-19.4
2433,35.765413,-105.832948,5981.2,2615.0,4.16,126,,,,True,-15.1
2434,35.765375,-105.832978,5985.2,2614.4,4.12,125,,,,True,-14.8
2436,35.765307,-105.833048,5995.1,2613.2,4.417,125,,,,True,-12.3
2437,35.765266,-105.833083,6000.0,2612.4,4.58,125,,,,True,-10.1
2438,35.765223,-105.833107,6005.5,2612.0,4.86,125,,,,True,-8.7
2441,35.765115,-105.833158,6018.7,2611.0,4.72,126,,,,True,-7.0
2443,35.765065,-105.833194,6025.0,2610.6,3.9,127,,,,True,-8.5
2445,35.765038,-105.833205,6028.5,2610.4,3.286,126,,,,True,-11.6
2447,35.76503,-105.833202,6029.1,2610.0,1.733,123,,,,True,-14.5
2450,35.765017,-105.833197,6030.8,2609.6,0.46,122,,,,True,-29.0
2454,35.765015,-105.833199,6031.8,2609.2,0.386,119,,,,False,-27.2
2457,35.765015,-105.833199,6031.9,2609.6,0.157,118,,,,False,-35.3
2465,35.765015,-105.833199,6031.9,2608.8,0.009,118,,,,False,-47.1
2469,35.765015,-105.833199,6031.9,2608.6,0.0,117,,,,False,-48.6
2472,35.765022,-105.833187,6031.9,2608.4,0.0,115,,,,False,-43.5
2478,35.765027,-105.83319,6035.3,2607.8,0.378,112,,,,True,-41.3
2483,35.765027,-105.83319,6035.3,2608.0,0.309,113,,,,False,-41.3
2486,35.765027,-105.83319,6035.3,2607.6,0.0,114,,,,False,-41.3
2491,35.765027,-105.83319,6035.3,2607.2,0.0,112,,,,False,-41.3
2493,35.765021,-105.833185,6035.6,2607.2,0.043,112,,,,False,-44.1
2495,35.765027,-105.833191,6035.9,2606.8,0.067,111,,,,False,-39.7
2496,35.765028,-105.833193,6035.9,2606.4,0.12,111,,,,False,-39.6
2502,35.765027,-105.83319,6037.7,2606.4,0.257,108,,,,True,-36.4
2503,35.765027,-105.83319,6037.7,2606.4,0.257,105,,,,False,-32.7
2504,35.765027,-105.83319,6037.7,2606.6,0.225,102,,,,False,-37.1
2505,35.765027,-105.83319,6037.7,2606.6,0.2,99,,,,False,-33.0
2506,35.765027,-105.83319,6037.7,2606.6,0.18,99,,,,False,-31.2
2511,35.765027,-105.83319,6037.7,2606.6,0.0,102,,,,False,-28.3
2512,35.765027,-105.83319,6037.7,2606.6,0.0,102,,,,False,-21.4
2519,35.765027,-105.83319,6037.7,2606.2,0.0,102,,,,False,-16.2
2524,35.76504,-105.833206,6038.3,2605.4,0.05,104,,,,False,-18.0
2525,35.765044,-105.833211,6039.2,2605.2,0.25,104,,,,True,-18.0
2531,35.765052,-105.833184,6042.9,2604.8,0.657,103,,,,True,-18.0
2536,35.765037,-105.833185,6044.7,2604.8,0.5,104,,,,True,-7.6
2538,35.76504,-105.833186,6045.0,2604.2,0.3,104,,,,False,-14.6
2540,35.765043,-105.833177,6046.2,2604.2,0.367,104,,,,True,-13.0
2546,35.765038,-105.833201,6048.8,2604.6,0.475,104,,,,True,-11.9
2549,35.765038,-105.833201,6048.8,2604.2,0.289,107,,,,False,-17.5
2551,35.765038,-105.833201,6048.8,2603.8,0.0,111,,,,False,-17.4
2555,35.76505,-105.833196,6048.8,2604.0,0.0,112,,,,False,-13.1
2560,35.765048,-105.833203,6050.0,2603.8,0.133,112,,,,False,-6.5
2565,35.765047,-105.833194,6051.3,2603.8,0.25,109,,,,False,-21.7
2567,35.76505,-105.833194,6051.6,2603.2,0.229,107,,,,False,-15.9
2569,35.765049,-105.833208,6053.2,2603.0,0.356,106,,,,True,-20.0
2576,35.765056,-105.833195,6053.9,2603.2,0.256,106,,,,False,-18.0
2582,35.765052,-105.833201,6055.4,2603.4,0.169,109,,,,False,-20.2
2586,35.765052,-105.833201,6055.4,2603.6,0.15,110,,,,False,-16.2
2590,35.765052,-105.833201,6055.4,2603.0,0.0,113,,,,False,-14.1
2594,35.76504,-105.833196,6055.4,2602.2,0.0,113,,,,False,-14.1
2602,35.76505,-105.83319,6058.8,2602.2,0.283,113,,,,True,-14.1
2609,35.765052,-105.833201,6058.9,2602.2,0.233,112,,,,False,-12.7
2614,35.765043,-105.833198,6059.9,2601.8,0.092,112,,,,False,-8.5
2618,35.765052,-105.833201,6059.9,2602.0,0.111,115,,,,False,-4.1
2622,35.765052,-105.833201,6059.9,2602.2,0.0,116,,,,False,-8.1
2631,35.765052,-105.833201,6059.9,2602.4,0.0,117,,,,False,-4.9
2637,35.765052,-105.833201,6059.9,2602.4,0.0,117,,,,False,8.3
2644,35.765052,-105.833201,6059.9,2602.4,0.0,115,,,,False,8.3
2653,35.765052,-105.833201,6059.9,2602.4,0.0,112,,,,False,10.1
2655,35.765052,-105.833201,6059.9,2602.4,0.0,107,,,,False,7.6
2656,35.765044,-105.833211,6059.9,2602.4,0.0,105,,,,False,7.6
2657,35.765041,-105.833231,6061.0,2602.4,0.085,101,,,,True,7.6
2659,35.764999,-105.833271,6067.7,2602.4,1.3,100,,,,True,7.3
2662,35.764933,-105.833306,6075.7,2603.6,2.94,101,,,,True,4.7
2664,35.764891,-105.833347,6081.7,2604.0,2.8,101,,,,True,5.5
2668,35.764774,-105.833482,6099.4,2604.2,3.95,104,,,,True,2.0
2670,35.764716,-105.833535,6107.5,2604.6,4.3,107,,,,True,0.0
2672,35.764649,-105.833596,6116.5,2604.4,4.35,107,,,,True,-1.9
2674,35.764584,-105.833659,6126.4,2604.0,4.5,107,,,,True,-5.5
2675,35.764539,-105.833689,6131.2,2603.6,4.74,107,,,,True,-7.9
2677,35.764428,-105.833738,6144.0,2602.6,5.5,107,,,,True,-8.3
2679,35.764326,-105.833817,6157.1,2601.2,6.14,107,,,,True,-8.4
2681,35.764271,-105.833936,6169.7,2600.4,6.417,107,,,,True,-9.0
2682,35.764225,-105.833986,6176.2,2599.8,6.44,107,,,,True,-9.2
2683,35.764176,-105.834006,6181.9,2599.2,6.317,107,,,,True,-10.8
2684,35.764128,-105.834027,6187.6,2598.4,6.1,108,,,,True,-11.0
2687,35.764009,-105.834117,6203.0,2596.8,5.36,108,,,,True,-11.3
2690,35.76391,-105.834184,6216.1,2595.4,4.75,110,,,,True,-10.1
2691,35.763887,-105.83423,6221.0,2594.8,4.771,110,,,,True,-9.9
2693,35.763827,-105.834314,6231.2,2594.0,4.7,111,,,,True,-10.9
2695,35.763745,-105.834364,6241.4,2593.0,5.06,110,,,,True,-10.8
2697,35.763662,-105.834404,6251.0,2591.6,5.0,109,,,,True,-12.1
2699,35.763576,-105.834476,6261.6,2590.4,5.067,109,,,,True,-11.6
2700,35.763532,-105.834523,6267.7,2589.6,5.26,109,,,,True,-8.6
2701,35.763492,-105.834574,6274.2,2589.2,5.467,109,,,,True,-6.1
2702,35.763463,-105.834641,6281.4,2589.0,6.08,110,,,,True,-5.8
2704,35.76344,-105.834745,6291.1,2588.6,5.9,109,,,,True,-6.4
2707,35.763395,-105.834858,6302.2,2587.6,4.16,109,,,,True,-9.2
2708,35.763379,-105.834887,6305.3,2587.2,3.983,109,,,,True,-13.5
2710,35.763365,-105.834898,6307.4,2586.6,2.717,108,,,,True,-16.4
2711,35.763365,-105.834897,6307.4,2586.4,2.329,108,,,,False,-17.1
2717,35.763344,-105.834933,6311.5,2586.2,0.586,108,,,,True,-22.0
2720,35.763333,-105.834945,6313.2,2585.8,0.644,105,,,,True,-26.4
2724,35.763329,-105.834944,6313.5,2585.8,0.286,107,,,,False,-30.8
2728,35.763329,-105.834945,6313.5,2585.8,0.038,110,,,,False,-33.0
2730,35.763331,-105.834952,6313.5,2585.4,0.0,111,,,,False,-37.4
2733,35.763329,-105.834944,6314.4,2585.0,0.18,114,,,,False,-41.8
2737,35.763329,-105.834944,6314.4,2584.8,0.129,117,,,,False,-46.2
2738,35.763329,-105.834944,6314.4,2584.8,0.0,121,,,,False,-46.2
2742,35.763329,-105.834944,6314.4,2584.4,0.0,121,,,,False,-46.2
2747,35.763329,-105.834944,6314.4,2584.2,0.0,118,,,,False,-39.0
2748,35.763329,-105.834944,6314.4,2584.2,0.0,115,,,,False,0.0
2752,35.763329,-105.834944,6314.4,2583.8,0.0,112,,,,False,0.0
2755,35.763329,-105.834944,6314.4,2583.8,0.0,111,,,,False,0.0
2762,35.763329,-105.834944,6314.4,2583.4,0.0,114,,,,False,-32.0
2766,35.763329,-105.834944,6314.4,2583.4,0.0,112,,,,False,-28.0
2773,35.763329,-105.834944,6314.4,2583.0,0.0,114,,,,False,-25.9
2779,35.763329,-105.834944,6314.4,2583.0,0.0,114,,,,False,-24.1
2784,35.763329,-105.834944,6314.7,2582.8,0.027,114,,,,False,-20.4
2788,35.763329,-105.834944,6314.7,2582.4,0.033,112,,,,False,-18.5
2790,35.76334,-105.834958,6315.6,2582.0,0.15,110,,,,True,-14.8
2796,35.763328,-105.835002,6319.7,2581.8,0.625,108,,,,True,-11.1
2800,35.763325,-105.835023,6319.9,2582.0,0.43,111,,,,False,-7.4
2803,35.763309,-105.835024,6322.4,2582.4,0.386,114,,,,True,-1.9
2804,35.763308,-105.835021,6322.6,2582.4,0.363,115,,,,False,-6.2
2807,35.763307,-105.835018,6323.5,2582.6,0.514,114,,,,False,-12.3
2809,35.763306,-105.835015,6323.6,2582.2,0.2,113,,,,False,-17.4
2815,35.763298,-105.83502,6325.2,2582.2,0.212,111,,,,False,-15.5
2824,35.763298,-105.83502,6325.2,2582.0,0.107,113,,,,False,-24.1
2832,35.763298,-105.83502,6325.2,2581.4,0.0,114,,,,False,-24.5
2834,35.763298,-105.83502,6325.2,2581.4,0.0,115,,,,False,-22.6
2839,35.763303,-105.835019,6327.0,2580.6,0.257,117,,,,True,-16.7
2843,35.763288,-105.835024,6328.9,2580.2,0.411,118,,,,True,-15.0
2846,35.763289,-105.835038,6330.0,2580.2,0.429,118,,,,True,-10.0
2852,35.763285,-105.835074,6333.2,2579.8,0.478,118,,,,True,-1.7
2861,35.763266,-105.835072,6335.0,2580.0,0.333,115,,,,False,-1.8
2869,35.763262,-105.835078,6337.2,2580.2,0.235,115,,,,False,-2.0
2872,35.763224,-105.835102,6341.0,2580.0,0.545,117,,,,True,-5.3
2873,35.763215,-105.83513,6343.3,2579.6,0.692,117,,,,True,-6.2
2875,35.763212,-105.8352,6350.0,2579.2,2.133,117,,,,True,-5.6
2878,35.763233,-105.835347,6363.0,2578.6,3.94,116,,,,True,-2.8
2881,35.763233,-105.835544,6380.2,2577.8,5.033,114,,,,True,-0.4
2883,35.763225,-105.835688,6393.8,2578.2,6.16,114,,,,True,0.4
2885,35.763181,-105.835773,6403.2,2579.0,5.743,114,,,,True,-0.5
2886,35.763173,-105.835834,6408.2,2578.8,5.6,114,,,,True,-3.1
2889,35.763121,-105.835999,6424.6,2577.6,5.133,114,,,,True,-7.9
2891,35.763069,-105.836061,6432.2,2577.0,4.8,115,,,,True,-10.4
2892,35.763059,-105.836109,6436.3,2576.4,4.683,115,,,,True,-10.5
2894,35.763027,-105.836222,6446.8,2574.8,4.44,115,,,,True,-10.7
2897,35.762937,-105.836323,6460.7,2573.8,4.88,115,,,,True,-10.7
2898,35.762925,-105.836358,6464.0,2573.6,4.617,114,,,,True,-11.1
2901,35.762858,-105.836455,6475.5,2572.2,4.1,115,,,,True,-12.3
2903,35.762836,-105.836559,6484.7,2570.6,4.14,116,,,,True,-12.3
2905,35.762828,-105.836684,6496.6,2569.4,4.657,116,,,,True,-12.1
2907,35.762817,-105.836811,6508.0,2568.2,5.417,117,,,,True,-10.2
2909,35.762768,-105.83695,6521.6,2566.6,6.15,118,,,,True,-9.8
2911,35.762735,-105.837106,6535.8,2565.4,6.533,117,,,,True,-8.9
2912,35.762728,-105.837188,6543.4,2564.8,7.08,116,,,,True,-7.1
2913,35.762734,-105.837276,6550.8,2564.4,7.133,116,,,,True,-4.4
2914,35.762748,-105.837358,6558.1,2564.0,7.3,116,,,,True,-3.1
2917,35.762751,-105.837618,6581.4,2563.4,7.6,115,,,,True,-0.9
2918,35.762736,-105.8377,6589.1,2563.4,7.66,115,,,,True,-2.1
2923,35.76271,-105.838033,6620.4,2563.8,6.5,114,,,,True,-2.9
2927,35.762691,-105.838307,6645.2,2562.2,6.233,114,,,,True,-3.2
2928,35.762694,-105.83838,6651.0,2561.4,6.12,114,,,,True,-8.0
2929,35.762703,-105.838455,6658.4,2561.2,6.333,115,,,,True,-9.8
2931,35.76274,-105.838582,6670.1,2559.8,6.213,115,,,,True,-8.5
2932,35.762754,-105.838644,6675.7,2559.2,6.1,116,,,,True,-9.4
2934,35.762785,-105.838753,6686.3,2558.4,5.58,116,,,,True,-8.9
2937,35.762853,-105.838888,6701.1,2557.2,5.08,117,,,,True,-10.4
2938,35.762873,-105.838937,6706.2,2556.6,5.083,117,,,,True,-12.2
2939,35.762888,-105.838988,6710.4,2555.6,4.82,117,,,,True,-13.6
2940,35.762901,-105.839052,6715.9,2554.8,4.933,118,,,,True,-10.1
2941,35.762903,-105.839116,6721.7,2554.4,5.057,117,,,,True,-8.1
2944,35.762899,-105.839306,6739.7,2553.2,5.86,117,,,,True,-7.3
2946,35.762907,-105.839413,6749.8,2552.4,5.62,115,,,,True,-8.2
2947,35.762902,-105.839461,6754.1,2552.0,5.4,113,,,,True,-10.3
2948,35.762893,-105.839513,6758.4,2551.4,5.243,110,,,,True,-12.4
2949,35.76289,-105.839569,6763.1,2550.8,4.68,109,,,,True,-12.7
2950,35.762886,-105.839635,6769.2,2550.0,4.917,108,,,,True,-13.0
2951,35.762886,-105.83969,6774.6,2549.4,4.96,108,,,,True,-12.7
2952,35.76287,-105.839745,6779.9,2548.6,5.16,108,,,,True,-12.8
2953,35.762853,-105.839798,6785.1,2548.0,5.34,108,,,,True,-5.2
2954,35.762841,-105.839851,6789.5,2547.4,5.28,109,,,,True,-2.4
2958,35.762796,-105.840057,6809.1,2547.6,4.8,110,,,,True,-1.0
2959,35.762779,-105.840107,6813.8,2547.8,4.86,109,,,,True,-1.4
2961,35.762782,-105.840212,6823.2,2547.6,4.814,109,,,,True,-4.3
2963,35.762821,-105.840328,6833.7,2546.8,4.92,109,,,,True,-5.2
2965,35.762862,-105.840455,6846.0,2546.0,5.367,109,,,,True,-5.7
2966,35.762876,-105.840527,6852.2,2545.8,5.8,109,,,,True,-5.8
2967,35.762871,-105.840592,6858.3,2545.6,5.85,109,,,,True,-6.2
2968,35.762846,-105.840663,6865.0,2545.0,6.26,109,,,,True,-7.8
2969,35.762812,-105.840729,6871.9,2544.4,6.367,109,,,,True,-10.6
2971,35.762726,-105.840833,6885.7,2543.2,6.7,110,,,,True,-9.7
2973,35.762634,-105.840949,6900.0,2541.2,7.0,110,,,,True,-9.1
2975,35.762565,-105.841109,6916.5,2540.0,7.433,111,,,,True,-8.5
2977,35.762521,-105.841262,6931.1,2539.0,7.567,112,,,,True,-6.4
2978,35.762518,-105.841334,6937.2,2538.8,7.44,112,,,,True,-5.9
2979,35.762516,-105.841408,6943.8,2538.4,7.3,113,,,,True,-6.1
2981,35.762504,-105.841551,6957.0,2537.6,6.75,113,,,,True,-6.9
2983,35.76245,-105.841686,6970.2,2536.6,6.6,113,,,,True,-6.4
2984,35.762409,-105.841753,6977.6,2536.0,6.76,113,,,,True,-6.9
2986,35.762327,-105.841897,6993.5,2535.2,7.3,113,,,,True,-6.0
2988,35.762236,-105.842033,7009.4,2534.0,7.84,114,,,,True,-3.5
2989,35.762205,-105.842105,7016.7,2533.8,7.82,114,,,,True,-0.4
2991,35.762182,-105.842238,7029.5,2534.2,7.2,114,,,,True,1.9
2993,35.762178,-105.842356,7040.5,2535.0,6.22,114,,,,True,1.0
2995,35.762124,-105.842453,7050.6,2534.8,5.65,113,,,,True,-2.5
2996,35.762088,-105.842491,7055.8,2534.2,5.26,112,,,,True,-10.2
2997,35.762031,-105.842525,7061.9,2533.4,5.4,112,,,,True,-14.1
2999,35.76192,-105.842606,7075.9,2531.4,5.9,110,,,,True,-14.3
3000,35.761863,-105.84265,7083.2,2530.2,6.52,109,,,,True,-15.0
3001,35.761812,-105.842702,7090.7,2529.2,6.98,108,,,,True,-13.1
3002,35.761763,-105.842759,7097.8,2528.0,7.18,107,,,,True,-11.8
3004,35.761671,-105.842874,7112.5,2526.6,7.32,107,,,,True,-9.7
3005,35.761644,-105.842932,7118.8,2526.0,7.12,107,,,,True,-6.8
3007,35.761568,-105.843045,7132.1,2525.2,6.86,108,,,,True,-5.0
3008,35.761535,-105.843102,7138.7,2525.2,6.817,108,,,,True,-3.8
3009,35.761515,-105.843159,7144.5,2525.0,6.4,108,,,,True,-3.0
3013,35.761435,-105.843387,7166.2,2524.2,5.5,108,,,,True,-3.6
3014,35.761411,-105.843441,7172.2,2524.0,5.54,108,,,,True,-4.2
3015,35.761381,-105.843485,7177.6,2523.8,5.517,109,,,,True,-5.5
3017,35.761317,-105.843556,7187.7,2523.2,5.4,108,,,,True,-6.6
3018,35.761298,-105.843596,7191.8,2522.8,5.12,108,,,,True,-7.6
3020,35.761286,-105.843692,7199.6,2522.2,4.4,110,,,,True,-7.6
3021,35.761276,-105.843742,7203.9,2521.8,4.383,110,,,,True,-7.6
3023,35.761225,-105.843879,7216.8,2521.0,5.0,111,,,,True,-7.8
3024,35.761205,-105.843944,7223.4,2520.4,5.267,111,,,,True,-7.3
3025,35.761184,-105.844011,7230.2,2519.8,6.12,110,,,,True,-7.1
3026,35.761146,-105.84407,7236.7,2519.4,6.56,110,,,,True,-6.0
3028,35.761096,-105.84417,7247.7,2518.8,6.18,112,,,,True,-5.1
3030,35.761083,-105.844266,7256.8,2518.4,5.32,116,,,,True,-5.0
3031,35.761062,-105.844309,7261.4,2518.2,4.94,117,,,,True,-6.4
3032,35.761054,-105.844347,7264.6,2518.0,4.65,117,,,,True,-6.1
3035,35.76104,-105.844467,7275.7,2517.0,3.78,116,,,,True,-7.5
3037,35.761014,-105.844546,7283.1,2516.8,3.7,116,,,,True,-8.8
3041,35.760942,-105.844699,7298.6,2515.4,3.817,116,,,,True,-8.7
3042,35.760927,-105.844746,7303.1,2514.6,4.0,115,,,,True,-9.2
3043,35.760914,-105.844795,7307.9,2514.2,4.133,114,,,,True,-8.7
3046,35.760882,-105.84494,7322.1,2513.2,4.7,111,,,,True,-5.8
3047,35.760867,-105.844983,7326.1,2513.0,4.6,111,,,,True,-5.4
3049,35.760853,-105.845075,7334.4,2512.8,4.417,112,,,,True,-4.7
3053,35.760827,-105.845233,7348.5,2512.0,3.733,115,,,,True,-4.6
3054,35.760826,-105.845275,7351.9,2511.8,3.5,115,,,,True,-3.8
3055,35.760817,-105.845329,7356.4,2511.6,3.667,115,,,,True,-1.9
3057,35.760767,-105.845408,7365.9,2511.6,3.938,116,,,,True,0.0
3058,35.760743,-105.845447,7370.1,2511.6,4.32,115,,,,True,1.3
3061,35.760676,-105.845553,7382.7,2511.8,4.383,112,,,,True,2.8
3063,35.760657,-105.845588,7386.8,2512.0,3.34,112,,,,True,3.4
3064,35.760656,-105.845593,7387.5,2512.2,2.9,115,,,,True,12.0
3065,35.760655,-105.845595,7387.5,2512.2,2.486,120,,,,False,5.1
3066,35.760651,-105.845594,7387.6,2512.4,0.98,123,,,,False,2.4
3067,35.76065,-105.845598,7387.7,2512.4,0.833,126,,,,False,-5.8
3069,35.760647,-105.845597,7387.7,2512.4,0.04,128,,,,False,-16.9
3076,35.760633,-105.84561,7390.6,2512.2,0.322,125,,,,True,-16.9
3077,35.760635,-105.845606,7390.7,2512.2,0.375,124,,,,False,-22.5
3080,35.760645,-105.8456,7391.1,2512.0,0.309,121,,,,False,-28.2
3084,35.760644,-105.845601,7393.1,2511.2,0.343,119,,,,True,-26.8
3092,35.760654,-105.845604,7393.9,2511.2,0.233,119,,,,False,-19.0
3101,35.760657,-105.845611,7393.9,2510.8,0.047,116,,,,False,-21.4
3102,35.760657,-105.845611,7393.9,2510.8,0.0,109,,,,False,-23.2
3103,35.760657,-105.845611,7393.9,2510.8,0.0,104,,,,False,-27.5
3105,35.760657,-105.845611,7393.9,2510.6,0.0,101,,,,False,-26.9
3109,35.760657,-105.845611,7393.9,2510.4,0.0,98,,,,False,-20.2
3116,35.760657,-105.845611,7393.9,2510.2,0.0,101,,,,False,-18.2
3120,35.760657,-105.845611,7393.9,2510.0,0.0,101,,,,False,-18.2
3126,35.760656,-105.84561,7393.9,2509.8,0.0,100,,,,False,-14.9
3127,35.76065,-105.845611,7395.0,2509.8,0.157,100,,,,True,-11.6
3130,35.760598,-105.845664,7401.5,2509.2,0.76,104,,,,True,-9.6
3131,35.760579,-105.845716,7406.0,2508.6,2.42,105,,,,True,-9.4
3133,35.760526,-105.845838,7418.8,2507.4,3.967,107,,,,True,-6.1
3134,35.760508,-105.845899,7424.9,2507.0,4.271,106,,,,True,-0.5
3136,35.760507,-105.846002,7434.5,2507.2,5.7,105,,,,True,4.5
3139,35.7605,-105.846087,7442.6,2508.4,3.54,105,,,,True,4.2
3140,35.760502,-105.846124,7445.6,2508.6,3.45,105,,,,True,2.5
3142,35.760483,-105.846206,7453.2,2508.2,3.117,105,,,,True,-0.5
3145,35.760444,-105.846349,7466.4,2508.0,4.16,107,,,,True,-1.3
3149,35.760372,-105.846549,7485.7,2508.2,4.643,108,,,,True,-1.4
3150,35.76034,-105.846597,7491.4,2508.0,5.0,108,,,,True,-0.5
3151,35.760298,-105.846635,7497.0,2507.6,5.1,109,,,,True,1.2
3153,35.760212,-105.846696,7507.7,2507.8,5.163,108,,,,True,2.7
3156,35.760173,-105.846795,7517.9,2508.6,4.18,107,,,,True,5.0
3158,35.760176,-105.846826,7520.9,2508.8,2.64,110,,,,True,5.6
3159,35.760176,-105.846826,7520.9,2508.8,2.2,110,,,,False,-3.9
3167,35.760175,-105.846839,7522.1,2508.6,0.133,116,,,,False,-3.0
3168,35.760167,-105.846838,7523.0,2508.6,0.233,124,,,,True,-19.5
3169,35.760176,-105.846826,7523.0,2508.4,0.21,131,,,,False,-28.9
3170,35.760176,-105.846826,7523.0,2508.4,0.191,134,,,,False,-20.5
3172,35.76017,-105.846847,7524.5,2508.4,0.48,135,,,,True,-20.5
3178,35.760171,-105.846878,7527.6,2507.2,0.575,132,,,,True,-22.4
3184,35.760183,-105.84689,7529.2,2506.4,0.392,129,,,,False,-20.8
3185,35.760183,-105.84689,7529.2,2506.4,0.229,130,,,,False,-10.9
3188,35.760183,-105.84689,7529.2,2506.2,0.16,133,,,,False,-7.8
3192,35.760207,-105.846952,7535.5,2505.8,0.9,132,,,,True,-7.4
3195,35.760266,-105.847111,7549.7,2504.8,2.929,132,,,,True,-2.2
3196,35.760282,-105.847173,7556.2,2504.4,3.375,132,,,,True,-0.9
3200,35.760321,-105.847372,7575.6,2505.2,5.18,132,,,,True,-2.3
3201,35.7603,-105.847403,7578.5,2505.4,4.46,132,,,,True,-3.0
3204,35.760203,-105.847522,7593.3,2503.8,4.638,132,,,,True,-10.5
3205,35.76018,-105.847528,7595.6,2503.2,4.0,132,,,,True,-12.7
3206,35.760152,-105.847525,7598.4,2502.8,3.98,131,,,,True,-11.8
3207,35.760129,-105.847529,7600.6,2502.6,3.683,132,,,,True,-7.1
3208,35.76011,-105.847543,7603.5,2502.6,3.571,132,,,,True,-8.7
3210,35.760092,-105.84758,7606.8,2502.4,2.24,131,,,,True,-8.7
3211,35.760093,-105.847597,7608.0,2502.2,1.92,132,,,,True,-10.8
3214,35.760091,-105.847614,7609.9,2501.8,1.067,133,,,,True,-12.3
3215,35.760099,-105.847637,7612.1,2501.6,1.06,134,,,,True,-11.9
3216,35.760107,-105.847669,7614.6,2501.4,1.32,138,,,,True,-11.3
3218,35.760137,-105.847758,7623.1,2500.4,2.157,140,,,,True,-10.7
3220,35.760179,-105.847857,7633.0,2499.2,4.18,141,,,,True,-10.4
3221,35.760193,-105.84791,7638.3,2498.8,4.74,140,,,,True,-10.5
3223,35.760191,-105.848009,7647.4,2498.0,4.86,140,,,,True,-9.0
3224,35.760175,-105.848064,7651.7,2497.4,4.767,140,,,,True,-8.9
3225,35.760158,-105.848125,7657.4,2497.0,4.88,139,,,,True,-12.0
3226,35.760133,-105.848177,7663.0,2496.6,4.94,139,,,,True,-10.1
3227,35.76012,-105.848221,7667.4,2495.6,4.85,139,,,,True,-9.9
3230,35.760127,-105.848355,7679.5,2494.6,4.42,138,,,,True,-10.2
3231,35.760125,-105.848394,7683.6,2494.4,4.12,138,,,,True,-8.5
3234,35.76012,-105.848513,7694.3,2493.4,3.843,138,,,,True,-9.4
3236,35.760087,-105.8486,7702.6,2492.6,3.8,137,,,,True,-10.8
3237,35.760079,-105.848651,7707.3,2492.0,3.95,137,,,,True,-11.3
3239,35.760059,-105.848751,7716.8,2490.8,4.5,137,,,,True,-9.6
3240,35.760069,-105.848801,7720.9,2490.4,4.433,137,,,,True,-8.2
3243,35.760112,-105.848931,7733.7,2489.6,4.4,137,,,,True,-6.6
3244,35.760146,-105.848975,7738.9,2489.4,4.42,137,,,,True,-5.9
3245,35.760188,-105.849014,7744.2,2489.0,4.66,138,,,,True,-5.4
3247,35.76023,-105.849116,7755.0,2488.4,4.871,137,,,,True,-5.3
3249,35.760236,-105.84925,7766.8,2487.8,5.58,137,,,,True,-5.4
3250,35.760245,-105.849309,7773.0,2487.6,5.76,137,,,,True,-5.0
3251,35.760258,-105.849366,7777.8,2487.2,5.6,136,,,,True,-2.8
3252,35.760257,-105.849425,7783.1,2487.0,5.62,134,,,,True,-3.1
3253,35.76024,-105.849476,7788.1,2487.2,5.517,129,,,,True,-2.0
3254,35.760238,-105.849523,7792.6,2487.0,5.16,127,,,,True,-3.7
3255,35.760243,-105.849587,7797.5,2486.8,4.9,126,,,,True,-6.8
3257,35.760244,-105.849729,7810.0,2486.0,5.38,125,,,,True,-7.6
3259,35.760192,-105.849839,7820.4,2485.0,5.56,124,,,,True,-8.0
3260,35.760148,-105.849856,7824.2,2484.6,5.34,124,,,,True,-9.2
3261,35.760091,-105.849846,7830.1,2484.2,5.433,124,,,,True,-9.0
3262,35.760038,-105.849827,7836.2,2483.6,5.24,124,,,,True,-8.9
3263,35.759981,-105.849807,7842.7,2483.0,5.45,124,,,,True,-4.1
3264,35.759929,-105.849793,7848.8,2482.4,5.68,124,,,,True,0.0
3267,35.759841,-105.849778,7859.4,2483.0,4.64,124,,,,True,6.5
3268,35.759827,-105.849782,7860.8,2483.6,3.62,125,,,,True,10.7
3271,35.759801,-105.849801,7864.1,2484.4,2.186,128,,,,True,3.4
3273,35.75979,-105.849805,7865.6,2484.2,0.96,129,,,,True,-2.0
3276,35.759783,-105.849822,7866.9,2483.8,0.56,132,,,,True,-20.5
3279,35.759762,-105.849858,7871.0,2483.4,0.9,134,,,,True,-22.5
3283,35.759766,-105.849863,7871.9,2482.8,0.714,135,,,,False,-23.9
3288,35.759773,-105.849863,7872.9,2482.6,0.211,135,,,,False,-25.0
3290,35.759777,-105.849861,7872.9,2482.4,0.143,135,,,,False,-26.9
3292,35.759781,-105.849859,7873.0,2482.4,0.122,132,,,,False,-27.4
3293,35.759783,-105.849859,7873.0,2482.2,0.02,125,,,,False,-26.3
3294,35.759784,-105.849863,7873.3,2482.2,0.067,121,,,,True,-37.3
3297,35.759792,-105.849869,7873.3,2482.0,0.06,119,,,,False,-32.3
3305,35.759785,-105.849893,7875.3,2481.6,0.182,118,,,,False,-28.6
3308,35.75978,-105.849896,7876.0,2481.4,0.245,118,,,,False,-23.3
3315,35.75978,-105.849889,7876.4,2481.2,0.11,115,,,,False,-24.0
3317,35.759785,-105.849889,7876.6,2481.2,0.067,115,,,,False,-15.0
3325,35.759779,-105.84988,7878.3,2480.8,0.19,112,,,,False,-13.7
3327,35.759774,-105.849878,7878.5,2480.6,0.19,109,,,,False,-12.7
3331,35.759759,-105.849867,7880.3,2480.6,0.333,104,,,,True,-10.8
3332,35.759759,-105.849867,7880.3,2480.4,0.36,103,,,,False,-9.7
3337,35.759753,-105.849861,7881.5,2480.4,0.2,100,,,,False,-5.7
3340,35.759751,-105.849852,7882.2,2480.4,0.237,99,,,,False,-6.2
3341,35.759747,-105.849859,7882.9,2480.2,0.289,99,,,,True,-5.1
3344,35.759723,-105.849926,7889.0,2480.0,1.071,96,,,,True,-3.7
3345,35.75971,-105.849972,7893.3,2479.8,2.22,96,,,,True,-1.4
3348,35.759676,-105.850137,7908.9,2479.4,3.714,95,,,,True,0.0
3351,35.759641,-105.850319,7925.0,2479.6,5.283,95,,,,True,0.0
3353,35.759585,-105.850429,7937.1,2480.0,5.64,96,,,,True,-0.5
3354,35.759551,-105.850468,7942.4,2479.8,5.583,95,,,,True,-2.5
3356,35.759477,-105.850535,7952.4,2479.2,5.48,96,,,,True,-6.3
3357,35.759432,-105.850558,7957.4,2478.8,5.4,95,,,,True,-5.8
3358,35.759387,-105.850581,7962.3,2478.4,5.04,96,,,,True,-4.9
3360,35.759294,-105.850638,7973.5,2478.0,5.183,96,,,,True,-5.2
3362,35.759231,-105.850741,7985.3,2477.6,5.58,96,,,,True,-5.0
3363,35.759203,-105.850807,7991.9,2477.0,5.92,96,,,,True,-6.3
3364,35.759181,-105.850878,7998.6,2476.6,6.05,96,,,,True,-8.7
3365,35.759153,-105.850938,8005.3,2476.0,6.36,96,,,,True,-9.5
3366,35.759135,-105.850986,8010.6,2475.4,6.183,96,,,,True,-9.6
3367,35.759114,-105.851027,8015.1,2474.8,5.96,96,,,,True,-9.4
3369,35.759072,-105.85111,8023.5,2474.2,4.98,97,,,,True,-7.6
3370,35.759057,-105.851167,8028.6,2473.8,4.66,97,,,,True,-6.3
3371,35.759042,-105.851227,8034.4,2473.6,4.76,97,,,,True,-7.2
3372,35.759016,-105.85128,8040.3,2473.2,5.04,98,,,,True,-7.2
3374,35.758965,-105.85138,8051.1,2472.2,5.52,99,,,,True,-7.5
3375,35.758945,-105.851439,8056.5,2471.8,5.58,100,,,,True,-5.5
3377,35.758896,-105.851565,8069.1,2471.0,5.76,100,,,,True,-3.7
3380,35.75882,-105.851748,8087.7,2470.6,6.24,99,,,,True,-3.2
3381,35.758794,-105.851816,8094.6,2470.6,6.35,99,,,,True,-2.2
3384,35.758717,-105.851997,8113.5,2470.0,6.343,97,,,,True,-2.9
3386,35.758665,-105.852105,8124.9,2469.8,6.06,96,,,,True,-4.6
3388,35.758595,-105.852202,8136.1,2469.2,5.929,95,,,,True,-5.6
3389,35.758561,-105.852258,8142.3,2468.4,5.76,95,,,,True,-8.6
3390,35.758522,-105.852312,8148.9,2468.0,5.9,96,,,,True,-9.3
3391,35.75848,-105.852357,8155.1,2467.2,6.04,96,,,,True,-7.8
3393,35.758379,-105.852447,8168.4,2466.2,6.46,96,,,,True,-8.8
3394,35.758323,-105.852484,8175.7,2465.8,6.68,97,,,,True,-8.2
3395,35.758267,-105.852528,8183.0,2465.0,6.82,98,,,,True,-7.3
3396,35.758214,-105.85256,8189.1,2464.4,6.8,101,,,,True,-5.1
3397,35.758162,-105.852594,8195.9,2464.2,6.8,104,,,,True,-4.7
3400,35.758003,-105.852679,8215.1,2463.8,6.42,105,,,,True,-3.7
3401,35.757954,-105.852702,8221.1,2463.2,6.4,104,,,,True,-3.6
3402,35.7579,-105.852729,8227.4,2463.0,6.3,103,,,,True,-4.2
3404,35.757817,-105.85283,8240.8,2462.6,6.414,101,,,,True,-3.3
3406,35.757726,-105.852914,8252.9,2462.2,6.36,100,,,,True,-3.5
3407,35.757685,-105.852936,8258.0,2462.0,6.12,99,,,,True,-2.9
3408,35.757655,-105.852959,8262.0,2461.8,5.767,99,,,,True,0.0
3411,35.757604,-105.852977,8268.5,2461.8,3.12,99,,,,True,0.0
3417,35.757581,-105.853008,8272.6,2462.2,1.178,97,,,,True,-3.8
3422,35.757562,-105.852997,8275.1,2462.0,0.6,96,,,,True,-7.3
3426,35.757539,-105.852988,8277.9,2461.2,0.589,94,,,,True,-13.0
3428,35.757497,-105.853012,8282.2,2460.8,1.183,95,,,,True,-11.1
3430,35.757439,-105.853056,8289.5,2460.0,1.8,96,,,,True,-7.3
3431,35.757396,-105.853082,8295.0,2459.8,3.42,96,,,,True,-6.2
3432,35.757361,-105.85312,8299.9,2459.6,3.667,97,,,,True,-3.8
3433,35.757327,-105.853154,8304.9,2459.4,4.54,101,,,,True,-4.7
3434,35.757283,-105.85319,8310.5,2459.2,4.717,102,,,,True,-6.0
3436,35.757207,-105.853241,8320.3,2458.6,5.06,104,,,,True,-5.9
3438,35.757132,-105.853301,8330.0,2457.8,5.02,104,,,,True,-5.5
3439,35.757101,-105.853345,8335.3,2457.6,4.96,104,,,,True,-5.1
3443,35.756956,-105.853514,8357.6,2456.6,5.52,104,,,,True,-3.4
3444,35.756919,-105.853564,8363.6,2456.4,5.66,104,,,,True,-2.7
3448,35.756742,-105.853756,8389.7,2455.8,6.42,104,,,,True,-0.6
3451,35.756614,-105.853908,8409.5,2455.6,6.557,104,,,,True,0.7
3453,35.756557,-105.85399,8419.6,2456.2,5.98,104,,,,True,6.1
3454,35.756554,-105.854029,8423.2,2456.8,5.583,104,,,,True,18.0
3455,35.756553,-105.854052,8425.8,2458.0,5.157,104,,,,True,31.4
3456,35.75655,-105.854069,8427.3,2458.8,3.56,105,,,,True,12.7
3457,35.756536,-105.854088,8429.8,2459.4,3.383,105,,,,True,2.4
3460,35.756496,-105.85418,8438.9,2458.8,2.62,105,,,,True,-7.1
3461,35.756479,-105.854222,8442.8,2458.4,3.1,105,,,,True,-11.6
3462,35.756459,-105.854266,8447.0,2457.4,3.44,105,,,,True,-11.8
3464,35.756414,-105.854364,8457.5,2456.2,3.957,104,,,,True,-11.8
3466,35.756372,-105.854466,8467.8,2455.4,5.0,104,,,,True,-12.2
3467,35.756358,-105.854525,8473.4,2454.8,5.28,103,,,,True,-12.4
3469,35.756309,-105.854635,8484.8,2452.8,5.46,101,,,,True,-14.5
3470,35.756287,-105.854679,8489.7,2452.2,5.367,100,,,,True,-10.8
3471,35.756258,-105.854712,8494.0,2451.6,5.24,99,,,,True,-7.5
3474,35.756176,-105.854836,8508.5,2451.0,4.74,96,,,,True,-8.1
3475,35.756141,-105.854888,8514.0,2450.6,4.86,96,,,,True,-8.5
3476,35.756097,-105.85493,8519.5,2449.8,5.1,95,,,,True,-12.8
3477,35.756048,-105.854984,8526.8,2448.8,5.467,95,,,,True,-13.0
3478,35.756009,-105.855039,8533.5,2447.8,5.643,94,,,,True,-11.8
3479,35.755973,-105.855095,8540.2,2447.2,6.34,94,,,,True,-10.0
3480,35.755929,-105.855138,8546.6,2446.6,6.52,94,,,,True,-7.3
3481,35.755883,-105.855174,8552.9,2446.2,6.68,93,,,,True,-5.4
3482,35.755844,-105.855217,8558.2,2446.0,6.28,93,,,,True,-3.8
3485,35.75573,-105.855369,8577.4,2445.2,6.16,93,,,,True,-3.4
3487,35.755648,-105.855437,8588.3,2445.0,6.02,92,,,,True,-3.4
3488,35.755606,-105.855475,8593.9,2444.8,5.95,92,,,,True,-3.5
3489,35.755562,-105.85551,8599.6,2444.6,5.914,91,,,,True,-3.9
3493,35.755382,-105.855654,8623.6,2443.6,5.94,91,,,,True,-4.3
3494,35.755345,-105.855697,8629.4,2443.4,5.96,90,,,,True,-4.3
3495,35.755306,-105.855742,8635.3,2443.0,5.95,90,,,,True,-3.4
3496,35.755267,-105.855783,8641.0,2442.8,5.914,90,,,,True,-3.4
3498,35.755182,-105.855858,8652.7,2442.6,5.82,91,,,,True,-2.4
3500,35.75509,-105.855919,8664.6,2442.2,5.86,90,,,,True,-3.3
3501,35.755054,-105.855953,8669.2,2442.2,5.64,90,,,,True,-5.2
3504,35.754928,-105.856014,8683.7,2441.4,5.167,90,,,,True,-5.9
3507,35.754792,-105.856046,8699.2,2440.2,5.0,90,,,,True,-6.2
3508,35.754745,-105.856081,8705.2,2439.8,5.143,91,,,,True,-5.9
3509,35.754699,-105.856117,8711.4,2439.6,5.54,93,,,,True,-4.9
3510,35.754659,-105.85616,8717.5,2439.4,5.633,97,,,,True,-4.7
3511,35.754622,-105.856205,8723.8,2439.0,5.729,100,,,,True,-4.8
3513,35.754537,-105.856288,8735.2,2438.4,6.0,104,,,,True,-4.9
3514,35.754492,-105.856325,8740.6,2438.2,5.84,105,,,,True,-4.3
3516,35.754384,-105.856394,8754.6,2437.6,6.16,106,,,,True,-4.3
3519,35.754223,-105.856499,8775.2,2436.8,6.92,106,,,,True,-4.8
3520,35.754163,-105.856524,8782.0,2436.4,6.9,106,,,,True,-5.1
3523,35.753995,-105.856632,8803.2,2435.2,6.943,106,,,,True,-5.3
3524,35.753945,-105.856672,8809.8,2434.8,6.92,106,,,,True,-5.6
3527,35.753814,-105.856784,8828.1,2434.0,6.586,107,,,,True,-5.2
3529,35.753728,-105.856834,8838.7,2433.2,5.78,108,,,,True,-3.9
3531,35.75364,-105.856885,8849.1,2432.8,5.614,110,,,,True,-3.6
3535,35.753458,-105.856976,8870.6,2432.4,5.317,109,,,,True,-2.9
3538,35.753309,-105.857058,8888.5,2431.8,5.629,109,,,,True,-2.3
3541,35.75316,-105.857147,8906.7,2431.2,6.017,109,,,,True,-2.3
3543,35.753087,-105.857245,8918.5,2431.2,6.0,109,,,,True,-1.9
3545,35.753022,-105.857367,8931.7,2431.0,6.171,110,,,,True,-1.1
3548,35.752925,-105.857541,8950.6,2430.6,6.42,109,,,,True,-0.3
3550,35.752865,-105.857652,8962.2,2430.6,6.1,110,,,,True,0.0
3555,35.752766,-105.857856,8984.1,2431.0,4.786,109,,,,True,0.0
3559,35.752741,-105.857972,8995.5,2431.0,3.7,109,,,,True,-1.1
3564,35.752729,-105.858013,8999.1,2430.6,1.667,108,,,,True,-8.0
3571,35.752729,-105.858013,8999.1,2430.2,0.3,110,,,,False,-44.4
3578,35.752729,-105.858013,8999.1,2429.8,0.0,112,,,,False,-50.0
3581,35.752729,-105.858013,8999.1,2429.6,0.0,111,,,,False,-27.8
3583,35.752729,-105.858013,8999.1,2429.4,0.0,107,,,,False,-27.3
3585,35.752729,-105.858013,8999.1,2429.2,0.0,107,,,,False,-25.0
3588,35.752729,-105.858013,8999.1,2429.2,0.0,110,,,,False,-36.4
3589,35.752727,-105.85802,8999.7,2429.2,0.1,111,,,,True,-46.2
3591,35.752702,-105.858026,9002.7,2429.0,0.6,111,,,,True,-38.5
3596,35.752688,-105.858028,9004.3,2428.8,0.657,111,,,,True,-42.3
3597,35.752688,-105.858028,9004.3,2428.6,0.267,113,,,,False,-42.3
3601,35.752688,-105.858028,9004.3,2428.8,0.0,116,,,,False,-42.3
3603,35.752688,-105.858028,9004.3,2428.8,0.0,118,,,,False,-45.5
3610,35.752688,-105.858028,9004.3,2428.0,0.0,118,,,,False,-37.6
3618,35.752688,-105.858028,9004.3,2427.8,0.0,117,,,,False,0.0
3624,35.752688,-105.858028,9004.3,2427.6,0.0,116,,,,False,0.0
3626,35.752695,-105.858043,9004.3,2427.6,0.0,113,,,,False,0.0
3630,35.752695,-105.858043,9004.3,2427.8,0.0,110,,,,False,0.0
3637,35.752695,-105.858043,9004.3,2427.6,0.0,111,,,,False,-38.8
3647,35.752695,-105.858043,9004.3,2427.2,0.0,114,,,,False,-38.8
3654,35.752695,-105.858043,9004.3,2426.6,0.0,115,,,,False,-38.8
3655,35.752695,-105.858043,9004.3,2426.6,0.0,113,,,,False,-38.8
3663,35.752694,-105.858055,9004.6,2426.2,0.033,114,,,,False,-49.0
3672,35.752678,-105.858058,9007.0,2425.8,0.159,112,,,,False,-49.0
3679,35.75268,-105.858036,9009.2,2426.0,0.288,110,,,,True,-11.5
3686,35.75268,-105.858036,9009.2,2425.4,0.157,111,,,,False,-10.4
3687,35.75268,-105.858036,9009.2,2425.4,0.0,111,,,,False,-10.4
3693,35.75268,-105.858036,9009.2,2425.2,0.0,114,,,,False,-5.2
3695,35.75268,-105.858036,9009.2,2425.0,0.0,116,,,,False,-3.2
3698,35.752682,-105.858058,9009.2,2425.2,0.0,119,,,,False,-2.8
3700,35.75268,-105.858059,9010.0,2425.2,0.16,118,,,,True,1.4
3705,35.752696,-105.858054,9010.2,2424.8,0.143,121,,,,False,4.2
3707,35.752696,-105.858054,9010.2,2424.8,0.029,121,,,,False,3.0
3713,35.752679,-105.858077,9012.7,2424.6,0.313,119,,,,True,7.7
3718,35.752618,-105.858164,9023.5,2425.6,1.209,116,,,,True,4.8
3719,35.752598,-105.858178,9025.8,2426.0,2.183,115,,,,True,5.2
3724,35.752461,-105.858288,9043.4,2426.4,3.317,115,,,,True,4.1
3726,35.752422,-105.858353,9051.4,2426.6,3.657,116,,,,True,3.9
3728,35.752395,-105.858407,9057.4,2427.0,3.511,115,,,,True,4.5
3732,35.752355,-105.858509,9067.3,2427.6,2.65,117,,,,True,5.5
3735,35.752288,-105.858533,9074.5,2427.8,2.443,120,,,,True,0.6
3736,35.75227,-105.858516,9076.9,2428.0,2.438,121,,,,True,-2.1
3740,35.752168,-105.858404,9090.4,2427.2,3.18,123,,,,True,-1.5
3743,35.752056,-105.858312,9105.7,2426.8,4.114,126,,,,True,0.4
3745,35.751982,-105.85826,9115.5,2427.2,5.02,128,,,,True,2.3
3749,35.751862,-105.858179,9131.4,2428.2,4.283,131,,,,True,2.3
3750,35.751827,-105.858189,9134.6,2428.2,3.82,132,,,,True,2.5
3755,35.751624,-105.858192,9157.3,2428.0,4.317,132,,,,True,1.6
3760,35.751446,-105.85813,9178.3,2428.8,4.37,132,,,,True,2.7
3761,35.751408,-105.858119,9182.5,2429.0,4.2,131,,,,True,5.8
3764,35.751319,-105.858108,9193.1,2429.8,3.978,130,,,,True,8.6
3766,35.751268,-105.858101,9198.5,2430.4,3.2,129,,,,True,8.5
3768,35.75122,-105.858096,9203.8,2431.0,3.043,128,,,,True,9.2
3772,35.751148,-105.858078,9213.1,2431.6,2.433,126,,,,True,11.5
3775,35.751105,-105.858073,9217.1,2432.0,1.9,125,,,,True,13.1
3779,35.751035,-105.858061,9224.6,2433.4,1.643,125,,,,True,16.1
3782,35.75098,-105.858039,9231.2,2434.6,2.014,128,,,,True,15.7
3785,35.750933,-105.858016,9236.7,2435.4,2.017,125,,,,True,14.6
3786,35.750919,-105.85801,9238.8,2435.4,2.029,126,,,,True,14.1
3787,35.750904,-105.857995,9241.0,2435.8,1.96,126,,,,True,13.8
3791,35.750864,-105.857952,9246.8,2436.8,1.6,125,,,,True,13.8
3792,35.750853,-105.85794,9248.3,2437.0,1.46,124,,,,True,12.6
3796,35.750801,-105.857901,9256.2,2437.8,1.88,122,,,,True,9.8
3798,35.750778,-105.857899,9258.5,2438.0,1.7,124,,,,True,8.1
3799,35.750766,-105.857899,9259.1,2438.0,1.543,127,,,,True,4.8
3800,35.750752,-105.857894,9260.7,2438.0,1.55,130,,,,True,3.9
3801,35.750738,-105.857888,9262.3,2438.0,1.22,133,,,,True,6.0
3805,35.750675,-105.857866,9268.8,2438.4,1.62,135,,,,True,8.8
3808,35.750625,-105.857834,9275.7,2439.0,1.914,136,,,,True,10.3
3812,35.750583,-105.857806,9281.2,2439.8,1.771,137,,,,True,10.9
3813,35.750573,-105.8578,9281.8,2440.0,1.22,138,,,,True,12.1
3816,35.750529,-105.857785,9287.1,2440.4,1.425,141,,,,True,5.8
3817,35.75051,-105.857787,9288.9,2440.6,1.54,142,,,,True,5.0
3818,35.750488,-105.857785,9291.0,2440.6,1.84,143,,,,True,3.7
3824,35.7504,-105.857759,9302.0,2441.0,1.871,146,,,,True,3.4
3825,35.750388,-105.857752,9303.4,2441.0,1.771,146,,,,True,2.5
3831,35.750305,-105.857733,9312.2,2441.4,1.457,148,,,,True,5.4
3836,35.750293,-105.857726,9315.4,2441.2,1.091,148,,,,True,5.8
3843,35.750253,-105.857745,9320.4,2442.0,0.683,147,,,,True,8.8
3844,35.750249,-105.857743,9320.5,2442.0,0.638,146,,,,False,9.5
3848,35.750227,-105.857751,9323.5,2442.4,0.62,150,,,,True,0.0
3850,35.750225,-105.857744,9324.1,2442.6,0.6,154,,,,True,4.5
3854,35.750213,-105.857747,9325.9,2442.2,0.4,157,,,,True,6.4
3864,35.750207,-105.857749,9326.6,2442.0,0.179,158,,,,False,5.6
3871,35.750207,-105.857749,9326.6,2442.4,0.041,157,,,,False,5.6
3877,35.750183,-105.857743,9329.2,2442.4,0.2,156,,,,True,6.8
3878,35.75018,-105.857743,9329.8,2442.6,0.457,153,,,,True,16.1
3879,35.750178,-105.857742,9329.8,2442.6,0.4,148,,,,False,18.5
3882,35.750178,-105.857743,9329.8,2442.6,0.12,145,,,,False,19.2
3883,35.750163,-105.857738,9331.2,2442.6,0.28,146,,,,True,19.4
3885,35.750131,-105.857737,9335.3,2443.2,0.917,147,,,,True,19.4
3888,35.750093,-105.857752,9339.6,2444.4,1.68,147,,,,True,23.5
3891,35.75005,-105.85778,9345.3,2445.6,1.667,148,,,,True,26.0
3893,35.750025,-105.857785,9348.2,2446.6,1.72,153,,,,True,9.2
3894,35.750011,-105.85778,9349.9,2447.0,1.717,154,,,,True,1.5
3900,35.749905,-105.857686,9363.6,2446.6,2.2,155,,,,True,-2.6
3902,35.749851,-105.857621,9371.9,2446.0,2.75,154,,,,True,-1.0
3904,35.749815,-105.857573,9378.5,2445.8,2.86,155,,,,True,0.7
3908,35.749728,-105.857564,9388.4,2446.6,2.75,157,,,,True,4.4
3909,35.749708,-105.85756,9390.6,2446.8,2.42,157,,,,True,8.3
3911,35.749675,-105.857547,9394.7,2447.0,2.314,157,,,,True,9.8
3914,35.749627,-105.857551,9400.3,2447.6,1.94,156,,,,True,8.6
3916,35.74959,-105.857549,9404.7,2448.2,2.0,156,,,,True,8.8
3920,35.749523,-105.857519,9411.6,2448.6,1.883,155,,,,True,8.3
3924,35.749458,-105.857486,9419.8,2449.2,1.887,155,,,,True,8.1
3927,35.749416,-105.857494,9424.4,2449.6,1.829,153,,,,True,10.3
3929,35.749421,-105.857483,9424.4,2449.8,0.92,152,,,,False,8.7
3931,35.749414,-105.857483,9425.2,2450.0,0.771,149,,,,True,6.5
3933,35.749409,-105.857482,9426.4,2450.0,0.333,146,,,,True,7.7
3934,35.749405,-105.85749,9426.7,2449.8,0.46,144,,,,True,4.0
3935,35.749409,-105.85749,9426.8,2449.8,0.4,143,,,,False,2.8
3940,35.749394,-105.857504,9429.0,2449.8,0.383,141,,,,True,3.1
3942,35.749383,-105.857502,9430.2,2450.0,0.486,140,,,,True,4.8
3945,35.749342,-105.857498,9434.5,2450.0,1.1,140,,,,True,7.0
3948,35.749299,-105.857498,9439.4,2450.4,1.533,139,,,,True,7.1
3950,35.749268,-105.857478,9443.2,2450.8,1.74,142,,,,True,9.3
3954,35.749218,-105.857433,9449.8,2451.4,1.733,146,,,,True,13.5
3955,35.749206,-105.857415,9451.7,2451.6,1.7,148,,,,True,12.2
3959,35.74918,-105.857392,9455.7,2452.6,1.18,151,,,,True,13.8
3967,35.749171,-105.857386,9456.3,2452.4,0.383,152,,,,False,11.1
3969,35.749168,-105.857384,9457.0,2452.6,0.13,155,,,,True,0.0
3972,35.749165,-105.857374,9458.5,2452.6,0.44,158,,,,True,6.2
3973,35.749167,-105.857373,9458.8,2452.6,0.417,160,,,,False,0.0
3974,35.74917,-105.857373,9458.8,2452.4,0.36,163,,,,False,1.6
3977,35.749161,-105.857359,9459.7,2451.6,0.24,164,,,,True,3.4
3979,35.749157,-105.857347,9461.3,2451.4,0.5,164,,,,True,6.7
3987,35.749163,-105.85734,9461.4,2452.2,0.17,162,,,,False,6.8
3991,35.749163,-105.85734,9461.4,2452.0,0.008,159,,,,False,16.7
3997,35.749152,-105.857323,9463.9,2451.6,0.25,156,,,,True,19.7
4001,35.749127,-105.857286,9467.9,2452.8,0.65,157,,,,True,14.9
4003,35.749114,-105.857258,9470.5,2453.4,1.1,157,,,,True,20.5
4005,35.749102,-105.857231,9473.5,2453.8,1.2,157,,,,True,14.9
4007,35.749087,-105.857197,9476.6,2454.2,1.45,154,,,,True,17.2
4009,35.749082,-105.857148,9481.3,2454.8,1.8,153,,,,True,18.5
4012,35.74908,-105.857097,9485.6,2456.0,1.8,152,,,,True,20.8
4014,35.749078,-105.857061,9488.6,2456.6,1.46,152,,,,True,25.7
4016,35.749073,-105.857037,9491.0,2457.2,1.386,152,,,,True,22.2
4019,35.749074,-105.857037,9491.0,2457.8,0.48,152,,,,False,26.7
4023,35.749074,-105.857017,9492.2,2457.6,0.171,157,,,,True,21.1
4024,35.74907,-105.857012,9492.8,2457.6,0.36,160,,,,True,20.0
4026,35.749063,-105.857004,9493.6,2458.0,0.371,163,,,,True,17.8
4028,35.749057,-105.856996,9494.6,2458.4,0.48,164,,,,True,12.3
4031,35.749058,-105.856997,9494.6,2458.4,0.2,164,,,,False,9.8
4035,35.749038,-105.856996,9497.0,2458.4,0.343,163,,,,True,13.6
4042,35.749032,-105.856999,9497.6,2458.4,0.273,164,,,,False,9.3
4047,35.749028,-105.856998,9498.7,2458.4,0.142,162,,,,False,11.4
4052,35.748996,-105.857006,9502.4,2458.6,0.48,160,,,,True,15.2
4056,35.748955,-105.857002,9507.5,2459.6,0.978,158,,,,True,16.1
4059,35.748917,-105.857007,9510.8,2460.4,1.2,159,,,,True,16.2
4060,35.748905,-105.857011,9512.4,2460.6,1.25,159,,,,True,15.2
4065,35.748838,-105.857019,9519.7,2461.4,1.483,158,,,,True,13.0
4066,35.748821,-105.85702,9522.0,2461.8,1.6,158,,,,True,13.4
4071,35.748757,-105.857025,9529.3,2462.8,1.6,160,,,,True,14.1
4077,35.748693,-105.857018,9536.3,2463.8,1.3,163,,,,True,12.3
4084,35.748634,-105.857019,9542.4,2464.6,1.008,165,,,,True,8.7
4091,35.748631,-105.857021,9543.1,2464.4,0.486,165,,,,False,-2.9
4099,35.748631,-105.857021,9543.1,2464.0,0.047,162,,,,False,-5.9
4101,35.748631,-105.857021,9543.1,2463.8,0.0,160,,,,False,-5.9
4104,35.748631,-105.857021,9543.1,2463.6,0.0,157,,,,False,-14.7
4107,35.748631,-105.857021,9543.1,2463.4,0.0,154,,,,False,-14.7
4109,35.748631,-105.857021,9543.1,2463.4,0.0,151,,,,False,0.0
4111,35.748631,-105.857021,9543.1,2463.4,0.0,149,,,,False,0.0
4114,35.748631,-105.857021,9543.1,2463.4,0.0,146,,,,False,0.0
4116,35.748631,-105.857021,9543.1,2463.2,0.0,143,,,,False,0.0
4120,35.748631,-105.857021,9543.1,2462.8,0.0,141,,,,False,0.0
4123,35.748631,-105.857021,9543.1,2462.8,0.0,138,,,,False,0.0
4125,35.748631,-105.857021,9543.1,2462.8,0.0,135,,,,False,0.0
4127,35.748631,-105.857021,9543.1,2462.6,0.0,131,,,,False,0.0
4130,35.748631,-105.857021,9543.1,2462.6,0.0,128,,,,False,-30.8
4132,35.748631,-105.857021,9543.1,2462.6,0.0,124,,,,False,2.8
4135,35.748631,-105.857021,9543.1,2462.4,0.0,121,,,,False,4.7
4138,35.748631,-105.857021,9543.1,2462.2,0.0,117,,,,False,5.6
4141,35.748631,-105.857021,9543.1,2462.2,0.0,114,,,,False,5.6
4147,35.748609,-105.857016,9545.7,2462.0,0.289,112,,,,True,7.5
4152,35.748547,-105.857005,9552.0,2462.6,0.809,112,,,,True,7.7
4158,35.74844,-105.856992,9564.5,2463.8,1.709,113,,,,True,9.5
4159,35.748421,-105.856994,9566.5,2464.0,2.071,113,,,,True,10.5
4162,35.748364,-105.856993,9573.0,2464.6,2.1,119,,,,True,11.3
4164,35.748326,-105.856994,9576.7,2465.2,2.04,121,,,,True,12.3
4165,35.748309,-105.856997,9578.7,2465.4,2.033,124,,,,True,15.7
4166,35.748291,-105.856996,9581.1,2465.8,2.086,129,,,,True,17.3
4168,35.748264,-105.856998,9584.5,2466.4,1.917,132,,,,True,17.5
4171,35.74822,-105.857015,9589.4,2467.4,1.66,134,,,,True,18.5
4172,35.748201,-105.857015,9591.3,2467.6,1.7,135,,,,True,18.6
4175,35.748159,-105.857019,9596.2,2468.6,1.671,138,,,,True,14.7
4176,35.748145,-105.857023,9597.4,2468.8,1.6,139,,,,True,15.3
4177,35.748133,-105.857026,9598.9,2469.0,1.52,139,,,,True,12.3
4180,35.748082,-105.857036,9604.4,2469.6,1.64,142,,,,True,11.8
4181,35.748071,-105.857044,9605.8,2469.8,1.68,143,,,,True,11.2
4182,35.748055,-105.857047,9607.6,2470.0,1.74,145,,,,True,12.6
4184,35.748023,-105.857057,9611.4,2470.4,1.786,149,,,,True,12.4
4186,35.747999,-105.857058,9614.0,2471.0,1.64,152,,,,True,14.7
4188,35.747971,-105.857059,9617.1,2471.2,1.583,153,,,,True,15.5
4192,35.747919,-105.857062,9622.6,2472.2,1.433,153,,,,True,13.9
4195,35.747875,-105.857078,9628.2,2473.0,1.586,155,,,,True,14.8
4196,35.747862,-105.857079,9629.8,2473.2,1.587,155,,,,True,13.1
4199,35.747823,-105.857104,9634.7,2473.8,1.729,158,,,,True,9.4
4201,35.747794,-105.857111,9637.9,2474.2,1.62,161,,,,True,8.5
4207,35.747712,-105.857141,9647.3,2474.8,1.575,164,,,,True,7.8
4208,35.747698,-105.857148,9648.7,2474.8,1.543,164,,,,True,7.8
4212,35.747644,-105.857163,9655.2,2475.4,1.58,164,,,,True,7.9
4213,35.747632,-105.857166,9655.9,2475.6,1.44,164,,,,True,9.5
4217,35.747584,-105.857201,9662.5,2476.0,1.46,165,,,,True,10.5
4218,35.747574,-105.857205,9663.5,2476.2,1.52,166,,,,True,9.9
4220,35.747554,-105.857225,9666.6,2476.6,1.529,167,,,,True,13.7
4224,35.747509,-105.857245,9672.0,2477.2,1.417,166,,,,True,12.0
4226,35.747487,-105.857244,9674.2,2477.6,1.267,167,,,,True,12.0
4231,35.747417,-105.857241,9681.8,2478.4,1.4,168,,,,True,14.9
4232,35.747404,-105.857235,9683.3,2478.6,1.517,168,,,,True,12.7
4237,35.747347,-105.857225,9689.5,2479.8,1.283,168,,,,True,16.1
4239,35.747317,-105.857225,9693.1,2480.0,1.4,168,,,,True,11.5
4245,35.747291,-105.857223,9695.5,2480.6,0.75,168,,,,True,-11.0
4250,35.747289,-105.857223,9695.5,2480.0,0.218,167,,,,False,-16.4
4252,35.74728,-105.857221,9696.3,2479.8,0.114,167,,,,True,-21.9
4261,35.747269,-105.857219,9696.8,2479.0,0.118,164,,,,False,-27.4
4265,35.747269,-105.857219,9696.8,2478.6,0.038,161,,,,False,-27.4
4268,35.747269,-105.857219,9696.8,2478.6,0.0,158,,,,False,-28.9
4270,35.747269,-105.857219,9696.8,2478.4,0.0,155,,,,False,-21.7
4273,35.747269,-105.857219,9696.8,2478.2,0.0,152,,,,False,-10.3
4275,35.747269,-105.857219,9696.8,2478.0,0.0,149,,,,False,-10.3
4277,35.747269,-105.857219,9696.8,2477.8,0.0,146,,,,False,-6.9
4279,35.747269,-105.857219,9696.8,2477.8,0.0,143,,,,False,-1.7
4280,35.747269,-105.857219,9696.8,2477.8,0.0,142,,,,False,7.8
4283,35.747269,-105.857219,9696.8,2477.6,0.0,138,,,,False,11.7
4285,35.747269,-105.857229,9697.1,2477.6,0.06,135,,,,False,15.5
4286,35.747265,-105.857233,9697.9,2477.6,0.183,132,,,,True,19.4
4287,35.747259,-105.857237,9698.7,2477.8,0.271,131,,,,True,19.4
4291,35.747237,-105.857255,9701.1,2478.6,0.64,132,,,,True,22.0
4294,35.747209,-105.857268,9704.5,2479.2,0.829,134,,,,True,22.2
4295,35.747205,-105.85727,9705.2,2479.4,0.813,138,,,,True,12.6
4298,35.747187,-105.857276,9707.1,2479.8,0.857,136,,,,True,14.0
4301,35.747174,-105.857288,9708.7,2480.0,0.583,135,,,,True,13.1
4309,35.747124,-105.857302,9713.8,2480.2,0.609,136,,,,True,9.5
4313,35.747115,-105.857311,9715.9,2480.8,0.6,137,,,,True,7.5
4318,35.747102,-105.857317,9717.6,2480.8,0.422,139,,,,True,6.1
4321,35.747086,-105.857319,9719.4,2480.8,0.438,141,,,,True,3.4
4323,35.747053,-105.857326,9723.1,2480.2,1.1,142,,,,True,4.3
4329,35.746957,-105.857343,9733.5,2481.4,1.763,143,,,,True,3.7
4332,35.74689,-105.857345,9741.0,2481.8,1.989,145,,,,True,5.9
4336,35.746795,-105.857309,9752.2,2482.0,2.671,147,,,,True,4.5
4341,35.746701,-105.857253,9763.7,2482.6,2.522,150,,,,True,6.2
4343,35.746667,-105.857227,9768.7,2483.0,2.357,149,,,,True,9.1
4348,35.746606,-105.857176,9776.7,2484.0,1.857,150,,,,True,12.7
4349,35.746595,-105.857163,9778.5,2484.4,1.633,150,,,,True,14.4
4352,35.746562,-105.85711,9784.2,2485.2,1.722,151,,,,True,16.9
4354,35.746535,-105.857088,9788.1,2485.8,1.92,152,,,,True,18.6
4356,35.746514,-105.857072,9790.9,2486.4,1.771,152,,,,True,12.3
4358,35.746515,-105.857075,9791.4,2486.8,1.2,153,,,,False,11.8
4361,35.746519,-105.857069,9792.3,2486.6,0.28,156,,,,False,18.2
4363,35.746516,-105.857065,9792.3,2486.2,0.18,157,,,,False,16.0
4368,35.746507,-105.857065,9794.4,2486.4,0.3,158,,,,True,18.7
4373,35.746501,-105.857054,9794.9,2486.8,0.26,156,,,,False,16.3
4380,35.746481,-105.857045,9796.9,2487.4,0.208,157,,,,False,22.8
4381,35.746476,-105.857041,9797.5,2487.6,0.325,157,,,,True,28.0
4386,35.746453,-105.857027,9800.6,2487.8,0.617,157,,,,True,25.7
4392,35.74643,-105.857016,9803.7,2488.8,0.564,158,,,,True,29.6
4393,35.746428,-105.857012,9804.0,2488.8,0.486,159,,,,False,32.1
4399,35.746443,-105.857007,9804.4,2489.2,0.1,159,,,,False,27.2
4407,35.746438,-105.857014,9805.0,2489.4,0.071,157,,,,False,24.7
4411,35.746438,-105.857014,9805.0,2489.8,0.05,155,,,,False,15.3
4414,35.746438,-105.857014,9805.0,2490.0,0.0,152,,,,False,14.3
4416,35.746438,-105.857014,9805.0,2490.0,0.0,150,,,,False,15.4
4419,35.746438,-105.857014,9805.0,2489.8,0.0,147,,,,False,12.4
4421,35.746438,-105.857014,9805.0,2489.6,0.0,144,,,,False,10.4
4424,35.746438,-105.857014,9805.0,2489.4,0.0,141,,,,False,6.8
4425,35.746438,-105.857014,9805.0,2489.4,0.0,140,,,,False,5.4
4429,35.746433,-105.857014,9805.0,2489.0,0.0,135,,,,False,8.1
4431,35.746402,-105.856996,9808.7,2489.2,0.617,132,,,,True,9.5
4433,35.746366,-105.856968,9813.6,2489.8,1.075,129,,,,True,11.4
4436,35.746321,-105.856937,9819.8,2490.8,2.22,131,,,,True,12.2
4440,35.746265,-105.85691,9826.1,2491.4,1.786,135,,,,True,11.0
4441,35.746238,-105.856912,9828.3,2491.6,1.7,137,,,,True,10.8
4442,35.746211,-105.856903,9831.7,2491.8,1.983,138,,,,True,10.7
4445,35.746156,-105.856907,9838.3,2492.8,2.44,143,,,,True,7.9
4446,35.746133,-105.856904,9841.0,2493.0,2.54,144,,,,True,6.9
4448,35.74609,-105.856897,9846.1,2493.0,2.4,147,,,,True,3.8
4451,35.746039,-105.856886,9851.9,2493.2,2.18,150,,,,True,5.9
4452,35.74602,-105.856887,9854.1,2493.4,2.183,150,,,,True,9.5
4456,35.745957,-105.85688,9861.4,2494.2,1.9,151,,,,True,13.6
4458,35.745922,-105.856865,9865.1,2494.8,1.833,151,,,,True,15.5
4459,35.745904,-105.856864,9866.6,2495.2,1.786,152,,,,True,19.3
4461,35.745867,-105.856871,9870.9,2496.0,1.9,153,,,,True,18.8
4462,35.745851,-105.856875,9872.8,2496.4,1.9,153,,,,True,17.9
4463,35.745834,-105.856879,9874.8,2496.8,1.94,153,,,,True,18.2
4466,35.74579,-105.856875,9880.0,2497.6,1.82,155,,,,True,17.2
4468,35.745762,-105.856877,9883.0,2498.2,1.64,159,,,,True,15.7
4469,35.745749,-105.856875,9884.4,2498.4,1.6,160,,,,True,16.5
4471,35.745722,-105.856877,9887.5,2498.8,1.5,163,,,,True,15.1
4474,35.745676,-105.856854,9893.3,2499.8,1.78,165,,,,True,15.1
4475,35.745659,-105.856848,9894.9,2500.0,1.75,166,,,,True,14.2
4479,35.745602,-105.856846,9901.6,2501.0,1.66,169,,,,True,8.9
4480,35.745588,-105.856845,9903.0,2501.0,1.62,170,,,,True,8.9
4486,35.745512,-105.85688,9911.2,2501.4,1.371,174,,,,True,6.5
4491,35.745446,-105.856911,9919.5,2502.2,1.5,175,,,,True,7.5
4493,35.74541,-105.856916,9923.1,2502.4,1.7,174,,,,True,8.6
4499,35.745328,-105.856932,9932.4,2503.2,1.612,173,,,,True,7.5
4504,35.745269,-105.856948,9939.1,2503.8,1.455,172,,,,True,5.5
4509,35.745256,-105.856943,9940.8,2503.8,0.84,171,,,,True,1.9
4515,35.74525,-105.856932,9941.2,2503.4,0.191,171,,,,False,-21.1
4522,35.745261,-105.856934,9942.7,2503.4,0.146,168,,,,False,-25.0
4526,35.745258,-105.856944,9942.9,2503.0,0.155,165,,,,False,-28.6
4529,35.745254,-105.856951,9942.9,2503.0,0.029,163,,,,False,-31.8
4532,35.745243,-105.85696,9942.9,2502.8,0.0,160,,,,False,-36.4
4534,35.745243,-105.856958,9943.1,2502.8,0.04,157,,,,False,-36.4
4536,35.745241,-105.856958,9943.3,2502.8,0.057,154,,,,False,-38.6
4538,35.745238,-105.856958,9943.3,2502.6,0.067,151,,,,False,-31.2
4541,35.745235,-105.856954,9943.5,2502.4,0.04,147,,,,False,-30.6
4544,35.745227,-105.856936,9943.5,2502.4,0.033,144,,,,False,-25.2
4546,35.745223,-105.856926,9943.5,2502.2,0.0,141,,,,False,-27.3
4547,35.74522,-105.856921,9943.5,2502.2,0.0,139,,,,False,-20.8
4551,35.745215,-105.856921,9943.5,2502.0,0.0,136,,,,False,-21.1
4554,35.745223,-105.856929,9944.6,2501.8,0.157,133,,,,True,-17.9
4555,35.745224,-105.856927,9944.6,2501.8,0.138,131,,,,False,-16.4
4558,35.745227,-105.856923,9944.8,2501.6,0.186,128,,,,False,-14.8
4563,35.745238,-105.856921,9945.0,2501.6,0.05,126,,,,False,-13.2
4572,35.745258,-105.856933,9946.8,2501.4,0.143,125,,,,False,-11.3
4575,35.745261,-105.856937,9947.5,2501.2,0.208,121,,,,False,-10.3
4577,35.745262,-105.856938,9947.6,2501.2,0.16,118,,,,False,-10.0
4580,35.745251,-105.856929,9949.4,2501.2,0.38,117,,,,True,-6.8
4585,35.745246,-105.856943,9951.8,2500.8,0.525,117,,,,True,-6.9
4590,35.745238,-105.85695,9952.3,2501.4,0.29,117,,,,False,-3.7
4599,35.745214,-105.856956,9954.1,2501.0,0.164,117,,,,False,-2.0
4610,35.745198,-105.856929,9954.3,2500.8,0.1,114,,,,False,4.7
4611,35.745203,-105.85693,9954.6,2500.8,0.042,114,,,,True,9.5
4616,35.745197,-105.856942,9956.6,2500.8,0.383,111,,,,True,14.6
4617,35.745193,-105.856945,9957.6,2501.0,0.5,111,,,,True,14.7
4618,35.745192,-105.856952,9958.2,2501.0,0.514,111,,,,True,10.5
4622,35.745159,-105.856988,9962.3,2501.8,0.94,112,,,,True,12.6
4624,35.745165,-105.856996,9962.3,2502.2,0.683,114,,,,False,14.5
4626,35.745168,-105.856993,9962.3,2502.4,0.512,115,,,,False,16.7
4631,35.745157,-105.856988,9963.6,2502.4,0.186,117,,,,False,21.4
4639,35.745157,-105.856987,9963.6,2502.0,0.1,116,,,,False,25.6
4641,35.745156,-105.856986,9963.6,2502.0,0.0,116,,,,False,20.8
4644,35.745115,-105.856994,9968.4,2502.8,0.96,117,,,,True,26.8
4646,35.745095,-105.856994,9970.7,2503.6,1.42,117,,,,True,24.7
4649,35.745058,-105.856993,9974.8,2505.0,1.28,118,,,,True,26.8
4652,35.745008,-105.856993,9979.8,2506.0,1.517,117,,,,True,25.2
4654,35.744991,-105.85699,9982.6,2506.6,1.56,119,,,,True,18.3
4657,35.744974,-105.857003,9984.2,2507.0,0.88,120,,,,True,15.9
4658,35.744963,-105.85701,9985.7,2507.0,0.983,121,,,,True,14.5
4659,35.744951,-105.857018,9987.0,2507.2,0.88,121,,,,True,11.0
4663,35.744895,-105.857033,9993.6,2508.2,1.58,122,,,,True,7.2
4665,35.744865,-105.857043,9996.9,2508.4,1.65,123,,,,True,7.2
4672,35.744746,-105.857067,10010.6,2508.8,1.889,125,,,,True,5.1
4676,35.744681,-105.857057,10017.5,2509.4,1.873,128,,,,True,6.1
4678,35.744644,-105.857059,10021.2,2509.6,1.767,129,,,,True,8.1
4683,35.744572,-105.857064,10029.6,2510.4,1.729,132,,,,True,7.7
4685,35.744545,-105.857083,10032.7,2510.6,1.643,136,,,,True,7.6
4687,35.744522,-105.857102,10035.8,2510.8,1.622,140,,,,True,6.8
4689,35.744496,-105.857131,10039.7,2511.0,1.683,146,,,,True,6.9
4690,35.744484,-105.857137,10041.3,2511.2,1.72,149,,,,True,8.0
4692,35.744462,-105.857145,10044.3,2511.4,1.7,151,,,,True,12.8
4693,35.744447,-105.857153,10045.8,2511.6,1.667,154,,,,True,12.8
4695,35.744427,-105.857172,10048.9,2512.0,1.52,157,,,,True,15.5
4697,35.744403,-105.857194,10052.2,2512.6,1.58,159,,,,True,13.4
4700,35.744376,-105.857195,10054.6,2513.0,1.14,159,,,,True,14.1
4704,35.744324,-105.857197,10060.7,2513.6,1.214,160,,,,True,13.3
4705,35.744311,-105.857205,10061.7,2513.8,1.42,160,,,,True,12.6
4710,35.74425,-105.857213,10068.7,2514.8,1.333,162,,,,True,13.7
4712,35.744229,-105.857211,10070.5,2515.0,1.257,164,,,,True,14.0
4717,35.744176,-105.857223,10076.8,2515.8,1.157,166,,,,True,11.8
4719,35.744155,-105.857229,10078.8,2516.2,1.186,166,,,,True,11.8
4721,35.744126,-105.857219,10082.3,2516.4,1.311,166,,,,True,12.5
4723,35.7441,-105.857224,10085.7,2516.8,1.483,166,,,,True,11.1
4724,35.74409,-105.857221,10086.7,2517.0,1.58,166,,,,True,11.1
4729,35.744067,-105.857223,10089.6,2517.4,0.65,165,,,,True,11.9
4735,35.744056,-105.857202,10092.1,2517.6,0.491,165,,,,True,12.0
4742,35.74403,-105.857187,10094.9,2517.8,0.408,164,,,,True,11.5
4743,35.744021,-105.857184,10095.8,2518.0,0.462,164,,,,True,12.8
4748,35.743987,-105.857187,10100.0,2518.6,0.85,163,,,,True,13.6
4752,35.743968,-105.857193,10101.8,2518.8,0.667,160,,,,True,7.2
4753,35.743959,-105.857197,10103.0,2519.0,0.6,160,,,,True,-5.6
4755,35.743954,-105.857203,10103.7,2519.0,0.529,160,,,,True,-6.2
4762,35.74394,-105.857221,10106.0,2518.6,0.333,159,,,,True,-9.4
4768,35.743931,-105.857222,10107.2,2518.2,0.269,156,,,,False,-12.8
4769,35.74393,-105.857222,10107.4,2518.2,0.2,155,,,,False,-17.6
4776,35.743934,-105.857212,10109.6,2518.0,0.3,153,,,,True,-18.9
4777,35.743935,-105.85721,10109.6,2517.8,0.275,153,,,,False,-18.9
4784,35.743915,-105.857204,10112.7,2517.4,0.388,155,,,,True,-17.8
4788,35.743915,-105.857197,10113.2,2517.2,0.327,147,,,,False,-16.5
4789,35.743919,-105.857195,10113.2,2517.2,0.1,144,,,,False,-16.5
4791,35.743925,-105.857188,10113.2,2517.2,0.071,141,,,,False,-16.5
4793,35.743931,-105.857186,10113.2,2517.2,0.0,137,,,,False,-16.5
4794,35.743933,-105.857183,10113.2,2517.2,0.0,136,,,,False,-9.5
4797,35.743939,-105.857197,10113.2,2517.2,0.0,133,,,,False,-7.4
4802,35.74395,-105.857203,10113.8,2517.2,0.075,131,,,,False,0.0
4809,35.743961,-105.857216,10114.5,2517.2,0.108,133,,,,False,0.0
4811,35.743964,-105.857206,10114.5,2517.2,0.078,136,,,,False,6.5
4814,35.743969,-105.857202,10114.5,2517.2,0.0,128,,,,False,6.5
4816,35.743973,-105.857199,10114.5,2517.2,0.0,125,,,,False,6.5
4818,35.743972,-105.857195,10114.5,2517.2,0.0,120,,,,False,6.8
4823,35.743968,-105.85718,10114.5,2517.2,0.0,116,,,,False,7.3
4825,35.743967,-105.857178,10114.5,2517.2,0.0,115,,,,False,7.3
4834,35.743968,-105.857185,10115.9,2517.2,0.127,115,,,,False,7.3
4840,35.74393,-105.857208,10120.8,2517.2,0.42,116,,,,True,10.7
4845,35.743886,-105.857211,10125.5,2518.0,0.873,118,,,,True,12.1
4850,35.74385,-105.857209,10129.4,2518.8,0.86,118,,,,True,19.4
4851,35.743839,-105.857207,10130.8,2519.0,0.883,118,,,,True,22.0
4853,35.743818,-105.857198,10133.2,2519.6,0.963,122,,,,True,19.2
4854,35.743812,-105.857189,10134.2,2519.8,0.967,127,,,,True,12.1
4855,35.743814,-105.857185,10134.6,2520.0,1.04,133,,,,True,13.3
4856,35.743813,-105.857186,10134.6,2520.0,0.76,135,,,,False,14.2
4859,35.743809,-105.857173,10135.9,2520.0,0.34,137,,,,True,13.6
4861,35.74379,-105.857141,10139.3,2520.0,0.94,138,,,,True,13.6
4862,35.743773,-105.857132,10141.4,2520.4,1.133,139,,,,True,15.1
4864,35.743745,-105.857127,10144.5,2521.2,1.72,139,,,,True,18.3
4866,35.743723,-105.857107,10147.8,2521.8,1.7,140,,,,True,17.0
4869,35.743684,-105.857076,10152.4,2522.4,1.58,139,,,,True,15.9
4871,35.743659,-105.857044,10156.7,2523.0,1.78,140,,,,True,15.7
4873,35.743655,-105.857018,10159.6,2523.6,1.686,141,,,,True,12.8
4874,35.743645,-105.85701,10160.5,2523.8,1.62,144,,,,True,12.4
4875,35.743631,-105.857001,10162.0,2524.0,1.6,146,,,,True,8.1
4879,35.743572,-105.856965,10169.6,2524.6,1.82,135,,,,True,5.9
4880,35.743554,-105.856955,10171.9,2524.6,1.98,129,,,,True,5.6
4881,35.743537,-105.856946,10174.0,2524.6,2.0,127,,,,True,5.5
4885,35.743446,-105.856947,10183.3,2525.2,2.28,127,,,,True,5.5
4889,35.743375,-105.856969,10191.6,2525.8,2.2,129,,,,True,6.7
4892,35.743326,-105.856996,10197.5,2526.0,2.029,130,,,,True,7.0
4898,35.743237,-105.857073,10209.9,2527.0,2.033,130,,,,True,9.2
4899,35.743223,-105.857083,10211.9,2527.2,2.057,130,,,,True,10.7
4902,35.743164,-105.857095,10217.8,2528.2,2.03,131,,,,True,13.3
4903,35.743151,-105.857105,10219.9,2528.4,2.0,136,,,,True,12.6
4904,35.743134,-105.857117,10221.9,2528.6,2.0,139,,,,True,9.5
4905,35.743114,-105.857123,10224.6,2528.8,2.117,139,,,,True,9.0
4907,35.743082,-105.857123,10228.3,2529.2,2.1,142,,,,True,10.0
4908,35.743072,-105.857117,10229.7,2529.2,1.96,146,,,,True,11.3
4909,35.743062,-105.857119,10231.0,2529.4,1.82,150,,,,True,11.9
4910,35.74305,-105.85712,10231.9,2529.6,1.46,154,,,,True,12.0
4912,35.74302,-105.857121,10235.2,2530.0,1.38,157,,,,True,15.7
4913,35.743005,-105.857125,10236.7,2530.2,1.4,159,,,,True,17.9
4914,35.742992,-105.857129,10238.3,2530.4,1.46,160,,,,True,17.6
4916,35.742967,-105.857139,10241.2,2531.0,1.55,163,,,,True,13.7
4918,35.742943,-105.857149,10243.1,2531.6,1.28,167,,,,True,13.8
4919,35.742925,-105.857152,10245.4,2531.8,1.42,167,,,,True,12.6
4924,35.742852,-105.857179,10254.2,2532.6,1.85,169,,,,True,10.8
4925,35.742841,-105.857187,10255.5,2532.8,1.683,169,,,,True,12.7
4931,35.742772,-105.857218,10263.5,2533.8,1.329,170,,,,True,10.3
4936,35.742739,-105.857223,10267.4,2534.6,1.082,171,,,,True,8.1
4943,35.742739,-105.857213,10267.8,2534.0,0.358,169,,,,False,-9.3
4949,35.742757,-105.857212,10267.8,2533.8,0.031,166,,,,False,-14.0
4952,35.742757,-105.857212,10267.8,2533.6,0.0,164,,,,False,-18.6
4955,35.742757,-105.857212,10267.8,2533.4,0.0,161,,,,False,5.7
4958,35.742757,-105.857212,10267.8,2533.2,0.0,158,,,,False,0.0
4960,35.742757,-105.857212,10267.8,2533.2,0.0,155,,,,False,3.7
4961,35.742757,-105.857212,10267.8,2533.2,0.0,154,,,,False,7.3
4963,35.742757,-105.857212,10267.8,2533.0,0.0,151,,,,False,11.0
4967,35.742732,-105.857256,10272.0,2533.0,0.7,149,,,,True,11.0
4972,35.742701,-105.857292,10277.6,2534.6,1.089,147,,,,True,12.3
4976,35.742688,-105.857292,10278.7,2534.4,0.744,151,,,,False,15.3
4978,35.742681,-105.857293,10279.2,2534.4,0.267,153,,,,False,13.3
4981,35.742634,-105.857288,10285.1,2535.0,1.28,155,,,,True,16.1
4982,35.742627,-105.857296,10286.0,2535.4,1.217,156,,,,True,16.3
4985,35.742586,-105.857312,10291.1,2536.4,1.7,156,,,,True,20.6
4987,35.742565,-105.857322,10293.9,2536.8,1.58,157,,,,True,13.3
4990,35.742524,-105.857324,10297.7,2537.6,1.32,156,,,,True,10.1
4994,35.742454,-105.857322,10305.5,2538.0,1.657,156,,,,True,9.8
4998,35.742394,-105.857314,10312.8,2538.6,1.887,156,,,,True,7.5
5000,35.742363,-105.857318,10316.3,2539.0,1.8,157,,,,True,8.9
5005,35.742295,-105.857349,10324.5,2539.6,1.671,160,,,,True,9.8
5006,35.742287,-105.857358,10325.7,2539.8,1.567,160,,,,True,9.7
5012,35.742218,-105.857428,10335.2,2540.8,1.529,161,,,,True,12.9
5013,35.7422,-105.857433,10337.0,2541.0,1.614,161,,,,True,12.2
5017,35.742147,-105.857445,10343.1,2542.0,1.58,163,,,,True,11.3
5019,35.742145,-105.857443,10343.8,2542.0,1.133,163,,,,True,12.0
5025,35.742104,-105.857477,10349.4,2542.4,0.787,163,,,,True,9.8
5026,35.742094,-105.857476,10350.3,2542.6,0.929,163,,,,True,9.7
5030,35.742068,-105.857476,10353.3,2543.0,0.78,162,,,,True,2.9
5031,35.742062,-105.857472,10354.1,2543.0,0.76,162,,,,True,5.3
5036,35.742057,-105.857473,10355.0,2543.0,0.283,162,,,,False,3.8
5042,35.742051,-105.857474,10356.4,2542.6,0.209,162,,,,False,6.9
5043,35.74204,-105.85747,10357.6,2542.6,0.371,161,,,,True,7.9
5045,35.742009,-105.857467,10360.8,2543.0,0.644,161,,,,True,15.6
5049,35.741952,-105.857451,10367.7,2544.0,1.683,161,,,,True,18.4
5051,35.741925,-105.857444,10370.5,2544.8,1.617,160,,,,True,20.0
5053,35.741923,-105.857437,10371.7,2545.2,1.363,160,,,,True,17.9
5054,35.741925,-105.857435,10371.8,2545.2,0.82,159,,,,False,7.9
5059,35.741913,-105.857439,10374.4,2545.2,0.45,159,,,,True,0.0
5063,35.7419,-105.857432,10375.5,2545.4,0.411,156,,,,False,-8.1
5068,35.741893,-105.857444,10376.3,2545.2,0.211,155,,,,False,-12.1
5075,35.741897,-105.857444,10380.3,2545.0,0.4,154,,,,True,-14.1
5079,35.741893,-105.85744,10380.4,2544.8,0.373,151,,,,False,-12.1
5084,35.741893,-105.85744,10380.4,2544.4,0.011,149,,,,False,-16.2
5086,35.741893,-105.85744,10380.4,2544.0,0.0,148,,,,False,-7.5
5092,35.741893,-105.85744,10380.4,2543.8,0.0,147,,,,False,-10.9
5095,35.741893,-105.85744,10380.4,2543.6,0.0,144,,,,False,-16.4
5098,35.741893,-105.85744,10380.4,2543.6,0.0,140,,,,False,0.0
5100,35.741893,-105.85744,10380.4,2543.4,0.0,137,,,,False,-6.6
5101,35.741893,-105.85744,10380.4,2543.4,0.0,136,,,,False,11.8
5103,35.741893,-105.85744,10380.4,2543.6,0.0,133,,,,False,14.7
5109,35.741893,-105.85744,10380.4,2543.6,0.0,132,,,,False,16.2
5116,35.741893,-105.85744,10380.4,2543.2,0.0,131,,,,False,14.7
5123,35.74184,-105.857444,10386.5,2543.6,0.436,130,,,,True,17.0
5127,35.74179,-105.857496,10394.0,2545.6,1.236,131,,,,True,21.4
5128,35.741785,-105.857506,10395.7,2546.2,1.84,130,,,,True,31.9
5129,35.741781,-105.85752,10397.2,2546.8,1.783,130,,,,True,44.1
5130,35.741785,-105.857537,10398.4,2547.4,1.7,130,,,,True,38.1
5131,35.741785,-105.857549,10399.1,2548.0,1.575,130,,,,True,35.1
5133,35.74177,-105.857567,10400.8,2548.6,1.02,131,,,,True,31.9
5134,35.74176,-105.857579,10402.1,2549.0,0.98,131,,,,True,29.7
5136,35.741744,-105.857604,10404.5,2549.6,1.08,132,,,,True,25.9
5138,35.741749,-105.857631,10407.1,2550.2,1.26,133,,,,True,25.5
5139,35.74175,-105.857641,10408.5,2550.4,1.28,133,,,,True,27.8
5141,35.741763,-105.857666,10410.7,2551.0,1.24,134,,,,True,19.4
5142,35.741769,-105.857674,10411.8,2551.4,1.217,135,,,,True,17.3
5144,35.741764,-105.857681,10412.9,2552.0,0.88,137,,,,True,19.8
5151,35.741755,-105.85771,10414.8,2551.6,0.333,139,,,,False,22.2
5152,35.741754,-105.857715,10415.0,2551.6,0.263,143,,,,False,19.8
5153,35.741751,-105.857716,10415.2,2551.6,0.256,147,,,,False,14.7
5154,35.741751,-105.85772,10415.2,2551.8,0.23,153,,,,False,12.3
5156,35.741751,-105.857714,10415.2,2551.8,0.08,159,,,,False,4.0
5157,35.741751,-105.857714,10415.2,2552.0,0.04,161,,,,False,7.4
5159,35.741748,-105.857715,10415.2,2552.0,0.0,166,,,,False,7.5
5160,35.741748,-105.857715,10415.2,2552.2,0.0,166,,,,False,5.8
5164,35.741772,-105.857724,10417.2,2552.2,0.4,165,,,,True,3.8
5168,35.741818,-105.857733,10422.1,2552.4,0.862,164,,,,True,1.9
5171,35.74182,-105.857737,10423.0,2552.4,0.829,163,,,,False,1.9
5178,35.741841,-105.857735,10425.6,2552.4,0.35,163,,,,True,9.6
5183,35.741868,-105.857731,10428.0,2552.4,0.417,162,,,,True,11.8
5188,35.741899,-105.857744,10432.5,2553.4,0.69,161,,,,True,11.5
5189,35.741903,-105.857746,10433.2,2553.6,0.867,161,,,,True,22.0
5195,35.741915,-105.857769,10436.0,2553.6,0.5,161,,,,True,24.7
5198,35.741927,-105.857784,10438.0,2554.6,0.533,161,,,,True,25.5
5202,35.741948,-105.857802,10441.2,2555.2,0.743,161,,,,True,22.9
5208,35.741955,-105.857802,10442.2,2555.8,0.42,161,,,,False,21.6
5209,35.74196,-105.857807,10442.7,2556.0,0.214,161,,,,True,18.2
5216,35.742,-105.857829,10447.2,2556.8,0.625,162,,,,True,13.7
5217,35.742009,-105.85783,10448.2,2556.8,0.688,162,,,,True,6.2
5226,35.742014,-105.857831,10448.9,2556.6,0.17,162,,,,False,6.0
5231,35.742033,-105.857842,10451.4,2556.6,0.229,159,,,,True,6.4
5233,35.742062,-105.857855,10455.0,2556.6,0.871,158,,,,True,9.6
5238,35.742141,-105.857883,10463.8,2557.8,1.771,156,,,,True,11.2
5240,35.742174,-105.85789,10467.7,2558.4,1.814,155,,,,True,12.7
5243,35.74222,-105.857896,10472.8,2559.0,1.8,156,,,,True,11.9
5246,35.742276,-105.857912,10478.7,2559.6,1.833,156,,,,True,11.8
5248,35.742316,-105.857928,10483.9,2560.2,2.22,156,,,,True,13.0
5252,35.742379,-105.857954,10491.4,2561.2,2.117,156,,,,True,14.8
5256,35.742447,-105.857975,10499.0,2562.4,1.888,158,,,,True,16.5
5258,35.74248,-105.857972,10503.0,2563.2,1.933,159,,,,True,16.4
5259,35.742496,-105.857976,10504.5,2563.6,1.871,160,,,,True,14.2
5264,35.742578,-105.858,10513.3,2564.8,1.717,160,,,,True,14.0
5269,35.74265,-105.858048,10523.0,2565.8,1.85,162,,,,True,13.6
5271,35.742675,-105.858066,10525.9,2566.4,1.8,163,,,,True,17.3
5273,35.742705,-105.858085,10529.5,2567.0,1.8,162,,,,True,19.5
5277,35.742718,-105.858101,10531.8,2568.0,0.983,165,,,,True,19.0
5278,35.742718,-105.858101,10531.8,2568.0,0.46,166,,,,False,19.8
5282,35.742728,-105.858135,10535.3,2568.2,0.7,168,,,,True,17.1
5286,35.74273,-105.858181,10539.6,2569.0,0.975,171,,,,True,17.1
5288,35.742722,-105.858196,10540.9,2569.6,0.933,172,,,,True,22.0
5292,35.742709,-105.858206,10542.3,2569.8,0.45,171,,,,True,9.3
5295,35.742694,-105.85822,10544.0,2569.8,0.443,171,,,,True,0.0
5298,35.742702,-105.858237,10544.4,2570.2,0.35,170,,,,False,13.2
5308,35.742701,-105.858242,10544.4,2569.8,0.031,169,,,,False,0.0
5313,35.742702,-105.858237,10546.1,2569.2,0.113,167,,,,True,2.2
5314,35.742702,-105.858237,10546.1,2569.0,0.283,166,,,,False,0.0
5318,35.742702,-105.858237,10546.1,2569.6,0.0,163,,,,False,4.4
5321,35.742696,-105.85822,10547.2,2570.0,0.157,161,,,,True,-2.0
5326,35.742694,-105.858209,10548.7,2569.2,0.325,158,,,,False,-6.9
5328,35.742694,-105.858209,10548.7,2569.0,0.214,159,,,,False,-9.8
5329,35.742694,-105.858209,10548.7,2569.0,0.188,158,,,,False,-9.4
5335,35.742694,-105.858209,10548.7,2569.2,0.0,156,,,,False,-7.1
5341,35.742694,-105.858209,10548.7,2569.0,0.0,151,,,,False,-4.2
5344,35.742694,-105.858209,10548.7,2569.0,0.0,148,,,,False,-4.3
5347,35.742694,-105.858209,10548.7,2569.2,0.0,146,,,,False,1.7
5350,35.742694,-105.858209,10548.7,2569.4,0.0,140,,,,False,-7.3
5353,35.742694,-105.858209,10548.7,2569.2,0.0,137,,,,False,2.1
5358,35.742682,-105.85822,10549.8,2568.8,0.137,134,,,,False,2.1
5361,35.742682,-105.858245,10552.5,2568.8,0.475,131,,,,True,4.1
5364,35.742682,-105.858245,10552.5,2569.4,0.45,129,,,,False,3.3
5370,35.742693,-105.858249,10552.5,2569.0,0.0,133,,,,False,3.3
5372,35.742696,-105.858253,10552.5,2569.2,0.0,134,,,,False,5.8
5373,35.742696,-105.858253,10552.5,2569.2,0.0,134,,,,False,4.8
5376,35.74265,-105.858286,10558.2,2569.2,0.95,130,,,,True,2.9
5382,35.742523,-105.858335,10573.2,2570.0,2.3,131,,,,True,1.2
5387,35.742401,-105.858367,10587.0,2570.2,2.618,132,,,,True,1.8
5392,35.742263,-105.858397,10603.3,2569.8,3.01,132,,,,True,0.5
5398,35.742173,-105.858416,10613.2,2570.2,2.382,129,,,,True,0.6
5399,35.742161,-105.858423,10614.9,2570.2,1.657,129,,,,True,1.3
5403,35.742133,-105.858433,10618.2,2570.4,1.0,127,,,,True,-1.4
5409,35.742139,-105.858439,10618.6,2570.0,0.37,127,,,,False,-1.2
5414,35.742059,-105.858474,10627.5,2570.0,0.845,124,,,,True,-3.2
5420,35.741899,-105.858545,10646.9,2569.8,2.573,124,,,,True,-2.5
5424,35.741763,-105.858586,10662.6,2569.0,3.51,124,,,,True,-4.5
5425,35.741727,-105.858588,10666.0,2568.8,3.82,124,,,,True,-3.8
5428,35.7416,-105.858613,10680.3,2567.6,4.175,125,,,,True,-1.9
5433,35.741437,-105.858699,10700.1,2567.8,4.263,127,,,,True,-1.6
5437,35.741315,-105.858715,10714.9,2568.0,3.844,126,,,,True,-1.5
5441,35.741179,-105.858702,10730.0,2567.8,3.737,126,,,,True,-2.7
5444,35.741024,-105.858701,10745.3,2566.6,4.343,125,,,,True,-3.8
5445,35.740969,-105.858698,10751.5,2566.4,4.575,125,,,,True,-3.8
5446,35.740921,-105.858672,10757.5,2566.4,5.5,125,,,,True,-2.3
5448,35.740873,-105.858586,10767.1,2566.4,5.3,124,,,,True,-2.5
5451,35.740826,-105.858455,10779.9,2565.8,4.48,124,,,,True,-3.5
5452,35.740792,-105.858458,10783.5,2565.6,4.333,124,,,,True,-4.8
5454,35.740716,-105.858441,10791.6,2565.2,4.083,124,,,,True,-6.7
5455,35.740679,-105.858423,10796.1,2565.0,4.143,123,,,,True,-6.7
5456,35.740633,-105.858411,10800.9,2564.4,4.2,123,,,,True,-7.6
5458,35.740552,-105.858362,10810.3,2563.8,4.467,124,,,,True,-8.0
5459,35.740514,-105.858325,10815.4,2563.4,4.76,126,,,,True,-7.9
5461,35.740455,-105.858326,10823.5,2562.8,4.52,129,,,,True,-8.1
5462,35.74045,-105.858363,10826.2,2562.4,4.217,130,,,,True,-9.1
5463,35.740433,-105.858407,10830.0,2562.2,3.94,130,,,,True,-8.9
5464,35.740399,-105.858454,10835.1,2561.6,3.94,130,,,,True,-9.0
5465,35.740353,-105.858503,10841.4,2561.2,4.333,130,,,,True,-10.0
5466,35.7403,-105.858546,10848.4,2560.4,4.98,130,,,,True,-10.0
5467,35.740239,-105.858592,10856.0,2559.6,5.96,129,,,,True,-10.8
5468,35.740182,-105.858619,10863.1,2558.8,6.62,129,,,,True,-9.4
5469,35.740127,-105.858636,10869.3,2558.2,6.84,129,,,,True,-9.2
5472,35.740005,-105.858669,10882.3,2557.2,5.26,129,,,,True,-9.3
5473,35.739986,-105.858708,10886.6,2556.8,4.7,129,,,,True,-8.9
5474,35.739992,-105.858769,10891.2,2556.2,4.38,130,,,,True,-8.5
5475,35.740006,-105.858818,10896.3,2555.8,4.5,131,,,,True,-4.6
5476,35.740017,-105.858871,10901.1,2555.6,4.543,131,,,,True,-2.5
5479,35.740036,-105.85905,10917.0,2555.4,5.16,131,,,,True,-1.9
5480,35.740027,-105.859113,10923.0,2555.4,5.34,131,,,,True,-2.6
5481,35.740006,-105.859167,10928.3,2555.2,5.44,130,,,,True,-4.2
5483,35.739966,-105.859285,10939.7,2554.6,5.514,130,,,,True,-6.3
5484,35.739947,-105.859346,10945.7,2554.2,5.74,130,,,,True,-5.7
5487,35.739887,-105.859548,10964.2,2552.8,5.983,130,,,,True,-5.0
5488,35.739849,-105.859595,10970.1,2552.8,6.08,130,,,,True,-3.4
5489,35.739806,-105.859623,10975.8,2552.8,6.02,130,,,,True,-1.5
5490,35.739763,-105.859627,10980.8,2553.0,5.85,131,,,,True,-3.1
5492,35.739674,-105.859589,10990.3,2552.4,5.22,130,,,,True,-4.7
5493,35.739623,-105.859576,10996.0,2552.0,5.18,130,,,,True,-7.1
5494,35.739576,-105.859567,11001.2,2551.6,5.08,130,,,,True,-6.4
5495,35.739533,-105.859552,11006.3,2551.2,5.1,129,,,,True,-4.6
5496,35.739475,-105.859539,11012.2,2551.0,5.233,129,,,,True,-2.9
5497,35.739422,-105.859542,11017.9,2551.0,5.52,129,,,,True,0.0
5499,35.739337,-105.859586,11028.6,2550.8,5.48,128,,,,True,-0.5
5503,35.739252,-105.859694,11042.7,2551.2,4.133,128,,,,True,-1.7
5505,35.739196,-105.859736,11050.0,2550.8,3.567,131,,,,True,-2.6
5506,35.739157,-105.859744,11054.1,2550.4,3.643,131,,,,True,-8.5
5507,35.739118,-105.859774,11059.1,2550.0,3.813,131,,,,True,-9.3
5508,35.739089,-105.859815,11064.0,2549.4,4.26,130,,,,True,-6.9
5509,35.739052,-105.859855,11069.3,2549.0,4.433,129,,,,True,-4.8
5512,35.738964,-105.859961,11083.1,2548.4,4.8,130,,,,True,-2.7
5515,35.738872,-105.86006,11096.8,2548.2,4.583,135,,,,True,-1.1
5516,35.738837,-105.860077,11101.0,2548.4,4.529,135,,,,True,-1.3
5517,35.738807,-105.860092,11105.0,2548.6,4.38,135,,,,True,-4.4
5519,35.73874,-105.860138,11113.1,2548.0,4.286,134,,,,True,-6.5
5521,35.738652,-105.860198,11124.0,2547.0,4.6,133,,,,True,-7.9
5524,35.738516,-105.860278,11140.9,2545.8,5.56,133,,,,True,-8.5
5526,35.738428,-105.860302,11150.7,2545.0,5.34,132,,,,True,-7.8
5527,35.73838,-105.860296,11155.7,2544.4,5.283,131,,,,True,-8.5
5529,35.738275,-105.860251,11167.5,2543.6,5.32,131,,,,True,-6.8
5530,35.738226,-105.860213,11173.8,2543.0,5.483,131,,,,True,-6.4
5533,35.738099,-105.860102,11191.8,2542.2,6.017,130,,,,True,-6.3
5534,35.73807,-105.860064,11196.4,2541.8,5.78,130,,,,True,-6.5
5536,35.738039,-105.859966,11205.3,2541.2,5.25,128,,,,True,-7.5
5537,35.738003,-105.859916,11211.0,2540.6,5.314,128,,,,True,-6.8
5538,35.737963,-105.859904,11215.7,2540.4,4.78,128,,,,True,2.1
5539,35.737923,-105.859908,11220.0,2540.2,4.72,128,,,,True,5.5
5543,35.737803,-105.859916,11233.4,2541.8,3.54,127,,,,True,5.3
5544,35.737774,-105.85991,11236.3,2542.0,3.26,127,,,,True,5.9
5548,35.737694,-105.859876,11245.9,2542.0,2.5,127,,,,True,1.5
5551,35.73769,-105.859879,11247.0,2541.8,1.529,132,,,,True,-1.4
5553,35.737684,-105.859878,11247.1,2542.0,0.24,134,,,,False,-2.7
5556,35.737654,-105.859869,11250.6,2541.8,0.72,134,,,,True,-1.4
5558,35.737643,-105.859858,11252.8,2541.8,1.14,134,,,,True,-3.5
5561,35.737579,-105.859806,11260.8,2541.6,2.04,134,,,,True,-4.8
5562,35.737548,-105.859802,11264.2,2541.4,2.267,134,,,,True,-6.2
5565,35.737445,-105.859778,11275.7,2540.6,3.271,134,,,,True,-8.1
5567,35.737358,-105.859744,11285.3,2539.8,4.22,133,,,,True,-8.2
5568,35.737325,-105.859707,11290.3,2539.2,4.35,133,,,,True,-9.5
5572,35.737249,-105.859603,11303.3,2538.2,3.6,131,,,,True,-10.1
5573,35.737228,-105.859606,11305.3,2537.8,3.0,130,,,,True,-9.6
5575,35.737194,-105.859632,11309.0,2537.4,2.671,129,,,,True,-10.3
5577,35.737167,-105.85965,11313.2,2537.0,1.98,123,,,,True,-11.7
5578,35.737154,-105.859657,11314.9,2537.0,1.92,119,,,,True,-16.1
5580,35.737138,-105.859667,11317.3,2536.4,1.66,116,,,,True,-19.0
5582,35.737111,-105.859681,11320.2,2535.6,1.4,114,,,,True,-16.4
5584,35.737036,-105.859689,11326.9,2534.4,2.0,113,,,,True,-14.4
5586,35.736939,-105.859676,11336.8,2533.4,3.25,113,,,,True,-13.1
5588,35.736889,-105.859708,11343.6,2532.6,3.9,113,,,,True,-8.7
5589,35.736894,-105.859744,11346.1,2532.2,3.84,113,,,,True,0.0
5591,35.73692,-105.859769,11349.8,2532.4,2.6,113,,,,True,8.7
5594,35.736953,-105.859821,11355.4,2533.4,1.86,113,,,,True,12.4
5596,35.73698,-105.859858,11359.7,2534.0,1.98,112,,,,True,15.0
5598,35.737003,-105.859895,11363.9,2534.4,2.014,112,,,,True,15.3
5601,35.737017,-105.859923,11367.1,2535.0,1.48,112,,,,True,13.1
5606,35.737036,-105.859945,11369.8,2535.6,0.737,111,,,,True,2.0
5608,35.737039,-105.859949,11370.4,2535.4,0.471,111,,,,True,-1.2
5615,35.737048,-105.859975,11373.5,2535.2,0.411,112,,,,True,0.7
5619,35.737116,-105.860056,11384.0,2534.8,1.236,112,,,,True,0.6
5625,35.737192,-105.860182,11398.1,2535.8,2.46,113,,,,True,1.1
5628,35.737229,-105.860256,11406.1,2535.6,2.456,116,,,,True,3.6
5630,35.737252,-105.860295,11410.4,2535.6,2.46,124,,,,True,0.0
5631,35.737262,-105.860308,11412.0,2535.8,2.317,128,,,,True,2.0
5632,35.73727,-105.860324,11413.8,2535.8,2.243,131,,,,True,0.0
5634,35.737285,-105.860348,11416.2,2535.8,1.683,135,,,,True,0.0
5636,35.737285,-105.86036,11417.4,2535.8,1.08,139,,,,True,-1.4
5640,35.737285,-105.86036,11417.4,2535.6,0.2,143,,,,False,-1.8
5643,35.737297,-105.860388,11420.5,2535.6,0.443,146,,,,True,-3.1
5649,35.737324,-105.860433,11425.8,2535.6,0.933,149,,,,True,-1.5
5651,35.737332,-105.860448,11427.3,2535.6,0.85,152,,,,True,-3.4
5654,35.737344,-105.860479,11430.5,2535.4,0.94,154,,,,True,-4.2
5658,35.737385,-105.860551,11438.1,2535.0,1.543,153,,,,True,-4.5
5663,35.737373,-105.860672,11449.5,2534.6,2.111,153,,,,True,-2.9
5665,35.737359,-105.860724,11454.0,2534.4,2.271,153,,,,True,-4.1
5669,35.737313,-105.860834,11465.3,2534.4,2.633,152,,,,True,-5.0
5672,35.737242,-105.860933,11476.9,2533.4,3.271,153,,,,True,-6.8
5673,35.737208,-105.860964,11481.6,2533.0,3.45,153,,,,True,-9.8
5674,35.737171,-105.860996,11486.4,2532.2,4.22,153,,,,True,-7.1
5675,35.737127,-105.861015,11491.8,2531.8,4.417,153,,,,True,-5.2
5677,35.737059,-105.861036,11499.5,2531.8,4.52,153,,,,True,-1.3
5679,35.736972,-105.861055,11508.7,2531.6,4.46,152,,,,True,-1.1
5681,35.736904,-105.861036,11517.1,2531.8,4.217,152,,,,True,-2.3
5684,35.736806,-105.860976,11528.9,2531.4,4.04,151,,,,True,-3.3
5685,35.736767,-105.860948,11533.9,2531.0,4.2,151,,,,True,-5.5
5686,35.736724,-105.86093,11539.1,2530.6,4.4,151,,,,True,-6.6
5688,35.736622,-105.860897,11549.8,2530.0,4.671,151,,,,True,-6.3
5689,35.73657,-105.860924,11556.0,2529.6,5.42,150,,,,True,-6.2
5690,35.736524,-105.86096,11562.3,2529.2,5.68,150,,,,True,-5.0
5691,35.736478,-105.860992,11568.3,2528.8,5.84,150,,,,True,-3.4
5694,35.736339,-105.861098,11585.8,2528.2,5.96,149,,,,True,-3.1
5696,35.736247,-105.861123,11596.6,2528.2,5.66,149,,,,True,-2.6
5697,35.736203,-105.861103,11601.2,2528.0,5.483,150,,,,True,-3.8
5698,35.736163,-105.861062,11606.8,2527.8,5.5,149,,,,True,-4.7
5700,35.736069,-105.861025,11617.0,2527.0,5.2,149,,,,True,-1.1
5702,35.736002,-105.861084,11626.7,2526.8,5.1,149,,,,True,-1.0
5705,35.735899,-105.861134,11638.8,2527.6,4.36,149,,,,True,-0.5
5707,35.735823,-105.861151,11647.4,2527.4,4.14,148,,,,True,-1.2
5710,35.73573,-105.861147,11657.9,2526.8,3.82,146,,,,True,-6.4
5711,35.735697,-105.861131,11661.2,2526.4,3.733,146,,,,True,-8.8
5713,35.735612,-105.861114,11670.2,2525.6,3.8,144,,,,True,-10.8
5714,35.735578,-105.861142,11674.6,2525.0,3.886,144,,,,True,-10.4
5715,35.735568,-105.861182,11678.3,2524.6,4.08,143,,,,True,-10.9
5716,35.735561,-105.861229,11682.3,2524.2,4.22,144,,,,True,-8.8
5718,35.735559,-105.861345,11692.3,2523.2,4.42,140,,,,True,-7.6
5719,35.735562,-105.861397,11697.4,2523.0,4.56,140,,,,True,-6.8
5722,35.735521,-105.861531,11710.0,2522.2,4.617,139,,,,True,-5.0
5723,35.735492,-105.861572,11714.7,2522.0,4.48,138,,,,True,-6.5
5724,35.735451,-105.8616,11720.3,2521.8,4.58,138,,,,True,-8.1
5726,35.735351,-105.861625,11731.2,2520.8,4.829,138,,,,True,-8.6
5727,35.735301,-105.861652,11737.0,2520.0,5.4,137,,,,True,-9.5
5728,35.735266,-105.861695,11742.6,2519.6,5.58,137,,,,True,-10.3
5729,35.735234,-105.861736,11747.8,2519.2,5.5,137,,,,True,-6.8
5730,35.7352,-105.861769,11752.6,2518.6,5.383,137,,,,True,-5.5
5733,35.735121,-105.861834,11763.3,2518.2,4.14,136,,,,True,-4.6
5737,35.73505,-105.861867,11771.5,2518.0,2.7,133,,,,True,-3.8
5738,35.735028,-105.861869,11774.1,2518.0,2.16,132,,,,True,-6.3
5740,35.734989,-105.861873,11778.8,2517.6,2.214,131,,,,True,-9.6
5744,35.734895,-105.861889,11788.5,2516.6,2.4,130,,,,True,-11.9
5747,35.734805,-105.861874,11798.5,2515.4,2.814,130,,,,True,-12.3
5749,35.734771,-105.861865,11802.7,2514.6,2.84,130,,,,True,-11.7
5750,35.73475,-105.861859,11804.8,2514.4,2.717,130,,,,True,-14.5
5754,35.734697,-105.861809,11812.4,2513.8,1.94,128,,,,True,-13.9
5758,35.734692,-105.861812,11813.7,2513.2,1.113,128,,,,True,-14.3
5764,35.734692,-105.861801,11814.2,2513.0,0.18,128,,,,False,-16.9
5765,35.734677,-105.861789,11816.0,2512.8,0.329,128,,,,True,-33.9
5769,35.734668,-105.861774,11818.3,2512.8,0.82,128,,,,True,-44.1
5771,35.734668,-105.861774,11818.3,2512.8,0.383,131,,,,False,-27.2
5775,35.734668,-105.861774,11818.3,2512.2,0.0,133,,,,False,-25.0
5778,35.734668,-105.861774,11818.3,2511.8,0.0,137,,,,False,-25.2
5783,35.734668,-105.861774,11818.3,2511.2,0.0,136,,,,False,-21.3
5785,35.734668,-105.861774,11818.3,2511.2,0.0,136,,,,False,-21.3
5790,35.734668,-105.861774,11818.3,2510.6,0.0,136,,,,False,-16.2
5795,35.734642,-105.861715,11824.9,2510.4,0.66,135,,,,True,-13.2
5796,35.734627,-105.861695,11827.1,2510.0,1.467,135,,,,True,-10.6
5799,35.734574,-105.861586,11838.0,2508.6,2.189,135,,,,True,-11.0
5800,35.734563,-105.861531,11842.9,2508.0,3.6,136,,,,True,-9.6
5802,35.734514,-105.861486,11850.4,2507.6,3.883,136,,,,True,-6.9
5803,35.734476,-105.861515,11854.3,2507.4,3.886,136,,,,True,-6.6
5804,35.734444,-105.861538,11858.3,2507.2,4.06,136,,,,True,-8.9
5806,35.734378,-105.861598,11867.3,2506.4,4.067,136,,,,True,-9.5
5808,35.734302,-105.861662,11877.4,2505.2,4.62,136,,,,True,-10.3
5809,35.734267,-105.86168,11881.7,2504.8,4.68,135,,,,True,-11.9
5811,35.734223,-105.861703,11887.5,2504.2,4.04,136,,,,True,-13.3
5813,35.734191,-105.861712,11890.8,2503.6,2.68,134,,,,True,-13.9
5815,35.734132,-105.861692,11897.0,2502.6,2.55,129,,,,True,-14.4
5816,35.734091,-105.861662,11901.8,2502.0,2.86,127,,,,True,-10.6
5817,35.734056,-105.861629,11906.9,2501.4,3.233,126,,,,True,-9.0
5820,35.733954,-105.86154,11921.1,2500.4,4.82,126,,,,True,-9.2
5823,35.733858,-105.861438,11934.7,2499.2,4.633,126,,,,True,-9.1
5825,35.733788,-105.861389,11943.0,2498.2,4.38,126,,,,True,-10.6
5826,35.73376,-105.861372,11946.6,2497.8,4.25,125,,,,True,-9.1
5828,35.733724,-105.861411,11951.2,2497.2,3.3,126,,,,True,-3.7
5831,35.733733,-105.861516,11961.1,2496.8,2.9,126,,,,True,-2.8
5835,35.733742,-105.861545,11964.5,2497.4,1.9,126,,,,True,0.9
5839,35.733751,-105.861585,11968.0,2497.2,0.862,126,,,,True,2.7
5843,35.733751,-105.86165,11974.2,2497.4,1.213,126,,,,True,-4.8
5844,35.733754,-105.861665,11975.8,2497.2,1.56,126,,,,True,1.8
5847,35.733762,-105.861673,11976.9,2496.8,1.112,129,,,,True,-2.4
5848,35.733758,-105.861682,11977.6,2496.8,0.68,128,,,,True,1.2
5854,35.733767,-105.861701,11979.4,2497.4,0.357,128,,,,False,5.7
5859,35.733769,-105.861732,11982.6,2497.2,0.455,127,,,,True,4.0
5863,35.733766,-105.861825,11990.9,2497.6,1.278,127,,,,True,2.3
5867,35.733761,-105.861953,12002.5,2497.8,2.487,128,,,,True,3.1
5868,35.733754,-105.861987,12005.7,2498.0,2.96,128,,,,True,2.6
5871,35.733762,-105.862098,12015.3,2498.2,3.05,130,,,,True,1.8
5876,35.733804,-105.86225,12029.8,2498.6,3.012,132,,,,True,0.4
5881,35.73388,-105.862429,12048.0,2498.6,3.27,133,,,,True,-0.4
5883,35.733916,-105.862506,12056.0,2498.2,3.743,130,,,,True,-2.5
5886,35.733942,-105.86259,12064.2,2498.0,3.24,129,,,,True,-6.5
5888,35.733916,-105.862645,12069.1,2497.6,2.62,129,,,,True,-8.7
5889,35.733889,-105.862669,12072.8,2497.0,2.8,129,,,,True,-13.0
5890,35.733852,-105.862686,12076.8,2496.4,2.971,128,,,,True,-13.4
5892,35.733776,-105.862712,12085.7,2495.2,3.583,130,,,,True,-11.4
5893,35.733741,-105.862729,12090.0,2494.8,4.18,131,,,,True,-10.9
5895,35.73366,-105.862755,12099.2,2494.0,4.48,132,,,,True,-10.0
5897,35.733561,-105.86278,12109.8,2492.8,4.82,133,,,,True,-9.1
5898,35.733509,-105.862789,12115.6,2492.2,5.12,133,,,,True,-8.4
5900,35.733429,-105.862817,12125.3,2491.6,5.22,134,,,,True,-6.6
5902,35.73334,-105.862835,12135.1,2491.0,5.06,135,,,,True,-6.6
5904,35.733239,-105.862851,12146.3,2490.4,5.117,135,,,,True,-7.3
5905,35.733187,-105.862851,12152.0,2489.8,5.34,135,,,,True,-6.9
5906,35.733129,-105.862852,12158.1,2489.2,5.467,136,,,,True,-5.0
5907,35.733079,-105.86285,12163.9,2489.0,5.76,135,,,,True,-4.3
5912,35.732883,-105.862852,12186.0,2488.4,4.65,132,,,,True,-3.7
5913,35.732854,-105.862846,12189.3,2488.2,4.233,132,,,,True,-4.5
5915,35.732795,-105.862817,12195.8,2487.8,3.987,132,,,,True,-7.8
5917,35.732715,-105.862788,12204.3,2487.2,3.66,129,,,,True,-8.1
5919,35.732697,-105.86287,12211.6,2486.4,3.717,128,,,,True,-8.4
5920,35.732691,-105.862926,12216.5,2486.0,4.14,128,,,,True,-8.0
5922,35.732696,-105.863036,12226.6,2485.2,4.46,128,,,,True,-7.4
5923,35.732689,-105.863092,12231.7,2485.0,4.567,128,,,,True,-5.7
5924,35.732675,-105.86314,12236.0,2484.6,4.88,128,,,,True,-5.5
5926,35.73262,-105.863201,12244.7,2484.4,4.7,128,,,,True,-5.9
5927,35.732585,-105.863211,12248.5,2484.0,4.38,128,,,,True,-4.9
5928,35.732557,-105.863224,12252.1,2483.8,4.08,129,,,,True,-9.5
5929,35.732519,-105.863248,12256.3,2483.6,4.06,128,,,,True,-11.2
5930,35.732475,-105.863279,12261.5,2482.8,4.25,128,,,,True,-13.7
5931,35.732419,-105.863313,12268.1,2481.8,4.68,129,,,,True,-14.9
5932,35.732377,-105.86335,12274.0,2480.8,5.1,128,,,,True,-10.7
5934,35.732303,-105.863417,12284.4,2479.4,5.62,128,,,,True,-9.0
5939,35.732215,-105.863499,12296.9,2479.0,3.271,127,,,,True,-7.8
5945,35.732215,-105.863499,12296.9,2479.2,1.136,127,,,,False,-4.0
5953,35.732206,-105.863509,12297.0,2479.0,0.007,126,,,,False,-12.0
5959,35.732199,-105.863524,12299.5,2478.8,0.186,126,,,,True,-8.5
5964,35.732194,-105.863528,12301.8,2478.8,0.436,128,,,,True,-9.4
5970,35.7322,-105.863525,12301.9,2478.4,0.218,128,,,,False,-9.5
5972,35.7322,-105.863525,12301.9,2478.2,0.013,128,,,,False,-11.6
5974,35.732185,-105.863519,12304.0,2478.4,0.22,128,,,,True,-7.5
5977,35.73209,-105.863496,12313.9,2477.4,2.4,129,,,,True,-7.4
5978,35.732054,-105.863498,12317.8,2477.2,2.65,129,,,,True,-9.1
5982,35.731907,-105.86349,12334.3,2475.8,4.08,131,,,,True,-9.2
5983,35.731865,-105.863471,12339.1,2475.2,4.26,131,,,,True,-11.1
5984,35.731818,-105.863449,12344.5,2474.6,4.45,131,,,,True,-12.6
5986,35.73172,-105.863405,12355.5,2473.0,4.713,131,,,,True,-13.1
5988,35.731622,-105.863378,12366.1,2471.8,5.4,130,,,,True,-10.0
5989,35.731605,-105.863414,12369.6,2471.2,5.02,130,,,,True,-3.6
5992,35.731592,-105.863513,12378.6,2471.2,3.85,130,,,,True,-3.4
5997,35.731575,-105.863676,12394.0,2471.6,3.05,128,,,,True,-4.3
6000,35.73158,-105.863819,12406.7,2470.4,3.513,129,,,,True,-7.6
6001,35.73158,-105.863868,12411.0,2469.4,3.6,128,,,,True,-14.6
6002,35.731572,-105.863914,12415.3,2468.4,4.26,127,,,,True,-18.0
6004,35.731537,-105.863987,12422.8,2467.4,4.114,125,,,,True,-14.9
6005,35.731504,-105.864011,12426.7,2466.8,4.0,120,,,,True,-11.6
6006,35.731468,-105.864033,12431.2,2466.4,4.04,116,,,,True,-10.7
6007,35.731429,-105.864059,12436.0,2466.0,4.14,115,,,,True,-10.6
6009,35.731336,-105.864107,12447.0,2464.8,4.84,114,,,,True,-11.6
6010,35.731285,-105.864125,12453.1,2464.0,5.28,114,,,,True,-12.1
6011,35.731235,-105.864144,12458.8,2463.2,5.52,113,,,,True,-12.3
6013,35.73115,-105.864183,12469.0,2462.0,5.5,114,,,,True,-12.0
6016,35.731042,-105.864223,12481.2,2460.6,4.48,114,,,,True,-11.8
6019,35.730966,-105.864221,12489.8,2459.6,3.467,114,,,,True,-11.0
6021,35.730898,-105.864177,12497.7,2458.6,3.3,115,,,,True,-10.0
6022,35.73087,-105.864148,12501.7,2458.4,3.417,115,,,,True,-10.0
6025,35.730768,-105.864137,12513.1,2457.4,3.883,116,,,,True,-13.1
6026,35.730751,-105.864159,12515.8,2457.0,3.62,115,,,,True,-16.8
6028,35.730747,-105.864153,12516.0,2456.2,2.383,114,,,,False,-18.9
6029,35.730747,-105.864153,12516.0,2456.0,2.043,114,,,,False,-19.1
6032,35.730716,-105.864229,12523.7,2455.4,1.317,113,,,,True,-16.6
6033,35.730706,-105.864267,12527.3,2454.8,2.26,113,,,,True,-15.3
6035,35.73067,-105.864338,12535.3,2453.0,3.217,112,,,,True,-19.7
6036,35.730636,-105.864355,12539.5,2452.4,3.357,112,,,,True,-21.1
6037,35.730595,-105.86437,12544.0,2451.4,4.06,112,,,,True,-18.5
6038,35.730548,-105.864384,12549.1,2450.2,4.36,112,,,,True,-18.5
6040,35.730443,-105.864424,12561.2,2448.2,5.18,112,,,,True,-17.9
6041,35.730387,-105.864444,12567.6,2447.2,5.62,112,,,,True,-16.2
6042,35.730329,-105.864463,12574.1,2446.0,6.02,113,,,,True,-15.2
6044,35.730224,-105.864496,12586.2,2444.2,6.183,114,,,,True,-14.6
6046,35.730122,-105.864531,12598.1,2442.6,6.1,114,,,,True,-13.4
6047,35.730074,-105.864532,12603.2,2442.0,5.82,114,,,,True,-12.2
6048,35.730027,-105.864522,12608.4,2441.4,5.717,114,,,,True,-12.3
6050,35.729945,-105.864522,12617.3,2440.4,5.183,114,,,,True,-14.0
6051,35.729895,-105.864512,12622.4,2439.6,4.86,114,,,,True,-15.9
6052,35.729848,-105.864502,12627.4,2438.6,4.84,114,,,,True,-18.7
6053,35.729808,-105.864471,12632.3,2437.6,4.78,114,,,,True,-20.2
6054,35.72977,-105.864473,12636.5,2436.8,4.683,115,,,,True,-19.9
6055,35.729755,-105.864491,12639.2,2436.2,4.38,115,,,,True,-14.8
6057,35.729748,-105.864544,12643.5,2435.4,3.22,115,,,,True,-11.1
6059,35.729754,-105.864622,12649.9,2435.0,2.68,116,,,,True,-10.0
6061,35.729742,-105.864716,12658.1,2434.4,3.15,116,,,,True,-8.8
6062,35.729706,-105.864751,12663.1,2433.8,3.92,115,,,,True,-10.4
6063,35.729665,-105.864788,12668.4,2433.2,4.15,116,,,,True,-13.5
6064,35.729618,-105.86483,12674.9,2432.4,5.0,116,,,,True,-14.0
6066,35.729525,-105.8649,12687.7,2430.4,5.92,117,,,,True,-14.1
6068,35.729427,-105.86494,12698.7,2428.8,6.06,117,,,,True,-13.9
6070,35.729312,-105.864949,12711.0,2427.2,6.017,116,,,,True,-12.6
6071,35.729257,-105.864953,12716.7,2426.6,5.8,116,,,,True,-12.6
6072,35.72921,-105.864962,12722.6,2426.0,5.817,116,,,,True,-11.9
6074,35.729126,-105.864969,12732.0,2424.6,5.55,116,,,,True,-12.0
6075,35.729084,-105.864953,12736.3,2424.2,5.06,115,,,,True,-14.3
6077,35.72899,-105.864937,12746.8,2423.0,4.84,114,,,,True,-14.8
6079,35.728912,-105.86495,12756.1,2421.2,4.82,113,,,,True,-16.6
6080,35.728873,-105.864946,12760.4,2420.4,4.82,113,,,,True,-18.9
6081,35.728843,-105.864946,12764.0,2419.6,4.617,113,,,,True,-17.4
6083,35.72877,-105.864945,12771.1,2418.4,4.05,113,,,,True,-18.9
6084,35.728745,-105.864944,12774.5,2418.0,3.68,113,,,,True,-18.2
6085,35.72872,-105.86494,12777.3,2417.2,3.38,112,,,,True,-19.9
6087,35.728674,-105.864912,12782.7,2416.2,3.117,113,,,,True,-22.9
6089,35.728618,-105.864903,12788.2,2415.0,2.74,114,,,,True,-22.3
6091,35.728584,-105.864962,12793.7,2413.6,2.733,114,,,,True,-23.2
6092,35.728577,-105.865001,12797.0,2412.8,2.86,115,,,,True,-24.0
6093,35.72858,-105.865039,12800.8,2412.0,3.017,115,,,,True,-21.9
6095,35.728622,-105.865123,12809.0,2410.0,3.467,116,,,,True,-19.4
6096,35.728646,-105.865171,12813.8,2409.2,4.02,117,,,,True,-18.9
6097,35.728666,-105.865221,12818.7,2408.6,4.34,117,,,,True,-16.6
6099,35.728702,-105.865305,12827.3,2407.0,4.417,118,,,,True,-15.8
6101,35.728715,-105.865346,12831.9,2406.2,3.62,118,,,,True,-15.1
6103,35.728716,-105.865368,12834.1,2406.0,2.567,120,,,,True,-13.3
6105,35.728711,-105.865405,12837.3,2405.8,1.667,121,,,,True,-13.1
6106,35.728719,-105.865424,12839.3,2405.4,1.48,121,,,,True,-13.4
6108,35.728741,-105.865472,12844.1,2404.6,2.0,121,,,,True,-14.8
6110,35.728735,-105.865523,12849.0,2404.0,2.34,121,,,,True,-14.6
6111,35.728721,-105.865557,12852.2,2403.6,2.58,121,,,,True,-14.0
6113,35.728696,-105.865643,12859.8,2402.4,3.14,122,,,,True,-14.9
6114,35.7287,-105.865693,12864.1,2401.8,3.333,122,,,,True,-14.5
6115,35.728697,-105.865731,12867.8,2401.2,3.76,123,,,,True,-8.0
6118,35.728721,-105.86581,12875.6,2400.2,3.16,124,,,,True,-6.4
6124,35.728758,-105.865931,12887.4,2400.2,2.178,126,,,,True,-6.4
6125,35.728758,-105.865953,12889.2,2400.2,1.943,126,,,,True,-5.0
6128,35.728746,-105.865989,12892.7,2399.6,1.71,127,,,,True,-12.2
6133,35.728757,-105.866001,12895.6,2399.2,0.8,125,,,,True,-15.6
6134,35.728758,-105.865999,12895.6,2399.2,0.483,126,,,,False,-13.8
