t,lat,lng,distance_m,altitude_m,velocity_ms,heartrate,cadence,watts,temp_c,moving,grade_pct
0,32.941318,-117.154038,0.0,83.4,0.0,80,0,0,,False,-11.9
1,32.941314,-117.154045,0.9,83.2,0.9,80,0,0,,True,-10.8
2,32.941298,-117.154052,2.7,82.8,1.35,80,0,0,,True,-7.4
3,32.941263,-117.154069,6.7,82.6,2.233,79,0,0,,True,-6.3
4,32.941242,-117.154081,9.3,82.4,2.325,80,0,0,,True,-2.8
5,32.941209,-117.154102,13.5,82.4,2.7,80,0,0,,True,0.0
6,32.94118,-117.154123,16.9,82.4,3.2,81,0,0,,True,2.9
7,32.941159,-117.154139,20.2,82.6,3.5,82,81,363,,True,3.2
8,32.941135,-117.154159,23.1,82.8,3.28,83,82,369,,True,1.7
9,32.941111,-117.154172,25.9,82.8,3.32,84,81,355,,True,0.0
10,32.941084,-117.154164,28.8,82.6,3.06,84,82,308,,True,-1.5
11,32.941048,-117.15415,32.4,82.6,3.1,85,81,285,,True,-1.4
12,32.941016,-117.154143,36.1,82.6,3.18,87,81,283,,True,-1.3
13,32.940988,-117.154138,39.7,82.6,3.32,88,81,306,,True,-1.4
14,32.94095,-117.154131,43.9,82.4,3.6,89,80,329,,True,-2.8
15,32.940923,-117.154123,47.2,82.4,3.68,90,80,337,,True,-5.7
16,32.940897,-117.15412,50.3,82.2,3.58,91,80,350,,True,-7.5
17,32.940863,-117.154119,53.8,81.8,3.54,92,80,339,,True,-10.9
18,32.940832,-117.154117,57.2,81.4,3.5,93,80,315,,True,-10.6
19,32.940807,-117.154117,60.1,81.0,3.24,94,78,312,,True,-10.4
20,32.940771,-117.154117,63.5,80.8,3.26,96,78,309,,True,-9.0
21,32.940741,-117.154114,67.2,80.4,3.38,97,78,302,,True,-7.0
22,32.940714,-117.154112,70.5,80.2,3.34,99,79,300,,True,-5.8
23,32.940678,-117.154098,74.3,80.0,3.42,100,80,298,,True,-3.0
24,32.940656,-117.154094,77.2,80.0,3.42,101,80,295,,True,-1.4
25,32.940626,-117.154079,80.6,80.0,3.42,103,80,293,,True,0.0
26,32.940591,-117.154062,84.5,80.0,3.46,104,80,289,,True,0.0
27,32.940563,-117.154053,88.0,80.0,3.5,106,81,284,,True,0.0
28,32.940533,-117.154039,91.7,80.0,3.48,107,81,282,,True,0.0
29,32.9405,-117.15404,95.1,80.0,3.58,108,82,281,,True,-1.5
30,32.940473,-117.154045,98.2,80.0,3.52,109,82,281,,True,-1.5
31,32.94044,-117.154051,101.6,79.8,3.42,110,82,283,,True,-1.6
32,32.940414,-117.154054,104.8,79.8,3.36,111,81,280,,True,0.0
33,32.940392,-117.154063,107.6,79.8,3.18,112,81,282,,True,1.6
34,32.940358,-117.154071,110.8,80.0,3.14,114,80,284,,True,0.0
35,32.940335,-117.154073,113.8,80.0,3.12,115,81,275,,True,-1.6
36,32.940309,-117.15408,116.8,79.8,3.04,116,81,274,,True,-4.9
37,32.940277,-117.154088,120.1,79.6,3.06,117,81,272,,True,-6.5
38,32.940252,-117.154089,123.0,79.4,3.08,118,80,271,,True,-8.1
39,32.940226,-117.154093,126.2,79.2,3.08,119,80,268,,True,-9.5
40,32.940197,-117.154095,129.2,78.8,3.08,120,80,266,,True,-10.8
41,32.940162,-117.15409,132.7,78.4,3.18,121,79,262,,True,-12.3
42,32.940137,-117.154095,136.0,78.0,3.18,121,79,258,,True,-12.0
43,32.940107,-117.154098,139.2,77.6,3.24,122,78,256,,True,-10.8
44,32.940073,-117.154093,142.5,77.2,3.26,123,78,253,,True,-9.5
45,32.94005,-117.154095,145.7,77.0,3.3,123,78,250,,True,-7.8
46,32.940023,-117.154096,148.6,76.8,3.18,124,78,249,,True,-6.3
47,32.939989,-117.154097,152.0,76.6,3.2,124,79,245,,True,-8.1
48,32.939964,-117.154095,155.2,76.4,3.2,125,79,242,,True,-9.4
49,32.939938,-117.154095,158.1,76.0,3.12,125,78,241,,True,-11.7
50,32.939905,-117.154095,161.3,75.6,3.12,126,78,240,,True,-13.6
51,32.939883,-117.154091,164.0,75.2,3.08,127,78,235,,True,-13.1
52,32.939856,-117.154092,167.0,74.8,3.0,127,78,230,,True,-11.3
53,32.93982,-117.154095,170.3,74.4,3.02,128,78,226,,True,-9.7
54,32.939794,-117.1541,173.7,74.2,3.12,129,78,225,,True,-6.2
55,32.939769,-117.154094,176.4,74.0,3.02,129,78,226,,True,-3.2
56,32.939735,-117.154072,179.9,74.0,3.18,130,79,226,,True,-1.6
57,32.939717,-117.154059,182.8,74.0,3.16,130,79,227,,True,0.0
58,32.9397,-117.154027,186.3,74.0,3.2,130,80,224,,True,0.0
59,32.939681,-117.153993,189.6,74.0,3.18,130,80,225,,True,0.0
60,32.939664,-117.153972,192.8,74.0,3.28,131,80,228,,True,0.0
61,32.939648,-117.153942,196.0,74.0,3.22,131,81,232,,True,-1.6
62,32.939626,-117.15391,199.4,74.0,3.32,131,81,236,,True,-1.5
63,32.93961,-117.15389,202.5,73.8,3.24,132,81,239,,True,-3.1
64,32.939593,-117.153862,206.0,73.8,3.28,132,80,244,,True,-3.3
65,32.939576,-117.153831,208.9,73.6,3.22,132,80,247,,True,-3.4
66,32.939563,-117.153814,211.6,73.6,3.12,133,79,249,,True,-3.5
67,32.939547,-117.15379,214.4,73.4,3.0,134,79,252,,True,-3.4
68,32.939525,-117.153761,217.4,73.4,2.98,134,79,253,,True,-5.1
69,32.939509,-117.15374,220.5,73.2,2.9,134,79,255,,True,-4.7
70,32.939492,-117.153718,223.4,73.0,2.9,135,79,256,,True,-4.7
71,32.939468,-117.153683,227.2,72.8,3.12,135,79,258,,True,-4.8
72,32.939456,-117.153662,230.1,72.8,3.14,135,79,259,,True,-4.7
73,32.939437,-117.153642,233.0,72.6,3.12,135,79,258,,True,-5.2
74,32.939406,-117.153618,236.1,72.4,3.12,136,79,256,,True,-8.9
75,32.939384,-117.153613,238.7,72.2,3.06,136,79,254,,True,-8.6
76,32.939359,-117.153617,241.3,71.8,2.82,136,79,252,,True,-9.0
77,32.939327,-117.15363,244.6,71.6,2.9,136,79,253,,True,-6.8
78,32.939308,-117.153641,247.2,71.4,2.84,136,79,254,,True,-3.2
79,32.939285,-117.153656,250.4,71.4,2.86,136,79,261,,True,-1.7
80,32.939255,-117.153679,253.7,71.4,3.0,136,80,263,,True,1.6
81,32.939239,-117.153699,256.7,71.4,3.08,137,80,267,,True,1.6
82,32.939219,-117.15372,259.7,71.6,3.02,137,80,273,,True,0.0
83,32.939191,-117.153743,263.1,71.6,3.18,137,80,275,,True,0.0
84,32.939174,-117.153762,266.0,71.4,3.12,137,80,275,,True,-1.6
85,32.939156,-117.153784,269.1,71.4,3.08,137,80,278,,True,-1.7
86,32.939132,-117.153813,272.3,71.4,3.12,137,80,281,,True,-1.7
87,32.939119,-117.153835,275.1,71.4,3.08,137,80,281,,True,-3.3
88,32.939105,-117.153858,278.0,71.2,2.98,138,80,280,,True,-5.1
89,32.939089,-117.153895,281.2,71.0,3.04,138,80,280,,True,-4.7
90,32.939077,-117.153921,284.1,70.8,3.0,138,80,278,,True,-4.6
91,32.939064,-117.153951,287.8,70.8,3.1,138,79,280,,True,-3.2
92,32.939046,-117.153987,291.1,70.6,3.2,138,79,284,,True,-1.5
93,32.939035,-117.154011,293.8,70.6,3.16,139,79,283,,True,-1.6
94,32.939023,-117.154043,297.3,70.6,3.22,139,79,287,,True,0.0
95,32.939017,-117.154083,300.6,70.6,3.3,139,80,289,,True,-1.5
96,32.939012,-117.154106,303.3,70.6,3.1,139,80,289,,True,-3.1
97,32.939005,-117.154143,306.8,70.4,3.14,139,80,289,,True,-3.1
98,32.939,-117.154182,310.0,70.2,3.24,139,80,290,,True,-3.0
99,32.938996,-117.15421,313.3,70.2,3.2,140,81,286,,True,-3.1
100,32.938984,-117.154242,316.8,70.2,3.24,140,81,287,,True,-1.6
101,32.938976,-117.154277,319.7,70.0,3.28,140,80,290,,True,-3.3
102,32.938975,-117.1543,322.2,70.0,3.08,140,80,288,,True,-5.1
103,32.938968,-117.154334,325.3,69.8,3.06,141,80,287,,True,-5.3
104,32.938962,-117.154372,328.6,69.6,3.06,141,80,280,,True,-5.1
105,32.938961,-117.154394,331.1,69.4,2.86,141,79,279,,True,-6.6
106,32.938954,-117.154427,334.0,69.4,2.86,141,79,282,,True,-5.2
107,32.938949,-117.154467,337.4,69.0,3.04,142,79,278,,True,-3.3
108,32.938945,-117.154491,340.1,69.0,2.96,142,79,275,,True,-3.3
109,32.938934,-117.154523,343.2,69.0,2.92,142,80,276,,True,0.0
110,32.938913,-117.154552,346.1,69.0,3.0,142,80,276,,True,0.0
111,32.9389,-117.154573,348.8,69.0,2.96,143,80,276,,True,0.0
112,32.938879,-117.154602,351.8,69.0,2.88,142,80,276,,True,-1.9
113,32.938864,-117.154603,353.2,69.0,2.62,142,79,276,,True,0.0
114,32.938871,-117.154583,354.6,69.0,2.28,143,79,272,,True,0.0
115,32.938884,-117.154558,356.9,68.8,2.16,143,79,261,,True,0.0
116,32.938892,-117.154534,359.2,69.0,2.08,143,79,254,,True,0.0
117,32.938901,-117.154501,362.2,69.0,2.08,143,79,241,,True,3.3
118,32.938902,-117.154466,364.6,69.0,2.28,142,80,236,,True,3.4
119,32.93889,-117.154448,366.8,69.2,2.44,143,80,233,,True,3.8
120,32.938867,-117.154437,368.9,69.2,2.4,143,80,235,,True,5.5
121,32.938845,-117.154449,371.0,69.4,2.36,142,80,232,,True,5.0
122,32.938837,-117.154462,372.7,69.4,2.1,142,79,234,,True,4.7
123,32.93882,-117.154487,375.6,69.6,2.2,142,79,237,,True,3.8
124,32.938806,-117.154523,378.8,69.8,2.4,142,79,247,,True,3.4
125,32.938798,-117.154545,381.6,69.8,2.54,142,79,254,,True,1.6
126,32.938783,-117.15457,384.6,69.8,2.72,143,79,269,,True,-1.7
127,32.938766,-117.154604,387.9,69.8,3.04,142,78,276,,True,-3.4
128,32.938757,-117.154621,390.4,69.6,2.96,142,78,279,,True,-5.0
129,32.938742,-117.154646,393.2,69.4,2.88,142,78,277,,True,-7.1
130,32.938718,-117.15468,396.7,69.2,3.02,142,78,269,,True,-6.9
131,32.938706,-117.154696,399.2,69.0,2.92,142,79,267,,True,-7.1
132,32.938685,-117.154717,402.0,68.8,2.82,142,79,268,,True,-7.8
133,32.938663,-117.154726,404.4,68.6,2.8,142,79,265,,True,-9.6
134,32.938642,-117.154732,407.0,68.4,2.76,142,79,260,,True,-11.0
135,32.938616,-117.154722,409.6,68.0,2.58,142,79,247,,True,-12.5
136,32.938588,-117.154714,412.9,67.6,2.74,142,80,237,,True,-14.0
137,32.938567,-117.154711,415.6,67.2,2.72,142,80,233,,True,-13.4
138,32.938541,-117.154705,418.4,66.8,2.8,142,80,240,,True,-13.9
139,32.938509,-117.154699,421.5,66.4,2.9,142,80,235,,True,-11.5
140,32.938487,-117.154699,424.4,66.0,2.96,142,79,230,,True,-11.2
141,32.938457,-117.154698,427.8,65.8,2.98,142,79,228,,True,-9.6
142,32.938423,-117.154693,430.9,65.4,3.06,142,79,221,,True,-7.8
143,32.938401,-117.154694,434.0,65.2,3.12,142,79,226,,True,-7.5
144,32.938373,-117.154685,437.3,65.0,3.16,142,79,223,,True,-7.2
145,32.938335,-117.154671,441.1,64.8,3.34,142,79,217,,True,-7.1
146,32.938307,-117.154665,444.8,64.4,3.4,143,79,218,,True,-8.4
147,32.93828,-117.154662,448.1,64.2,3.44,142,79,227,,True,-7.4
148,32.938243,-117.154656,451.6,63.8,3.52,142,79,229,,True,-4.6
149,32.938221,-117.154659,454.6,63.8,3.46,142,79,229,,True,-3.1
150,32.938192,-117.154654,457.8,63.8,3.34,142,79,229,,True,0.0
151,32.93816,-117.154648,460.9,63.8,3.22,142,79,222,,True,-1.6
152,32.938139,-117.154649,463.8,63.8,3.14,141,79,221,,True,-1.6
153,32.938111,-117.154643,466.8,63.6,3.04,141,81,220,,True,-3.3
154,32.938077,-117.154636,470.3,63.6,3.14,141,81,222,,True,-5.0
155,32.938057,-117.154636,473.0,63.4,3.04,140,80,224,,True,-4.9
156,32.938028,-117.154636,475.9,63.2,3.0,140,80,227,,True,-5.3
157,32.937997,-117.154631,479.0,63.0,3.04,140,80,229,,True,-5.0
158,32.937977,-117.154631,481.7,63.0,2.98,140,80,230,,True,-3.2
159,32.937948,-117.154625,484.9,62.8,2.92,140,80,233,,True,-3.3
160,32.937915,-117.154622,488.3,62.8,3.06,139,80,235,,True,-4.9
161,32.937893,-117.154626,491.1,62.6,3.04,139,80,235,,True,-3.3
162,32.937868,-117.154624,493.9,62.4,2.98,139,79,237,,True,-5.0
163,32.937833,-117.154612,497.1,62.4,3.08,139,79,236,,True,-3.2
164,32.937808,-117.154606,500.3,62.2,3.08,139,79,234,,True,-2.9
165,32.937778,-117.154588,503.6,62.2,3.06,140,80,234,,True,-4.3
166,32.937749,-117.154558,507.8,62.0,3.34,139,80,234,,True,-3.9
167,32.93773,-117.154533,511.2,61.8,3.46,139,80,235,,True,-5.2
168,32.937715,-117.154492,515.5,61.6,3.68,139,80,239,,True,-4.2
169,32.937703,-117.154455,518.9,61.4,3.72,139,80,240,,True,-4.2
170,32.93769,-117.154429,522.1,61.4,3.7,139,80,241,,True,-3.0
171,32.937678,-117.154393,525.6,61.2,3.56,139,80,243,,True,-1.6
172,32.937667,-117.154362,528.7,61.2,3.5,139,81,244,,True,-1.6
173,32.937657,-117.154337,531.6,61.2,3.22,140,81,246,,True,0.0
174,32.937653,-117.1543,535.0,61.2,3.22,139,80,249,,True,0.0
175,32.93765,-117.154265,537.9,61.2,3.16,140,80,251,,True,0.0
176,32.937641,-117.154237,541.1,61.2,3.1,140,80,256,,True,0.0
177,32.937642,-117.154201,544.0,61.2,3.06,140,80,259,,True,1.7
178,32.937642,-117.154166,547.0,61.2,3.08,140,80,261,,True,0.0
179,32.937634,-117.15414,550.0,61.4,3.0,140,79,264,,True,0.0
180,32.937624,-117.154105,553.4,61.2,3.1,140,79,266,,True,-1.7
181,32.937614,-117.154074,556.4,61.2,3.06,140,80,265,,True,-3.3
182,32.937601,-117.154054,559.1,61.0,3.02,141,80,266,,True,-1.7
183,32.937585,-117.154021,562.2,61.0,3.04,141,80,267,,True,-1.7
184,32.93757,-117.153994,565.0,61.0,3.0,141,79,268,,True,-1.7
185,32.937555,-117.153971,568.0,61.0,2.92,141,79,268,,True,-1.7
186,32.937543,-117.153945,571.0,60.8,2.92,141,79,268,,True,-1.7
187,32.937528,-117.153913,574.2,60.8,3.02,142,79,266,,True,-1.7
188,32.937516,-117.153889,577.0,60.8,2.96,142,80,266,,True,-1.6
189,32.937499,-117.153859,580.0,60.8,3.0,142,80,267,,True,-1.7
190,32.937491,-117.153823,583.3,60.6,3.06,143,80,268,,True,0.0
191,32.937483,-117.153796,586.3,60.6,3.06,143,79,269,,True,0.0
192,32.937474,-117.153763,589.7,60.8,3.1,143,79,270,,True,1.7
193,32.937476,-117.153726,592.6,60.8,3.12,143,80,271,,True,1.7
194,32.937471,-117.153702,595.4,60.8,3.08,144,80,273,,True,1.7
195,32.937463,-117.153671,598.2,60.8,2.98,144,80,275,,True,1.8
196,32.937446,-117.153641,601.3,61.0,3.0,144,80,275,,True,1.7
197,32.937436,-117.153623,603.9,61.0,2.84,144,80,276,,True,1.7
198,32.937418,-117.153593,607.0,61.0,2.88,144,80,275,,True,0.0
199,32.937407,-117.153567,609.8,61.0,2.88,145,80,276,,True,0.0
200,32.937399,-117.153547,612.4,61.0,2.84,145,80,278,,True,2.0
201,32.937393,-117.153517,614.7,61.0,2.68,145,80,277,,True,2.0
202,32.937388,-117.15349,617.2,61.2,2.66,145,81,276,,True,1.9
203,32.937378,-117.15347,619.8,61.2,2.56,146,81,275,,True,1.9
204,32.937366,-117.153436,622.7,61.2,2.58,146,81,274,,True,0.0
205,32.937351,-117.153414,625.3,61.2,2.58,146,81,275,,True,1.8
206,32.937337,-117.153395,628.0,61.2,2.66,146,81,276,,True,1.8
207,32.937321,-117.153363,630.9,61.4,2.74,146,80,279,,True,1.7
208,32.937304,-117.153341,633.9,61.4,2.82,147,80,278,,True,1.6
209,32.937286,-117.15332,636.9,61.4,2.84,147,80,279,,True,0.0
210,32.937265,-117.153289,640.3,61.4,3.0,147,80,280,,True,0.0
211,32.937246,-117.153269,643.4,61.4,3.08,147,80,280,,True,0.0
212,32.937231,-117.153252,646.0,61.4,3.02,147,80,282,,True,0.0
213,32.937215,-117.153226,648.8,61.4,2.98,147,80,284,,True,0.0
214,32.937201,-117.1532,651.6,61.4,2.94,148,80,282,,True,0.0
215,32.937187,-117.153179,654.3,61.4,2.8,148,80,281,,True,0.0
216,32.937169,-117.153143,657.6,61.4,2.84,148,80,281,,True,0.0
217,32.937156,-117.153122,660.5,61.4,2.9,148,80,279,,True,-1.7
218,32.937143,-117.153096,663.3,61.4,2.9,148,80,277,,True,-1.7
219,32.937127,-117.153065,666.4,61.2,2.96,148,80,276,,True,-1.6
220,32.937115,-117.153042,669.1,61.2,2.96,149,80,275,,True,-1.6
221,32.937107,-117.153008,672.8,61.2,3.04,149,80,274,,True,1.6
222,32.937103,-117.15297,676.0,61.2,3.1,149,81,273,,True,1.6
223,32.937096,-117.152945,678.9,61.4,3.12,149,81,274,,True,1.7
224,32.937089,-117.152916,681.4,61.4,3.0,149,81,273,,True,1.9
225,32.937085,-117.152884,684.3,61.4,3.04,149,81,273,,True,0.0
226,32.937076,-117.152861,686.7,61.4,2.78,149,80,273,,True,0.0
227,32.937069,-117.152835,689.3,61.4,2.66,149,80,273,,True,0.0
228,32.937073,-117.152798,692.2,61.4,2.66,149,80,272,,True,0.0
229,32.93707,-117.152771,694.7,61.4,2.66,149,80,272,,True,0.0
230,32.937067,-117.152739,697.9,61.4,2.72,149,80,272,,True,-1.7
231,32.937064,-117.152699,701.5,61.4,2.96,149,80,270,,True,-1.7
232,32.937057,-117.152676,704.0,61.2,2.94,149,79,270,,True,0.0
233,32.937048,-117.152645,706.6,61.2,2.88,149,79,270,,True,0.0
234,32.937032,-117.152616,710.0,61.4,3.06,149,80,268,,True,3.4
235,32.93702,-117.152594,712.7,61.4,2.96,149,80,269,,True,5.1
236,32.93701,-117.152564,715.6,61.6,2.82,149,80,270,,True,5.6
237,32.936999,-117.15254,718.3,61.8,2.86,149,80,271,,True,5.7
238,32.936989,-117.152518,720.7,62.0,2.82,149,80,271,,True,3.8
239,32.936983,-117.152488,723.2,62.0,2.64,149,81,271,,True,3.7
240,32.936977,-117.152458,726.0,62.0,2.66,150,81,270,,True,1.8
241,32.936966,-117.152433,729.0,62.2,2.68,149,80,271,,True,1.7
242,32.936961,-117.152402,731.9,62.2,2.72,150,80,273,,True,3.4
243,32.936959,-117.152368,734.9,62.2,2.84,150,80,273,,True,1.7
244,32.936953,-117.152341,737.8,62.4,2.92,150,80,275,,True,1.7
245,32.936949,-117.152304,741.1,62.4,3.02,150,80,276,,True,1.7
246,32.936944,-117.152277,743.8,62.4,2.96,151,80,275,,True,0.0
247,32.936938,-117.15225,746.5,62.4,2.92,152,80,276,,True,0.0
248,32.936936,-117.152215,749.3,62.4,2.88,153,80,277,,True,1.8
249,32.936936,-117.152189,752.0,62.4,2.84,154,80,277,,True,1.7
250,32.936935,-117.152158,755.1,62.6,2.8,155,81,276,,True,3.6
251,32.936936,-117.152124,758.2,62.6,2.88,155,81,278,,True,3.6
252,32.936936,-117.152102,760.3,62.8,2.76,155,80,279,,True,1.8
253,32.936939,-117.152073,763.1,62.8,2.76,156,80,280,,True,0.0
254,32.936947,-117.152029,766.5,62.8,2.9,156,80,280,,True,-1.6
255,32.936954,-117.152,769.5,62.6,2.88,157,80,278,,True,-3.1
256,32.936967,-117.15197,773.0,62.6,2.96,157,80,276,,True,-4.7
257,32.936992,-117.151944,776.2,62.4,3.18,157,79,275,,True,-3.2
258,32.937009,-117.151923,779.2,62.2,3.22,157,79,273,,True,-3.3
259,32.937028,-117.151901,782.1,62.2,3.12,157,80,271,,True,-3.4
260,32.937052,-117.15188,785.0,62.2,3.1,157,81,270,,True,0.0
261,32.93707,-117.151861,787.9,62.0,2.98,157,81,268,,True,0.0
262,32.937096,-117.151835,791.3,62.2,3.02,157,81,265,,True,0.0
263,32.937123,-117.151818,794.8,62.2,3.12,157,81,264,,True,2.8
264,32.937144,-117.151801,798.1,62.2,3.2,157,81,266,,True,2.8
265,32.937181,-117.151778,802.2,62.4,3.44,157,80,270,,True,2.8
266,32.937203,-117.151761,805.6,62.6,3.54,157,81,272,,True,2.7
267,32.937233,-117.151738,809.3,62.6,3.6,157,82,273,,True,2.8
268,32.937262,-117.151721,813.0,62.6,3.64,157,83,272,,True,1.4
269,32.937285,-117.151703,816.3,62.8,3.64,157,83,277,,True,2.9
270,32.937317,-117.151685,819.8,62.8,3.52,157,84,297,,True,4.6
271,32.937338,-117.151671,822.9,63.0,3.46,158,84,301,,True,4.6
272,32.937364,-117.151652,826.0,63.2,3.34,158,84,303,,True,4.9
273,32.937394,-117.151639,829.3,63.4,3.26,158,83,305,,True,4.8
274,32.937416,-117.151624,832.1,63.4,3.16,159,83,301,,True,3.4
275,32.937438,-117.151601,835.3,63.6,3.1,159,83,300,,True,3.5
276,32.937449,-117.151575,837.9,63.6,3.0,159,83,298,,True,3.4
277,32.937458,-117.151551,840.7,63.8,2.94,160,83,298,,True,1.8
278,32.937467,-117.151516,843.7,63.8,2.88,160,82,294,,True,1.8
279,32.937473,-117.151491,846.3,63.8,2.84,160,81,295,,True,0.0
280,32.93748,-117.151465,849.3,63.8,2.8,161,80,293,,True,0.0
281,32.937491,-117.151428,852.3,63.8,2.88,161,80,291,,True,0.0
282,32.937493,-117.151403,854.9,63.8,2.84,161,81,291,,True,0.0
283,32.937496,-117.151371,857.8,63.8,2.82,161,81,292,,True,0.0
284,32.937504,-117.151337,860.9,63.8,2.92,161,81,293,,True,0.0
285,32.937507,-117.151313,863.5,63.8,2.84,162,81,296,,True,0.0
286,32.937511,-117.151281,866.3,63.8,2.8,162,81,297,,True,0.0
287,32.937518,-117.151251,869.2,63.8,2.86,162,81,295,,True,0.0
288,32.937518,-117.151229,871.5,63.8,2.74,162,81,297,,True,1.8
289,32.937521,-117.151192,874.4,63.8,2.7,162,81,297,,True,1.9
290,32.93752,-117.151164,877.3,64.0,2.76,162,81,290,,True,1.7
291,32.937522,-117.151139,880.0,64.0,2.74,162,81,290,,True,3.5
292,32.937533,-117.151101,883.3,64.0,2.82,163,81,293,,True,1.7
293,32.937538,-117.15108,885.7,64.2,2.84,163,81,292,,True,1.7
294,32.937547,-117.151047,889.0,64.2,2.92,163,81,292,,True,1.8
295,32.937561,-117.151019,891.8,64.2,2.9,163,82,294,,True,0.0
296,32.937569,-117.150996,894.3,64.2,2.86,163,82,292,,True,0.0
297,32.937585,-117.150961,897.4,64.2,2.82,163,82,289,,True,0.0
298,32.937601,-117.150931,900.6,64.2,2.98,164,82,282,,True,0.0
299,32.937612,-117.150909,903.7,64.2,2.94,164,82,282,,True,1.7
300,32.937631,-117.150878,906.8,64.2,3.0,164,82,284,,True,1.7
301,32.937639,-117.150854,909.2,64.4,2.98,164,82,282,,True,3.4
302,32.93765,-117.150828,912.2,64.4,2.96,164,82,284,,True,5.5
303,32.937672,-117.150801,915.3,64.6,2.94,164,81,285,,True,3.4
304,32.937682,-117.150779,917.8,64.8,2.82,164,81,284,,True,3.4
305,32.937695,-117.150751,920.8,64.8,2.8,164,81,286,,True,1.7
306,32.937711,-117.150723,924.0,64.8,2.96,164,81,289,,True,0.0
307,32.937721,-117.150696,927.0,64.8,2.96,165,81,290,,True,-1.6
308,32.937732,-117.15067,929.7,64.8,2.88,165,81,287,,True,-1.7
309,32.937752,-117.150639,933.0,64.6,3.04,165,80,285,,True,-1.7
310,32.937764,-117.15062,935.5,64.6,2.94,164,80,284,,True,-3.4
311,32.937778,-117.150592,938.5,64.6,2.9,165,80,280,,True,-3.4
312,32.937789,-117.150558,941.5,64.4,2.9,164,80,276,,True,-3.2
313,32.937792,-117.150529,944.6,64.2,2.98,164,81,270,,True,-4.6
314,32.937802,-117.150492,947.9,64.2,2.98,164,80,268,,True,-3.1
315,32.93782,-117.150457,951.5,64.0,3.2,164,80,265,,True,-1.5
316,32.937834,-117.150435,954.5,64.0,3.2,164,80,264,,True,-1.5
317,32.937865,-117.150409,958.0,64.0,3.3,165,81,265,,True,0.0
318,32.937888,-117.150392,961.3,64.0,3.34,164,81,265,,True,0.0
319,32.937909,-117.150381,964.3,64.0,3.28,164,81,264,,True,1.7
320,32.937939,-117.150377,967.3,64.0,3.16,164,81,266,,True,1.8
321,32.937962,-117.150371,970.0,64.2,3.1,164,81,264,,True,3.6
322,32.937984,-117.150369,972.6,64.2,2.92,163,81,265,,True,3.6
323,32.938015,-117.150365,975.5,64.4,2.84,164,81,264,,True,3.6
324,32.938036,-117.150355,978.3,64.4,2.8,163,81,263,,True,3.6
325,32.93806,-117.150344,981.0,64.6,2.74,163,81,262,,True,3.7
326,32.938085,-117.150335,983.8,64.6,2.76,163,81,263,,True,3.7
327,32.938101,-117.15032,986.2,64.8,2.72,164,81,263,,True,3.7
328,32.938125,-117.1503,989.1,64.8,2.72,163,82,265,,True,3.8
329,32.938147,-117.150285,991.9,65.0,2.72,163,81,264,,True,1.8
330,32.938161,-117.150272,994.3,65.0,2.66,163,81,265,,True,1.8
331,32.938186,-117.150248,997.3,65.0,2.7,163,81,269,,True,0.0
332,32.938199,-117.15023,1000.0,65.0,2.76,163,81,268,,True,1.8
333,32.938214,-117.150212,1002.3,65.0,2.64,163,80,270,,True,1.9
334,32.93824,-117.150198,1005.2,65.2,2.66,163,80,273,,True,3.9
335,32.938258,-117.150189,1007.8,65.2,2.7,162,80,273,,True,3.8
336,32.938277,-117.15018,1010.3,65.4,2.6,162,81,274,,True,1.7
337,32.938301,-117.150172,1012.8,65.4,2.56,162,81,273,,True,1.8
338,32.938315,-117.150167,1014.7,65.4,2.48,161,81,272,,True,1.9
339,32.938337,-117.150162,1016.8,65.4,2.32,161,81,272,,True,3.8
340,32.938359,-117.15017,1018.7,65.4,2.18,160,81,273,,True,3.4
341,32.93838,-117.150168,1021.1,65.6,2.16,160,81,276,,True,5.1
342,32.938402,-117.150161,1023.3,65.8,2.1,160,81,269,,True,4.7
343,32.938425,-117.150139,1026.3,65.8,2.32,160,81,265,,True,3.8
344,32.938439,-117.150128,1028.5,66.0,2.34,159,81,266,,True,1.8
345,32.938464,-117.150106,1031.5,66.0,2.56,159,80,262,,True,3.6
346,32.938486,-117.150091,1034.3,66.0,2.64,159,80,268,,True,1.7
347,32.938503,-117.150073,1037.3,66.2,2.8,158,80,268,,True,1.7
348,32.938525,-117.150049,1040.2,66.2,2.78,158,81,274,,True,1.8
349,32.938542,-117.150027,1043.0,66.2,2.9,158,81,285,,True,0.0
350,32.938552,-117.150006,1045.6,66.2,2.82,158,80,287,,True,1.9
351,32.938571,-117.149976,1048.6,66.2,2.86,158,79,290,,True,1.8
352,32.93858,-117.149952,1050.8,66.4,2.7,158,79,288,,True,1.8
353,32.938585,-117.149924,1053.9,66.4,2.74,159,81,283,,True,1.9
354,32.938596,-117.149888,1057.0,66.4,2.8,158,81,286,,True,0.0
355,32.938598,-117.149869,1059.2,66.4,2.72,158,80,284,,True,0.0
356,32.93861,-117.149843,1061.9,66.4,2.66,158,80,283,,True,0.0
357,32.938619,-117.149808,1064.9,66.4,2.82,158,81,279,,True,-1.9
358,32.93862,-117.149787,1067.1,66.4,2.64,159,81,276,,True,-1.9
359,32.938625,-117.149756,1069.6,66.2,2.52,158,81,274,,True,-3.9
360,32.93862,-117.149722,1072.6,66.2,2.68,158,80,267,,True,-3.6
361,32.938609,-117.149704,1075.2,66.0,2.66,158,80,262,,True,-3.4
362,32.938598,-117.149669,1078.3,66.0,2.68,159,80,257,,True,-3.6
363,32.93859,-117.149641,1081.2,65.8,2.82,158,80,257,,True,-1.7
364,32.938581,-117.149618,1083.7,65.8,2.82,158,80,262,,True,-1.8
365,32.93857,-117.14958,1086.8,65.8,2.84,158,80,259,,True,0.0
366,32.938554,-117.14956,1089.6,65.8,2.88,158,81,259,,True,-1.7
367,32.938538,-117.149543,1092.2,65.8,2.78,158,81,255,,True,-1.9
368,32.938516,-117.149519,1095.2,65.6,2.8,158,81,250,,True,-2.0
369,32.938501,-117.149505,1097.5,65.6,2.76,158,81,246,,True,-1.7
370,32.938486,-117.14949,1099.7,65.6,2.58,158,80,245,,True,-1.9
371,32.938465,-117.149482,1101.9,65.6,2.46,158,80,243,,True,-2.2
372,32.938445,-117.149476,1104.2,65.6,2.4,158,81,239,,True,-3.9
373,32.938435,-117.149468,1105.8,65.4,2.12,158,81,235,,True,-7.9
374,32.938432,-117.14946,1106.5,65.4,1.8,158,80,233,,False,-11.0
375,32.938434,-117.149445,1107.7,65.2,1.6,157,0,69,,True,-9.0
376,32.938435,-117.149434,1108.8,65.0,1.38,157,0,69,,True,-7.4
377,32.938435,-117.149422,1109.8,64.8,1.12,157,77,71,,True,-3.2
378,32.938433,-117.149408,1111.0,64.6,1.04,157,77,159,,True,-1.9
379,32.938432,-117.14938,1113.0,64.6,1.3,156,77,158,,True,1.6
380,32.938431,-117.149355,1115.0,64.8,1.46,155,0,94,,True,5.9
381,32.938428,-117.149321,1118.2,65.0,1.88,154,83,95,,True,7.0
382,32.938422,-117.149287,1121.2,65.2,2.28,154,81,201,,True,3.2
383,32.938404,-117.149256,1124.4,65.4,2.68,153,81,253,,True,1.5
384,32.938387,-117.149233,1127.6,65.2,2.92,152,81,256,,True,0.0
385,32.938361,-117.1492,1131.3,65.2,3.26,152,81,263,,True,-1.5
386,32.93834,-117.149181,1134.7,65.2,3.3,152,81,265,,True,0.0
387,32.938321,-117.149161,1137.8,65.2,3.32,152,80,267,,True,0.0
388,32.938294,-117.149138,1140.9,65.2,3.3,152,81,267,,True,0.0
389,32.938268,-117.149125,1144.3,65.2,3.34,152,81,255,,True,-1.5
390,32.938245,-117.149099,1147.8,65.2,3.3,151,82,252,,True,-1.5
391,32.93823,-117.149068,1150.9,65.0,3.24,151,82,249,,True,-3.1
392,32.938213,-117.149048,1154.0,65.0,3.24,151,82,251,,True,-3.1
393,32.938192,-117.149014,1157.3,64.8,3.28,151,81,255,,True,-1.6
394,32.938175,-117.148986,1160.5,64.8,3.24,151,81,253,,True,-1.6
395,32.938167,-117.148957,1163.3,64.8,3.1,151,81,252,,True,0.0
396,32.938174,-117.148928,1166.2,64.8,3.06,151,82,251,,True,0.0
397,32.938177,-117.148905,1168.6,64.8,2.92,151,83,247,,True,0.0
398,32.938182,-117.148874,1171.3,64.8,2.8,151,83,247,,True,0.0
399,32.938195,-117.148842,1174.2,64.8,2.74,151,84,243,,True,0.0
400,32.938202,-117.148819,1177.0,64.8,2.74,151,84,241,,True,0.0
401,32.938212,-117.148783,1180.2,64.8,2.8,151,83,241,,True,0.0
402,32.938225,-117.148751,1183.3,64.8,2.94,151,82,241,,True,0.0
403,32.938226,-117.148725,1186.1,64.8,2.96,151,80,246,,True,0.0
404,32.938228,-117.148688,1189.2,64.8,3.0,150,80,247,,True,0.0
405,32.938224,-117.148656,1192.4,64.8,3.08,150,80,250,,True,1.7
406,32.938219,-117.148633,1195.1,64.8,2.98,150,81,251,,True,3.7
407,32.938214,-117.148601,1197.9,65.0,2.92,150,81,254,,True,5.9
408,32.938211,-117.148577,1200.1,65.2,2.8,150,80,253,,True,7.8
409,32.938209,-117.148553,1202.5,65.4,2.66,150,80,254,,True,7.8
410,32.938209,-117.148518,1205.3,65.6,2.58,150,80,244,,True,5.4
411,32.938212,-117.148489,1208.1,65.8,2.6,150,80,243,,True,3.4
412,32.93822,-117.14846,1211.3,65.8,2.68,150,81,243,,True,1.7
413,32.938235,-117.148427,1214.4,65.8,2.86,150,81,250,,True,0.0
414,32.938247,-117.148405,1217.3,65.8,2.96,150,81,262,,True,0.0
415,32.938261,-117.148381,1220.0,65.8,2.94,150,81,268,,True,-1.7
416,32.938279,-117.148348,1223.5,65.8,3.08,150,81,269,,True,-1.7
417,32.938292,-117.148324,1226.4,65.6,3.02,151,81,267,,True,-3.4
418,32.938302,-117.148299,1229.1,65.6,2.94,151,81,267,,True,-3.8
419,32.938307,-117.148269,1231.7,65.4,2.88,151,80,269,,True,-3.8
420,32.938309,-117.148245,1234.1,65.4,2.82,151,79,268,,True,-3.8
421,32.938307,-117.148216,1237.0,65.2,2.7,151,79,265,,True,-1.6
422,32.938303,-117.148188,1239.5,65.2,2.62,152,81,260,,True,0.0
423,32.938298,-117.148168,1241.4,65.2,2.46,152,81,258,,True,1.7
424,32.938288,-117.148138,1244.0,65.2,2.46,152,81,256,,True,3.3
425,32.938279,-117.14811,1246.8,65.4,2.54,152,81,253,,True,3.9
426,32.938271,-117.14809,1249.1,65.4,2.42,152,81,255,,True,5.9
427,32.938257,-117.148064,1251.7,65.6,2.44,152,81,256,,True,6.3
428,32.938245,-117.148043,1254.1,65.8,2.54,152,81,256,,True,7.7
429,32.938236,-117.148023,1256.6,66.0,2.52,153,81,258,,True,5.7
430,32.938225,-117.147992,1259.5,66.2,2.54,152,81,259,,True,5.8
431,32.938214,-117.14797,1262.2,66.2,2.62,152,81,259,,True,1.8
432,32.938192,-117.147957,1264.5,66.4,2.56,153,81,260,,True,0.0
433,32.938167,-117.147932,1267.7,66.2,2.72,152,81,260,,True,0.0
434,32.938149,-117.147915,1270.6,66.2,2.8,153,81,260,,True,-1.7
435,32.938136,-117.14789,1273.7,66.2,2.84,153,81,261,,True,0.0
436,32.938133,-117.147856,1276.2,66.2,2.8,153,80,263,,True,0.0
437,32.938138,-117.147832,1278.1,66.2,2.72,152,80,262,,True,0.0
438,32.938141,-117.147804,1280.9,66.2,2.64,153,80,262,,True,0.0
439,32.938145,-117.147764,1284.0,66.2,2.68,153,81,259,,True,0.0
440,32.938139,-117.147736,1287.0,66.2,2.66,153,81,258,,True,0.0
441,32.938134,-117.147709,1290.4,66.2,2.84,153,80,260,,True,0.0
442,32.93812,-117.147681,1292.9,66.2,2.96,152,80,264,,True,0.0
443,32.938108,-117.147662,1295.2,66.2,2.86,153,80,267,,True,0.0
444,32.938101,-117.147635,1297.9,66.2,2.78,153,80,269,,True,0.0
445,32.938104,-117.147603,1300.5,66.2,2.7,153,80,268,,True,1.6
446,32.938106,-117.147583,1302.8,66.2,2.48,153,80,265,,True,1.7
447,32.938109,-117.147557,1305.1,66.2,2.44,153,81,265,,True,1.6
448,32.938112,-117.147526,1307.5,66.4,2.46,153,81,265,,True,2.0
449,32.938105,-117.147503,1309.9,66.4,2.4,153,80,265,,True,1.9
450,32.938106,-117.147475,1312.8,66.4,2.46,154,80,263,,True,1.9
451,32.938117,-117.147442,1315.5,66.4,2.54,154,80,263,,True,1.8
452,32.938118,-117.147417,1318.3,66.6,2.64,154,80,265,,True,1.8
453,32.938122,-117.147384,1321.1,66.6,2.72,154,80,267,,True,3.2
454,32.938128,-117.147345,1324.2,66.6,2.86,154,80,268,,True,1.5
455,32.93813,-117.147315,1328.0,66.8,3.04,154,80,269,,True,0.0
456,32.938131,-117.147278,1331.3,66.8,3.16,154,80,269,,True,0.0
457,32.938138,-117.147248,1334.2,66.6,3.18,154,80,267,,True,-1.6
458,32.938147,-117.147221,1337.1,66.6,3.2,154,81,266,,True,-3.2
459,32.938166,-117.147183,1340.8,66.6,3.32,154,81,265,,True,-1.6
460,32.938177,-117.147157,1343.8,66.4,3.16,154,81,261,,True,0.0
461,32.938187,-117.14713,1347.0,66.4,3.14,154,81,260,,True,-1.7
462,32.93819,-117.147093,1349.7,66.6,3.1,154,81,260,,True,0.0
463,32.938186,-117.147069,1352.3,66.4,3.04,155,81,261,,True,0.0
464,32.938181,-117.14704,1354.8,66.4,2.8,154,81,258,,True,-1.9
465,32.938184,-117.14701,1357.6,66.4,2.76,154,81,255,,True,0.0
466,32.938181,-117.146985,1360.2,66.4,2.64,154,81,253,,True,1.8
467,32.938172,-117.146948,1363.4,66.4,2.74,155,81,253,,True,3.8
468,32.938165,-117.146926,1365.9,66.6,2.72,154,82,253,,True,3.7
469,32.938154,-117.146907,1368.2,66.8,2.68,154,82,255,,True,5.8
470,32.938143,-117.146872,1371.0,66.8,2.68,154,81,256,,True,3.7
471,32.938133,-117.146848,1373.8,67.0,2.72,154,81,255,,True,1.7
472,32.938124,-117.14682,1376.7,67.0,2.66,153,81,256,,True,1.7
473,32.938116,-117.146782,1380.2,67.0,2.86,153,81,257,,True,1.8
474,32.938102,-117.146761,1382.7,67.0,2.9,153,81,258,,True,1.8
475,32.93809,-117.146742,1385.1,67.2,2.82,153,81,259,,True,1.7
476,32.938061,-117.146729,1387.8,67.2,2.8,154,81,260,,True,0.0
477,32.938044,-117.14672,1390.1,67.2,2.68,153,80,259,,True,-1.6
478,32.938029,-117.146702,1392.2,67.2,2.4,153,80,259,,True,-3.3
479,32.938011,-117.146674,1394.8,67.0,2.42,153,80,258,,True,-4.0
480,32.938002,-117.146649,1397.6,67.0,2.5,153,81,254,,True,-5.5
481,32.938005,-117.146617,1400.1,66.8,2.46,153,81,251,,True,-5.5
482,32.938009,-117.146582,1403.1,66.6,2.6,153,81,247,,True,-5.2
483,32.938014,-117.146556,1405.7,66.4,2.7,153,80,246,,True,-3.6
484,32.938029,-117.146521,1409.1,66.4,2.86,153,80,245,,True,0.0
485,32.938043,-117.1465,1411.3,66.4,2.74,153,81,243,,True,3.2
486,32.938061,-117.146477,1414.2,66.6,2.82,153,81,243,,True,3.3
487,32.938095,-117.146453,1418.2,66.8,3.02,153,81,243,,True,3.0
488,32.938107,-117.146429,1421.3,66.8,3.12,153,82,243,,True,1.5
489,32.938117,-117.146396,1424.6,66.8,3.1,153,82,244,,True,0.0
490,32.938118,-117.146362,1427.9,66.8,3.32,152,82,245,,True,0.0
491,32.93811,-117.146337,1430.4,66.8,3.24,153,82,248,,True,0.0
492,32.938104,-117.146304,1433.1,66.8,2.98,153,81,251,,True,0.0
493,32.938112,-117.146276,1435.6,66.8,2.86,152,81,250,,True,0.0
494,32.938128,-117.146248,1438.6,66.8,2.8,152,82,248,,True,0.0
495,32.938158,-117.146233,1441.7,66.8,2.76,152,82,248,,True,0.0
496,32.938176,-117.146225,1444.4,66.8,2.8,152,82,248,,True,0.0
497,32.938199,-117.146211,1447.3,66.8,2.84,152,82,249,,True,1.9
498,32.938223,-117.146197,1449.9,66.8,2.86,152,82,250,,True,1.9
499,32.938236,-117.146183,1452.3,67.0,2.74,152,82,250,,True,1.8
500,32.938249,-117.146158,1455.0,67.0,2.66,151,82,249,,True,3.6
501,32.938264,-117.146123,1458.3,67.0,2.78,152,82,250,,True,1.7
502,32.938269,-117.146102,1461.0,67.2,2.74,152,82,252,,True,1.7
503,32.938282,-117.14607,1463.9,67.2,2.8,152,80,256,,True,1.7
504,32.938292,-117.146039,1467.0,67.2,2.94,152,80,257,,True,1.7
505,32.9383,-117.146014,1469.9,67.2,2.98,152,80,259,,True,1.8
506,32.938316,-117.145983,1472.9,67.4,2.92,152,81,263,,True,1.8
507,32.938325,-117.145965,1475.3,67.4,2.86,152,81,264,,True,1.9
508,32.938339,-117.145942,1477.9,67.4,2.8,152,81,265,,True,1.6
509,32.938354,-117.145918,1480.3,67.4,2.66,153,81,266,,True,3.3
510,32.938362,-117.145901,1482.4,67.6,2.5,153,82,266,,True,5.1
511,32.938379,-117.145876,1485.2,67.6,2.46,153,82,266,,True,7.1
512,32.93839,-117.145856,1487.5,67.8,2.44,153,82,268,,True,7.4
513,32.938395,-117.14584,1489.7,68.0,2.36,153,82,270,,True,10.4
514,32.938402,-117.145822,1491.6,68.2,2.26,153,82,273,,True,12.7
515,32.938411,-117.145801,1493.2,68.4,2.16,153,82,274,,True,16.2
516,32.938421,-117.145789,1494.8,68.6,1.92,153,83,283,,True,19.4
517,32.938426,-117.145776,1496.2,69.0,1.74,154,83,284,,True,20.4
518,32.938431,-117.145766,1497.4,69.2,1.54,154,83,283,,True,20.5
519,32.938437,-117.145756,1498.6,69.6,1.4,154,83,262,,True,19.5
520,32.938444,-117.145739,1500.0,70.0,1.36,154,83,262,,True,16.0
521,32.938446,-117.145726,1501.4,70.2,1.32,153,83,270,,True,15.9
522,32.938451,-117.145705,1503.3,70.6,1.42,154,83,278,,True,8.8
523,32.938454,-117.145667,1506.1,70.8,1.74,154,72,281,,True,8.0
524,32.938452,-117.145646,1508.7,71.0,2.02,154,72,315,,True,3.5
525,32.938453,-117.145616,1511.4,71.0,2.28,154,72,353,,True,1.8
526,32.938453,-117.145577,1514.7,71.0,2.66,153,80,354,,True,0.0
527,32.938443,-117.145559,1517.2,71.0,2.78,153,81,354,,True,0.0
528,32.938435,-117.14553,1520.0,71.0,2.78,152,81,350,,True,-1.9
529,32.938427,-117.145498,1522.7,71.0,2.8,153,81,341,,True,-1.8
530,32.938419,-117.145474,1525.3,70.8,2.78,154,81,329,,True,-1.8
531,32.938414,-117.145442,1528.1,70.8,2.68,155,81,322,,True,-1.8
532,32.938417,-117.14541,1531.2,70.8,2.8,156,81,318,,True,0.0
533,32.938415,-117.145383,1534.0,70.8,2.8,156,81,316,,True,0.0
534,32.938423,-117.145344,1537.3,70.8,2.92,156,80,321,,True,0.0
535,32.938433,-117.145321,1540.0,70.8,2.94,157,81,314,,True,0.0
536,32.938435,-117.145297,1542.5,70.8,2.88,157,81,312,,True,0.0
537,32.938432,-117.145263,1545.2,70.8,2.8,158,81,304,,True,0.0
538,32.938429,-117.145237,1547.6,70.8,2.72,158,81,289,,True,0.0
539,32.938425,-117.145211,1550.6,70.8,2.66,158,81,286,,True,0.0
540,32.938428,-117.145173,1553.7,70.8,2.74,158,80,281,,True,0.0
541,32.938428,-117.145146,1556.4,70.8,2.78,158,80,274,,True,0.0
542,32.938423,-117.145126,1558.6,70.8,2.68,158,80,270,,True,0.0
543,32.938426,-117.145091,1561.3,70.8,2.74,158,82,265,,True,0.0
544,32.938427,-117.145065,1563.9,70.8,2.66,159,82,257,,True,0.0
545,32.938429,-117.145033,1567.2,70.8,2.7,158,81,251,,True,0.0
546,32.938425,-117.145003,1569.9,70.8,2.7,158,81,249,,True,0.0
547,32.938418,-117.144982,1571.9,70.8,2.66,158,81,253,,True,0.0
548,32.938412,-117.144956,1574.5,70.8,2.64,158,81,253,,True,0.0
549,32.938411,-117.144927,1576.6,70.8,2.54,158,81,244,,True,-1.6
550,32.938408,-117.144909,1578.7,70.8,2.3,157,81,241,,True,-2.0
551,32.938405,-117.144884,1581.4,70.8,2.3,157,81,236,,True,-3.7
552,32.938407,-117.144842,1584.5,70.6,2.52,157,80,231,,True,-5.3
553,32.938398,-117.144814,1587.4,70.4,2.58,157,80,230,,True,-8.7
554,32.938386,-117.144792,1590.0,70.2,2.68,157,80,231,,True,-10.9
555,32.938365,-117.144765,1592.9,69.8,2.84,157,77,232,,True,-12.8
556,32.938343,-117.144758,1595.5,69.4,2.82,157,77,231,,True,-13.9
557,32.938318,-117.144739,1598.3,69.0,2.76,156,77,228,,True,-11.8
558,32.938309,-117.144702,1601.5,68.6,2.82,156,80,226,,True,-7.8
559,32.938303,-117.144671,1604.8,68.4,2.96,156,80,220,,True,-6.1
560,32.938298,-117.144631,1608.4,68.4,3.1,156,80,221,,True,-3.2
561,32.938299,-117.144601,1611.5,68.2,3.2,156,80,222,,True,0.0
562,32.9383,-117.144577,1614.0,68.2,3.14,156,80,227,,True,-1.7
563,32.938306,-117.144536,1617.3,68.4,3.16,156,81,225,,True,0.0
564,32.93831,-117.144508,1620.3,68.2,3.1,156,82,221,,True,0.0
565,32.938311,-117.144479,1623.3,68.2,2.98,155,82,219,,True,-1.8
566,32.938309,-117.144444,1626.1,68.2,2.92,155,82,215,,True,-1.9
567,32.938301,-117.144421,1628.5,68.2,2.9,155,82,215,,True,-1.8
568,32.938297,-117.144391,1631.1,68.0,2.76,155,81,215,,True,-1.8
569,32.938307,-117.144354,1634.3,68.0,2.8,155,81,214,,True,-1.7
570,32.938307,-117.144329,1637.4,68.0,2.82,154,81,217,,True,1.6
571,32.938304,-117.144293,1640.3,68.0,2.84,154,81,222,,True,3.3
572,32.938302,-117.144261,1643.6,68.2,3.02,154,81,225,,True,3.3
573,32.93831,-117.144235,1646.6,68.4,3.1,154,81,230,,True,3.3
574,32.938321,-117.144199,1649.4,68.4,3.02,154,82,233,,True,1.8
575,32.938325,-117.144174,1652.3,68.4,2.98,154,82,236,,True,0.0
576,32.938328,-117.144146,1654.9,68.4,2.92,153,82,239,,True,0.0
577,32.938319,-117.144117,1656.9,68.4,2.66,153,81,242,,True,0.0
578,32.938311,-117.144095,1659.4,68.4,2.56,153,81,244,,True,0.0
579,32.938299,-117.144066,1661.9,68.4,2.5,153,82,241,,True,0.0
580,32.938289,-117.144038,1664.8,68.4,2.5,153,82,241,,True,0.0
581,32.938279,-117.144019,1667.1,68.4,2.44,153,82,244,,True,0.0
582,32.938272,-117.14399,1669.7,68.4,2.56,153,81,248,,True,0.0
583,32.938266,-117.143966,1672.0,68.4,2.52,153,81,247,,True,0.0
584,32.938263,-117.143942,1674.4,68.4,2.5,153,81,246,,True,0.0
585,32.938271,-117.143902,1677.5,68.4,2.54,153,82,248,,True,-1.7
586,32.93827,-117.143874,1680.4,68.4,2.66,152,82,248,,True,-1.6
587,32.938267,-117.14384,1683.6,68.2,2.78,152,81,249,,True,-3.2
588,32.938252,-117.143807,1687.0,68.2,3.0,152,81,249,,True,-3.1
589,32.938241,-117.143784,1689.9,68.0,3.1,153,82,248,,True,-1.6
590,32.938225,-117.143748,1693.3,68.0,3.16,153,82,250,,True,-1.7
591,32.938211,-117.143723,1696.2,68.0,3.16,153,82,250,,True,0.0
592,32.938196,-117.143697,1699.0,68.0,3.08,153,81,252,,True,1.7
593,32.938183,-117.143662,1702.5,68.0,3.1,152,81,253,,True,1.7
594,32.938177,-117.143632,1705.4,68.2,3.1,153,81,252,,True,1.7
595,32.938172,-117.143605,1708.3,68.2,3.0,153,80,254,,True,3.5
596,32.938175,-117.143569,1711.1,68.2,2.98,153,80,255,,True,1.8
597,32.938173,-117.143542,1713.8,68.4,2.96,152,80,255,,True,1.8
598,32.93817,-117.143515,1716.7,68.4,2.84,153,81,256,,True,1.8
599,32.938169,-117.143482,1719.5,68.4,2.82,153,81,257,,True,1.6
600,32.938161,-117.143462,1722.0,68.4,2.74,153,81,257,,True,1.7
601,32.938154,-117.143443,1723.7,68.6,2.52,153,81,258,,True,1.8
602,32.938152,-117.143412,1726.3,68.6,2.5,154,81,261,,True,1.7
603,32.938151,-117.143391,1728.4,68.6,2.34,154,80,260,,True,0.0
604,32.938157,-117.143363,1730.8,68.6,2.26,154,80,261,,True,0.0
605,32.938169,-117.143329,1733.9,68.6,2.38,154,80,261,,True,0.0
606,32.938177,-117.143305,1736.7,68.6,2.6,154,80,259,,True,-1.8
607,32.938186,-117.143279,1739.3,68.6,2.6,154,81,258,,True,-1.8
608,32.938189,-117.143246,1741.8,68.4,2.68,153,81,258,,True,-1.9
609,32.938183,-117.143221,1744.8,68.4,2.8,154,81,257,,True,-1.8
610,32.938177,-117.14319,1747.5,68.4,2.72,154,81,257,,True,0.0
611,32.938172,-117.143157,1750.6,68.4,2.78,154,80,257,,True,-1.9
612,32.938164,-117.143133,1753.2,68.4,2.78,154,80,255,,True,-1.8
613,32.93816,-117.143106,1755.6,68.2,2.76,154,80,255,,True,-1.9
614,32.938165,-117.143074,1758.8,68.2,2.8,154,80,254,,True,0.0
615,32.938167,-117.143053,1761.1,68.2,2.72,154,80,253,,True,1.9
616,32.938173,-117.143025,1763.4,68.4,2.56,154,80,253,,True,3.5
617,32.938171,-117.142998,1765.9,68.4,2.54,154,81,253,,True,5.3
618,32.938164,-117.14298,1768.2,68.6,2.52,154,81,254,,True,1.7
619,32.938152,-117.142958,1770.2,68.6,2.28,154,80,253,,True,0.0
620,32.938146,-117.142935,1772.5,68.8,2.28,154,80,252,,True,-1.6
621,32.938138,-117.142901,1775.3,68.6,2.38,154,80,248,,True,-1.9
622,32.938137,-117.142872,1778.0,68.4,2.42,153,80,246,,True,-3.8
623,32.938138,-117.142844,1780.6,68.4,2.48,153,80,246,,True,0.0
624,32.938142,-117.142821,1783.1,68.4,2.58,153,81,245,,True,1.9
625,32.938156,-117.142792,1785.6,68.6,2.62,153,81,246,,True,3.6
626,32.938164,-117.142771,1788.4,68.6,2.62,153,81,245,,True,3.7
627,32.938178,-117.142736,1791.8,68.8,2.76,153,81,247,,True,3.7
628,32.938184,-117.142714,1794.0,68.8,2.68,153,79,248,,True,3.9
629,32.938187,-117.142694,1796.3,69.0,2.64,153,79,250,,True,1.8
630,32.938189,-117.142667,1798.6,69.0,2.6,152,80,251,,True,1.7
631,32.938186,-117.14264,1801.1,69.0,2.54,152,81,250,,True,1.6
632,32.938189,-117.142616,1803.2,69.0,2.28,152,81,251,,True,1.6
633,32.938198,-117.142582,1805.9,69.0,2.38,152,81,253,,True,1.9
634,32.938203,-117.142557,1808.5,69.2,2.44,152,81,254,,True,1.8
635,32.93822,-117.142538,1811.5,69.2,2.58,151,81,254,,True,3.8
636,32.938248,-117.142523,1814.3,69.2,2.64,151,81,256,,True,1.8
637,32.938262,-117.142508,1816.4,69.4,2.64,152,81,256,,True,1.8
638,32.938284,-117.142492,1819.5,69.4,2.72,152,81,256,,True,1.9
639,32.938309,-117.142472,1822.4,69.4,2.78,152,81,258,,True,0.0
640,32.93832,-117.142454,1825.1,69.4,2.72,151,81,259,,True,0.0
641,32.938324,-117.142422,1827.8,69.4,2.7,152,81,261,,True,0.0
642,32.938331,-117.142393,1830.2,69.4,2.76,152,81,260,,True,0.0
643,32.938341,-117.142371,1832.7,69.4,2.64,153,81,259,,True,0.0
644,32.938356,-117.14235,1835.3,69.4,2.58,153,80,259,,True,0.0
645,32.93838,-117.142342,1837.6,69.4,2.5,153,80,259,,True,0.0
646,32.938396,-117.142326,1840.0,69.4,2.44,153,81,259,,True,0.0
647,32.938412,-117.142299,1843.0,69.4,2.56,152,81,260,,True,0.0
648,32.938423,-117.142275,1845.5,69.4,2.56,152,81,261,,True,0.0
649,32.938426,-117.142252,1847.8,69.4,2.5,152,81,261,,True,-1.8
650,32.938434,-117.142222,1850.2,69.4,2.52,152,80,259,,True,-1.8
651,32.938433,-117.1422,1852.4,69.4,2.48,153,80,256,,True,-1.7
652,32.938427,-117.142182,1854.1,69.2,2.22,152,80,257,,True,0.0
653,32.938408,-117.142157,1856.5,69.2,2.2,153,80,258,,True,0.0
654,32.938388,-117.142141,1859.3,69.2,2.3,153,80,254,,True,1.8
655,32.938372,-117.142116,1862.5,69.4,2.46,152,80,252,,True,0.0
656,32.938361,-117.142085,1865.3,69.4,2.58,152,80,251,,True,0.0
657,32.93835,-117.142062,1867.9,69.2,2.76,152,80,249,,True,-1.7
658,32.938335,-117.142029,1871.1,69.2,2.92,152,80,245,,True,-1.7
659,32.938323,-117.141997,1874.2,69.2,2.98,152,81,244,,True,0.0
660,32.938309,-117.141971,1877.2,69.2,2.94,152,81,244,,True,0.0
661,32.938292,-117.141938,1880.6,69.2,3.06,152,81,243,,True,0.0
662,32.938277,-117.141904,1884.3,69.2,3.28,152,82,242,,True,0.0
663,32.938264,-117.141873,1887.8,69.2,3.34,152,82,243,,True,-1.4
664,32.938259,-117.141834,1891.6,69.2,3.48,151,81,245,,True,-1.5
665,32.938251,-117.141806,1894.7,69.0,3.5,152,81,252,,True,0.0
666,32.938243,-117.141767,1898.0,69.0,3.48,152,81,267,,True,0.0
667,32.938234,-117.141732,1901.6,69.2,3.46,153,81,270,,True,2.9
668,32.938225,-117.1417,1904.7,69.2,3.38,153,82,271,,True,2.8
669,32.938217,-117.141659,1908.3,69.4,3.34,155,83,278,,True,1.5
670,32.938204,-117.141623,1912.3,69.4,3.52,155,84,275,,True,1.5
671,32.938195,-117.141592,1915.3,69.4,3.46,156,84,279,,True,-1.5
672,32.938187,-117.14156,1918.4,69.4,3.36,156,84,285,,True,-1.5
673,32.93818,-117.141531,1921.3,69.2,3.32,156,84,283,,True,-3.1
674,32.938182,-117.141484,1925.3,69.2,3.4,157,84,274,,True,-3.0
675,32.938179,-117.141457,1928.4,69.0,3.22,157,84,270,,True,-1.4
676,32.938181,-117.141421,1931.9,69.0,3.32,157,84,274,,True,-1.5
677,32.938188,-117.141381,1935.5,69.0,3.42,158,84,281,,True,0.0
678,32.938188,-117.141354,1938.3,69.0,3.4,158,83,285,,True,1.7
679,32.938186,-117.141321,1941.4,69.0,3.22,158,82,285,,True,1.9
680,32.938187,-117.141291,1943.8,69.2,3.08,159,82,275,,True,1.9
681,32.938181,-117.141269,1946.2,69.2,2.86,159,82,273,,True,3.6
682,32.938174,-117.141243,1948.6,69.2,2.62,159,82,265,,True,1.8
683,32.93817,-117.141221,1950.5,69.4,2.44,159,82,258,,True,1.7
684,32.938164,-117.141199,1952.5,69.4,2.22,159,81,254,,True,1.7
685,32.93816,-117.141165,1955.2,69.4,2.28,160,81,242,,True,1.6
686,32.93816,-117.141141,1957.8,69.4,2.32,160,81,239,,True,1.9
687,32.93816,-117.141116,1960.3,69.4,2.34,160,81,240,,True,1.9
688,32.938161,-117.141082,1963.0,69.6,2.5,160,81,244,,True,1.8
689,32.938161,-117.141056,1965.8,69.6,2.66,159,81,244,,True,1.8
690,32.938167,-117.141028,1968.7,69.6,2.7,160,81,249,,True,-1.7
691,32.938173,-117.140992,1971.5,69.6,2.74,160,81,253,,True,-1.7
692,32.938175,-117.140962,1974.6,69.4,2.86,159,81,258,,True,-1.6
693,32.938175,-117.140929,1977.9,69.4,2.98,160,81,259,,True,-1.6
694,32.938177,-117.140892,1980.9,69.4,3.02,160,81,265,,True,0.0
695,32.938173,-117.140865,1983.9,69.4,3.04,159,81,272,,True,1.7
696,32.938167,-117.140829,1986.8,69.4,3.06,160,81,272,,True,1.5
697,32.938165,-117.140796,1989.9,69.6,3.06,160,81,269,,True,1.6
698,32.938159,-117.140762,1993.9,69.6,3.2,160,81,268,,True,1.6
699,32.938159,-117.140728,1996.7,69.6,3.16,159,81,267,,True,0.0
700,32.938157,-117.140702,1999.0,69.6,3.02,160,81,281,,True,0.0
701,32.938157,-117.140674,2001.7,69.6,2.98,160,81,282,,True,0.0
702,32.938172,-117.140639,2004.7,69.6,2.96,160,81,262,,True,0.0
703,32.938176,-117.140614,2007.3,69.6,2.68,160,81,262,,True,1.7
704,32.938186,-117.140583,2010.9,69.6,2.84,160,81,259,,True,1.7
705,32.938205,-117.140557,2013.5,69.8,2.9,160,81,265,,True,1.7
706,32.938214,-117.140535,2016.2,69.8,2.9,160,81,266,,True,1.8
707,32.938226,-117.14051,2019.2,69.8,2.9,160,81,266,,True,0.0
708,32.938249,-117.14049,2022.0,69.8,2.94,160,80,266,,True,0.0
709,32.93826,-117.140472,2024.2,69.8,2.66,159,80,265,,True,0.0
710,32.938272,-117.140447,2026.7,69.8,2.64,160,80,265,,True,0.0
711,32.938287,-117.140424,2029.5,69.8,2.66,160,80,259,,True,0.0
712,32.938297,-117.140403,2032.0,69.8,2.56,159,81,258,,True,0.0
713,32.938315,-117.140377,2034.9,69.8,2.58,160,81,258,,True,2.0
714,32.938327,-117.140356,2037.4,69.8,2.64,159,80,258,,True,0.0
715,32.938335,-117.140338,2039.7,70.0,2.6,159,80,257,,True,1.7
716,32.93835,-117.140311,2042.1,69.8,2.52,159,81,258,,True,1.7
717,32.938359,-117.140289,2044.3,70.0,2.46,159,81,254,,True,0.0
718,32.938364,-117.140269,2046.6,70.0,2.34,159,81,253,,True,1.7
719,32.938371,-117.140235,2049.0,70.0,2.32,159,81,252,,True,0.0
720,32.938369,-117.140213,2051.4,70.0,2.34,159,81,251,,True,0.0
721,32.938367,-117.140184,2053.9,70.0,2.36,159,81,251,,True,0.0
722,32.938364,-117.14015,2056.7,70.0,2.48,159,81,249,,True,0.0
723,32.938359,-117.140122,2059.7,70.0,2.62,158,81,249,,True,0.0
724,32.938353,-117.140093,2062.8,70.0,2.76,158,81,250,,True,-1.7
725,32.938354,-117.140056,2065.8,70.0,2.88,158,80,252,,True,-1.7
726,32.938344,-117.140032,2068.6,69.8,2.94,158,80,253,,True,-1.7
727,32.938335,-117.140003,2071.7,69.8,3.0,158,80,253,,True,-1.9
728,32.938327,-117.139973,2074.3,69.8,2.92,158,79,254,,True,0.0
729,32.938318,-117.139954,2076.3,69.8,2.7,157,79,254,,True,0.0
730,32.938303,-117.139924,2079.4,69.8,2.72,157,81,251,,True,1.9
731,32.938293,-117.139896,2082.1,69.8,2.7,157,81,248,,True,1.8
732,32.938281,-117.139875,2084.9,70.0,2.64,156,81,249,,True,2.0
733,32.938272,-117.139846,2087.7,70.0,2.68,156,81,248,,True,1.6
734,32.938274,-117.139822,2089.6,70.0,2.66,155,81,249,,True,0.0
735,32.938279,-117.139797,2091.8,70.0,2.48,154,81,250,,True,0.0
736,32.938291,-117.13977,2094.6,70.0,2.5,154,81,247,,True,1.6
737,32.938309,-117.139749,2097.1,70.0,2.44,153,81,246,,True,1.9
738,32.938323,-117.139732,2099.5,70.0,2.36,152,81,247,,True,1.9
739,32.938344,-117.13971,2102.2,70.2,2.52,151,80,249,,True,3.6
740,32.938371,-117.1397,2105.1,70.2,2.66,151,79,249,,True,3.4
741,32.938389,-117.139685,2108.2,70.4,2.72,151,79,250,,True,3.5
742,32.938414,-117.139667,2111.2,70.4,2.82,150,79,251,,True,3.7
743,32.938431,-117.139653,2113.5,70.6,2.8,150,80,253,,True,4.0
744,32.938444,-117.139639,2115.8,70.6,2.72,150,80,255,,True,6.7
745,32.938462,-117.139615,2118.3,70.8,2.64,149,81,256,,True,6.7
746,32.938472,-117.139591,2120.9,71.0,2.54,149,81,257,,True,8.4
747,32.938479,-117.139572,2123.1,71.2,2.38,149,81,260,,True,7.3
748,32.938488,-117.139546,2125.5,71.4,2.4,149,80,264,,True,5.7
749,32.938491,-117.139521,2127.7,71.6,2.38,149,79,265,,True,5.6
750,32.93849,-117.139508,2129.3,71.6,2.2,150,79,266,,True,3.9
751,32.938495,-117.139479,2131.4,71.6,2.1,150,79,273,,True,1.9
752,32.938499,-117.139453,2133.8,71.8,2.14,150,79,275,,True,3.4
753,32.938498,-117.139435,2135.8,71.8,2.06,151,79,278,,True,3.3
754,32.938505,-117.139408,2138.2,71.8,2.1,151,79,281,,True,1.7
755,32.938518,-117.13938,2141.1,72.0,2.36,151,79,282,,True,2.0
756,32.938525,-117.139363,2143.5,72.0,2.42,152,79,285,,True,3.9
757,32.938545,-117.139338,2145.9,72.0,2.42,152,79,287,,True,3.7
758,32.938562,-117.139323,2148.4,72.2,2.52,152,79,290,,True,4.8
759,32.938573,-117.139313,2150.3,72.4,2.42,152,79,292,,True,1.9
760,32.938588,-117.139302,2151.9,72.4,2.16,153,80,295,,True,1.9
828,32.938621,-117.139314,2151.9,72.4,0.023,120,0,0,,False,0.0
829,32.938639,-117.139319,2153.8,72.2,0.028,120,0,0,,True,-1.5
830,32.938667,-117.139324,2156.4,72.2,0.064,120,0,0,,True,-1.8
831,32.938693,-117.139326,2159.7,72.2,0.11,121,0,0,,True,1.6
832,32.938727,-117.139331,2163.3,72.2,0.158,121,0,0,,True,1.4
833,32.938754,-117.139326,2166.6,72.4,0.158,121,0,0,,True,2.6
834,32.938799,-117.139317,2171.2,72.4,3.48,122,83,327,,True,2.6
835,32.938833,-117.13931,2175.3,72.6,3.78,123,85,335,,True,2.6
836,32.938865,-117.139305,2178.8,72.6,3.82,124,85,390,,True,4.3
837,32.938895,-117.139304,2182.2,72.8,3.78,125,85,394,,True,3.0
838,32.938919,-117.139297,2185.3,73.0,3.74,126,85,368,,True,4.8
839,32.938952,-117.139288,2188.5,73.0,3.46,127,85,335,,True,5.0
840,32.938973,-117.139281,2191.4,73.2,3.22,129,84,317,,True,3.4
841,32.938996,-117.139274,2194.2,73.4,3.08,130,84,313,,True,3.5
842,32.939026,-117.139259,2197.1,73.4,2.98,131,84,303,,True,1.7
843,32.939044,-117.139242,2199.9,73.4,2.92,131,84,295,,True,-1.6
844,32.93907,-117.139223,2203.3,73.4,2.96,132,83,295,,True,-1.6
845,32.939094,-117.139203,2206.5,73.2,3.02,133,83,295,,True,-3.1
846,32.939113,-117.139182,2209.5,73.2,3.06,134,81,300,,True,-3.2
847,32.93914,-117.139156,2212.8,73.0,3.14,135,81,303,,True,-1.6
848,32.93916,-117.139139,2215.8,73.0,3.18,135,81,306,,True,-1.6
849,32.939181,-117.139118,2218.8,73.0,3.1,136,81,308,,True,0.0
850,32.939208,-117.139095,2222.4,73.0,3.18,137,82,302,,True,0.0
851,32.939226,-117.139077,2225.3,73.0,3.16,138,82,298,,True,-1.6
852,32.939247,-117.139063,2228.2,73.0,3.08,138,82,301,,True,-1.8
853,32.939278,-117.139049,2231.3,72.8,3.1,138,82,300,,True,-1.8
854,32.939296,-117.13904,2233.7,72.8,2.98,138,81,295,,True,-3.5
855,32.939323,-117.139039,2236.7,72.8,2.86,139,81,292,,True,-1.8
856,32.939355,-117.139043,2239.7,72.6,2.88,139,81,288,,True,0.0
857,32.939377,-117.139039,2242.4,72.6,2.84,140,81,286,,True,0.0
858,32.939406,-117.139039,2245.3,72.8,2.8,140,81,286,,True,3.4
859,32.939433,-117.139046,2248.1,72.8,2.88,140,81,281,,True,4.9
860,32.939458,-117.139047,2251.4,73.0,2.94,141,81,279,,True,3.2
861,32.939491,-117.139051,2254.6,73.2,2.98,141,81,280,,True,4.5
862,32.939516,-117.139054,2257.9,73.2,3.1,141,81,285,,True,3.1
863,32.939544,-117.139057,2261.4,73.4,3.22,142,81,289,,True,1.6
864,32.939575,-117.139062,2264.5,73.4,3.28,142,82,293,,True,1.7
865,32.939598,-117.139064,2267.3,73.4,3.18,142,82,299,,True,0.0
866,32.939624,-117.139066,2270.0,73.4,3.08,143,82,295,,True,1.8
867,32.939649,-117.139064,2273.0,73.4,3.02,144,82,292,,True,3.6
868,32.939669,-117.139062,2275.5,73.6,2.82,144,82,291,,True,3.8
869,32.9397,-117.139063,2278.4,73.8,2.78,145,82,292,,True,3.8
870,32.939718,-117.139069,2280.6,73.8,2.66,147,82,290,,True,1.8
871,32.939742,-117.13907,2283.5,73.8,2.7,147,81,290,,True,0.0
872,32.939772,-117.139064,2286.5,73.8,2.7,148,81,289,,True,0.0
873,32.939792,-117.13906,2288.9,73.8,2.68,148,81,289,,True,0.0
874,32.939817,-117.13906,2291.8,73.8,2.68,149,81,288,,True,1.9
875,32.939846,-117.139067,2294.7,73.8,2.82,149,81,286,,True,1.8
876,32.939867,-117.139063,2297.2,74.0,2.74,150,81,286,,True,1.8
877,32.939896,-117.139066,2300.1,74.0,2.72,151,81,286,,True,1.8
878,32.939924,-117.139071,2303.1,74.0,2.84,151,81,286,,True,1.7
879,32.939945,-117.139067,2305.9,74.0,2.82,151,81,291,,True,1.8
880,32.939975,-117.139066,2309.1,74.2,2.88,152,81,295,,True,3.6
881,32.939997,-117.139071,2311.5,74.2,2.86,152,81,297,,True,3.6
882,32.940017,-117.139069,2314.3,74.4,2.84,153,81,300,,True,3.8
883,32.940049,-117.139081,2317.0,74.4,2.78,153,81,301,,True,3.7
884,32.940065,-117.139085,2319.6,74.6,2.74,153,81,297,,True,1.9
885,32.940081,-117.139103,2322.2,74.6,2.62,153,81,298,,True,1.9
886,32.940102,-117.139131,2324.8,74.6,2.66,154,81,301,,True,0.0
887,32.94012,-117.139145,2327.4,74.6,2.62,154,81,302,,True,2.0
888,32.940136,-117.139157,2329.8,74.6,2.56,154,81,304,,True,2.0
889,32.940165,-117.13916,2332.3,74.8,2.54,154,81,303,,True,3.9
890,32.940184,-117.139153,2334.8,74.8,2.52,153,81,300,,True,3.8
891,32.940211,-117.139143,2337.6,75.0,2.56,153,82,297,,True,3.9
892,32.940233,-117.13914,2340.2,75.0,2.56,153,82,296,,True,3.8
893,32.940249,-117.13913,2342.5,75.2,2.54,153,81,297,,True,3.8
894,32.940281,-117.139123,2345.4,75.2,2.62,153,81,298,,True,4.0
895,32.940302,-117.139117,2348.1,75.4,2.66,154,81,294,,True,1.9
896,32.940321,-117.139113,2350.2,75.4,2.52,154,81,292,,True,1.9
897,32.940351,-117.139112,2353.2,75.4,2.6,154,81,289,,True,0.0
898,32.940371,-117.139109,2355.8,75.4,2.66,155,81,285,,True,0.0
899,32.9404,-117.139115,2358.7,75.4,2.66,155,82,284,,True,0.0
900,32.940428,-117.139122,2361.7,75.4,2.72,155,82,284,,True,1.7
901,32.940451,-117.139116,2364.7,75.4,2.9,156,81,284,,True,1.7
902,32.940483,-117.139115,2367.9,75.6,2.94,156,81,285,,True,3.5
903,32.940504,-117.139121,2370.5,75.6,2.94,157,81,284,,True,3.5
904,32.940525,-117.139116,2373.2,75.8,2.9,157,81,285,,True,3.9
905,32.940554,-117.139116,2376.1,75.8,2.88,158,81,285,,True,4.0
906,32.94057,-117.13912,2378.2,76.0,2.7,159,81,283,,True,3.9
907,32.940589,-117.139121,2380.6,76.0,2.54,159,81,285,,True,4.0
908,32.94062,-117.13913,2383.4,76.2,2.58,159,81,284,,True,3.9
909,32.940641,-117.139138,2386.1,76.2,2.58,159,81,282,,True,3.7
910,32.94066,-117.139147,2388.5,76.4,2.48,159,80,285,,True,1.9
911,32.940686,-117.139168,2391.5,76.4,2.66,158,80,287,,True,1.8
912,32.940707,-117.139169,2394.0,76.4,2.68,158,80,285,,True,0.0
913,32.940731,-117.139187,2397.4,76.4,2.8,158,81,284,,True,0.0
914,32.940755,-117.139208,2400.4,76.4,2.86,158,81,282,,True,0.0
915,32.940775,-117.139216,2403.0,76.4,2.9,158,81,280,,True,0.0
916,32.940801,-117.139236,2406.1,76.4,2.92,158,82,277,,True,0.0
917,32.94082,-117.139254,2409.0,76.4,3.0,157,82,275,,True,0.0
918,32.940838,-117.139264,2411.5,76.4,2.82,157,81,276,,True,0.0
919,32.940867,-117.139276,2414.4,76.4,2.8,157,81,275,,True,0.0
920,32.940888,-117.139288,2417.0,76.4,2.8,156,81,271,,True,0.0
921,32.9409,-117.139308,2419.4,76.4,2.66,156,81,270,,True,0.0
922,32.940912,-117.139345,2422.6,76.4,2.72,156,81,273,,True,-1.8
923,32.940919,-117.139367,2425.2,76.4,2.74,156,81,272,,True,-1.7
924,32.940917,-117.139401,2428.4,76.2,2.8,155,81,272,,True,-1.7
925,32.940911,-117.139436,2431.3,76.2,2.86,155,81,273,,True,-3.2
926,32.940913,-117.139462,2434.1,76.2,2.94,155,81,274,,True,-1.6
927,32.94091,-117.139506,2437.6,76.0,3.0,155,81,272,,True,-1.6
928,32.94091,-117.139535,2440.6,76.0,3.08,155,82,269,,True,0.0
929,32.94091,-117.139567,2443.9,76.0,3.1,155,82,271,,True,1.6
930,32.940908,-117.139609,2447.4,76.2,3.22,155,82,270,,True,0.0
931,32.940903,-117.139634,2450.0,76.2,3.18,155,82,269,,True,0.0
932,32.940897,-117.139671,2453.5,76.0,3.18,155,82,269,,True,-3.2
933,32.940893,-117.139708,2456.7,76.0,3.22,155,82,267,,True,-3.0
934,32.940896,-117.139737,2459.8,75.8,3.18,155,81,268,,True,-3.2
935,32.940892,-117.13978,2463.4,75.8,3.2,154,81,268,,True,-3.3
936,32.940885,-117.139805,2466.1,75.6,3.22,154,82,267,,True,-1.7
937,32.940881,-117.139836,2469.0,75.6,3.1,154,83,267,,True,-1.8
938,32.940878,-117.139871,2471.8,75.6,3.02,154,83,267,,True,-1.8
939,32.940871,-117.139894,2474.5,75.6,2.94,155,82,266,,True,-3.5
940,32.940869,-117.139924,2477.4,75.4,2.8,155,82,265,,True,-3.6
941,32.940865,-117.139956,2480.3,75.2,2.84,155,82,264,,True,-3.5
942,32.940865,-117.13998,2482.8,75.2,2.76,155,82,263,,True,-1.8
943,32.940858,-117.140017,2485.8,75.2,2.8,155,82,263,,True,0.0
944,32.940846,-117.140042,2488.7,75.2,2.84,155,82,262,,True,0.0
945,32.940838,-117.140079,2492.4,75.2,3.0,155,82,262,,True,-1.4
946,32.940833,-117.140129,2496.6,75.2,3.26,155,82,262,,True,-3.8
947,32.94083,-117.140163,2500.4,75.0,3.52,155,83,262,,True,-4.0
948,32.940828,-117.140212,2504.5,74.6,3.74,155,83,262,,True,-4.1
949,32.940827,-117.140236,2507.3,74.6,3.72,155,83,263,,True,-3.0
950,32.940824,-117.140275,2511.2,74.6,3.76,154,82,265,,True,0.0
951,32.940824,-117.140306,2513.9,74.6,3.46,155,83,264,,True,1.6
952,32.940826,-117.140332,2516.7,74.6,3.26,155,86,275,,True,1.8
953,32.940822,-117.140372,2519.6,74.8,3.02,154,86,278,,True,3.2
954,32.940822,-117.140396,2522.4,74.8,3.02,155,84,279,,True,3.1
955,32.940812,-117.140439,2526.4,75.0,3.04,155,84,275,,True,3.0
956,32.94081,-117.140475,2529.6,75.0,3.14,155,83,279,,True,4.3
957,32.940808,-117.140507,2532.8,75.2,3.22,155,83,314,,True,3.2
958,32.940811,-117.140548,2536.4,75.4,3.36,156,84,313,,True,4.8
959,32.940812,-117.140572,2539.0,75.4,3.32,156,84,316,,True,3.3
960,32.940811,-117.140603,2542.1,75.6,3.14,156,84,304,,True,1.8
961,32.940802,-117.140639,2545.1,75.6,3.1,156,84,289,,True,1.6
962,32.9408,-117.140663,2547.8,75.6,3.0,157,83,286,,True,0.0
963,32.940794,-117.140704,2551.3,75.6,2.98,156,83,287,,True,0.0
964,32.94079,-117.140731,2553.9,75.6,2.98,156,83,289,,True,0.0
965,32.940789,-117.14076,2556.9,75.6,2.96,157,82,287,,True,0.0
966,32.940786,-117.140803,2560.4,75.6,3.06,157,82,287,,True,-1.7
967,32.940786,-117.140822,2562.6,75.6,2.96,157,82,287,,True,-1.7
968,32.940778,-117.140853,2565.7,75.4,2.88,156,82,286,,True,-1.9
969,32.940774,-117.140887,2568.6,75.4,2.94,157,83,285,,True,-1.7
970,32.940775,-117.140911,2571.1,75.4,2.84,157,83,284,,True,0.0
971,32.940771,-117.140946,2574.4,75.4,2.8,157,82,285,,True,0.0
972,32.940766,-117.14097,2576.3,75.4,2.74,156,82,285,,True,1.7
973,32.940769,-117.140996,2579.0,75.4,2.66,157,82,285,,True,1.9
974,32.940767,-117.141038,2582.6,75.6,2.8,157,82,286,,True,3.4
975,32.940764,-117.141061,2585.0,75.6,2.78,156,82,286,,True,1.7
976,32.940761,-117.14109,2588.0,75.8,2.72,157,82,287,,True,-1.8
977,32.940756,-117.141129,2591.0,75.6,2.94,157,82,288,,True,-1.7
978,32.940756,-117.14115,2593.6,75.4,2.92,156,82,287,,True,-5.2
979,32.940749,-117.141182,2596.8,75.4,2.84,157,82,286,,True,-5.3
980,32.940744,-117.141217,2599.6,75.2,2.92,156,82,284,,True,-3.3
981,32.940741,-117.141245,2602.3,75.0,2.86,156,81,283,,True,-3.4
982,32.940739,-117.141282,2605.8,75.0,2.96,156,81,282,,True,-1.7
983,32.94073,-117.141308,2608.5,75.0,2.98,157,81,281,,True,0.0
984,32.940724,-117.141338,2611.2,75.0,2.88,156,81,280,,True,0.0
985,32.940703,-117.141373,2614.4,75.0,2.96,156,81,281,,True,0.0
986,32.940681,-117.141378,2617.2,75.0,2.98,157,81,280,,True,-1.6
987,32.940652,-117.141374,2620.3,75.0,2.9,156,82,276,,True,-3.1
988,32.940615,-117.141376,2624.1,74.8,3.12,156,82,274,,True,-6.0
989,32.940596,-117.141389,2627.1,74.6,3.18,156,82,271,,True,-7.4
990,32.94057,-117.141418,2630.5,74.2,3.22,156,82,271,,True,-7.6
991,32.940548,-117.14144,2633.8,74.0,3.32,155,82,271,,True,-7.0
992,32.940527,-117.141466,2637.3,73.8,3.4,156,81,273,,True,-5.7
993,32.940499,-117.141498,2641.3,73.6,3.44,156,81,275,,True,-5.8
994,32.94048,-117.141517,2644.5,73.4,3.48,157,81,276,,True,-4.3
995,32.940458,-117.141536,2647.6,73.2,3.42,157,83,278,,True,-4.6
996,32.940426,-117.141554,2651.2,73.2,3.48,157,83,278,,True,-4.6
997,32.940406,-117.14157,2654.3,73.0,3.4,157,83,275,,True,-3.0
998,32.940379,-117.141584,2657.5,72.8,3.24,157,82,270,,True,-4.9
999,32.940348,-117.141596,2660.8,72.8,3.26,157,81,265,,True,-5.0
1000,32.940329,-117.141611,2663.5,72.6,3.18,158,81,261,,True,-5.2
1001,32.940306,-117.141627,2666.2,72.4,3.0,157,81,257,,True,-5.6
1002,32.940284,-117.141642,2669.1,72.2,2.96,157,82,253,,True,-6.7
1003,32.940266,-117.141661,2671.6,72.2,2.82,157,82,250,,True,-6.7
1004,32.940241,-117.141691,2675.4,71.8,2.92,157,82,248,,True,-6.8
1005,32.940222,-117.141701,2678.1,71.6,2.92,158,82,245,,True,-6.3
1006,32.940202,-117.141716,2680.9,71.4,2.94,157,82,243,,True,-5.4
1007,32.940172,-117.141739,2684.2,71.4,3.02,157,81,243,,True,-3.5
1008,32.94016,-117.141751,2686.6,71.2,3.0,158,81,242,,True,-1.7
1009,32.940135,-117.141769,2689.4,71.2,2.8,157,81,243,,True,-1.8
1010,32.940106,-117.141784,2692.7,71.2,2.92,157,81,244,,True,0.0
1011,32.940088,-117.1418,2695.6,71.2,2.94,157,81,243,,True,-1.6
1012,32.94006,-117.141815,2698.8,71.2,2.92,157,81,243,,True,-3.4
1013,32.940035,-117.141829,2701.8,71.0,3.04,157,81,245,,True,-3.3
1014,32.940017,-117.141845,2704.5,70.8,3.02,157,81,247,,True,-3.4
1015,32.939989,-117.141867,2707.7,70.8,3.0,157,81,250,,True,-1.8
1016,32.939969,-117.141874,2710.4,70.8,2.96,156,81,251,,True,0.0
1017,32.939946,-117.141888,2713.2,70.8,2.88,156,81,253,,True,0.0
1018,32.939914,-117.141906,2716.8,70.8,3.0,156,81,253,,True,-1.6
1019,32.939891,-117.141917,2719.9,70.8,3.08,155,81,253,,True,-1.5
1020,32.939869,-117.141928,2722.7,70.6,3.0,155,80,256,,True,-3.3
1021,32.939837,-117.14195,2726.3,70.6,3.18,154,80,258,,True,-5.0
1022,32.939824,-117.141965,2728.9,70.4,3.14,154,81,260,,True,-4.9
1023,32.939799,-117.141985,2731.9,70.2,3.02,154,81,258,,True,-7.3
1024,32.939776,-117.142004,2735.0,70.0,3.02,153,81,259,,True,-5.2
1025,32.939764,-117.142021,2737.3,69.8,2.92,153,81,260,,True,-3.5
1026,32.93974,-117.142049,2740.4,69.8,2.82,153,82,262,,True,-3.6
1027,32.939726,-117.142072,2743.4,69.8,2.9,153,82,262,,True,-1.7
1028,32.939715,-117.142097,2746.2,69.6,2.86,153,82,263,,True,-3.4
1029,32.939703,-117.14213,2749.1,69.6,2.82,153,82,263,,True,-4.9
1030,32.939688,-117.142156,2752.3,69.4,3.0,153,81,263,,True,-3.3
1031,32.939678,-117.142185,2755.6,69.2,3.04,153,81,265,,True,-3.4
1032,32.939673,-117.142224,2758.5,69.2,3.02,153,81,266,,True,-1.7
1033,32.939671,-117.142244,2760.9,69.2,2.94,152,81,267,,True,0.0
1034,32.939664,-117.142279,2764.4,69.2,3.06,152,81,269,,True,0.0
1035,32.939653,-117.142306,2766.8,69.2,2.9,152,81,271,,True,0.0
1036,32.939639,-117.142324,2769.0,69.2,2.68,151,81,270,,True,0.0
1037,32.939612,-117.142334,2771.8,69.2,2.66,152,81,269,,True,0.0
1038,32.939584,-117.142344,2774.9,69.2,2.8,152,81,268,,True,0.0
1039,32.939561,-117.142352,2777.9,69.2,2.7,151,81,268,,True,-1.5
1040,32.939523,-117.142357,2781.6,69.2,2.96,152,81,266,,True,-1.5
1041,32.939496,-117.142361,2784.9,69.0,3.18,152,81,263,,True,-1.4
1042,32.939469,-117.142363,2788.3,69.0,3.3,151,81,265,,True,-3.1
1043,32.939435,-117.142369,2791.8,69.0,3.38,151,81,267,,True,-1.6
1044,32.939414,-117.142373,2794.4,68.8,3.3,151,81,270,,True,-1.5
1045,32.939384,-117.142371,2797.8,68.8,3.24,152,81,270,,True,-1.6
1046,32.939352,-117.14237,2801.3,68.8,3.28,152,81,270,,True,0.0
1047,32.939332,-117.142377,2804.0,68.8,3.14,153,82,269,,True,0.0
1048,32.939298,-117.142378,2807.3,68.8,3.1,153,81,270,,True,0.0
1049,32.939274,-117.14238,2810.1,68.8,3.14,153,82,272,,True,0.0
1050,32.93925,-117.142385,2813.1,68.8,3.06,153,82,271,,True,0.0
1051,32.939209,-117.142391,2816.8,68.8,3.1,153,82,271,,True,0.0
1052,32.939187,-117.142391,2819.8,68.8,3.16,153,81,269,,True,0.0
1053,32.939157,-117.142397,2823.1,68.8,3.16,153,81,273,,True,0.0
1054,32.939123,-117.142391,2826.6,68.8,3.3,153,81,276,,True,0.0
1055,32.9391,-117.142391,2829.6,68.8,3.3,154,81,278,,True,0.0
1056,32.939069,-117.142385,2832.7,68.8,3.18,153,82,276,,True,0.0
1057,32.939047,-117.14238,2835.4,68.8,3.12,153,82,275,,True,0.0
1058,32.939025,-117.142378,2838.0,68.8,2.98,154,83,276,,True,0.0
1059,32.938992,-117.142373,2841.2,68.8,2.92,154,83,275,,True,0.0
1060,32.938972,-117.142364,2843.8,68.8,2.84,154,83,274,,True,0.0
1061,32.938948,-117.142359,2846.6,68.8,2.78,153,83,275,,True,0.0
1062,32.93892,-117.142363,2849.6,68.8,2.84,154,81,277,,True,0.0
1063,32.938898,-117.142366,2851.9,68.8,2.78,154,81,278,,True,0.0
1064,32.938874,-117.142369,2854.7,68.8,2.7,154,81,280,,True,0.0
1065,32.938842,-117.142372,2857.9,68.8,2.82,154,81,280,,True,0.0
1066,32.938823,-117.142377,2860.5,68.8,2.78,155,81,280,,True,0.0
1067,32.938796,-117.142374,2863.3,68.8,2.74,155,81,281,,True,0.0
1068,32.938767,-117.142376,2866.1,68.8,2.84,155,81,283,,True,0.0
1069,32.938748,-117.142379,2868.6,68.8,2.78,155,81,283,,True,0.0
1070,32.938723,-117.142378,2871.4,68.8,2.7,154,81,282,,True,0.0
1071,32.938695,-117.142381,2874.2,68.8,2.74,155,81,281,,True,-1.7
1072,32.938674,-117.142387,2877.0,68.8,2.74,155,81,280,,True,-1.6
1073,32.938641,-117.142396,2880.5,68.6,2.88,155,81,279,,True,-1.6
1074,32.938611,-117.142395,2883.7,68.6,3.02,155,81,278,,True,-1.6
1075,32.938588,-117.142396,2886.6,68.6,3.04,154,80,280,,True,0.0
1076,32.93856,-117.142394,2889.7,68.6,3.1,155,80,280,,True,0.0
1077,32.938535,-117.142403,2892.5,68.6,3.1,155,80,280,,True,-1.8
1078,32.938519,-117.142417,2894.8,68.6,2.86,155,80,280,,True,-1.8
1079,32.938489,-117.142419,2897.8,68.4,2.82,155,80,279,,True,-2.0
1080,32.938461,-117.142421,2900.8,68.4,2.84,155,80,275,,True,-10.3
1081,32.938443,-117.14242,2902.7,68.4,2.6,154,80,276,,True,-10.3
1115,32.938435,-117.14243,2903.1,67.8,0.066,131,0,0,,False,-11.0
1116,32.938424,-117.142446,2904.5,67.6,0.051,130,0,0,,True,-13.9
1117,32.938412,-117.142459,2906.5,67.4,0.106,130,0,0,,True,-15.6
1118,32.938393,-117.142471,2908.7,67.2,0.162,129,0,0,,True,-11.3
1119,32.938383,-117.142494,2910.9,67.0,0.216,129,0,0,,True,-12.2
1120,32.938385,-117.142507,2912.4,66.6,1.86,129,0,0,,True,-10.8
1121,32.938382,-117.142549,2915.5,66.4,2.2,129,0,0,,True,-11.1
1122,32.938392,-117.142571,2918.0,66.0,2.3,129,0,0,,True,-8.1
1123,32.938391,-117.142613,2921.7,65.8,2.6,130,80,259,,True,-7.9
1124,32.938391,-117.142644,2924.8,65.6,2.78,129,80,274,,True,-4.5
1125,32.938388,-117.142677,2928.1,65.4,3.14,129,83,300,,True,-3.2
1126,32.93838,-117.142715,2931.3,65.4,3.16,130,83,303,,True,0.0
1127,32.938384,-117.14274,2934.1,65.4,3.22,131,83,303,,True,3.3
1128,32.938394,-117.142782,2937.9,65.6,3.24,134,83,293,,True,3.3
1129,32.938402,-117.142806,2940.2,65.8,3.08,136,84,275,,True,4.6
1130,32.938408,-117.142836,2943.6,65.8,3.1,138,84,259,,True,5.1
1131,32.938417,-117.142881,2947.1,66.0,3.16,138,85,260,,True,3.0
1132,32.938411,-117.142905,2949.7,66.2,3.12,138,85,260,,True,3.1
1133,32.938406,-117.142941,2953.4,66.2,3.1,139,83,266,,True,3.3
1134,32.938403,-117.142977,2956.4,66.2,3.24,139,82,282,,True,1.6
1135,32.938403,-117.143002,2959.1,66.4,3.1,139,82,281,,True,0.0
1136,32.938395,-117.143039,2962.5,66.4,3.08,139,82,282,,True,0.0
1137,32.938397,-117.143071,2965.5,66.2,3.16,139,82,277,,True,-1.6
1138,32.938393,-117.143099,2968.4,66.2,3.0,139,82,274,,True,-1.7
1139,32.938388,-117.14314,2971.7,66.2,3.06,141,82,276,,True,0.0
1140,32.93839,-117.143164,2974.2,66.2,3.02,142,82,279,,True,0.0
1141,32.938384,-117.143193,2977.4,66.2,2.98,143,82,280,,True,0.0
1142,32.938379,-117.143229,2980.1,66.2,2.92,143,83,281,,True,0.0
1143,32.93838,-117.14325,2982.5,66.2,2.82,143,83,281,,True,0.0
1144,32.938371,-117.143282,2985.4,66.2,2.74,144,83,282,,True,-2.0
1145,32.938348,-117.143302,2988.0,66.2,2.76,145,82,276,,True,-3.7
1146,32.938334,-117.143316,2990.1,66.0,2.54,145,81,275,,True,-7.2
1147,32.938319,-117.143345,2993.3,65.8,2.64,146,80,268,,True,-10.3
1148,32.938315,-117.143375,2996.5,65.4,2.8,146,80,265,,True,-11.4
1149,32.938309,-117.143413,2999.7,65.0,2.86,147,80,261,,True,-9.6
1150,32.938303,-117.14344,3002.4,64.6,2.88,147,80,269,,True,-8.1
1151,32.938289,-117.143468,3005.8,64.6,3.14,148,80,272,,True,-5.1
1152,32.938257,-117.143489,3008.9,64.4,3.12,148,80,276,,True,0.0
1153,32.938236,-117.143499,3011.4,64.4,2.98,148,80,276,,True,0.0
1154,32.938213,-117.143512,3013.9,64.6,2.84,148,80,270,,True,0.0
1155,32.938193,-117.143534,3016.6,64.6,2.84,148,80,267,,True,-1.9
1156,32.938183,-117.143558,3019.0,64.4,2.64,149,83,257,,True,-3.6
1157,32.938176,-117.143593,3022.2,64.2,2.66,149,83,256,,True,-1.8
1158,32.938183,-117.143626,3025.0,64.2,2.72,149,82,257,,True,-1.7
1159,32.938194,-117.143652,3027.9,64.4,2.8,149,82,259,,True,1.7
1160,32.938211,-117.143683,3031.0,64.2,2.88,149,82,259,,True,1.7
1161,32.938227,-117.143702,3033.7,64.4,2.94,150,82,257,,True,0.0
1162,32.938246,-117.143726,3036.8,64.4,2.92,150,82,254,,True,0.0
1163,32.938266,-117.14376,3040.3,64.4,3.06,150,82,255,,True,-3.0
1164,32.938278,-117.143786,3043.3,64.2,3.08,150,82,254,,True,-2.9
1165,32.93828,-117.143824,3047.0,64.0,3.2,151,81,259,,True,-3.0
1166,32.938282,-117.143868,3050.8,64.0,3.42,151,81,264,,True,-1.4
1167,32.938285,-117.143893,3053.7,64.0,3.38,151,81,270,,True,0.0
1168,32.938283,-117.14393,3057.2,64.0,3.38,151,81,273,,True,1.7
1169,32.938289,-117.143963,3059.9,64.0,3.32,152,81,276,,True,3.5
1170,32.938299,-117.143985,3062.6,64.2,3.12,152,81,278,,True,5.6
1171,32.938309,-117.144014,3065.2,64.4,2.88,152,81,279,,True,5.5
1172,32.938324,-117.144041,3068.0,64.6,2.86,153,81,277,,True,3.5
1173,32.938335,-117.144066,3070.8,64.6,2.72,152,81,276,,True,1.8
1174,32.93835,-117.144098,3074.0,64.6,2.82,152,81,276,,True,0.0
1175,32.938354,-117.144117,3076.4,64.6,2.76,153,81,277,,True,0.0
1176,32.938352,-117.144148,3079.4,64.6,2.84,153,81,280,,True,0.0
1177,32.938342,-117.144187,3082.5,64.6,2.9,154,81,282,,True,-1.7
1178,32.938333,-117.144214,3085.0,64.6,2.84,154,81,282,,True,-3.4
1179,32.938327,-117.144244,3088.1,64.4,2.82,155,81,283,,True,-5.0
1180,32.938329,-117.144281,3091.3,64.2,2.98,155,80,283,,True,-6.1
1181,32.938334,-117.14431,3094.4,64.0,3.0,155,80,283,,True,-4.7
1182,32.93833,-117.144351,3098.2,63.8,3.14,155,80,283,,True,-1.7
1183,32.938323,-117.144381,3100.9,63.8,3.18,155,81,282,,True,-1.6
1184,32.938325,-117.144405,3103.4,64.0,3.06,156,81,283,,True,1.8
1185,32.938328,-117.144442,3106.7,63.8,3.08,156,82,282,,True,1.9
1186,32.938329,-117.144465,3109.1,64.0,2.94,156,82,280,,True,0.0
1187,32.938328,-117.144491,3111.6,64.0,2.68,156,81,280,,True,0.0
1188,32.938318,-117.14453,3114.8,64.0,2.78,157,81,280,,True,0.0
1189,32.938319,-117.144552,3117.2,63.8,2.76,157,81,280,,True,0.0
1190,32.93832,-117.144586,3120.4,64.0,2.74,157,81,281,,True,0.0
1191,32.938314,-117.14462,3123.2,64.0,2.82,157,81,281,,True,3.2
1192,32.938317,-117.144647,3126.1,64.0,2.9,156,82,281,,True,1.7
1193,32.938319,-117.144691,3129.7,64.2,2.98,157,82,280,,True,1.7
1194,32.938321,-117.144714,3131.9,64.2,2.94,157,82,280,,True,3.6
1195,32.938334,-117.144739,3134.7,64.2,2.86,156,82,281,,True,1.7
1196,32.938356,-117.144762,3137.1,64.4,2.78,157,81,280,,True,4.9
1197,32.938369,-117.144763,3138.9,64.4,2.56,157,81,280,,True,7.1
1198,32.938389,-117.144774,3141.4,64.4,2.34,157,81,279,,True,9.1
1199,32.938404,-117.144804,3144.1,64.8,2.44,157,81,280,,True,10.1
1200,32.938407,-117.144813,3146.0,65.0,2.26,156,81,282,,True,13.6
1201,32.938417,-117.144836,3148.1,65.4,2.2,156,81,286,,True,12.8
1202,32.938424,-117.144867,3150.8,65.6,2.38,156,80,290,,True,12.4
1203,32.938429,-117.144892,3153.2,66.0,2.36,156,80,295,,True,10.6
1204,32.938434,-117.144904,3155.0,66.2,2.18,156,79,291,,True,11.5
1205,32.93844,-117.144931,3157.3,66.4,2.26,157,79,284,,True,7.3
1206,32.938446,-117.144954,3159.4,66.6,2.26,157,79,276,,True,5.4
1207,32.938453,-117.144968,3161.2,66.8,2.08,157,79,280,,True,3.6
1208,32.938453,-117.144998,3164.1,66.8,2.18,157,79,288,,True,1.8
1209,32.938456,-117.145021,3166.1,66.8,2.22,157,79,293,,True,0.0
1210,32.938457,-117.145045,3168.3,66.8,2.2,158,79,309,,True,0.0
1211,32.938458,-117.145077,3170.7,66.8,2.26,158,79,313,,True,0.0
1212,32.938457,-117.145098,3172.7,66.8,2.3,158,79,314,,True,0.0
1213,32.93846,-117.145129,3176.3,66.8,2.44,159,80,311,,True,0.0
1214,32.938461,-117.145163,3179.1,66.8,2.6,159,81,309,,True,0.0
1215,32.938461,-117.145183,3181.3,66.8,2.6,160,81,316,,True,0.0
1216,32.938465,-117.145208,3183.6,66.8,2.58,161,81,314,,True,-1.6
1217,32.938471,-117.145242,3186.3,66.8,2.72,161,81,312,,True,-1.9
1218,32.93848,-117.145264,3189.0,66.6,2.54,161,81,303,,True,-1.8
1219,32.938478,-117.145292,3191.8,66.6,2.54,162,80,297,,True,-1.9
1220,32.938469,-117.145327,3194.6,66.6,2.66,162,80,294,,True,0.0
1221,32.938464,-117.145342,3196.6,66.6,2.6,162,80,290,,True,0.0
1222,32.938459,-117.145369,3199.3,66.6,2.6,162,80,286,,True,0.0
1223,32.938456,-117.145402,3201.8,66.6,2.56,162,81,281,,True,0.0
1224,32.938458,-117.145423,3204.0,66.6,2.44,162,81,275,,True,1.9
1225,32.938455,-117.145457,3207.3,66.6,2.54,162,81,271,,True,1.9
1226,32.938453,-117.145491,3210.1,66.8,2.7,162,81,269,,True,1.8
1227,32.938461,-117.145509,3212.5,66.8,2.64,162,80,277,,True,3.3
1228,32.938469,-117.145542,3215.1,66.8,2.66,162,80,271,,True,0.0
1229,32.938467,-117.145561,3217.0,66.8,2.6,162,80,258,,True,0.0
1230,32.938471,-117.145586,3219.5,67.0,2.44,162,81,256,,True,1.6
1231,32.938475,-117.145624,3222.5,66.8,2.48,162,81,246,,True,1.8
1232,32.938478,-117.145645,3225.0,66.8,2.5,162,81,243,,True,0.0
1233,32.938478,-117.145674,3228.0,67.0,2.58,161,81,248,,True,0.0
1234,32.938469,-117.145716,3231.2,67.0,2.84,161,81,251,,True,0.0
1235,32.938466,-117.145739,3233.8,66.8,2.86,161,81,255,,True,-3.9
1236,32.938464,-117.145765,3236.3,66.8,2.76,161,81,256,,True,-8.3
1237,32.938456,-117.145781,3238.3,66.6,2.66,161,81,248,,True,-10.9
1238,32.938447,-117.145797,3240.1,66.4,2.42,161,81,245,,True,-13.5
1239,32.938433,-117.145828,3243.2,66.0,2.4,161,81,238,,True,-15.4
1240,32.938413,-117.145857,3246.7,65.4,2.58,160,81,235,,True,-16.0
1241,32.938388,-117.145898,3251.3,64.6,3.0,160,81,231,,True,-15.4
1242,32.938361,-117.145946,3256.3,63.8,3.6,160,81,223,,True,-12.6
1243,32.938339,-117.145987,3261.4,63.2,4.26,160,81,216,,True,-8.9
1244,32.93832,-117.14603,3265.8,63.0,4.52,160,83,210,,True,-4.8
1245,32.938306,-117.146061,3269.3,63.0,4.52,160,83,367,,True,-2.7
1246,32.938292,-117.146101,3273.0,63.0,4.34,161,87,359,,True,-1.4
1247,32.938283,-117.146129,3276.0,62.8,3.94,162,89,326,,True,-1.5
1248,32.938269,-117.14617,3279.9,62.8,3.7,162,89,318,,True,0.0
1249,32.938254,-117.14619,3282.8,62.8,3.4,163,87,276,,True,0.0
1250,32.938229,-117.146205,3285.5,63.0,3.24,163,87,243,,True,0.0
1251,32.938201,-117.146224,3288.5,62.8,3.1,163,85,246,,True,-1.7
1252,32.938183,-117.146236,3290.9,62.8,2.98,163,85,240,,True,-4.8
1253,32.938157,-117.146254,3294.4,62.6,2.9,163,84,231,,True,-4.8
1254,32.938131,-117.14628,3297.9,62.4,3.02,162,84,236,,True,-4.8
1255,32.938125,-117.146303,3300.9,62.2,3.08,162,84,241,,True,-3.7
1256,32.938124,-117.146333,3303.4,62.2,2.98,162,84,245,,True,0.0
1257,32.938128,-117.146352,3305.3,62.2,2.88,162,84,251,,True,5.0
1258,32.938127,-117.146379,3308.0,62.4,2.72,162,84,240,,True,5.2
1259,32.938125,-117.14641,3310.4,62.8,2.5,162,85,226,,True,5.0
1260,32.938116,-117.146427,3312.8,62.8,2.38,162,85,230,,True,1.8
1261,32.938101,-117.146442,3315.0,62.8,2.32,162,85,231,,True,-1.7
1262,32.938079,-117.146461,3317.2,62.8,2.38,161,85,232,,True,-1.6
1263,32.938065,-117.146479,3319.4,62.6,2.28,161,82,235,,True,-2.0
1264,32.938046,-117.146507,3322.5,62.6,2.42,161,82,233,,True,-1.8
1265,32.938035,-117.146529,3325.1,62.6,2.46,161,81,235,,True,0.0
1266,32.938026,-117.146558,3328.1,62.6,2.62,161,81,239,,True,-1.9
1267,32.938019,-117.146591,3330.6,62.6,2.68,160,81,241,,True,-1.8
1268,32.93802,-117.146618,3333.1,62.4,2.74,160,81,244,,True,0.0
1269,32.938024,-117.146649,3336.2,62.4,2.74,160,82,245,,True,0.0
1270,32.938038,-117.146674,3338.4,62.6,2.66,160,83,245,,True,4.9
1271,32.938052,-117.146687,3340.7,62.6,2.52,160,83,249,,True,6.5
1272,32.938076,-117.146705,3342.9,62.8,2.46,159,82,251,,True,5.9
1273,32.938097,-117.146714,3345.4,63.0,2.46,159,82,249,,True,5.2
1274,32.938123,-117.14673,3348.5,63.2,2.46,159,82,244,,True,3.2
1275,32.938142,-117.146766,3352.2,63.2,2.76,160,82,245,,True,1.5
1276,32.938155,-117.146789,3355.4,63.2,2.94,159,82,253,,True,0.0
1277,32.938166,-117.146826,3358.9,63.2,3.2,159,82,286,,True,0.0
1278,32.938174,-117.146861,3362.3,63.2,3.38,159,82,293,,True,0.0
1279,32.938185,-117.146887,3365.5,63.2,3.4,159,82,306,,True,-1.6
1280,32.9382,-117.146922,3368.8,63.2,3.32,160,81,306,,True,-1.7
1281,32.938209,-117.146945,3371.3,63.0,3.18,159,81,296,,True,-1.7
1282,32.938217,-117.146973,3374.3,63.0,3.08,159,81,296,,True,-1.8
1283,32.938217,-117.147011,3377.4,63.0,3.02,160,82,281,,True,-1.7
1284,32.938219,-117.147036,3379.9,63.0,2.88,159,82,281,,True,-1.7
1285,32.938226,-117.147069,3383.2,62.8,2.88,159,82,281,,True,-1.7
1286,32.938228,-117.147106,3386.3,62.8,3.0,159,82,281,,True,-3.1
1287,32.938226,-117.147132,3389.2,62.8,2.98,159,82,282,,True,-1.7
1288,32.938216,-117.147172,3392.8,62.6,3.08,159,82,282,,True,-1.8
1289,32.938202,-117.147189,3395.2,62.6,3.06,158,82,281,,True,-1.7
1290,32.938191,-117.14721,3397.6,62.6,2.88,159,82,279,,True,-1.9
1291,32.938177,-117.147248,3400.8,62.6,2.9,159,82,278,,True,-1.9
1292,32.938172,-117.14727,3403.4,62.4,2.84,159,82,277,,True,-1.8
1293,32.938167,-117.147297,3406.0,62.4,2.64,159,82,275,,True,-1.9
1294,32.938161,-117.147331,3408.7,62.4,2.7,159,82,274,,True,0.0
1295,32.93816,-117.147358,3411.5,62.4,2.78,158,82,272,,True,0.0
1296,32.938156,-117.147397,3414.9,62.4,2.82,158,82,271,,True,1.7
1297,32.938156,-117.147424,3417.6,62.4,2.84,158,82,271,,True,1.6
1298,32.938149,-117.147452,3420.7,62.6,2.94,158,82,272,,True,1.7
1299,32.938142,-117.14749,3423.8,62.6,3.02,158,82,274,,True,1.6
1300,32.93814,-117.147512,3426.5,62.6,3.0,158,82,273,,True,0.0
1301,32.938135,-117.147554,3429.8,62.6,2.98,158,83,274,,True,-1.5
1302,32.938126,-117.14759,3433.1,62.6,3.1,158,83,273,,True,-1.5
1303,32.938124,-117.147621,3436.8,62.4,3.22,158,83,271,,True,-2.9
1304,32.938141,-117.147663,3440.2,62.4,3.28,158,83,271,,True,-2.9
1305,32.938151,-117.147689,3443.4,62.2,3.38,159,83,274,,True,-1.6
1306,32.938158,-117.147732,3446.8,62.2,3.4,159,84,275,,True,-1.5
1307,32.938157,-117.147761,3449.5,62.2,3.28,160,85,273,,True,0.0
1308,32.938154,-117.147804,3453.3,62.2,3.3,160,86,271,,True,0.0
1309,32.938151,-117.14785,3457.2,62.2,3.4,160,86,272,,True,1.4
1310,32.938158,-117.147879,3460.7,62.2,3.46,161,85,277,,True,1.5
1311,32.938171,-117.147911,3463.8,62.4,3.4,161,84,293,,True,1.7
1312,32.93819,-117.147926,3466.5,62.4,3.4,162,83,296,,True,3.7
1313,32.938209,-117.147937,3468.8,62.4,3.1,162,83,294,,True,0.0
1314,32.938232,-117.147958,3471.4,62.6,2.84,162,83,275,,True,0.0
1315,32.938247,-117.147974,3473.5,62.4,2.56,162,82,262,,True,0.0
1316,32.93826,-117.147994,3476.1,62.4,2.46,162,82,258,,True,-2.0
1317,32.938274,-117.14802,3478.7,62.4,2.44,162,82,252,,True,-1.8
1318,32.938289,-117.14804,3481.4,62.4,2.52,162,83,250,,True,-3.4
1319,32.938301,-117.148076,3484.4,62.2,2.6,162,83,250,,True,-3.1
1320,32.93831,-117.148115,3488.0,62.0,2.9,162,82,252,,True,-4.4
1321,32.938319,-117.148148,3491.4,62.0,3.06,162,81,262,,True,-2.9
1322,32.938322,-117.148187,3495.0,61.8,3.26,162,81,285,,True,-1.4
1323,32.938323,-117.148218,3498.2,61.8,3.36,161,82,294,,True,-3.0
1324,32.938321,-117.148253,3501.8,61.8,3.48,161,82,300,,True,-1.6
1325,32.938311,-117.148287,3504.7,61.6,3.34,162,82,299,,True,-1.6
1326,32.938305,-117.148315,3507.6,61.6,3.24,162,82,289,,True,-1.7
1327,32.938289,-117.148346,3510.7,61.6,3.14,162,82,284,,True,0.0
1328,32.938276,-117.148376,3513.7,61.6,3.1,162,82,280,,True,1.7
1329,32.938265,-117.148398,3516.7,61.6,2.98,162,82,281,,True,3.5
1330,32.938251,-117.14843,3519.5,61.8,2.96,162,82,280,,True,3.3
1331,32.938243,-117.148457,3522.2,62.0,2.92,161,82,280,,True,3.3
1332,32.938234,-117.148494,3525.8,62.0,3.02,161,82,278,,True,1.7
1333,32.938234,-117.148528,3528.7,62.0,3.0,161,82,278,,True,0.0
1334,32.938241,-117.148548,3531.1,62.0,2.88,161,81,282,,True,-1.9
1335,32.938246,-117.148575,3533.5,62.0,2.8,162,81,282,,True,-1.9
1336,32.938253,-117.148607,3536.3,61.8,2.82,161,82,275,,True,-1.9
1337,32.938256,-117.148632,3539.1,61.8,2.66,161,82,271,,True,-1.9
1338,32.938254,-117.148662,3541.8,61.8,2.62,161,82,270,,True,0.0
1339,32.938245,-117.148684,3544.1,61.8,2.6,162,81,271,,True,-1.7
1340,32.938237,-117.148702,3546.4,61.8,2.58,162,81,270,,True,-1.8
1341,32.938234,-117.148726,3548.5,61.8,2.44,162,81,269,,True,-3.5
1342,32.938238,-117.148753,3550.6,61.6,2.3,162,81,267,,True,-3.4
1343,32.938234,-117.148775,3552.7,61.6,2.18,162,81,264,,True,-3.1
1344,32.938227,-117.148809,3555.6,61.4,2.3,161,81,261,,True,-1.9
1345,32.938224,-117.148836,3558.3,61.4,2.38,162,80,255,,True,-1.8
1346,32.938216,-117.148861,3561.4,61.4,2.58,161,79,255,,True,0.0
1347,32.938207,-117.148892,3564.0,61.4,2.68,161,79,255,,True,0.0
1348,32.938202,-117.148919,3566.6,61.4,2.78,161,80,256,,True,0.0
1349,32.938204,-117.14894,3568.8,61.4,2.64,161,81,256,,True,0.0
1350,32.938215,-117.148966,3571.1,61.4,2.56,160,81,251,,True,2.0
1351,32.938225,-117.148976,3572.4,61.4,2.2,160,80,242,,True,1.9
1352,32.938236,-117.148993,3574.1,61.4,2.02,160,80,236,,True,1.8
1353,32.938251,-117.149021,3576.8,61.6,2.04,160,80,216,,True,1.7
1354,32.938264,-117.14904,3579.4,61.6,2.12,159,80,215,,True,2.0
1355,32.938275,-117.149062,3582.0,61.6,2.18,159,80,219,,True,0.0
1356,32.938293,-117.149079,3584.3,61.6,2.38,159,80,224,,True,0.0
1357,32.938308,-117.149086,3586.2,61.6,2.42,159,80,230,,True,0.0
1358,32.938325,-117.149096,3588.1,61.6,2.26,159,80,230,,True,0.0
1359,32.938342,-117.149121,3590.6,61.6,2.24,159,81,219,,True,0.0
1360,32.938355,-117.149136,3592.9,61.6,2.18,158,81,217,,True,0.0
1361,32.938374,-117.149159,3595.8,61.6,2.3,158,81,217,,True,0.0
1362,32.938391,-117.149176,3598.3,61.6,2.42,158,80,219,,True,0.0
1363,32.938406,-117.149195,3600.8,61.6,2.54,158,79,229,,True,2.0
1364,32.938415,-117.149217,3603.2,61.6,2.52,158,79,232,,True,3.3
1365,32.938425,-117.149247,3605.9,61.8,2.6,158,80,234,,True,3.3
1366,32.93843,-117.149267,3608.1,61.8,2.46,158,80,233,,True,4.7
1367,32.938432,-117.149295,3610.5,62.0,2.44,158,80,232,,True,3.9
1368,32.938435,-117.149326,3613.1,62.0,2.46,158,80,234,,True,3.9
1369,32.938437,-117.149351,3616.1,62.2,2.58,159,80,236,,True,0.0
1370,32.938435,-117.149374,3618.3,62.2,2.48,159,79,239,,True,-1.8
1371,32.938432,-117.149397,3620.1,62.2,2.4,159,79,241,,True,-4.0
1372,32.938435,-117.149416,3622.2,62.0,2.34,158,79,242,,True,-4.1
1373,32.938441,-117.149436,3624.0,61.8,2.18,158,80,237,,True,-3.4
1374,32.938456,-117.149459,3626.1,61.8,2.0,158,80,233,,True,0.0
1375,32.938469,-117.149469,3628.1,61.8,1.96,158,80,229,,True,1.9
1376,32.938485,-117.149477,3630.1,61.8,2.0,158,77,230,,True,3.6
1377,32.938507,-117.149492,3632.4,62.0,2.04,158,77,228,,True,5.0
1378,32.938527,-117.149502,3634.7,62.0,2.14,158,77,225,,True,6.0
1379,32.938546,-117.149513,3637.2,62.2,2.22,158,79,225,,True,5.5
1380,32.938565,-117.149541,3640.1,62.4,2.4,157,79,228,,True,5.3
1381,32.938581,-117.149562,3643.4,62.6,2.66,157,79,231,,True,3.4
1382,32.938591,-117.149585,3646.0,62.6,2.72,157,79,237,,True,1.7
1383,32.938603,-117.149621,3649.1,62.6,2.88,157,79,250,,True,0.0
1384,32.938616,-117.149642,3651.7,62.6,2.9,157,79,252,,True,0.0
1385,32.938624,-117.149665,3654.2,62.6,2.82,157,80,259,,True,0.0
1386,32.938634,-117.149699,3656.8,62.6,2.68,157,80,261,,True,0.0
1387,32.938647,-117.149717,3659.4,62.6,2.68,158,80,258,,True,1.9
1388,32.938655,-117.149741,3662.0,62.6,2.58,159,80,259,,True,1.9
1389,32.938649,-117.14978,3665.0,62.8,2.66,159,80,257,,True,1.8
1390,32.93865,-117.149804,3667.6,62.8,2.68,159,80,258,,True,1.7
1391,32.938645,-117.149832,3670.6,62.8,2.76,159,80,264,,True,0.0
1392,32.938634,-117.149869,3673.5,62.8,2.82,159,80,268,,True,0.0
1393,32.938632,-117.149893,3676.2,62.8,2.84,159,80,269,,True,0.0
1394,32.938625,-117.149926,3679.4,62.8,2.88,159,80,269,,True,0.0
1395,32.938616,-117.149953,3682.0,62.8,2.88,160,80,268,,True,0.0
1396,32.938613,-117.149978,3684.4,62.8,2.76,159,80,270,,True,0.0
1397,32.938595,-117.150009,3687.9,62.8,2.88,159,81,269,,True,0.0
1398,32.938579,-117.150024,3690.2,62.8,2.8,159,81,268,,True,0.0
1399,32.938569,-117.150048,3692.8,62.8,2.68,159,80,267,,True,0.0
1400,32.93855,-117.15008,3696.0,62.8,2.8,159,80,264,,True,0.0
1401,32.938534,-117.150098,3698.8,62.8,2.88,159,81,262,,True,0.0
1402,32.93852,-117.150115,3701.2,62.8,2.66,159,81,263,,True,0.0
1403,32.938495,-117.150139,3704.2,62.8,2.8,159,81,262,,True,1.9
1404,32.938479,-117.150153,3706.9,62.8,2.82,158,81,258,,True,1.8
1405,32.938462,-117.150168,3709.2,63.0,2.64,158,81,259,,True,1.9
1406,32.938435,-117.150188,3712.3,63.0,2.7,158,81,260,,True,1.8
1407,32.938417,-117.150201,3714.9,63.0,2.74,158,81,258,,True,0.0
1408,32.938391,-117.150208,3718.0,63.0,2.76,158,80,257,,True,-1.7
1409,32.938361,-117.150205,3721.3,63.0,2.88,157,80,253,,True,-1.6
1410,32.938337,-117.150204,3724.2,62.8,3.0,157,80,252,,True,-3.3
1411,32.93831,-117.150205,3727.4,62.8,3.02,157,80,250,,True,-5.1
1412,32.938282,-117.150213,3730.2,62.6,3.06,157,80,247,,True,-4.7
1413,32.938259,-117.150221,3733.0,62.4,3.0,156,80,245,,True,-6.5
1414,32.938224,-117.150242,3736.9,62.2,3.12,156,80,245,,True,-6.8
1415,32.93821,-117.150265,3739.7,62.0,3.1,156,80,244,,True,-6.5
1416,32.938195,-117.150285,3742.0,61.8,2.92,155,80,245,,True,-5.2
1417,32.938168,-117.15031,3745.3,61.6,3.02,156,81,244,,True,-4.9
1418,32.938151,-117.150328,3748.5,61.6,3.1,156,82,244,,True,-1.5
1419,32.938122,-117.150356,3752.0,61.4,3.02,156,83,244,,True,0.0
1420,32.9381,-117.15037,3755.1,61.6,3.08,156,84,244,,True,0.0
1421,32.938078,-117.150379,3758.2,61.6,3.24,156,84,248,,True,1.6
1422,32.938039,-117.150385,3761.9,61.6,3.32,156,84,249,,True,0.0
1423,32.938016,-117.150391,3764.8,61.6,3.26,156,83,251,,True,0.0
1424,32.937985,-117.150393,3768.4,61.6,3.28,156,83,265,,True,-1.6
1425,32.937953,-117.150394,3771.7,61.6,3.32,156,83,265,,True,-1.5
1426,32.937931,-117.150408,3774.5,61.4,3.26,156,83,279,,True,-3.3
1427,32.937897,-117.150433,3778.0,61.4,3.22,157,82,279,,True,-3.4
1428,32.937879,-117.150441,3780.5,61.2,3.14,157,82,277,,True,-3.3
1429,32.937854,-117.150459,3783.5,61.2,3.02,157,82,265,,True,-3.5
1430,32.937829,-117.150486,3786.7,61.0,3.0,157,82,257,,True,-1.7
1431,32.937822,-117.150506,3789.4,61.0,2.98,157,82,258,,True,-1.7
1432,32.937811,-117.150545,3792.6,61.0,2.92,156,83,257,,True,1.8
1433,32.937802,-117.150567,3795.2,61.0,2.94,156,83,263,,True,3.4
1434,32.937794,-117.150594,3798.1,61.2,2.92,157,83,261,,True,5.3
1435,32.937782,-117.15063,3801.3,61.4,2.92,157,83,263,,True,5.2
1436,32.937777,-117.150653,3804.0,61.6,2.92,157,83,266,,True,3.6
1437,32.937763,-117.150679,3806.8,61.6,2.84,157,83,266,,True,3.7
1438,32.937749,-117.150702,3809.3,61.6,2.82,157,82,269,,True,1.9
1439,32.937734,-117.150726,3812.1,61.8,2.8,158,82,271,,True,1.9
1440,32.937718,-117.15075,3814.8,61.8,2.7,157,82,268,,True,1.8
1441,32.937701,-117.150771,3817.5,61.8,2.7,157,83,267,,True,0.0
1442,32.93769,-117.150794,3820.3,61.8,2.7,158,83,267,,True,-1.8
1443,32.937677,-117.150828,3823.5,61.8,2.84,158,83,268,,True,-3.6
1444,32.937668,-117.150844,3825.8,61.6,2.74,158,82,269,,True,-3.7
1445,32.937653,-117.150873,3828.6,61.4,2.76,157,82,269,,True,-3.9
1446,32.937641,-117.150896,3831.2,61.4,2.74,158,81,268,,True,-1.8
1447,32.93763,-117.150919,3833.7,61.4,2.68,159,81,266,,True,0.0
1448,32.937616,-117.15095,3836.8,61.4,2.66,159,82,264,,True,0.0
1449,32.937601,-117.150976,3839.6,61.4,2.76,159,83,262,,True,0.0
1450,32.937593,-117.151002,3842.6,61.4,2.8,159,82,264,,True,0.0
1451,32.937581,-117.151037,3845.7,61.4,2.9,160,82,265,,True,-1.7
1452,32.937572,-117.15106,3848.4,61.4,2.94,160,82,270,,True,-1.7
1453,32.937561,-117.15109,3851.7,61.2,2.98,160,82,272,,True,-3.3
1454,32.937554,-117.151127,3854.7,61.2,3.02,160,82,271,,True,-4.7
1455,32.937552,-117.151156,3857.7,61.0,3.02,160,81,274,,True,-3.1
1456,32.937546,-117.151195,3861.3,60.8,3.12,160,81,273,,True,-3.2
1457,32.937545,-117.151233,3864.7,60.8,3.26,160,81,273,,True,-1.6
1458,32.937553,-117.151253,3867.2,60.8,3.1,160,83,275,,True,0.0
1459,32.937548,-117.151296,3870.5,60.8,3.16,161,83,275,,True,0.0
1460,32.937545,-117.151324,3873.3,60.8,3.12,160,82,276,,True,0.0
1461,32.937541,-117.151354,3876.3,60.8,3.0,160,82,275,,True,0.0
1462,32.937528,-117.151398,3879.9,60.8,3.04,160,82,276,,True,0.0
1463,32.937523,-117.151421,3883.1,60.8,3.18,160,82,276,,True,0.0
1464,32.93751,-117.151457,3886.6,60.8,3.22,161,81,280,,True,0.0
1465,32.937502,-117.151486,3889.8,60.8,3.3,160,81,281,,True,0.0
1466,32.9375,-117.151507,3892.2,60.8,3.18,160,81,283,,True,-1.7
1467,32.937486,-117.151546,3895.3,60.8,3.08,161,81,281,,True,1.8
1468,32.937478,-117.151573,3898.2,60.6,3.02,161,81,279,,True,1.7
1469,32.937473,-117.151597,3900.8,61.0,2.84,161,81,281,,True,1.8
1470,32.937472,-117.151638,3904.1,61.0,2.86,160,81,281,,True,3.6
1471,32.937474,-117.151664,3906.6,61.0,2.88,161,81,280,,True,0.0
1472,32.937478,-117.151693,3909.3,61.0,2.8,161,81,279,,True,-1.9
1473,32.937488,-117.151726,3912.1,61.0,2.78,160,81,278,,True,-3.7
1474,32.937501,-117.151745,3914.5,60.8,2.74,160,81,278,,True,-5.5
1475,32.937511,-117.151772,3917.3,60.6,2.64,160,81,276,,True,-5.5
1476,32.937516,-117.151808,3920.3,60.4,2.74,160,81,272,,True,-1.7
1477,32.937527,-117.15183,3923.1,60.4,2.76,160,81,272,,True,0.0
1478,32.937541,-117.151863,3926.2,60.6,2.82,160,81,271,,True,3.8
1479,32.937556,-117.151878,3928.6,60.6,2.82,160,81,273,,True,3.8
1480,32.937575,-117.151887,3930.9,60.8,2.72,160,81,272,,True,3.4
1481,32.937602,-117.1519,3933.6,60.8,2.66,160,81,268,,True,3.3
1482,32.937616,-117.151904,3935.7,61.0,2.52,160,81,264,,True,2.0
1483,32.937632,-117.15192,3937.9,61.0,2.34,160,81,265,,True,1.7
1484,32.937653,-117.151951,3940.9,61.0,2.46,161,81,264,,True,0.0
1485,32.937663,-117.151966,3943.2,60.8,2.46,160,81,264,,True,0.0
1486,32.937677,-117.151988,3945.6,61.0,2.4,160,81,265,,True,0.0
1487,32.937697,-117.152013,3948.6,61.0,2.58,160,81,265,,True,1.8
1488,32.937715,-117.152021,3950.8,61.0,2.58,161,81,265,,True,0.0
1489,32.937737,-117.152049,3954.3,61.0,2.68,160,81,265,,True,0.0
1490,32.937747,-117.152071,3956.5,61.0,2.66,161,81,265,,True,0.0
1491,32.937755,-117.152095,3959.5,61.0,2.78,161,81,264,,True,0.0
1492,32.937754,-117.152138,3962.8,61.0,2.84,161,81,268,,True,1.6
1493,32.93775,-117.152164,3965.6,61.0,2.96,161,81,272,,True,1.7
1494,32.93775,-117.152195,3968.7,61.2,2.88,161,81,276,,True,0.0
1495,32.937745,-117.15223,3971.6,61.2,3.02,160,81,279,,True,-1.8
1496,32.937746,-117.152262,3974.3,61.0,2.96,160,80,280,,True,-3.5
1497,32.937757,-117.152288,3976.9,60.8,2.82,160,81,279,,True,-5.3
1498,32.937786,-117.152304,3980.0,60.8,2.88,160,81,278,,True,-3.7
1499,32.937809,-117.152302,3982.9,60.6,2.84,160,81,272,,True,-1.8
1500,32.93783,-117.152308,3985.0,60.6,2.68,160,81,268,,True,0.0
1501,32.937853,-117.152327,3987.9,60.6,2.72,159,81,264,,True,1.9
1502,32.937871,-117.152342,3990.6,60.8,2.74,160,81,260,,True,0.0
1503,32.937887,-117.152368,3993.4,60.8,2.68,160,81,260,,True,0.0
1504,32.937897,-117.152392,3995.8,60.6,2.58,160,81,261,,True,-1.7
1505,32.937912,-117.152417,3998.7,60.6,2.74,160,81,262,,True,-1.7
1506,32.937928,-117.152453,4002.1,60.6,2.84,159,81,264,,True,0.0
1507,32.937937,-117.152479,4005.1,60.6,2.9,159,81,263,,True,-1.6
1508,32.93795,-117.152507,4008.4,60.6,3.0,159,81,263,,True,-1.7
1509,32.937965,-117.152538,4011.5,60.4,3.14,160,82,263,,True,-3.5
1510,32.937977,-117.152554,4014.2,60.4,3.1,159,82,266,,True,-3.7
1511,32.937988,-117.152584,4016.6,60.2,2.9,159,82,266,,True,-1.9
1512,32.938,-117.152605,4019.1,60.2,2.8,159,82,266,,True,1.9
1513,32.938017,-117.152625,4021.9,60.2,2.7,160,82,264,,True,3.8
1514,32.93803,-117.152655,4024.7,60.6,2.64,160,82,264,,True,5.5
1515,32.938037,-117.152681,4027.1,60.6,2.58,160,83,262,,True,3.5
1516,32.938049,-117.152709,4030.0,60.8,2.68,160,83,262,,True,-1.8
1517,32.93807,-117.152738,4033.3,60.6,2.84,161,82,262,,True,-1.7
1518,32.93809,-117.152752,4036.1,60.4,2.84,161,82,261,,True,-5.1
1519,32.938113,-117.152767,4038.9,60.4,2.84,161,82,260,,True,-3.7
1520,32.938134,-117.15278,4041.8,60.2,2.94,161,82,256,,True,-1.9
1521,32.938154,-117.152788,4044.2,60.2,2.84,161,83,255,,True,-1.9
1522,32.938177,-117.152803,4046.7,60.2,2.68,161,83,254,,True,0.0
1523,32.938194,-117.152821,4049.3,60.2,2.64,161,82,254,,True,0.0
1524,32.93821,-117.152833,4051.6,60.2,2.54,162,82,252,,True,0.0
1525,32.938238,-117.152854,4054.6,60.2,2.56,162,81,252,,True,0.0
1526,32.93826,-117.152859,4057.1,60.2,2.58,161,81,251,,True,0.0
1527,32.938285,-117.152866,4060.4,60.2,2.74,161,81,249,,True,-1.8
1528,32.938319,-117.152873,4063.4,60.2,2.82,161,81,250,,True,0.0
1529,32.938334,-117.152869,4065.7,60.0,2.82,161,81,249,,True,0.0
1530,32.938367,-117.152863,4068.9,60.2,2.86,161,82,247,,True,0.0
1531,32.938396,-117.152864,4071.9,60.2,2.96,160,82,247,,True,3.1
1532,32.938417,-117.15286,4074.8,60.2,2.88,160,82,247,,True,1.6
1533,32.938458,-117.152867,4078.7,60.4,3.06,160,82,248,,True,1.6
1534,32.938481,-117.152866,4081.8,60.4,3.22,161,82,250,,True,0.0
1535,32.938504,-117.15288,4084.3,60.4,3.08,161,82,250,,True,-1.7
1536,32.938527,-117.152906,4087.9,60.2,3.2,161,82,250,,True,-1.6
1537,32.93855,-117.152919,4090.8,60.2,3.2,161,83,253,,True,0.0
1538,32.938581,-117.152935,4094.0,60.2,3.06,160,83,255,,True,1.6
1539,32.938606,-117.152952,4097.5,60.4,3.14,161,82,257,,True,3.3
1540,32.938624,-117.152964,4100.3,60.4,3.2,161,82,261,,True,5.3
1541,32.938649,-117.152977,4103.0,60.6,3.02,161,82,262,,True,4.8
1542,32.938669,-117.152982,4105.4,60.8,2.92,161,82,263,,True,4.9
1543,32.938687,-117.152987,4107.4,60.8,2.68,161,82,264,,True,3.3
1544,32.938709,-117.153003,4110.1,61.0,2.52,161,82,263,,True,3.5
1545,32.938731,-117.153003,4112.5,61.0,2.44,161,82,264,,True,3.4
1546,32.938757,-117.153004,4115.0,61.0,2.4,162,82,264,,True,3.3
1547,32.938774,-117.152999,4116.9,61.2,2.3,162,82,265,,True,3.4
1548,32.938792,-117.152992,4119.3,61.2,2.38,163,82,267,,True,5.0
1549,32.938819,-117.152978,4122.1,61.4,2.4,163,82,267,,True,4.0
1550,32.938832,-117.152967,4124.2,61.4,2.34,163,82,267,,True,3.9
1551,32.938854,-117.152959,4127.0,61.6,2.4,163,82,268,,True,3.3
1552,32.938882,-117.152957,4129.6,61.6,2.54,164,82,270,,True,3.9
1553,32.9389,-117.152951,4132.0,61.8,2.54,164,82,271,,True,3.3
1554,32.93892,-117.152946,4134.4,61.8,2.46,164,82,273,,True,5.4
1555,32.938944,-117.152944,4136.7,62.0,2.5,164,82,275,,True,3.7
1556,32.938962,-117.152936,4139.1,62.0,2.42,164,82,275,,True,6.1
1557,32.938973,-117.152934,4140.7,62.2,2.22,164,81,280,,True,4.8
1558,32.938996,-117.152918,4142.9,62.2,2.18,164,81,285,,True,4.1
1559,32.939005,-117.152908,4144.3,62.4,1.98,165,80,289,,True,3.5
1560,32.939022,-117.152894,4146.8,62.4,2.02,165,80,289,,True,3.2
1561,32.939041,-117.152882,4148.8,62.4,1.94,165,80,290,,True,1.8
1562,32.93905,-117.152869,4150.6,62.4,1.98,165,80,288,,True,3.8
1563,32.93907,-117.152844,4153.1,62.6,2.04,166,80,277,,True,3.5
1564,32.939079,-117.152827,4155.3,62.6,2.2,166,81,270,,True,3.5
1565,32.939086,-117.152808,4157.4,62.8,2.12,166,81,269,,True,1.8
1566,32.939108,-117.152784,4160.1,62.8,2.26,166,81,269,,True,3.6
1567,32.939121,-117.152777,4162.1,62.8,2.3,166,81,268,,True,1.8
1568,32.939134,-117.152763,4164.2,62.8,2.22,165,81,266,,True,3.6
1569,32.939152,-117.152744,4166.3,63.0,2.2,165,80,264,,True,3.4
1570,32.939165,-117.152729,4168.6,63.0,2.24,165,80,258,,True,5.1
1571,32.93918,-117.152713,4171.1,63.2,2.2,164,80,258,,True,3.3
1572,32.939206,-117.152696,4173.9,63.2,2.36,164,80,260,,True,3.3
1573,32.939218,-117.152688,4176.0,63.4,2.36,163,81,263,,True,1.7
1574,32.939239,-117.152682,4178.4,63.4,2.42,163,81,265,,True,1.6
1575,32.939267,-117.152673,4180.9,63.4,2.46,163,81,266,,True,0.0
1576,32.93928,-117.152661,4183.2,63.4,2.42,163,81,265,,True,2.0
1577,32.939303,-117.152645,4186.1,63.4,2.44,163,81,264,,True,5.2
1578,32.939326,-117.152637,4188.6,63.6,2.52,164,81,266,,True,6.9
1579,32.93934,-117.152627,4190.6,63.8,2.44,164,80,275,,True,7.8
1580,32.939357,-117.152621,4192.5,64.0,2.32,164,80,277,,True,8.9
1581,32.93938,-117.152609,4194.8,64.2,2.32,164,80,267,,True,9.4
1582,32.939388,-117.152602,4196.4,64.2,2.06,164,80,259,,True,11.2
1583,32.939397,-117.152595,4197.6,64.4,1.8,164,80,261,,True,11.3
1584,32.939412,-117.152592,4199.2,64.6,1.72,164,80,255,,True,12.2
1585,32.939436,-117.152591,4201.3,65.0,1.76,164,79,250,,True,15.1
1586,32.939445,-117.152585,4203.1,65.2,1.66,164,78,254,,True,15.0
1587,32.939457,-117.152582,4204.5,65.4,1.62,164,77,258,,True,15.0
1588,32.93948,-117.152575,4206.3,65.6,1.74,164,77,264,,True,13.3
1589,32.939498,-117.152571,4208.3,66.0,1.82,163,77,261,,True,10.8
1590,32.939509,-117.152567,4209.9,66.2,1.72,162,77,263,,True,10.2
1591,32.939523,-117.15256,4211.8,66.4,1.74,161,76,266,,True,8.4
1592,32.939547,-117.152548,4214.2,66.4,1.94,161,76,268,,True,9.3
1593,32.939564,-117.152544,4216.3,66.6,2.0,161,75,269,,True,9.2
1594,32.939574,-117.152541,4217.8,66.8,1.9,162,75,278,,True,8.9
1595,32.939581,-117.152534,4219.1,67.0,1.84,161,75,280,,True,9.6
1596,32.939602,-117.152525,4220.8,67.2,1.8,161,75,270,,True,10.8
1597,32.939619,-117.152518,4223.0,67.4,1.76,162,75,264,,True,10.7
1598,32.939628,-117.152513,4224.6,67.4,1.66,162,75,264,,True,10.8
1599,32.93964,-117.15251,4225.8,67.6,1.6,161,75,266,,True,10.7
1600,32.939657,-117.152495,4227.4,67.8,1.66,161,75,266,,True,11.1
1601,32.939668,-117.152491,4229.0,68.0,1.64,161,76,256,,True,10.6
1602,32.939677,-117.152484,4230.2,68.2,1.44,161,76,257,,True,9.9
1603,32.93969,-117.152475,4232.0,68.4,1.48,161,76,254,,True,8.8
1604,32.939702,-117.152463,4233.8,68.6,1.6,161,77,252,,True,8.8
1605,32.939716,-117.152438,4235.9,68.6,1.7,161,77,248,,True,7.9
1606,32.939716,-117.152423,4237.2,68.6,1.64,162,77,250,,True,7.9
1607,32.939718,-117.152405,4238.7,68.8,1.7,162,76,252,,True,6.7
1608,32.939719,-117.152389,4240.3,69.0,1.66,162,76,248,,True,6.7
1609,32.939722,-117.152378,4241.3,69.0,1.5,162,75,244,,True,5.9
1610,32.939721,-117.152368,4242.1,69.2,1.24,162,70,228,,True,6.5
1611,32.939722,-117.152363,4242.7,69.2,1.1,161,70,210,,False,4.7
1612,32.939728,-117.152357,4243.4,69.2,0.94,161,70,199,,False,5.1
1613,32.939748,-117.152341,4245.8,69.4,1.1,162,70,185,,True,3.9
1614,32.939786,-117.152337,4249.5,69.4,1.64,162,71,187,,True,5.8
1615,32.939808,-117.152328,4253.0,69.6,2.18,161,71,184,,True,5.9
1616,32.939843,-117.152321,4257.1,70.0,2.88,160,75,375,,True,7.9
1617,32.939863,-117.152319,4259.4,70.2,3.2,160,79,384,,True,8.4
1618,32.939882,-117.152309,4262.1,70.4,3.26,160,80,393,,True,7.6
1619,32.93991,-117.1523,4264.9,70.6,3.08,159,80,345,,True,5.8
1620,32.939932,-117.152298,4267.6,70.8,2.92,159,81,315,,True,3.7
1621,32.939949,-117.152292,4269.8,70.8,2.54,160,81,316,,True,2.0
1622,32.939979,-117.152282,4272.8,70.8,2.68,161,81,309,,True,1.8
1623,32.939994,-117.15228,4274.9,70.8,2.56,161,81,306,,True,1.9
1624,32.940009,-117.152273,4276.9,70.8,2.4,161,81,283,,True,2.0
1625,32.940032,-117.152266,4278.9,71.0,2.26,162,80,279,,True,3.2
1626,32.940047,-117.152268,4280.6,71.0,2.16,162,80,263,,True,4.0
1627,32.940063,-117.152261,4282.6,71.0,1.96,162,80,258,,True,3.9
1628,32.940088,-117.152252,4285.2,71.2,2.06,162,80,246,,True,3.5
1629,32.940104,-117.152249,4287.0,71.2,2.02,162,80,242,,True,5.0
1630,32.940124,-117.152242,4289.2,71.4,2.06,161,79,246,,True,3.3
1631,32.940151,-117.152234,4292.1,71.4,2.3,162,80,245,,True,3.9
1632,32.940172,-117.152234,4294.6,71.6,2.4,161,80,245,,True,3.6
1633,32.940191,-117.152229,4297.2,71.6,2.4,161,80,255,,True,3.8
1634,32.940224,-117.152222,4300.2,71.8,2.64,161,80,257,,True,3.8
1635,32.940244,-117.152226,4302.7,71.8,2.7,161,80,259,,True,3.7
1636,32.940264,-117.15222,4305.1,72.0,2.6,161,80,265,,True,3.7
1637,32.940297,-117.15221,4308.0,72.0,2.68,161,80,262,,True,3.4
1638,32.94032,-117.15223,4311.1,72.2,2.78,161,80,260,,True,1.7
1639,32.940337,-117.152251,4314.3,72.2,2.82,161,80,261,,True,4.0
1640,32.940348,-117.152267,4316.6,72.2,2.78,161,79,264,,True,5.8
1641,32.940352,-117.152274,4317.6,72.2,2.5,161,79,269,,True,5.4
1642,32.940351,-117.152276,4318.0,72.4,2.0,161,79,272,,False,5.0
1661,32.940343,-117.152276,4318.0,72.6,0.02,155,0,0,,False,5.8
1662,32.940362,-117.152265,4319.6,72.6,0.08,154,0,0,,True,6.3
1663,32.940381,-117.152253,4322.2,72.8,0.2,153,0,0,,True,3.2
1664,32.940423,-117.152244,4326.3,72.8,0.377,152,0,0,,True,3.8
1665,32.940454,-117.152236,4330.4,73.0,0.539,152,0,0,,True,3.6
1666,32.940502,-117.152231,4335.2,73.2,0.539,151,0,0,,True,3.7
1667,32.940532,-117.152223,4339.0,73.4,3.88,151,86,376,,True,2.7
1668,32.940567,-117.152216,4342.7,73.4,4.1,152,86,389,,True,1.4
1669,32.940593,-117.152222,4345.1,73.4,3.76,152,87,395,,True,-2.7
1670,32.9406,-117.152282,4349.9,73.4,3.9,153,86,357,,True,-3.6
1671,32.940607,-117.152323,4353.9,73.0,3.74,154,87,361,,True,-3.2
1672,32.940611,-117.152376,4359.2,72.8,4.04,154,87,394,,True,-4.3
1673,32.940618,-117.152431,4364.1,72.8,4.28,155,87,437,,True,-1.0
1674,32.940617,-117.152474,4368.6,72.6,4.7,156,87,490,,True,0.0
1675,32.940619,-117.152529,4373.4,72.8,4.7,156,87,494,,True,0.0
1676,32.940621,-117.152564,4377.6,72.8,4.74,156,87,503,,True,1.2
1677,32.940624,-117.152617,4381.8,72.8,4.52,157,88,491,,True,1.3
1678,32.940629,-117.152645,4385.0,72.8,4.18,158,88,458,,True,4.1
1679,32.940632,-117.152689,4389.2,73.0,4.12,159,87,454,,True,7.4
1680,32.940631,-117.152721,4392.1,73.4,3.74,160,87,428,,True,8.7
1681,32.940634,-117.152756,4395.4,73.8,3.56,161,87,428,,True,9.4
1682,32.940634,-117.152793,4398.8,74.0,3.4,162,87,422,,True,7.3
1683,32.940638,-117.152825,4402.0,74.2,3.4,162,87,421,,True,3.0
1684,32.940644,-117.152869,4405.8,74.4,3.32,163,86,423,,True,0.0
1685,32.940645,-117.152896,4408.9,74.2,3.36,164,85,406,,True,-1.6
1686,32.940645,-117.15293,4411.9,74.0,3.3,164,85,381,,True,-3.4
1687,32.940645,-117.152962,4414.7,74.0,3.18,165,84,373,,True,-1.6
1688,32.940646,-117.152991,4417.6,74.0,3.12,165,84,366,,True,1.6
1689,32.940645,-117.153038,4421.2,74.0,3.08,165,84,358,,True,4.5
1690,32.94065,-117.153065,4424.4,74.2,3.1,166,84,355,,True,6.0
1691,32.940647,-117.153099,4428.0,74.6,3.22,166,84,369,,True,8.3
1692,32.940652,-117.153137,4430.9,74.8,3.24,167,84,374,,True,6.4
1693,32.940653,-117.153158,4433.3,75.0,3.14,167,84,370,,True,3.4
1694,32.940649,-117.153198,4436.9,75.0,3.14,168,83,363,,True,3.6
1695,32.94065,-117.153223,4439.6,75.0,3.04,168,83,349,,True,1.8
1696,32.940652,-117.153247,4442.0,75.2,2.8,168,83,346,,True,3.8
1697,32.940653,-117.153282,4444.6,75.2,2.74,167,83,350,,True,3.4
1698,32.940653,-117.153309,4447.5,75.4,2.84,168,83,343,,True,3.4
1699,32.940648,-117.153351,4451.2,75.4,2.86,168,83,338,,True,3.4
1700,32.940643,-117.153377,4453.6,75.6,2.8,168,84,337,,True,3.4
1701,32.940649,-117.153399,4456.3,75.6,2.86,168,84,341,,True,3.8
1702,32.940648,-117.153443,4459.3,75.8,2.94,169,83,344,,True,3.7
1703,32.94065,-117.153462,4461.7,75.8,2.84,169,83,343,,True,3.5
1704,32.940652,-117.153493,4464.5,76.0,2.66,169,83,344,,True,3.5
1705,32.940652,-117.153526,4467.7,76.0,2.82,169,83,341,,True,4.7
1706,32.940652,-117.153556,4470.8,76.2,2.9,169,83,344,,True,3.0
1707,32.940653,-117.153604,4474.5,76.4,3.04,169,82,346,,True,4.4
1708,32.940655,-117.153634,4478.0,76.4,3.26,169,83,344,,True,4.3
1709,32.940657,-117.153677,4481.4,76.6,3.38,168,83,360,,True,2.9
1710,32.940657,-117.153708,4484.6,76.8,3.38,169,84,363,,True,3.0
1711,32.940653,-117.153747,4488.2,76.8,3.48,169,84,363,,True,3.0
1712,32.940656,-117.153784,4491.4,76.8,3.38,169,85,363,,True,1.5
1713,32.940657,-117.153814,4494.8,77.0,3.36,169,85,358,,True,1.6
1714,32.940658,-117.153851,4497.9,77.0,3.3,169,85,355,,True,1.7
1715,32.940662,-117.153883,4500.9,77.0,3.26,169,85,355,,True,1.7
1716,32.940668,-117.15391,4503.5,77.0,3.06,169,84,355,,True,1.8
1717,32.94068,-117.153941,4506.4,77.2,3.0,169,83,356,,True,3.7
1718,32.940693,-117.153963,4508.9,77.2,2.82,169,83,354,,True,5.7
1719,32.940706,-117.153987,4511.7,77.4,2.76,169,84,353,,True,7.8
1720,32.940729,-117.154001,4514.0,77.6,2.62,170,84,351,,True,7.5
1721,32.940745,-117.154014,4516.7,78.0,2.64,170,84,351,,True,8.3
1722,32.94076,-117.154043,4519.5,78.0,2.62,170,84,349,,True,6.4
1723,32.940772,-117.154058,4521.5,78.2,2.52,170,83,346,,True,3.3
1724,32.940788,-117.154073,4523.8,78.4,2.42,170,83,342,,True,3.3
1725,32.940814,-117.154087,4526.5,78.4,2.5,170,83,328,,True,1.9
1726,32.940831,-117.154089,4528.9,78.4,2.44,170,82,314,,True,0.0
1727,32.940852,-117.154082,4531.8,78.4,2.46,171,82,310,,True,1.9
1728,32.940873,-117.154087,4533.5,78.4,2.4,170,82,306,,True,3.7
1729,32.940887,-117.154082,4535.1,78.4,2.26,171,81,298,,True,5.9
1730,32.940909,-117.154083,4537.0,78.6,2.1,171,81,285,,True,7.3
1731,32.940932,-117.154092,4539.6,78.8,2.14,170,81,277,,True,8.1
1732,32.94095,-117.154097,4542.0,79.0,2.04,170,81,283,,True,7.6
1733,32.940976,-117.1541,4544.5,79.2,2.2,170,81,290,,True,7.8
1734,32.940998,-117.154109,4547.5,79.4,2.48,170,81,290,,True,8.0
1735,32.941016,-117.154112,4549.8,79.6,2.56,170,81,296,,True,6.8
1736,32.941042,-117.154121,4552.0,79.8,2.48,171,81,306,,True,5.6
1737,32.941061,-117.154124,4554.4,79.8,2.48,171,80,304,,True,5.9
1738,32.941075,-117.154119,4556.2,80.0,2.34,171,80,299,,True,4.3
1739,32.941094,-117.154107,4558.2,80.0,2.14,171,80,298,,True,4.3
1740,32.941109,-117.154103,4559.9,80.2,2.02,171,81,289,,True,5.9
1741,32.941117,-117.154097,4561.2,80.2,1.84,171,81,282,,True,4.0
